scenario,seed,itt_hr,itt_hr_lo,itt_hr_hi,itt_h1a_p,itt_tr_b,itt_tr_se,itt_tr_p,itt_tr_n,itt_el_wp,itt_el_mp,itt_el_low,itt_gl_wp,itt_gl_mp,itt_gl_low,itt_il_wp,itt_il_mp,itt_tost_p,itt_hid_diff,itt_ptost_p,itt_pdiff,itt_v2_p,itt_v2_lo,itt_v2_hi,itt_v2_fb,itt_st_hr,itt_st_p,itt_st_lo,itt_st_hi,itt_st_fb,itt_jk_fail_frac,itt_jk_invalid,ok
S2_N160,7500000,3.559447574639863,2.7746186453838457,4.566273299463414,1.6891491092897597e-23,-1.7233671072938348,0.2675448748349952,1.3763521479559178e-09,160,6.02682356957012e-06,1.2682705640312826e-06,True,0.027641815166065144,0.03489799536289545,True,0.523175356356895,0.3975505863214164,0.0002568957229586879,0.03749999999999998,2.3610407165305767e-05,0.0375,1.6891491092897597e-23,2.7746186453838457,4.566273299463414,0,4.081936141102675,2.0079019654673767e-24,3.1151009331174073,5.3488484058093295,0,,0,1
S2_N160,7500001,2.4592360327857605,1.8900374615872606,3.199852906551834,2.0911083951585065e-11,-1.5787866542394704,0.27823244090911514,6.539535717391878e-08,160,1.1108758838296516e-08,3.4961469415571083e-10,True,0.0010146157990534785,0.001028472207051674,True,0.6190200499456652,0.689852265869286,1.7265449690159592e-05,-0.006249999999999978,1.2652984085046772e-05,-0.00625,2.0911083951585065e-11,1.8900374615872606,3.199852906551834,0,2.5766413995880764,6.9150794267592485e-12,1.9660830323863856,3.376805960230907,0,,0,1
S2_N160,7500002,3.1350988240794933,2.4038806687930765,4.088740661856322,3.3725422021585566e-17,-0.7783267405333998,0.24383513270573068,0.0017068419415195376,160,1.429104412728161e-05,2.308833755507436e-06,True,0.00832145198349113,0.004242820369699727,True,0.801856646177427,0.7047344257323844,6.820164247949931e-05,0.025000000000000022,3.212521962305957e-05,0.025,3.3725422021585566e-17,2.4038806687930765,4.088740661856322,0,3.1916740446763843,1.4117674708981314e-16,2.4236910089616823,4.203004083356717,0,,0,1
S2_N160,7500003,3.5435874843112285,2.6650539361475776,4.711729128123669,3.2312417545153137e-18,-1.1193895966659944,0.25380270925837706,1.906415038831573e-05,160,3.3807887675136064e-05,1.8988385997915172e-05,True,0.0007162170678976014,0.000879119099781272,True,0.6098599184758159,0.7723349302190387,0.00043152314065773736,0.07500000000000007,0.00035050868065868043,0.075,3.2312417545153137e-18,2.6650539361475776,4.711729128123669,0,4.134094583947443,4.766734964554539e-20,3.0522877728250823,5.599320673884245,0,,0,1
S2_N160,7500004,2.7837021743880426,2.135779074214735,3.62818321859521,3.6357027178404006e-14,-1.374932050003055,0.25529887118904526,2.592133100145372e-07,160,1.0578875087487116e-06,4.994128429650321e-07,True,0.0264274650925935,0.015241039878777856,True,0.26814454487999906,0.4169789168117751,0.007296713149110108,0.11250000000000004,0.005356841207133959,0.1125,3.6357027178404006e-14,2.135779074214735,3.62818321859521,0,2.874603456612402,7.20490760270574e-13,2.154362161275844,3.8356341293491236,0,,0,1
S2_N160,7500005,2.9546513073814555,2.298000287385453,3.798939624217128,2.9577642982003834e-17,-1.1973479825724564,0.2560098254079991,6.237212048074845e-06,160,6.427826449039854e-10,3.5149147482221107e-10,True,0.008136226457101305,0.015854411275782423,True,0.2386189744023257,0.3534462436472332,0.00014168171338980624,0.03749999999999998,0.00023229345634865326,0.0375,2.9577642982003834e-17,2.298000287385453,3.798939624217128,0,3.2946567285720776,1.6099779972476308e-18,2.524885777739526,4.299110500294906,0,,0,1
S2_N160,7500006,3.0413767459365633,2.4110759049606223,3.8364501472942005,6.153846251548824e-21,-1.5939650221433284,0.2662941533819828,1.4112989706529402e-08,160,0.0021194464209074886,0.002567169861758599,True,0.001016748694159246,0.0003441679754122894,True,0.0571428672442256,0.07783362343604684,0.00048231631254561905,-0.043749999999999956,7.99580350077684e-05,-0.04375,6.153846251548824e-21,2.4110759049606223,3.8364501472942005,0,3.099523084202423,1.0062072567885833e-19,2.428527198226815,3.9559134262602726,0,,0,1
S2_N160,7500007,2.8254317120068504,2.19734784363038,3.6330453470783337,5.620013372374921e-16,-1.7625000000000026,0.23306981116324268,3.1184840184989276e-12,160,6.890754877255476e-06,1.1800631245656018e-05,True,1.5079987973695404e-05,1.5221836726839195e-05,True,0.73053536760929,0.6947408148969872,0.015947203007408987,-0.125,0.007170624738013778,-0.125,5.620013372374921e-16,2.19734784363038,3.6330453470783337,0,3.0057524101763984,2.0795567436062626e-15,2.290445833300304,3.944449338172449,0,,0,1
S2_N160,7500008,3.450186132788584,2.5359940077502534,4.6939323651820475,3.1505582196343105e-15,-1.603209765404079,0.2460662764074376,9.351222552003917e-10,160,0.0003187775661757467,0.00030342429071474416,True,0.023142614989198753,0.011640156729616742,True,0.8248411460731855,0.8304747601176954,5.008683001586817e-05,-0.025000000000000022,4.81840859959809e-05,-0.025,3.1505582196343105e-15,2.5359940077502534,4.6939323651820475,0,3.5509631475370558,2.1057800834452262e-14,2.56586809365029,4.914258572516021,0,,0,1
S2_N160,7500009,2.736101547196538,,,,-1.3272827015809088,0.25506025885252454,6.026362677854376e-07,160,5.006775624329273e-07,7.330380639571447e-08,True,0.018312407324078905,0.023471665375849163,True,0.4051812990608872,0.4297446447814719,0.002673040625162531,0.08125000000000004,0.0013389579928001234,0.08125,1.5422807380032277e-12,2.112000957921349,3.5446251330962117,1,3.1015097519429147,2.119488220726059e-12,2.3131510262934554,4.158553692367794,1,0.0,0,1
S2_N160,7500010,2.0296592109926217,1.572756265087848,2.6192974742574564,5.3295147486420686e-08,-1.9252129874361874,0.2572238587652096,4.822598399758186e-12,160,3.2126953397089814e-07,2.274256713204256e-08,True,0.0008138384718741693,0.001116092266088227,True,0.44538483716517496,0.6254093196882218,2.848862522105307e-05,-0.018749999999999933,2.914340744163405e-05,-0.01875,5.3295147486420686e-08,1.572756265087848,2.6192974742574564,0,2.1073168222097594,2.220337639996238e-07,1.589413054121331,2.7939774230829006,0,,0,1
S2_N160,7500011,2.47387290013381,1.9181084203839474,3.190667983612427,3.012104794380249e-12,-1.4562219861217158,0.25852563097738523,7.994399457650902e-08,160,8.31276277978558e-07,2.0961854051828714e-07,True,0.0006006166154593456,0.0005260852857681425,True,0.4830617686163139,0.5626679910586444,4.702335629073061e-05,-0.018750000000000044,4.3185398119310516e-05,-0.01875,3.012104794380249e-12,1.9181084203839474,3.190667983612427,0,2.6461142098537622,3.665801634172195e-11,1.98349554965141,3.5300913142056483,0,,0,1
S2_N160,7500012,2.190276214934797,1.7204198135630013,2.78845306238007,1.9646620424685019e-10,-1.1078802121901177,0.28421653662705737,0.0001433399746536337,160,3.978726512403572e-07,3.3835373178689423e-08,True,0.02162916538626949,0.011033974601173826,True,0.429048288256379,0.4975670438571539,2.529989124252554e-05,0.0,3.0386094970011283e-05,0.0,1.9646620424685019e-10,1.7204198135630013,2.78845306238007,0,2.188512469046674,2.8414395810598283e-09,1.6901409257144868,2.8338387375289606,0,,0,1
S2_N160,7500013,2.765823765615929,2.1458550061026536,3.56491052782712,3.954669672453735e-15,-1.8512926166074066,0.28280671705264265,7.955838275035302e-10,160,1.9030639457058038e-06,6.23614310318278e-06,True,0.011406615121862876,0.024145102366973276,True,0.5248031473994246,0.5464812145732388,0.0003058221050827549,0.050000000000000044,0.0005206029647522029,0.05,3.954669672453735e-15,2.1458550061026536,3.56491052782712,0,2.904940253393462,1.146391223554528e-14,2.2160712366927147,3.8079452212825218,0,,0,1
S2_N160,7500014,3.0616927912646363,2.339875527733213,4.00618008820452,3.438455184552439e-16,-1.5162764840083056,0.2643042303363016,4.825624952766859e-08,160,1.0611734432791097e-07,6.447884627672653e-08,True,0.0006815926170613633,0.0005097362556485109,True,0.1490564544035054,0.25669766955019335,0.001464064444190985,0.07499999999999996,0.0007859829466298219,0.075,3.438455184552439e-16,2.339875527733213,4.00618008820452,0,3.3956502670946307,1.4473082597321847e-16,2.5407115069793402,4.538272332276093,0,,0,1
S2_N160,7500015,2.985875740564443,,,,-1.5499999999999967,0.28492784085334666,2.0066594052703483e-07,160,1.17315356354277e-07,1.1058732327111942e-08,True,8.884669029696868e-05,0.00039967796064063673,True,0.8885074421785839,0.9221045542734335,7.500010513718274e-05,0.018750000000000044,1.4987556421764579e-05,0.01875,1.6777146394789123e-12,2.252366416554897,3.9582609084217646,1,3.2072583063062345,3.283051589106343e-14,2.4339997935617395,4.226173671246621,1,0.0,0,1
S2_N160,7500016,3.3065275637980944,2.564270058202692,4.263640054284936,2.9746724270710537e-20,-1.2780611043221217,0.2704006505509477,5.041539173842901e-06,160,4.26471944492507e-07,1.8203363279560824e-07,True,0.01131968806281982,0.038365544751626,True,0.29254898931672146,0.30927892782612765,0.00021379177559721434,0.03750000000000009,0.00034693357750134146,0.0375,2.9746724270710537e-20,2.564270058202692,4.263640054284936,0,3.569454829241116,7.21286769183724e-21,2.7353883839580475,4.657842320569031,0,,0,1
S2_N160,7500017,2.3549232230196444,1.820611873759864,3.046043731915534,6.869069456365848e-11,-1.596344571589149,0.24482806896957546,9.113503373986391e-10,160,0.00013275445135542275,3.199314714423538e-05,True,0.041298588891362495,0.03488716451618942,True,0.4062410934586237,0.4540632440189506,1.0872253188286628e-05,0.012499999999999956,1.0914240580458559e-05,0.0125,6.869069456365848e-11,1.820611873759864,3.046043731915534,0,2.6655111124030957,3.805842575504626e-12,2.0211863585479204,3.5152372072453493,0,,0,1
S2_N160,7500018,1.958117704896591,,,,-1.4145410089324106,0.2797195503779851,1.1749682133322332e-06,160,3.3251188307550435e-08,3.990947923893124e-09,True,0.0004384214534866838,0.0006551169549370098,True,0.2056704042406725,0.29851166317449707,9.984276110875286e-05,0.043749999999999956,0.00011750682731492964,0.04375,8.536117940123245e-07,1.5113762815634488,2.5369095658052565,1,1.9979695126624164,2.0620228957281693e-06,1.514049292030262,2.6365602457867046,1,0.0,0,1
S2_N160,7500019,3.7969474934693137,2.9153648149018805,4.945113625050083,4.262489355433532e-23,-1.0767451978388456,0.2600738743408061,5.648938216817131e-05,160,4.699012406132426e-05,3.0796571462682914e-05,True,0.0016113777730468854,0.0015274108706125145,True,0.8315786367336746,0.795844465631619,0.0020208599228797547,0.08125000000000004,0.0016976763569097315,0.08125,4.262489355433532e-23,2.9153648149018805,4.945113625050083,0,4.072711190590652,4.399851009368001e-22,3.063083245116757,5.415124276627378,0,,0,1
S2_N160,7500020,2.41080004856663,1.856045298308749,3.1313658559221533,4.249848538972062e-11,-1.8825618657646426,0.2412441572481622,7.924837398981557e-13,160,9.602333288203883e-06,1.0643071977449886e-06,True,0.001727344864173496,0.0023866599530915356,True,0.04633768944906378,0.07907364558005904,5.32023513405403e-05,-0.006249999999999978,0.00023767700855597057,-0.00625,4.249848538972062e-11,1.856045298308749,3.1313658559221533,0,2.5912475971357347,3.527327794349563e-08,1.8734078650711785,3.5841442938570163,1,0.0,0,1
S2_N160,7500021,3.2306034686365126,2.4165354718451146,4.318909816621637,2.4456506762868953e-15,-1.4934013097596295,0.246511839746692,9.813144660621051e-09,160,4.5544886893576974e-05,2.7434637386658625e-05,True,0.00045306919648217055,0.0001566819689275851,True,0.6020792166033155,0.7605594979374973,0.00045683085046098514,-0.043749999999999956,1.4086741373528327e-05,-0.04375,2.4456506762868953e-15,2.4165354718451146,4.318909816621637,0,3.5419836737351855,1.1200951465687995e-15,2.5995652215383616,4.826056388607315,0,,0,1
S2_N160,7500022,2.459254569430668,,,,-1.2140948519619839,0.27636435143072585,2.0472472729903426e-05,160,0.0006206472850379641,0.00029409941203445585,True,0.04764459574030407,0.050067526934880625,True,0.7655877333146734,0.7189316687613856,7.623905096658681e-05,0.03125,1.3174106413083257e-05,0.03125,2.7755071550248836e-10,1.8891802369357125,3.201353115505531,1,2.4682284626686526,3.1087900099154107e-09,1.8576755479025806,3.279448744860769,1,0.0,0,1
S2_N160,7500023,2.465471302678846,1.9143887896451968,3.1751903151603247,2.7275754885003407e-12,-1.6478691910499137,0.26161523280080706,2.8805425633463115e-09,160,1.6048262321829463e-05,3.799745746591519e-05,True,0.0002730661972066831,0.00022363825068667586,True,0.6027404196521151,0.7538869400406891,0.00015363288742501431,0.03750000000000009,0.00017264219052445933,0.0375,2.7275754885003407e-12,1.9143887896451968,3.1751903151603247,0,2.6582871920266617,1.9876021660844853e-13,2.0481938815164384,3.4501083413358877,0,,0,1
S2_N160,7500024,2.843652254039666,2.195881824439043,3.682510621431371,2.3042319929221226e-15,-1.212284411641771,0.24907280771804832,2.7342227281147737e-06,160,0.0029862483210755892,0.0007339247648389871,True,0.00015261006492987066,0.00018774027100899567,True,0.5519636343688239,0.6573757588214724,0.0001194582175303621,-0.03749999999999998,5.912788710450093e-05,-0.0375,2.3042319929221226e-15,2.195881824439043,3.682510621431371,0,3.133404438395945,3.697468881964193e-15,2.3572482210893093,4.165120705880648,0,,0,1
S2_N160,7500025,2.5237421505096047,1.9806886273393287,3.2156868850278255,6.97256550513541e-14,-1.7633550216202996,0.2681234820724293,6.775634327696549e-10,160,0.00995645959832291,0.008548043870771713,True,0.0005837308683841623,0.0007569255543818464,True,0.7377467614699412,0.5942113109699481,1.5139374805992434e-05,0.0,1.7405235176258056e-05,0.0,6.97256550513541e-14,1.9806886273393287,3.2156868850278255,0,2.6718841803267326,7.100299751910474e-13,2.0429894758279183,3.4943719277786305,0,,0,1
S2_N160,7500026,2.801581826896463,2.157263801127993,3.6383407206353247,1.1103277759885007e-14,-1.7348938633732145,0.2749069508513925,2.7077167521403787e-09,160,8.440396152150729e-07,5.8741887325779993e-08,True,0.001963793592563115,0.0009190765663870587,True,0.5875336464498103,0.45706436613241164,0.00021638490538609725,-0.03125,0.00047769777124153983,-0.03125,1.1103277759885007e-14,2.157263801127993,3.6383407206353247,0,2.896600270654542,4.5801514440135195e-14,2.197241155046394,3.8185581535672672,0,,0,1
S2_N160,7500027,2.6943260827324793,,,,-1.574999999999998,0.2580480537276677,7.804344858637193e-09,160,1.0761437391182544e-05,7.808937251263378e-06,True,0.003730178710642906,0.002450066873455717,True,0.3234761401212318,0.3143879315225864,1.0403385670348061e-05,0.0,1.7405235176258056e-05,0.0,1.0639899838765723e-12,2.092481499438935,3.4692746588388177,1,2.7826873352993573,2.215690581740049e-10,2.065454188410504,3.7489811439460823,1,0.0,0,1
S2_N160,7500028,3.254971740112156,2.471951814520381,4.286022472887245,4.2434029454161756e-17,-1.3269141584068394,0.2771771529292167,3.877282913338781e-06,160,1.4429212179020556e-05,2.9081035659668745e-05,True,0.07173702924414121,0.1778396268606195,True,0.004862090106931683,0.003720382721225384,0.0010997434289240667,0.07500000000000007,0.0020136879364177672,0.075,4.2434029454161756e-17,2.471951814520381,4.286022472887245,0,3.710391062366712,7.503773603523527e-19,2.776880710283565,4.957721728811656,0,,0,1
S2_N160,7500029,3.139805656442173,2.3772180784779104,4.147023636358347,7.633806401392605e-16,-0.787294311848985,0.2665321516526752,0.0036214674807477053,160,1.9538301181134386e-05,6.307754451054845e-06,True,0.0010537550579410072,0.0012809448434514476,True,0.46363403502801637,0.4039082661428254,0.0013267493671669985,0.08124999999999993,0.0015119316860543158,0.08125,7.633806401392605e-16,2.3772180784779104,4.147023636358347,0,3.6011771098177823,3.2428805211517494e-17,2.6741536728720603,4.849562950639003,0,,0,1
S2_N160,7500030,3.0621626693447093,2.346838422914413,3.9955201525479205,1.6601354817464024e-16,-1.7502478959079018,0.26403904533450273,5.146283798407245e-10,160,8.917419391229723e-06,1.691976230583121e-06,True,0.004708122458602748,0.0018826411432481688,True,0.8491750863804881,0.8105051092027044,0.00035112004627474804,-0.050000000000000044,0.00022163623248806555,-0.05,1.6601354817464024e-16,2.346838422914413,3.9955201525479205,0,3.2706917618307862,2.4624977037938934e-16,2.463695213550676,4.34202434703384,0,,0,1
S2_N160,7500031,2.7048756427703116,2.0441657236497135,3.579138500468189,3.316445327456819e-12,-1.4767697615320603,0.25240293403750813,2.7585130928918746e-08,160,1.2758790737366245e-05,2.8556165433213175e-06,True,0.014620568390957026,0.03285251081656403,True,0.18380639567467627,0.2757207086020903,0.010095061955200945,0.11874999999999991,0.004439339358530231,0.11875,3.316445327456819e-12,2.0441657236497135,3.579138500468189,0,3.0019835373151667,7.626364535480408e-13,2.222614051264961,4.054642394248482,0,,0,1
S2_N160,7500032,3.220411261843521,2.45702457751072,4.220978817361192,2.409971269372756e-17,-1.4237215497960793,0.2721221473892722,5.295418045521752e-07,160,0.001110491326614957,0.00022314743905810675,True,0.00176581322397975,0.0026678431053175997,True,0.8756148576474205,0.5442437754923881,9.93475660070101e-05,0.03125,5.351497382452205e-05,0.03125,2.409971269372756e-17,2.45702457751072,4.220978817361192,0,3.208327802177089,2.9031864492573155e-15,2.4021110205388405,4.285133866924046,0,,0,1
S2_N160,7500033,3.171913758516067,2.4807642811242294,4.055619861998365,3.396461203830993e-20,-1.4619852621161291,0.2763629294874698,4.046893634092062e-07,160,5.755957482173468e-06,8.130337299929674e-06,True,0.00022258525557609295,0.001270530667280778,True,0.8904685343534374,0.8694701505607494,0.0007415260574872958,0.05625000000000002,0.0001757794788103484,0.05625,3.396461203830993e-20,2.4807642811242294,4.055619861998365,0,3.5089048245149304,1.365523480438761e-21,2.711580164864804,4.540678246227706,0,,0,1
S2_N160,7500034,2.797524355073785,2.1542881540665673,3.6328206616454204,1.1900027420028247e-14,-1.4295225107872698,0.2594938823759257,1.4474917985905699e-07,160,1.9856302758560463e-09,1.6334063788181088e-10,True,0.14362877852535963,0.24861256724282688,True,0.2372866979558711,0.3160259877653564,5.988642168597518e-05,0.03125,0.00011058795365749597,0.03125,1.1900027420028247e-14,2.1542881540665673,3.6328206616454204,0,3.0459673794149698,1.781025721740525e-15,2.3150215077053398,4.007702410357481,0,,0,1
S2_N160,7500035,2.6762890875689775,2.0556189420878574,3.4843633387450392,2.620991177609595e-13,-1.441114918921916,0.24917570650678675,3.8410886063310606e-08,160,4.1681169283991976e-07,9.086254077609744e-08,True,0.0009444888528783236,0.0003600417173460645,True,0.5524594669042183,0.473161822078887,5.4063015843767406e-05,-0.018749999999999933,4.318539811931063e-05,-0.01875,2.620991177609595e-13,2.0556189420878574,3.4843633387450392,0,2.970438390704906,5.129179318740464e-15,2.2613686168578506,3.9018425245653763,0,,0,1
S2_N160,7500036,2.6133259426802606,2.0807594177334816,3.282201884793026,1.4349306891904927e-16,-1.926215443349033,0.26824712858967587,2.6107299380973155e-11,160,2.866986300850146e-05,0.00017064111329326913,True,0.03014948463190811,0.02705794181858309,True,0.5475729335840227,0.6104751873960501,0.0003863762187342581,0.04999999999999993,0.0005881620865656443,0.05,1.4349306891904927e-16,2.0807594177334816,3.282201884793026,0,2.791146521095412,6.012079527139226e-15,2.1568529862717916,3.6119749244890427,0,,0,1
S2_N160,7500037,2.5819220077274703,2.003437481869135,3.3274416168794114,2.3223225879672926e-13,-1.3911488840674964,0.24456491508633563,6.112811947534879e-08,160,2.2999037747146433e-08,1.973239291968715e-09,True,6.479308675313201e-05,2.298775300094996e-05,True,0.8607188846270497,0.8638253571564971,0.0017880746187525127,-0.08749999999999991,0.0003474503033799212,-0.0875,2.3223225879672926e-13,2.003437481869135,3.3274416168794114,0,2.690444041166518,1.4214875532564502e-12,2.0458225127353518,3.5381804108560013,0,,0,1
S2_N160,7500038,2.715405158622508,2.0607599817691837,3.578012597635735,1.272758056650962e-12,-1.4463816469756285,0.2711947453267562,3.3090982487881483e-07,160,8.916763751389998e-05,2.0011859700226774e-05,True,0.037027740358126185,0.026712772999766342,True,0.6514022650720734,0.7421625699471233,1.2977865362565163e-05,0.012500000000000067,1.7300630174154504e-05,0.0125,1.272758056650962e-12,2.0607599817691837,3.578012597635735,0,2.8879880257253636,1.6204340753051316e-13,2.178811869058963,3.8279921984890617,0,,0,1
S2_N160,7500039,2.375180849498726,1.8372759012057231,3.0705698932442482,4.036469205408642e-11,-1.2836870309621145,0.2604799602542036,2.0893865166877277e-06,160,3.0703986186932157e-06,5.870650479174533e-06,True,0.009427002267458528,0.008478068281341233,True,0.015867793880762166,0.025660677022842252,8.300313532706487e-05,0.03125,4.3630649867251125e-05,0.03125,4.036469205408642e-11,1.8372759012057231,3.0705698932442482,0,2.5181771079376265,1.5257015848506613e-08,1.8548582215170786,3.4187065476921807,1,0.0,0,1
S2_N160,7500040,2.2955521321150956,1.7859655241851566,2.950538249422473,8.675893034262635e-11,-1.2525533700025142,0.2572692959165821,2.716763315215521e-06,160,2.6102086804970203e-05,5.212536598430798e-06,True,0.0019227732451611737,0.0012065025915013903,True,0.8288370589950352,0.9454073113940007,2.3854935886576223e-06,0.0,1.912796376543841e-06,0.0,8.675893034262635e-11,1.7859655241851566,2.950538249422473,0,2.5591459845413485,1.5513810071319427e-11,1.9474920490718548,3.362903675686569,0,,0,1
S2_N160,7500041,3.415074399611594,2.6187455256841496,4.453557262626957,1.2275116474370458e-19,-1.5874999999999992,0.27306585032606917,3.3136868819966524e-08,160,0.00016024194809275192,0.00013493114745373946,True,0.0004142166567989317,0.0004573183041626925,True,0.9868024073357118,0.9535373388322598,0.0003329533928306062,-0.04375000000000007,0.0003057396559861135,-0.04375,1.2275116474370458e-19,2.6187455256841496,4.453557262626957,0,3.559288921752617,1.1150970520380514e-17,2.661579310211697,4.759782126313296,0,,0,1
S2_N160,7500042,2.7779965571291494,2.1307761516598056,3.6218092948946836,4.3571120933446126e-14,-1.400654132445235,0.2632057987979985,3.4969827840407094e-07,160,3.670025690304374e-07,2.197929303939559e-07,True,0.31002266329075867,0.26362006856451103,True,0.197455719053226,0.1250271328122038,0.0010592590265099406,-0.0625,0.0006023345232105135,-0.0625,4.3571120933446126e-14,2.1307761516598056,3.6218092948946836,0,3.1894437463098857,6.274696113552667e-15,2.382951183885802,4.268887873014329,0,,0,1
S2_N160,7500043,2.424851320789875,1.8912065696596256,3.1090754559903253,2.855120976357169e-12,-0.9374999999999999,0.27418684747085753,0.0008003214508964163,160,0.00012307010512095838,1.317051497950463e-05,True,0.00015619130925787698,0.00027379699069225217,True,0.7324450611202561,0.8009701630438495,0.0001302120886286718,-0.025000000000000022,3.2125219623059744e-05,-0.025,2.855120976357169e-12,1.8912065696596256,3.1090754559903253,0,2.6145006533510253,4.711455963219424e-12,1.9909875860630089,3.433277893957,0,,0,1
S2_N160,7500044,3.348868732751188,2.603899188629623,4.306972342927271,4.744400681296978e-21,-1.7016812557223315,0.2674789913941203,2.0797966208424016e-09,160,2.31858473607583e-06,4.987665755722204e-06,True,0.0033715618895150813,0.001974234405968289,True,0.045238184877353135,0.09860968028070446,0.011233905021255918,0.11250000000000004,0.014228365343886551,0.1125,4.744400681296978e-21,2.603899188629623,4.306972342927271,0,3.524447336899193,1.9851384149679184e-19,2.680002272150638,4.6349695892636955,0,,0,1
S2_N160,7500045,2.631111867968712,2.0262792182938654,3.4164835720887403,3.9004394500705546e-13,-1.4767832250376598,0.27400254723069195,2.5428390970304123e-07,160,0.00010477531647172894,0.0001291704843937411,True,0.0006338706357160172,0.0004546549613200504,True,0.9495044841426956,0.884331218577828,0.00022153909463716538,0.04375000000000007,3.235170382401005e-05,0.04375,3.9004394500705546e-13,2.0262792182938654,3.4164835720887403,0,2.918364139527642,3.672509015156618e-13,2.186199822037446,3.895732295387148,0,,0,1
S2_N160,7500046,2.6831571120993125,2.07258757366453,3.4735960881402113,6.769886642559873e-14,-1.3617392164929245,0.2557928076636124,3.4631859703444474e-07,160,8.131880249996371e-06,2.6861464313915704e-05,True,0.0028119878956342713,0.00524393167568449,True,0.6057876448178692,0.46238510357358475,0.0002482456706570097,0.05625000000000002,0.0002499959050230727,0.05625,6.769886642559873e-14,2.07258757366453,3.4735960881402113,0,2.894353713564745,3.832664986706703e-15,2.2205654031038358,3.7725902635051995,0,,0,1
S2_N160,7500047,3.045615844377111,2.342651860825066,3.95951956269509,8.942533012840274e-17,-1.831371701897855,0.265538719621922,1.227881963917217e-10,160,0.0021071355679728745,0.0007345933480468176,True,4.150833455625098e-05,0.00011580120263820724,True,0.8987427382872261,0.9358565612967527,2.0228447757780008e-05,-0.006249999999999978,4.73480325755116e-06,-0.00625,8.942533012840274e-17,2.342651860825066,3.95951956269509,0,3.2431522281135012,6.70024063700441e-16,2.437578208751901,4.314953397988841,0,,0,1
S2_N160,7500048,3.4482283270246237,2.649658693371829,4.487475547337017,3.2642162748661664e-20,-1.9185043290043295,0.2352027068762368,1.0349957209550782e-13,160,0.002225922096935056,0.002315282940805227,True,0.0009832115592470108,0.00032195491329977413,True,0.7912713780386968,0.7602547598928231,0.00018438239416615203,-0.03750000000000009,0.0001473498974151418,-0.0375,3.2642162748661664e-20,2.649658693371829,4.487475547337017,0,4.0141855715184835,3.718676372605119e-22,3.0294631066130107,5.31899060510512,0,,0,1
S2_N160,7500049,2.609655796890669,2.0295042518996476,3.355648736320963,7.577354225856799e-14,-1.512776941884519,0.2625254686195681,4.25970142891488e-08,160,2.4376269171430067e-05,3.3035236498194215e-05,True,0.04114297271993905,0.018281426217621542,True,0.5349968648245074,0.5769779922695958,0.00018947851498845965,0.050000000000000044,0.00030235258776017347,0.05,7.577354225856799e-14,2.0295042518996476,3.355648736320963,0,2.62106763607748,6.427912771403224e-12,1.9910688239647236,3.4504058675444895,0,,0,1
S2_N160,7500050,2.336065948801671,1.807554304311359,3.0191093590572557,8.963928782123101e-11,-1.7803551188823667,0.24763227650940697,2.4877471313713204e-11,160,2.793440748408913e-05,6.707556664622661e-06,True,4.575343185904104e-06,5.0931831192899056e-06,True,0.3835045651226153,0.31965871043611194,0.008961776355261722,-0.11250000000000004,0.003418789002846078,-0.1125,8.963928782123101e-11,1.807554304311359,3.0191093590572557,0,2.427317486829566,1.6649762695156023e-10,1.8492207220438377,3.1861367935335774,0,,0,1
S2_N160,7500051,2.8999838585483295,2.2316370636908927,3.768491981367149,1.6423333365538434e-15,-1.6855497502232315,0.2711102302468705,4.378073686096079e-09,160,6.371862070441877e-07,3.6860834855802096e-08,True,0.0302121112728262,0.04821906701816301,True,0.6625447398457663,0.7408070557389119,1.6357282783355596e-05,0.012499999999999956,6.45324362539309e-05,0.0125,1.6423333365538434e-15,2.2316370636908927,3.768491981367149,0,3.11063612132747,1.2502555717603322e-15,2.3555608951047096,4.1077507694306865,0,,0,1
S2_N160,7500052,2.5373469896945915,1.971108977147401,3.266247488471946,4.940961395820334e-13,-1.7280270795955228,0.23396667074762875,8.381154977213296e-12,160,2.0162354997772228e-07,6.633560654010651e-08,True,0.01090291863496068,0.024714120392924952,True,0.2005084528683212,0.13890620048534633,8.013144485446713e-05,-0.03125,2.211991453462035e-05,-0.03125,4.940961395820334e-13,1.971108977147401,3.266247488471946,0,2.7073130263940888,1.4929832223013794e-12,2.0545472166595,3.5674740222326298,0,,0,1
S2_N160,7500053,2.3504298972069244,1.7827304212992652,3.098909759815423,1.370984713126276e-09,-1.0915407915030266,0.2773219241988814,0.0001241871692094101,160,1.516149471045791e-05,3.074242823373033e-06,True,0.0001857142569541646,3.065082749204583e-05,True,0.6397758423721421,0.43479988062183594,0.0002502526739398736,0.043749999999999956,0.0003990599817652486,0.04375,1.370984713126276e-09,1.7827304212992652,3.098909759815423,0,2.4871674233302965,8.624591566006466e-10,1.8588595470342868,3.327847874006893,0,,0,1
S2_N160,7500054,2.5341470603627996,,,,-1.4749999999999992,0.25401784136266387,3.4286146379008823e-08,160,0.000602223205748332,0.0003941443617908606,True,0.013869887689573953,0.005737962717988692,True,0.5815931868672806,0.4697392103694299,0.00022010365109976322,0.03749999999999998,0.00010495487428606962,0.0375,9.136242527239516e-10,1.9116276121249793,3.3593892883806937,1,2.667902485535536,3.4034406804414413e-10,1.997854562155559,3.5626735835300933,1,0.0,0,1
S2_N160,7500055,2.3394493141508295,1.7892337482641274,3.058864219831861,5.207640744680034e-10,-1.4284327566602326,0.2733434790085018,5.447294274532209e-07,160,1.1013379470149627e-08,1.3825199400738842e-09,True,0.09508293461989877,0.14018419644450833,True,0.01784252273704604,0.03911293557248936,0.004211479524233497,-0.10000000000000009,0.0022928122581814397,-0.1,5.207640744680034e-10,1.7892337482641274,3.058864219831861,0,2.5952456756311406,5.0885776867477856e-11,1.9524911182237008,3.449593216592783,0,,0,1
S2_N160,7500056,2.6186310395483234,2.027570600133689,3.381992479489394,1.63675323538746e-13,-1.362500000000003,0.2694852618287366,1.180604538170738e-06,160,3.852137146140667e-06,2.082515692589946e-06,True,0.0007312169747136846,0.0009338335773689006,True,0.9725419210763597,0.9276474831855823,1.6640706436413056e-05,0.006249999999999978,1.57281334923952e-05,0.00625,1.63675323538746e-13,2.027570600133689,3.381992479489394,0,2.8795719671928737,2.6293801074016706e-14,2.1933650917502234,3.7804626076301697,0,,0,1
S2_N160,7500057,3.448094121015527,2.7004696275953073,4.40269831065235,3.180970266609589e-23,-1.5411564038471663,0.2649005179229055,3.24510968495531e-08,160,0.0018179066965388813,0.0012603043888533708,True,0.018383535905108214,0.029601070386202896,True,0.9741473899797515,0.8276702808499069,8.02857439092833e-05,0.018750000000000044,1.8914272851749572e-05,0.01875,3.180970266609589e-23,2.7004696275953073,4.40269831065235,0,3.6893499613128142,2.4219931294387587e-22,2.835672103567379,4.8000271681325035,0,,0,1
S2_N160,7500058,3.074848291635058,2.4035020402526714,3.933714995131477,3.984008223341083e-19,-1.1937138042847208,0.28426648034822893,4.4728579508790696e-05,160,2.416603522286896e-06,3.216968229600941e-07,True,0.033553297391674494,0.06370028637570671,True,0.9379318127253864,0.8437751251436834,7.60560199361122e-05,0.03125,0.00011058795365749597,0.03125,3.984008223341083e-19,2.4035020402526714,3.933714995131477,0,3.4441521099977965,1.8523663329859275e-18,2.612141833626844,4.541171388206035,0,,0,1
S2_N160,7500059,2.28311902311381,1.762573497835128,2.9573986447127156,4.030399164587858e-10,-1.0017814478940548,0.2803200359528209,0.0004678350408183561,160,6.598469762708072e-05,3.023279254138237e-05,True,0.006658701773529555,0.004232397772407637,True,0.15014581094692828,0.3338543942890283,0.0001978439945123078,0.03125,0.00017607229887895142,0.03125,4.030399164587858e-10,1.762573497835128,2.9573986447127156,0,2.316098808871139,2.5619724231752333e-09,1.7569295969452594,3.0532320144080565,0,,0,1
S2_N160,7500060,2.309895165258654,1.800696984360796,2.9630835842041017,4.423400265779293e-11,-1.344171899790672,0.24603365926411427,1.7965775525734136e-07,160,0.0013671231771402042,0.000868522811743283,True,5.682770711257106e-05,7.116549617311675e-05,True,0.19092806035836862,0.1752955762878372,0.00025977446825871484,-0.03125,0.00030125661490648854,-0.03125,4.423400265779293e-11,1.800696984360796,2.9630835842041017,0,2.585218460722881,1.7881797001585332e-13,2.0077302213268955,3.3288110218540203,0,,0,1
S2_N160,7500061,2.508642390978328,1.9532213351965022,3.222003841761401,5.885834920598412e-13,-1.7283133914227007,0.2709051672553093,1.896135332991167e-09,160,1.545866502518248e-05,1.616822671134038e-05,True,0.005773407479682815,0.041878967263153405,True,0.16792802350879377,0.14232478168771837,3.334502992125521e-05,0.012499999999999956,1.3818901267259073e-05,0.0125,5.885834920598412e-13,1.9532213351965022,3.222003841761401,0,2.651259391307365,4.425116488739382e-14,2.058228405009067,3.415158562037499,0,,0,1
S2_N160,7500062,2.3857191036788103,1.83648608989958,3.0992097751033056,7.350402674322167e-11,-2.041568650886903,0.2668260009910275,1.8839366725908315e-12,160,5.7788764703643696e-08,3.108512259295237e-09,True,0.0009366407808092992,0.0005759376396046904,True,0.6415383506714931,0.5893235999290407,0.00036576929581431185,-0.050000000000000044,0.0001876060979866549,-0.05,7.350402674322167e-11,1.83648608989958,3.0992097751033056,0,2.364917725269944,4.682556179011839e-10,1.8038550231277413,3.10049076870847,0,,0,1
S2_N160,7500063,3.401535827332243,2.618786916356002,4.418246445466794,4.510448591934197e-20,-1.6882087767471887,0.28308079282372717,1.575509345887419e-08,160,1.5637859502520733e-05,1.9986887215057038e-05,True,0.00949185430413911,0.010484905804409405,True,0.8277640186634102,0.7267837492282911,0.00018090289161189603,-0.025000000000000022,0.00013314108125121236,-0.025,4.510448591934197e-20,2.618786916356002,4.418246445466794,0,3.582031218862488,4.033165603644713e-18,2.6851879803057566,4.778416910478069,0,,0,1
S2_N160,7500064,2.3948328774397285,1.8649483388595254,3.0752725913970997,7.676554548488561e-12,-1.8375215475619953,0.2661895169256489,1.1871858423070263e-10,160,4.0282928233619686e-07,5.000763273242877e-06,True,0.002427567463181877,0.0019720706771738936,True,0.7640056958624706,0.9425684090633685,0.00211406936831761,-0.07500000000000007,0.0007859829466298219,-0.075,7.676554548488561e-12,1.8649483388595254,3.0752725913970997,0,2.708337694093444,8.342175422901779e-11,2.004998736751233,3.6584028362694587,0,,0,1
S2_N160,7500065,2.42141453413304,1.8841330525647126,3.111907801908988,4.889100192120356e-12,-1.9508738416967077,0.2514187229980287,1.0191257778584752e-12,160,1.6358135478447057e-06,1.2676164333329347e-07,True,0.005248342037894881,0.003964037193968906,True,0.666865729988303,0.7631770707871746,0.00043940899971079875,0.0625,0.0006872424113338462,0.0625,4.889100192120356e-12,1.8841330525647126,3.111907801908988,0,2.6453053068831567,2.6447796431279933e-12,2.0142213361502708,3.474116791950283,0,,0,1
S2_N160,7500066,3.2437592771422725,2.494833999370951,4.217504752099568,1.5532219721108477e-18,-1.7875000000000012,0.234676781266199,2.2894681550527137e-12,160,6.10844358809777e-05,2.5353229095094796e-05,True,0.00012047039101281883,0.00011572744396910838,True,0.4902997699120605,0.48236872579548784,0.00012133932146010292,-0.03749999999999998,0.0002669906742038186,-0.0375,1.5532219721108477e-18,2.494833999370951,4.217504752099568,0,3.4521208684194487,5.790777088102149e-17,2.582712141953062,4.61419540203394,0,,0,1
S2_N160,7500067,2.87357925997554,2.2455506599288375,3.6772529387616912,4.891935967066424e-17,-1.5411606871232695,0.2622860753920085,2.437534836182573e-08,160,0.0003835278303585952,0.0004593739682295733,True,0.008385549174968306,0.019473612618055688,True,0.41896929109030967,0.5225539795628141,0.010503947056194465,0.11250000000000004,0.009022968271885298,0.1125,4.891935967066424e-17,2.2455506599288375,3.6772529387616912,0,3.1922781320802835,2.3644027208796425e-16,2.419021897268139,4.212710800206697,0,,0,1
S2_N160,7500068,2.295776893162388,1.7846023120077898,2.9533703434736673,9.999487656908132e-11,-1.5597527313065136,0.23575843168324678,5.508232399254416e-10,160,2.575791484047074e-06,3.2048500216086787e-07,True,0.0025379516973131388,0.0013358652860446876,True,0.6607989825545353,0.7500369489495453,0.00016850091259535123,-0.043749999999999956,9.740615565234215e-05,-0.04375,9.999487656908132e-11,1.7846023120077898,2.9533703434736673,0,2.580942870666158,8.214698048334749e-12,1.9665046714972643,3.387363477031911,0,,0,1
S2_N160,7500069,2.8433140431608415,2.2367111929096795,3.6144294237285144,1.4008578625265408e-17,-1.6793628344179328,0.25993217025965343,1.2441694626123027e-09,160,1.0486648404559264e-06,1.4528995311881777e-07,True,0.00020010841200821374,0.0004093578457591527,True,0.13865812942886663,0.16889277457962848,0.000143012538737512,-0.03749999999999998,4.786282273706635e-05,-0.0375,1.4008578625265408e-17,2.2367111929096795,3.6144294237285144,0,3.02519260963861,6.905086141448693e-17,2.332863686927467,3.9229854606145316,0,,0,1
S2_N160,7500070,3.374239545705461,2.5373026543836334,4.487242581066224,6.183405261384182e-17,-1.2881734837799705,0.25405020094087455,1.105321491722874e-06,160,4.658948054559674e-05,0.00019342698786571318,True,0.00010619581374546788,0.0006494587827234347,True,0.04701193460330607,0.11231119279796632,2.8851809686699007e-05,-0.006249999999999978,1.9584630215125942e-06,-0.00625,6.183405261384182e-17,2.5373026543836334,4.487242581066224,0,3.80283831900228,3.020189565671677e-21,2.8836622139318613,5.015004604424103,0,,0,1
S2_N160,7500071,2.7128445629691766,2.0798732436523504,3.538449107556077,1.810521356271752e-13,-1.4715517187017166,0.23959314738093684,6.425702203048121e-09,160,0.0005319825438501522,3.13645271493123e-05,True,4.690101848875957e-06,8.94548234111899e-06,True,0.22017416342081242,0.17791627963359247,0.002816424574179514,-0.09375,0.00176045711680846,-0.09375,1.810521356271752e-13,2.0798732436523504,3.538449107556077,0,2.796254473459162,8.616747753656049e-13,2.109489178005962,3.706603078064369,0,,0,1
S2_N160,7500072,2.9481513170439664,2.220643534422004,3.913998826673615,7.55728561463619e-14,-1.4112872819358475,0.2674015103220922,4.2844933959339014e-07,160,3.4271806286982775e-06,5.189453144909468e-07,True,0.0006541672869907937,0.0009609310312555482,True,1.0,0.9032356407719287,0.00011199306296167667,0.025000000000000022,5.8193875112388746e-05,0.025,7.55728561463619e-14,2.220643534422004,3.913998826673615,0,3.060132429365349,1.5046221105279513e-16,2.346540346547966,3.9907306512029974,0,,0,1
S2_N160,7500073,2.1657435619981373,1.6944924152037377,2.7680532141965495,6.725684366930379e-10,-1.2593607521417183,0.27869510967920946,1.2172610769328659e-05,160,0.0007429849559824696,0.00035833604736736855,True,0.011574916397585887,0.008159679393986737,True,0.4116549883454105,0.5846179000914538,2.1356347162422724e-05,-0.006249999999999978,1.5728133492395204e-05,-0.00625,6.725684366930379e-10,1.6944924152037377,2.7680532141965495,0,2.238828811247625,1.6455926253018617e-09,1.722822540897404,2.9093852251675085,0,,0,1
S2_N160,7500074,2.799227381944829,2.1676755025882755,3.614781791127708,3.012656937161777e-15,-1.2249999999999985,0.24668492920667578,1.7673802688286043e-06,160,3.919524991507603e-06,3.4976834601998084e-07,True,6.612985684541945e-05,1.4603656621214507e-05,True,0.8088893324015592,0.6010959751889103,0.0036424917291444678,-0.08125000000000004,0.0039483929350355015,-0.08125,3.012656937161777e-15,2.1676755025882755,3.614781791127708,0,2.9821001636564217,8.703107005836723e-15,2.2626790987826584,3.930261870038985,0,,0,1
S2_N160,7500075,2.7891433053282224,2.1780921755020968,3.5716212863507217,4.296567899135801e-16,-1.3279255764321873,0.279907672951923,4.672823573247913e-06,160,6.2262113916059285e-06,5.008244016866434e-06,True,0.009904213981425488,0.00682206013741141,True,0.3472179761756303,0.22698057767145663,3.8974670304947124e-05,-0.018750000000000044,3.563759664566398e-05,-0.01875,4.296567899135801e-16,2.1780921755020968,3.5716212863507217,0,2.880143925593198,2.593850375302857e-15,2.2159772305882446,3.7433728639573522,0,,0,1
S2_N160,7500076,2.3672927613320183,1.8345166408501083,3.054796502286326,3.4869370527118826e-11,-1.1690912554232498,0.2952022861176849,0.00011324194186225858,160,4.326967943955836e-06,1.2392682089690427e-07,True,0.0879255637909563,0.09477125605345482,True,0.8249910552923562,0.8881993990308223,6.692474386936905e-05,0.018750000000000044,3.563759664566388e-05,0.01875,3.4869370527118826e-11,1.8345166408501083,3.054796502286326,0,2.907091175792797,3.748301189114139e-15,2.2281070927541697,3.792986042661809,0,,0,1
S2_N160,7500077,2.076403960501963,1.5911138246385532,2.7097077157051617,7.471964162020963e-08,-1.8844012008013693,0.2497296270043392,3.4192771102564227e-12,160,3.1938647128317266e-06,1.1248053808597857e-06,True,0.013161897236895627,0.006839177781985324,True,0.5301854823553074,0.5295545364004746,0.0002433446996537087,-0.04375000000000007,9.740615565234215e-05,-0.04375,7.471964162020963e-08,1.5911138246385532,2.7097077157051617,0,2.3083114843799533,1.0352376985585116e-09,1.7645749106045483,3.019595187996237,0,,0,1
S2_N160,7500078,2.695754862674725,2.085941375779732,3.4838439680108277,3.486638838818334e-14,-1.2029342336578048,0.24968846659505783,3.3951412638045443e-06,160,1.2734545252880578e-05,2.2167563115846125e-07,True,0.00022437049616371148,0.00011679298635265304,True,0.325774402704463,0.30794864068956096,0.020952595770205085,0.125,0.016058995048093355,0.125,3.486638838818334e-14,2.085941375779732,3.4838439680108277,0,2.767140179141641,6.288583737389954e-14,2.1210235742707537,3.6100799934072736,0,,0,1
S2_N160,7500079,2.469311216261594,1.9071163334317571,3.1972343668113745,6.9935043411790745e-12,-1.6524106902373474,0.26656126254803997,4.804997712499807e-09,160,3.0143047289017302e-05,8.499101408381759e-06,True,3.192665199972293e-05,4.295500186748587e-05,True,0.23417349480056782,0.23080060581155792,0.0038460662942048987,0.08750000000000002,0.0021896709089374057,0.0875,6.9935043411790745e-12,1.9071163334317571,3.1972343668113745,0,2.5917894323092847,4.0331476282656564e-12,1.98027547577036,3.3921404085544786,0,,0,1
S2_N160,7500080,2.7608954047114276,2.116083575068652,3.602193942415237,7.2514386639701e-14,-1.045137408702078,0.2795719615727378,0.00025903031109601407,160,0.00016588250949136705,0.00012477505345692474,True,4.79720745396491e-07,1.8008953364455935e-07,True,0.7295664193235146,0.4898471505688352,8.737622874790318e-06,0.006249999999999978,1.5728133492395204e-05,0.00625,7.2514386639701e-14,2.116083575068652,3.602193942415237,0,3.0149661609904785,7.452549706586777e-14,2.257830604791222,4.025997757594486,0,,0,1
S2_N160,7500081,2.2826010444284512,1.7756543613324092,2.934280252670455,1.1883328856150256e-10,-1.82578756294648,0.27108631220544854,2.9251413191352715e-10,160,9.047913875340705e-05,1.8081585903417842e-05,True,0.0013972325688357933,0.001347712818718616,True,0.04776931090893956,0.09199368113775176,0.004007204142114825,-0.08750000000000002,0.003270759492854815,-0.0875,1.1883328856150256e-10,1.7756543613324092,2.934280252670455,0,2.5249324550272623,5.511252275088384e-12,1.9402278378764324,3.2858429190603244,0,,0,1
S2_N160,7500082,2.569331751656528,1.9402785130818714,3.4023288953423827,4.51089663846733e-11,-1.5500000000000012,0.2709182011034713,5.206215445550264e-08,160,3.489621042222382e-07,3.966308012743635e-06,True,0.0054177884534513015,0.004791963716572561,True,0.47971370773327204,0.4532817578827,4.7675515519800825e-05,0.025000000000000022,1.2497232271173316e-05,0.025,4.51089663846733e-11,1.9402785130818714,3.4023288953423827,0,2.7711164340430883,3.900810422845328e-11,2.0481287063836175,3.7493182274578096,0,,0,1
S2_N160,7500083,2.497417833260713,1.7965640058395507,3.4716802817019494,5.146205668998185e-08,-1.0500000000000003,0.28335164581046063,0.00029175841333188075,160,0.00020179444545986194,0.0006142641730170705,True,0.0016575450042331152,0.003907738048182566,True,0.6856400379340034,0.9372424814755221,0.0001207597599991949,0.03749999999999998,0.00012484705147942552,0.0375,5.146205668998185e-08,1.7965640058395507,3.4716802817019494,0,2.5481774252847016,1.9560788772542075e-08,1.838454800746633,3.531883507874955,0,,0,1
S2_N160,7500084,2.4310108966322197,1.8452977215435007,3.2026344099104618,2.687970838868984e-10,-1.6058355640986326,0.25193180207040955,1.9528274528750066e-09,160,3.418773987159363e-07,6.207721896827377e-07,True,0.4734130574336498,0.2582933207066742,True,0.47914690597229614,0.6227774225470191,1.888190371155774e-05,0.006249999999999978,6.167711611417281e-06,0.00625,2.687970838868984e-10,1.8452977215435007,3.2026344099104618,0,2.653942921924031,6.6091883135565704e-12,2.0085622199086584,3.5066939739367258,0,,0,1
S2_N160,7500085,2.41974083733922,1.8405496185925467,3.1811941719694,2.4470495448418143e-10,-1.5002267118177153,0.2594495002045659,3.8634280481161794e-08,160,1.1284559950532346e-06,2.3400441455129526e-08,True,0.04404678284478299,0.029355690856386254,True,0.23682185442868908,0.1376037216082309,0.0006419819593649215,-0.06874999999999998,0.00037415134328756426,-0.06875,2.4470495448418143e-10,1.8405496185925467,3.1811941719694,0,2.5322828951177523,4.586669208198909e-11,1.92038418898713,3.3391530182760327,0,,0,1
S2_N160,7500086,2.2168293270741097,1.6870959108021069,2.912894420471565,1.1043138184863838e-08,-1.4331058403669592,0.24133063633508664,1.7877050973272347e-08,160,3.2017659241765213e-06,5.382779793535304e-06,True,0.024907346080288197,0.014595062436506961,True,0.8298223170190099,0.6935700226231849,0.0028103378275775677,0.09375,0.00176045711680846,0.09375,1.1043138184863838e-08,1.6870959108021069,2.912894420471565,0,2.2939637903401997,2.6451147081660137e-08,1.7121987935826257,3.0733988898456928,0,,0,1
S2_N160,7500087,2.1943647212171875,1.7112500458000688,2.8138707966966305,5.855341205259376e-10,-1.9462515845725201,0.25098384434517024,1.0484046148121084e-12,160,1.5373082611241217e-07,1.4371348736973264e-07,True,0.00014851335747074703,0.00016750908007163016,True,0.3642884356667372,0.2939059327859952,8.245146914222684e-05,-0.03125,3.5199430295161664e-05,-0.03125,5.855341205259376e-10,1.7112500458000688,2.8138707966966305,0,2.4159361765358427,1.8614167303433572e-10,1.8418693520853953,3.168925962357842,0,,0,1
S2_N160,7500088,2.8142030410897427,2.049338299720179,3.864534595171589,1.6160473962751707e-10,-1.7296030109885967,0.27125844515715564,1.9313939011127733e-09,160,1.7411824040047508e-07,3.0610392469076635e-08,True,0.03240138249397611,0.022467481440544154,True,0.8555795452436742,0.8964097283145525,0.00021482214899710305,0.03749999999999998,8.749237870445375e-05,0.0375,1.6160473962751707e-10,2.049338299720179,3.864534595171589,0,2.932169814525543,7.4072233371255e-11,2.121189692496827,4.053206486730851,0,,0,1
S2_N160,7500089,3.198386037303234,2.4533891216184434,4.169608951745905,8.448281497986903e-18,-1.3286254389133312,0.24479214697449309,2.127636835692691e-07,160,1.2770089255596746e-08,8.685148517877221e-10,True,1.7745051932388037e-05,3.352733920607328e-05,True,0.2590326582044633,0.29715988602079224,0.0026400333929829365,0.08124999999999993,0.0025697411581627415,0.08125,8.448281497986903e-18,2.4533891216184434,4.169608951745905,0,3.387716416931548,7.2420271560582455e-19,2.5872031122415575,4.435918644054259,0,,0,1
S2_N160,7500090,2.1382183556004293,1.6594218714779032,2.755162996709655,4.20979106477521e-09,-1.3389216854755617,0.2528371229850595,3.944953865342155e-07,160,5.999674773955031e-05,5.956942382576921e-06,True,0.000363088356355645,8.391496290898965e-05,True,0.5244726080899451,0.5319411607711007,2.786092352321676e-05,-0.012499999999999956,2.629802398955824e-05,-0.0125,4.20979106477521e-09,1.6594218714779032,2.755162996709655,0,2.368269885309517,4.859932423343486e-09,1.7742864834085037,3.1611029572233007,0,,0,1
S2_N160,7500091,2.4192758848832137,1.8992419092792885,3.0817010611346896,8.377462202074613e-13,-1.4279170717679759,0.25097676625817894,6.077935671742053e-08,160,5.2280459244535445e-06,1.2256335288364973e-05,True,0.011599568726889152,0.010148714320476341,True,0.8088582997955241,0.8720601848033758,5.2416218285242455e-06,0.012500000000000067,1.0914240580458559e-05,0.0125,8.377462202074613e-13,1.8992419092792885,3.0817010611346896,0,2.4439931554264995,2.7895203287948698e-12,1.9021573646929768,3.140172655870501,0,,0,1
S2_N160,7500092,2.345753430299971,1.831812058053317,3.00388848930916,1.406203727584264e-11,-1.9158421393142135,0.26832859303171747,3.2679497813400925e-11,160,5.957562508629976e-06,5.16124880876477e-07,True,0.007587637166231297,0.0027764690874490868,True,0.8811881113844124,0.7838804740399844,6.57588172026526e-05,-0.02499999999999991,7.1773817280747836e-06,-0.025,1.406203727584264e-11,1.831812058053317,3.00388848930916,0,2.5676905480939975,2.3598659807050745e-11,1.9472085621031636,3.385890386415604,0,,0,1
S2_N160,7500093,2.441551442756265,1.9502406778372212,3.056634760708624,6.8764555226146374e-15,-1.333140562248997,0.2665365988912674,1.5059547353599944e-06,160,3.682019548253332e-07,1.6875917623551386e-08,True,0.00043577190411552973,0.00044278462137903747,True,0.5452837034584608,0.4970714921501447,0.0006895102326507015,0.0625,0.0008795733753165603,0.0625,6.8764555226146374e-15,1.9502406778372212,3.056634760708624,0,2.6776066337456603,3.5395316292241725e-15,2.09518783333182,3.421925791578088,0,,0,1
S2_N160,7500094,1.9969156192807769,1.537393119396063,2.5937881080761005,2.179727626120908e-07,-1.7643245367471736,0.2509184796197938,5.914606068579488e-11,160,3.751526658568201e-07,6.947984527033457e-07,True,0.006663553693922628,0.003938077136889327,True,0.7356753516392689,0.6772830477516014,3.809391040026074e-05,-0.012500000000000067,4.979001604345445e-06,-0.0125,2.179727626120908e-07,1.537393119396063,2.5937881080761005,0,2.075491019165272,4.4056414571256236e-07,1.5633481137916942,2.7554086851379718,0,,0,1
S2_N160,7500095,2.170330690439225,,,,-1.6567565092989984,0.2578486347982261,1.496776240992162e-09,160,1.6517181419445587e-07,8.807689361147186e-08,True,0.00429691422530214,0.003419082746764749,True,0.5016736208656043,0.9603918876689059,0.0007013762986125109,-0.05625000000000002,0.00024999590502307323,-0.05625,2.668107557400438e-07,1.632690291209743,2.8850145867972783,1,2.3833917405668226,1.4994749987987742e-06,1.6912556177088043,3.3587803815828683,1,0.0,0,1
S2_N160,7500096,2.707218689171303,2.115660342211747,3.4641822625159637,2.4333827882008134e-15,-1.158615643445242,0.24859678535325785,6.688082170111757e-06,160,4.248874786810568e-08,1.753248390265287e-08,True,0.7135421921853715,0.82676179642234,True,0.561067059426425,0.5870265328800708,0.0002575137557549544,0.03749999999999998,0.00039248276104677577,0.0375,2.4333827882008134e-15,2.115660342211747,3.4641822625159637,0,2.864760992094627,1.2604052365519903e-15,2.2135099206591207,3.7076208537539435,0,,0,1
S2_N160,7500097,2.552507665842664,1.9866249889473386,3.2795799008034487,2.3394175328901336e-13,-1.5596730245231623,0.26448806055010154,2.195947707068671e-08,160,1.6616376521602073e-06,2.52310666387679e-07,True,0.0007197519437775269,0.0007417989170257194,True,0.731681116978002,0.7269815514624113,0.004112956672421333,-0.09999999999999998,0.001755293197288856,-0.1,2.3394175328901336e-13,1.9866249889473386,3.2795799008034487,0,2.6505023853451672,1.022574730252155e-12,2.0272985632791585,3.465282826105894,0,,0,1
S2_N160,7500098,2.1789889873023456,1.6714486680252694,2.8406454219108093,8.570956676893594e-09,-1.5593919120922037,0.2661727298250526,2.6552357287162225e-08,160,0.013477006814614435,0.028219789837531754,True,0.001979312553332401,0.0008470278944436735,True,0.842709416657671,0.8276986094252003,0.0019361240385014997,-0.07499999999999996,0.003948784619955154,-0.075,8.570956676893594e-09,1.6714486680252694,2.8406454219108093,0,2.4496418851043034,1.778022768421102e-09,1.829594441885279,3.27982269069094,0,,0,1
S2_N160,7500099,2.6056500902930733,2.037296656771381,3.332559532004468,2.3775681525865164e-14,-1.3743380303230417,0.25958028101273994,3.965651494409685e-07,160,1.8136653177305854e-06,9.344316691019387e-07,True,0.01743951095792902,0.008359254467126556,True,0.1491345004486962,0.3072763338540274,0.007094757088198914,0.10625000000000007,0.006636272007475813,0.10625,2.3775681525865164e-14,2.037296656771381,3.332559532004468,0,3.0045628809368914,5.739663848613714e-17,2.322242348151954,3.887362622892403,0,,0,1
S2_N160,7500100,2.7429982018435197,2.104191987752668,3.5757379455439584,8.67472119938029e-14,-0.9650328877780497,0.27626003034573526,0.000620194597509398,160,6.886779672968613e-06,4.004547325643793e-06,True,0.01521858962568225,0.008635794576442455,True,0.847946702227985,0.8612403068504646,0.005747737535606033,0.10624999999999996,0.008356203777050791,0.10625,8.67472119938029e-14,2.104191987752668,3.5757379455439584,0,3.115232127123395,1.2078171747905328e-14,2.3341278594759722,4.157729049187784,0,,0,1
S2_N160,7500101,3.1532058933231233,2.4044151669954177,4.135187442737764,1.0211519807786413e-16,-1.16628929901648,0.2713159048702122,3.0055678620325345e-05,160,2.6784062722789214e-07,4.080344242730245e-07,True,0.016022207878170394,0.029346158681367238,True,0.9348426811801585,0.8558477318229096,5.599371143524126e-05,0.03125,2.211991453462035e-05,0.03125,1.0211519807786413e-16,2.4044151669954177,4.135187442737764,0,3.2915954220085384,1.0112383263570177e-16,2.4847165548777186,4.360497538811133,0,,0,1
S2_N160,7500102,2.8559969585278453,2.2299832690549675,3.6577488003203693,9.341579949375268e-17,-1.2482209046646744,0.25014749989619506,1.5873557346686656e-06,160,1.6061273676962567e-06,2.143317730228215e-06,True,0.0036194489631269817,0.001025063290453903,True,0.576664377888188,0.9562737437233558,6.579172117243628e-06,0.0,4.456681690805283e-06,0.0,9.341579949375268e-17,2.2299832690549675,3.6577488003203693,0,3.163836022914148,5.318190810072771e-18,2.4368268260415276,4.107743017647914,0,,0,1
S2_N160,7500103,1.987007875068887,1.5413334403473244,2.561548456832342,1.1664158085283959e-07,-1.3414403145790859,0.2623993013303325,9.153781234171398e-07,160,8.442692453928088e-07,5.893125255182098e-07,True,0.0006919996025427914,0.000671854099321952,True,0.22107908432710643,0.42765265762990434,2.2182106392660563e-05,0.006250000000000089,1.9361337404204134e-05,0.00625,1.1664158085283959e-07,1.5413334403473244,2.561548456832342,0,2.171829590132382,8.482301093262418e-09,1.6679588432817964,2.8279137627244757,0,,0,1
S2_N160,7500104,2.543445954256168,1.8938034612074066,3.415939116563681,5.516063786264897e-10,-1.4880839234687533,0.26942710555946253,1.3524965316935906e-07,160,3.1905055194010086e-09,8.478355195036091e-09,True,0.007106234178399875,0.014905087219734355,True,0.6892081822304021,0.7946345573113787,1.2317843995538965e-05,0.006249999999999978,2.361835002995218e-05,0.00625,5.516063786264897e-10,1.8938034612074066,3.415939116563681,0,2.6397079824724523,3.957375444331788e-10,1.9475061438094652,3.577939024674269,0,,0,1
S2_N160,7500105,2.528119155177345,1.960759763586964,3.2596479086669814,8.507271759642956e-13,-1.4752212736985448,0.240274720599599,6.496200736607365e-09,160,8.236026639952727e-05,6.714508454128316e-05,True,0.043346833708542275,0.0276128654345047,True,0.6872937662649994,0.7188855228841167,0.0002225434771383983,0.050000000000000044,0.00040145431188616455,0.05,8.507271759642956e-13,1.960759763586964,3.2596479086669814,0,2.8710051920581594,2.59871294355714e-13,2.1641518462919698,3.808730347155536,0,,0,1
S2_N160,7500106,3.008577575243827,2.261158393077285,4.003053945257452,4.0551953327214837e-14,-1.5310981342443615,0.2636548148746796,3.419724547477649e-08,160,3.4085461061901765e-08,9.296761947241678e-09,True,0.0541265595891225,0.02483659125205572,True,0.7437674796856852,0.7294711220131793,1.3734674423434496e-05,0.006249999999999978,3.4280991592837514e-05,0.00625,4.0551953327214837e-14,2.261158393077285,4.003053945257452,0,3.319342804851104,5.6614272947526005e-15,2.45647519474717,4.485303446042251,0,,0,1
S2_N160,7500107,2.373421655872043,1.7718762664363379,3.179189463320679,6.80164227754669e-09,-1.5750000000000002,0.28071396423623507,8.89269647157875e-08,160,1.5173862671310973e-05,1.9448629737708684e-07,True,0.045884799704054145,0.0255804002326388,True,0.598542569953267,0.5342178818672981,6.837222611969658e-06,0.006249999999999978,2.8567822470451865e-05,0.00625,6.80164227754669e-09,1.7718762664363379,3.179189463320679,0,2.506923432792586,6.590697135462263e-10,1.8726863933410554,3.3559623865649524,0,,0,1
S2_N160,7500108,2.619217109117324,2.03664207592599,3.3684358905203178,6.304190863709972e-14,-1.8537563858387378,0.2602439028506961,3.58276822663351e-11,160,1.4217590582408132e-05,9.957389117857714e-07,True,0.00022859338176632165,0.0002297345209947682,True,0.298065834811279,0.21939440918561814,4.363563942253136e-05,0.025000000000000022,1.2497232271173316e-05,0.025,6.304190863709972e-14,2.03664207592599,3.3684358905203178,0,2.679161742212323,6.260246522743497e-13,2.048350521648002,3.5042379539411934,0,,0,1
S2_N160,7500109,2.4061629793177026,1.880505687340454,3.0787571247535763,2.9183031210588943e-12,-1.5293852370544243,0.2621166762458529,2.986330141273408e-08,160,0.00011561468060403995,0.00023289881346643282,True,4.0530333803034645e-05,2.0616460267100292e-05,True,0.5614294702929117,0.5610488610905793,0.00018855197910211922,0.050000000000000044,7.085074231957174e-05,0.05,2.9183031210588943e-12,1.880505687340454,3.0787571247535763,0,2.735276517106606,3.598009562906075e-13,2.0853813179657013,3.587707226769112,0,,0,1
S2_N160,7500110,2.9723840041928486,2.2252138195292455,3.9704349266762207,1.6447766996474867e-13,-1.8100825162667629,0.25522917785377747,4.249745540423875e-11,160,3.4108047331625348e-06,9.89461859513528e-07,True,0.00023070201228889877,0.00017167735785888173,True,0.5198374661273314,0.5671883833085596,0.0003795872294886363,0.03749999999999998,0.00017264219052445933,0.0375,1.6447766996474867e-13,2.2252138195292455,3.9704349266762207,0,3.016203472596275,4.954579933517915e-13,2.2357462557505174,4.069103711882499,0,,0,1
S2_N160,7500111,2.635478794214502,1.978036697957292,3.5114355976950087,3.621192572587841e-11,-1.440677645109503,0.2385245601179576,1.0753022437681388e-08,160,1.6009640925550665e-05,6.0440385543015716e-05,True,0.000673513993289639,0.0005802822613791031,True,0.7628728959520676,0.9876920246077384,2.073009459765095e-05,0.006249999999999978,4.083135477218683e-05,0.00625,3.621192572587841e-11,1.978036697957292,3.5114355976950087,0,2.8367950483899214,6.700476630712861e-11,2.074219380617128,3.879727584155196,0,,0,1
S2_N160,7500112,3.1077834029691047,2.2683001498928,4.257953992652464,1.6889245045332517e-12,-1.2159859729349578,0.25478677808491373,4.1323440593647875e-06,160,0.0022257225200099403,0.0017403302289410773,True,0.00130239576945842,0.0008106803283987679,True,0.2531574508542054,0.32462717928601836,0.035230047110002785,-0.14375000000000004,0.01777072649024522,-0.14375,1.6889245045332517e-12,2.2683001498928,4.257953992652464,0,3.280852484194656,4.713591292501169e-13,2.3777877397317937,4.526893987711614,0,,0,1
S2_N160,7500113,2.8928989652208448,2.2169102659681514,3.775012706398854,5.16715836017438e-15,-1.5163799189007268,0.25603099508977806,1.933000286592152e-08,160,6.08171963070787e-06,2.291742025829077e-06,True,0.010856822405705133,0.00832423501743239,True,0.2396669930062546,0.3763457993075321,0.0010987353519614409,0.06874999999999998,0.000597996869210066,0.06875,5.16715836017438e-15,2.2169102659681514,3.775012706398854,0,3.362934191985349,1.2353717031692372e-18,2.567783604007019,4.404314429758014,0,,0,1
S2_N160,7500114,2.6214689020882416,1.9910811858121982,3.451440982710344,6.545086396892987e-12,-1.753320129690857,0.27804885441978405,2.778969319102125e-09,160,0.00037078397992703515,0.00011245237237263528,True,0.0022262101488306056,0.010258567782059008,True,0.9590599635663101,0.9194290972100498,0.0003272803827852657,0.05625000000000002,0.00021057957000821686,0.05625,6.545086396892987e-12,1.9910811858121982,3.451440982710344,0,2.748296744862128,1.9381153498213895e-12,2.0739909652837305,3.641836017731382,0,,0,1
S2_N160,7500115,3.864772567809306,2.9625672131256433,5.041731014478043,2.126536101796222e-23,-1.1000000000000005,0.26807945817473283,6.52683707663512e-05,160,1.4823388510271604e-07,9.73585861345956e-09,True,0.0014176921906018016,0.007975553196354495,True,0.9124793539122494,0.752670150545998,6.670788773339299e-05,0.018750000000000044,3.563759664566388e-05,0.01875,2.126536101796222e-23,2.9625672131256433,5.041731014478043,0,4.089121332506081,7.38888079305938e-23,3.089113226009718,5.412852183976147,0,,0,1
S2_N160,7500116,2.8200813674664995,2.151751597796884,3.6959930352901442,5.798256095903054e-14,-1.9552544659178304,0.22793613525902337,8.745581255879768e-15,160,4.832451653876939e-07,4.44750602550749e-08,True,0.0008931022899734229,0.00044185686381726193,True,0.8175520771144735,0.7487572649874228,0.0007809013246256093,-0.0625,0.0005246478441612874,-0.0625,5.798256095903054e-14,2.151751597796884,3.6959930352901442,0,3.013144439559358,2.8097591164844675e-14,2.2677535242015643,4.0035388840787025,0,,0,1
S2_N160,7500117,3.1646633816896754,2.383200674403591,4.202371385243865,1.696252944164953e-15,-1.4032941582069791,0.2669539287733696,4.723633181677426e-07,160,1.5379987215594594e-06,8.358148933714831e-06,True,0.0006354827343724175,0.004315497138799375,True,0.8613393304743285,0.9685493961604412,8.250125815569445e-05,0.03749999999999998,1.8143493992856382e-05,0.0375,1.696252944164953e-15,2.383200674403591,4.202371385243865,0,3.1777213313568584,7.520778091749306e-15,2.374358532947344,4.2529014551250786,0,,0,1
S2_N160,7500118,2.516318104566728,1.9801952325919483,3.1975921864443126,4.4004800909782814e-14,-1.0846858648458078,0.27395664479114884,0.00011366133876761389,160,3.270027827467392e-07,2.2167987516461218e-07,True,0.0017681796349898503,0.0003754294994613908,True,0.4538203123488207,0.5164674999651542,1.1535522597087457e-05,0.0,4.250029609751505e-05,0.0,4.4004800909782814e-14,1.9801952325919483,3.1975921864443126,0,2.679247858653255,1.1298151736457426e-14,2.086415308951291,3.4405274239030414,0,,0,1
S2_N160,7500119,2.644243528124247,2.0494817567480728,3.4116057940038744,7.443343534604107e-14,-1.6124945357521754,0.26813998968926317,1.2272652599949203e-08,160,1.1498873501625373e-05,1.3904023293600853e-06,True,0.00021545235156545588,4.213380376295152e-05,True,0.2317847372088988,0.27783090957958645,0.03495878332807122,0.14374999999999993,0.038087349007729136,0.14375,7.443343534604107e-14,2.0494817567480728,3.4116057940038744,0,2.8228086863146693,1.0387180954165664e-13,2.147286444723921,3.710845797547069,0,,0,1
S2_N160,7500120,2.4112004745202724,1.901551600631311,3.057444103224224,3.7413908265008456e-13,-1.3558266070243137,0.2785286620804622,2.726686201280398e-06,160,6.627526119391145e-05,7.487207649741392e-05,True,0.00255488294908949,0.004780159099071772,True,0.39577213754647433,0.5779553357934097,9.521267705627775e-05,0.03125,0.00011058795365749597,0.03125,3.7413908265008456e-13,1.901551600631311,3.057444103224224,0,2.502938729239198,1.0284159179033995e-12,1.9447726468611997,3.2213031648900228,0,,0,1
S2_N160,7500121,2.942166698766841,2.1984335127715933,3.937505880002442,3.9188196477346493e-13,-1.023094828513066,0.2535716434125941,8.514710033707562e-05,160,6.446136948633388e-08,1.1700743406689032e-08,True,0.11968133082595515,0.24931735714588255,True,0.38284428145290716,0.3581535663977613,2.402696689242412e-05,0.0,4.456681690805283e-06,0.0,3.9188196477346493e-13,2.1984335127715933,3.937505880002442,0,2.9687592049533373,3.724229001229758e-12,2.1839973473778094,4.035504542886479,0,,0,1
S2_N160,7500122,3.2520037011648792,2.4681896110884334,4.284730810339337,5.2538910198380193e-17,-1.7085995961612461,0.2811318695355724,8.897077249585482e-09,160,3.483774296507196e-07,9.5458511627723e-09,True,0.027425946692235817,0.03537626884131164,True,0.6089165552211779,0.6434898041208523,0.0001848157284954637,-0.04375000000000007,0.0002652896437584898,-0.04375,5.2538910198380193e-17,2.4681896110884334,4.284730810339337,0,3.5960150011533805,1.2065683522788802e-18,2.705360303431081,4.779889714549282,0,,0,1
S2_N160,7500123,2.6557247273581117,,,,-1.3787128359311307,0.2768114035030843,1.6542368011866452e-06,160,2.28962953113343e-07,5.1719874972025194e-08,True,0.0005814046043254533,0.0013403653930908004,True,0.19660078699177652,0.24891482813673915,4.117677194134108e-05,0.025000000000000022,0.00011440189229368512,0.025,1.1269866928962405e-10,2.0085517736049727,3.51142246875854,1,2.811537720370988,4.813040326258536e-10,2.0669371355809814,3.824375795951337,1,0.0,0,1
S2_N160,7500124,2.2687127824109314,1.7209687719187614,2.9907908691080634,6.2233505373336056e-09,-1.7560343232087612,0.233226087284021,3.75080328632274e-12,160,5.950450194416823e-07,8.974410790310562e-08,True,0.05334941884393512,0.07309200370495182,True,0.5605854781539834,0.6091293271700375,0.0026363093224180995,-0.08124999999999993,0.0013389579928001234,-0.08125,6.2233505373336056e-09,1.7209687719187614,2.9907908691080634,0,2.388853431339037,2.5007973719921056e-09,1.7941140015439008,3.1807458787510354,0,,0,1
S2_N160,7500125,2.1683150211641125,1.7107871692813945,2.7482027662042845,1.547963199658816e-10,-1.6787174415011183,0.27755063276745,1.0309567256488092e-08,160,9.110779950542718e-07,4.7064437647038265e-08,True,0.00013498918063376808,8.473657734886137e-05,True,0.15131898074904301,0.22995211880318567,0.0004057268024624678,-0.050000000000000044,0.00030235258776017347,-0.05,1.547963199658816e-10,1.7107871692813945,2.7482027662042845,0,2.219770246980041,9.856545841540877e-10,1.7189000750951702,2.8665889429931046,0,,0,1
S2_N160,7500126,1.9397456158017086,1.4993650429372196,2.509470973560303,4.588593213605033e-07,-1.4780864148798445,0.24476957273260722,1.0821888348485592e-08,160,2.5987079937565306e-05,2.3783250021088895e-06,True,0.04705014539908173,0.06638376967584098,True,0.5620172532102433,0.6868695198603181,0.005934665256891248,-0.11249999999999993,0.008354961101433378,-0.1125,4.588593213605033e-07,1.4993650429372196,2.509470973560303,0,2.063575061277623,1.5563987659240254e-07,1.574233842770396,2.7050250844772563,0,,0,1
S2_N160,7500127,2.23471603807157,1.7459260005277188,2.8603479009447335,1.712566461799545e-10,-1.5675726524798548,0.28356269716027116,1.3206821089909748e-07,160,4.8069890008620625e-06,1.4899108151245126e-06,True,0.0008352462676414726,0.0014632845934362865,True,0.43177582182313934,0.3552335618165334,0.0009190821466589347,-0.06874999999999998,0.001911687774507738,-0.06875,1.712566461799545e-10,1.7459260005277188,2.8603479009447335,0,2.5096964160987363,4.257962151067386e-12,1.9345148699262606,3.2558943841144674,0,,0,1
S2_N160,7500128,2.252757370909999,1.7286788058180473,2.935719322241458,1.8396855407881576e-09,-1.659666274603223,0.2613733661299005,2.2145359017729426e-09,160,4.533816160629189e-07,3.3359781259839846e-08,True,0.005860996374464936,0.00384654371000837,True,0.5238837943229215,0.5197128931804733,0.00011206966976983348,-0.025000000000000022,6.969191930854972e-05,-0.025,1.8396855407881576e-09,1.7286788058180473,2.935719322241458,0,2.470620301759706,1.593468587059335e-10,1.8725736450618253,3.2596660171758907,0,,0,1
S2_N160,7500129,2.3367230104163994,1.7963909649985896,3.0395802104325145,2.5177782077906537e-10,-1.5991113587297168,0.2692367431319465,1.7781676895987798e-08,160,3.461460576342494e-06,1.317410207345972e-06,True,5.957277428820477e-05,3.864952984288259e-05,True,0.8135908321763079,0.8344249923939998,0.0001343821278215085,-0.03750000000000009,3.0276157677646018e-05,-0.0375,2.5177782077906537e-10,1.7963909649985896,3.0395802104325145,0,2.635221087171534,4.746962223438512e-12,2.0021962270241143,3.4683864071580253,0,,0,1
S2_N160,7500130,2.432706733339553,1.8430533745015238,3.2110095845901427,3.448352453980249e-10,-1.1322761806632764,0.25153043486780674,1.3079638428058449e-05,160,2.4111579358125287e-05,3.349266189418616e-05,True,0.000499403363619425,0.0010486895647486324,True,0.8670067096564789,0.9794642398465325,1.1257991812146091e-05,0.0,9.232480741870033e-06,0.0,3.448352453980249e-10,1.8430533745015238,3.2110095845901427,0,2.4809960173167336,6.633758227016726e-10,1.8593541434861578,3.310472757169682,0,,0,1
S2_N160,7500131,2.5966916448968083,2.0107634226900846,3.3533569501956024,2.59992075075456e-13,-0.7541169280730876,0.24581056331789958,0.0025398889945292616,160,1.4671994379908654e-06,4.96453423482898e-07,True,6.974803103712889e-05,5.201733565330094e-05,True,0.7534247277721638,0.9644649259874133,0.00038727132423170985,0.04375000000000007,0.0005726117347978375,0.04375,2.59992075075456e-13,2.0107634226900846,3.3533569501956024,0,2.6635564536869105,4.614501874679151e-14,2.0649112773782403,3.4357568093603135,0,,0,1
S2_N160,7500132,2.988576398262481,2.2061029226634927,4.048582138438117,1.5668638665495558e-12,-0.653762822868981,0.2618858742427071,0.013579768768873936,160,1.1917050218111609e-05,2.095793643871963e-06,True,0.00021941485659642468,0.0005171327177281553,True,0.6494125599817109,0.7800184250339797,0.0006168364077171099,0.07500000000000007,0.0004194965026949489,0.075,1.5668638665495558e-12,2.2061029226634927,4.048582138438117,0,3.338021291400053,2.238989144792468e-15,2.4777701389340665,4.496941006252306,0,,0,1
S2_N160,7500133,3.689375457813834,2.8174429167098123,4.831150682056917,2.3198768765438843e-21,-1.6650970683973794,0.26193475724086535,2.1344191936243304e-09,160,5.876550879956483e-05,2.5654407640100116e-06,True,0.00141765143249535,0.0009767709726000444,True,0.32419996906451165,0.2422238088163654,0.0006913017032196893,0.0625,0.0003899560034897222,0.0625,2.3198768765438843e-21,2.8174429167098123,4.831150682056917,0,4.4360945625349775,2.435859118872309e-21,3.260606513405441,6.0353602579292325,0,,0,1
S2_N160,7500134,2.6428302900488285,2.0436998129749044,3.417601693583627,1.2717242674431145e-13,-1.72854402940735,0.2575161322519006,3.3014778211350104e-10,160,5.032313601017982e-07,1.826445682769256e-08,True,0.0014080609074848683,0.0009657080170439192,True,0.4520351776117594,0.44838706739291956,0.0002696534027451516,-0.043749999999999956,0.00011750682731492964,-0.04375,1.2717242674431145e-13,2.0436998129749044,3.417601693583627,0,3.176283294524054,1.5043465428264476e-16,2.4141627153516847,4.178995683645495,0,,0,1
S2_N160,7500135,2.1347484505666223,1.6690947925483635,2.7303128423513714,1.5376758676164534e-09,-1.7087867442241516,0.25860640467610735,5.752745847703613e-10,160,3.1991233923223343e-07,4.950629034837841e-07,True,0.00038564649470224056,0.00021268549777637706,True,0.8439861035184169,0.9835906120560675,7.220615666830247e-05,-0.02499999999999991,3.212521962305984e-05,-0.025,1.5376758676164534e-09,1.6690947925483635,2.7303128423513714,0,2.233105931684797,3.6656718530402643e-09,1.7099183110666072,2.9163744664592777,0,,0,1
S2_N160,7500136,2.584304831877767,1.9987149880983843,3.3414626416650584,4.414352091563285e-13,-1.676524921101319,0.2796344526885645,1.3445314603112007e-08,160,9.355948094266869e-06,1.8131988802421517e-06,True,1.8187413704436553e-05,6.095360270822624e-06,True,0.14837664091865174,0.08345427155744757,0.00011376515075451017,-0.03125,0.00020302367601353466,-0.03125,4.414352091563285e-13,1.9987149880983843,3.3414626416650584,0,2.720214164597652,9.750567687740224e-13,2.066340316661105,3.5810002067976314,0,,0,1
S2_N160,7500137,2.975671704284837,2.2710927957035114,3.89883764698331,2.5791797105263125e-15,-1.7596056256807842,0.2693072402022612,8.487742321295485e-10,160,1.642076568474828e-05,5.326267009812989e-06,True,0.0004398261707427584,0.0006520528382258036,True,0.17044240122909826,0.2816393698873023,3.053630826672531e-05,0.0,4.978622825293552e-05,0.0,2.5791797105263125e-15,2.2710927957035114,3.89883764698331,0,3.14722978886508,2.010122336144525e-13,2.318013822482912,4.273078636481149,0,,0,1
S2_N160,7500138,3.4096388667408335,2.605915225300434,4.461249195184163,3.784231537596448e-19,-1.5326774042655424,0.2710160183966305,7.170970909873077e-08,160,3.599786657781509e-05,1.4521789058323321e-06,True,0.0019309065498171482,0.0012347542081168246,True,0.9751728354958599,0.9794919118579115,1.8304405204591163e-05,0.006249999999999978,4.829433565797189e-05,0.00625,3.784231537596448e-19,2.605915225300434,4.461249195184163,0,3.922410094624992,3.149584052586669e-22,2.975538993707675,5.170592952386472,0,,0,1
S2_N160,7500139,2.7499823993109773,2.055070271061669,3.6798757215310944,9.985616421673423e-12,-1.1749999999999998,0.2746683574371925,3.2675640325352394e-05,160,2.9518647544804186e-05,2.0181107479360215e-05,True,0.0020866168830352104,0.0032995548858176685,True,0.6734708471684663,0.8207711817667117,0.0012527676497370716,0.08125000000000004,0.0008950461004096782,0.08125,9.985616421673423e-12,2.055070271061669,3.6798757215310944,0,3.009621900427563,8.68694116664149e-13,2.225047004836514,4.0708461276748364,0,,0,1
S2_N160,7500140,2.6521449039721907,1.9585098434395276,3.591441020951317,2.875360109756947e-10,-1.432603500108873,0.26131661647412596,1.642768518487523e-07,160,1.038147955621501e-05,4.544019807957891e-05,True,6.950953602482835e-06,4.997406348282501e-06,True,0.5835145851933723,0.7449035864645948,0.0006746752611305215,-0.05624999999999991,0.00024999590502307323,-0.05625,2.875360109756947e-10,1.9585098434395276,3.591441020951317,0,2.7748735247000647,2.3577948646363097e-10,2.023632875812706,3.8049999928910094,0,,0,1
S2_N160,7500141,2.430220567121795,1.848179073092698,3.195562643710098,2.0580047435561392e-10,-1.3475904291170526,0.28920848366555707,6.717842902657495e-06,160,2.1105816578484784e-07,1.249727814787757e-07,True,0.010228454761266643,0.019336496631913953,True,0.9875798394059513,0.9795116070743757,0.0006717545555273736,0.0625,0.0011031261656715412,0.0625,2.0580047435561392e-10,1.848179073092698,3.195562643710098,0,2.5765105947709968,1.2932737954427838e-10,1.9306486858142686,3.4384333585617557,0,,0,1
S2_N160,7500142,3.214555911071687,2.4822036583645843,4.1629822237125085,8.593259396534103e-19,-1.2078970550519053,0.27156691438971986,1.634152091286907e-05,160,0.0005846626572043662,0.00047061356967125373,True,0.007049777403051738,0.008692360198001084,True,0.8755478209299066,0.9685556223138501,0.00017121443526151988,-0.04375000000000007,0.00026528964375848927,-0.04375,8.593259396534103e-19,2.4822036583645843,4.1629822237125085,0,3.4365856817046736,1.2790783062150747e-20,2.6500838173144756,4.456508534007667,0,,0,1
S2_N160,7500143,2.543100280796307,1.9634285186108649,3.2939111237733996,1.5301053382558633e-12,-1.1624999999999996,0.2754882648420124,4.1227906554395405e-05,160,0.009188053980120348,0.017264440162201414,True,0.13978388227156774,0.11220464666978477,True,0.6336306682335042,0.4501170604854535,0.0017019107430185263,0.08125000000000004,0.002107829419622556,0.08125,1.5301053382558633e-12,1.9634285186108649,3.2939111237733996,0,2.74384314962603,6.545661299717165e-12,2.0570653372117724,3.6599105986367726,0,,0,1
S2_N160,7500144,2.4890522594223428,1.9020389669117603,3.257231454198113,3.035811013311833e-11,-1.6009208708960931,0.25251641757859666,2.3310707085307845e-09,160,7.460628549851407e-07,9.488838322047414e-08,True,0.0007134778492905397,0.00020136413754176202,True,0.6278849340522351,0.7643486713312986,0.0005028818681547582,-0.050000000000000044,0.0010120044145755915,-0.05,3.035811013311833e-11,1.9020389669117603,3.257231454198113,0,2.804463040637724,2.7582552829613727e-13,2.1266752315254447,3.6982670554081207,0,,0,1
S2_N160,7500145,2.832139565051226,2.160313620652254,3.712893553625235,4.874238158277267e-14,-1.7581045236688329,0.2733947599909363,1.455759792553035e-09,160,1.5332485262033523e-06,3.5538700288768206e-06,True,2.6360912477709353e-05,0.0003055966290459134,True,0.12010331516072373,0.15616191112933306,0.0003272803827852657,0.05625000000000002,0.0005258834314675828,0.05625,4.874238158277267e-14,2.160313620652254,3.712893553625235,0,3.053060866728874,5.091333352162459e-15,2.308425465495386,4.037895437941265,0,,0,1
S2_N160,7500146,2.3708007919094585,1.8454961587223095,3.0456288778243175,1.4320734286214508e-11,-1.7850941147515567,0.26244542120622305,2.047568014976312e-10,160,0.0013638714934701742,0.0019650439675018886,True,0.00042757847081764807,0.00019425048251742953,True,0.19205961065115784,0.25329078176656195,0.044931831709524694,0.15000000000000002,0.04774912609403111,0.15,1.4320734286214508e-11,1.8454961587223095,3.0456288778243175,0,2.511337472704895,2.4137603729106547e-11,1.9166539955434805,3.2905343982148785,0,,0,1
S2_N160,7500147,2.595846538876566,1.951505563290338,3.452933663194958,5.64082966819401e-11,-1.20978143056386,0.25146134709679696,3.4963749619863633e-06,160,0.000243095143387131,0.00010522369181456311,True,3.892035279042483e-05,3.655378906343254e-05,True,0.6872652389991422,0.5118684076284595,7.225042839224156e-06,-0.012499999999999956,1.7300630174154504e-05,-0.0125,5.64082966819401e-11,1.951505563290338,3.452933663194958,0,2.82600237499938,4.0685506244183737e-13,2.1343097147689707,3.7418605970064727,0,,0,1
S2_N160,7500148,2.8571679355742314,2.2349497822233517,3.6526138873476044,5.403567141393455e-17,-2.168673515393534,0.2594079041946751,3.158722480393211e-14,160,8.43749510405744e-07,3.290684372334485e-07,True,0.0004471083565145301,0.00015465107476088832,True,0.7871059379782521,0.6907542614683257,0.00020008445270021103,-0.043749999999999956,0.00022873508369553887,-0.04375,5.403567141393455e-17,2.2349497822233517,3.6526138873476044,0,2.9796273831272853,1.3509149810395702e-17,2.3191582766679386,3.8281903531990578,0,,0,1
S2_N160,7500149,2.9588305809576037,2.3403061319288017,3.740826162598906,1.2313723263564622e-19,-1.3400417829387594,0.29955205882946934,1.4697972396336649e-05,160,7.769806268765402e-06,1.2289570095547481e-05,True,0.012359552732885092,0.004247460486520504,True,0.11743392714633315,0.15440476072138112,0.005921777415547809,0.10624999999999996,0.00509741171305904,0.10625,1.2313723263564622e-19,2.3403061319288017,3.740826162598906,0,3.177523673210678,1.962366749791804e-18,2.4532627902510917,4.115603405365672,0,,0,1
S2_N160,7500150,2.470652990035556,,,,-1.058825246185329,0.2638847905759015,9.277250293006593e-05,160,5.896170333364395e-06,5.533877582178031e-07,True,0.0028047991316826064,0.0039102929343992265,True,0.11374563857725768,0.13931024565658923,1.667359133981209e-06,0.0,4.875108162095602e-07,0.0,1.0652237209021058e-10,1.9083216087608876,3.1986884019697115,1,2.6016910934604875,1.012050552556172e-09,1.9452987193163056,3.479566648854109,1,0.0,0,1
S2_N160,7500151,1.9777359915071582,1.5460938641243436,2.5298849849055656,5.684044411992319e-08,-1.5526370958943962,0.26762174889278734,3.515040413556438e-08,160,1.0184012356141154e-05,1.9973324861028593e-06,True,8.697934748301445e-06,1.8448970074196844e-05,True,0.9730883411968085,0.8304608360093492,0.0001765801740279259,-0.03749999999999998,0.00017264219052445933,-0.0375,5.684044411992319e-08,1.5460938641243436,2.5298849849055656,0,2.171093545774329,4.839993980614127e-09,1.6746678202966854,2.8146759180384056,0,,0,1
S2_N160,7500152,2.2241881977203057,1.6817097736223574,2.9416568878127936,2.0942776547195343e-08,-1.3920170579541729,0.2412662101003449,4.11164900859721e-08,160,2.208059481493765e-06,1.0750897314293811e-06,True,0.14778232267065744,0.17142157952939552,True,0.9649144326156661,0.9522049814245442,0.00014858236657692026,0.02499999999999991,9.766666271827319e-05,0.025,2.0942776547195343e-08,1.6817097736223574,2.9416568878127936,0,2.3648093149192926,1.1951928385364064e-08,1.7590344230154733,3.1792004879257907,0,,0,1
S2_N160,7500153,2.463228558329189,1.9084742748022927,3.179238520884467,4.382683504504704e-12,-1.3021561265547228,0.2835633563324195,8.945351578518097e-06,160,2.0614769965055502e-07,4.017968891777098e-08,True,0.0006917617306780783,0.0003332810806886853,True,0.07322211402856023,0.06580783869064091,0.003054645638964332,-0.08124999999999993,0.004261580926182233,-0.08125,4.382683504504704e-12,1.9084742748022927,3.179238520884467,0,2.8791272112178774,4.3280703180647184e-14,2.1880101025322585,3.7885444353212345,0,,0,1
S2_N160,7500154,1.9096539353366269,1.521743115073478,2.3964479396186262,2.3499080599259124e-08,-1.450280644656006,0.26635194346270263,1.9597866395897347e-07,160,0.006138510670794723,0.002101506499887916,True,0.008438130770568812,0.01137813881245853,True,0.9161383077350921,0.7473664535037571,0.003911314664435359,0.09375,0.0031251714875857556,0.09375,2.3499080599259124e-08,1.521743115073478,2.3964479396186262,0,1.9881719218079572,2.464216708143699e-08,1.5615045663820786,2.5314223703002248,0,,0,1
S2_N160,7500155,2.509986711606615,1.9778295507631998,3.1853267082650003,3.7381861675028024e-14,-0.9875000000000017,0.2641013247151336,0.00025832525991560884,160,0.00020251966954939964,0.0002087779493809566,True,0.0007358600998144174,0.00030641376877491895,True,0.9679351141664627,0.7853864081765718,0.00012008701617510567,-0.03749999999999998,0.00010495487428606962,-0.0375,3.7381861675028024e-14,1.9778295507631998,3.1853267082650003,0,2.7268877545010266,1.1341771293670381e-13,2.0924418108543015,3.5537030406650683,0,,0,1
S2_N160,7500156,2.501179391692508,1.9871877932471957,3.148116333386264,5.680670015443474e-15,-1.4461056110780406,0.24928701409510579,3.526170392342128e-08,160,0.0007860458942462086,0.0007920761136609632,True,0.013488383173430998,0.004188559855495956,True,0.15515605359716497,0.18594577962848857,0.00027708882192860383,-0.04999999999999993,0.00010789825015028844,-0.05,5.680670015443474e-15,1.9871877932471957,3.148116333386264,0,2.9458688364459595,1.8951919153088027e-15,2.2568692393349075,3.8452131166008066,0,,0,1
S2_N160,7500157,2.3946593909037532,1.8474244573810183,3.103993549253341,4.202260392967141e-11,-1.5837346415833404,0.2666290603034071,1.7744718704410433e-08,160,2.9813152969817166e-05,1.9921067717536322e-05,True,0.00023230445542190867,0.0002918690043750808,True,0.20856072987953522,0.24625894891119116,9.701240556396472e-06,-0.012499999999999956,3.1974076726379674e-05,-0.0125,4.202260392967141e-11,1.8474244573810183,3.103993549253341,0,2.4707318971407215,1.1654339993044434e-10,1.8764720406236832,3.2531878841741926,0,,0,1
S2_N160,7500158,2.498930026917337,1.9098450199466568,3.2697162409562943,2.4382458359693775e-11,-1.6646908388467372,0.25167136159189263,5.547720473378964e-10,160,1.720368451503226e-05,1.5036510881054163e-05,True,5.821679404696236e-06,4.467879837596042e-06,True,0.2828787707918998,0.32820528053392395,0.011690327937151447,-0.11874999999999991,0.010488647399811042,-0.11875,2.4382458359693775e-11,1.9098450199466568,3.2697162409562943,0,2.559097062264745,3.579639791618995e-11,1.937648505502108,3.379858501423608,0,,0,1
S2_N160,7500159,2.9731772142758786,2.3022110744821975,3.8396925657554988,6.819026542973577e-17,-1.200000000000001,0.2710110825185155,1.7748106652389042e-05,160,0.011484906118599291,0.00820409238705327,True,0.003204068078928363,0.0023505986764463037,True,0.4645898063977095,0.3510836360430716,0.0018530542463172414,0.06874999999999998,0.0019116877745077377,0.06875,6.819026542973577e-17,2.3022110744821975,3.8396925657554988,0,3.0136418429728415,1.7298810580759651e-15,2.2967643041239665,3.95427477752482,0,,0,1
S2_N160,7500160,2.8184511557475442,2.263412402059566,3.509597680964556,2.0405404701058176e-20,-1.295937457091859,0.2569776003964675,1.2513991171868708e-06,160,9.421015709976456e-05,6.292781551834464e-05,True,9.532527467443893e-05,7.028528697966834e-05,True,0.41621052472213704,0.5884885779589686,3.219927796312218e-05,0.018749999999999933,2.3601584834292993e-05,0.01875,2.0405404701058176e-20,2.263412402059566,3.509597680964556,0,3.096838603704901,1.1041427846772352e-19,2.4262188098840616,3.9528212782486865,0,,0,1
S2_N160,7500161,3.197294073582592,2.514010321648213,4.066287757428243,2.6630665202218445e-21,-1.308916274757566,0.2490974192054077,4.768674538078546e-07,160,7.968870026710207e-06,3.80546408417434e-06,True,0.0063279217876652995,0.004483446577910026,True,0.15795038517335225,0.3523013217332114,0.00306025460920058,0.08750000000000002,0.0019569091840986566,0.0875,2.6630665202218445e-21,2.514010321648213,4.066287757428243,0,3.4534661798136748,1.6107973655082352e-20,2.6585226630141405,4.486111335833069,0,,0,1
S2_N160,7500162,3.2518321972316646,2.434819812335385,4.342995972589014,1.3740926458529244e-15,-1.3118736939865334,0.26087057294899785,1.3336572955180399e-06,160,6.802222074874986e-07,1.4709866032125146e-07,True,3.146698859277843e-06,1.3539375052845229e-06,True,0.7829125759266963,0.642113829583669,3.812698489394701e-05,-0.012499999999999956,5.473605443359344e-05,-0.0125,1.3740926458529244e-15,2.434819812335385,4.342995972589014,0,3.4000858394186633,6.265359934753494e-15,2.4998420174322313,4.624525723945559,0,,0,1
S2_N160,7500163,2.1354586294554694,1.6210994977294995,2.813018919876783,6.817630062647912e-08,-1.4625000000000004,0.25708722138261414,6.098868721648775e-08,160,0.00015988279571228724,7.849831104778464e-05,True,0.0018406798154255476,0.0005666608512550601,True,0.17952100631618573,0.16316634110003492,0.000917493065165649,0.0625,0.0007795898659828484,0.0625,6.817630062647912e-08,1.6210994977294995,2.813018919876783,0,2.3179348063469303,3.200097601359772e-09,1.7548723757437468,3.061659549001381,0,,0,1
S2_N160,7500164,3.087518916096911,2.388565359946205,3.991003644744702,7.398661670204994e-18,-1.3874016770659812,0.24054055775531347,4.147661887345981e-08,160,6.247338546553779e-09,6.079487814578999e-09,True,0.0573020806662505,0.04202195483615814,True,0.06120303718150796,0.04216078967271263,0.0008255833689822548,0.05625000000000002,0.00014529884248804016,0.05625,7.398661670204994e-18,2.388565359946205,3.991003644744702,0,3.337344735890567,1.1203305471003552e-16,2.5100078410559434,4.4373844989627,0,,0,1
S2_N160,7500165,2.3341661727618113,,,,-1.7874999999999988,0.23064443940069684,1.0754098701398572e-12,160,0.000584002533458788,0.0009044443358771192,True,9.693787514725958e-05,4.3948882305440175e-05,True,0.5927342255947352,0.9767549657243366,1.4667648519616232e-05,-0.006250000000000089,7.930039900036434e-06,-0.00625,1.5463438377835623e-09,1.7979482318627102,3.0303051141917154,1,2.633572978976732,2.8281547281510024e-10,1.9825984389928832,3.498291181506007,1,0.0,0,1
S2_N160,7500166,3.1247865475885965,2.416941646365313,4.039936579633424,3.505075585948984e-18,-1.3615387681881592,0.2601636629381948,5.259622897922758e-07,160,0.0003707434672766592,0.00013419167819710693,True,0.00025152512221151137,0.0002500677719966465,True,0.1141788556889186,0.07388796093989332,0.00020206133510646706,-0.03749999999999998,0.00034693357750134146,-0.0375,3.505075585948984e-18,2.416941646365313,4.039936579633424,0,3.529908827471115,3.048549391213728e-19,2.6793855808791567,4.650415535254935,0,,0,1
S2_N160,7500167,3.092112756878112,2.351871491001065,4.06534172374303,6.196130100459139e-16,-1.1708971852472865,0.2689664755389229,2.408242171058663e-05,160,0.00023716071674662514,0.0002531337499442318,True,0.0043013057167579465,0.0045812876088152776,True,0.9450973256568987,0.9045023926460974,4.682067702322486e-05,0.03749999999999998,0.00023229345634865326,0.0375,6.196130100459139e-16,2.351871491001065,4.06534172374303,0,3.1521481973160452,5.808487847130603e-15,2.362909117489478,4.205002293274633,0,,0,1
S2_N160,7500168,2.093638400029906,1.5517272580155457,2.824801670163012,1.3320465019111878e-06,-1.4092853973525514,0.2642865743643146,3.323867482302613e-07,160,5.3113589177875776e-05,1.600616224403184e-05,True,0.008202098114323972,0.004489210977218102,True,0.28509065253188937,0.27061440746574694,0.00014456003307670195,-0.043749999999999956,0.00026528964375848927,-0.04375,1.3320465019111878e-06,1.5517272580155457,2.824801670163012,0,2.1445910541610242,2.275563523435329e-06,1.5630269599429738,2.9425409205707456,0,,0,1
S2_N160,7500169,2.4761936631901205,1.8762229389637661,3.2680205162662292,1.5036870270302003e-10,-1.1344377513814232,0.26043589980402376,2.3828960719019708e-05,160,0.0007646398391772193,0.0014742330798211997,True,0.0011975399817339676,0.00164812898915063,True,0.5454375175046615,0.3130032302611103,2.841266924872044e-05,0.006249999999999978,3.4280991592837514e-05,0.00625,1.5036870270302003e-10,1.8762229389637661,3.2680205162662292,0,2.6955769523973188,1.2713776295322603e-10,1.9924789622969605,3.6467813431360416,0,,0,1
S2_N160,7500170,2.7763222857586407,2.1070508569896464,3.6581772142949074,3.998507489431192e-13,-1.5829179956947326,0.2638379851484457,1.3167675546041958e-08,160,7.426437704524537e-07,7.834740357565424e-08,True,0.00010125782707506056,0.00021377934085034858,True,0.5066009021618292,0.46559392261554744,3.3529964175208413e-05,0.02499999999999991,2.58308178468322e-05,0.025,3.998507489431192e-13,2.1070508569896464,3.6581772142949074,0,3.017667845385495,5.753594819471005e-14,2.2622782058494804,4.0252870763320345,0,,0,1
S2_N160,7500171,3.29286128172504,2.4682462452650737,4.392971504153716,5.343866491326006e-16,-1.5442930191196091,0.27814535412213837,1.177829345201978e-07,160,0.00010703487392997878,3.739619814186632e-05,True,0.0004353494274762567,0.00012487221609029444,True,0.8946794348071221,0.8209750341225706,0.00018474404250004028,0.03749999999999998,1.0193930032759634e-05,0.0375,5.343866491326006e-16,2.4682462452650737,4.392971504153716,0,3.9334206677544272,9.060438995529405e-21,2.951526766750903,5.24196437037545,0,,0,1
S2_N160,7500172,2.84624107636408,2.207935380092171,3.6690785146275315,6.847592252083211e-16,-1.4730910347514694,0.25447650993774623,3.744728490651126e-08,160,2.935288496148227e-07,3.1808689399510473e-06,True,0.0007890859001553694,0.00035487145736747396,True,0.22046693870897893,0.23677976184095173,2.3225014430322563e-05,0.0,3.0386094970011283e-05,0.0,6.847592252083211e-16,2.207935380092171,3.6690785146275315,0,3.290150081971122,1.9391145943111992e-14,2.489293261807546,4.3486590061446515,1,0.0,0,1
S2_N160,7500173,2.3496435610582447,1.8006206917236685,3.066067656224469,3.147540785321857e-10,-1.1750000000000043,0.26851775586625,2.1966518769981423e-05,160,0.0012299920207765025,0.0005189094825211968,True,5.93820576169072e-05,1.1260276350428878e-05,True,0.07701919165260751,0.23428245945465498,6.119556067670421e-05,0.018750000000000044,6.186036010926148e-05,0.01875,3.147540785321857e-10,1.8006206917236685,3.066067656224469,0,2.4215379968279325,1.5691748010449665e-09,1.817166076896158,3.2269181912625626,0,,0,1
S2_N160,7500174,2.48343309325051,1.8610192220866113,3.314011943270926,6.434612306793991e-10,-1.7551230335175783,0.279467503722518,3.1695337368657076e-09,160,1.0123748953466273e-05,6.92246959671046e-06,True,0.0064831216941111875,0.004964127663231395,True,0.7740132456153423,0.524050865349942,2.8657836174617452e-05,0.0,1.7405235176258056e-05,0.0,6.434612306793991e-10,1.8610192220866113,3.314011943270926,0,2.4934621585016994,6.846786553569862e-10,1.8652879765952972,3.3331869469444952,0,,0,1
S2_N160,7500175,2.4804145695323445,1.8843119477820034,3.2650944255754966,9.312723068005434e-11,-1.724999999999999,0.26218566040141944,6.681514643781926e-10,160,0.0022104159233466945,0.0004705355456642093,True,0.0007193280801249334,0.000432347101822368,True,0.41390107980692303,0.4353283814026103,4.0138592394749344e-05,0.012499999999999956,3.854716855896062e-05,0.0125,9.312723068005434e-11,1.8843119477820034,3.2650944255754966,0,2.550599927358241,3.55834720614171e-11,1.9331885993959925,3.3651967487665035,0,,0,1
S2_N160,7500176,2.0176084125503166,1.5856665868826294,2.5672128933464897,1.1259278282299975e-08,-1.125,0.26761475217946373,4.3932027328936855e-05,160,0.001570342891314947,0.0017938703776699287,True,0.00814149251198623,0.0026391896795840432,True,0.26259429489128794,0.40598235195224774,0.0008651594657174587,-0.07499999999999996,0.000583868011109538,-0.075,1.1259278282299975e-08,1.5856665868826294,2.5672128933464897,0,2.2156656257248324,3.458202188658251e-09,1.7017210658921789,2.8848289319641407,0,,0,1
S2_N160,7500177,2.6523392394794354,2.0034660997948763,3.5113663475526806,9.474971810178255e-12,-1.6875000000000013,0.2524578661921727,3.8335465988173044e-10,160,1.7758379671397676e-08,1.2408078690098555e-09,True,0.001677147718523509,0.0004276980401599365,True,0.5855639821653429,0.6269098495044241,0.0001742664952503492,0.03749999999999998,7.428652209858651e-06,0.0375,9.474971810178255e-12,2.0034660997948763,3.5113663475526806,0,2.8222069797146254,7.567810627748748e-12,2.0969965942102786,3.798218966278047,0,,0,1
S2_N160,7500178,2.5782282324434447,2.0138149058382075,3.3008300809064024,5.771940402629742e-14,-1.6500000000000017,0.2777651389174571,1.7706968446935092e-08,160,3.465164243203321e-08,8.92131793385486e-10,True,0.0005353222113637919,0.00025790776171789545,True,0.3638524263512346,0.31460025898049215,4.314313142220731e-05,0.006249999999999978,1.2652984085046772e-05,0.00625,5.771940402629742e-14,2.0138149058382075,3.3008300809064024,0,2.7960315972658667,4.953941069641765e-14,2.1397402308627123,3.653617658886141,0,,0,1
S2_N160,7500179,3.1122306911364164,2.3694742787067278,4.087818113028059,3.327483567413194e-16,-0.9178516796550371,0.23844651285657276,0.0001720294215616345,160,1.945374425812543e-06,7.310313392655807e-07,True,0.00047971744912533035,0.00027764250401048676,True,0.6028282119531261,0.5955861970639806,0.0016080324473760896,0.08125000000000004,0.0010307219135345207,0.08125,3.327483567413194e-16,2.3694742787067278,4.087818113028059,0,3.536229256246022,1.6810288908587157e-17,2.644009741947824,4.72952771479503,0,,0,1
S2_N160,7500180,2.331006113460518,1.7836449754062484,3.0463402616054456,5.734994925659638e-10,-1.4529065500106864,0.2570076266545678,7.245441117213777e-08,160,0.00038782190514047646,0.00034103805463675773,True,0.06862162844833371,0.05109290296051923,True,0.0910007111466661,0.2589336633236208,5.675084216613624e-05,0.018749999999999933,1.8914272851749572e-05,0.01875,5.734994925659638e-10,1.7836449754062484,3.0463402616054456,0,2.515447919077208,2.6173924149773684e-10,1.889618386596016,3.3485481928381637,0,,0,1
S2_N160,7500181,3.1530141466168593,2.4041603439008337,4.13512278163428,1.036942118747069e-16,-1.3463240587367804,0.28383544153212387,4.689592214069109e-06,160,3.0992545607139463e-06,2.108942067735586e-06,True,0.005589513067008865,0.024210500320999216,True,0.7668984397724792,0.9032359248693158,0.00040394847007159954,-0.043749999999999956,0.0003057396559861135,-0.04375,1.036942118747069e-16,2.4041603439008337,4.13512278163428,0,3.329565734641081,7.053737611688287e-17,2.5102249275660067,4.416340487880241,0,,0,1
S2_N160,7500182,2.4389533138107318,1.869037376911065,3.1826507807882107,5.177345228638842e-11,-1.6778740709264275,0.2731363168564348,6.38946415403484e-09,160,0.0056901217134291615,0.00786654045591259,True,0.029161650894442705,0.022187390480622016,True,0.2318470325247467,0.2484263461878281,9.090483001151036e-05,-0.03125,0.00013000285811884448,-0.03125,5.177345228638842e-11,1.869037376911065,3.1826507807882107,0,2.6654043930887648,2.2503918527267256e-10,1.9688291266174671,3.60842923474142,0,,0,1
S2_N160,7500183,2.7730570648461765,2.137469503080385,3.5976398605038225,1.6028907754235437e-14,-1.4949112946340652,0.27263202186738816,1.634957232354943e-07,160,2.771092217498266e-07,1.9115743233802204e-08,True,0.02814868833381414,0.030848883144375658,True,0.7654408221992689,0.8599382535578279,3.346972434302759e-05,-0.02499999999999991,0.00011440189229368541,-0.025,1.6028907754235437e-14,2.137469503080385,3.5976398605038225,0,3.1518287179210214,5.552007589878246e-17,2.409225442646788,4.123326979395543,0,,0,1
S2_N160,7500184,2.6593414198163976,1.9978317748060985,3.539886028610934,2.0500015884133454e-11,-0.870780341656725,0.26467486282487945,0.0012370388044135002,160,0.00013538514226266483,3.980551555547184e-05,True,0.06189983563474471,0.06013526825586747,True,0.25537187269072315,0.25315093604923244,0.00035121395340384026,0.050000000000000044,0.00018760609798665492,0.05,2.0500015884133454e-11,1.9978317748060985,3.539886028610934,0,2.903302558071507,4.448029931948579e-11,2.1143960292161523,3.9865595788265886,0,,0,1
S2_N160,7500185,3.127521096672457,2.450667794989677,3.9913154406848075,5.017410571852617e-20,-1.3071598016566166,0.26063092260068205,1.4166692462059372e-06,160,2.8607537619876274e-06,2.6446422314887673e-07,True,3.259410596432767e-05,4.675964632423717e-05,True,0.017641699071104383,0.07281116192392753,4.799663599180695e-05,0.006249999999999978,4.829433565797189e-05,0.00625,5.017410571852617e-20,2.450667794989677,3.9913154406848075,0,3.242733371843947,1.1679565700379134e-18,2.4965965392178795,4.211861851,0,,0,1
S2_N160,7500186,3.476591027060601,2.6707004587843155,4.52566109751599,2.02628442189327e-20,-1.3785865174083316,0.27930382087692224,2.0198675318945985e-06,160,2.6425569402373452e-05,9.486240084478118e-05,True,0.03144030209981319,0.036040267999237395,True,0.25372794764377893,0.5126111389641456,0.0006378163928048403,0.05625000000000002,0.00034380984716706663,0.05625,2.02628442189327e-20,2.6707004587843155,4.52566109751599,0,3.829224902923602,5.5207526374308795e-22,2.914282847487923,5.031413944535126,0,,0,1
S2_N160,7500187,2.515087513945137,1.9385983572149454,3.2630096787507803,3.824783211287788e-12,-1.7357781377489796,0.23955336080929354,1.8225308904292487e-11,160,0.0005145178739620978,0.0006779894689246667,True,0.0036085068604164694,0.0030870359204926267,True,0.26635020112386676,0.41919942829606105,0.0019030230389217877,0.08124999999999993,0.0005582986218043008,0.08125,3.824783211287788e-12,1.9385983572149454,3.2630096787507803,0,2.6062631022202303,4.244895012625709e-11,1.9605912594266484,3.4645708662299337,0,,0,1
S2_N160,7500188,3.116490914369846,2.3909790131651767,4.062150092439488,4.2048043937550196e-17,-1.2037768638654807,0.2775771897721476,2.5762529194581715e-05,160,1.6583334685735168e-06,2.804601414683789e-07,True,0.0001137185690175317,0.00019600146196144992,True,0.959083307284106,0.8573388885398174,0.0002987944815126564,0.04999999999999993,0.00022163623248806555,0.05,4.2048043937550196e-17,2.3909790131651767,4.062150092439488,0,3.373179733891345,7.9754256677006625e-19,2.5777100731026183,4.414127731378235,0,,0,1
S2_N160,7500189,1.9466670824768897,1.515366341204028,2.5007238361834965,1.8615971604980813e-07,-1.5336217151869955,0.24949993035988285,6.2676708607433395e-09,160,1.2199193871968332e-06,3.893740366983832e-07,True,0.007712483512457911,0.006711976007513572,True,0.3786106727674773,0.27752365103092647,6.350201172615919e-05,0.012499999999999956,8.516031605924452e-06,0.0125,1.8615971604980813e-07,1.515366341204028,2.5007238361834965,0,2.1211960073457345,1.5001776025600088e-08,1.6350164185799683,2.7519433141150547,0,,0,1
S2_N160,7500190,2.404108351790307,1.8730633690757403,3.085713522869174,5.663284754109646e-12,-1.437952700593193,0.2717685338655421,4.0281328695416525e-07,160,5.0266920448681275e-06,1.732845484331724e-06,True,5.2165095208542736e-05,0.0004490803528678925,True,0.4806341000704313,0.6871735293952719,4.132173686174842e-05,0.006249999999999978,7.930039900036434e-06,0.00625,5.663284754109646e-12,1.8730633690757403,3.085713522869174,0,2.6315688315613017,4.231984632205054e-13,2.025729487953611,3.4185978712491845,0,,0,1
S2_N160,7500191,3.291434114804541,2.509452465302362,4.317092545841002,7.445318571472825e-18,-1.208495132996719,0.25167877195293753,3.6404140846873102e-06,160,0.0036397973361462794,0.0011822460222722215,True,0.16910515172558038,0.2687056983903131,True,0.8419218683216447,0.7879885779352727,0.0002484864060300208,-0.043749999999999956,0.00011750682731492964,-0.04375,7.445318571472825e-18,2.509452465302362,4.317092545841002,0,3.444047689489905,1.1916778013228001e-17,2.5942246163364686,4.572258089290419,0,,0,1
S2_N160,7500192,2.7141779179085304,2.1582015262448015,3.413379927907012,1.3669535112838001e-17,-1.6500000000000017,0.2495369560553031,5.615417361407391e-10,160,0.00026821642841381874,0.00018853619496944087,True,0.0027801190699982344,0.002227239173674006,True,0.8040733661490689,0.8277509679640167,6.971664459730562e-05,0.02499999999999991,0.0001771411537223912,0.025,1.3669535112838001e-17,2.1582015262448015,3.413379927907012,0,2.9022481260189776,7.290438606050509e-16,2.2402066224627717,3.759940757482804,0,,0,1
S2_N160,7500193,2.554271772494808,1.9452849181378253,3.353906786060588,1.494679020167409e-11,-1.2213799662179095,0.2694353628203489,1.1464466886109986e-05,160,1.9403753723886466e-05,0.00016159898302721542,True,0.07885524704951045,0.0771509134193691,True,0.9260649834119952,0.9290526008259241,4.5453999383172904e-05,-0.012499999999999956,2.736286263609403e-06,-0.0125,1.494679020167409e-11,1.9452849181378253,3.353906786060588,0,2.8790847298641857,7.298829119079882e-14,2.1825064708531197,3.797985936095298,0,,0,1
S2_N160,7500194,2.5233350225859743,1.9479136046879653,3.2687382134840206,2.3990331140471124e-12,-1.2026526686969068,0.24800049875249777,2.9562421686319084e-06,160,3.471613034086676e-08,9.182940322358783e-10,True,0.05631429927148983,0.04220082636863185,True,0.9824131867728805,0.8209107211359583,0.0012643688431260877,0.07499999999999996,0.0011652983347046316,0.075,2.3990331140471124e-12,1.9479136046879653,3.2687382134840206,0,2.8754222518084696,1.1570671491300002e-14,2.1991566449126556,3.7596472017224913,0,,0,1
S2_N160,7500195,2.137305227828187,1.6515860742380009,2.765870763962024,7.725268814819736e-09,-1.5324113030043907,0.26032945746575087,2.3134595776899058e-08,160,0.00014604492078544365,0.0004300072526714139,True,1.1363933414619848e-05,3.826724506952926e-06,True,0.027445936829573952,0.013418848620532591,0.0009807154728009107,0.06874999999999998,0.0006887182385580343,0.06875,7.725268814819736e-09,1.6515860742380009,2.765870763962024,0,2.2210451512168152,1.0396981085337184e-08,1.6900309340324184,2.9189060770464565,0,,0,1
S2_N160,7500196,2.8778636109778533,2.2405041791679574,3.69653359292825,1.2780032104949798e-16,-1.2680801477064059,0.27391515506593367,7.63667655004986e-06,160,3.705926806722954e-06,1.261847102975019e-06,True,0.013444390942821318,0.017745855733157716,True,0.4788828517023508,0.5396806637146911,5.645290888072968e-05,-0.018749999999999933,0.00013447542671629948,-0.01875,1.2780032104949798e-16,2.2405041791679574,3.69653359292825,0,3.135357952571848,2.0600211028892685e-17,2.4083593914038124,4.081811678872992,0,,0,1
S2_N160,7500197,2.327368207007007,1.725614235963599,3.1389650468213173,3.1222041457987243e-08,-1.5531517386722895,0.28927916040981727,2.8010406169733606e-07,160,6.747033939504065e-05,7.187053686639246e-05,True,0.00014530070278939665,0.00011816261185890452,True,0.2814046347113478,0.3932206077332798,0.000457948105872847,0.05624999999999991,0.00024999590502307323,0.05625,3.1222041457987243e-08,1.725614235963599,3.1389650468213173,0,2.4077337295983314,9.897734918702895e-08,1.7427902744053316,3.3263794260176156,0,,0,1
S2_N160,7500198,2.785392200616223,2.1587277902281796,3.593973147690665,3.3368757651890725e-15,-1.5320156878934874,0.25527131999388997,1.304063431718977e-08,160,4.465097885073304e-07,1.443155924775677e-07,True,4.15539713819861e-05,6.45727772079481e-05,True,0.12345164171897247,0.14428545507902674,0.0004396064124216024,-0.0625,0.00013000285811884418,-0.0625,3.3368757651890725e-15,2.1587277902281796,3.593973147690665,0,2.9430793721273902,2.7588445274490928e-14,2.228682296016923,3.8864741762977517,0,,0,1
S2_N160,7500199,2.8865084422519627,2.201656801984732,3.7843913636679654,1.703607703804856e-14,-1.3374999999999997,0.25056588403735763,3.2396375814381394e-07,160,0.00015826178078148524,3.9773894771073464e-05,True,0.02071931387678838,0.018243054826560957,True,0.0453170769754128,0.032645482306171765,0.00013637296758332472,-0.025000000000000022,0.0002306669516499077,-0.025,1.703607703804856e-14,2.201656801984732,3.7843913636679654,0,3.199268044670996,1.0994898696487825e-14,2.3820285104428884,4.2968906445833985,0,,0,1
S2_N160,7500200,2.3238370745566788,1.7735812360955845,3.044810488056554,9.590585442752515e-10,-1.2698317567405333,0.27325424098094825,7.085757095593819e-06,160,0.03700097007864556,0.033785480195390134,True,4.334688190673674e-05,2.533398005628866e-07,True,0.5084400146973441,0.626539262730101,0.0034614619388912225,-0.08749999999999991,0.0029781254593827804,-0.0875,9.590585442752515e-10,1.7735812360955845,3.044810488056554,0,2.5495581070388904,7.811187802622346e-12,1.949971092175562,3.333509182392788,0,,0,1
S2_N160,7500201,2.5319528636422906,1.9746854273375032,3.2464843336339144,2.3942136419724853e-13,-1.6750000000000005,0.2641334891864675,2.311617448702235e-09,160,2.8478572839361054e-05,1.7927527795628518e-05,True,0.02001090274145852,0.014967441197694623,True,0.32320496454424164,0.4150145905501008,0.0002750961682207841,-0.04375000000000007,0.0003990599817652486,-0.04375,2.3942136419724853e-13,1.9746854273375032,3.2464843336339144,0,2.7670211917613154,2.23507919815112e-13,2.1080762049408546,3.6319399923547944,0,,0,1
S2_N160,7500202,2.6835917552432256,,,,-1.230452439554073,0.2698256898226335,1.0234029602916163e-05,160,3.0559786846314863e-08,3.9003989997028125e-08,True,0.00041793078857245994,0.0008410036997232879,True,0.15888423692676124,0.12150102269597403,2.759837896898462e-05,0.012499999999999956,3.854716855896072e-05,0.0125,6.535594384336184e-10,1.995260244012319,3.609386159234751,1,2.7535651321325685,5.8897048266242625e-09,1.9894493991405129,3.811165511508811,1,0.0,0,1
S2_N160,7500203,2.500798748120304,,,,-1.2560399526487136,0.27494353099867985,9.887888886026407e-06,160,0.00021581448089476996,2.3998033620080874e-05,True,0.0002892899085839739,0.0005493735460331092,True,0.0713848981047764,0.04453319933066841,0.0003863762187342581,0.04999999999999993,0.00040145431188616455,0.05,1.3496685243679362e-10,1.9217272518529132,3.2543610819745776,1,2.8542976694420137,2.5601795080474364e-12,2.1724951882558052,3.7500728332213105,1,0.0,0,1
S2_N160,7500204,2.851069063246967,2.210408637474708,3.6774172275631765,7.145355368499066e-16,-1.3171376237623753,0.2812835033762877,6.088581698881344e-06,160,0.00015934537919101173,0.00020674503398022089,True,0.005728581843151116,0.004180582607794559,True,0.24913620300076866,0.3047853511269677,0.00043866113398246723,0.04375000000000007,0.0003990599817652486,0.04375,7.145355368499066e-16,2.210408637474708,3.6774172275631765,0,3.2827741336771883,3.162130754891168e-16,2.4680283614795626,4.366483862559638,0,,0,1
S2_N160,7500205,2.0245428699370183,1.5677247648922576,2.6144728488067916,6.439974664192555e-08,-1.5440660710804193,0.26531131617596343,3.213991117968911e-08,160,1.3878512364371892e-08,1.3456591322599823e-09,True,0.10770574109630111,0.15100804006248988,True,0.15208147236363656,0.3823144447583242,0.0012043272032591233,-0.05625000000000002,0.0010600355834445832,-0.05625,6.439974664192555e-08,1.5677247648922576,2.6144728488067916,0,2.1524179945309885,9.198037623309478e-08,1.6247045737740913,2.8515357794671843,0,,0,1
S2_N160,7500206,2.624542946342184,2.0045565157047425,3.4362840973694464,2.2539921734227065e-12,-1.1712645092526364,0.26007886857455603,1.2973799834832147e-05,160,1.0483113039883622e-05,6.686471872839605e-06,True,0.003535888878919842,0.001511564408738789,True,0.5776835898172235,0.31017711952277327,0.013521465425886222,-0.11875000000000002,0.007522266727787999,-0.11875,2.2539921734227065e-12,2.0045565157047425,3.4362840973694464,0,2.745067203405908,1.4294816444987552e-12,2.075715615285936,3.630263170794091,0,,0,1
S2_N160,7500207,3.337118549388697,2.4836521851003086,4.4838646407425005,1.2807327093825589e-15,-1.0845361606257236,0.26866606324269965,8.449034349519525e-05,160,0.00017226157394396776,4.0641271521515605e-05,True,1.049712993610072e-05,2.9142516552740794e-05,True,0.43814702801226624,0.5194740685082186,2.5783926415033588e-05,0.018749999999999933,1.1731985912081421e-05,0.01875,1.2807327093825589e-15,2.4836521851003086,4.4838646407425005,0,3.917370198866321,9.441543983069241e-20,2.918821878951796,5.257528520540254,0,,0,1
S2_N160,7500208,2.8733539445594185,2.219666695558792,3.719550735808429,1.1066765758411077e-15,-1.0934897621772883,0.2421707345880041,1.2347126770869525e-05,160,4.310643876288598e-05,1.1365272700937924e-05,True,0.03764727865027924,0.012069142161828637,True,0.4209961975262192,0.3900019633923051,2.4675398916824548e-05,0.006249999999999978,6.167711611417281e-06,0.00625,1.1066765758411077e-15,2.219666695558792,3.719550735808429,0,3.059657598259044,1.7039882985509007e-12,2.293313604199961,4.082086549977158,1,0.0,0,1
S2_N160,7500209,2.5950060125986654,1.9635072701870855,3.4296059442558597,2.0506553966921154e-11,-1.8641885209337268,0.2507215955382456,6.356260929246761e-12,160,0.040403214512495886,0.03942383656079294,True,0.0022375340542302113,0.0005854281476030445,True,0.45608725529842153,0.6598042932154515,0.0006788310566467558,-0.05625000000000002,0.0006775156566796819,-0.05625,2.0506553966921154e-11,1.9635072701870855,3.4296059442558597,0,2.586899430950736,2.8974603681783277e-10,1.9250699067368433,3.476262676193838,0,,0,1
S2_N160,7500210,2.697111483311287,2.059868468412861,3.5314926486614846,5.406045026154592e-13,-1.631021252013676,0.2785138238609015,2.687055301837986e-08,160,2.711770523129525e-05,0.00014327408584659644,True,0.002554031602296468,0.005036765230269109,True,0.685247528591252,0.7748270291233654,0.0023324369116714014,0.08125000000000004,0.0030831900832041475,0.08125,5.406045026154592e-13,2.059868468412861,3.5314926486614846,0,2.9185946711979938,1.1088510441269332e-13,2.1999852173147683,3.8719327692312238,0,,0,1
S2_N160,7500211,2.7319893836047924,2.0925073831671694,3.5669006724517813,1.503753670228636e-13,-1.559268880140893,0.2733126952230541,5.633482110305826e-08,160,2.073905349905e-06,8.989002511652777e-08,True,0.20023700975381742,0.1298113038325207,True,0.38585175738536914,0.4634987784573812,0.00027270625273411445,-0.0625,0.0004539422184446615,-0.0625,1.503753670228636e-13,2.0925073831671694,3.5669006724517813,0,2.8223525924577055,2.718545158298551e-13,2.136751932326496,3.7279358617355753,0,,0,1
S2_N160,7500212,3.2367030628612246,2.5145826881263726,4.166196946556224,7.579517572941147e-20,-1.2543354392318564,0.2562084930003377,2.4110937245900704e-06,160,0.002751452139941406,0.0022843045555609722,True,0.0001001130611763398,9.040233165277347e-06,True,0.6311135973635682,0.6194741277994513,0.0001285856696636552,-0.025000000000000022,0.00015401209425133666,-0.025,7.579517572941147e-20,2.5145826881263726,4.166196946556224,0,3.2676996844409953,1.2992103839229496e-17,2.490425135665073,4.287565634790398,0,,0,1
S2_N160,7500213,2.734854736448555,2.1153675988037692,3.535759190839776,1.6264983007197807e-14,-1.600351163972348,0.28303493942104835,7.20743168519378e-08,160,4.762572515437488e-05,5.25074002814235e-06,True,0.6060081834811586,0.7712831732129259,True,0.018910010882836295,0.015039338498557465,0.0012715758334540903,-0.06874999999999998,0.0012745446974670542,-0.06875,1.6264983007197807e-14,2.1153675988037692,3.535759190839776,0,2.887480768752813,1.4915682516681482e-14,2.203530756990897,3.7837208141823004,0,,0,1
S2_N160,7500214,2.385549348763375,1.8525246835653584,3.0719405500350985,1.599504253695434e-11,-1.0779800601734422,0.24811165379415986,2.49379022280217e-05,160,0.0004062402456240584,0.00047237165332367486,True,0.0064831216941111875,0.0029265929047975763,True,0.899633035718678,0.759254935933654,1.1517274928193357e-05,0.0,3.6055311605771174e-05,0.0,1.599504253695434e-11,1.8525246835653584,3.0719405500350985,0,2.5566381351638254,2.5750568356497298e-09,1.9062841696751374,3.428868926340544,1,0.0,0,1
S2_N160,7500215,2.6908603563311866,2.0679756991694322,3.5013609977055906,1.7239241296082686e-13,-1.098097502351343,0.2732102636764472,9.038372271041946e-05,160,1.1486355011870312e-05,2.291701435872485e-06,True,0.0005260089407541151,0.0015136652988612007,True,0.8613984152912919,0.841114221067587,1.623793017644513e-05,0.012500000000000067,1.7300630174154504e-05,0.0125,1.7239241296082686e-13,2.0679756991694322,3.5013609977055906,0,2.9277937125476696,2.374500151831148e-14,2.221643060830814,3.858394795439399,0,,0,1
S2_N160,7500216,2.607102196168513,1.9394034032012375,3.5046766701797982,2.1812213244480118e-10,-1.5237556462060997,0.26398635180460284,4.0622592066667715e-08,160,0.005047573736306042,0.003930176002586914,True,0.041380059281759,0.05345151104663721,True,0.3566748796982999,0.48898560364205923,0.014144209758807915,0.125,0.009551486492330088,0.125,2.1812213244480118e-10,1.9394034032012375,3.5046766701797982,0,2.6647961703319183,4.213026680027213e-10,1.9592556246020467,3.6244064022314606,0,,0,1
S2_N160,7500217,3.1152128692914287,2.4082695495645794,4.029678165699326,5.030860640909563e-18,-1.5398586665192988,0.2830082114778715,1.9965944900937408e-07,160,1.323867905260238e-07,2.020716308823424e-08,True,0.0014859137407438846,0.00020044285580446175,True,0.3175280145874285,0.2841201726398277,0.0058959588776256525,0.09375,0.002253632729836315,0.09375,5.030860640909563e-18,2.4082695495645794,4.029678165699326,0,3.1621705312766144,1.0211565959362178e-15,2.3870522381797583,4.18898351235882,0,,0,1
S2_N160,7500218,2.4330615561666105,1.902184478386972,3.112100116133738,1.44243203063464e-12,-1.278937771372278,0.2787846486730604,9.119616680606569e-06,160,2.353609982848191e-06,3.262584622479936e-07,True,0.015734753301065607,0.00663674317808469,True,0.04256807392396993,0.06939267336994051,0.00038727132423170985,0.04375000000000007,0.0003502707100969371,0.04375,1.44243203063464e-12,1.902184478386972,3.112100116133738,0,2.622606319267569,1.4547435079266388e-11,1.9823935544005993,3.4695753981816453,0,,0,1
S2_N160,7500219,2.8521083629109674,2.212805477609258,3.6761126073202406,5.7884048477455555e-16,-1.3639627536283552,0.26398978379515353,7.141576314421732e-07,160,6.59721645018432e-05,2.624606982236939e-05,True,0.015132424035248405,0.017810843500687994,True,0.9827689668760615,0.9303663805503906,4.383567863502741e-05,-0.012499999999999956,7.558615803847058e-05,-0.0125,5.7884048477455555e-16,2.212805477609258,3.6761126073202406,0,2.978185479242004,1.9000088093714444e-15,2.275472776062498,3.8979102901490013,0,,0,1
S2_N160,7500220,2.637038445008522,2.017062974827492,3.447572954953326,1.3313027865240202e-12,-1.3030669619739406,0.25404772948668713,8.473055844794783e-07,160,3.1181342902634945e-06,7.517889804783638e-06,True,0.0023431199027653753,0.0017915716829987162,True,0.48732268299105375,0.43099080927508404,6.728360080872485e-05,0.025000000000000022,5.8193875112388746e-05,0.025,1.3313027865240202e-12,2.017062974827492,3.447572954953326,0,2.920039097124896,6.719405427271615e-11,2.158307118234824,3.9506093719004642,1,0.0,0,1
S2_N160,7500221,2.224782377771338,1.723354181335176,2.872106431776619,8.410383033003638e-10,-1.3765541740674956,0.24521283762609958,8.764445286113648e-08,160,6.503659863034624e-05,1.2796780996491744e-05,True,0.006855592845445955,0.005829353699195221,True,0.3840413082398554,0.4809131275832159,0.0021525106299057372,0.08750000000000002,0.0003474503033799212,0.0875,8.410383033003638e-10,1.723354181335176,2.872106431776619,0,2.439481996121653,4.482571963172277e-11,1.8709416482014147,3.1807899594958537,0,,0,1
S2_N160,7500222,2.7000292244974062,,,,-1.6931597490295012,0.2783784646585127,8.69077080652895e-09,160,0.0011134889981393196,0.0013023601168080285,True,0.011389385472181402,0.01907754404284669,True,0.5854594342395409,0.4836780392122588,0.00014968291898952052,-0.03749999999999998,0.00010495487428606962,-0.0375,3.0622435158394114e-12,2.0827531685113247,3.5002504969663795,1,2.849242398303941,1.3475569413608583e-11,2.1457996254544836,3.783289990356556,1,0.0,0,1
S2_N160,7500223,2.6810695893326404,2.0754181000389824,3.463463165667332,4.3858706217135916e-14,-1.2140864033037815,0.24206187106942223,1.415169419067854e-06,160,9.827267726630725e-06,2.672973066081272e-06,True,0.003059549306579389,0.007787752273164646,True,0.9387832063454756,0.7772294029537796,2.3072725430611908e-05,-0.025000000000000022,8.280646292310282e-05,-0.025,4.3858706217135916e-14,2.0754181000389824,3.463463165667332,0,2.9350515012355607,2.4775522441577007e-15,2.2481121499864662,3.8318939359662183,0,,0,1
S2_N160,7500224,2.736944125588367,2.026315257597767,3.6967905751611534,5.228436269701346e-11,-1.2873879518481992,0.28026866636212405,8.896758104723914e-06,160,8.202747236349744e-09,7.358383477844691e-09,True,0.0020088210304229246,0.002022797708869472,True,0.8879979870491529,0.880131928544744,0.0015965685471314207,0.08125000000000004,0.0007713104428875572,0.08125,5.228436269701346e-11,2.026315257597767,3.6967905751611534,0,2.889195408207832,2.7288593308624084e-11,2.1143929225509934,3.947918108209569,0,,0,1
S2_N160,7500225,2.459766014617247,1.934371293272456,3.1278632327252023,2.1086285034345012e-13,-2.071342780679692,0.26505510219190515,7.433288829757166e-13,160,0.0001617238302557138,0.0002197912175423071,True,0.0007673099980654812,0.0010808024239352943,True,0.6675250518532061,0.4456282773654282,0.00010801939827078552,0.03125,6.500107385108142e-05,0.03125,2.1086285034345012e-13,1.934371293272456,3.1278632327252023,0,2.534505702972945,1.3364962812838715e-12,1.9599648902862048,3.2774664435261163,0,,0,1
S2_N160,7500226,2.42353699861529,1.8925396812129809,3.103518326174645,2.2897424815075863e-12,-1.3543544094374897,0.2499305487622108,2.2160737974023097e-07,160,1.6784556873138375e-07,1.0225912653403188e-07,True,0.002711063765693797,0.0015761596504378767,True,0.27811063175633877,0.2929691641872668,0.0007646029819706902,-0.050000000000000044,0.0005206029647522029,-0.05,2.2897424815075863e-12,1.8925396812129809,3.103518326174645,0,2.4939206372481775,2.606012097059478e-11,1.9063905622278998,3.2625214728422613,0,,0,1
S2_N160,7500227,2.5691881476844327,,,,-1.4246500957981376,0.2702562600824304,4.411411368379274e-07,160,1.2839733894102153e-05,1.3667606530598142e-05,True,0.0016236862114571559,0.0013732084853337882,True,0.48534188177059834,0.5201523023862961,7.464303980271116e-05,-0.04375000000000007,0.00011750682731492964,-0.04375,6.028844545085028e-12,1.9997296029696445,3.3008101337300473,1,2.9765786510652315,1.823464333534437e-13,2.2776686161346777,3.8899515070867645,1,0.0,0,1
S2_N160,7500228,2.2901629022800862,1.745332437688324,3.005069983072506,2.259926257381645e-09,-1.2869657649732429,0.2558691795585975,1.3279777407771919e-06,160,0.0014497363390392067,0.0004984004692691432,True,0.0048554935534791946,0.003571540784782008,True,0.7096635770005671,0.6748468646995687,1.8437258313870365e-05,-0.025000000000000022,1.612675379203035e-05,-0.025,2.259926257381645e-09,1.745332437688324,3.005069983072506,0,2.427086000390582,1.3573393699578598e-09,1.8219979385230387,3.233124653295246,0,,0,1
S2_N160,7500229,2.6890940580268694,2.0496750858581265,3.5279869003666775,9.300590764104171e-13,-1.4971773434743427,0.2512816135093812,1.619620026609103e-08,160,5.9361158178824175e-05,2.3941026936118483e-05,True,0.022872791500034226,0.028566512382501477,True,0.8801990158921897,0.7684015156040137,0.00015579109842711494,-0.04999999999999993,0.00013098994071738894,-0.05,9.300590764104171e-13,2.0496750858581265,3.5279869003666775,0,2.9629446103484884,8.766057143298133e-14,2.2271994352496742,3.9417398482812587,0,,0,1
S2_N160,7500230,3.2142135689538724,2.547078414898959,4.056085908629955,7.80608461963656e-23,-1.1158969591459234,0.26228035825808826,3.587660682134727e-05,160,3.455127601487402e-06,3.609476998732852e-08,True,0.01868584173929788,0.025283449195689693,True,0.722658961940019,0.9208319970017147,0.00016371193369489788,0.018749999999999933,0.00022641348473065423,0.01875,7.80608461963656e-23,2.547078414898959,4.056085908629955,0,3.6515978893715726,8.105291016728009e-21,2.7840590741286317,4.789469903700343,0,,0,1
S2_N160,7500231,2.769816218976702,2.1556951492767373,3.5588899893755412,1.6413150565564515e-15,-1.440877544416793,0.25482550276204985,7.203374904985109e-08,160,1.911233006510143e-06,8.422871486766047e-07,True,0.00014523522984948663,0.001919128364548111,True,0.6628360894456549,0.6857767115533842,4.2978309465875256e-05,0.025000000000000022,0.00011440189229368512,0.025,1.6413150565564515e-15,2.1556951492767373,3.5588899893755412,0,3.1688361556715874,5.854728457282964e-18,2.4389935211073337,4.117076365554472,0,,0,1
S2_N160,7500232,2.8774370804975242,2.2209815078408535,3.727921246976632,1.2488945379847704e-15,-1.458168245549832,0.2713003652481622,2.727292260416875e-07,160,8.639453522003467e-06,3.8816682667670017e-07,True,0.0023474062184960062,0.003407593925105013,True,0.9496329764605487,0.7733947907259505,0.00014038039432113267,0.03125,0.00011058795365749597,0.03125,1.2488945379847704e-15,2.2209815078408535,3.727921246976632,0,2.8618723007722364,2.6547062706609e-13,2.1588719674655525,3.7937928646794847,0,,0,1
S2_N160,7500233,2.50781738883061,1.9573003334222636,3.2131747736050547,3.5765888266509027e-13,-1.6210579538433105,0.28800902373456916,8.161849877129893e-08,160,2.2444632189781526e-09,8.747698137448642e-11,True,0.005770081969431677,0.003704639281340318,True,0.049475880202427484,0.14532243824323782,0.0001487439508655966,-0.03749999999999998,5.912788710450093e-05,-0.0375,3.5765888266509027e-13,1.9573003334222636,3.2131747736050547,0,2.471212365590153,1.4438104322473386e-11,1.9005566568168826,3.2132115261818655,0,,0,1
S2_N160,7500234,2.6666811654565095,2.0438962520445783,3.4792316053649626,4.912380261705922e-13,-1.5128084138715188,0.2667746372185083,6.654868748393498e-08,160,3.158104839985178e-05,5.676467628215442e-05,True,0.0004706033368969409,0.0007506641284479683,True,0.9176994661261499,0.9631136308955733,0.009660200412148946,-0.11875000000000002,0.010488647399811027,-0.11875,4.912380261705922e-13,2.0438962520445783,3.4792316053649626,0,2.675885669588164,4.149305468972096e-12,2.0258381696771313,3.5345193036068046,0,,0,1
S2_N160,7500235,2.62201257277279,1.9737673356463736,3.4831612660806153,2.8819358021903453e-11,-1.6259906617304627,0.2795697543088286,3.274322632920763e-08,160,3.475283103781143e-07,1.2687126142246973e-09,True,7.650579228984228e-05,0.0001078966276162825,True,0.3386080446338625,0.43408703066820487,0.0005878365086425794,-0.050000000000000044,0.0005206029647522029,-0.05,2.8819358021903453e-11,1.9737673356463736,3.4831612660806153,0,2.8466951603233226,1.600940570494736e-11,2.0998581039193955,3.859152825937468,0,,0,1
S2_N160,7500236,2.435284836904052,1.8546825925793087,3.197642691306596,1.5004362907052526e-10,-1.4528579045305965,0.2367926551890002,6.634683652982388e-09,160,2.7348702091559135e-06,1.39687399874811e-06,True,0.0004466049972470765,0.000593047446820619,True,0.9816831588104755,0.7914858601883875,0.00010343864608814903,-0.025000000000000022,3.953594372165566e-05,-0.025,1.5004362907052526e-10,1.8546825925793087,3.197642691306596,0,2.699368664524661,7.937294503867634e-12,2.0308626163066705,3.5879291531147754,0,,0,1
S2_N160,7500237,2.415316771843955,1.801777713659817,3.2377773707174082,3.6863606960213087e-09,-1.6250000000000002,0.2593273613438427,3.4063481357161535e-09,160,1.6353448689243204e-06,9.659016989248021e-06,True,6.5080620199249794e-06,2.2862964779567396e-05,True,0.9253150792533495,0.6935352239610586,0.0009702864988452358,-0.06875000000000009,0.000597996869210066,-0.06875,3.6863606960213087e-09,1.801777713659817,3.2377773707174082,0,2.484975330879388,3.006239205293321e-09,1.8394552560119302,3.3570277803153443,0,,0,1
S2_N160,7500238,2.3261110222645125,1.73985870014021,3.109903400468335,1.2138536434428159e-08,-1.6784296466487085,0.2576746982521914,9.430158107269061e-10,160,0.00021854481965037455,0.00012772815518777205,True,0.0041354613171258655,0.005214838256160147,True,0.5402706912044584,0.47481189529583245,0.000351255404420768,-0.0625,0.0006872424113338462,-0.0625,1.2138536434428159e-08,1.73985870014021,3.109903400468335,0,2.484979304467518,2.2313547309103097e-09,1.8439728153278128,3.348814088961547,0,,0,1
S2_N160,7500239,2.383582736567077,1.788393618452699,3.1768546943128473,3.1058865353082156e-09,-1.252972924551542,0.25869718682735593,3.0349759084905032e-06,160,4.696651057010708e-05,0.00014343683256566294,True,1.3160340032103966e-06,6.052010651198743e-06,True,0.459378179108079,0.4822761945501547,5.143977022080686e-05,-0.018750000000000044,4.3185398119310746e-05,-0.01875,3.1058865353082156e-09,1.788393618452699,3.1768546943128473,0,2.5066717986576252,5.208432027487353e-10,1.8758203617572062,3.3496829623383393,0,,0,1
S2_N160,7500240,2.7006254811849786,2.040456713208705,3.5743850591941495,3.742701376132665e-12,-1.7324966893154605,0.2571409604133068,2.8870251843258875e-10,160,8.444027675760232e-06,7.000295814710097e-06,True,0.0007301567501453788,0.0011960948981549649,True,0.38704921862555863,0.2722107207567035,2.9944613357154553e-05,0.006249999999999978,4.083135477218683e-05,0.00625,3.742701376132665e-12,2.040456713208705,3.5743850591941495,0,2.841983196065001,9.62445400410608e-12,2.104285638889228,3.838294734064387,0,,0,1
S2_N160,7500241,2.7035825600679675,,,,-1.0962955914715518,0.24557373547212136,1.527332627345588e-05,160,4.5051082392322303e-07,5.533877582178031e-07,True,0.0014975447950461192,0.0014943937895510202,True,0.36818671331442687,0.3469141729071338,0.0008928811593492751,0.08125000000000004,0.0011786159184445889,0.08125,1.3354771622834387e-10,2.0316930433025724,3.597668793127382,1,3.0134503332519085,1.242565715143873e-11,2.2366227431891432,4.06008699438862,1,0.0,0,1
S2_N160,7500242,2.4797978675853503,1.9204489527772801,3.2020624423199724,3.319402739169476e-12,-1.6416528122320482,0.2640644592534323,4.385866277450441e-09,160,8.082164652242911e-07,1.8542038293323008e-07,True,0.0020717860497174944,0.00479063190024174,True,0.2734664015453888,0.2030493153181514,0.001975974801262205,-0.08125000000000004,0.0018962895329280932,-0.08125,3.319402739169476e-12,1.9204489527772801,3.2020624423199724,0,2.5665964027618635,6.937287691135095e-12,1.9605700448014962,3.359949884033396,0,,0,1
S2_N160,7500243,3.331706091622058,2.539639008637268,4.370804450238684,3.650741261602699e-18,-1.3125000000000018,0.28063759829984675,6.240170412972791e-06,160,5.325267445375114e-05,5.522993433661066e-05,True,1.6016979959022777e-05,8.484749140347788e-07,True,0.7738642942935192,0.7113059488420783,0.0021407709367649895,0.06875000000000009,0.004458578667756264,0.06875,3.650741261602699e-18,2.539639008637268,4.370804450238684,0,3.5433420146890744,5.544089536469968e-17,2.635295277690258,4.76427546444248,0,,0,1
S2_N160,7500244,2.060029128480712,1.5772651120987675,2.6905559361178994,1.1285038399920113e-07,-1.6654864670443306,0.288347542366318,3.986027580170561e-08,160,0.00041178361545911015,0.00010658051714849783,True,0.0019779763124437057,0.002154479305605965,True,0.22735205555750593,0.23068991191434285,0.00018046917056010236,0.043749999999999956,0.0002652896437584898,0.04375,1.1285038399920113e-07,1.5772651120987675,2.6905559361178994,0,2.1392411991332057,3.792906915084817e-08,1.6314520896603337,2.805079558923283,0,,0,1
S2_N160,7500245,2.1947111233872807,,,,-1.2878041366237798,0.2509490481313717,8.376706626773911e-07,160,0.00029775948109934085,0.0003222593300138425,True,0.08882902361896605,0.11410001752888546,True,0.5526089996002723,0.5250905279504412,0.0009813644266662405,0.07499999999999996,9.138213501332693e-05,0.075,1.764749793745336e-08,1.6897144058411282,2.85063375116466,1,2.397631697191359,7.396622935864089e-09,1.8072420090459984,3.180889845744174,1,0.0,0,1
S2_N160,7500246,3.088235622326148,2.4514808954338547,3.890382860730517,1.0570725010983985e-21,-1.6377258838051658,0.24064711747674677,2.006964544472277e-10,160,3.191072539822049e-05,2.6828437192398626e-06,True,0.0003419657996907479,0.00048770305958606956,True,0.08307085150720499,0.03501148265477662,0.00011747096176096442,0.03125,9.33846506941825e-05,0.03125,1.0570725010983985e-21,2.4514808954338547,3.890382860730517,0,3.221219961322066,1.224092176749411e-19,2.5015179564519925,4.1479846316741265,0,,0,1
S2_N160,7500247,2.5710505819884206,1.9997155861098865,3.3056206297827755,1.7753236948371832e-13,-1.1250000000000013,0.25698024504915773,2.179721173103644e-05,160,7.741745808959779e-07,1.97222982122662e-08,True,1.93252581564987e-05,6.43804244017093e-06,True,0.806227322963796,0.877509988634356,0.01300194282788648,0.11875000000000002,0.011289855300503361,0.11875,1.7753236948371832e-13,1.9997155861098865,3.3056206297827755,0,2.9724539151261693,3.198418343003365e-16,2.288520199371094,3.860784047253314,0,,0,1
S2_N160,7500248,2.1879403044739014,1.6738066823333793,2.8599974097772694,1.0101558609869037e-08,-2.0809345470355476,0.25918694377549223,2.1742918920363974e-13,160,7.992253715099522e-06,4.900756304628312e-05,True,0.007400775869993599,0.009700751608636787,True,0.22755567637887675,0.33325105373930486,0.0003030589295630159,-0.050000000000000044,0.00013098994071738894,-0.05,1.0101558609869037e-08,1.6738066823333793,2.8599974097772694,0,2.1544165289074884,4.679673100901292e-08,1.6358456639391399,2.837376827379281,0,,0,1
S2_N160,7500249,2.7597516837618588,2.1535310669053582,3.5366238607233087,1.0428442273332942e-15,-1.8000000000000003,0.2731164702250089,6.295463763021183e-10,160,2.1215112440063732e-07,1.2968023265668426e-07,True,0.014334388771246143,0.0593996448829003,True,0.9122494781445604,0.7827886956205378,0.0004830081216517447,-0.04999999999999993,0.00034949714336143724,-0.05,1.0428442273332942e-15,2.1535310669053582,3.5366238607233087,0,3.1560852169193514,8.045127260859738e-18,2.428719701228817,4.1012859126630135,0,,0,1
S2_N160,7500250,3.3879714928185245,2.582455462817414,4.444742998056702,1.2606794075130108e-18,-1.4529581328297407,0.24765406587560998,2.548362311833994e-08,160,0.00010588028188375012,9.952712281298362e-05,True,0.0005086532607896769,0.0018079731488287482,True,0.19712610372752604,0.19944968756210613,9.202528767316612e-05,0.04375000000000007,0.0001665321021150193,0.04375,1.2606794075130108e-18,2.582455462817414,4.444742998056702,0,3.4737656569265027,3.004665726725309e-12,2.5091951793898786,4.809130807503054,1,0.0,0,1
S2_N160,7500251,3.2762289501649042,2.4540231625286664,4.373909870858134,8.346790245627848e-16,-1.518777388255915,0.22569363384755178,3.015468025247944e-10,160,2.988668869864919e-06,1.254668001046028e-07,True,1.9878788026134643e-05,1.4066009946238986e-06,True,0.7729349053822281,0.9576800842974765,0.0006605928163722587,0.08124999999999993,0.0008950461004096782,0.08125,8.346790245627848e-16,2.4540231625286664,4.373909870858134,0,3.7478536462163166,4.870541206174055e-15,2.6925282284529275,5.216809541687785,0,,0,1
S2_N160,7500252,3.2517969710305517,,,,-1.2274189234092059,0.2835229238343585,2.656468911809622e-05,160,4.881343942098666e-06,1.1805181873594753e-06,True,0.0002349981730132749,0.00023494551378120247,True,0.6893303786183023,0.845063887940722,0.0003045323203146504,-0.043749999999999956,0.00045227567493617317,-0.04375,4.5246778756316994e-13,2.420867138029728,4.367932206890745,1,3.3595890256372973,5.331507575741613e-10,2.33988223780113,4.823677977823878,1,0.0,0,1
S2_N160,7500253,2.148373279891129,1.664398933859192,2.773077809565959,4.306074176757664e-09,-1.4625000000000001,0.2700363113633986,2.2474409668712922e-07,160,9.249015201707295e-06,9.866033823802426e-07,True,0.0013428473707636109,0.011833822616964586,True,0.4758646372324332,0.5543533168640713,4.5453999383172666e-05,-0.012499999999999956,0.00010183853146722053,-0.0125,4.306074176757664e-09,1.664398933859192,2.773077809565959,0,2.152720551078671,2.334007049282242e-08,1.6448858775390789,2.8173418194639215,0,,0,1
S2_N160,7500254,2.395307841476338,1.8021610563096289,3.183677527238872,1.774351485029365e-09,-1.9500000000000026,0.2618985512826202,5.998988313887438e-12,160,2.703470531173808e-08,1.5237381382386352e-08,True,0.005502859328927712,0.0039059738994459063,True,0.7448932513543335,0.6723557694536458,0.002109046532875715,-0.08125000000000004,0.002332317497783649,-0.08125,1.774351485029365e-09,1.8021610563096289,3.183677527238872,0,2.570824393671078,3.7451521054603395e-10,1.913240325122563,3.454421264443546,0,,0,1
S2_N160,7500255,3.094117432820363,2.3824892243100546,4.018302618285832,2.4465326591577247e-17,-1.6250000000000013,0.26707047427075326,8.589846252319786e-09,160,4.597893487117461e-06,1.3058596888495457e-05,True,0.029768110045541717,0.021900412132763655,True,0.7582175690839852,0.6598964808518826,6.016200881461859e-05,-0.02499999999999991,5.8193875112388746e-05,-0.025,2.4465326591577247e-17,2.3824892243100546,4.018302618285832,0,3.6114079775291508,2.4749677955008373e-19,2.7295592836532645,4.778158751952555,0,,0,1
S2_N160,7500256,2.629764287825073,1.9710639339081382,3.5085925375378606,4.9374083317513845e-11,-1.8124999999999998,0.28187640773948164,1.4597172955835381e-09,160,1.8600466201941322e-07,2.277427832595953e-08,True,0.0018310547130825675,0.000736084772964481,True,0.050363550905690634,0.033841088163819755,1.3101542582334653e-05,0.012499999999999956,8.516031605924452e-06,0.0125,4.9374083317513845e-11,1.9710639339081382,3.5085925375378606,0,2.888943617948041,4.3454318627273063e-11,2.1073938607769747,3.960339537387489,0,,0,1
S2_N160,7500257,3.2091400591743726,2.4743731183022843,4.162096590535122,1.5067047228484043e-18,-1.5121899485372514,0.2625266857553619,4.307094330272542e-08,160,5.227184211543287e-06,1.6545520447034567e-06,True,0.03326624999676719,0.10571605158901186,True,0.02321168463650544,0.024112312853861756,4.636107740731827e-05,-0.025000000000000022,9.545677647723651e-06,-0.025,1.5067047228484043e-18,2.4743731183022843,4.162096590535122,0,3.5626383509240354,5.6284715100615254e-18,2.6705547581546116,4.752717382303495,0,,0,1
S2_N160,7500258,2.4290394406503313,,,,-1.9721381015986976,0.2577442737088964,1.881596063804229e-12,160,3.084203781095179e-05,2.735881779273166e-05,True,0.00623020650542097,0.003789360571535899,True,0.13816693894558207,0.11451126090677553,0.0004846382745972138,-0.05625000000000002,0.0003987418044469652,-0.05625,1.2383474770978401e-08,1.8143636403780612,3.251957034922412,1,2.580744271434535,9.77875066476272e-10,1.934947072793275,3.442079159781614,1,0.0,0,1
S2_N160,7500259,3.247179859465803,2.554317886322485,4.127981523435623,6.689604848331151e-22,-1.5676013336101522,0.2830366672080675,1.2568926385996932e-07,160,6.521116288840472e-06,1.277994390281805e-06,True,0.0036387332303301667,0.001441773308178669,True,0.6529951841670079,0.6225773004636215,0.00018474404250004028,-0.03749999999999998,0.0002669906742038186,-0.0375,6.689604848331151e-22,2.554317886322485,4.127981523435623,0,3.42528198104004,1.9492075693769703e-19,2.620965496006408,4.4764254499018,0,,0,1
S2_N160,7500260,2.4146413470426653,1.8567214141901596,3.1402087519904467,4.82787077960779e-11,-1.1158894126789785,0.2845915434200523,0.00013143115573592307,160,1.1175653139325906e-06,1.547039638560656e-08,True,0.365829844631129,0.3040850825745024,True,0.5854966046160703,0.820979848298861,6.455572197343565e-05,0.018750000000000044,3.563759664566398e-05,0.01875,4.82787077960779e-11,1.8567214141901596,3.1402087519904467,0,2.5761199138963895,1.8658635165573284e-10,1.9255591528980422,3.4464762096690245,0,,0,1
S2_N160,7500261,2.6127341426514903,2.0576925487613646,3.317492549742663,3.2188216184169094e-15,-1.1940403562287443,0.24548123764938765,2.771816375369235e-06,160,3.0444063250021523e-06,4.853696575683652e-06,True,0.017332210102834797,0.015695451238758127,True,0.6318184983836279,0.7618940158276863,0.011695453666280229,0.11874999999999991,0.015595195717834706,0.11875,3.2188216184169094e-15,2.0576925487613646,3.317492549742663,0,2.8208593499655783,6.675332557391186e-15,2.173063888742028,3.661764163268399,0,,0,1
S2_N160,7500262,2.6948251836223136,2.0396009521870897,3.5605409786153586,3.067467077521064e-12,-1.6667874906439386,0.2673594219290613,4.012553271880024e-09,160,3.8497779073387556e-05,5.264321637339074e-05,True,0.11138754954090024,0.0662540153259259,True,0.20924562394931534,0.1962006334134767,0.0009422204472481034,-0.07499999999999996,0.0002897370475947643,-0.075,3.067467077521064e-12,2.0396009521870897,3.5605409786153586,0,3.033755703315126,1.2002095130004314e-11,2.201168901848089,4.181266444237742,0,,0,1
S2_N160,7500263,2.5490623690570757,2.014838437677105,3.2249329970268246,6.2888584007366845e-15,-1.348889409768729,0.24959758359223588,2.3744222646135922e-07,160,6.658888052498673e-05,6.92148722900733e-05,True,0.0001822074459129582,3.5748669355271016e-05,True,0.7146370897432993,0.7292248962489115,0.00180423967115026,-0.08124999999999993,0.0006591873210040418,-0.08125,6.2888584007366845e-15,2.014838437677105,3.2249329970268246,0,2.6138202881410635,6.203797416345787e-14,2.0336843197356296,3.3594478909027394,0,,0,1
S2_N160,7500264,2.511641094468037,1.9494733172268213,3.2359206620967687,1.0500888112864416e-12,-1.255047758586684,0.2612809278182927,3.6134817428684936e-06,160,8.41410478697898e-06,4.656448265795216e-06,True,0.00027268842835412755,0.0005319603460358773,True,0.5827457293334021,0.6540978430822881,0.00022631747089690333,0.03125,0.00038256920445852956,0.03125,1.0500888112864416e-12,1.9494733172268213,3.2359206620967687,0,2.6810995664803636,2.23417846437102e-12,2.035694579499026,3.5311264065703787,0,,0,1
S2_N160,7500265,3.461099251396047,,,,-1.3646021844504828,0.2627662082544713,6.326123888945935e-07,160,0.0006748488418640629,0.0016371102731946169,True,0.0002851412316212703,0.00045351946813795754,True,0.3235033535976123,0.15327159801719864,0.002568879256777089,0.08125000000000004,0.0023323174977836494,0.08125,4.3783069829424146e-17,2.6696951854544553,4.487107027529469,1,3.9364974602759357,1.8623940536209634e-15,2.8969594806438494,5.349060750865215,1,0.0,0,1
S2_N160,7500266,3.2458993984198696,2.522354843769156,4.176994735966145,5.688973466034216e-20,-1.9293975255513731,0.22417737018312967,7.388294992602162e-15,160,5.1208088961659343e-05,7.562548270295766e-06,True,0.004428418582664721,0.008916958922828228,True,0.6831693985049649,0.7552603913257642,8.64312672204784e-06,0.0,3.6055311605771174e-05,0.0,5.688973466034216e-20,2.522354843769156,4.176994735966145,0,3.5726174072592336,2.21160426491845e-22,2.7644804371245244,4.616996006644832,0,,0,1
S2_N160,7500267,2.3154844205287994,1.8288861770135494,2.931548266424384,3.045993337618259e-12,-1.512499999999998,0.28926849242270725,5.374392690171818e-07,160,4.073490713188701e-06,3.743204102231009e-07,True,0.01777011553327504,0.029964039911412027,True,0.6749118414102516,0.4048697020453763,0.0013084509151534917,0.07499999999999996,0.0013129710179397992,0.075,3.045993337618259e-12,1.8288861770135494,2.931548266424384,0,2.3492087081865756,9.08776215082675e-12,1.8379276472643333,3.002719700546471,0,,0,1
S2_N160,7500268,3.2300376698757827,2.5593012527416836,4.076559309944439,5.448421881690901e-23,-1.6422078968779918,0.26872035228652497,7.50611571260233e-09,160,0.0002892384592519828,3.4614468077332175e-05,True,2.302533054067263e-05,1.837446260764414e-05,True,0.05586280051032211,0.10311366824892877,5.377653876492914e-05,-0.018750000000000044,1.1731985912081421e-05,-0.01875,5.448421881690901e-23,2.5593012527416836,4.076559309944439,0,3.463068478117743,2.309389242851119e-21,2.6794583566133734,4.47584611812768,0,,0,1
S2_N160,7500269,2.9786102396392065,2.3144873565290385,3.833297656457609,2.2536080542858917e-17,-1.5160339449482163,0.26114796106599053,3.452456276132217e-08,160,0.0005731117354352592,0.00023787134832548295,True,0.0007606848701537112,0.00029389814702729226,True,0.8526483992131815,0.9290572452508324,7.254697941395641e-05,0.018750000000000044,6.186036010926148e-05,0.01875,2.2536080542858917e-17,2.3144873565290385,3.833297656457609,0,3.1851030361019474,2.4399132379043654e-17,2.4361808540228305,4.164256251268762,0,,0,1
S2_N160,7500270,2.8980091438692415,2.2280458096537545,3.769427433475832,2.147680048371086e-15,-1.653800135708626,0.2682220633471222,5.690585251448121e-09,160,3.9961351480073773e-07,2.7252512417759963e-07,True,0.02289907334779294,0.025233588366202594,True,0.13255832494494016,0.1278066724636103,0.0037443177454252875,-0.09375,0.002253632729836315,-0.09375,2.147680048371086e-15,2.2280458096537545,3.769427433475832,0,2.949698319318651,4.5099480255191325e-14,2.2271504029415228,3.9066603510475737,0,,0,1
S2_N160,7500271,2.8462107283948797,2.172461428747211,3.728911088240426,3.2145839365168476e-14,-0.9483936620166508,0.24638621540800767,0.00017208226498244088,160,2.213785896405737e-06,1.6400773245670046e-06,True,0.00035680145382999026,0.0012446283886801384,True,0.548196787324182,0.44493944513010997,0.005392126858030998,0.10624999999999996,0.005589162270411271,0.10625,3.2145839365168476e-14,2.172461428747211,3.728911088240426,0,2.982840078889768,3.4140360955970372e-15,2.2724711600396033,3.915268581923856,0,,0,1
S2_N160,7500272,2.3597022787523807,1.7928569831755108,3.105766325257458,9.066751000179371e-10,-1.5578587414234841,0.2719716610061202,5.0381906340797874e-08,160,1.510715995449118e-05,2.529578419985546e-06,True,0.06049135858424245,0.06539378799398163,True,0.5352752181164551,0.2586504645402762,0.0012556188215171462,-0.07499999999999996,0.0016411338832521556,-0.075,9.066751000179371e-10,1.7928569831755108,3.105766325257458,0,2.3971705386639117,7.936982228222055e-07,1.7132803828373413,3.3540491381344397,1,0.0,0,1
S2_N160,7500273,2.706235102981321,2.0175131632702734,3.630067236209259,3.055373298830244e-11,-1.3438373999737605,0.27550759061178187,2.6109967230486597e-06,160,0.007689089154715342,0.01449589550997208,True,0.00019781719821831145,2.844724932823856e-05,True,0.7990325463031781,0.7772420761445948,0.0005770473462960071,0.05624999999999991,0.00024999590502307323,0.05625,3.055373298830244e-11,2.0175131632702734,3.630067236209259,0,2.831913196914391,1.659783441529543e-11,2.0916262718979843,3.834209037535476,0,,0,1
S2_N160,7500274,3.020763487533073,2.281434075231198,3.9996825447118196,1.1726504420900621e-14,-1.568406736043702,0.29069918576661696,2.476599730823147e-07,160,4.245264760907541e-06,2.964567909927302e-07,True,0.0053194807676226865,0.012757014879183343,True,0.2076796343412296,0.3360433769539475,0.0372376512128475,0.1499999999999999,0.031239421396133248,0.15,1.1726504420900621e-14,2.281434075231198,3.9996825447118196,0,3.2154504504318617,5.83813478288126e-14,2.370777833189114,4.36106726427188,0,,0,1
S2_N160,7500275,3.001970570894477,2.3077125989613325,3.905090830016096,2.574709586018831e-16,-1.8816024508653393,0.26538080894207666,4.29160647461487e-11,160,1.301149169095927e-05,4.776581340166348e-07,True,0.0005784907346272331,0.0002823902219121546,True,0.8638642950613288,0.8827350339699725,0.0009553225785371047,-0.0625,0.00010412851409946304,-0.0625,2.574709586018831e-16,2.3077125989613325,3.905090830016096,0,3.195334542746382,9.520157666774616e-16,2.4066792770942658,4.242427704116685,0,,0,1
S2_N160,7500276,3.0129283008616707,2.3251934257173943,3.904078192261545,7.261771580664251e-17,-1.3050772537955124,0.2668100776046754,2.457799087209568e-06,160,1.312366766266095e-05,2.038680382908664e-06,True,0.0009215123417772403,0.0021267742156538378,True,0.2369752201321883,0.32251897425580367,5.240498213847278e-05,-0.025000000000000022,1.2497232271173316e-05,-0.025,7.261771580664251e-17,2.3251934257173943,3.904078192261545,0,3.1084464590812813,9.093550250169455e-17,2.379352013246988,4.060954131704576,0,,0,1
S2_N160,7500277,2.6081587394067887,2.005855425520111,3.3913172023253613,8.322689700659444e-13,-1.3868055112677768,0.2557245732502244,2.1734709200202222e-07,160,4.331768068835278e-08,8.018917100206793e-10,True,0.009811773219285107,0.02604578335900001,True,0.8009664177266322,0.8585891768070602,0.00029456349796619136,0.043749999999999956,0.0003057396559861135,0.04375,8.322689700659444e-13,2.005855425520111,3.3913172023253613,0,2.8965471746147426,2.327713370880211e-12,2.1517982707067413,3.899057662135318,0,,0,1
S2_N160,7500278,2.7262888219906065,,,,-1.4084177051928983,0.23662148288256676,1.6685440460179965e-08,160,2.7133157282353347e-07,1.3389004318157701e-08,True,0.00564135107584008,0.01612242470531482,True,0.19413443165115363,0.1261693239844399,2.7852861843980822e-05,0.012499999999999956,2.629802398955824e-05,0.0125,3.4064630099986373e-10,2.0285772291628055,3.66397228267143,1,2.8202664492766245,1.037098699720215e-10,2.09802035625126,3.7911466498482422,1,0.0,0,1
S2_N160,7500279,2.698338658104968,2.0305420488187917,3.5857575656013854,7.786228528135137e-12,-1.503250939495762,0.2755668156617567,1.868031258819894e-07,160,0.000686170587995033,0.0013757997535301218,True,1.9968537392614053e-06,3.878055874919277e-06,True,0.8362623768536048,0.9767515301311455,0.00014839291298021154,0.03125,0.00023277897888480492,0.03125,7.786228528135137e-12,2.0305420488187917,3.5857575656013854,0,2.9940819431404195,4.0559956581878186e-13,2.226260256454468,4.02671999208052,0,,0,1
S2_N160,7500280,3.070950911973607,,,,-1.8749999999999998,0.2756885053491685,2.0543710598538916e-10,160,3.50409832703576e-05,2.7445078735370392e-05,True,9.365651133573667e-08,3.8864798452975716e-08,True,0.15350168346342677,0.2523402933664497,4.786888754286033e-05,0.012499999999999956,3.1974076726379674e-05,0.0125,9.14075279799432e-13,2.308959554215379,4.084410870919843,1,3.2757629028767123,6.908827237442514e-11,2.343412796186532,4.579057779886393,1,0.0,0,1
S2_N160,7500281,2.4251729503143964,1.8256773803272355,3.221524187303255,9.66152478979947e-10,-1.4064668479338374,0.2418683112252717,3.2910391816727224e-08,160,0.00026119618136255925,1.800872698250405e-05,True,1.5332666323243226e-05,4.409777815418384e-06,True,0.23770984770276504,0.2338742633485702,0.0005270809718516209,-0.05625000000000002,0.00045935626422335355,-0.05625,9.66152478979947e-10,1.8256773803272355,3.221524187303255,0,2.6165315754775165,2.5878025244275905e-10,1.9418438299168692,3.525637530678223,0,,0,1
S2_N160,7500282,3.1409138173753077,2.41688547212575,4.081839922477649,1.121443035801149e-17,-1.4981810908478435,0.2555476566705372,2.6025419944467628e-08,160,2.865090400367132e-07,1.4220082491034034e-07,True,0.0009258954219234674,0.001640028550494795,True,0.4294223742181381,0.528515294232075,3.923782654343837e-05,-0.006250000000000089,2.361835002995218e-05,-0.00625,1.121443035801149e-17,2.41688547212575,4.081839922477649,0,3.285385713678176,6.64077716583199e-15,2.4357473415164246,4.431395286228981,0,,0,1
S2_N160,7500283,2.9371522023150223,2.163079652909679,3.9882318008768247,5.083945197297139e-12,-1.5694381557486814,0.2675663150857387,2.56455455554179e-08,160,1.252420898720831e-06,6.215584749556362e-08,True,0.018110958972179673,0.009579416514988809,True,0.45593034131482124,0.5272308802438288,0.0016072964343713002,-0.08750000000000002,0.0008722182732270772,-0.0875,5.083945197297139e-12,2.163079652909679,3.9882318008768247,0,3.160760465947979,2.3220484588618134e-12,2.291524795513025,4.359720105434443,0,,0,1
S2_N160,7500284,2.656075694005719,2.030713401323774,3.4740195675515535,9.914809276576643e-13,-1.6451140123723202,0.2618239098697097,3.1203280130993346e-09,160,4.618444847987167e-07,1.453703654137132e-08,True,0.012898110349538817,0.00903556420959382,True,0.92621963368159,0.9086225605106325,0.0044151791194629985,-0.09375,0.007111143165512677,-0.09375,9.914809276576643e-13,2.030713401323774,3.4740195675515535,0,2.873852996768103,8.743667963872019e-14,2.17765913853302,3.7926188267447136,0,,0,1
S2_N160,7500285,3.328623186767049,2.384368710306726,4.646820045737776,1.6090840249098427e-12,-1.312500000000003,0.2433192248533688,2.4899274811710783e-07,160,2.787903166850939e-08,1.575577056301049e-09,True,0.001988936350788627,0.0023897901270704836,True,0.9512844864986841,0.7707151484618808,1.8442719574500256e-05,0.0,3.6055311605771174e-05,0.0,1.6090840249098427e-12,2.384368710306726,4.646820045737776,0,3.5739495407205877,1.7667748060320892e-10,2.4167307101820428,5.285286964659273,0,,0,1
S2_N160,7500286,3.3378593661718363,2.4951078893160092,4.46525987755794,4.72812857734872e-16,-2.034431612717131,0.248636333367376,8.921181583041155e-14,160,7.063513690816854e-05,5.7023416631675014e-05,True,0.002959595728018506,0.0007015466438210496,True,0.6688347634776053,0.7862469250772646,0.00020558716731144096,0.050000000000000044,0.0001309899407173895,0.05,4.72812857734872e-16,2.4951078893160092,4.46525987755794,0,3.734006072952162,9.576263032701562e-15,2.6753146268982313,5.211649206661332,0,,0,1
S2_N160,7500287,2.7119276315833343,2.1172081093858113,3.473702677758353,2.8215741503380516e-15,-0.9949470036935002,0.2231995108679212,1.5694061013742045e-05,160,5.019056122489899e-08,1.668812370218011e-08,True,0.0003494967196597156,0.00019970810692822153,True,0.021267376971334868,0.03399300499608725,0.3208392253995461,0.22499999999999998,0.3072615693702188,0.225,2.8215741503380516e-15,2.1172081093858113,3.473702677758353,0,2.773531768447684,5.484826174273043e-14,2.1259900274928025,3.6183041176634023,0,,0,1
S2_N160,7500288,2.6128154531023617,1.9687711634204408,3.4675460098216613,2.9077957190801488e-11,-1.2293919470889492,0.24882183661532298,1.9750632670466315e-06,160,4.6928920096943905e-06,7.119612956827846e-06,True,0.00845372659942041,0.00426884686700613,True,0.3749979608201578,0.4814193687498878,1.571992402863191e-05,-0.006249999999999978,7.930039900036434e-06,-0.00625,2.9077957190801488e-11,1.9687711634204408,3.4675460098216613,0,2.8175365702159243,1.404221823940363e-10,2.0531987066752126,3.8664121006383807,0,,0,1
S2_N160,7500289,2.2451306248150353,1.7368852457505717,2.9020981868632996,6.58237681044687e-10,-1.3994945205479459,0.2670724815400021,5.098829673792118e-07,160,0.0005625079714252213,0.00012609118046884624,True,0.0030066402644971495,0.006401265238135357,True,0.15344779421903088,0.32283350427743907,0.0010316984652094059,-0.06875000000000009,0.0027038690206734315,-0.06875,6.58237681044687e-10,1.7368852457505717,2.9020981868632996,0,2.432776152082472,3.8688480164398734e-10,1.8416252949754521,3.2136829474967046,0,,0,1
S2_N160,7500290,3.2216637672117496,2.461408307000027,4.216739416799607,1.6120804671713147e-17,-1.5162639027454448,0.2684524400544055,7.422640030682082e-08,160,6.396581354326442e-07,5.036048588324186e-08,True,0.034796159600986684,0.016739910278129537,True,0.11124035695496919,0.19292202691172833,0.00012389455225509364,0.018750000000000044,0.00020018216815207088,0.01875,1.6120804671713147e-17,2.461408307000027,4.216739416799607,0,3.3283197453746713,9.197107376471056e-16,2.4824084632077588,4.462485723697679,0,,0,1
S2_N160,7500291,2.645261036991637,2.064498491558417,3.389397465020174,1.453920579271332e-14,-1.3159121460027388,0.2908164191552239,1.186556410374885e-05,160,1.2830371769455704e-06,1.0162330214386505e-07,True,0.10276172279676135,0.05618872650043248,True,0.07745834583625694,0.06416910151045441,0.00041616139906219926,0.050000000000000044,0.00022163623248806555,0.05,1.453920579271332e-14,2.064498491558417,3.389397465020174,0,2.8986987026619633,7.894989252678676e-15,2.2161658147757515,3.7914374965956115,0,,0,1
S2_N160,7500292,2.7233833177649474,1.9922898688418809,3.7227598310238914,3.346128020645471e-10,-1.697112018573438,0.2568047367972381,5.725581299172681e-10,160,2.542964573822833e-07,3.054014216328429e-08,True,0.011311286562011255,0.005837900103123932,True,0.8947794276935839,0.8091963666597638,2.2363120628867612e-05,0.018749999999999933,7.320183404794874e-05,0.01875,3.346128020645471e-10,1.9922898688418809,3.7227598310238914,0,2.833179669509164,1.194727302326181e-10,2.063611890882557,3.889736764545945,0,,0,1
S2_N160,7500293,3.022620800464376,2.3652218343064875,3.862739795009023,9.595628071287384e-19,-0.9991660236129355,0.2764120943211491,0.0004044377868837658,160,2.6356382069731457e-05,1.4142758807087744e-06,True,0.00045253990129660767,0.0015299718568899444,True,0.8864632820992706,0.9890578122440646,0.00015081739105755055,-0.03749999999999998,3.830379361667851e-05,-0.0375,9.595628071287384e-19,2.3652218343064875,3.862739795009023,0,3.4568403572045048,5.653961991174748e-17,2.585668448073583,4.621530368327293,0,,0,1
S2_N160,7500294,2.8937172857287647,2.141657094551499,3.9098694889244294,4.528479747127323e-12,-1.046255526563746,0.26769881796404466,0.00013787838217260972,160,1.2528749723429624e-05,1.4622004364314003e-06,True,4.2419411120246673e-05,0.00011996542546893806,True,0.631930081127591,0.7202079492008917,0.0005063045037322158,-0.05624999999999991,0.00045935626422335355,-0.05625,4.528479747127323e-12,2.141657094551499,3.9098694889244294,0,3.0807930259980414,1.5407769345562171e-13,2.2853236364600265,4.153147290656916,0,,0,1
S2_N160,7500295,2.51269876073919,1.9094307060166416,3.3065641200415654,4.788937123707258e-11,-1.8222658484497956,0.2744687031768967,4.868022291929472e-10,160,1.797865293524238e-06,1.2098142044027183e-06,True,0.030216128156951648,0.0446041314373636,True,0.02015233612656199,0.024771420082851155,0.00018773595903318882,0.03125,0.00015178105699474256,0.03125,4.788937123707258e-11,1.9094307060166416,3.3065641200415654,0,2.702963319325417,1.264066800303887e-11,2.027071281910193,3.6042199259682275,0,,0,1
S2_N160,7500296,2.215731017123687,1.6951721758905722,2.8961447161936467,5.789794836734607e-09,-1.606284219491421,0.2495401482365646,1.4085341779160627e-09,160,1.4183567045445733e-06,1.8311709598854626e-06,True,0.20295329646668114,0.2562115340608655,True,0.47715562357676133,0.40419638385697176,0.0005276657202652054,-0.05625000000000002,0.0006775156566796819,-0.05625,5.789794836734607e-09,1.6951721758905722,2.8961447161936467,0,2.4332684228195083,3.8236950673146716e-09,1.8101593822678783,3.270869557393672,0,,0,1
S2_N160,7500297,2.729052646076204,2.1117705353305936,3.5267697036456673,1.6728490330785892e-14,-1.1033646388789708,0.25798201562666057,3.2804760173755337e-05,160,2.799940756789224e-06,2.400099379521021e-06,True,0.010978822322727842,0.010108872288813886,True,0.0959662397042025,0.1968362589236501,0.000869923824778328,0.06874999999999998,0.000597996869210066,0.06875,1.6728490330785892e-14,2.1117705353305936,3.5267697036456673,0,2.962080763673576,6.465485657210218e-15,2.2543009356215733,3.8920812709088555,0,,0,1
S2_N160,7500298,3.215017035796471,,,,-1.4804915493906132,0.24979334290503336,1.8928342054817467e-08,160,0.037915658587243384,0.05538174492251741,True,0.0013650473457686534,0.0032383337703809417,True,0.15561728919950604,0.20554046443189578,0.0011255251020219194,-0.08125000000000004,0.0003884587311440919,-0.08125,1.443028555875875e-15,2.4787631433181154,4.1699565238109555,1,3.2945961203863394,9.086558923368812e-14,2.4695630010664016,4.395256809313069,1,0.0,0,1
S2_N160,7500299,2.8626250129133575,2.1871573943286062,3.7466997052000957,1.8708598711863575e-14,-1.3837428347028955,0.2679640287810879,7.233937732053327e-07,160,2.9238863570460003e-07,1.3675449778757514e-07,True,0.0031578756560141576,0.003912506197034863,True,0.581952277650873,0.651093998813777,4.010934013510794e-05,0.006249999999999978,1.57281334923952e-05,0.00625,1.8708598711863575e-14,2.1871573943286062,3.7466997052000957,0,3.3538482135311893,2.4857165665622605e-17,2.534607746110628,4.4378850560474055,0,,0,1
S2_N160,7500300,2.6248743186244337,2.0487515997953105,3.3630066179142735,2.29680932979307e-14,-1.5520017397554542,0.2693208072716748,4.2544961463038196e-08,160,9.579412797054225e-06,1.82712606168343e-05,True,8.33220958173552e-05,0.000527878721368632,True,0.3353894644301584,0.4167192830750528,3.938250260277325e-05,-0.006250000000000089,6.626744574706809e-05,-0.00625,2.29680932979307e-14,2.0487515997953105,3.3630066179142735,0,2.9473372918108542,7.553630118776962e-15,2.2443529755561364,3.8705128855885094,0,,0,1
S2_N160,7500301,2.598958893177174,,,,-1.2392367556761372,0.2799215680092759,1.7805030873387183e-05,160,0.016728662262263546,0.020639773404150862,True,5.718695673114454e-06,5.219389355893605e-06,True,0.5154104968113067,0.24329882318160367,4.1607761795245344e-05,-0.025000000000000022,4.81840859959809e-05,-0.025,1.08672306194663e-11,2.0093884476380244,3.3615139652885606,1,3.028010080940872,1.1741078015574223e-14,2.3419909070974505,3.914978927754662,1,0.0,0,1
S2_N160,7500302,2.478849987061981,,,,-1.5129880134087303,0.2545178628867852,1.7335634832682227e-08,160,2.788331572775349e-05,3.960259908013276e-05,True,0.003820378981515305,0.0044394047081235235,True,0.8906292992218874,0.8531983952709496,0.00027485701730167993,0.03749999999999998,0.00020089952954912605,0.0375,9.269729279370578e-09,1.8444647819524642,3.3314256354912306,1,2.551418454520116,6.260291186916333e-08,1.8421877493207472,3.5336985236527023,1,0.0,0,1
S2_N160,7500303,2.8869271899966056,2.1776442643066156,3.827231443146404,1.7074003471058714e-13,-1.4907773282786199,0.2689564881086086,1.231288074706569e-07,160,4.95986240259353e-07,1.043847666924632e-06,True,0.0005724755918730009,0.0005722760927030946,True,0.49944415266124353,0.45168940298525184,9.11528432053409e-05,-0.03125,0.00013000285811884448,-0.03125,1.7074003471058714e-13,2.1776442643066156,3.827231443146404,0,3.122294605295605,3.3976368340018952e-15,2.3518667236522006,4.145100359734372,0,,0,1
S2_N160,7500304,2.534574108451289,2.0073678558389503,3.200243489276559,5.43143154416484e-15,-1.3603249904574963,0.28394573414691887,3.817925966679262e-06,160,1.539201476650713e-08,6.547647530457728e-11,True,0.0058100404540344245,0.0016213027352894398,True,0.8175111136013112,0.8544310984626623,0.0019261474224830913,-0.0625,0.0014994092100952764,-0.0625,5.43143154416484e-15,2.0073678558389503,3.200243489276559,0,2.6680113238105703,1.83684976524069e-14,2.075684178673688,3.4293677704523637,0,,0,1
S2_N160,7500305,2.520255941171853,1.9828655016536625,3.203288374181135,4.2030537883097216e-14,-1.2093462366711796,0.27563971342081606,2.0954000310761894e-05,160,2.1870733765539802e-07,5.933214312482121e-07,True,0.004776743279154898,0.020499586266066874,True,0.31702479072026846,0.22128239516492487,1.3101542582334653e-05,0.012499999999999956,1.3971782747924562e-06,0.0125,4.2030537883097216e-14,1.9828655016536625,3.203288374181135,0,2.762593102617098,9.607875811560063e-15,2.136126392842679,3.5727851480133075,0,,0,1
S2_N160,7500306,2.9925985729254827,2.265465227333018,3.9531157267942376,1.1816449420972011e-14,-1.0020742596398555,0.2534908279525204,0.00011638844499282992,160,4.809518105856528e-06,1.9414922952377825e-06,True,0.0239021750016911,0.02080437716279754,True,0.8519559680792399,0.9576284398614077,0.0001144420635208888,0.018750000000000044,0.00039449788070886066,0.01875,1.1816449420972011e-14,2.265465227333018,3.9531157267942376,0,3.164247366106126,1.0373049114189487e-14,2.3632017915792245,4.236820329769073,0,,0,1
S2_N160,7500307,2.4216856876656996,1.8722598872496035,3.1323437572868587,1.6182769375619583e-11,-2.0096605511771775,0.2804771664654049,2.844751278501123e-11,160,0.00014093511391598352,6.536099536797662e-05,True,0.020250016380179012,0.011036804984467033,True,0.6666534412611052,0.5672802205001706,3.5940509315633604e-05,-0.012500000000000067,7.558615803847058e-05,-0.0125,1.6182769375619583e-11,1.8722598872496035,3.1323437572868587,0,2.691314006025555,1.058555135189044e-12,2.049509551455772,3.534099694185117,0,,0,1
S2_N160,7500308,2.282180406043007,1.738301285247473,2.9962282430143516,2.835989415291778e-09,-1.4647367359289882,0.27106244062103985,2.3807844224955513e-07,160,8.606220039332797e-06,1.5158096835402523e-06,True,0.0735425872218598,0.06061526926676656,True,0.480310409279052,0.3101005594168039,0.0005862084339152241,-0.05624999999999991,0.00021057957000821637,-0.05625,2.835989415291778e-09,1.738301285247473,2.9962282430143516,0,2.5167320257847514,4.8765324479697235e-11,1.9113661853289212,3.3138286834977313,0,,0,1
S2_N160,7500309,2.781404074504685,2.0371803484641746,3.7975079778791168,1.2046274472016055e-10,-1.4095613922744712,0.28035314346315887,1.3397964786839685e-06,160,0.00020462178027969436,9.841232960108696e-05,True,0.0007801261513057322,7.538257595234451e-05,True,0.6549237134995887,0.8869602765837841,0.00012791690192342408,-0.03749999999999998,0.00010495487428606962,-0.0375,1.2046274472016055e-10,2.0371803484641746,3.7975079778791168,0,3.0589717770019176,4.839999280073965e-10,2.151150336038887,4.349909058297037,0,,0,1
S2_N160,7500310,2.3748082285929635,1.7722156101474686,3.1822957039203383,6.959946976431153e-09,-1.4867679158976017,0.24562179952282567,1.0066070330316343e-08,160,0.0007695947173446327,0.0008726999848125943,True,0.0024042479614419,0.0015212709209681023,True,0.5511597558523715,0.46365512579857304,0.004457709663971734,-0.08125000000000004,0.0013389579928001234,-0.08125,6.959946976431153e-09,1.7722156101474686,3.1822957039203383,0,2.545229587726245,2.901583496065773e-09,1.869765527087935,3.46470910944998,0,,0,1
S2_N160,7500311,3.6129140979163417,2.7365164533014497,4.769987135715841,1.2843272259714515e-19,-1.4465085226213164,0.26776582138392435,2.3981652745314234e-07,160,4.050475488689781e-06,8.44335328883564e-07,True,0.4891134043219588,0.40335768895306423,True,0.42413015502495,0.39048306328588456,0.00018418010278356287,0.043749999999999956,0.00019588265238962543,0.04375,1.2843272259714515e-19,2.7365164533014497,4.769987135715841,0,4.14644146483158,3.4819378286451785e-23,3.1304770720465713,5.492126735186284,0,,0,1
S2_N160,7500312,2.687698558460229,,,,-1.453034135653722,0.2499121560286274,3.3045190871956154e-08,160,8.811596979245178e-06,8.198251179761796e-06,True,0.060087518205939175,0.09312209462327366,True,0.4447126798936075,0.6746783018011739,0.0006434660761641006,0.06874999999999998,0.0006887182385580343,0.06875,1.777205889109673e-08,1.9344093652831538,3.7343303184906795,1,2.8687216393364485,4.374094194676081e-10,2.098396465051774,3.921834591822071,1,0.0,0,1
S2_N160,7500313,2.666559571528116,2.087984544798216,3.405456216724716,3.862041687427632e-15,-1.1662557956993176,0.2720054687781387,3.142079188522301e-05,160,1.8069812445619908e-07,4.665338352866567e-09,True,3.4917193972257064e-05,6.771323196077394e-06,True,0.38330071214976524,0.5062456722961861,2.3991411621729053e-05,-0.012499999999999956,1.7300630174154504e-05,-0.0125,3.862041687427632e-15,2.087984544798216,3.405456216724716,0,2.9827858444956328,3.110225881907563e-16,2.2948116412712296,3.8770116179099356,0,,0,1
S2_N160,7500314,2.6080694925109715,2.0562217368779576,3.308021871266773,2.724384007939002e-15,-1.3477028526148964,0.2800225130841078,3.4685308111626197e-06,160,5.872022401048889e-07,3.779266761275177e-07,True,0.0013527045593577265,0.0035334409258636983,True,0.9834246244784631,0.9453710282242586,1.1535522597087457e-05,0.0,1.1514299578592858e-05,0.0,2.724384007939002e-15,2.0562217368779576,3.308021871266773,0,2.7443655062998045,1.0971823722426357e-14,2.1244039540135886,3.545249488892641,0,,0,1
S2_N160,7500315,1.7273535830247366,1.3061625281780902,2.2843638034466514,0.00012661657307091735,-1.5168531180007077,0.2320435317964488,8.350189036263669e-10,160,3.0748934579451506e-06,6.912753890022363e-07,True,0.004358299852146006,0.0012289573320378104,True,0.7122982370148492,0.5383071458283423,0.014078549305740477,-0.125,0.020223123636335657,-0.125,0.00012661657307091735,1.3061625281780902,2.2843638034466514,0,1.683451567583663,0.0003148274631359571,1.2680733287281574,2.2348937685191483,0,,0,1
S2_N160,7500316,3.0917937609482027,2.331050870432849,4.1008065424428946,4.760909439231361e-15,-1.44983003846498,0.2525797107112367,4.7502138340672914e-08,160,1.3957474092597845e-05,2.8505414203590153e-06,True,0.00034782439436423517,0.0015735134895764505,True,0.9108480453117854,0.9685809070525896,7.895255992910072e-05,-0.018749999999999933,2.914340744163405e-05,-0.01875,4.760909439231361e-15,2.331050870432849,4.1008065424428946,0,3.430726413018651,1.952567810152933e-19,2.6242105693091844,4.4851140600665325,0,,0,1
S2_N160,7500317,2.4669851584608784,1.9327962232042426,3.148813982043426,4.0889340361937606e-13,-1.3197396399192933,0.26257150019301606,1.3494286968893396e-06,160,1.8374681312813225e-05,3.5487831281997225e-05,True,0.03197904722645869,0.036821708397358086,True,0.5946591420739282,0.7944991907888816,0.00015794221777314137,-0.03750000000000009,5.912788710450093e-05,-0.0375,4.0889340361937606e-13,1.9327962232042426,3.148813982043426,0,2.6569121177067667,9.711843581639655e-13,2.0313947008716133,3.47504204780497,0,,0,1
S2_N160,7500318,2.302209786288784,1.7584380081848043,3.0141352014763902,1.3140894533672585e-09,-1.1320733953342543,0.24330626016773801,6.9127311833309045e-06,160,2.764174442641584e-06,3.514092664740681e-07,True,0.01783811107897097,0.023721801802479944,True,0.8191145451689095,0.7203834480029669,0.01576528311873075,0.125,0.01312860900517727,0.125,1.3140894533672585e-09,1.7584380081848043,3.0141352014763902,0,2.5256427005510966,3.8516729441205814e-10,1.8896893633686387,3.3756188580517783,0,,0,1
S2_N160,7500319,3.1093208473769267,2.389239212841819,4.046424518720988,3.168426522929234e-17,-1.32008476113948,0.2652938386566827,1.6897220176854934e-06,160,7.961554389882345e-06,1.480920992960358e-06,True,0.00029234558116840204,4.830037826942721e-05,True,0.1939715817590446,0.3261603647325314,0.00011034419021829191,0.03125,4.3630649867251125e-05,0.03125,3.168426522929234e-17,2.389239212841819,4.046424518720988,0,3.3496323340134087,1.3001493594857498e-15,2.490508474729735,4.5051188891399745,0,,0,1
S2_N160,7500320,4.240423391343542,3.185731167212614,5.644289989976237,4.1232187746509716e-23,-1.9203712819894592,0.28093649973630824,1.707494090340908e-10,160,7.862521615002443e-08,9.46603100015679e-09,True,0.0003203552048839527,0.0010201642511564162,True,0.8537152517743214,0.9849604253324251,0.00011959277464013359,0.03749999999999998,0.00010495487428606962,0.0375,4.1232187746509716e-23,3.185731167212614,5.644289989976237,0,4.62521814576236,4.9448352725509274e-26,3.4801222986466347,6.147095147836808,0,,0,1
S2_N160,7500321,2.9012987711228355,2.2452028473605843,3.74911984866506,3.842191658043687e-16,-1.275248607167474,0.2454104551882889,6.234761563838025e-07,160,1.6595243456382517e-07,4.0623757103470745e-08,True,0.031815764345442754,0.025314007971182273,True,0.7974909603598207,0.6811207167044275,0.008431164254986011,-0.09999999999999998,0.006681685426127759,-0.1,3.842191658043687e-16,2.2452028473605843,3.74911984866506,0,3.330420783418347,5.556279951084372e-11,2.3763107443466924,4.667614545367156,1,0.0,0,1
S2_N160,7500322,2.2462080086309206,1.737059696148208,2.9045924151170923,6.813567220188786e-10,-1.7830447568787033,0.2574843348527573,1.0551600833729472e-10,160,4.44156214572589e-06,8.164295200755313e-07,True,6.4378710419413425e-06,3.6793441872813246e-06,True,0.05199204799452695,0.08159759021085704,2.8342098045965502e-05,0.006249999999999978,4.083135477218683e-05,0.00625,6.813567220188786e-10,1.737059696148208,2.9045924151170923,0,2.4541298574849812,3.490522400418096e-11,1.8816355480893987,3.2008075971538283,0,,0,1
S2_N160,7500323,2.9809040225514907,2.333325971738589,3.808207211203649,2.3294267610144347e-18,-1.582326483235286,0.2706374471450116,2.815959346656538e-08,160,3.793840439930301e-05,8.293161181148272e-06,True,0.003146820010813012,0.004712886129708882,True,0.24389009605520662,0.15835284895930934,0.00024700234224340697,0.05625000000000002,0.00014529884248804016,0.05625,2.3294267610144347e-18,2.333325971738589,3.808207211203649,0,3.2431232805523904,7.36220902516378e-19,2.5006272640751908,4.206084114959342,0,,0,1
S2_N160,7500324,2.724732617466988,2.1299076907658048,3.485675867022743,1.502234079445582e-15,-1.2406263574724727,0.2753770814395811,1.2882545016091275e-05,160,0.002266773571783847,0.0032092910648410756,True,0.0018845436567500081,0.0018837333192187728,True,0.052788682648895344,0.10223125522231627,8.980522970071701e-06,-0.006249999999999978,1.0073323347411614e-05,-0.00625,1.502234079445582e-15,2.1299076907658048,3.485675867022743,0,2.9625978286379904,1.008485633996953e-16,2.2926751557875495,3.8282727808578625,0,,0,1
S2_N160,7500325,2.8962753834880868,2.2258854897246545,3.7685726133363326,2.4359776046055406e-15,-1.3458456631910056,0.24344166264981834,1.3189376467667032e-07,160,1.4812326977037576e-05,7.901831318554151e-07,True,0.024452888576136807,0.009731147271940544,True,0.7913528440431673,0.8252107661895666,0.0003668678089669133,0.05625000000000002,0.00014529884248804016,0.05625,2.4359776046055406e-15,2.2258854897246545,3.7685726133363326,0,3.198768683898179,1.2624413268428696e-14,2.3801462219051723,4.298946425609706,0,,0,1
S2_N160,7500326,2.241618222073759,1.7508766902490762,2.8699064197480935,1.5228504109808242e-10,-1.1013089351933616,0.27367077527379047,8.867126995593611e-05,160,1.2081275632606188e-05,3.7908965649460403e-06,True,0.5106331568114189,0.7646618650085867,True,0.7555231708769415,0.881510704608221,7.961788895006946e-06,0.006249999999999978,7.930039900036434e-06,0.00625,1.5228504109808242e-10,1.7508766902490762,2.8699064197480935,0,2.335572838612882,4.2761759705571666e-10,1.7895709020229384,3.0481611420368937,0,,0,1
S2_N160,7500327,3.327222525506937,2.474681000017177,4.473469402385164,1.7309003771952052e-15,-1.7874999999999988,0.2660408692525276,3.188772587297564e-10,160,0.00014233027231608085,0.00019501980953918905,True,0.055732974863561095,0.1079593097813917,True,0.7401047328285051,0.9235729370883317,0.000988471728796183,-0.0625,0.0006872424113338462,-0.0625,1.7309003771952052e-15,2.474681000017177,4.473469402385164,0,4.182944086509928,2.5450554670495705e-20,3.0874939766841116,5.667062466518469,0,,0,1
S2_N160,7500328,2.894790021916486,2.2079229105042413,3.795335983480276,1.4563881306891872e-14,-1.2172440970385336,0.2549161640205863,4.0875548473196455e-06,160,1.8275411853715647e-09,9.018205928975222e-11,True,1.0729172989021657e-05,9.090065302694812e-05,True,0.7414379469738659,0.9303782273105626,8.932489754668742e-05,0.03125,0.00013000285811884448,0.03125,1.4563881306891872e-14,2.2079229105042413,3.795335983480276,0,3.1241134797349783,2.2787299791509847e-14,2.3318852756328945,4.185491085796587,0,,0,1
S2_N160,7500329,2.906984643544729,2.137076938618409,3.9542608715192284,1.0627567263357271e-11,-0.7044630440715838,0.27279674734442794,0.010725635846655096,160,3.793963084232926e-05,3.092679922450035e-05,True,0.005546228423012089,0.005335586667497306,True,0.9900399059598175,0.8518674281322436,0.0001121085172747532,0.018749999999999933,3.563759664566388e-05,0.01875,1.0627567263357271e-11,2.137076938618409,3.9542608715192284,0,3.093831104498006,2.1538699771119124e-11,2.2228372280537645,4.306114178022862,0,,0,1
S2_N160,7500330,2.2881557460658795,1.7765739942480083,2.9470524364342396,1.4460903889296234e-10,-1.0492832207313176,0.2637390347383763,0.00010565855506314989,160,3.908827205213591e-09,5.8986015337118816e-12,True,0.011064710696348715,0.015002731674704312,True,0.5895226040859574,0.8747541854159143,1.937598212250334e-05,-0.018750000000000044,3.8141905102560283e-06,-0.01875,1.4460903889296234e-10,1.7765739942480083,2.9470524364342396,0,2.4290233835902137,5.568840317504571e-11,1.8628775481671844,3.1672262107796576,0,,0,1
S2_N160,7500331,2.232173098974029,1.7369412726050282,2.8686040353629956,3.521512669441146e-10,-1.9365045412662933,0.2509968294563181,1.31065224351754e-12,160,0.000709484825250368,0.0023965910139446774,True,8.315080950505558e-06,1.6722377430181016e-06,True,0.7874989325418944,0.863949815986538,0.008550883723918814,-0.11875000000000002,0.008225700444252314,-0.11875,3.521512669441146e-10,1.7369412726050282,2.8686040353629956,0,2.5628453621641696,8.157548660265434e-14,2.0019367695622723,3.2809109909113356,0,,0,1
S2_N160,7500332,2.473100402998619,1.9270889472866388,3.1738159320168595,1.1265934817542944e-12,-1.2375000000000012,0.2815246589147605,2.02545416669467e-05,160,8.224945928310807e-07,2.4418975781349745e-08,True,0.000413264768005938,0.0001360062180315894,True,0.6661155254494993,0.7204198123073712,0.0001584497783173203,-0.018749999999999933,0.00017618451018354623,-0.01875,1.1265934817542944e-12,1.9270889472866388,3.1738159320168595,0,2.6225595874727707,1.2072011427974805e-11,1.9845794103165686,3.465630427329809,0,,0,1
S2_N160,7500333,2.7270110111522894,,,,-1.1720968328192238,0.2850998810276103,6.328052134540332e-05,160,1.0636397172967361e-07,8.859571189606598e-09,True,0.009169288518487022,0.004348043296581783,True,0.9656223328462954,0.9371788227179073,0.00335833182019379,0.08125000000000004,0.0039483929350355015,0.08125,8.511735287325e-09,1.9688271528554449,3.7771670530652424,1,2.812082080990119,1.2964162222297664e-08,2.0007235146168374,3.952472979126332,1,0.0,0,1
S2_N160,7500334,2.952249594545654,2.3050327202008214,3.781194770951292,1.000802891026203e-17,-1.5412593328500444,0.2578530065815275,1.4722073814021052e-08,160,5.834588875859038e-08,6.690679100686706e-08,True,0.0026863271383181565,0.0010780197301561917,True,0.9529024661085423,0.9317886545180445,0.0021140693683176135,-0.07500000000000007,0.003399119927004842,-0.075,1.000802891026203e-17,2.3050327202008214,3.781194770951292,0,3.249316924278218,6.232604666273219e-17,2.4649911707486103,4.283204175207819,0,,0,1
S2_N160,7500335,2.746918099552691,2.1571078700435407,3.4979980141177927,2.533646729588551e-16,-1.6042655734860323,0.23897982627178826,3.290891489541219e-10,160,0.0003429934288424271,0.00043389649696467093,True,0.0003045551399778182,0.00014936681518639222,True,0.5913510792556878,0.6433990265386724,0.00035088359975166155,0.06874999999999998,0.00017558579708480747,0.06875,2.533646729588551e-16,2.1571078700435407,3.4979980141177927,0,2.994614168710449,9.592208397434711e-15,2.26876830309184,3.952679525370802,0,,0,1
S2_N160,7500336,3.4515903187664785,2.6468529661934657,4.500996421322065,5.879095533033102e-20,-1.7874999999999976,0.25398572001692304,5.713915465508852e-11,160,0.00011942501963171775,7.59031402256405e-05,True,0.06595393349132768,0.06121038667553314,True,0.0666251413526704,0.05915284820845025,8.856681967141103e-05,-0.018750000000000044,5.17448426468582e-06,-0.01875,5.879095533033102e-20,2.6468529661934657,4.500996421322065,0,3.4696316812028494,4.9787560928759624e-18,2.6176862706756756,4.598849043930379,0,,0,1
S2_N160,7500337,2.439660851506172,1.8642158268736349,3.1927339016070224,8.15374245811625e-11,-1.6724992618558505,0.2762286060232904,9.980951769549432e-09,160,0.0014087442660241126,0.0013708219564646314,True,0.0033680620769907573,0.0037827888872172017,True,0.4576950501782462,0.31522305689706986,3.2861095691845536e-05,-0.018750000000000044,7.320183404794874e-05,-0.01875,8.15374245811625e-11,1.8642158268736349,3.1927339016070224,0,2.691856299378326,3.6273010087065923e-11,2.007704774279919,3.609141358495625,0,,0,1
S2_N160,7500338,2.8439164551869918,,,,-1.5785748884034567,0.2699613352656983,2.8056144515111684e-08,160,0.0003099535304554781,0.00011867552772924217,True,0.009040787031020379,0.007966179014819351,True,0.2465921980964929,0.33000219942895925,3.5938609819953595e-05,-0.018750000000000044,1.4987556421764579e-05,-0.01875,3.7668019082278343e-13,2.1917237354694707,3.6901826052227844,1,3.0764194019107887,1.814621140424263e-12,2.301666855108448,4.111957521327387,1,0.0,0,1
S2_N160,7500339,2.7143290467951715,,,,-1.5559144222415295,0.27641117689754924,8.142663698769662e-08,160,5.741848488162001e-08,7.409780143827664e-08,True,0.00014749629286303284,0.00010354336052063149,True,0.2598300505331448,0.4062764850185555,0.00017444109612001676,-0.05625000000000002,3.571053472326374e-05,-0.05625,5.64341032899881e-10,2.0137589071319772,3.6586217685656295,1,2.903569008477499,3.174231087583883e-10,2.1220541792942225,3.9729018557834346,1,0.0,0,1
S2_N160,7500340,3.1567032064901706,2.438592463598895,4.086281444157023,2.567909638667042e-18,-1.8648432555063263,0.271913538877698,1.5119050973389242e-10,160,2.6456901389269803e-05,0.00010177285064558998,True,0.00018394148804293188,1.9907644960255254e-05,True,0.9148640744856366,0.8436965721981178,2.040042977351239e-05,-0.012499999999999956,2.6298023989558378e-05,-0.0125,2.567909638667042e-18,2.438592463598895,4.086281444157023,0,3.7373731630888747,8.668628194079827e-18,2.766500514460838,5.048962791499481,0,,0,1
S2_N160,7500341,2.8264264829043886,2.221802266402834,3.595588493208805,2.65923505999317e-17,-1.2668992273019946,0.278018024596761,1.0376034609610005e-05,160,3.958530962187413e-06,1.3587061308804946e-07,True,0.0011900368716496583,0.002578078326229735,True,0.8571322411880895,0.748518829542777,2.7480112344865074e-05,0.0,2.1121980584556164e-05,0.0,2.65923505999317e-17,2.221802266402834,3.595588493208805,0,2.960695459776249,1.1624391747733892e-15,2.269995617975143,3.8615570603430482,0,,0,1
S2_N160,7500342,3.065914187203341,2.3434594704039258,4.011091261447992,3.044661407436494e-16,-1.2749999999999977,0.2777333997964593,8.997774398422832e-06,160,2.3377925022896895e-06,3.727747618444947e-06,True,0.013060029430722618,0.05159305339210835,True,0.01039292049822616,0.025581370277957514,0.0005641861425817856,0.06874999999999998,0.00044102414451554226,0.06875,3.044661407436494e-16,2.3434594704039258,4.011091261447992,0,3.1944099270107587,3.774622920835647e-16,2.4156041887427833,4.224307454565126,0,,0,1
S2_N160,7500343,3.796011002648459,2.958065140379732,4.871325967614885,1.0396475391766437e-25,-1.6894927936246666,0.2517003398371273,3.302419187889965e-10,160,5.688383554052938e-06,4.114870996536102e-06,True,0.0007007894513785181,0.0009976515736977735,True,0.2934715735730459,0.36485397052611046,0.0004408889457122877,0.05625000000000002,0.0007629990246607427,0.05625,1.0396475391766437e-25,2.958065140379732,4.871325967614885,0,4.135072617674797,8.063898327133988e-25,3.1551923772753865,5.419265613277534,0,,0,1
S2_N160,7500344,2.853831948516447,2.0906425793580277,3.8956237047817437,3.9817860752737224e-11,-1.2624999999999986,0.26619956014400004,4.702641390189363e-06,160,0.00024610615613120145,4.6856362162978135e-05,True,0.0019418531724447047,0.0024753114494970984,True,0.47199877227910425,0.2698737306305825,0.0009106484450767557,0.0625,0.001359044738978739,0.0625,3.9817860752737224e-11,2.0906425793580277,3.8956237047817437,0,2.9855669136661636,1.063479165998384e-10,2.142155622932329,4.161046798167045,0,,0,1
S2_N160,7500345,2.011848992267111,1.56371895002439,2.588403988851742,5.410525729342438e-08,-1.399622639855545,0.25674374059327815,1.9008659199521802e-07,160,0.0001290180320012906,0.0005186533022461193,True,8.434593665986074e-05,8.785923387829523e-05,True,0.954774916828243,0.9959018769205555,6.889352103940462e-05,-0.025000000000000022,1.2497232271173316e-05,-0.025,5.410525729342438e-08,1.56371895002439,2.588403988851742,0,2.1421426881631698,2.3862810064113875e-08,1.6393327819220826,2.7991725335173796,0,,0,1
S2_N160,7500346,1.9362010228007058,1.4960167783410063,2.5059039811383523,5.142624640778611e-07,-1.2901697079649126,0.26984040416875754,3.979808960593443e-06,160,0.00022426917561094823,0.00029091501945526833,True,7.550019776315687e-06,9.458577253446909e-07,True,0.7402392174693253,0.7642662485443238,0.000247603104602103,0.03749999999999998,7.227742957576236e-05,0.0375,5.142624640778611e-07,1.4960167783410063,2.5059039811383523,0,2.023481487417926,2.8176112753557334e-07,1.5462185256268048,2.6480586424633907,0,,0,1
S2_N160,7500347,2.4641173579044833,1.830472116650134,3.3171083559786965,2.7446372861747056e-09,-1.33252996072135,0.2425541805770486,1.5555662465693234e-07,160,8.680629177292027e-07,2.486324324654948e-07,True,0.003522175425592234,0.0023354052155284515,True,0.6940218917720851,0.7735391295811087,0.00021621368640409986,0.025000000000000022,0.00017714115372239033,0.025,2.7446372861747056e-09,1.830472116650134,3.3171083559786965,0,2.625809386298157,2.357047220364855e-10,1.9479178065216203,3.5396128676926164,0,,0,1
S2_N160,7500348,2.845198476796712,2.1259226250704293,3.807831139714291,2.0315146214039986e-12,-1.345412199630313,0.26550154795782543,1.1209467524283409e-06,160,1.0072975441826343e-06,3.556283388405942e-07,True,0.016360659711102305,0.014004510965549473,True,0.4044912347848898,0.3603293311261373,0.00018238841562073877,-0.05625000000000002,9.606758160484978e-05,-0.05625,2.0315146214039986e-12,2.1259226250704293,3.807831139714291,0,3.008059875157847,2.487069932742613e-13,2.2398353373292377,4.039772059013905,0,,0,1
S2_N160,7500349,3.080536699771248,2.35634446709018,4.027300121512476,1.8964454349121216e-16,-1.3528849993780565,0.29588311935600164,9.72250078858323e-06,160,0.0006032426902605777,0.0011955054206141482,True,0.0005204325732927396,0.0007796542869749438,True,0.6550114350599081,0.6229584932107342,4.382730689156903e-05,0.012499999999999956,0.00015297956614184545,0.0125,1.8964454349121216e-16,2.35634446709018,4.027300121512476,0,3.2700856134527254,7.278010124665712e-16,2.4520103391138397,4.361099033201923,0,,0,1
S2_N160,7500350,2.585947102686015,2.0160220438879075,3.316988739366188,7.458767249140655e-14,-1.770092427969506,0.27381640850787714,1.2200533437374855e-09,160,0.0026216160814314313,0.00036632548457712384,True,1.639672044043966e-05,3.372189259890718e-05,True,0.9219278511048601,0.8316699519413602,3.832718563141279e-05,0.0,7.326053374340003e-06,0.0,7.458767249140655e-14,2.0160220438879075,3.316988739366188,0,2.9169769398285785,3.2001446658593136e-13,2.1870508593411184,3.890515134181693,0,,0,1
S2_N160,7500351,2.897251279820531,2.196201867897772,3.822082615045124,5.233905125419264e-14,-1.3586500249659708,0.2920329593408514,6.927127504484938e-06,160,3.4875952811093487e-05,1.4854062969641824e-05,True,0.012999575935468253,0.02551509709108564,True,0.35439363630779197,0.44359894565840385,5.780061445849223e-06,0.0,3.0386094970011283e-05,0.0,5.233905125419264e-14,2.196201867897772,3.822082615045124,0,3.061609267685892,8.871040097008232e-15,2.3074094340648963,4.062326854349037,0,,0,1
S2_N160,7500352,2.947238935996392,2.2576532474416555,3.847454145447826,1.896558171051308e-15,-1.8168372507786092,0.29223185052957484,4.380378014131758e-09,160,8.246270267649556e-05,5.276407472148654e-05,True,1.3125308278148698e-05,8.801195602117981e-06,True,0.5563920252574636,0.4886225484359078,0.0008264413747099252,0.06874999999999998,0.0006887182385580343,0.06875,1.896558171051308e-15,2.2576532474416555,3.847454145447826,0,3.0313705501265806,5.286389182870951e-15,2.2957365199560247,4.002727374111185,0,,0,1
S2_N160,7500353,2.8787416275331865,2.2243781582935807,3.725604536797764,9.25728821686537e-16,-0.8573129667677647,0.263217719867662,0.001379595354297964,160,3.595214567685215e-07,3.801374946635807e-07,True,0.0009364204504107796,0.005478770348186965,True,0.35631196209658056,0.22007542984814266,7.639503126767202e-05,0.03125,2.211991453462035e-05,0.03125,9.25728821686537e-16,2.2243781582935807,3.725604536797764,0,2.9487483702710864,1.1262431092199489e-15,2.263364864232963,3.841677092625142,0,,0,1
S2_N160,7500354,2.3224647632864124,1.8424290365571157,2.9275714123493737,9.845820008308625e-13,-1.2221509834818176,0.24514831693432043,1.6201961648343897e-06,160,2.543070314424028e-07,1.612325642853789e-07,True,0.04389402306954124,0.12730731548116012,True,0.32536668682105496,0.3692232152867233,0.007494339000138487,0.11875000000000002,0.0018218297484496563,0.11875,9.845820008308625e-13,1.8424290365571157,2.9275714123493737,0,2.5105295916588943,1.6672567626048299e-12,1.9443813420972254,3.2415240231614075,0,,0,1
S2_N160,7500355,2.720063774252512,2.033720903162192,3.638034562410535,1.534566504896851e-11,-1.4601026405098922,0.28103941073955196,6.264123118828289e-07,160,1.6846444327329981e-06,7.602774963359509e-07,True,0.11299466267445549,0.07627897324271306,True,0.2946009604506882,0.4216398443472327,6.975053674215509e-05,-0.03125,1.7195554375867102e-05,-0.03125,1.534566504896851e-11,2.033720903162192,3.638034562410535,0,2.766737129168651,1.3118291192257593e-10,2.028434695619339,3.773764252037284,0,,0,1
S2_N160,7500356,1.9677637299461803,1.5411873551270092,2.5124097235878273,5.647828611718208e-08,-1.9208356053704312,0.2661187394196687,2.126544079289515e-11,160,0.09746447093767101,0.08986938720459031,True,0.04673857014244443,0.06455683766182815,True,0.24525120343531726,0.22778495623384065,0.00020412773094834915,-0.04999999999999993,7.085074231957174e-05,-0.05,5.647828611718208e-08,1.5411873551270092,2.5124097235878273,0,2.1318801757142136,1.0377621924035904e-08,1.6451262284466723,2.7626531052845547,0,,0,1
S2_N160,7500357,2.3513578987375654,1.8508933606961384,2.9871434440048317,2.5229774749131747e-12,-1.3126328468187611,0.2730796056408913,3.561366184587193e-06,160,0.00027105824329574604,0.00019222081892758468,True,0.015817660332704847,0.010656548729680217,True,0.18320442987914354,0.25059635324986707,0.010433537136392917,0.11875000000000002,0.00971008990261806,0.11875,2.5229774749131747e-12,1.8508933606961384,2.9871434440048317,0,2.533554091906069,5.784872687934217e-12,1.944451644336501,3.301134463955408,0,,0,1
S2_N160,7500358,3.349433065084058,2.5992976295583707,4.316051278585008,9.270176392164849e-21,-0.9867843107035538,0.2483827817688964,0.00010796270171706005,160,1.8241107075869494e-06,7.427227329460352e-07,True,0.005237471064145268,0.00275011880070206,True,0.22139818379206322,0.33882286363728464,1.211168802704434e-05,0.006250000000000089,1.9361337404204134e-05,0.00625,9.270176392164849e-21,2.5992976295583707,4.316051278585008,0,3.561134978267367,2.632690547061363e-18,2.6773092925889688,4.736726671267809,0,,0,1
S2_N160,7500359,2.3125106951521555,1.796961074880958,2.9759719283554156,7.311152139987413e-11,-1.3108773839174193,0.30722037554461634,3.4150418608566135e-05,160,0.0014204513786612671,0.0009461700553745428,True,9.829631256040302e-05,6.281991523849587e-05,True,0.34138189466375857,0.6179132615771462,0.005062521590544613,-0.09375,0.004919688338076054,-0.09375,7.311152139987413e-11,1.796961074880958,2.9759719283554156,0,2.37651810282708,3.256451698818572e-11,1.8402646723166372,3.069035871864552,0,,0,1
S2_N160,7500360,1.9125778606912347,1.4636948265215617,2.499123455877279,2.020137531498124e-06,-0.7947295482128972,0.26175843691103706,0.0028064669386118966,160,2.6200424055455897e-05,6.381471438185132e-06,True,0.1509562074074563,0.12097823473085272,True,0.2851581589981308,0.18129952755390755,0.003610219232155607,-0.10000000000000009,0.0036153339595347053,-0.1,2.020137531498124e-06,1.4636948265215617,2.499123455877279,0,1.9200612222651292,7.284195382024002e-06,1.4438131773401799,2.553401752460697,0,,0,1
S2_N160,7500361,2.884667649566961,2.1341749573434017,3.8990746376372307,5.5475452792317625e-12,-1.5506271454977554,0.25283175085449633,6.720384537468782e-09,160,8.326874103494564e-06,2.9116520209238534e-06,True,0.0009350579093348585,0.0021661326328133714,True,0.8249864401495665,0.9753820843331982,1.1272394604901379e-05,0.0,5.748539784557799e-06,0.0,5.5475452792317625e-12,2.1341749573434017,3.8990746376372307,0,2.9963488691590383,6.816774161897825e-12,2.1900513207540695,4.099495961866017,0,,0,1
S2_N160,7500362,2.4798030846541073,1.932380029507762,3.182305366831222,9.583635259710135e-13,-1.4513225176250732,0.26617497524724715,1.8912313863942267e-07,160,7.524470480059801e-05,2.3209992133482693e-06,True,0.0004856927839849528,0.00019491825745270022,True,0.4166350504676489,0.5173761140695428,3.6510218345330146e-05,0.012500000000000067,6.45324362539309e-05,0.0125,9.583635259710135e-13,1.932380029507762,3.182305366831222,0,2.541572045076431,4.762381127141664e-11,1.9248747173068768,3.355848774070713,0,,0,1
S2_N160,7500363,3.01655193551635,2.364470866182123,3.848465933674372,6.393875689512345e-19,-1.6875000000000002,0.25186913761101365,3.5279424226742525e-10,160,3.9933187020815886e-06,1.147442956079044e-06,True,0.0019114402110159707,0.001011867811482655,True,0.5915085340455046,0.512597737723179,5.205092419226269e-05,0.025000000000000022,0.00017714115372239033,0.025,6.393875689512345e-19,2.364470866182123,3.848465933674372,0,3.1462223725720366,1.0674148209617188e-17,2.4204563737729496,4.089606953850167,0,,0,1
S2_N160,7500364,2.6691265760932983,2.0591368895995044,3.4598169335857873,1.2067784438554665e-13,-1.5793495273164289,0.2526751585114184,3.691972198364027e-09,160,4.0268387807648365e-08,5.145184473626391e-08,True,0.0028689863235348578,0.0012461814489400985,True,0.062431715830515246,0.08639537940980288,1.702587334683383e-05,0.0,1.3984248625183662e-06,0.0,1.2067784438554665e-13,2.0591368895995044,3.4598169335857873,0,3.0156048435286764,1.3238412291487234e-14,2.2772442040086904,3.9933673148911484,0,,0,1
S2_N160,7500365,2.565385887408972,1.9960591095564189,3.297099128882837,1.8598371735465696e-13,-1.3249999999999988,0.26609734224959947,1.6639533986555734e-06,160,0.00012517851982648864,1.3437215598273655e-05,True,8.991434908293592e-05,2.205414914958287e-05,True,0.14520045645029922,0.1531699621327161,0.00010364125208811483,0.018749999999999933,6.186036010926148e-05,0.01875,1.8598371735465696e-13,1.9960591095564189,3.297099128882837,0,2.688233178923603,1.899313401000759e-13,2.065538262872962,3.498651055833847,0,,0,1
S2_N160,7500366,3.051952417634794,,,,-1.2530049343420029,0.2747316276612635,1.0205795792341901e-05,160,0.0001308817353386376,3.377172905660834e-05,True,4.0101888262349445e-05,0.0005618164913929266,True,0.6137439729131716,0.6195813120579408,0.00025602019145163046,-0.043749999999999956,0.0003502707100969371,-0.04375,3.1203448033741036e-12,2.2797437345352813,4.085728329199939,1,3.1279500428995037,9.169926048790365e-12,2.303571947781741,4.247347898248511,1,0.0,0,1
S2_N160,7500367,2.745737179371955,2.084526302722255,3.6166838712180915,6.696451007146523e-13,-1.0279457176873295,0.261337138589618,0.0001254150566006762,160,0.001392584815490919,0.004025680685856684,True,9.21932099011791e-06,3.1646911260916284e-07,True,0.43028606846317186,0.39787716730550593,0.001735712100212015,0.08750000000000002,0.0015364571917904771,0.0875,6.696451007146523e-13,2.084526302722255,3.6166838712180915,0,3.0739325681386243,6.0695923853471245e-15,2.31839222470206,4.075695791585754,0,,0,1
S2_N160,7500368,3.14201186452459,2.4084784524432017,4.098952409891283,3.1770576896824944e-17,-1.0443194688537398,0.25633917786362687,7.315112009493297e-05,160,1.1832324463219314e-07,4.817995477773179e-08,True,0.11532498981451879,0.14767787040694266,True,0.6854246998382582,0.7240893035401332,0.0005023494849179298,0.050000000000000044,0.00034949714336143724,0.05,3.1770576896824944e-17,2.4084784524432017,4.098952409891283,0,3.285258386150167,1.3574147595012428e-16,2.478111490650733,4.3553014884475045,0,,0,1
S2_N160,7500369,2.6464562910069134,1.9976229530435878,3.5060324519895762,1.1867028434413556e-11,-1.3000000000000025,0.25299899756699656,8.127927591024493e-07,160,2.6979404510542227e-06,2.8626670677008768e-06,True,0.003976392936511868,0.012834209897480301,True,0.14153137927627346,0.28902211782737564,0.00015307833843049005,0.03749999999999998,0.0004419413112111112,0.0375,1.1867028434413556e-11,1.9976229530435878,3.5060324519895762,0,2.703544981139898,4.1246839924562955e-11,2.0121279547092343,3.632550031393482,0,,0,1
S2_N160,7500370,2.2487713225968675,1.7312086589348956,2.921064676539513,1.2600920017294233e-09,-1.5066719576573653,0.24534963124531475,6.457066748710851e-09,160,6.0107427179381785e-05,8.889976812475286e-06,True,0.0010231385325250577,0.0026672622896112917,True,0.45665033930933363,0.608188268444968,0.0005120818181199056,-0.0625,0.00023538956948436626,-0.0625,1.2600920017294233e-09,1.7312086589348956,2.921064676539513,0,2.4116286563775433,5.180286440950167e-10,1.8269079175121097,3.1834953040115677,0,,0,1
S2_N160,7500371,3.7543832959574175,,,,-1.344971819090628,0.2595248250604073,6.646316488777012e-07,160,3.591951472930987e-08,6.768486605899556e-10,True,0.46266553877357064,0.396283086372165,True,0.49777036799022556,0.4592240864790289,0.00023958621401870073,0.04999999999999993,0.00040145431188616455,0.05,1.4306838957233889e-18,2.891162986705329,4.875337017587761,1,4.276451511800512,5.641385671359714e-19,3.223228145049542,5.673826583100836,1,0.0,0,1
S2_N160,7500372,2.3550120203762988,1.8246374083551054,3.039552730159469,4.727318618296469e-11,-1.7130472892081396,0.2854740039415813,1.3093453926676265e-08,160,3.3661182427900973e-07,1.4087914568831541e-08,True,0.00042025345829263056,0.0007988057940010097,True,0.3253675697982168,0.5005955393686313,0.00012445569562659516,-0.03125,5.351497382452205e-05,-0.03125,4.727318618296469e-11,1.8246374083551054,3.039552730159469,0,2.392360486771225,1.950004427732704e-10,1.828855241355325,3.129492465692788,0,,0,1
S2_N160,7500373,2.9607277544989428,2.216144465569097,3.9554771687726156,2.0673915499938973e-13,-1.4602695798684715,0.25526455451836993,5.223271805268754e-08,160,4.62131217357218e-07,1.7446946356078558e-07,True,0.01491986455823088,0.029956668051596188,True,0.7485085834176421,0.7656802438990018,0.0003477372462062359,-0.05625000000000002,0.00014529884248804016,-0.05625,2.0673915499938973e-13,2.216144465569097,3.9554771687726156,0,3.2794559385290682,3.1623310474618447e-13,2.382723812674172,4.513670948998171,0,,0,1
S2_N160,7500374,2.8098058053583435,2.1204129147552657,3.723335492293338,6.337168326096382e-13,-1.2589893954943079,0.2724852632239406,7.936339020434269e-06,160,1.0385316935410728e-05,3.754115485432086e-06,True,1.4989001815647142e-05,1.3992836779575478e-05,True,0.4551753255165446,0.6548534942751849,5.5136857984191074e-05,0.0,2.1121980584556164e-05,0.0,6.337168326096382e-13,2.1204129147552657,3.723335492293338,0,2.9375083151694454,4.144909723439867e-13,2.1952231058465927,3.930787298433549,0,,0,1
S2_N160,7500375,2.706540666158479,2.024676144119982,3.618041531651238,1.778039028494874e-11,-1.3521096744017647,0.24081291136819646,8.719806948056798e-08,160,5.858771329043014e-06,2.8802260041342e-07,True,0.11250323835210259,0.1136260477317995,True,0.0664686069653687,0.06418607867871762,1.275158540114277e-05,0.0,2.1546782290869684e-07,0.0,1.778039028494874e-11,2.024676144119982,3.618041531651238,0,2.816820978973805,2.397070096286184e-12,2.1085991508905275,3.762915499722157,0,,0,1
S2_N160,7500376,2.1595291679586968,1.646068007358073,2.8331552562942828,2.7313884624003784e-08,-1.3672024198822708,0.24891925239638213,1.5643655439577176e-07,160,4.807832539748081e-07,2.1787941738385556e-06,True,0.0023062016281314495,0.0019908321135061317,True,0.6623607140268766,0.5440317294275041,0.00022330968416920028,-0.03749999999999998,0.00020089952954912605,-0.0375,2.7313884624003784e-08,1.646068007358073,2.8331552562942828,0,2.2176669862985303,4.249025893045045e-08,1.6679684587899613,2.9485250972229022,0,,0,1
S2_N160,7500377,2.24748080668113,,,,-1.328788449513146,0.2540672262750309,5.340841405246775e-07,160,1.4313540655036478e-05,1.9490655008165024e-06,True,0.006097844883670158,0.0028117951187735593,True,0.8882191331530966,0.96581177258992,7.481467737493494e-05,-0.03125,9.33846506941825e-05,-0.03125,4.5059083517164175e-08,1.701522881282188,2.968617132314869,1,2.595580313829844,1.3333137683223518e-07,1.845449372617459,3.6506215047155037,1,0.0,0,1
S2_N160,7500378,3.106850509224972,2.3301739843716303,4.142403164489208,1.1305160883565702e-14,-1.0264480864507817,0.2580818666586187,0.00010617265012807728,160,4.148791404990221e-06,5.785686712975601e-06,True,0.0017036441239398742,0.0007458836865309952,True,0.5593294156092712,0.8277442066267386,0.08819695031850909,0.17500000000000004,0.09611250736869252,0.175,1.1305160883565702e-14,2.3301739843716303,4.142403164489208,0,3.112595866010355,5.386163584606404e-13,2.2864868271215224,4.237178587773181,0,,0,1
S2_N160,7500379,3.130035870981787,2.4191059335445746,4.049894805258718,3.9529720502512735e-18,-1.6030082005082014,0.28766817286806334,1.0686949540356899e-07,160,6.962179284691239e-06,5.214956388969981e-07,True,0.017007115682258475,0.023111437440680126,True,0.25233314178463095,0.3280696625967727,2.347686134335432e-05,0.006249999999999978,2.361835002995218e-05,0.00625,3.9529720502512735e-18,2.4191059335445746,4.049894805258718,0,3.6196196860778866,1.453443589859974e-17,2.6934519741411873,4.864258504560887,0,,0,1
S2_N160,7500380,2.1913423645890746,1.6564577966518579,2.8989457917665753,3.911987326060785e-08,-1.0925627780974991,0.2386785343574002,9.512378017825085e-06,160,0.0009936179865176068,0.0005758999170856965,True,0.015631151175133407,0.005745960707167886,True,0.6955810779788545,0.7549496519627761,0.0010718549366669605,-0.07499999999999996,0.000583868011109538,-0.075,3.911987326060785e-08,1.6564577966518579,2.8989457917665753,0,2.3348415802878684,4.333714592300651e-09,1.7592090469879722,3.098827404494596,0,,0,1
S2_N160,7500381,2.8694654785435136,2.109133239392563,3.903893779097771,1.929684419498683e-11,-1.293863221501856,0.29187223475235113,1.737799076025804e-05,160,0.009197075347879865,0.0032722133152851196,True,5.592500610355503e-06,1.315504867363248e-06,True,0.05766442930520714,0.08871549234829568,0.00020203761746318168,-0.03749999999999998,0.00039248276104677577,-0.0375,1.929684419498683e-11,2.109133239392563,3.903893779097771,0,3.2374928636259903,1.9227433754471714e-11,2.2973027535474175,4.562463535049637,0,,0,1
S2_N160,7500382,2.6219240930046532,2.0508269435337354,3.3520556042788257,1.468573024961819e-14,-1.503336083055007,0.24807230328082683,9.717722705634897e-09,160,2.9511879707463326e-08,1.1493820377650295e-09,True,0.001281705816318197,0.0026802453129871062,True,0.4589763204427122,0.4532730959805985,0.0003860549717925344,-0.04375000000000007,0.0009608124698070585,-0.04375,1.468573024961819e-14,2.0508269435337354,3.3520556042788257,0,2.7898706546093686,5.836029043284393e-15,2.1563813735820285,3.6094627623875777,0,,0,1
S2_N160,7500383,2.8982686093309025,,,,-1.6568154547837848,0.26872450799602204,5.699494990334734e-09,160,3.0340867251494785e-07,4.0182868199899704e-08,True,7.755296762843118e-05,4.735153691687492e-05,True,0.0004919144122414876,0.00039489184348858266,0.0010745894769086156,0.0625,0.001970952853469831,0.0625,6.3632493411760504e-12,2.184011931459619,3.8461149460017006,1,3.1876341606174217,7.490829365041478e-10,2.247563557668457,4.5209006469547,1,0.0,0,1
S2_N160,7500384,2.5898462085963554,2.0015088285527125,3.351123556637497,4.568294208836604e-13,-1.4241534699313414,0.2593745151626934,1.5780318041360578e-07,160,4.83531653743041e-07,4.498477458001365e-08,True,0.0016454741584346038,0.00046552314465551426,True,0.36636637809599615,0.3730054717202145,0.0014128008792452416,-0.06874999999999998,0.0008959714125173452,-0.06875,4.568294208836604e-13,2.0015088285527125,3.351123556637497,0,2.7922904740036447,1.6881552352562308e-14,2.148013459714414,3.6298124930037092,0,,0,1
S2_N160,7500385,2.438905135622263,1.9168364574975665,3.103164193950125,4.032639420846265e-13,-1.465716550772582,0.24292829081738665,1.1105606765662845e-08,160,6.65819359562467e-05,5.46750200515635e-06,True,0.0052110386565677866,0.0013367446564656988,True,0.4332308195288137,0.5224795635981974,0.0010281950128502742,0.08125000000000004,0.0005582986218043008,0.08125,4.032639420846265e-13,1.9168364574975665,3.103164193950125,0,2.811536430534143,3.0571869314439208e-15,2.174706159813588,3.634852949926002,0,,0,1
S2_N160,7500386,2.8425338870200387,,,,-1.525792886341213,0.28948759872145613,4.4280020846856146e-07,160,0.0025129760649708643,0.0011941773015483501,True,6.246120236379298e-05,0.0003048561768107969,True,0.4163591412803145,0.44478382735319355,9.444062692819299e-05,-0.025000000000000022,0.00017714115372239033,-0.025,1.4122162054952312e-11,2.1414134257384148,3.773208293989778,1,3.1310277802426816,7.854318814479131e-11,2.266161527164908,4.3259647836824415,1,0.0,0,1
S2_N160,7500387,2.492093189612565,1.95570280717493,3.175599300123017,1.5358827325625702e-13,-1.7455428965968658,0.24785932706439384,5.570017832919314e-11,160,2.5193188477828947e-08,1.3468253992990237e-08,True,1.6231195240155258e-06,2.26439358057836e-06,True,0.18222987735228435,0.18525269992853632,0.0008461374333061416,0.07500000000000007,0.0009020090674385579,0.075,1.5358827325625702e-13,1.95570280717493,3.175599300123017,0,2.5941083706282915,6.67725878550134e-14,2.0216945001014635,3.3285930382785525,0,,0,1
S2_N160,7500388,2.452861290678019,1.8937168292135393,3.1771004083040757,1.0650371113039964e-11,-1.7016583183269085,0.2628794213984627,1.1662892990011808e-09,160,2.6211651143008283e-06,2.017370980933088e-06,True,5.6874820524362266e-05,2.0782068434353763e-05,True,0.3299650731131961,0.44893705711421916,0.002485879749425426,0.08124999999999993,0.002107829419622556,0.08125,1.0650371113039964e-11,1.8937168292135393,3.1771004083040757,0,2.6426226701680924,9.665759616016781e-12,1.9979998153363343,3.495222833997498,0,,0,1
S2_N160,7500389,3.35098052547674,2.598463817429178,4.321426531632058,1.1758501940532654e-20,-1.7014195867026092,0.24220985274394746,6.141126187314184e-11,160,4.3475014416881513e-05,2.8108939736611948e-05,True,0.00011326541379078914,0.0008504276496860527,True,0.42596174195006453,0.39845164733999583,1.3407998343152799e-05,0.006249999999999978,4.083135477218683e-05,0.00625,1.1758501940532654e-20,2.598463817429178,4.321426531632058,0,3.66124757089568,8.267973597249772e-21,2.7897035242458603,4.805074682268688,0,,0,1
S2_N160,7500390,2.548883434042252,1.8587125224732723,3.4953262980604056,6.340196913309574e-09,-1.3035909828052672,0.24632518142767795,4.008346120894188e-07,160,7.353691127656532e-07,1.7491478414503426e-06,True,0.0454317822210421,0.013569357226072512,True,0.9698205010281201,1.0,0.0011019554572363171,-0.06874999999999998,0.0014194384308796881,-0.06875,6.340196913309574e-09,1.8587125224732723,3.4953262980604056,0,2.7740744243376287,5.1132909492741425e-09,1.970111170729925,3.906119119619515,0,,0,1
S2_N160,7500391,2.431265640237499,1.8325912040366314,3.225516198254818,7.28420925492484e-10,-1.9708935276084187,0.27138778479999065,1.664615614396066e-11,160,0.003532795003154471,0.0021515217116630588,True,0.0041785801806114515,0.001846511444730105,True,0.8817431993032461,0.663789733418544,5.744934795092879e-05,-0.018750000000000044,2.3601584834292993e-05,-0.01875,7.28420925492484e-10,1.8325912040366314,3.225516198254818,0,2.711700117549624,1.6144598403796653e-07,1.893117393541401,3.8842374765587047,1,0.0,0,1
S2_N160,7500392,3.0075103644936356,2.322463388259465,3.894622683079352,6.87158677386398e-17,-1.2320963601519028,0.2771733403327957,1.6522093070866324e-05,160,9.704399897800958e-06,5.366536226009361e-06,True,0.00020739999338097764,0.0004763867306542859,True,0.8492293899894554,0.8237088436700892,4.757933001765997e-05,-0.025000000000000022,0.00011440189229368512,-0.025,6.87158677386398e-17,2.322463388259465,3.894622683079352,0,3.165511512652639,9.416891728169892e-16,2.389790067661095,4.193030706895312,0,,0,1
S2_N160,7500393,2.796697299607589,2.1898917144940113,3.5716449968119046,1.7041824192619893e-16,-1.3146348073185652,0.2791673726155028,5.4338362696328265e-06,160,6.2262113916059285e-06,3.125919444698545e-06,True,0.0016682242735488006,0.0013132019513326717,True,0.616212633415558,0.6723225375835405,0.002875425055542469,0.07499999999999996,0.0024309803800209072,0.075,1.7041824192619893e-16,2.1898917144940113,3.5716449968119046,0,3.058565010946936,5.357665828481518e-16,2.333896018783063,4.008241948613722,0,,0,1
S2_N160,7500394,2.7250405542884657,2.12409726533878,3.4960009335224176,3.1061124397891334e-15,-1.8834443980031996,0.2930980510407509,1.4914813571569721e-09,160,3.1524193625708937e-07,1.8439719152507118e-07,True,0.005239268383560523,0.0019344589904236676,True,0.6968280701742595,0.6781193009358277,7.732240895712401e-06,-0.006249999999999978,1.4100075297064472e-06,-0.00625,3.1061124397891334e-15,2.12409726533878,3.4960009335224176,0,2.8429774480953967,3.1449776358896688e-15,2.19270280811018,3.686099520867162,0,,0,1
S2_N160,7500395,2.8742121563444663,2.14760270884353,3.8466591076926195,1.242604655981888e-12,-1.279037519637741,0.2671721162423279,3.876028708398855e-06,160,1.2987234993897668e-06,3.156451545438536e-06,True,2.7220645150322773e-06,5.97220955850377e-07,True,0.06400126505419161,0.12499171103221193,0.00014126918807373133,-0.03749999999999998,0.00023229345634865326,-0.0375,1.242604655981888e-12,2.14760270884353,3.8466591076926195,0,3.1246138632078018,4.382327015317716e-13,2.2956597801365217,4.252900137305961,0,,0,1
S2_N160,7500396,2.7238588035793394,2.0871077070924255,3.554874890559785,1.632486350675161e-13,-1.3614621403201737,0.27627116992590156,2.090945070675226e-06,160,1.4970003659841714e-05,0.0001122917877912111,True,0.00022025052985407401,0.0008243468509478383,True,0.851996060617062,0.7013728124100059,0.0010541399857855115,0.06874999999999998,0.0006887182385580343,0.06875,1.632486350675161e-13,2.0871077070924255,3.554874890559785,0,2.980305947636622,2.2360452619031046e-15,2.2751311303623245,3.9040490558905456,0,,0,1
S2_N160,7500397,2.4028997856567376,1.839229986201208,3.1393177706039963,1.297352286305985e-10,-1.4159652263624234,0.2805825732504052,1.2317334168744758e-06,160,1.7874449253642864e-05,0.00015742154998703655,True,0.032859568412568076,0.03006708161728569,True,0.2970345006237076,0.1434969514654471,0.0008089589035190862,-0.0625,0.000987367695476006,-0.0625,1.297352286305985e-10,1.839229986201208,3.1393177706039963,0,2.5906581468661067,1.6202751936785314e-12,1.9893107681714697,3.373786409497396,0,,0,1
S2_N160,7500398,2.930373367000861,2.214165020551452,3.87825116480672,5.5223365524354724e-14,-1.4830462145986303,0.2747617750936809,2.4502163113615885e-07,160,0.00011223408235627646,0.000169488523385967,True,2.9970340275339175e-05,6.757388731741637e-05,True,0.883708954482667,0.8051229308139798,0.016867100147267895,0.13124999999999998,0.009188979141347402,0.13125,5.5223365524354724e-14,2.214165020551452,3.87825116480672,0,3.1064402777417084,1.1012350281729043e-14,2.330234299312493,4.141202110887771,0,,0,1
S2_N160,7500399,3.0265250626924267,2.267282881395682,4.040013723151662,5.704065515396841e-14,-1.4326657891131167,0.25473947382298945,8.338980369018433e-08,160,6.192132703655351e-05,1.0821992238681972e-05,True,0.01263511785012657,0.012980779788258807,True,0.5910496587200762,0.8504092637381622,3.469639717261479e-05,-0.018749999999999933,4.318539811931063e-05,-0.01875,5.704065515396841e-14,2.267282881395682,4.040013723151662,0,3.201855479447029,1.453848655892868e-13,2.351709728572019,4.359329889531053,0,,0,1
S2_N160,7500400,2.523569782426173,1.9243732875162463,3.3093394551293462,2.1869909182609724e-11,-1.5465084233245152,0.24860595945560693,4.300236117824164e-09,160,2.8165566944542397e-06,4.3637057485141454e-07,True,0.0006688838380932208,0.0002896856075920547,True,0.33053666011920513,0.3195093658355307,0.03201170012772579,-0.14375000000000004,0.036460373737950476,-0.14375,2.1869909182609724e-11,1.9243732875162463,3.3093394551293462,0,2.750427855730275,7.740495961743514e-11,2.0277753104241416,3.7306171698060213,0,,0,1
S2_N160,7500401,3.1582463553205438,2.4213354629051014,4.119429213219443,2.1890571676711555e-17,-1.740878325627393,0.287459395504355,9.914867611005682e-09,160,4.2523213713121186e-06,2.71503284605734e-06,True,0.008725213939898708,0.005249920266406814,True,0.7367269430453843,0.6999628790846604,0.00032148116946072744,-0.04999999999999993,0.00010789825015028844,-0.05,2.1890571676711555e-17,2.4213354629051014,4.119429213219443,0,3.620313158618002,4.949305952233594e-21,2.769304657051127,4.732836935470722,0,,0,1
S2_N160,7500402,2.3651316502628075,1.848863584343949,3.0255600091013704,7.321375156093566e-12,-1.1533191524804742,0.2698910224794748,3.328653665169311e-05,160,6.31701463324497e-06,7.611216387747653e-06,True,0.0009358004456422279,0.0003692886878797771,True,0.10015108703738654,0.14017784686238,0.00020203761746318168,0.03749999999999998,0.00034693357750134146,0.0375,7.321375156093566e-12,1.848863584343949,3.0255600091013704,0,2.498836954892185,1.2221792215742934e-11,1.9174252609205118,3.25654733688924,0,,0,1
S2_N160,7500403,2.7775616623888353,2.1884728190797462,3.525220291114388,4.4738108126822746e-17,-1.172232702488895,0.2677009020632806,2.169757268107208e-05,160,3.4417899143734876e-06,2.868203269009333e-07,True,6.164762203361304e-05,6.079436370863373e-05,True,0.16492342457730025,0.35188755679528827,2.4730940593565233e-05,-0.012500000000000067,3.854716855896072e-05,-0.0125,4.4738108126822746e-17,2.1884728190797462,3.525220291114388,0,2.807140577667037,1.823899022813427e-14,2.1557768515650912,3.655312569602892,0,,0,1
S2_N160,7500404,3.047146731749984,2.3771522123964903,3.905977562729975,1.4313494446972804e-18,-1.2027727516188649,0.2614039456777257,8.608337436259742e-06,160,1.0391936366107777e-07,4.4674081306674724e-10,True,0.019648877925219327,0.00964432217508094,True,0.9898401539956397,0.8923051528296002,7.863535859409902e-05,-0.018750000000000044,7.320183404794856e-05,-0.01875,1.4313494446972804e-18,2.3771522123964903,3.905977562729975,0,3.481588225357012,1.5115771716671762e-19,2.6568400442791007,4.562358429159249,0,,0,1
S2_N160,7500405,2.8821285561006684,2.2167026381683197,3.7473068650988712,2.716397588663001e-15,-0.983561938474236,0.26332034255477504,0.00026199466307533155,160,9.224952811905813e-07,4.662267371889347e-08,True,0.0004865541455883821,0.00047710625654651204,True,0.8783009993162965,0.9603262064544309,0.00010596751949395554,-0.025000000000000022,0.0003308970725199382,-0.025,2.716397588663001e-15,2.2167026381683197,3.7473068650988712,0,3.2700352715194225,9.952623505789332e-18,2.4942249883660206,4.287155620225835,0,,0,1
S2_N160,7500406,2.455428105287212,1.8622456267669076,3.2375574379528382,1.9254555391724898e-10,-1.5459508982184185,0.2831126398120102,1.8206773323570576e-07,160,2.2522357974174187e-05,0.00016637287888450098,True,0.004671233167612385,0.0016496425157147877,True,0.4448073017188967,0.5029684902401942,0.0010480543277596262,0.07499999999999996,0.000583868011109538,0.075,1.9254555391724898e-10,1.8622456267669076,3.2375574379528382,0,2.54860473199909,2.2329888184433586e-10,1.908904173040994,3.4026779194581724,0,,0,1
S2_N160,7500407,2.688118299528651,2.026444749315075,3.565841109017722,6.930192680569587e-12,-1.6913931068299017,0.2621860539492072,1.3084527044957181e-09,160,0.0013368953175662602,0.0020993068342523655,True,0.012195206627083182,0.01223736494131918,True,1.0,0.8504807067469602,0.00027364926808965204,0.050000000000000044,0.00040145431188616455,0.05,6.930192680569587e-12,2.026444749315075,3.565841109017722,0,2.765360370463089,2.395162180963532e-11,2.051783411190346,3.7271078110974707,0,,0,1
S2_N160,7500408,2.8468136026871274,2.197273449613825,3.6883655467956507,2.4221021168810282e-15,-1.9624999999999995,0.23256564503475852,1.9931262065045816e-14,160,3.188677390187771e-08,7.53018567632027e-09,True,0.16094562931682999,0.11971988059144957,True,0.34774027438200994,0.27361386911825203,0.006474196936157615,0.09999999999999998,0.0029131490875372507,0.1,2.4221021168810282e-15,2.197273449613825,3.6883655467956507,0,3.000583502955948,9.444461859900151e-15,2.272306255258379,3.962274599815164,0,,0,1
S2_N160,7500409,2.267261694442485,1.7403020735866388,2.9537835236224548,1.3165846784185884e-09,-1.4375000000000029,0.23038769133426712,3.9066371832454526e-09,160,5.707369667496123e-06,6.6439164100098316e-06,True,8.54668840394938e-05,0.0001675681088940865,True,0.22151201272106458,0.24140351471097388,0.00031217602828949385,0.03749999999999998,0.00039248276104677577,0.0375,1.3165846784185884e-09,1.7403020735866388,2.9537835236224548,0,2.5926663305234396,8.152846391780158e-12,1.9729569235516264,3.4070276047027868,0,,0,1
S2_N160,7500410,2.328714651602489,1.7759377390927766,3.053548448921611,9.723188887402592e-10,-1.3310713027453331,0.2676704793725457,1.7135079555990595e-06,160,1.8896365606310972e-07,2.0820150710574998e-07,True,0.00023942152307228836,0.00027711742827695704,True,0.6952472007092145,0.6086289285798214,0.00015923041987329724,0.02499999999999991,8.280646292310282e-05,0.025,9.723188887402592e-10,1.7759377390927766,3.053548448921611,0,2.4241301356378653,1.4265937244462595e-09,1.8198066079222892,3.2291381341981555,0,,0,1
S2_N160,7500411,2.3162200941324573,1.8017662421264669,2.9775646801614384,5.589237362351456e-11,-1.589797162145269,0.25293996947350617,3.0885588351420325e-09,160,0.0007875155229810862,0.00045839462783110177,True,0.02174008262491495,0.06924562556371149,True,0.7943500569611938,0.5352260655564487,0.00012650931676790506,-0.03125,6.500107385108142e-05,-0.03125,5.589237362351456e-11,1.8017662421264669,2.9775646801614384,0,2.3325205818342942,5.934772775933023e-10,1.7840209952666224,3.0496570831373475,0,,0,1
S2_N160,7500412,2.5609952017025845,1.8984908943753942,3.454689428627195,7.393830284568985e-10,-1.2399990056438281,0.2659759955974359,6.646854975584112e-06,160,7.069409033691666e-05,0.00010567412098893316,True,4.338268573131644e-05,2.4240421134002872e-05,True,0.30964045914811156,0.3506791673457381,3.199572159682899e-05,0.012500000000000067,1.3971782747924562e-06,0.0125,7.393830284568985e-10,1.8984908943753942,3.454689428627195,0,2.687798720007569,1.2339431948569946e-09,1.953794850629622,3.697553997005502,0,,0,1
S2_N160,7500413,2.874516546717805,2.194878946670042,3.764601865579157,1.6975039186000418e-14,-1.6053819324538974,0.2488738027033102,1.3120845360504248e-09,160,8.728540463674845e-05,0.00018628596000632927,True,0.0013336230057640654,0.014998875415035246,True,0.03968116329533827,0.05087124116126248,0.005847059819162124,-0.09999999999999998,0.00771738607823418,-0.1,1.6975039186000418e-14,2.194878946670042,3.764601865579157,0,2.9852169277129526,2.0239767700172973e-14,2.255644076994329,3.950765192254383,0,,0,1
S2_N160,7500414,2.3187931927074135,,,,-1.3030015578745102,0.26642317854436104,2.465259983725236e-06,160,1.6211171250913033e-07,2.224437875923395e-08,True,0.014149377509467171,0.025328430988303927,True,0.8748467562938801,0.7215842172003905,2.297415000603583e-05,0.0,7.326053374340003e-06,0.0,1.1089074903947287e-07,1.7200730433621034,3.1259148507069163,1,2.459804038872095,2.1840424641833318e-07,1.7718662322771461,3.414837869490513,1,0.0,0,1
S2_N160,7500415,3.390550006362604,2.6480749465387965,4.341202412216934,3.581173367756104e-22,-1.0795275936573052,0.25352416103538206,3.537854575295381e-05,160,0.0008791798572279132,0.0004885967783943779,True,0.002202647030067373,0.0017441491470426083,True,0.7386305227116668,0.9412742505139975,4.783969622958804e-05,-0.012499999999999956,2.1434168830479587e-05,-0.0125,3.581173367756104e-22,2.6480749465387965,4.341202412216934,0,3.6050155627199936,1.801618759482609e-20,2.7491854425102873,4.7272683051844435,0,,0,1
S2_N160,7500416,2.603146079884689,2.0092097725346645,3.372654068206366,4.470468191915206e-13,-1.0999999999999996,0.25260378423799906,2.395282900275317e-05,160,9.129081481377718e-08,3.0138873061327656e-09,True,0.07714267120051756,0.07268060753929165,True,0.15642215855880615,0.09738106806901942,5.7474366766591435e-05,-0.012499999999999956,1.0914240580458559e-05,-0.0125,4.470468191915206e-13,2.0092097725346645,3.372654068206366,0,2.907963870435403,1.2285188975342424e-14,2.2171049802653693,3.8140971884630854,0,,0,1
S2_N160,7500417,2.679684423148567,2.131946043601931,3.3681474393851136,2.943167458471949e-17,-1.5483765726502778,0.2680073295394592,3.958837156198757e-08,160,4.067499070601906e-05,3.855528454453548e-05,True,0.0016085590669717602,0.0011624581221575901,True,0.6852067397135277,0.6744924665135125,9.422500771729393e-05,-0.025000000000000022,0.00013314108125121236,-0.025,2.943167458471949e-17,2.131946043601931,3.3681474393851136,0,2.779827030355951,1.6802178185284713e-16,2.1799251304310916,3.5448182191328024,0,,0,1
S2_N160,7500418,2.0272745337420397,,,,-1.6046347959120562,0.26270950663581377,7.628490623897393e-09,160,1.896116084553379e-08,3.0856958948422325e-09,True,0.07463946099317562,0.062934445597395,True,0.2525984125110101,0.331230630787984,7.469023338000459e-05,-0.03125,9.933940354120344e-06,-0.03125,7.975334162264109e-07,1.5451849631305787,2.6597735114069283,1,2.1450995636359917,4.5601280330566817e-07,1.6107620217587126,2.856692717951731,1,0.0,0,1
S2_N160,7500419,2.5037689033788966,1.9713559624115191,3.1799729937451766,5.304893605432844e-14,-1.7037506419064257,0.23756744675590757,2.7448047795452824e-11,160,2.4402978265621333e-08,1.7642464034618506e-09,True,0.19016474601501598,0.09334314167923906,True,0.8712908729949141,0.7327865508359406,0.0004249177272177152,0.05625000000000002,0.00045935626422335355,0.05625,5.304893605432844e-14,1.9713559624115191,3.1799729937451766,0,2.6633728511712764,1.0986364085390814e-10,2.0130638677620967,3.5237605015692077,1,0.0,0,1
S2_N160,7500420,2.703995507131515,2.0928953743381045,3.493529486584952,2.7334690331673295e-14,-1.6167948726112633,0.256864476947321,2.9476960386371118e-09,160,8.733992831224727e-07,1.5587143830049482e-07,True,1.190206697796375e-05,4.071084265289831e-05,True,0.9775579063437232,0.8477304086504989,0.004538152358537374,-0.09999999999999998,0.005256369686886509,-0.1,2.7334690331673295e-14,2.0928953743381045,3.493529486584952,0,2.769475889264818,1.1285128719144018e-13,2.116495598168233,3.623913372585003,0,,0,1
S2_N160,7500421,2.380060144274305,1.8634490859336383,3.039893245875759,3.771796469156584e-12,-1.6625362090228573,0.2787529763418579,1.571643119570344e-08,160,3.22753620623438e-06,3.3108249606476226e-07,True,0.006056995427573498,0.0034400455978957577,True,0.9870744015178726,0.6948927683932297,0.0016767780468291602,0.08125000000000004,0.0011786159184445889,0.08125,3.771796469156584e-12,1.8634490859336383,3.039893245875759,0,2.539554088318289,1.1039942019994891e-11,1.940711937921847,3.323179932824143,0,,0,1
S2_N160,7500422,2.643923564583606,2.089901322732488,3.344814293059931,5.3237212127840365e-16,-1.519242479317794,0.2687904057727884,7.281242754110449e-08,160,2.0114252222537676e-07,7.14086119555861e-08,True,3.034731969390093e-06,4.660794060195441e-06,True,0.22064079902987044,0.3454590299114011,0.01921678837719313,-0.125,0.01915847391604189,-0.125,5.3237212127840365e-16,2.089901322732488,3.344814293059931,0,2.9680995916778037,9.143903837217519e-16,2.2765031436655243,3.8698014587114042,0,,0,1
S2_N160,7500423,2.8563604138460352,2.185560702025594,3.73304425094442,1.5305038933596605e-14,-1.4374999999999991,0.26642137307710356,2.473147092358168e-07,160,0.001421864430397079,0.0010931332066490827,True,0.0018913351545451816,0.0006285232190161654,True,0.5893517788573026,0.7423509971485579,0.0001358180000824663,-0.03125,3.5199430295161664e-05,-0.03125,1.5305038933596605e-14,2.185560702025594,3.73304425094442,0,3.2145436058056065,1.88677870649887e-16,2.4340853547235533,4.245245785474641,0,,0,1
S2_N160,7500424,2.988498118044257,,,,-1.3216705019151744,0.23401900837048947,7.439158944256721e-08,160,2.680588750673547e-09,9.8379936223169e-09,True,0.004869933220456931,0.0057884548762827245,True,0.995776678801318,0.7761931741450886,5.524459270348584e-05,0.03749999999999998,0.00012484705147942552,0.0375,3.072952848157174e-13,2.277610663106533,3.9212676451788817,1,3.1203431992047177,5.757975445899464e-12,2.3073168376870545,4.219854647523582,1,0.0,0,1
S2_N160,7500425,3.234195649520557,2.5190555695376236,4.152358378222538,3.382193048356114e-20,-1.3117141083749546,0.27189469433141283,3.2986391141712593e-06,160,2.5109753462689147e-06,4.242594701244629e-06,True,0.00019952739870173858,5.910034663471396e-05,True,0.5055267010554264,0.4779288128505764,8.94764303762299e-05,-0.025000000000000022,3.953594372165586e-05,-0.025,3.382193048356114e-20,2.5190555695376236,4.152358378222538,0,3.956863766816197,8.66249916279867e-23,3.0074925050624386,5.2059218245060315,0,,0,1
S2_N160,7500426,2.029598774551973,1.6003755220691576,2.5739403839025115,5.252585590662528e-09,-1.4334399538560372,0.27094635750888607,4.039358468308323e-07,160,5.3938039378497154e-08,9.22743759835578e-11,True,0.0002926679398496836,0.0006807644154781751,True,0.05104310519821032,0.17302468759056355,0.0006024285115941178,0.050000000000000044,0.0005206029647522029,0.05,5.252585590662528e-09,1.6003755220691576,2.5739403839025115,0,2.0752815355678655,6.9457702226257424e-09,1.6210077834123526,2.6568616732997845,0,,0,1
S2_N160,7500427,2.4699868753406733,1.8730901524779928,3.257096384967975,1.4876570192367093e-10,-1.346385528477457,0.25914759597585746,6.262030691488902e-07,160,4.794139044565954e-05,2.096677546075613e-05,True,0.012099165602234466,0.0055661457459995805,True,0.9322301988155879,0.9331102320115305,0.0006889762812949683,-0.0625,0.0004539422184446615,-0.0625,1.4876570192367093e-10,1.8730901524779928,3.257096384967975,0,2.709290846205169,5.450805771867147e-12,2.0407157123152837,3.596903206573182,0,,0,1
S2_N160,7500428,2.6373161529265925,2.040165309351206,3.4092514261500813,1.3267785018279497e-13,-1.9249716219624975,0.275909248457823,7.961782367651438e-11,160,4.802214291358447e-06,3.1907631714061713e-06,True,0.025538913275120315,0.07351266482913017,True,0.5791981775689024,0.49891752982136506,0.00014045830984799558,-0.025000000000000022,6.969191930854972e-05,-0.025,1.3267785018279497e-13,2.040165309351206,3.4092514261500813,0,2.798091214240904,7.690070729764985e-13,2.111790931093018,3.707428764816151,0,,0,1
S2_N160,7500429,2.999249925807905,,,,-1.2511196451366728,0.26446638859203675,4.951420137194788e-06,160,2.5024979076674586e-07,2.4477677249437593e-08,True,0.000952956094866641,0.0007595023680105904,True,0.046487533248355827,0.07834417386089117,0.0012623259286306486,0.07499999999999996,0.0013129710179397992,0.075,1.2889835479408189e-11,2.228329634159734,4.036880351793542,1,3.1308086335261516,4.1963990858772055e-11,2.2779300404506775,4.3030130538261036,1,0.0,0,1
S2_N160,7500430,2.0880836685403206,,,,-1.7586856463814682,0.26200542725648807,3.3009544654884493e-10,160,1.4248437001405372e-07,1.9816835922598115e-08,True,0.0025788199877976505,0.001931079995175161,True,0.6439370653352929,0.8546167361681444,0.00013098759741996885,-0.03750000000000009,0.00012484705147942552,-0.0375,1.0291278954352702e-08,1.6416153856231295,2.6559774262652796,1,2.2389080440670353,8.653236498676025e-08,1.6860492004596783,2.9730503881034025,1,0.0,0,1
S2_N160,7500431,2.403075067446976,1.8538893540169155,3.1149484554042033,3.522502645598966e-11,-1.5625000000000002,0.28117010974936174,1.1498532369289847e-07,160,1.0503629524125972e-06,3.2054253601439744e-06,True,0.0026416533822980074,0.00021178758836928546,True,0.6244044956869124,0.6398958617353077,0.00011767843515634625,-0.03749999999999998,0.0003051523613069893,-0.0375,3.522502645598966e-11,1.8538893540169155,3.1149484554042033,0,2.5030487894025395,5.4911686509101464e-11,1.9026620190644108,3.292888163716176,0,,0,1
S2_N160,7500432,2.8716615823726865,2.216442085692564,3.7205755552590785,1.4259441651572082e-15,-1.769125809435708,0.2669048359398389,5.158405786632051e-10,160,2.5774577304483177e-07,3.291762220458378e-07,True,0.03653314910594626,0.06680130507399125,True,0.773911841672559,0.8115786904978985,6.512934853327606e-05,0.03125,9.33846506941825e-05,0.03125,1.4259441651572082e-15,2.216442085692564,3.7205755552590785,0,3.138584684767358,4.013500657527654e-15,2.359293742143467,4.175280783183293,0,,0,1
S2_N160,7500433,2.9823447685379794,2.234734141421675,3.980061947220039,1.1604591128638315e-13,-1.3307112666754728,0.26812450011907446,1.7896546222150603e-06,160,3.485331076733797e-08,1.223767867929423e-07,True,0.03003823959656204,0.05130118592797869,True,0.8114128286135868,0.9330578595152297,0.008946779518459767,0.11250000000000004,0.0064841752122983985,0.1125,1.1604591128638315e-13,2.234734141421675,3.980061947220039,0,3.0941467795526614,7.0417617718866215e-15,2.3282058783754565,4.1120694618709335,0,,0,1
S2_N160,7500434,1.9116066118736939,1.4975250684656398,2.440186088038812,1.9723605939733305e-07,-1.625,0.26626251426681424,7.824691939971283e-09,160,2.9562753073123432e-05,0.0003070974900710369,True,0.0004308178809390719,0.00021146764920124445,True,0.4771337298209112,0.5964536026450735,0.0006299429745972072,-0.05625000000000002,0.0005985373830176486,-0.05625,1.9723605939733305e-07,1.4975250684656398,2.440186088038812,0,1.916182649892171,7.289575635713401e-07,1.481439934004834,2.478504773272705,0,,0,1
S2_N160,7500435,2.918805001602551,2.163550305804173,3.93770489852949,2.354762403884741e-12,-1.2840530169741433,0.2511476484288685,9.131725008730954e-07,160,0.00011487416981358152,1.3225518660809777e-05,True,0.0002499319443471491,0.0003559653793227796,True,0.20723023811298613,0.2880006310941815,3.047199799937217e-05,0.018750000000000044,1.1731985912081421e-05,0.01875,2.354762403884741e-12,2.163550305804173,3.93770489852949,0,3.115656690718653,1.6972920938145483e-12,2.272379639383858,4.271872730320709,0,,0,1
S2_N160,7500436,3.0953377082863036,2.3879172375658038,4.012331490226148,1.404628967402005e-17,-1.5927943719633433,0.25368835506192133,3.1972252488792264e-09,160,0.0003637458912760243,0.0003112062035666581,True,0.017705490177671375,0.01705611677551049,True,0.23474817559035654,0.2091130764107635,0.00037328445610865837,0.05625000000000002,0.00034380984716706663,0.05625,1.404628967402005e-17,2.3879172375658038,4.012331490226148,0,3.4284952663546795,2.6096155345618686e-19,2.620385823658771,4.485820250318654,0,,0,1
S2_N160,7500437,2.4931989578243514,,,,-1.1714037595756448,0.2677082767427333,2.198464572109755e-05,160,6.619108434882004e-07,2.3589294399800443e-08,True,0.022473126480780547,0.010281308802151152,True,0.6729523348443889,0.6660348820185522,6.13308249679047e-05,-0.012500000000000067,4.610467226001458e-05,-0.0125,8.721329562733166e-09,1.8527520162826576,3.3550313202563564,1,2.5706309358978565,6.8846295976702395e-09,1.8958267580176038,3.485626194824352,1,0.0,0,1
S2_N160,7500438,3.15863104403077,2.413958426295693,4.133024812537846,5.11304654482365e-17,-1.4551107761734992,0.2450997296050923,1.801455346907448e-08,160,0.0005763853533137752,0.0002753853600599619,True,9.736843321639599e-05,1.5772463939329124e-05,True,0.5412742545877547,0.7094665918829943,0.000567826350616651,0.04999999999999993,0.0001876060979866549,0.05,5.11304654482365e-17,2.413958426295693,4.133024812537846,0,3.3586493167025497,4.092476512560089e-15,2.482149859250307,4.544659215698444,0,,0,1
S2_N160,7500439,3.1312367013716447,2.4045021318208857,4.077618875967434,2.4256568439221276e-17,-1.429816510141269,0.26196988626078277,1.8432872678896955e-07,160,0.0017225437781728896,0.004403462679112022,True,0.00010942067073965206,0.00024287861810933932,True,0.9952166993631034,0.8064624542522512,0.006284719546022045,0.10625000000000007,0.004180497817669957,0.10625,2.4256568439221276e-17,2.4045021318208857,4.077618875967434,0,3.269080575617787,9.927411240054644e-18,2.4936862124832904,4.285578416555942,0,,0,1
S2_N160,7500440,2.5415443651661693,1.924930452183158,3.3556785144013546,4.734717174487863e-11,-1.5035885130211093,0.2915222230453715,7.441559759920618e-07,160,6.0302118891568905e-05,7.353752637614623e-05,True,1.4232343877146858e-06,3.2482221823905527e-07,True,0.202653053339362,0.4906336128862143,0.0003516213405947334,-0.03749999999999998,0.0003051523613069893,-0.0375,4.734717174487863e-11,1.924930452183158,3.3556785144013546,0,2.8222869784473317,1.9692803165835284e-10,2.0503137886921636,3.8849193877753745,0,,0,1
S2_N160,7500441,2.9566959091417524,2.2625827018135833,3.8637485790589423,2.005236627934587e-15,-1.570761161411177,0.2489561485272524,2.728043384932307e-09,160,1.029980287274749e-06,1.7136083112363453e-07,True,0.006969123999018554,0.006964157663410528,True,0.18208016571215335,0.13863616363446754,2.8825967682148417e-05,0.025000000000000022,2.58308178468322e-05,0.025,2.005236627934587e-15,2.2625827018135833,3.8637485790589423,0,3.2573143218973497,1.082872282681264e-15,2.4405014484210157,4.347506779191726,0,,0,1
S2_N160,7500442,2.47718317576187,1.9057939036565832,3.2198846236751457,1.2001170051249562e-11,-1.7434461771285712,0.24099088642954167,1.9410884137423487e-11,160,0.00058209497547174,0.0007007115059152648,True,1.573692880662585e-06,3.4285553171731263e-07,True,0.47295408439312325,0.31360893673154877,0.01686024766366305,-0.13124999999999998,0.015272689510897077,-0.13125,1.2001170051249562e-11,1.9057939036565832,3.2198846236751457,0,2.4264022322133,2.961003819270286e-10,1.8416798126677774,3.1967705526192494,0,,0,1
S2_N160,7500443,2.628428223592135,1.986166278997146,3.478376911153688,1.3776506003377688e-11,-1.3933605065870895,0.2673902800137757,5.831404547960747e-07,160,3.7111937661899105e-06,8.508561666123288e-06,True,0.00022676369535228256,0.00019780340531797203,True,0.9400219833233703,0.9671771555280543,0.00312409925877396,-0.09375,0.004527700610248822,-0.09375,1.3776506003377688e-11,1.986166278997146,3.478376911153688,0,2.9234017077546715,3.2776267141572346e-10,2.0921997606293194,4.084828660114304,0,,0,1
S2_N160,7500444,3.5913326158734593,2.8366061215810405,4.546866715019187,2.3577938847543617e-26,-1.3334682153251023,0.24805919708950933,2.7162305672778507e-07,160,3.1517928321331577e-06,2.9034208635499095e-06,True,0.0001393788640298512,9.911237040580468e-05,True,0.5645610461700505,0.6909696834839669,0.0012422866845305158,0.08125000000000004,0.0013389579928001203,0.08125,2.3577938847543617e-26,2.8366061215810405,4.546866715019187,0,4.144240450828222,8.590135961065772e-21,3.076411813408061,5.58271452457292,0,,0,1
S2_N160,7500445,2.624604968116742,2.048791915120843,3.3622503036169884,2.244701780418185e-14,-1.6542615712335766,0.23265695571181236,3.8441864726558694e-11,160,3.3420882804272404e-06,1.886359815206963e-07,True,0.019553906115973633,0.056003266042559494,True,0.7307215121049692,0.5073898916025289,2.2022452075853393e-05,0.0,1.7405235176258056e-05,0.0,2.244701780418185e-14,2.048791915120843,3.3622503036169884,0,2.934737233029334,5.759121151644936e-16,2.26126531511519,3.808789074576125,0,,0,1
S2_N160,7500446,3.686354602247696,2.879769269510314,4.718853832280641,3.9541887317413902e-25,-1.7944092395748164,0.27116224964573155,5.462401983264295e-10,160,5.5353232752532535e-05,1.2656829925076769e-05,True,0.002190807050446454,0.00196221599955934,True,0.23639804889059768,0.3088528238184587,0.020730668668700113,0.125,0.02130151761285694,0.125,3.9541887317413902e-25,2.879769269510314,4.718853832280641,0,3.8119650863432764,5.996823282472281e-23,2.9219221869621146,4.973122790312181,0,,0,1
S2_N160,7500447,2.9526964283583186,,,,-1.7000000000000015,0.2711082016639892,3.3311519838087884e-09,160,2.7909059154230674e-05,3.900541035920267e-06,True,0.03930198175479125,0.0546556423515716,True,0.6273766110892989,0.6157767005814205,0.0007987771333287069,-0.04999999999999993,0.0012239847803019168,-0.05,1.221405090349458e-11,2.2038986392165505,3.9559061577982653,1,3.2502624196783922,1.8080485907376968e-11,2.356557451197218,4.482897623143723,1,0.0,0,1
S2_N160,7500448,2.6957912346127504,2.1198424120471175,3.428221993915559,6.12156736486108e-16,-1.5749999999999973,0.266432613568261,2.0436372011394973e-08,160,1.0573979270337842e-06,5.031477970549826e-08,True,0.31428543887192395,0.3115827877236287,True,0.5855284304857906,0.5040943630490216,3.64433726274719e-05,-0.012500000000000067,4.610467226001458e-05,-0.0125,6.12156736486108e-16,2.1198424120471175,3.428221993915559,0,2.9709569830651876,5.784715213674771e-17,2.3022593096443553,3.8338797711658725,0,,0,1
S2_N160,7500449,2.8815005036719388,2.2828907760598636,3.6370750803033203,5.22480967407172e-19,-1.607436566041523,0.24600875822512516,8.477045775150424e-10,160,9.912203552853661e-08,3.45776154592937e-08,True,0.0001082375809269686,8.105143180685273e-05,True,0.4023751566546574,0.5171181089973114,0.0005871846285254921,0.04375000000000007,0.0006400201940857908,0.04375,5.22480967407172e-19,2.2828907760598636,3.6370750803033203,0,2.888048909824484,5.819852643414881e-17,2.252847003636067,3.702349290509476,0,,0,1
S2_N160,7500450,3.1698633678158505,2.526123036145245,3.9776501883905517,2.256456963900289e-23,-1.3706012039550486,0.2946166347684762,6.934051898585423e-06,160,4.094255236055952e-06,2.928345502339201e-06,True,0.017205960780592274,0.007549790033194329,True,0.5081784170974901,0.6556668961841813,2.190481813916716e-05,0.006249999999999978,5.674694570508137e-05,0.00625,2.256456963900289e-23,2.526123036145245,3.9776501883905517,0,3.5427527787154793,2.653132061393e-20,2.7084246376727803,4.634095066378071,0,,0,1
S2_N160,7500451,2.605009527796414,1.9652611979393784,3.453014106738306,2.7596233717507007e-11,-1.3136014478182203,0.2818349952960803,6.680485552865971e-06,160,0.0005525503242165718,0.0005733165659607489,True,0.00446063514854422,0.002581149081975247,True,0.1220262881976868,0.11920836727226518,0.00023249851902145354,-0.043749999999999956,0.00019588265238962545,-0.04375,2.7596233717507007e-11,1.9652611979393784,3.453014106738306,0,2.8214511626998573,1.7531589992204043e-10,2.051723311444607,3.8799513653209763,0,,0,1
S2_N160,7500452,2.7230470697333535,2.0039046412631794,3.7002685613369812,1.527054032578952e-10,-1.3081210957303302,0.2530909808718036,7.081298200872816e-07,160,1.863306726791758e-06,4.929983417462749e-07,True,0.005028281853838796,0.0011910725195851991,True,0.3998331717592245,0.2939757111604785,0.00098929251668927,-0.0625,0.0012269811727183314,-0.0625,1.527054032578952e-10,2.0039046412631794,3.7002685613369812,0,2.8992252456004053,5.4065407618137524e-11,2.10935009480428,3.9848800089805163,0,,0,1
S2_N160,7500453,2.877696332466296,2.216239955198521,3.73657020417186,2.1565596343013968e-15,-1.0958015317229268,0.2529254577932362,2.6207529898363044e-05,160,0.00046336431873579407,0.0005267696345044396,True,0.0020311439079518383,0.002598417476922489,True,0.3956325228211778,0.5040682341630188,0.00044206134803768574,0.04999999999999993,0.00040145431188616455,0.05,2.1565596343013968e-15,2.216239955198521,3.73657020417186,0,3.113803080173462,8.897493776736588e-14,2.3100684778673455,4.197178445138072,0,,0,1
S2_N160,7500454,2.6549934209241473,2.0440667010319453,3.4485127425596387,2.507768447536743e-13,-1.2652779974555526,0.29356495856295683,2.8702984544895515e-05,160,3.4145737161820713e-05,5.3384731497593e-06,True,0.008640701382632822,0.0024937683922162898,True,0.8290578441005348,0.8856637085917496,0.00485152358596805,-0.09375,0.0025266316052920865,-0.09375,2.507768447536743e-13,2.0440667010319453,3.4485127425596387,0,2.9851831196271266,8.839258904220455e-14,2.2394161701010007,3.979304238615385,0,,0,1
S2_N160,7500455,3.2284205832629067,2.498592784039222,4.171427824900016,3.1420206043499715e-19,-1.3750000000000007,0.2728348883373061,1.270219180178724e-06,160,1.5300027141728678e-06,1.0893525596583325e-06,True,0.0007364961429088828,0.002302769090401443,True,0.4388654144289682,0.44909772412060145,0.00016981355737832353,-0.043749999999999956,0.0005100765793180249,-0.04375,3.1420206043499715e-19,2.498592784039222,4.171427824900016,0,3.6793092870477757,2.867219496653252e-20,2.7896315619990366,4.85272571982776,0,,0,1
S2_N160,7500456,3.3240462414757945,2.5869199754937324,4.271211912289834,5.985761183578046e-21,-0.7749999999999987,0.26296273434054773,0.0036961204724942384,160,6.819804989096202e-05,6.134219607474339e-05,True,0.021596434369215087,0.02414595051359261,True,0.07841490328698279,0.06557334194424264,5.1985425646073093e-05,0.03125,2.211991453462035e-05,0.03125,5.985761183578046e-21,2.5869199754937324,4.271211912289834,0,3.8347296690977672,3.1111791512231145e-22,2.9224521482327748,5.031785257442443,0,,0,1
S2_N160,7500457,2.6718126160910893,2.119461272548024,3.368111863125237,9.024595539606023e-17,-1.1863826881416595,0.2933314628606084,8.19941343087251e-05,160,6.144669857141501e-06,6.805548488340581e-07,True,0.03785203990123602,0.07518366953133374,True,0.36662835762729074,0.368784206555692,0.0007855136116691867,0.05625000000000002,0.00045935626422335355,0.05625,9.024595539606023e-17,2.119461272548024,3.368111863125237,0,2.9203167415515368,1.7602914690807835e-16,2.263016150740415,3.7685324818366444,0,,0,1
S2_N160,7500458,2.6760303368744265,2.052479613669049,3.489018022971189,3.53202152668892e-13,-1.248785983646341,0.22445208046058476,1.1142367446176269e-07,160,5.222813681039496e-06,7.734991471219946e-07,True,0.035531245821770856,0.033089588636648834,True,0.030300794084870193,0.010248895244596438,0.0023986923118911262,-0.08750000000000002,0.001739191634427831,-0.0875,3.53202152668892e-13,2.052479613669049,3.489018022971189,0,3.0260673029729497,6.457759845867021e-15,2.2906672241697152,3.99756159493708,0,,0,1
S2_N160,7500459,2.656055498152411,2.0466748069117435,3.446874308239757,2.041149335667352e-13,-1.7912332204972576,0.27730908026272294,1.2535215723509325e-09,160,5.1900235767932204e-05,1.5612598200961014e-05,True,0.004140034353376402,0.012036490815361072,True,0.9304085909556004,0.7139278732909358,0.0023967208324296987,-0.08124999999999993,0.002107829419622556,-0.08125,2.041149335667352e-13,2.0466748069117435,3.446874308239757,0,2.8833314705940376,8.92808835416977e-14,2.1827276663849506,3.808812476861587,0,,0,1
S2_N160,7500460,3.1798753268082116,2.3700317060355576,4.26644380676143,1.2217590512820434e-14,-1.1441417655029846,0.2712953802811559,4.163228992075065e-05,160,5.066520927038793e-05,5.38095098693551e-05,True,0.02103503047678688,0.023599487960291685,True,0.21772044403662494,0.24517312833912552,0.007675087788182896,0.11250000000000004,0.008354961101433378,0.1125,1.2217590512820434e-14,2.3700317060355576,4.26644380676143,0,3.414031512780719,8.576818007506881e-17,2.5567573479360095,4.558747500879977,0,,0,1
S2_N160,7500461,2.42640426796974,1.8710105855399257,3.146661871997269,2.3281946564651844e-11,-1.8463734781740018,0.2610087299574538,4.689379899792535e-11,160,2.0056536271439653e-06,1.5460556091692057e-07,True,0.0009361191453742686,0.0008975772387679916,True,0.504433037308593,0.49066568763041074,0.005072264269924128,-0.09999999999999998,0.0124526173823597,-0.1,2.3281946564651844e-11,1.8710105855399257,3.146661871997269,0,2.541503149670628,3.903872879729645e-12,1.9529761557212535,3.3073820388760766,0,,0,1
S2_N160,7500462,2.8498922673480105,2.146485206205669,3.7838070870504628,4.4335634602495747e-13,-1.2691525215411297,0.262327901741466,3.1069884999095893e-06,160,1.0099500025233217e-05,1.012151620898216e-05,True,0.007850732068882841,0.006990853798386933,True,0.02415197121155741,0.02249689116740998,0.001969882777791651,0.06874999999999998,0.003158021874088809,0.06875,4.4335634602495747e-13,2.146485206205669,3.7838070870504628,0,3.049180102167377,6.58056022634241e-12,2.218084751568573,4.191679009956,0,,0,1
S2_N160,7500463,2.793083663086659,2.143174930841324,3.64007446930107,2.939819040749149e-14,-1.087500000000002,0.2487490516310039,2.2328128154988392e-05,160,9.486689770916554e-05,6.902617931021294e-05,True,7.65882177056622e-06,3.1965138618501043e-06,True,0.8947526678445039,0.8117300859013058,7.447872799410554e-05,0.025000000000000022,3.2125219623059744e-05,0.025,2.939819040749149e-14,2.143174930841324,3.64007446930107,0,2.9542584121820896,7.309857891106401e-14,2.2244062075287214,3.9235831730774167,0,,0,1
S2_N160,7500464,2.3956981992697863,1.8821631346800938,3.0493477192453895,1.2673763030151368e-12,-1.3565433627249668,0.256349885878189,4.01560086450486e-07,160,1.5228537739193532e-05,4.556408330222454e-06,True,0.01020479957598392,0.022672760830800744,True,0.06466028269915795,0.06241803790808564,2.1531636838596344e-05,0.0,2.1121980584556164e-05,0.0,1.2673763030151368e-12,1.8821631346800938,3.0493477192453895,0,2.669220141240043,2.461411375813641e-12,2.028113885207508,3.512986235323043,0,,0,1
S2_N160,7500465,2.6447928088623835,2.0833493396736182,3.3575401247426004,1.3629443482934485e-15,-1.2172865159233024,0.26133509251056525,6.7646680219348785e-06,160,1.6693730362535243e-07,2.969976511918356e-08,True,0.05550021601981477,0.06841778209522922,True,0.7728009321118054,0.533984294650762,0.0010738160024255418,-0.0625,0.0007795898659828484,-0.0625,1.3629443482934485e-15,2.0833493396736182,3.3575401247426004,0,2.889501462931741,1.3265415558372585e-15,2.2274699159733635,3.7482969553984824,0,,0,1
S2_N160,7500466,2.1409502899533988,,,,-1.8838048481720748,0.2577908788202139,1.2956316157824989e-11,160,1.511120248917841e-07,1.9662755866047592e-07,True,0.022130767777611533,0.020070299087944745,True,0.2707818772508279,0.2145937133449466,4.4846902046792875e-06,0.0,1.0042233739846695e-06,0.0,1.5479285988661664e-07,1.6281933637655,2.8151866025611096,1,2.223777735118039,1.3904684811556731e-07,1.6702128081938774,2.960812772448025,1,0.0,0,1
S2_N160,7500467,2.5808602320518865,1.9827668528105968,3.3593659930037134,1.803941533619334e-12,-1.5303685265011242,0.27497579664463356,1.1048991644736419e-07,160,9.71175471133982e-05,4.697741782393699e-05,True,0.01781634553496027,0.017599801355399423,True,0.5876612372732193,0.7709295569341018,0.0001382302922648463,-0.018749999999999933,3.563759664566398e-05,-0.01875,1.803941533619334e-12,1.9827668528105968,3.3593659930037134,0,2.915834854171196,1.430902895660878e-12,2.168306939240056,3.9210744304398886,0,,0,1
S2_N160,7500468,2.842206345409459,2.1953022750314988,3.6797378665176694,2.237601057062334e-15,-1.0565115056290981,0.2689013652570822,0.00012752891360904463,160,3.370693538888302e-07,1.0214708561497644e-07,True,0.00011902430996437996,4.7650311080317626e-05,True,0.5542433029001702,0.5388066940769644,0.00043630212793246064,0.043749999999999956,0.0003057396559861135,0.04375,2.237601057062334e-15,2.1953022750314988,3.6797378665176694,0,3.1638698702150134,1.6218588904120197e-16,2.406247193109674,4.160035005679534,0,,0,1
S2_N160,7500469,2.769355944349842,2.0109149559393353,3.8138521591149623,4.420287647626381e-10,-1.3341155147347403,0.2512283540287599,3.683153183513648e-07,160,0.00330401400423743,0.0030582560487464974,True,0.0008134594845043413,0.00016061039768574522,True,0.004617920016921307,0.008174278406582096,0.004935998044224929,0.09999999999999998,0.0032541150233236075,0.1,4.420287647626381e-10,2.0109149559393353,3.8138521591149623,0,2.9193897286554127,8.49064005491024e-10,2.073268201858639,4.11082192845971,0,,0,1
S2_N160,7500470,2.898031808867596,2.2413767855754827,3.747066722229846,4.798467457131292e-16,-1.6783998518062613,0.26708678164438737,3.1072787959297946e-09,160,0.0007333146564268744,0.00016756283928957003,True,0.0005361749108086699,0.0002554383742156598,True,0.6003002337552963,0.6722685711943469,0.008375820776653118,-0.11249999999999993,0.009711674325259413,-0.1125,4.798467457131292e-16,2.2413767855754827,3.747066722229846,0,2.905173547805092,1.2050322061614906e-14,2.2157095851524886,3.809178513025013,0,,0,1
S2_N160,7500471,2.5909753168048315,1.9864843086382669,3.379414105160366,2.161796842349455e-12,-1.2808951876492292,0.292595359470839,2.1803158885475866e-05,160,0.00024221514238329886,4.434082736583731e-05,True,1.0448139762387164e-05,9.159172876219695e-05,True,0.9648593719025844,0.9263228618884212,0.00022678053402825336,0.03749999999999998,0.00039248276104677577,0.0375,2.161796842349455e-12,1.9864843086382669,3.379414105160366,0,2.6908292676071333,1.0347664835812663e-11,2.023060520670473,3.5790141092820638,0,,0,1
S2_N160,7500472,2.88563226737289,2.223212470882379,3.745424106585152,1.6593629183801998e-15,-1.6292049224273717,0.2594734794738582,3.1916344629671813e-09,160,9.215322743678038e-05,3.2055696279086786e-05,True,0.032615301676213966,0.017424981860446102,True,0.35332374828527924,0.5407892866774017,0.00012488178192016135,0.03125,0.00011058795365749597,0.03125,1.6593629183801998e-15,2.223212470882379,3.745424106585152,0,3.1173997469317194,3.462693532650282e-16,2.3720817550545266,4.096899763872835,0,,0,1
S2_N160,7500473,2.4337540636857744,1.8751416382409822,3.1587794338903215,2.3006929429695013e-11,-1.3539862328922263,0.26094842952667785,6.458119297401151e-07,160,0.00023487497306409332,8.089682964065853e-05,True,0.006227124400251895,0.0048777819517793345,True,0.5687709747984703,0.5373867359098726,9.239464481720261e-06,0.0,1.3984248625183662e-06,0.0,2.3006929429695013e-11,1.8751416382409822,3.1587794338903215,0,2.7239739601643036,2.1436252208201086e-11,2.031487004746103,3.6525137095723443,0,,0,1
S2_N160,7500474,2.7295837469965263,2.087410810296697,3.569315342775575,2.1763505248266817e-13,-1.3168429934445398,0.280427065955795,5.752572557456834e-06,160,2.7789068182449586e-05,4.7212846076479454e-05,True,0.002242706387184901,0.0011437366988637755,True,0.16805577531229976,0.22276152802022364,0.0002467157092118522,0.03750000000000009,8.749237870445375e-05,0.0375,2.1763505248266817e-13,2.087410810296697,3.569315342775575,0,2.761911396963079,7.475057950379718e-13,2.0922323970789325,3.645940372266763,0,,0,1
S2_N160,7500475,3.0536790053074214,2.334786306089401,3.9939224601132564,3.603286909866844e-16,-1.4635427731747037,0.2712792467844183,2.4803647141683847e-07,160,0.0002506203629716753,0.00015728383158126875,True,0.14553833143770784,0.10006542071952211,True,0.20232329332986054,0.2119999415651227,1.7912421894440144e-05,0.006249999999999978,6.167711611417281e-06,0.00625,3.603286909866844e-16,2.334786306089401,3.9939224601132564,0,3.313446702081391,5.1600806374821953e-17,2.504016561563704,4.384527329435052,0,,0,1
S2_N160,7500476,2.6276372664955145,2.0369637909075915,3.3895927041489795,1.0346379735439744e-13,-1.5500000000000018,0.2601879216660607,1.6271697588126833e-08,160,0.0004532651591221513,7.045627186984164e-05,True,0.0006833355750086989,0.000654411649240616,True,0.39932047734064424,0.4561990762236948,0.0092468610076241,-0.11250000000000004,0.002261829187576901,-0.1125,1.0346379735439744e-13,2.0369637909075915,3.3895927041489795,0,2.906596183153617,3.057703524236237e-13,2.1818856620134346,3.872018373376687,0,,0,1
S2_N160,7500477,3.124015159879366,2.316900146585988,4.212296647111413,8.033353609070304e-14,-1.872135371287743,0.26157599105278245,2.97285213559723e-11,160,1.381489478061825e-06,2.6639663940205576e-06,True,0.0004148275587167679,0.005857091821477442,True,0.7157190547485248,0.9508370571797999,0.00042210788209014004,-0.05625000000000002,0.0002943146757822901,-0.05625,8.033353609070304e-14,2.316900146585988,4.212296647111413,0,3.3201017246852786,2.119398882459878e-15,2.468379760340776,4.46571295039964,0,,0,1
S2_N160,7500478,2.3704990205374226,1.829255306579147,3.07188700568941,6.726839699428618e-11,-1.3310142926189323,0.24341818317188998,1.757458712826614e-07,160,0.00043413457544112403,0.00021649784653700042,True,0.0012306901540191173,0.0006577137167568417,True,0.5358547559976177,0.9262592582279766,2.3224006859323402e-05,-0.006250000000000089,1.2652984085046772e-05,-0.00625,6.726839699428618e-11,1.829255306579147,3.07188700568941,0,2.734492943159072,1.7645057792742457e-12,2.0675421002100016,3.6165897929852426,0,,0,1
S2_N160,7500479,2.400828973528876,1.831620338304069,3.1469293278718946,2.249805626287393e-10,-1.4072904743736485,0.2611631472722069,2.5562470023570286e-07,160,1.356679050082414e-05,5.6729027059025385e-06,True,4.397383153694022e-06,8.811648851007614e-06,True,0.6237731671133766,0.8909731264549156,4.236783170334635e-05,0.006249999999999978,2.361835002995218e-05,0.00625,2.249805626287393e-10,1.831620338304069,3.1469293278718946,0,2.424487813830552,6.347486372950414e-10,1.8309218492824673,3.2104817372278758,0,,0,1
S2_N160,7500480,3.2857615065429497,2.599478220031984,4.153229134478595,2.478135767827118e-23,-1.5888770522220956,0.2518342558405633,2.7304561204687974e-09,160,3.512668177299188e-07,1.7336998163880154e-08,True,0.10029687075374524,0.09760372736001591,True,0.7815076388905688,0.9086220903470656,3.6164200783366266e-05,0.012500000000000067,1.7300630174154504e-05,0.0125,2.478135767827118e-23,2.599478220031984,4.153229134478595,0,3.642440557487879,2.4444877035987093e-24,2.8399019655310402,4.67177155263235,0,,0,1
S2_N160,7500481,2.9525738507732022,2.1741273053274197,4.0097432762599095,4.104472578978704e-12,-1.6841562563337233,0.26034500489940454,1.192231785987865e-09,160,0.008592070749255089,0.002545394505791231,True,1.7499959921565077e-05,4.896729898311014e-06,True,0.5450315227519729,0.41973768633067343,3.276226148721921e-05,0.0,4.250029609751505e-05,0.0,4.104472578978704e-12,2.1741273053274197,4.0097432762599095,0,3.5383871358807935,1.0560025744287924e-14,2.56859709993138,4.874327516643681,0,,0,1
S2_N160,7500482,2.5950732918408375,1.9640462842547957,3.4288425094731556,1.9659201526000885e-11,-2.11220464004933,0.2573326461694055,7.680860460412165e-14,160,3.372651501401743e-06,2.9295224014119095e-06,True,0.0026078430511248156,0.0011236013082031866,True,0.3098700284157285,0.3473272083069774,2.9944613357154553e-05,0.006249999999999978,8.882940563094474e-05,0.00625,1.9659201526000885e-11,1.9640462842547957,3.4288425094731556,0,2.8767803525763442,7.433434653322464e-13,2.155177204769738,3.839992915038965,0,,0,1
S2_N160,7500483,2.7799889784223266,2.1561879175963603,3.5842602850520007,3.1118212766532362e-15,-1.5434341136322827,0.2652330840955572,3.2245394214055226e-08,160,8.978794920262254e-07,3.1402325519140976e-07,True,0.006309321807141131,0.005146386067319356,True,0.32504312909720157,0.21882637572639496,2.6862235092090494e-05,0.018750000000000044,3.563759664566398e-05,0.01875,3.1118212766532362e-15,2.1561879175963603,3.5842602850520007,0,2.9676678476743614,1.9731592846874054e-14,2.2460416401820185,3.921143890015528,0,,0,1
S2_N160,7500484,2.9140553471060935,2.2648330414895033,3.7493794952818695,9.017055090225471e-17,-1.1889158800666295,0.28972623365917644,6.518619562831201e-05,160,6.817334496290821e-06,2.0439281559733164e-06,True,0.0015293113755223083,0.00022182251340421765,True,0.2862567066191247,0.25931525795722954,1.4692571704305073e-05,-0.006250000000000089,2.6714216485587484e-06,-0.00625,9.017055090225471e-17,2.2648330414895033,3.7493794952818695,0,3.0082219806513883,2.964157948734671e-15,2.288382360254353,3.9544962599118803,0,,0,1
S2_N160,7500485,2.339324639517516,1.827568062200252,2.994383564826229,1.5082260474562824e-11,-1.24745136091186,0.21904772821675556,5.919392323203276e-08,160,6.410085739613601e-06,1.124276317625081e-06,True,0.006189228056958762,0.011362114689331636,True,0.5152229938872193,0.6303704603829892,2.1214862768406208e-05,-0.012500000000000067,2.1434168830479587e-05,-0.0125,1.5082260474562824e-11,1.827568062200252,2.994383564826229,0,2.34837295571445,8.977977324453517e-11,1.8141759149238939,3.0398681262188267,0,,0,1
S2_N160,7500486,2.4217242592982733,1.897745159990687,3.0903772074974243,1.159206083464082e-12,-1.3879043069777257,0.24134463353205804,4.51006846575413e-08,160,0.001346037293474234,0.0005342714893894306,True,0.0028699641617290213,0.0008523728529529135,True,0.992669478887098,0.8518146424972327,0.0025023138902791043,-0.08750000000000002,0.002189670908937402,-0.0875,1.159206083464082e-12,1.897745159990687,3.0903772074974243,0,2.5861926788802534,8.086430861866894e-12,1.9695338391982304,3.395926710767545,0,,0,1
S2_N160,7500487,2.7371253585717157,2.0676137758777062,3.623430698683576,1.9877995356179696e-12,-0.8601141132583816,0.25307401210770664,0.0008583844287749558,160,2.7789963149488124e-05,1.597037933247315e-05,True,1.7460300065584496e-06,2.5256213245754024e-07,True,0.022064947755596996,0.02528241615662849,0.005872386832122377,0.09999999999999998,0.0036153339595347053,0.1,1.9877995356179696e-12,2.0676137758777062,3.623430698683576,0,3.151400047429446,6.891180817629231e-14,2.3337543592017087,4.25551310478771,0,,0,1
S2_N160,7500488,3.166197552811792,2.303383271680078,4.352209667702991,1.2464791469485007e-12,-1.4374999999999973,0.2714674232294542,3.950361486956426e-07,160,6.467042587806424e-08,6.021546247780195e-08,True,3.768221941930907e-06,2.2329942589528017e-06,True,0.617052899584651,0.8358027911577185,8.627252835758127e-05,-0.018750000000000044,5.1890880106789184e-05,-0.01875,1.2464791469485007e-12,2.303383271680078,4.352209667702991,0,3.4282241229826855,4.4373651308345796e-12,2.418663015450597,4.859180697072375,0,,0,1
S2_N160,7500489,2.8811739444416897,2.2251655311555587,3.730582368772708,9.950287048034985e-16,-1.781203581034967,0.2896911621806019,6.209149060673729e-09,160,9.492436477231793e-07,8.752828549270268e-07,True,0.020780576974034817,0.018611174308326383,True,0.0069141668021676225,0.006004830638287166,2.355122649722104e-05,0.006249999999999978,1.57281334923952e-05,0.00625,9.950287048034985e-16,2.2251655311555587,3.730582368772708,0,3.0588831992017567,7.0008526031166834e-15,2.3083859021369766,4.0533805104669876,0,,0,1
S2_N160,7500490,3.1413059826370695,2.4220409128824034,4.074168699655882,6.258516987368135e-18,-1.157097027503254,0.2384568712647987,2.9170950715240487e-06,160,9.973103494428368e-07,1.0356443685799415e-06,True,0.7683271092289747,0.6152904675792326,True,0.10701449090022981,0.05585485906475225,0.0005531402277825965,0.0625,0.0008795733753165603,0.0625,6.258516987368135e-18,2.4220409128824034,4.074168699655882,0,3.468935833540289,3.3310429108028657e-19,2.6423675596493506,4.554065831332239,0,,0,1
S2_N160,7500491,2.3472953334975917,1.7964921259842084,3.0669744125046066,4.0129239937770666e-10,-1.4014743231802858,0.25229083443609046,1.1616793055432967e-07,160,0.0010354234181251367,0.00012194674569694304,True,0.0011556991127883904,0.0006271424090554438,True,0.09379407917659305,0.16066401359488258,0.0005509973273498717,-0.04999999999999993,0.00018760609798665492,-0.05,4.0129239937770666e-10,1.7964921259842084,3.0669744125046066,0,2.5009229936384574,4.827621835694061e-12,1.928375213425102,3.2434641228354866,0,,0,1
S2_N160,7500492,2.12015415439151,1.6229375521574274,2.769702156689978,3.5626416666339695e-08,-1.6999999999999997,0.25797047995900374,6.318536939779827e-10,160,2.123713335800491e-05,1.6726481824960966e-06,True,0.004756944907247763,0.0019372751859100888,True,0.6327198795826354,0.6709316687812907,3.0492545140951164e-05,-0.012499999999999956,2.6298023989558378e-05,-0.0125,3.5626416666339695e-08,1.6229375521574274,2.769702156689978,0,2.2260584361947537,2.2846393200548184e-08,1.681358120212031,2.947222309027734,0,,0,1
S2_N160,7500493,2.712421104695103,2.125626159139465,3.4612051689154453,1.034517188151735e-15,-1.7374999999999987,0.24699824804938356,5.8187429416973543e-11,160,0.0002978346737269296,0.00018364747175146157,True,0.000122668080995738,0.0003665765527027959,True,0.116271069433716,0.10577418814394456,0.005739425402748718,0.09375,0.00176045711680846,0.09375,1.034517188151735e-15,2.125626159139465,3.4612051689154453,0,3.056620673213483,2.725398311502916e-16,2.339080011761642,3.994275481358828,0,,0,1
S2_N160,7500494,2.708545885526324,,,,-1.3504437643847897,0.2762633063130397,2.4922689913437337e-06,160,1.006403419656231e-07,4.2675377470448506e-09,True,0.028528874127646306,0.06622187974387371,True,0.32374345121793324,0.2466771124109327,0.00010146753980737717,0.03125,0.00011058795365749597,0.03125,2.171313373146527e-08,1.9398292117854519,3.781890059923984,1,2.811491845168814,3.4035260115258135e-07,1.9160642574938633,4.125376466126192,1,0.0,0,1
S2_N160,7500495,2.7863091926291386,2.194366223663952,3.537932198011518,4.115453102898265e-17,-1.2586162883137553,0.24202118059150787,6.120061530950597e-07,160,7.152024681712135e-05,1.152880350924078e-05,True,0.013185762385457324,0.008921626936637802,True,0.10657114084484916,0.1307254734273205,0.0001771273563492998,0.03749999999999998,0.00020089952954912605,0.0375,4.115453102898265e-17,2.194366223663952,3.537932198011518,0,2.8876173529426787,6.291157074837997e-15,2.2120058879545583,3.7695803715631793,0,,0,1
S2_N160,7500496,3.2577378165592332,2.512026430682353,4.224818477947822,5.340928050726046e-19,-1.6336493674023145,0.26509275679940825,5.784830113804999e-09,160,8.541154858649995e-06,3.386856881683258e-06,True,0.01942134939497673,0.014597821196881225,True,0.5744301299979391,0.5051198462879032,7.964389722700916e-05,-0.018749999999999933,6.186036010926148e-05,-0.01875,5.340928050726046e-19,2.512026430682353,4.224818477947822,0,3.334718905032548,6.213120031097693e-18,2.5365713863564765,4.384008364753619,0,,0,1
S2_N160,7500497,2.665298506442093,2.0060679543356272,3.5411642527309626,1.3599095940410276e-11,-1.461002986876808,0.2713306957422055,2.6042491526271917e-07,160,0.0008455870376699512,0.0006616926409134082,True,0.033642881947697933,0.02369600028669222,True,0.284901046236931,0.31556932559987705,4.559159451911379e-05,-0.012499999999999956,5.473605443359344e-05,-0.0125,1.3599095940410276e-11,2.0060679543356272,3.5411642527309626,0,2.74448442526063,2.5250639684510792e-11,2.040125351377726,3.692025470597467,0,,0,1
S2_N160,7500498,2.5630433890029365,1.9914944907359005,3.298623945218245,2.6461070151396147e-13,-1.2927372966518103,0.27132904624126375,4.2799563801855394e-06,160,1.0515340963527105e-06,1.9071226871110597e-06,True,0.01946475993779426,0.01915429240290104,True,0.1772694818660535,0.07826879125906759,0.000637980523046454,0.050000000000000044,0.0005881620865656443,0.05,2.6461070151396147e-13,1.9914944907359005,3.298623945218245,0,2.787743693053548,3.1202559102866496e-13,2.1160648916795726,3.672625980761579,0,,0,1
S2_N160,7500499,2.821796245194443,2.145895553896443,3.7105878871575846,1.1238795635449885e-13,-1.887499999999997,0.24763726705335667,2.223433471455019e-12,160,1.5887209648297917e-05,3.1918933378033783e-06,True,0.2284277943319828,0.13970726386737076,True,0.2815509961057242,0.2805588907918958,0.0015231029036446965,-0.07499999999999996,0.0007859829466298219,-0.075,1.1238795635449885e-13,2.145895553896443,3.7105878871575846,0,3.036775704647998,1.0426375488583008e-13,2.2659428503729337,4.0698319813417045,0,,0,1
S2_N160,7500500,2.6787742552538774,2.0463103358496144,3.5067171312662153,7.451658742898523e-13,-1.3963816576794739,0.26709474315748816,5.390937939820504e-07,160,0.002017838530629222,0.0015164856395440674,True,0.047885644402567235,0.03588313659839309,True,0.9354193502502519,0.7720197347404073,0.00020971769031616585,0.043749999999999956,6.494444764493622e-05,0.04375,7.451658742898523e-13,2.0463103358496144,3.5067171312662153,0,2.838918451764426,1.3330470597152252e-12,2.1276383241869596,3.7879830815927362,0,,0,1
S2_N160,7500501,2.347466971294884,1.826380743099806,3.017224750173156,2.676208273793234e-11,-1.575000000000001,0.24538757657596363,1.5513911972819988e-09,160,0.0005487622627642555,0.0007950691551152534,True,1.8678864233495603e-05,0.00012826168039026335,True,0.6092377031567118,0.8023889953960639,0.00017624119455522045,0.03749999999999998,2.3610407165305635e-05,0.0375,2.676208273793234e-11,1.826380743099806,3.017224750173156,0,2.506533567620437,3.041698050010754e-12,1.9361860942776685,3.2448898089787805,0,,0,1
S2_N160,7500502,3.1381507637955623,2.3514565368937252,4.18803837612915,8.051135509338554e-15,-1.4713732990331527,0.2778657266002596,3.9508632179670476e-07,160,1.5497715509203986e-06,1.345003036097664e-07,True,0.056334831887299146,0.08067858455513552,True,0.6486592725903657,0.6174849586341584,0.0036670287061517696,0.08750000000000002,0.002189670908937402,0.0875,8.051135509338554e-15,2.3514565368937252,4.18803837612915,0,3.60260405889363,1.018446622986112e-17,2.687480557432957,4.829339497642349,0,,0,1
S2_N160,7500503,2.6102510335933937,,,,-1.569522866105332,0.27313389175716146,4.607255720127999e-08,160,0.008655745197191245,0.00445096232343898,True,0.0026281211978185066,0.00055578681182743,True,0.6612073093667672,0.972655093877577,0.001576383893415203,0.08125000000000004,0.0025697411581627415,0.08125,1.7334909584225441e-09,1.9406077630797582,3.510967330957416,1,2.844928120928113,5.495158938502126e-09,2.0355469541302678,3.9761382054219143,1,0.0,0,1
S2_N160,7500504,2.5217434405715213,1.9752796082355302,3.2193872470267664,1.149504118660286e-13,-0.9790512442023389,0.24860084182814418,0.00012313763742790971,160,3.0803809496797465e-06,4.965299105703726e-07,True,3.4563862264134036e-07,7.19773136479819e-09,True,0.7848809208666016,0.8000037708710318,0.0009003698285685634,0.0625,0.0018053165237208494,0.0625,1.149504118660286e-13,1.9752796082355302,3.2193872470267664,0,2.789443814659144,7.526441476514752e-14,2.1318371037370683,3.64990213440803,0,,0,1
S2_N160,7500505,2.4568446276163325,1.880782728760475,3.2093475933954907,4.290121399172899e-11,-1.513022157144436,0.2601563128519239,3.277978139029504e-08,160,4.565873872558335e-06,8.30066035438341e-05,True,0.004354435929793168,0.0004934750050600816,True,0.9276172625325362,0.9317551689749553,0.002114244971579191,-0.08124999999999993,0.0025697411581627415,-0.08125,4.290121399172899e-11,1.880782728760475,3.2093475933954907,0,2.441907188262765,4.1622649323234126e-10,1.8454277984095038,3.2311807165951127,0,,0,1
S2_N160,7500506,2.4086984478262057,1.8700952371709487,3.102423928600176,9.925778710245681e-12,-1.1374999999999962,0.28235055978443174,8.715837491386092e-05,160,0.001628655762089589,0.0016909662473533146,True,0.00021283159040952885,3.0381036444749697e-05,True,0.13654541773256987,0.19694147061615164,0.00012382287428835308,0.025000000000000022,0.0001540120942513367,0.025,9.925778710245681e-12,1.8700952371709487,3.102423928600176,0,2.4982069348019125,9.314095277858501e-11,1.8937267039828727,3.2956381065790854,0,,0,1
S2_N160,7500507,2.790662236390936,2.1688027784968473,3.5908270658967076,1.4783253527768905e-15,-1.4643199845763988,0.2793432004275402,5.054806724529479e-07,160,5.742287999752049e-07,2.4992513787278642e-08,True,0.000312512033573125,0.00017619169935644466,True,0.3436582910900329,0.42505805424977416,0.004813592048099796,0.09999999999999998,0.004397349097112763,0.1,1.4783253527768905e-15,2.1688027784968473,3.5908270658967076,0,2.848854997578614,8.960627801324916e-13,2.1377598301479153,3.796485780475671,0,,0,1
S2_N160,7500508,2.8125816245118607,2.2244518579453354,3.55620885490801,5.636612849624297e-18,-1.4810280078618558,0.2809931562226695,4.427527801795639e-07,160,1.3529518208124746e-06,4.682044494684774e-08,True,6.724236140449299e-05,4.339546132382032e-05,True,0.28077355513397495,0.2819064300334375,0.0003243776875777027,-0.04999999999999993,0.00025980704820930187,-0.05,5.636612849624297e-18,2.2244518579453354,3.55620885490801,0,3.0333152129366368,3.663199444142741e-14,2.3312099050608754,3.946878040050437,1,0.0,0,1
S2_N160,7500509,2.764716806146203,2.097092718244503,3.6448836771441577,5.53346255372005e-13,-1.4613531266421427,0.2715872838760115,2.651052910514454e-07,160,5.931061449292868e-05,1.250223684867787e-05,True,9.807834229064163e-06,3.0248000376516956e-06,True,0.5705531485875849,0.5171967295104862,0.00020707700576309742,-0.03125,0.00023277897888480492,-0.03125,5.53346255372005e-13,2.097092718244503,3.6448836771441577,0,2.9467196235182995,4.994456491268614e-13,2.1979950876986183,3.9504895112024174,0,,0,1
S2_N160,7500510,2.5745909622368357,,,,-1.1662717619211131,0.23814486375794897,2.3945591952798345e-06,160,4.859388716098606e-05,1.1972536493171714e-05,True,0.050163604319591625,0.06292264228796142,True,0.96349447310949,0.9019449973057448,1.0790105669299369e-05,-0.012499999999999956,1.0914240580458559e-05,-0.0125,8.00234828589994e-09,1.8949900859972892,3.4979173093368243,1,2.880517616536844,1.7856911928956907e-10,2.1205007946536147,3.9129349821981485,1,0.0,0,1
S2_N160,7500511,3.174507474164488,,,,-1.6375000000000006,0.25075974526960587,8.652744210541726e-10,160,2.2145069299838467e-06,2.2382520971636506e-07,True,0.00018786525218238433,4.374285284737843e-05,True,0.7111490225249208,0.742354295989383,0.015804617510958123,0.13124999999999998,0.017516881544435117,0.13125,1.0194445683688092e-12,2.3650742522017705,4.260964616288276,1,3.3405300392081974,6.422276040549964e-13,2.4644359296004885,4.528071031922236,1,0.0,0,1
S2_N160,7500512,3.522714181088955,2.7428275215086018,4.524351277771845,6.044415858556316e-23,-1.5427860467096117,0.2779507917808931,1.1865068032834584e-07,160,6.318241072430276e-05,3.868809011110711e-05,True,0.0003425777314729048,0.00011195421139966925,True,0.3282686177812041,0.34280989694847064,8.087437620595122e-05,-0.03125,9.33846506941825e-05,-0.03125,6.044415858556316e-23,2.7428275215086018,4.524351277771845,0,3.9395304933341766,5.268828615977555e-22,2.981380336371956,5.20560906589865,0,,0,1
S2_N160,7500513,2.197655511350692,1.678136211258396,2.8780081820345194,1.0529373664214346e-08,-1.473444312453847,0.2614845921055174,7.912940964397433e-08,160,3.2275269719897026e-09,1.1580124752954467e-07,True,0.0013884743654916493,0.005359620696002548,True,0.6795165663756513,0.7732123050048318,1.8320291194272634e-05,-0.006250000000000089,3.4280991592837514e-05,-0.00625,1.0529373664214346e-08,1.678136211258396,2.8780081820345194,0,2.330927021126512,6.937639335377221e-09,1.7505287251849981,3.103759852466018,0,,0,1
S2_N160,7500514,2.6517061178039207,2.038837770338358,3.448800800875791,3.5308740637669286e-13,-1.7813202476924883,0.27011375103575386,6.160449765306228e-10,160,0.0001412085235572569,0.00017199234411700764,True,0.0002193496440904453,0.00023026489826192482,True,0.6297071479690263,0.6211027876755817,3.378153867173502e-05,0.012499999999999956,2.1434168830479587e-05,0.0125,3.5308740637669286e-13,2.038837770338358,3.448800800875791,0,2.7048386286734494,3.953090770728293e-12,2.0421030787663264,3.5826555883672118,0,,0,1
S2_N160,7500515,3.0576324070608694,2.3586670402050522,3.963728570988161,3.1752128353448495e-17,-1.5057556406733854,0.2786063133385808,2.3705941046322115e-07,160,0.0006245907356033918,0.000999111656690253,True,0.08024818228634666,0.07764809334511366,True,0.6816693173158292,0.5381932778924867,0.0006052835787450302,0.0625,0.0002809916202275869,0.0625,3.1752128353448495e-17,2.3586670402050522,3.963728570988161,0,3.2509265810302312,5.142833146431719e-16,2.444779635517201,4.322894170792249,0,,0,1
S2_N160,7500516,3.0182231042969443,2.3284350833175025,3.9123576055780034,7.163960566695508e-17,-1.537499999999999,0.2691570706091517,5.439510093072678e-08,160,0.00014623631933497735,6.630167281038634e-05,True,2.0847414598827547e-07,8.046308123452251e-07,True,0.9462258510036167,0.9086749047499082,3.6783105708424446e-05,0.012499999999999956,2.629802398955824e-05,0.0125,7.163960566695508e-17,2.3284350833175025,3.9123576055780034,0,3.347858887592414,9.452126259308085e-17,2.517790328622632,4.451585584317891,0,,0,1
S2_N160,7500517,2.5420745039824126,1.9086418505580236,3.385728329234797,1.7639090735384345e-10,-1.8613388802488335,0.24802505671022299,4.30900872596013e-12,160,2.3553015934687285e-05,1.1169436156706574e-05,True,0.007448819922780497,0.005776050066442663,True,0.7832268194164329,0.7709348149675386,3.233293108470319e-05,0.018749999999999933,2.3601584834292993e-05,0.01875,1.7639090735384345e-10,1.9086418505580236,3.385728329234797,0,2.8170038044997825,1.3369268898529314e-11,2.0867309673163312,3.802843087516844,0,,0,1
S2_N160,7500518,2.257240584079953,1.767589717131074,2.882532640372779,6.77097231169871e-11,-1.5975324939073936,0.2627751334996399,8.812519155083598e-09,160,7.433486964887173e-08,1.1465461525866353e-08,True,0.0006426018098409444,0.0007675778156767714,True,0.16415062353925303,0.28317104450964425,0.00012415334202445216,0.03125,6.500107385108142e-05,0.03125,6.77097231169871e-11,1.767589717131074,2.882532640372779,0,2.3873415377520453,7.628389961623987e-11,1.836946927142104,3.1026479500653545,0,,0,1
S2_N160,7500519,2.4350844087425934,1.8694254282966691,3.1719029750783183,4.151677963780003e-11,-1.2000000000000017,0.265301312461011,1.1951712448456477e-05,160,4.4503054314455943e-07,6.512589149419634e-08,True,0.06447588104746604,0.027130864165690268,True,0.18149968393080673,0.3737482032581936,0.00018043621421815628,0.03125,9.933940354120344e-06,0.03125,4.151677963780003e-11,1.8694254282966691,3.1719029750783183,0,2.6799551380895648,1.1411382404439985e-10,1.9859621067777415,3.6164635355635446,0,,0,1
S2_N160,7500520,2.804009407612039,2.190217930666394,3.589811154356036,2.8424038173830824e-16,-1.54497852490983,0.24615196230283723,3.2306513836198463e-09,160,2.3806768256857408e-05,4.223319394037725e-06,True,0.0018988907232878765,0.0031664625792686605,True,0.6813406768515917,0.541755287696005,0.0018778174805349408,0.08124999999999993,0.0013389579928001234,0.08125,2.8424038173830824e-16,2.190217930666394,3.589811154356036,0,3.1333800699839767,5.690396206480686e-18,2.4181067950743187,4.0602303764962695,0,,0,1
S2_N160,7500521,2.1491417940901414,1.6680738834757096,2.768948364254064,3.2672827942008038e-09,-1.7464694381312695,0.27230057160994625,1.5894585156723954e-09,160,0.00015911067282785364,0.00019828814020148955,True,0.0002502667869451134,5.755011239712786e-05,True,0.7368642150285796,0.524007683393584,7.283467121571014e-06,0.006249999999999978,2.361835002995218e-05,0.00625,3.2672827942008038e-09,1.6680738834757096,2.768948364254064,0,2.2037548711542936,2.0833991678108155e-09,1.7017669187151538,2.853819450082504,0,,0,1
S2_N160,7500522,2.935204333517039,2.2683352914091452,3.798126543340554,2.6437295665938307e-16,-1.6941854512426717,0.24407438346442217,9.65527505975031e-11,160,0.0002777497971611306,8.679241051941063e-05,True,0.025117397742894135,0.021472883666742215,True,0.07796167576639643,0.06559404259145,4.126944370884672e-05,-0.03125,0.00013000285811884448,-0.03125,2.6437295665938307e-16,2.2683352914091452,3.798126543340554,0,3.1909795984358693,1.0056475763356182e-14,2.378447837078632,4.281090650337988,0,,0,1
S2_N160,7500523,2.4543778421521822,1.885493977612411,3.19490312012331,2.490786281146639e-11,-1.6715201215296736,0.273498785603872,7.490824776812863e-09,160,0.016858640339811208,0.04534035223852863,True,3.128635881423159e-06,1.908380424398358e-06,True,0.17316928590323888,0.20073659218428874,0.00024995463109106833,-0.050000000000000044,0.0005206029647522029,-0.05,2.490786281146639e-11,1.885493977612411,3.19490312012331,0,2.641960114731162,3.1075841174595087e-12,2.010609556058579,3.4715607646435234,0,,0,1
S2_N160,7500524,2.5401619580684005,,,,-1.4195982631386967,0.25690733713797104,1.3359661683571843e-07,160,4.333380072549671e-06,3.7922724852767904e-07,True,0.00032511525159214594,9.120629793851829e-05,True,0.05686159161837558,0.09372724057771682,0.00021565534716475892,0.03125,7.82400882741019e-05,0.03125,1.4337024443786178e-08,1.8668723542961303,3.456274210911788,1,2.6662553823283623,2.1419891318355997e-08,1.9199277107366008,3.702700744429357,1,0.0,0,1
S2_N160,7500525,2.8921401263814337,2.2171718005953496,3.7725874505437993,4.80038564473595e-15,-1.3250480384307441,0.2855655228552278,7.299606188552061e-06,160,2.7344402906692576e-07,2.0472446150162827e-06,True,0.0020022307098594475,0.0008881053115825831,True,0.7180379071948468,0.9058739578248769,0.00013626617694788073,-0.02499999999999991,0.0003308970725199382,-0.025,4.80038564473595e-15,2.2171718005953496,3.7725874505437993,0,3.14577467702349,1.8501642304042893e-15,2.3715650911257313,4.172728952552119,0,,0,1
S2_N160,7500526,2.710722346884009,2.0767312320147227,3.5382602855005634,2.197727019835873e-13,-1.6173904375461765,0.2586169424660897,3.6265643374819677e-09,160,1.1124789923172003e-07,4.2764495391890176e-08,True,0.008924493116035064,0.007895131425676678,True,0.7488732528794253,0.9603959746243964,1.4510934031953866e-05,0.006249999999999978,6.167711611417281e-06,0.00625,2.197727019835873e-13,2.0767312320147227,3.5382602855005634,0,2.8506899874375384,2.3909798659088914e-13,2.1538542384410833,3.772972775705743,0,,0,1
S2_N160,7500527,2.6951577995663665,2.0219238267780697,3.5925564892018627,1.3684936070768828e-11,-1.7886974937957634,0.24884241503482898,2.507535877434118e-11,160,5.5920749201224495e-06,1.5361267409892453e-06,True,0.0004605332984898252,0.00033211972364747384,True,0.3692269328415213,0.4370002403083597,2.21742263706696e-05,0.0,6.714755038102115e-05,0.0,1.3684936070768828e-11,2.0219238267780697,3.5925564892018627,0,2.834755654036307,3.178616899117255e-12,2.1147585233276165,3.7998852017611204,0,,0,1
S2_N160,7500528,2.4729756578844655,1.863446397141988,3.2818806131846667,3.592542549082528e-10,-1.7912485839826993,0.25299188433745656,4.531352570084846e-11,160,2.1715173804218693e-08,2.8985332613080322e-09,True,0.01940961669201017,0.02649242097790539,True,0.5310462973797363,0.5140754578207294,6.20838701802148e-05,-0.018750000000000044,7.320183404794874e-05,-0.01875,3.592542549082528e-10,1.863446397141988,3.2818806131846667,0,2.726814438339008,3.21604171712879e-11,2.027634025151358,3.6670902583512492,0,,0,1
S2_N160,7500529,2.700560738620464,2.095260890714088,3.480725639131632,1.686383890240801e-14,-1.2909885219219461,0.2591722726595723,1.650516703976547e-06,160,4.728471093856546e-06,4.838031091079045e-07,True,0.0011642339272678254,0.0002414570209784606,True,0.11496833465989462,0.09965638208603546,0.000938647669597329,-0.0625,0.0008795733753165603,-0.0625,1.686383890240801e-14,2.095260890714088,3.480725639131632,0,2.9444087514582535,6.35182895552319e-16,2.2660356090266056,3.825863486491294,0,,0,1
S2_N160,7500530,2.530470179611089,1.9071759452112556,3.357466491740851,1.2364192938652299e-10,-1.5128604490235298,0.27716266296153497,1.8394324696279383e-07,160,9.609630946799594e-06,7.4038424878372495e-06,True,8.942721946436693e-06,1.5017425401275485e-05,True,0.6365009054920233,0.6062778811641609,0.010890300820739104,0.10624999999999996,0.007190350057661834,0.10625,1.2364192938652299e-10,1.9071759452112556,3.357466491740851,0,2.9539030032668103,9.186354525576881e-13,2.1943687080487706,3.976334022948871,0,,0,1
S2_N160,7500531,2.380234608135836,1.7884313472754307,3.1678693165374425,2.7504199689020916e-09,-1.2366617558395103,0.24982547375929912,1.8955858842676702e-06,160,7.549082775673987e-05,4.8688828544857234e-05,True,0.006283788763581592,0.005126458397348578,True,0.38372832175351224,0.29732741509903304,0.00026827070044537805,0.05625000000000002,0.00021057957000821686,0.05625,2.7504199689020916e-09,1.7884313472754307,3.1678693165374425,0,2.5521659260277905,2.3292398968364017e-10,1.9101799149762009,3.409914879174323,0,,0,1
S2_N160,7500532,3.015776650390026,2.2199016458020124,4.0969872797007865,1.6504024609490262e-12,-1.3788444390529775,0.2696567146684561,9.10726824353104e-07,160,1.7923257763137318e-06,9.890465646926147e-07,True,0.000727331749476167,0.001341695364206411,True,0.1802564876999453,0.2483181331291885,0.03611907433630354,-0.14375000000000004,0.0348373797694118,-0.14375,1.6504024609490262e-12,2.2199016458020124,4.0969872797007865,0,3.120514708027183,5.791350171059002e-12,2.2569800700466884,4.314443079159552,0,,0,1
S2_N160,7500533,1.9364861704146221,1.4965453992435929,2.5057567181740437,5.006915736834534e-07,-1.1971476687359661,0.25823005048231157,7.42832361004678e-06,160,1.2245811107396004e-05,3.395856633987424e-05,True,0.00044847675848131905,0.0003298562001811428,True,0.07432644084742875,0.04609174591075196,0.002893913680626739,-0.09375,0.004919688338076054,-0.09375,5.006915736834534e-07,1.4965453992435929,2.5057567181740437,0,2.006337267686102,5.49093043124832e-07,1.52777894707163,2.6347982078309156,0,,0,1
S2_N160,7500534,2.3884745454540606,1.8725887421053455,3.0464834728569823,2.335534401937134e-12,-1.590775834374443,0.2780839324307697,5.226433791606595e-08,160,4.3337051320255805e-08,1.0993639791950469e-08,True,0.008847662566433849,0.026693200314108177,True,0.6516234050689997,0.6573390743672065,4.522783893929278e-05,0.006249999999999978,4.829433565797189e-05,0.00625,2.335534401937134e-12,1.8725887421053455,3.0464834728569823,0,2.6282344769207207,6.490941257726997e-14,2.041556390139069,3.383505103772418,0,,0,1
S2_N160,7500535,3.2444723921838703,2.334449581486545,4.50924328677946,2.4219354725102097e-12,-1.420920903814367,0.27026882010031245,4.7073989101607056e-07,160,7.769083182567875e-07,1.8931807217536287e-07,True,0.005850832190653957,0.002436056380898234,True,0.8780680564566631,0.9795051239061093,3.8048940908799285e-05,0.012500000000000067,6.558103140822277e-06,0.0125,2.4219354725102097e-12,2.334449581486545,4.50924328677946,0,3.5424181953327194,1.2323564684346453e-12,2.498625194530814,5.022252516340568,0,,0,1
S2_N160,7500536,2.3621554376855696,1.8290740508269128,3.0506027403674123,4.48645870058229e-11,-1.2537097588051278,0.27846164005239576,1.3040269838193735e-05,160,0.00016540772331275142,3.834565551439613e-05,True,0.04335932864670071,0.030240861509202303,True,0.8510302599455793,0.641059083617296,0.0006717545555273736,0.0625,0.0003899560034897222,0.0625,4.48645870058229e-11,1.8290740508269128,3.0506027403674123,0,2.574842208636065,8.655366894974248e-11,1.9350000248072352,3.4262595939937075,0,,0,1
S2_N160,7500537,2.3269794014227676,1.7905930942694437,3.0240444643595015,2.658851080340758e-10,-1.427739325985557,0.2768350520376719,7.453462565310185e-07,160,2.2783533667177284e-08,1.240097277929757e-08,True,0.04670504486618819,0.1266204936344477,True,0.08030244455859997,0.04991855883448954,0.0009423847482567118,-0.07499999999999996,0.00035050868065868043,-0.075,2.658851080340758e-10,1.7905930942694437,3.0240444643595015,0,2.5172586576526608,1.826510090377276e-11,1.9230023180073952,3.2951552321024846,0,,0,1
S2_N160,7500538,2.607914096491902,1.9635720694890713,3.46369559862953,3.5863869958630246e-11,-1.702018720439036,0.27609375147357124,5.72387137514685e-09,160,0.004143178042173298,0.0010524949357890692,True,0.04084813500332077,0.01974830735520728,True,0.37239532313928303,0.41298231133526875,0.00011323126042113503,0.025000000000000022,0.0001771411537223912,0.025,3.5863869958630246e-11,1.9635720694890713,3.46369559862953,0,2.8658474469271824,1.0782488843669986e-10,2.081742014294443,3.945292708060503,0,,0,1
S2_N160,7500539,2.235377257030048,1.7572256806197029,2.8436367259810207,5.721537961289551e-11,-1.5209059177444337,0.2461302981446957,5.313112020466317e-09,160,1.1198347942688189e-09,9.660618082365153e-10,True,0.0017840552249548738,0.0009521200405451332,True,0.20140223342707098,0.19108018480796862,5.0146206745353006e-05,0.025000000000000022,4.81840859959809e-05,0.025,5.721537961289551e-11,1.7572256806197029,2.8436367259810207,0,2.3174017465804044,2.8343743228258457e-10,1.7847765650176273,3.008976563405778,0,,0,1
S2_N160,7500540,3.0096224089447747,2.2720529392867643,3.9866267584706687,1.5719037977105708e-14,-1.3380557984807187,0.2437597085791622,1.589170788810673e-07,160,0.000171154091538247,4.4988530054122295e-05,True,0.012197431370801443,0.004875178335697592,True,0.8946774161612088,0.7708697213163564,2.3209793679438297e-05,0.006250000000000089,2.361835002995218e-05,0.00625,1.5719037977105708e-14,2.2720529392867643,3.9866267584706687,0,3.1886774653637158,1.680117340070516e-14,2.371210896532955,4.287962742152092,0,,0,1
S2_N160,7500541,3.717361132915159,2.8633688413832146,4.8260543988572575,6.240456333949291e-23,-1.8186002104946621,0.25600848793916126,3.9864272437895615e-11,160,5.025732995153501e-07,6.139465074786406e-07,True,0.002987802939528075,0.001738739943228658,True,0.7461944884016376,0.8303648759273833,0.0009107719955188636,0.0625,0.0008795733753165603,0.0625,6.240456333949291e-23,2.8633688413832146,4.8260543988572575,0,4.4036694766258915,2.8117144976068064e-22,3.2645409106220553,5.940285446038832,0,,0,1
S2_N160,7500542,2.649754430859217,2.0782608701192737,3.3784009720854233,3.785340640697182e-15,-1.5968026556688928,0.28758071172424265,1.1754130201517268e-07,160,1.0618131549228598e-05,8.760582255652654e-07,True,0.003259504843886313,0.0015425691280497246,True,0.3751904532278578,0.5261475019273966,0.0012946957118709901,0.06875000000000009,0.00017558579708480747,0.06875,3.785340640697182e-15,2.0782608701192737,3.3784009720854233,0,2.9109481780654503,8.465867463741033e-16,2.243964423421905,3.776182548589975,0,,0,1
S2_N160,7500543,2.570024335356955,1.9647684480561813,3.3617320610281363,5.609571816180382e-12,-1.640524344264961,0.2552010818755536,1.473179116479052e-09,160,1.6184400400999317e-08,1.910068249105672e-09,True,0.0005657700466985717,0.0014975384932719514,True,0.6493810414648745,0.7656706741944113,0.0006334895084339891,0.0625,0.0003899560034897222,0.0625,5.609571816180382e-12,1.9647684480561813,3.3617320610281363,0,2.7665321871399327,6.679681880146413e-13,2.096023249395838,3.6515340870800825,0,,0,1
S2_N160,7500544,2.5662173287567103,1.957887224774679,3.363560114740064,8.676753355279966e-12,-1.4162380380663153,0.27061776995928644,5.260624359414182e-07,160,2.0447287265314347e-06,6.211065360690368e-06,True,1.7673450134235798e-07,1.4585053494356758e-07,True,0.5530785747546909,0.7009268644584277,0.00011566368961735306,0.018750000000000044,0.00020018216815207034,0.01875,8.676753355279966e-12,1.957887224774679,3.363560114740064,0,2.6134211964397003,1.0138884592754003e-10,1.953094888313365,3.496998733071528,0,,0,1
S2_N160,7500545,2.4641263681128507,1.895472764147982,3.203379585756467,1.617391782202147e-11,-1.5970062191386947,0.27598336722934225,3.783638077166816e-08,160,1.0793597663434778e-05,6.554699578962816e-07,True,0.00691670466512832,0.02598591774479596,True,0.009875789640574296,0.019195079728298186,0.0003437241355076964,-0.05624999999999991,0.0003987418044469652,-0.05625,1.617391782202147e-11,1.895472764147982,3.203379585756467,0,2.6003606809848483,1.0137484422838126e-11,1.9746413057526973,3.4243564395785184,0,,0,1
S2_N160,7500546,2.2592091860182095,1.7487122767481582,2.9187340959716495,4.4732643279547106e-10,-1.4407925908674775,0.24453595195647337,2.251104349335404e-08,160,6.459643239701975e-05,2.2659452800169204e-05,True,7.234973236090078e-07,6.137292890826219e-07,True,0.18868673018112747,0.21447339816458266,1.1936770007050149e-05,0.018750000000000044,9.063063478530523e-06,0.01875,4.4732643279547106e-10,1.7487122767481582,2.9187340959716495,0,2.43314054761251,2.921888382308198e-10,1.8453687121599893,3.208124688267089,0,,0,1
S2_N160,7500547,3.0644514307989303,2.34385784340675,4.006583674919543,2.660803376320953e-16,-1.218250559530938,0.2717650849682512,1.414441525344781e-05,160,7.272960595909817e-05,0.0001071341956173586,True,8.474859473647851e-05,1.373189276834836e-05,True,0.8808865882348237,0.9058742346906067,3.399647490960018e-05,-0.012499999999999956,4.610467226001458e-05,-0.0125,2.660803376320953e-16,2.34385784340675,4.006583674919543,0,3.3553071296685273,2.132397006821771e-15,2.487991144462181,4.524970259425126,0,,0,1
S2_N160,7500548,3.268601620813193,2.5012368187957006,4.271389448331671,4.124978407875524e-18,-1.3211028128921671,0.24736427043490833,3.1975780791508446e-07,160,5.39372209442601e-05,1.4512800217090818e-05,True,1.9431943358813846e-05,0.0005603929286760741,True,0.0883723327532354,0.12744282274327887,0.0011701036464498514,0.0625,0.0007795898659828484,0.0625,4.124978407875524e-18,2.5012368187957006,4.271389448331671,0,3.4766143560814196,9.342696723889604e-17,2.5915840285283918,4.663884036889529,0,,0,1
S2_N160,7500549,2.730105119166074,,,,-1.4393050784621537,0.248560246339712,3.710777660859011e-08,160,2.747533381981469e-09,7.267624006233011e-09,True,0.0064691801785831905,0.005072011091463417,True,0.1892621214604443,0.14868859328921813,4.106306232572511e-05,0.02499999999999991,9.766666271827319e-05,0.025,6.149043382226339e-08,1.925784766013236,3.87035669470322,1,3.1708087710180557,8.637277824417405e-09,2.1794610879331793,4.6130799572565175,1,0.0,0,1
S2_N160,7500550,2.5306611612125316,1.9237207155374887,3.3290933871761155,3.2176436045670635e-11,-1.395498728450005,0.2787531454440924,1.4759323388706865e-06,160,0.0002697700824583602,0.00010757001030297412,True,0.002227348286668302,0.0005074393581605782,True,0.8437332152531428,0.9386361798506349,1.5072145156482065e-05,0.006250000000000089,2.8567822470451706e-05,0.00625,3.2176436045670635e-11,1.9237207155374887,3.3290933871761155,0,2.7398058274184924,2.0955927006425173e-12,2.0684654302595806,3.629036222768442,0,,0,1
S2_N160,7500551,2.7430523353406295,2.0793372154138425,3.618622346890541,9.380851467494346e-13,-1.1406265033635916,0.24834867785121603,8.917962960577712e-06,160,0.00042494022564538016,0.00018675293595873962,True,0.06037399278445369,0.06241838278070835,True,0.07131908643402897,0.05349190963100102,0.0003966195125405255,-0.04999999999999993,0.00018760609798665492,-0.05,9.380851467494346e-13,2.0793372154138425,3.618622346890541,0,2.9508471019856812,1.0662477794191984e-12,2.1908473648239677,3.9744889393501546,0,,0,1
S2_N160,7500552,2.6848691827323012,2.0790802354243194,3.467168994040497,3.729357724122573e-14,-1.6104437318990497,0.2673533255180728,1.1670695586520465e-08,160,0.00011668950868828534,7.762234713538228e-05,True,0.004227083263423787,0.00490566526826721,True,0.607637042261308,0.586982614245816,0.0007261307317048508,-0.05624999999999997,0.0008551514302558952,-0.05625,3.729357724122573e-14,2.0790802354243194,3.467168994040497,0,2.8543832509422966,5.702048953703101e-14,2.1712385989837686,3.752468175111335,0,,0,1
S2_N160,7500553,2.479574808288746,1.8545457766078812,3.3152544992153863,8.907344848935895e-10,-1.3488502486399887,0.27477342525620513,2.274676707982437e-06,160,1.0970898083934631e-07,1.0527408026925801e-08,True,0.1799611001286352,0.10656463500177832,True,0.5523777438498507,0.4662457050383264,0.00017123089404723533,0.025000000000000022,2.0535526585129606e-05,0.025,8.907344848935895e-10,1.8545457766078812,3.3152544992153863,0,2.7633187790000977,1.7346934820178992e-11,2.0550019781072146,3.7157777733176496,0,,0,1
S2_N160,7500554,2.67298931007008,2.0135100567862434,3.548465937713184,1.0342233856174126e-11,-1.3781239458252874,0.27140113752765305,1.0696478940968084e-06,160,4.669735006482856e-06,7.809332406536855e-06,True,2.1947618842441167e-05,1.0873954070692593e-06,True,0.1272764212379843,0.07815706510414672,0.02732182133957822,0.13749999999999996,0.021717635427562543,0.1375,1.0342233856174126e-11,2.0135100567862434,3.548465937713184,0,2.8870953721965114,1.5716023328248787e-13,2.178656086129926,3.8258997100203302,0,,0,1
S2_N160,7500555,2.5622655042206777,2.002136200142851,3.279099850275331,7.672306623780142e-14,-1.0901554097973187,0.2626713130287942,5.4287346082538235e-05,160,6.129905723832161e-10,2.7396663533966508e-11,True,0.006542937675806072,0.003460453321385931,True,0.8879914925287965,0.8291375359204602,0.0017945956084967642,0.06874999999999998,0.0014194384308796881,0.06875,7.672306623780142e-14,2.002136200142851,3.279099850275331,0,2.753599131484398,2.1273558366555866e-15,2.1440069539440367,3.5365128657644944,0,,0,1
S2_N160,7500556,3.4222661189782464,2.651298540987574,4.417422334017465,3.490652950064079e-21,-1.5337244647791195,0.24504151207604183,3.534042181740493e-09,160,0.0006544439792310542,0.00028592739777399457,True,0.019598542138412563,0.02087875791734668,True,0.3242308530716874,0.38129917481383957,0.0020281703338298493,0.08125000000000004,0.0010307219135345207,0.08125,3.490652950064079e-21,2.651298540987574,4.417422334017465,0,3.55361537797887,1.0552759658786097e-19,2.7029994746940784,4.671914431665639,0,,0,1
S2_N160,7500557,2.481221097462687,1.9317701588120266,3.18695167042023,1.1147805872133827e-12,-1.348924593106011,0.2728745870271051,1.9529729678099232e-06,160,3.118206459438593e-07,1.7047985047162163e-07,True,0.03653839198669856,0.017823852688920498,True,0.7374977557237848,0.6386826489902127,8.512584130726662e-05,0.02499999999999991,4.81840859959809e-05,0.025,1.1147805872133827e-12,1.9317701588120266,3.18695167042023,0,2.7601335602701886,1.4385703653216464e-12,2.083876032379076,3.6558495573425467,0,,0,1
S2_N160,7500558,2.676542562700145,2.067228554018755,3.465451401596916,8.017813982106422e-14,-1.3354286878175037,0.2506035283119563,3.3795410726134757e-07,160,1.932985228379112e-07,6.221082081475101e-08,True,0.0001509139878434442,0.00010264162833873567,True,0.39295045365575876,0.621729225978993,0.00015623454204736836,-0.043749999999999956,6.494444764493622e-05,-0.04375,8.017813982106422e-14,2.067228554018755,3.465451401596916,0,2.88958228678203,4.276531895673705e-14,2.194015138022856,3.805664622537114,0,,0,1
S2_N160,7500559,2.64608549285856,2.071046894011571,3.380787009585409,7.046408303915824e-15,-1.470580093752525,0.24617094960209887,1.497897330041313e-08,160,2.0650100302070172e-08,1.8576482018040315e-08,True,0.0010069892956599735,8.618706003210888e-05,True,0.8558614405379757,0.8760968736837349,0.0001805010374613108,0.043749999999999956,0.00011750682731492964,0.04375,7.046408303915824e-15,2.071046894011571,3.380787009585409,0,3.0660249816846905,5.458875324286019e-14,2.289630059651866,4.105689104092186,0,,0,1
S2_N160,7500560,3.100977133831324,2.316647514780651,4.15085122928389,2.8088068355732203e-14,-1.40328099687889,0.25888334505173954,2.1995210255184608e-07,160,7.496593551691124e-06,7.721212935156809e-07,True,2.7577733247618832e-05,3.6156243107058495e-05,True,0.3259080176951171,0.7721263638232054,0.0010712890418750566,-0.07499999999999996,0.0006800350968154443,-0.075,2.8088068355732203e-14,2.316647514780651,4.15085122928389,0,3.2371112457571822,1.74168673510882e-12,2.3356320263007477,4.486532595635123,0,,0,1
S2_N160,7500561,2.428419556528403,1.910383738566861,3.0869303498958827,4.2427639442927586e-13,-1.5093272894494811,0.26760099162205714,7.713197696040003e-08,160,0.00012978898254679207,2.683952364295115e-05,True,0.25726102026714304,0.3050689321289558,True,0.960661131602725,0.6099531519595551,0.00034999437241242415,-0.050000000000000044,0.0004584262281122888,-0.05,4.2427639442927586e-13,1.910383738566861,3.0869303498958827,0,2.476115008072632,1.633624723064519e-11,1.9018990645019949,3.2236965923362217,0,,0,1
S2_N160,7500562,3.139418256739417,2.421310432372323,4.070501187694557,5.969273689562113e-18,-1.5375,0.2584747654712235,1.7007930229375622e-08,160,1.72964372975652e-05,5.4257778506906116e-05,True,0.009433304555767854,0.004635945931493628,True,0.5757153064824054,0.3480828106270726,4.17696159535765e-06,0.0,1.1514299578592858e-05,0.0,5.969273689562113e-18,2.421310432372323,4.070501187694557,0,3.3015539171706263,3.780947251806217e-16,2.4768683320802185,4.400822654480803,0,,0,1
S2_N160,7500563,2.5465406570832716,1.9159811821830337,3.384620568553477,1.199445096076484e-10,-1.670742395626545,0.28183267759924613,1.880914205976691e-08,160,0.00037836532745194276,0.0005679444732228844,True,2.7217752822745783e-05,5.3472212658947715e-05,True,0.23863308512662362,0.23601210924166927,4.135410177064646e-05,0.02499999999999991,2.0535526585129606e-05,0.025,1.199445096076484e-10,1.9159811821830337,3.384620568553477,0,2.7127946211863514,4.1544947241769046e-11,2.0168683827822047,3.6488522104678665,0,,0,1
S2_N160,7500564,3.174457449979783,2.495904480479931,4.037486282245237,4.7580725518995576e-21,-1.3301898323211483,0.2508436608635001,3.81391656362586e-07,160,0.001640444278436693,0.0015066801914990732,True,0.00981468745136761,0.007913572038917646,True,0.021766700287932917,0.04189728672831334,0.00602824000001214,0.09999999999999998,0.0015175422842823782,0.1,4.7580725518995576e-21,2.495904480479931,4.037486282245237,0,3.30651912842652,6.230130217368135e-17,2.498148896720584,4.37646801637914,0,,0,1
S2_N160,7500565,2.549074995031967,1.9612467711869097,3.3130880956733892,2.6340508773164084e-12,-1.432774835768869,0.26119150012857123,1.6173831507077383e-07,160,3.190920202822473e-09,8.597463864816226e-09,True,0.0029336409374482626,0.0008500521001292201,True,0.46440864090847656,0.781145093775574,1.9962092322004906e-05,0.012500000000000067,4.979001604345445e-06,0.0125,2.6340508773164084e-12,1.9612467711869097,3.3130880956733892,0,2.637032580751109,3.330358445280126e-11,1.9799174642896802,3.5122377358480774,0,,0,1
S2_N160,7500566,2.522525528600399,1.9369109119437984,3.2851975809537666,6.653277803558967e-12,-1.3597567596916063,0.28148701666786713,3.2094479652598875e-06,160,1.816929866857496e-09,6.39763345193623e-08,True,0.0008525100130982328,0.0006755344194816456,True,0.8947015090508137,0.5186348274651513,0.00011379643182134792,0.03749999999999998,0.00010495487428606962,0.0375,6.653277803558967e-12,1.9369109119437984,3.2851975809537666,0,3.0748181677498416,4.232358375965201e-15,2.32267677797688,4.070521931579152,0,,0,1
S2_N160,7500567,2.0683183505096285,1.664738168217051,2.5697379207906206,5.3130630381699615e-11,-1.1956170232899246,0.25808093109757774,7.531711546484562e-06,160,0.002089257451668624,0.000581481531787352,True,0.008500132396033254,0.00559254045970125,True,0.09726818123877101,0.10482233802443103,8.617488060285167e-05,-0.018750000000000044,6.901679135984599e-06,-0.01875,5.3130630381699615e-11,1.664738168217051,2.5697379207906206,0,2.109540593328177,9.569512314296921e-10,1.6607501859969824,2.6796092226404733,0,,0,1
S2_N160,7500568,3.2570734715891705,2.4173181356101607,4.388552521512527,8.363559714229528e-15,-1.399999999999997,0.26634848267219075,4.7327788730515635e-07,160,4.056794718322218e-05,4.447730982564891e-06,True,0.03796089409123119,0.037709729276700056,True,0.7074101901478538,0.9004409776620547,0.005268807377536541,0.10000000000000009,0.0032541150233236075,0.1,8.363559714229528e-15,2.4173181356101607,4.388552521512527,0,3.3368160124140616,2.426287177929011e-13,2.416926988531853,4.606817315349011,0,,0,1
S2_N160,7500569,2.5112839041838075,,,,-1.1322737452246068,0.2696152237926912,4.467290103502127e-05,160,9.090365498943729e-05,8.332587616551875e-05,True,0.00026249750743236825,0.00026913606056877467,True,0.09463889983777753,0.11867984705256866,0.0012020357813461503,0.0625,0.000987367695476006,0.0625,4.902799394026753e-07,1.775571044530671,3.551841457901027,1,2.6338104656179917,7.343340345902329e-08,1.8770899230023501,3.695591502458978,1,0.0,0,1
S2_N160,7500570,3.409226025953216,2.665239922929634,4.360891488996211,1.6032922707977506e-22,-1.330745512075421,0.2468394338370718,2.5253697751143463e-07,160,0.0007453055277501693,0.0005984183811101352,True,0.0024676187050807273,0.0012878737696104888,True,0.773406392369949,0.8145051734576858,0.0003360861518166799,0.043749999999999956,0.0005726117347978365,0.04375,1.6032922707977506e-22,2.665239922929634,4.360891488996211,0,3.881783480460255,1.2236947570430555e-23,2.977373819568759,5.0609174065205575,0,,0,1
S2_N160,7500571,2.3993471955085974,1.8661404018345156,3.084905593885468,8.776638610266115e-12,-1.4318012022573907,0.2597470026084048,1.4242278141349666e-07,160,0.00022105156894178861,7.213134714592764e-05,True,0.0028438350048303274,0.001916699352362397,True,0.41654129612207824,0.3319308746962374,2.3991411621729063e-05,-0.012499999999999956,7.558615803847058e-05,-0.0125,8.776638610266115e-12,1.8661404018345156,3.084905593885468,0,2.6472849219127803,7.551992429137827e-15,2.071176634229701,3.38364065235468,0,,0,1
S2_N160,7500572,2.583624508381589,2.009232001683339,3.3222224186741904,1.373171892749423e-13,-1.5601600861809797,0.24807728948238522,3.029824686060664e-09,160,2.9966706665831994e-09,8.499006665629192e-11,True,0.0016650945675410888,0.0013168472773377087,True,0.5491995190427018,0.5533118978515563,9.504826683280527e-05,-0.03750000000000009,0.00017264219052445933,-0.0375,1.373171892749423e-13,2.009232001683339,3.3222224186741904,0,2.6862828078636753,9.079712068290495e-13,2.0483770972069095,3.5228451507603644,0,,0,1
S2_N160,7500573,2.9310404463526276,2.2370555817601767,3.8403149962842575,6.167914707325395e-15,-1.2662323013840442,0.2711322154191832,6.4210497242356534e-06,160,1.0917774702488777e-05,7.610279073594912e-06,True,0.00831408376411471,0.0117916977860161,True,0.18869740570875382,0.19445129437834663,1.3311893269258226e-05,-0.006249999999999978,3.4280991592837514e-05,-0.00625,6.167914707325395e-15,2.2370555817601767,3.8403149962842575,0,3.133035567259986,1.891493805528301e-15,2.364095820437718,4.152078685160343,0,,0,1
S2_N160,7500574,2.739200491055011,2.0395920499309055,3.678784358102493,2.1306283188347893e-11,-1.4927059671649496,0.2769669949282431,2.545195332156967e-07,160,2.6030495558631545e-09,5.466594524519636e-11,True,0.0015258659176756943,0.0009344344584863665,True,0.5346968288496827,0.3866615793060437,0.0014501659955456774,0.08125000000000004,0.002820056331896622,0.08125,2.1306283188347893e-11,2.0395920499309055,3.678784358102493,0,2.863788526094607,3.122550074967737e-11,2.09931169015499,3.9066541479534314,0,,0,1
S2_N160,7500575,2.7168237595339333,2.049561458803594,3.601322277340607,3.6399335270080426e-12,-1.4663828062321755,0.27734706280044064,4.101987460645072e-07,160,7.06450479853567e-10,3.610903652471397e-12,True,0.001305229638585298,0.0016252281921229556,True,0.7767212838726186,0.8318470352640339,0.0051277468948089525,0.11249999999999993,0.004831647143022923,0.1125,3.6399335270080426e-12,2.049561458803594,3.601322277340607,0,3.1980149461438137,9.304761837482926e-12,2.289385043145056,4.467269333475424,0,,0,1
S2_N160,7500576,2.7325751126665514,2.091516910896476,3.5701201876317077,1.7140643279637127e-13,-1.7566881021833307,0.2715350835074915,1.1889363046305789e-09,160,4.778748893234876e-07,3.061255445545692e-07,True,0.005952231082773224,0.005362874290756402,True,0.15652915506740972,0.27633802115582384,0.0002037635353210444,0.04999999999999993,0.00025980704820930187,0.05,1.7140643279637127e-13,2.091516910896476,3.5701201876317077,0,2.7950783943322035,4.488991348811432e-12,2.0891845037016,3.739479790617167,0,,0,1
S2_N160,7500577,2.6375225157165665,2.0525991259885825,3.389129875791704,3.424453138116514e-14,-1.1121221972688091,0.2698455520355049,6.081726498703371e-05,160,3.594347796011604e-06,2.3883063915756932e-08,True,0.00195971632580469,0.001425421613713098,True,0.9010566911022534,0.9576157340047288,0.0006802257935048057,0.05625000000000002,0.0010600355834445832,0.05625,3.424453138116514e-14,2.0525991259885825,3.389129875791704,0,2.708947396664133,4.929653693344994e-14,2.090279647373166,3.510724513399665,0,,0,1
S2_N160,7500578,2.2866291121939093,1.770713839878436,2.9528614838700693,2.3016149616726687e-10,-1.035063006531478,0.27943619429652944,0.0002933821290168717,160,0.0005814591397313208,0.001167272549488501,True,0.0032515719221317676,0.0027679783140005586,True,0.11686685222151508,0.1366376237177704,1.0102327035525673e-05,0.006249999999999978,2.361835002995218e-05,0.00625,2.3016149616726687e-10,1.770713839878436,2.9528614838700693,0,2.4813261579123225,5.6805757717898604e-11,1.89067369545805,3.256500324054219,0,,0,1
S2_N160,7500579,3.227224529770985,2.462809715130028,4.2289008775514265,1.9810558047488262e-17,-0.7688387915879943,0.26169076651728546,0.0038018194251829823,160,2.382640829714298e-05,1.1534437189059154e-05,True,0.059601837258509906,0.06373557178191867,True,0.572822399190811,0.8598948404760195,3.263310755970795e-05,0.006249999999999978,2.6714216485587484e-06,0.00625,1.9810558047488262e-17,2.462809715130028,4.2289008775514265,0,3.2926734721007733,7.034681200442464e-16,2.4651883474391973,4.397918968397836,0,,0,1
S2_N160,7500580,2.513848708560834,1.8299412584864623,3.4533541993362973,1.2710424202297596e-08,-1.3373432553624602,0.2555092856160679,5.244218021844948e-07,160,0.007419795969510525,0.005634616771099184,True,0.032690572903665255,0.04686008704832515,True,0.09809044777345315,0.09094812633398412,0.0003515881942823659,0.03749999999999998,0.00012484705147942552,0.0375,1.2710424202297596e-08,1.8299412584864623,3.4533541993362973,0,2.726792167765601,1.9889275561053656e-09,1.964766836780489,3.7843653440179357,0,,0,1
S2_N160,7500581,3.0682994668288894,2.336193613476128,4.029829361674457,7.583500097943666e-16,-1.0868642040924812,0.25399234313264146,3.25137036325808e-05,160,4.96028158193194e-07,4.913338611603391e-07,True,3.886887402668394e-05,0.00014737263595536286,True,0.748757247034934,0.7281299202178724,2.971120431738404e-05,0.006249999999999978,1.5728133492395204e-05,0.00625,7.583500097943666e-16,2.336193613476128,4.029829361674457,0,3.2282231896931686,1.3108463815273099e-14,2.3960268975121344,4.349460756594014,0,,0,1
S2_N160,7500582,2.4214649518191167,1.9004716498184864,3.0852828104267576,8.394426742768778e-13,-1.212237429749767,0.2711439543955396,1.4860978080672599e-05,160,0.0002904497546940999,0.00036803177131708296,True,3.916147936083277e-06,2.5291434554352394e-05,True,0.975154327137366,0.7213929132251262,3.276226148721921e-05,0.0,2.5428961104315096e-05,0.0,8.394426742768778e-13,1.9004716498184864,3.0852828104267576,0,2.6879132754771216,8.461615649114676e-14,2.07319166808315,3.484905852031612,0,,0,1
S2_N160,7500583,2.5807084573601204,2.035043040446244,3.2726856432626783,5.1853975117782265e-15,-1.3282114345748037,0.2543654291840152,5.551371863434684e-07,160,9.218588626441679e-07,4.5059069143270374e-07,True,0.11355989694257207,0.22655840926098292,True,0.4587397944114918,0.5315135644060428,0.00014408654445948103,-0.04999999999999993,0.00040145431188616455,-0.05,5.1853975117782265e-15,2.035043040446244,3.2726856432626783,0,2.7307502067574,3.741872730400281e-15,2.1258688415213767,3.5077407157296623,0,,0,1
S2_N160,7500584,2.8504566178921014,2.2007157162771285,3.6920274937781694,2.0876983999991586e-15,-1.5431936136646165,0.24402713183442437,2.5318997876982186e-09,160,3.537339655382653e-06,5.456055447204646e-07,True,0.0879088615058173,0.06156196593893506,True,0.8364642552509557,0.8600106553487638,2.2876508857522192e-05,-0.006249999999999978,1.2652984085046772e-05,-0.00625,2.0876983999991586e-15,2.2007157162771285,3.6920274937781694,0,2.950156792893843,2.197652587591545e-15,2.257947956569369,3.8545729441352137,0,,0,1
S2_N160,7500585,2.7836298160511723,2.2051385278612514,3.5138812618381814,7.119136679039174e-18,-1.7228071185854956,0.28526259615187616,1.0784558655367042e-08,160,0.00018745445005869258,9.26590810346976e-05,True,0.0037299859208323304,0.005084491018613539,True,0.19873858445681714,0.2902266983073827,3.6110945548248075e-05,0.025000000000000022,8.280646292310282e-05,0.025,7.119136679039174e-18,2.2051385278612514,3.5138812618381814,0,2.793121372952319,2.049943810773267e-14,2.146651758944627,3.6342769485249744,0,,0,1
S2_N160,7500586,2.787325251858509,2.1696832293236996,3.580790944339737,1.0538654981722274e-15,-1.3541581915555447,0.23274061133338678,3.2379919521971434e-08,160,3.386842358954706e-05,6.942420080363672e-06,True,0.00011889773347975752,0.0002525473822072621,True,0.8468303103090362,0.9249540725143337,3.552373886178414e-05,0.006249999999999978,5.67469457050815e-05,0.00625,1.0538654981722274e-15,2.1696832293236996,3.580790944339737,0,2.8526674947256576,3.444319655480727e-14,2.1754204985248022,3.7407534961552082,0,,0,1
S2_N160,7500587,2.345327727775337,1.813354856767807,3.0333622402380955,8.323404816050811e-11,-1.8659583329845038,0.2752971649100572,2.3259098682300023e-10,160,2.651349766171621e-07,4.309539312752742e-09,True,0.004428306182919279,0.015880260199958765,True,0.9857878249605936,0.995897963870278,3.234333763183198e-05,-0.018750000000000044,1.8914272851749572e-05,-0.01875,8.323404816050811e-11,1.813354856767807,3.0333622402380955,0,2.4817989776937797,9.02792067209266e-11,1.8854202037758077,3.2668187989855046,0,,0,1
S2_N160,7500588,2.613394545678152,2.0064782643484134,3.403889876473815,1.04299672687062e-12,-1.8606496018242917,0.2580698483862838,2.2236889617472316e-11,160,3.42655671316036e-08,2.6012567240637497e-07,True,0.02448102447577605,0.03547844407945786,True,0.21268978367505564,0.16456314452521126,3.346972434302759e-05,-0.02499999999999991,9.766666271827319e-05,-0.025,1.04299672687062e-12,2.0064782643484134,3.403889876473815,0,2.702823983187251,6.934141647186978e-13,2.0604118662258926,3.545532620850908,0,,0,1
S2_N160,7500589,2.4388680189824465,1.8078153840116828,3.290201680226948,5.3480225313324194e-09,-1.3675539047770804,0.28378230772343477,3.3761708359692574e-06,160,2.2856490013644186e-08,2.0377568589252502e-08,True,0.24310891555949155,0.258604567312002,True,0.6588010811812797,0.6921708628491108,4.307968543350062e-05,-0.012500000000000067,5.473605443359344e-05,-0.0125,5.3480225313324194e-09,1.8078153840116828,3.290201680226948,0,2.488147403237184,1.7150787773665045e-08,1.8124615512326805,3.415729010099795,0,,0,1
S2_N160,7500590,3.242601417196783,2.421791402477356,4.341605945107775,2.7971667990100362e-15,-1.8481968717141672,0.2880185047158022,1.5633775514086256e-09,160,5.350102204404308e-06,2.7315723508312972e-05,True,0.0007538995595341687,0.0012015591639568703,True,0.9714388233222313,0.9167114644754571,0.0004529662213303321,0.04999999999999993,0.00015747398437265074,0.05,2.7971667990100362e-15,2.421791402477356,4.341605945107775,0,3.598724850823058,6.778056545525917e-17,2.664520485353753,4.860469500279348,0,,0,1
S2_N160,7500591,2.8562043648278324,2.17568450030674,3.749580130993908,4.086451481317585e-14,-1.4417124160296515,0.2632283332238313,1.683871356392514e-07,160,2.9070947807963236e-05,3.0594806372648144e-05,True,0.001859474095138918,0.002763692453078623,True,0.45866097977121423,0.31481755670203593,0.004999747605255022,-0.09375,0.002817181660396583,-0.09375,4.086451481317585e-14,2.17568450030674,3.749580130993908,0,3.191355296839938,1.1078211271312971e-13,2.3495467979930607,4.334771556526541,0,,0,1
S2_N160,7500592,2.682374415155285,2.048255398270543,3.5128102233514986,7.48923394941293e-13,-1.300000000000002,0.2728009554902946,4.263013203720097e-06,160,4.874682874419424e-08,5.848580052441788e-08,True,0.0012426970886873015,0.0007995067553547726,True,0.4923659176474051,0.45478686926346257,0.00013211967631916773,-0.03125,0.0002654781183420939,-0.03125,7.48923394941293e-13,2.048255398270543,3.5128102233514986,0,2.8396026266792047,2.020249709076864e-12,2.122974025388964,3.7981355311052862,0,,0,1
S2_N160,7500593,2.5464601612544335,1.9786596888989545,3.277197887659145,3.8256881169554623e-13,-1.5539184306001121,0.26392926439728726,2.299732629454465e-08,160,0.01210871677937513,0.00668641942419515,True,0.000488460730961747,0.00013775312927220233,True,0.968592000914769,0.7838719050113663,3.299864308639557e-05,0.006250000000000089,3.4280991592837514e-05,0.00625,3.8256881169554623e-13,1.9786596888989545,3.277197887659145,0,2.974248317198918,4.831468509426776e-16,2.285887058648052,3.8698994418352837,0,,0,1
S2_N160,7500594,3.2620490367553607,2.479817028442207,4.291027844453955,2.8561268598422345e-17,-1.4576785793628428,0.2579215702189211,7.299231347318533e-08,160,4.3812464953413156e-08,1.1782835887786573e-09,True,0.0032859453724281853,0.0056068764275085965,True,0.1205043493474285,0.11361450076567661,4.2476352166809547e-05,0.018750000000000044,3.563759664566398e-05,0.01875,2.8561268598422345e-17,2.479817028442207,4.291027844453955,0,3.873043877117053,4.248345619119554e-20,2.9008319800045146,5.171091941026708,0,,0,1
S2_N160,7500595,2.9835242823811425,2.2956550138780902,3.8775064588300623,2.9694073785495123e-16,-1.1985367257655997,0.25854913045870215,7.439346969674545e-06,160,1.2547527085340132e-06,8.711262288969002e-07,True,0.0014296051410393287,0.0015604709015442106,True,0.028077637800910833,0.012606554935177079,0.00015220772085140796,0.018750000000000044,8.602441543585491e-05,0.01875,2.9694073785495123e-16,2.2956550138780902,3.8775064588300623,0,3.18452840808675,6.744808660106795e-16,2.4040682627920895,4.218358246672039,0,,0,1
S2_N160,7500596,2.9809294986485257,2.324013791567187,3.823531817305078,8.009975830588715e-18,-1.6084624837633374,0.24906532698578587,1.2623451922015087e-09,160,8.947782037789001e-06,3.203766579450262e-07,True,0.031761901666673066,0.05443112874873351,True,0.5025036383125112,0.49025724985903263,0.00018418657051806782,0.043749999999999956,7.99580350077684e-05,0.04375,8.009975830588715e-18,2.324013791567187,3.823531817305078,0,3.5184618612280794,1.2975435540573984e-19,2.680199327042852,4.618900446697497,0,,0,1
S2_N160,7500597,2.1642461915870865,1.6098533291355457,2.9095579659510893,3.1624164944540357e-07,-1.4766696062541702,0.2592723803042063,5.903500906223875e-08,160,4.9624404721997634e-08,3.7455603068375844e-07,True,0.00021327116053544492,0.0003067498732440122,True,0.31352192167856696,0.29428860908126764,2.8667620950660697e-05,-0.018749999999999933,2.914340744163405e-05,-0.01875,3.1624164944540357e-07,1.6098533291355457,2.9095579659510893,0,2.3975850963876644,9.282990662121737e-09,1.7789869856877203,3.23128518683234,0,,0,1
S2_N160,7500598,2.825776186809478,2.1896833370033844,3.6466510581695,1.4234892856429066e-15,-1.2338962855514681,0.24627354732095455,1.4494092967909277e-06,160,4.192177015347531e-06,1.706116378640556e-05,True,0.11138865969624209,0.12022788039454349,True,0.6911526036310771,0.9317234453106965,0.00029566825179202404,0.04375000000000007,0.00045227567493617317,0.04375,1.4234892856429066e-15,2.1896833370033844,3.6466510581695,0,2.9912900272741494,2.7696153097662194e-15,2.2793583179404857,3.9255855285423413,0,,0,1
S2_N160,7500599,2.59477045995862,1.9893387750559415,3.384458104519948,2.0113998778806674e-12,-1.4596564879564888,0.2600152043693139,8.76345640800807e-08,160,0.0027708173433736607,0.0008820552871121706,True,6.534389955725998e-07,1.7904114815128078e-08,True,0.37970157632916257,0.42012277935973497,0.00011428807899790619,-0.02499999999999991,8.280646292310325e-05,-0.025,2.0113998778806674e-12,1.9893387750559415,3.384458104519948,0,2.710248625892529,9.83271766228867e-13,2.0607559068047743,3.564443314172779,0,,0,1
S2_N160,7500600,2.842316469148295,2.1506402724565477,3.7564454708010033,2.1002021569368913e-13,-1.308766629612364,0.2511796090770379,5.844291390588935e-07,160,0.015243535827063668,0.010040613879480667,True,0.0007041932524709235,0.0001152255355681984,True,0.06987072196205053,0.06752127462785223,5.572306473052617e-05,0.012500000000000067,8.516031605924452e-06,0.0125,2.1002021569368913e-13,2.1506402724565477,3.7564454708010033,0,3.0082713601919626,5.543810042405452e-13,2.230047533250173,4.058073400508087,0,,0,1
S2_N160,7500601,2.717882815351503,2.1177023469589815,3.4881611235831023,4.0382010908980336e-15,-1.2476503999528294,0.2652254131622414,5.552135328355802e-06,160,1.7701545641349573e-05,8.213958768058006e-06,True,0.0003059672755974234,0.00041504623741800764,True,0.5501554183982824,0.5062331136441162,2.4087847093968428e-05,0.0,1.4221064431018045e-05,0.0,4.0382010908980336e-15,2.1177023469589815,3.4881611235831023,0,2.85971745282546,1.581205970375485e-13,2.1633967786759256,3.780159049233562,0,,0,1
S2_N160,7500602,2.911328976289459,2.279715325164764,3.7179363206544433,1.0889256758246883e-17,-1.6070841995841971,0.26455846870147653,9.032003647817244e-09,160,0.0005854140159970616,0.0003206864547775962,True,0.001608004844015618,0.0014231569415331742,True,0.840631330436908,0.761673949670419,7.587196040029073e-05,-0.018749999999999933,1.1731985912081421e-05,-0.01875,1.0889256758246883e-17,2.279715325164764,3.7179363206544433,0,3.151983506162664,2.9763720051756417e-18,2.434560501908505,4.080818700267756,0,,0,1
S2_N160,7500603,2.3987102429249996,1.845691615946189,3.117428057754727,6.01999683828622e-11,-1.6750000000000007,0.2746734990260947,8.018960377389891e-09,160,2.3950888990056866e-07,1.029669109494544e-08,True,0.05127580185972425,0.06994410193377108,True,0.37626157247295744,0.49611019739499673,0.00010043570701314062,0.025000000000000022,9.766666271827319e-05,0.025,6.01999683828622e-11,1.845691615946189,3.117428057754727,0,2.418111474250339,3.1277468617702174e-10,1.8366608852728492,3.1836378445183118,0,,0,1
S2_N160,7500604,2.8741521333878013,2.271527283268712,3.6366503482936325,1.4447910841523632e-18,-1.1154002653693045,0.25159449633439074,1.735313181348446e-05,160,5.6841669735428804e-05,8.242650901081094e-05,True,1.9437756082879933e-06,4.141926695407939e-06,True,0.6624716340533205,0.4451358843854931,0.0008831054013081501,0.0625,0.0008795733753165603,0.0625,1.4447910841523632e-18,2.271527283268712,3.6366503482936325,0,3.1487923278673366,1.4345327106469522e-18,2.4385334267253302,4.065924631326774,0,,0,1
S2_N160,7500605,2.57815022770909,1.9284299707769552,3.4467720878443138,1.6296462468097283e-10,-1.5037833367789966,0.23527781997708166,1.7840383539071596e-09,160,0.0009200561662780551,0.0012178898603958587,True,6.022192216266778e-05,3.820429786603456e-05,True,0.6024539948521321,0.6760353188806685,2.4755979909106497e-05,-0.018750000000000044,5.1890880106789184e-05,-0.01875,1.6296462468097283e-10,1.9284299707769552,3.4467720878443138,0,2.8075609599071707,9.569021341815136e-12,2.0861754103714802,3.778396823396204,0,,0,1
S2_N160,7500606,2.999684756239761,2.2021458302512427,4.08606392601647,3.259403353121914e-12,-1.0785302654095255,0.26520308251172,7.521416390451752e-05,160,1.451706995801606e-07,3.2609420124310885e-08,True,1.2255594164641972e-05,1.3940772769508477e-05,True,0.14859584709004575,0.2141892343382754,0.00014455764440415684,0.04375000000000007,5.214809841867038e-05,0.04375,3.259403353121914e-12,2.2021458302512427,4.08606392601647,0,3.1098900419899405,1.6573153439490352e-13,2.3002461094683286,4.204513609851779,0,,0,1
S2_N160,7500607,3.2641545087635033,2.530423736540401,4.210640495985956,8.509318163300612e-20,-1.6081719146485605,0.2618606965519854,6.443707068929391e-09,160,6.327590454448718e-05,4.6550849034839206e-05,True,0.00020332857108598803,0.00040429392304816786,True,0.7937701377869396,0.9140842855639724,0.00026861814997325873,-0.05625000000000002,0.00014529884248804016,-0.05625,8.509318163300612e-20,2.530423736540401,4.210640495985956,0,3.3035007428365892,1.2777854280104177e-18,2.532138063254038,4.309842862161119,0,,0,1
S2_N160,7500608,2.37010907782928,1.8343791132433624,3.0622988455623092,4.0893380072664e-11,-1.4096563116554373,0.2743398324998143,8.12800675776545e-07,160,1.0628257095691825e-05,2.8744499736248124e-06,True,0.0033414390008822104,0.0021912301513148037,True,0.24457937927475282,0.4138653072902856,0.0012241379361587995,-0.06875000000000009,0.000597996869210066,-0.06875,4.0893380072664e-11,1.8343791132433624,3.0622988455623092,0,2.6321678420976613,2.4173296972359093e-12,2.007994119297157,3.4503624698851816,0,,0,1
S2_N160,7500609,2.978919352434189,2.265141726210523,3.9176182247777724,5.7057752443463596e-15,-1.1792588070089751,0.27175086400028287,2.5475794277611055e-05,160,0.0013055277489990688,0.0014816325089591585,True,0.001081899267202628,0.0023079764714156554,True,0.8879239980732905,0.9931676512576285,0.0002289902397629868,-0.04375000000000007,0.00019588265238962543,-0.04375,5.7057752443463596e-15,2.265141726210523,3.9176182247777724,0,3.2633819749953976,1.4810549094857232e-15,2.440521746936297,4.363682449498304,0,,0,1
S2_N160,7500610,2.493344711305534,1.9774462850749417,3.1438365210307953,1.1233951704223591e-14,-1.3036151633707829,0.2888062711162125,1.2427905249687981e-05,160,1.0170628193341727e-05,1.4356214418294983e-05,True,0.020318472073428642,0.013966837590840893,True,0.9573728404185831,0.8935707620221649,0.00030316549868204617,-0.050000000000000044,0.00030235258776017347,-0.05,1.1233951704223591e-14,1.9774462850749417,3.1438365210307953,0,2.4689622634124375,2.280508861531309e-12,1.9180747903538218,3.178069327020453,0,,0,1
S2_N160,7500611,2.933781138958558,2.2962822356892834,3.74826388391467,7.296228928970723e-18,-0.9562330766364445,0.25493958393144006,0.00024748879672059035,160,0.0013453207001728226,0.00181090390322517,True,1.4145304650892127e-05,7.472458885739207e-07,True,0.05356042225536608,0.03722293055969926,0.00876587918120844,0.10624999999999996,0.00610232517696761,0.10625,7.296228928970723e-18,2.2962822356892834,3.74826388391467,0,3.4485302351564697,4.796380773333643e-19,2.62699926152654,4.5269753048494294,0,,0,1
S2_N160,7500612,2.1071948366572126,1.6202738562933945,2.7404441924358167,2.702751158599202e-08,-1.3034185464058974,0.2551572588832983,9.317810811900609e-07,160,0.0037047153690984093,0.0004273050062458152,True,1.769876540957414e-06,1.3528719636132646e-06,True,0.26135132617030143,0.23918399361509646,0.0001401737530847,-0.025000000000000022,0.0002306669516499077,-0.025,2.702751158599202e-08,1.6202738562933945,2.7404441924358167,0,2.268232656836736,1.6228768925494406e-09,1.7382340478083487,2.9598312103180566,0,,0,1
S2_N160,7500613,2.278013471093628,1.7112995315268056,3.0324003944850935,1.689502265379331e-08,-1.6633370624323325,0.28367146869356563,2.590037620420631e-08,160,1.9158775686619814e-08,6.448046106946176e-09,True,0.001694360574731627,0.0006493513492282951,True,0.9978014689170731,0.8397711626488936,0.00028142600695579427,-0.050000000000000044,8.793915035829812e-05,-0.05,1.689502265379331e-08,1.7112995315268056,3.0324003944850935,0,2.3072683280084014,3.1032066746980467e-08,1.7160724171437465,3.1021343180208953,0,,0,1
S2_N160,7500614,2.7586512376215957,2.1120063868817365,3.6032829721065127,9.619926892881458e-14,-1.5717479402825296,0.26732034013518613,2.3925381236259264e-08,160,4.1219439209520887e-07,7.147308065516244e-08,True,0.004443326621839834,0.002854987129920819,True,0.1200159776953107,0.40148833579613885,0.00029390117443002354,0.03749999999999998,0.00012484705147942552,0.0375,9.619926892881458e-14,2.1120063868817365,3.6032829721065127,0,2.9967956823737647,2.329059652685114e-14,2.2606414868974523,3.972670772409578,0,,0,1
S2_N160,7500615,3.232916995105258,2.497406424064936,4.185042609215557,5.132703256148038e-19,-1.5176912972398755,0.28264402792471843,2.7934469386128167e-07,160,0.0001468969126838741,7.516088000375185e-05,True,0.00491970271796397,0.0058156311082503504,True,0.2327336794501077,0.1974338583383788,0.00042170446690676993,0.043749999999999956,0.0008727235611888702,0.04375,5.132703256148038e-19,2.497406424064936,4.185042609215557,0,3.43478449214016,1.9115239930964984e-15,2.5335539544936116,4.656598880209987,0,,0,1
S2_N160,7500616,3.0283850981531786,2.367884025890051,3.873127316389136,1.0765094920097983e-18,-1.3885002974420022,0.25329481092875433,1.6466388226480317e-07,160,8.658762803164484e-08,1.659907500538063e-09,True,0.029983277236635703,0.014387112254285649,True,0.8654289503179232,0.8141505045471783,0.0014524596762149487,0.07499999999999996,0.0007859829466298219,0.075,1.0765094920097983e-18,2.367884025890051,3.873127316389136,0,3.5277578977388506,3.6078316072413555e-22,2.7331452421619087,4.553389842983544,0,,0,1
S2_N160,7500617,2.203819974826072,1.7197370577604016,2.824165740643738,4.2535126682257e-10,-1.3406859531352917,0.27757379397298426,3.2179251512065833e-06,160,5.515425018539533e-07,1.0764930527357062e-08,True,5.04497375729854e-05,3.6422173047299354e-05,True,0.3541606334562055,0.3509379618441739,0.00036181027831992755,0.04375000000000007,7.99580350077684e-05,0.04375,4.2535126682257e-10,1.7197370577604016,2.824165740643738,0,2.4509156492839113,4.592229120473038e-11,1.8768241258455292,3.2006129062298596,0,,0,1
S2_N160,7500618,2.872014802721416,2.2401185279608002,3.6821574055546016,8.679535444246771e-17,-1.8025798544595464,0.27979317013557825,1.3682645616214415e-09,160,1.667018567974864e-06,9.018784750025449e-07,True,2.678260727848733e-05,8.954717261440669e-06,True,0.4560000192687613,0.28645651832304464,0.0001604156527171526,-0.018750000000000044,0.00022641348473065423,-0.01875,8.679535444246771e-17,2.2401185279608002,3.6821574055546016,0,3.093229920674677,4.53990167657729e-17,2.3766109445926644,4.025930859203787,0,,0,1
S2_N160,7500619,3.366744850058671,2.3707382275334976,4.781198849267058,1.172694169006727e-11,-1.374077867564817,0.26312288638832665,5.538002168695994e-07,160,1.908194309603502e-05,2.3955648692608018e-06,True,8.192319039558581e-05,0.0002299348349676286,True,0.9604193316432867,0.903238623669698,0.00028775808342835227,0.05624999999999991,0.0005985373830176486,0.05625,1.172694169006727e-11,2.3707382275334976,4.781198849267058,0,3.7088146693345667,1.387861604986164e-13,2.6206938587573965,5.248726861211235,0,,0,1
S2_N160,7500620,3.2218887689980984,2.534844539708857,4.095149456774322,1.1649319786458693e-21,-0.9092047527486096,0.28921285743918607,0.0019950631214806793,160,5.0238448861717786e-08,7.680823969539207e-10,True,0.20452225111514055,0.20510585728051223,True,0.2949634875064958,0.35186868269831806,5.2811558950779324e-05,-0.025000000000000022,2.58308178468322e-05,-0.025,1.1649319786458693e-21,2.534844539708857,4.095149456774322,0,3.3169930332120874,2.169216159700791e-20,2.57305311876882,4.276026290371371,0,,0,1
S2_N160,7500621,2.5449814119794203,1.9365385594906923,3.3445914906151883,2.0703560078874182e-11,-1.5468170389099603,0.26988664506742555,4.9568485267742817e-08,160,3.918291754014668e-07,4.528329263800086e-07,True,0.00930228537866048,0.004940416763758192,True,0.2646238222615038,0.3291561803199683,0.00014115728137253605,-0.03749999999999998,0.00012484705147942552,-0.0375,2.0703560078874182e-11,1.9365385594906923,3.3445914906151883,0,2.967245800252537,1.5497712236784104e-11,2.1630147187202278,4.070498255474483,0,,0,1
S2_N160,7500622,2.5238691079414286,1.8503850859836322,3.4424808772358473,5.042487480462722e-09,-1.6073784281784875,0.25492370304620904,2.7856677057999175e-09,160,4.6613440063498834e-08,8.467694292802773e-08,True,0.00020696699185788553,0.0002623994673418852,True,0.894686957828556,0.876051373295913,0.0004306558950543605,-0.050000000000000044,0.00013098994071738894,-0.05,5.042487480462722e-09,1.8503850859836322,3.4424808772358473,0,2.6949089802833073,3.1669716562729874e-09,1.9411840236511968,3.7412910489297273,0,,0,1
S2_N160,7500623,2.4287964122199566,1.8766070894960811,3.1434667624519026,1.5498769326286693e-11,-1.5983371202633556,0.2504058225801562,1.864797357420131e-09,160,0.0015962518777756355,0.003136655918024274,True,0.006719927392351519,0.002958368332303236,True,0.7869272195574759,0.7175733280053315,4.208930498924e-06,0.0,1.4221064431018045e-05,0.0,1.5498769326286693e-11,1.8766070894960811,3.1434667624519026,0,2.5502108484008215,4.59857523425344e-12,1.9560425755047643,3.3248639128537194,0,,0,1
S2_N160,7500624,2.5526540680164347,1.9440893678861213,3.3517197813009916,1.5374391528516647e-11,-1.237593950129445,0.2819661705177092,2.08052178438959e-05,160,0.005013286786380518,0.014875919148084503,True,0.005192093004136467,0.0071084922526712165,True,0.38624926503538204,0.5153868687410312,0.0004855921019875948,0.05625000000000002,0.00021057957000821686,0.05625,1.5374391528516647e-11,1.9440893678861213,3.3517197813009916,0,2.707727223953196,2.343386096004464e-11,2.02175908518884,3.6264393582049697,0,,0,1
S2_N160,7500625,3.08088421893836,2.3706514081964265,4.0038984802598,3.9012110083551716e-17,-1.3653165593914574,0.2725920251754928,1.4599794480623723e-06,160,2.1992113242037914e-09,5.537591362177743e-10,True,0.001967314578608552,0.002152853939850901,True,0.7143490604330214,0.739720431581867,1.1952229571505315e-05,-0.006249999999999978,1.9361337404204134e-05,-0.00625,3.9012110083551716e-17,2.3706514081964265,4.0038984802598,0,3.1492720411190933,1.585528826735696e-15,2.3751603568152673,4.175682016801952,0,,0,1
S2_N160,7500626,2.8326037321684723,2.265735835945154,3.54129716986521,6.303701756158028e-20,-1.1249906042011182,0.2529311713683126,1.6346033048981143e-05,160,0.0008492840293366525,0.0004548311115105373,True,2.146355984906858e-05,3.4710112751839288e-06,True,0.24601664940063572,0.2287500350520395,0.0006713309515025685,-0.0625,0.0007795898659828484,-0.0625,6.303701756158028e-20,2.265735835945154,3.54129716986521,0,3.0731287965685903,7.427132326567123e-18,2.3799317855276283,3.968231634927033,0,,0,1
S2_N160,7500627,2.4580564000315244,1.923222494063717,3.1416236469703867,6.769024273312565e-13,-1.5137752759306808,0.26148715024994246,3.737595089410235e-08,160,3.7920302940495894e-06,7.607880758965549e-07,True,0.001056337226642173,0.0011362359330483287,True,0.8638208163653909,0.8706887924652915,5.922747849577126e-06,-0.006250000000000089,3.583821442585934e-06,-0.00625,6.769024273312565e-13,1.923222494063717,3.1416236469703867,0,2.9195085505044194,2.5548010422509273e-15,2.2388622952642225,3.807081031512257,0,,0,1
S2_N160,7500628,2.811162757830346,2.147781115276614,3.6794420040305322,5.217705420586958e-14,-1.3969651958477671,0.25213694296666683,1.2449940477482079e-07,160,1.7795359822713507e-08,2.4126747490253998e-08,True,0.009919572123533855,0.032071183683419165,True,0.5084870659105521,0.6894759977708615,0.0006577448173168673,-0.05625000000000002,0.0006775156566796819,-0.05625,5.217705420586958e-14,2.147781115276614,3.6794420040305322,0,3.3538815110835154,6.368451869559278e-18,2.5475998615667046,4.415340634957607,0,,0,1
S2_N160,7500629,2.382418883724674,1.7751983540975846,3.1973439612686283,7.324056273397091e-09,-0.6455004307820719,0.26529640492987094,0.016091857090468623,160,4.528879806327037e-06,2.0203995586730189e-07,True,0.00012180808637702596,8.525595982938624e-05,True,0.056546297743002634,0.07948145838823396,0.00023742390243205308,-0.03749999999999998,0.00039248276104677577,-0.0375,7.324056273397091e-09,1.7751983540975846,3.1973439612686283,0,2.5352904624107886,5.546882344646789e-09,1.854369940793401,3.4662434864755136,0,,0,1
S2_N160,7500630,2.3722369221278043,1.849868945409138,3.04211172833206,9.950188610247512e-12,-1.427793483660737,0.2493642946621053,5.094601863711742e-08,160,1.3417799495317391e-05,6.838636987357841e-06,True,0.016970228833741195,0.01757170609685099,True,0.8372931863954585,0.8841963172265604,0.0013222095966124224,0.08125000000000004,0.0013389579928001234,0.08125,9.950188610247512e-12,1.849868945409138,3.04211172833206,0,2.5020379531412913,7.877274308368522e-11,1.8977945851090017,3.2986678158320815,0,,0,1
S2_N160,7500631,3.2717663301313853,2.5106737134570754,4.263578680736606,1.7223095526880762e-18,-1.5158698751684876,0.26237256312792434,3.955334500821896e-08,160,4.353748486833033e-06,4.2459994631312356e-07,True,0.009664923505106317,0.013590096316701815,True,0.21179749561709071,0.16492727779329575,1.7346126758232284e-05,0.0,1.1514299578592858e-05,0.0,1.7223095526880762e-18,2.5106737134570754,4.263578680736606,0,3.288125583702209,1.457733914026271e-17,2.501346907019054,4.322379204522964,0,,0,1
S2_N160,7500632,2.875664933299772,2.2109594109446187,3.7402083311321004,3.378873843970397e-15,-1.6034290976940004,0.2587467931826095,4.856409630175256e-09,160,3.0195590363891787e-05,1.1632997092873773e-05,True,0.08274743528322517,0.058061272507813136,True,0.3022690018496199,0.35096183177186524,0.0002049085756961683,-0.03749999999999998,0.0001473498974151418,-0.0375,3.378873843970397e-15,2.2109594109446187,3.7402083311321004,0,3.174179647299951,2.9597952224939173e-16,2.406379909775543,4.186960002617805,0,,0,1
S2_N160,7500633,3.4592489227055148,2.6270923465823146,4.554999037170055,9.609422776104533e-19,-1.2708334729716144,0.2592423130218143,2.3445176031973555e-06,160,8.737522707250123e-08,1.2094856137569268e-08,True,0.00020903768212171916,0.0006120733289270626,True,0.4451180747986304,0.4288618854952806,0.0013019993005985565,0.07499999999999996,0.0014715433059127735,0.075,9.609422776104533e-19,2.6270923465823146,4.554999037170055,0,3.7501275646432,3.5473752460011914e-19,2.8076225760920397,5.009026808251349,0,,0,1
S2_N160,7500634,2.5283730803068343,1.8977084340595656,3.3686262433608474,2.356273946862391e-10,-1.0423245690684662,0.2775496909688504,0.00024333030110464777,160,9.490118868857327e-07,2.369722497158851e-07,True,1.3316482050298122e-05,0.0001549262423690945,True,0.37880644231775795,0.28940425709608864,0.0005204389679394107,0.050000000000000044,0.00022163623248806555,0.05,2.356273946862391e-10,1.8977084340595656,3.3686262433608474,0,2.6301927436163495,1.7763089582788606e-09,1.919476365603398,3.6040630624787173,0,,0,1
S2_N160,7500635,2.856771019744461,2.245064180753407,3.6351480412970023,1.3626993681123924e-17,-1.6179807645364477,0.2725879035089525,1.812081754092309e-08,160,3.760005855390407e-05,8.60886062849305e-06,True,6.829678099165833e-05,5.444817579529119e-05,True,0.25835844144307096,0.38087644280548016,0.00012028225991037848,-0.043749999999999956,0.00026528964375848927,-0.04375,1.3626993681123924e-17,2.245064180753407,3.6351480412970023,0,3.0300638643672113,7.16158507559601e-19,2.37189669824029,3.8708629380678996,0,,0,1
S2_N160,7500636,2.7798670757524,2.1248782461067424,3.636754704892398,8.786143870436178e-14,-0.8676254029577405,0.26779122793585974,0.0014595466484906949,160,0.0007456763984722743,0.0004961445094400645,True,0.0015857578248706485,0.002434649388801662,True,0.3895952120364897,0.4226608788226782,1.9865642211726334e-05,0.0,1.4221064431018045e-05,0.0,8.786143870436178e-14,2.1248782461067424,3.636754704892398,0,3.054715395895456,1.679854559298619e-13,2.270047465882014,4.110612791215409,0,,0,1
S2_N160,7500637,2.3387061428730114,1.743877960858184,3.1364272876184103,1.3967118928289494e-08,-1.2944362809629195,0.26564203517438684,2.666924886001868e-06,160,3.14052785020707e-08,1.7929050844233497e-08,True,0.006057123490174969,0.00515734545011539,True,0.019427839139964504,0.0108425730572977,0.0023487662090058573,-0.08749999999999991,0.0013485923554417295,-0.0875,1.3967118928289494e-08,1.743877960858184,3.1364272876184103,0,2.4887693522847005,7.709573239016406e-09,1.826354465883936,3.391440711304523,0,,0,1
S2_N160,7500638,2.9609237516851907,2.2218471557488297,3.945847238235763,1.2739818918223796e-13,-1.019959864413114,0.26239327465225515,0.00014931861111737004,160,0.0015245814172823858,0.002427259553175396,True,0.0008265697040560191,0.0009713450920440365,True,0.5529337780012655,0.5487879790310835,0.001099823184139324,0.07500000000000007,0.0005838680111095392,0.075,1.2739818918223796e-13,2.2218471557488297,3.945847238235763,0,3.356463856413589,7.707094346750972e-16,2.500245824685472,4.505896783500483,0,,0,1
S2_N160,7500639,2.513776828519995,1.9123951689081913,3.304272070092959,3.910553875408733e-11,-1.069903036832536,0.26130844190791763,6.756175908672311e-05,160,1.2208499626930055e-06,9.70451778306818e-07,True,0.0016394106198977683,0.004362358787908119,True,0.1904931268145006,0.17112124970611353,1.6777736092061506e-05,0.006250000000000089,2.671421648558756e-06,0.00625,3.910553875408733e-11,1.9123951689081913,3.304272070092959,0,2.7856439454169006,1.2011503546519394e-13,2.124942802720992,3.6517746175103567,0,,0,1
S2_N160,7500640,3.010275175758471,2.348026493059696,3.8593076613796566,3.516022609342456e-18,-1.2354916004626366,0.24701251235232688,1.5058186995205983e-06,160,3.6486424595904394e-07,3.299769577450303e-07,True,0.010208881360572108,0.011250288943039203,True,0.47453141814350996,0.23359420294869215,0.0003742110575011209,-0.03749999999999998,0.00010495487428606962,-0.0375,3.516022609342456e-18,2.348026493059696,3.8593076613796566,0,3.0799216238865306,7.399628316240742e-17,2.364479508553346,4.011841580766158,0,,0,1
S2_N160,7500641,2.408740060656945,1.874793471913181,3.0947561780726676,6.181603492655585e-12,-1.3456279649677647,0.2764385370906459,2.7277392935999885e-06,160,0.00032354406419630164,0.00012401933216960484,True,0.07521255857983528,0.10114536192077231,True,0.5055420873788603,0.5906964307941005,0.00043881503464766,-0.05625000000000002,3.571053472326354e-05,-0.05625,6.181603492655585e-12,1.874793471913181,3.0947561780726676,0,2.635551947261908,3.4743997385448866e-13,2.0299157955187934,3.421882859402443,0,,0,1
S2_N160,7500642,2.6281380749043524,2.0198461070116998,3.4196217804834705,6.289584101966513e-13,-1.6364650997788814,0.2575424589215855,2.1650995363887204e-09,160,4.071829486765521e-06,8.065041818979383e-07,True,0.06709051470144813,0.08397782341060742,True,0.2703321437785432,0.19285103782646384,0.00041667260229455455,-0.05625000000000002,0.00024999590502307323,-0.05625,6.289584101966513e-13,2.0198461070116998,3.4196217804834705,0,2.9401531342426015,7.18393580152051e-15,2.2407572606188197,3.8578477931202957,0,,0,1
S2_N160,7500643,2.3638883849680514,1.8308590139075798,3.0521019118017887,4.1417315744281475e-11,-1.4723079556226528,0.2883150085832488,9.389927482486273e-07,160,3.320632590063388e-05,2.773499107362451e-05,True,0.00019408262451092246,7.662747236535702e-05,True,0.44685172633065084,0.44662951237018533,3.432543488152236e-05,0.006249999999999978,7.930039900036434e-06,0.00625,4.1417315744281475e-11,1.8308590139075798,3.0521019118017887,0,2.4352416652211777,1.2959469165198943e-10,1.8564142379189668,3.1945466948568395,0,,0,1
S2_N160,7500644,2.6788495917548243,2.0685184676347625,3.4692632662113088,8.038486162329581e-14,-1.2669126529754726,0.2632062472690316,3.460280167256136e-06,160,4.626514237073912e-07,2.083012922372918e-06,True,0.0003795894585703717,0.002551374747550628,True,0.3105050504442648,0.40471480753783706,1.5276280978079532e-05,0.0,9.232480741870033e-06,0.0,8.038486162329581e-14,2.0685184676347625,3.4692632662113088,0,2.8252847253673066,3.1400938602365364e-14,2.1608344687334964,3.6940514856153452,0,,0,1
S2_N160,7500645,2.977102007153266,2.265102795399363,3.912906901619595,5.163732383152089e-15,-1.2423486477777692,0.2518282132122311,2.0421759540350057e-06,160,1.4941280834983291e-05,1.7681275404470632e-06,True,0.006374199822653667,0.0048067103416678724,True,0.6913755884589383,0.8707282537397536,4.634206090799939e-05,-0.025000000000000022,3.9535943721655774e-05,-0.025,5.163732383152089e-15,2.265102795399363,3.912906901619595,0,3.224954018604134,1.3002394986189905e-16,2.4437502478293016,4.255888436778351,0,,0,1
S2_N160,7500646,2.731054853925639,2.1274224515582123,3.5059612206723503,3.1796117141713987e-15,-1.6321475551757874,0.25569919000056535,1.8639300636220656e-09,160,0.012031661654118543,0.0034594975287916413,True,4.1980605596316714e-05,2.9501466431997922e-05,True,0.6345045916923662,0.9972647912339084,3.412802945688812e-05,0.0,5.748539784557799e-06,0.0,3.1796117141713987e-15,2.1274224515582123,3.5059612206723503,0,2.9195381441055583,2.9681476483576656e-14,2.214672801332035,3.8487414347440714,0,,0,1
S2_N160,7500647,2.6208258751275384,2.0062340389354785,3.4236924179507104,1.5879194403430816e-12,-1.641100614681429,0.2877210810508482,5.668727005036471e-08,160,1.2297583102037159e-05,1.2931035595219036e-06,True,0.0009188126432461428,0.0006883914867040192,True,0.8326705991690606,0.9440168447212754,3.441332362618332e-05,-0.03125,0.00011058795365749597,-0.03125,1.5879194403430816e-12,2.0062340389354785,3.4236924179507104,0,2.861204198456428,3.7931895914875696e-13,2.154477932600476,3.7997555423478016,0,,0,1
S2_N160,7500648,2.3142396429222587,1.7433867773413556,3.072012013903381,6.396885887223202e-09,-1.706952887028164,0.25271608817447244,2.638043289055917e-10,160,8.512108620396813e-06,8.958793945784787e-06,True,0.01997591487395663,0.029917335539578146,True,0.5462946262627582,0.3565167425300718,0.00014017752019448667,0.03125,6.500107385108142e-05,0.03125,6.396885887223202e-09,1.7433867773413556,3.072012013903381,0,2.475229603371282,3.3961484383470584e-09,1.8327589210672313,3.3429173466185547,0,,0,1
S2_N160,7500649,2.696797145506264,2.092554643366625,3.4755196797680563,1.7904915148391527e-14,-1.593506088042461,0.2760992635804372,4.074269029250157e-08,160,1.5012718093049871e-05,5.2886252399516104e-06,True,0.035562450032921196,0.014748137763819703,True,0.6583726752943171,0.576335598439526,0.0003923203701109248,-0.05624999999999991,0.00024999590502307323,-0.05625,1.7904915148391527e-14,2.092554643366625,3.4755196797680563,0,2.989411769231522,1.6737107542876836e-16,2.3041452171918464,3.8784806874765083,0,,0,1
S2_N160,7500650,3.0370175152041443,2.3747585128231345,3.883963501068496,8.640389093502696e-19,-1.3484061799551692,0.2590142984086136,5.968171984586684e-07,160,0.0029695009334054934,0.004408300451150681,True,3.823246212586583e-05,3.4234746003882845e-05,True,0.2532083119957731,0.29553836417907897,6.954182980853432e-05,0.02499999999999991,0.0001540120942513367,0.025,8.640389093502696e-19,2.3747585128231345,3.883963501068496,0,3.235899748917244,2.681451348867052e-19,2.5043637972166795,4.181120648956866,0,,0,1
S2_N160,7500651,3.085149538918797,2.395528056502748,3.9732983513399094,2.597346570668072e-18,-1.2801190343131776,0.27402751283809806,6.3845874467902e-06,160,5.899684110832635e-09,5.357288127645855e-09,True,0.008072466952747829,0.015312907666530137,True,0.36254507615509124,0.4644616225707686,3.592694035651094e-05,0.018750000000000044,2.914340744163405e-05,0.01875,2.597346570668072e-18,2.395528056502748,3.9732983513399094,0,3.1026534630083535,1.3157660819168782e-15,2.350482309802466,4.095524765862515,0,,0,1
S2_N160,7500652,3.9364473659743493,3.0673781937190503,5.051746764326669,4.968900040604246e-27,-1.4873757624877388,0.2727978448914712,1.893134704623169e-07,160,1.516835005804896e-07,5.2639147162157115e-08,True,0.006665065970416133,0.006591720223755292,True,0.023199999853969873,0.07012135575538257,0.00022184181449169237,-0.02499999999999991,0.0003308970725199382,-0.025,4.968900040604246e-27,3.0673781937190503,5.051746764326669,0,4.044253052265345,1.7708652028190707e-24,3.092840925485228,5.288336239986709,0,,0,1
S2_N160,7500653,2.527130324010893,2.0098153362877667,3.17759923472939,2.1342308771089867e-15,-1.4491947811070975,0.25690042260867063,7.681227950361701e-08,160,1.7336060421955324e-06,2.3528830258551586e-07,True,0.036193996466749624,0.022693985531978097,True,0.5497429437941992,0.39651890170439497,0.0012307925158618709,-0.06874999999999998,0.0007879632762155191,-0.06875,2.1342308771089867e-15,2.0098153362877667,3.17759923472939,0,2.6497130974037697,2.478297071596253e-14,2.0624789263993133,3.40414605389949,0,,0,1
S2_N160,7500654,2.875673117300394,,,,-1.1214514908181397,0.2522400354581003,1.647100426495226e-05,160,6.067144839366316e-09,2.6162235476595245e-09,True,0.007182689406925631,0.008960275868019603,True,0.3553600779924475,0.5681739754543349,0.003833442501291126,0.10000000000000009,0.005256369686886509,0.1,1.8328317950617348e-11,2.155572995401955,3.8363330284818917,1,3.114883897730087,7.505178262704336e-13,2.3365257215414954,4.1525336557977495,1,0.0,0,1
S2_N160,7500655,2.9496225780937078,2.255126586158605,3.8579977756460515,2.8627728550215348e-15,-1.1945765166396627,0.27807155784974524,3.0385689624262973e-05,160,8.028586419035963e-05,3.866572934179125e-05,True,0.0008523505824711815,0.0003361676426618237,True,0.9482817680623828,0.6898620293243162,0.005167926745308755,0.09375,0.001998242159369708,0.09375,2.8627728550215348e-15,2.255126586158605,3.8579977756460515,0,3.148811708799258,3.032204882049637e-13,2.3135082201041026,4.285705618554125,0,,0,1
S2_N160,7500656,2.689404850759076,2.0943652745419077,3.453503808149451,8.906088917768146e-15,-1.7444241916334953,0.2757292475148939,2.49657568423346e-09,160,4.1519178728236e-07,1.5400947309241402e-08,True,0.009319701675071006,0.010758852213796681,True,0.6857329009132067,0.6182090597016425,4.8185276201704005e-05,0.006249999999999978,0.00010203066121661093,0.00625,8.906088917768146e-15,2.0943652745419077,3.453503808149451,0,3.084033194946573,7.030998489665088e-14,2.296578571204918,4.141491550425035,0,,0,1
S2_N160,7500657,2.6180560006346862,1.9761011928176446,3.4685557841732435,2.005561161326496e-11,-1.539610854414963,0.2597920564156974,1.8979758850117577e-08,160,2.2202316321668264e-06,3.3009215612215157e-07,True,0.0030292439410348365,0.010862268278895625,True,0.5610046246658471,0.6774954047494707,7.639503126767202e-05,-0.03125,2.211991453462035e-05,-0.03125,2.005561161326496e-11,1.9761011928176446,3.4685557841732435,0,2.753466513985746,5.9856305114942285e-12,2.063323595374752,3.6744492529606383,0,,0,1
S2_N160,7500658,2.7909439142634054,2.1508414538542286,3.6215444511754593,1.1477200184741547e-14,-1.743161491963183,0.2549257020533645,1.6863908684222587e-10,160,2.1696060679960435e-07,1.2465487235845348e-07,True,0.0012341206153519773,0.001544266647511238,True,0.7437954684341135,0.7867089808756422,0.0002906524391489434,0.03125,4.3630649867251125e-05,0.03125,1.1477200184741547e-14,2.1508414538542286,3.6215444511754593,0,3.1329396508000737,1.392173222054706e-16,2.389723542231592,4.107299728231103,0,,0,1
S2_N160,7500659,2.644699781076624,1.9930437660477414,3.509424655484057,1.604477499959322e-11,-1.9625000000000017,0.23286124087287666,2.122760699323848e-14,160,4.565590624138693e-07,1.1810424426031168e-07,True,4.643932848731813e-05,0.00016179050684037886,True,0.6011541916963425,0.5510445635220822,0.0005103634678248798,0.05625000000000002,0.00045935626422335355,0.05625,1.604477499959322e-11,1.9930437660477414,3.509424655484057,0,2.752056708786646,3.905841090803904e-10,2.0042597095680756,3.7788596419022804,0,,0,1
S2_N160,7500660,3.2832305533573685,,,,-1.0708251309731698,0.24315434485328868,1.95861920953214e-05,160,0.00016933137482898582,6.956480459276648e-06,True,0.02002336423028931,0.027705042067342284,True,0.14538954666157164,0.2844104692793089,0.0011384933992948326,-0.0625,0.0004539422184446615,-0.0625,5.973683110582069e-12,2.3945479299007313,4.501727750735068,1,3.5323152384060426,1.971440943487697e-12,2.548541133772461,4.895840517592968,1,0.0,0,1
S2_N160,7500661,2.526918914349181,1.847583317882392,3.456038565564761,6.533825590288571e-09,-1.4585780585368615,0.25882846100228624,7.89808154558448e-08,160,0.00012271250214208643,0.0008538845259795186,True,0.00012510309990688138,2.801095580255085e-06,True,0.6951828233236692,0.731818743589327,1.4125418695640393e-05,0.006249999999999978,2.8567822470451865e-05,0.00625,6.533825590288571e-09,1.847583317882392,3.456038565564761,0,2.5930871544822307,1.6057986986872485e-08,1.863210411704714,3.608879034004885,0,,0,1
S2_N160,7500662,2.485815157839772,1.8588143573917724,3.3243109912366564,8.237677856405562e-10,-1.7206986387812129,0.23632252808036547,1.4994696788898582e-11,160,2.0304792848465596e-05,2.3361095898277474e-05,True,6.222592997992682e-07,4.397012337880234e-07,True,0.6547541895368739,0.6134121624288856,1.823233594046233e-05,-0.012499999999999956,0.00010183853146722053,-0.0125,8.237677856405562e-10,1.8588143573917724,3.3243109912366564,0,2.53268262404437,6.738000514958836e-10,1.8854856689239734,3.40203130676509,0,,0,1
S2_N160,7500663,2.575962274720258,1.98552556188859,3.341977443226841,1.0511829662831463e-12,-1.3082541441026088,0.2861406371331627,9.73462589588297e-06,160,1.150626021330725e-05,2.1652578725532878e-06,True,0.4060271729867829,0.4273564642022657,True,0.7258219496631644,0.8263150677464889,0.00028710581952399593,0.043749999999999956,0.00026528964375848927,0.04375,1.0511829662831463e-12,1.98552556188859,3.341977443226841,0,2.956913541097101,1.2331569443102808e-15,2.2672587972989353,3.85634745355918,0,,0,1
S2_N160,7500664,2.645816698213862,2.041980944360845,3.428213186748646,1.8217315403160853e-13,-1.2289700929520802,0.28533201142991577,2.9039686168800633e-05,160,1.1796409921770614e-06,3.030481615353892e-07,True,0.006690001341276447,0.001865188047683439,True,0.18314459784586035,0.17329575899959238,1.7845039859457365e-05,-0.012500000000000067,1.3818901267259073e-05,-0.0125,1.8217315403160853e-13,2.041980944360845,3.428213186748646,0,2.923179028677679,5.3805008947363366e-14,2.2104242161078407,3.8657627669077677,0,,0,1
S2_N160,7500665,2.5748685196343137,1.988138667373271,3.3347512435655653,7.59104779368461e-13,-1.486917510662741,0.2529386072877039,2.405257800488409e-08,160,1.3869316556594253e-06,6.904031477229051e-08,True,0.009298599324413443,0.008770281976258112,True,0.0428502977535232,0.13967944629365284,3.5436480370974834e-05,-0.018750000000000044,5.17448426468582e-06,-0.01875,7.59104779368461e-13,1.988138667373271,3.3347512435655653,0,2.769265199605919,3.9367999542245847e-13,2.103308239421236,3.6460798289168643,0,,0,1
S2_N160,7500666,2.9643819433345318,2.3041788314978096,3.8137492567169997,2.824968044146304e-17,-1.481610868377936,0.26542758441381165,1.0208312578950994e-07,160,7.612466349660823e-05,2.6394854072022972e-05,True,6.328014084012924e-05,2.7132800423808248e-05,True,0.6981874690555002,0.5937853516679811,9.846573475786563e-06,0.0,7.326053374340003e-06,0.0,2.824968044146304e-17,2.3041788314978096,3.8137492567169997,0,3.0447659322104026,2.190426379929072e-15,2.312280471442437,4.009288534174202,0,,0,1
S2_N160,7500667,3.4485960494909405,2.6543801648245067,4.480448908625269,1.868629296303881e-20,-0.970491845528958,0.28183488111725097,0.0007364311595348243,160,4.5069145083460306e-05,4.23000693269417e-06,True,0.007240840268965751,0.012994756619729191,True,0.04440607417494321,0.02143976434248725,0.004671893059110293,0.09375,0.003792786030562816,0.09375,1.868629296303881e-20,2.6543801648245067,4.480448908625269,0,3.8941265988133495,3.119446541422443e-21,2.9381155914442187,5.161206731193212,0,,0,1
S2_N160,7500668,3.237681491430856,2.4410524836546466,4.294287611653408,3.54576399260868e-16,-0.8054545454545461,0.25070420034160784,0.001595324237090794,160,2.5238203742521523e-06,2.8304056394347755e-07,True,0.001123445746604956,0.0037867927150653496,True,0.8062947323161102,0.9453612411137453,0.00014554008911660417,0.03125,7.82400882741019e-05,0.03125,3.54576399260868e-16,2.4410524836546466,4.294287611653408,0,3.3185352639294106,5.893107984533071e-16,2.4817627771500588,4.4374411605082935,0,,0,1
S2_N160,7500669,3.106130836539602,2.398982705405072,4.021725022012245,8.048512880144717e-18,-1.1929326203889372,0.2614456075153528,1.0120320305522868e-05,160,1.0875880578713197e-06,5.159366555583966e-07,True,0.014029132599541761,0.01972263278421921,True,0.10574140672918836,0.13192779260955792,0.0008686638410256403,0.05625000000000002,0.0012931490469396006,0.05625,8.048512880144717e-18,2.398982705405072,4.021725022012245,0,3.211481432235465,1.6651656492578635e-15,2.4099291635822686,4.279633254556891,0,,0,1
S2_N160,7500670,2.9347019088260278,2.236454907248453,3.8509496729639854,8.10539272252413e-15,-1.2795107407992405,0.2464896331606037,6.392776830962243e-07,160,4.6399239671574825e-06,1.4280616910344358e-05,True,0.023961759890055077,0.017343642758455586,True,0.6774265417678607,0.613375507064634,0.0004057268024624678,0.050000000000000044,0.00030235258776017347,0.05,8.10539272252413e-15,2.236454907248453,3.8509496729639854,0,3.0438451686418455,3.612360201766979e-14,2.2820686876502774,4.059909967128977,0,,0,1
S2_N160,7500671,2.8540629709334002,2.1978671710364757,3.7061727612100546,3.6105970644300256e-15,-1.1685110651369826,0.28763091001719926,7.647042458333315e-05,160,8.230134917550421e-06,9.391667875792216e-07,True,0.019072843053232483,0.03357534836738567,True,0.39900439933606024,0.42369622823570685,0.0001411389827763933,0.04375000000000007,9.740615565234215e-05,0.04375,3.6105970644300256e-15,2.1978671710364757,3.7061727612100546,0,2.9884790201229334,1.2026927994286777e-14,2.262954604920853,3.9466133497747697,0,,0,1
S2_N160,7500672,2.7330275971655147,2.149471220082403,3.4750127273543843,2.32003650308855e-16,-0.8500539939963343,0.25711396968629086,0.001172351003612723,160,1.1038274967730719e-05,6.148595096671747e-07,True,0.0004970527502689331,0.0012217384353187105,True,0.9917154958598091,0.8358268006754238,0.002889594449612482,0.08124999999999993,0.0010307219135345207,0.08125,2.32003650308855e-16,2.149471220082403,3.4750127273543843,0,3.0514155846842903,4.115891890654523e-18,2.3716118225360967,3.9260797159027705,0,,0,1
S2_N160,7500673,2.553981705240018,1.9822042976265812,3.290691357349442,4.1317328797714066e-13,-1.178179992744539,0.2553884753907211,8.179138285163257e-06,160,1.3925168561509847e-07,5.2196184180830336e-08,True,0.10060018525729067,0.07390407012979269,True,0.5148257124924456,0.5374387039485373,2.9265628429379835e-05,-0.006249999999999978,2.8567822470451865e-05,-0.00625,4.1317328797714066e-13,1.9822042976265812,3.290691357349442,0,2.9211562912717586,2.7785703653472314e-15,2.2390254554076323,3.811101860154175,0,,0,1
S2_N160,7500674,2.3192788002207076,1.7755612141652517,3.0294951873467633,6.735869335997679e-10,-1.310432283010549,0.2527160282098343,6.557009225973875e-07,160,1.7867353503291172e-08,1.6869674506351326e-08,True,0.03708720678331985,0.10301230425392997,True,0.8462389021242647,0.9262469744031513,0.0012119407094405323,-0.07499999999999996,0.0014715433059127735,-0.075,6.735869335997679e-10,1.7755612141652517,3.0294951873467633,0,2.5299503787875612,1.1389169047455681e-10,1.9079461349047964,3.3547325063486175,0,,0,1
S2_N160,7500675,2.962644493773234,2.2431455468980976,3.912925939479217,1.985880537579513e-14,-1.4220261010026252,0.25246961441877114,8.007176425827092e-08,160,1.528696965665295e-06,2.5789853986407085e-07,True,0.06637290501972279,0.08688411627275701,True,0.9698234745383191,0.7800771305177041,0.008390125412198711,-0.11249999999999993,0.011147559732808772,-0.1125,1.985880537579513e-14,2.2431455468980976,3.912925939479217,0,3.146819995305761,1.2873901456594927e-14,2.351036954579035,4.211961051300973,0,,0,1
S2_N160,7500676,1.8511641903918958,1.4453245479924357,2.3709615010338965,1.0768792638635097e-06,-1.5476477893691034,0.2742950965656245,7.636960642135907e-08,160,1.3722514055927388e-07,7.194918448340424e-07,True,4.76238979918762e-06,2.5968830676688994e-05,True,0.1635922667153754,0.13118719241641336,0.0033904597289308416,0.08750000000000002,0.001739191634427831,0.0875,1.0768792638635097e-06,1.4453245479924357,2.3709615010338965,0,1.87957548895627,1.162643852670998e-06,1.4574002190176203,2.4240452091234994,0,,0,1
S2_N160,7500677,2.459826262307529,1.878877072615501,3.2204050647735327,5.830309568152232e-11,-1.526934853675467,0.25643428746606395,1.649596044688526e-08,160,0.010146806878431903,0.010706207226929946,True,0.00580201671520117,0.00508822391543259,True,0.8636889679998556,0.6606733025707506,0.00150818211496829,0.06874999999999998,0.0022883397878242103,0.06875,5.830309568152232e-11,1.878877072615501,3.2204050647735327,0,2.741869902802493,3.9042655112538016e-11,2.032888282925401,3.69811298881397,0,,0,1
S2_N160,7500678,2.3301993089122126,1.8150297258049055,2.991592226869455,3.221227945864787e-11,-1.3272443751392289,0.23828669542474146,1.0814370284046978e-07,160,6.331526338302158e-05,2.1806275564247145e-06,True,0.00773607082397641,0.022421722527753644,True,0.7238027018127291,0.7304148485832609,5.2320628588388427e-05,0.012499999999999956,0.00010183853146722053,0.0125,3.221227945864787e-11,1.8150297258049055,2.991592226869455,0,2.3457251714291405,1.90784001534437e-10,1.8043568237514171,3.0495224156584726,0,,0,1
S2_N160,7500679,3.0783405811085722,2.3437806604848594,4.043117554924922,6.293789400021221e-16,-0.9458063928935511,0.2546839508539449,0.00028340487013363145,160,1.269483443006576e-06,1.2233520152970103e-07,True,0.0037926491861555523,0.0037825066593176015,True,0.3290385473354026,0.3423819316226083,0.00013031751063047187,-0.025000000000000022,3.9535943721655774e-05,-0.025,6.293789400021221e-16,2.3437806604848594,4.043117554924922,0,3.1987434797590257,4.893689700271471e-15,2.3909441008949552,4.279464269144123,0,,0,1
S2_N160,7500680,2.302993963729543,,,,-1.1053640030192782,0.25083959782168497,1.936510749919244e-05,160,4.17978108543217e-05,1.7557165439459195e-05,True,0.0314340084497383,0.06002287146823466,True,0.8926449351641653,0.730584781563921,6.90152878934276e-05,-0.025000000000000022,1.2497232271173316e-05,-0.025,1.4997818732968278e-09,1.7817141606216504,2.976785678755672,1,2.679763432164922,5.487792752216675e-11,2.0322456474930135,3.5335945047917785,1,0.0,0,1
S2_N160,7500681,3.1112379654061764,2.363528952401134,4.095486821750565,5.800764504148735e-16,-1.3860225723615396,0.2643446361291988,5.026205783782859e-07,160,5.283249747337968e-07,4.847734795847089e-07,True,0.017604191795015038,0.010068977494592773,True,0.11763175111879398,0.07153478791479075,0.000119916597533446,0.03749999999999998,3.0276157677646018e-05,0.0375,5.800764504148735e-16,2.363528952401134,4.095486821750565,0,3.5033602865000835,1.446159945741177e-16,2.6019621783796003,4.7170298626974745,0,,0,1
S2_N160,7500682,2.5946657262018142,1.9771533884051338,3.405041950820505,6.179700897414264e-12,-1.424999999999999,0.24527919581872198,3.377991849828296e-08,160,0.00018696267051963934,0.00040356968627262336,True,2.291365045093787e-06,3.7731069662849746e-07,True,0.7669123129900443,0.8746584984009705,7.109713812440037e-05,0.012500000000000067,4.61046722600147e-05,0.0125,6.179700897414264e-12,1.9771533884051338,3.405041950820505,0,2.897612242006344,6.703994300350595e-13,2.1677457412209717,3.873220251511572,0,,0,1
S2_N160,7500683,2.4499628601086965,1.819916400762418,3.298128426886769,3.4680440852015846e-09,-1.2087778825362596,0.27205975219010514,1.667006007584872e-05,160,0.002148854229750449,0.0004460853998980954,True,6.466646080424502e-06,1.2172856170152908e-06,True,0.5996820078434639,0.6277641275109519,7.459216333341666e-05,0.012499999999999956,3.7222071897871094e-06,0.0125,3.4680440852015846e-09,1.819916400762418,3.298128426886769,0,2.5181840845291927,1.434318598428914e-08,1.829885545813598,3.4653812628246654,0,,0,1
S2_N160,7500684,2.27639244955476,1.744775963243454,2.9699873757756854,1.345459709719592e-09,-1.7071826918027637,0.26556331620752927,1.4718462606795584e-09,160,0.0002897881287622446,7.723705727932453e-05,True,0.012943160613033477,0.003912717021897748,True,0.9676832369723335,0.7696454960972063,0.01067357495422203,0.10624999999999996,0.00610232517696761,0.10625,1.345459709719592e-09,1.744775963243454,2.9699873757756854,0,2.390567341287898,3.552862681874676e-09,1.789963956673453,3.192696809299415,0,,0,1
S2_N160,7500685,3.02339360121086,2.3559196647098664,3.8799747736595624,3.529069388423385e-18,-1.7711252653927785,0.25982283231004416,1.8903509616949723e-10,160,3.4007041772604653e-06,1.9636066639922643e-07,True,0.022641728339075875,0.05525307238376721,True,0.7768425037184064,0.9972670727785858,0.004283888732406852,-0.09375,0.0013373589169282584,-0.09375,3.529069388423385e-18,2.3559196647098664,3.8799747736595624,0,3.5218346483847562,9.532658358508898e-19,2.664085498734174,4.6557512123603955,0,,0,1
S2_N160,7500686,3.3600813289569755,2.577704666346719,4.379922449846188,3.2006576556139204e-19,-1.3750000000000009,0.28022071308534235,2.2959595394757263e-06,160,3.5162795064109473e-07,8.93722615145632e-09,True,0.0004998902639118098,0.0005669553592115753,True,0.5658060255432877,0.6782965273172199,0.00035369664530217267,0.050000000000000044,0.00034949714336143724,0.05,3.2006576556139204e-19,2.577704666346719,4.379922449846188,0,3.4463404057888596,5.481642542560059e-18,2.603156313423085,4.562638874710763,0,,0,1
S2_N160,7500687,3.4036604606719902,2.609049833810757,4.44027721564101,1.7225920343527658e-19,-1.8625000000000003,0.2675616418135381,8.675329161575093e-11,160,0.000221196891184372,6.848454524912671e-05,True,0.0021801126066479607,0.0005495341003334068,True,0.9702133724715057,0.7851601969364017,0.00038469993247521056,-0.043749999999999956,0.0003057396559861135,-0.04375,1.7225920343527658e-19,2.609049833810757,4.44027721564101,0,3.3763440054680744,4.8871869174445e-18,2.5632502586755113,4.447360847688231,0,,0,1
S2_N160,7500688,3.1139365749583408,2.416989570903296,4.011850572131096,1.5370686786317001e-18,-1.2805639913232099,0.25336147837342343,1.189352180546141e-06,160,7.760967395194943e-07,1.24236691616384e-07,True,0.00032042136502600165,6.790755542109264e-05,True,0.3866033052286669,0.4717401653841019,4.33513583028686e-05,-0.012500000000000067,6.45324362539309e-05,-0.0125,1.5370686786317001e-18,2.416989570903296,4.011850572131096,0,3.172559079846712,5.151692084324346e-17,2.4220411677964333,4.155639982071422,0,,0,1
S2_N160,7500689,2.924338271260872,2.321869424877199,3.683133182742745,7.746915186711016e-20,-1.2029043420335892,0.26063068483157703,8.10757130301675e-06,160,0.00013463213363204668,0.0001308494137621478,True,4.023294584474921e-05,1.8301002770574067e-05,True,0.24442141066994083,0.1943103011631112,8.412801412290069e-05,0.03749999999999998,0.00020089952954912605,0.0375,7.746915186711016e-20,2.321869424877199,3.683133182742745,0,3.0884828994512628,1.429777407152461e-18,2.402183971261889,3.970855993678161,0,,0,1
S2_N160,7500690,2.201051913510342,1.6638443060424792,2.911708450348149,3.270500723740893e-08,-1.6625,0.2573126389817009,1.2426217473111009e-09,160,5.0279151554093125e-05,0.000257918559404058,True,0.05188451260237778,0.04114329820562406,True,0.14694962210205456,0.29162684737582,0.006469779001751026,-0.09999999999999998,0.009388717620010693,-0.1,3.270500723740893e-08,1.6638443060424792,2.911708450348149,0,2.3679764175268314,2.8716787980242578e-09,1.781648947852629,3.1472599137566024,0,,0,1
S2_N160,7500691,2.7446646243469077,2.1036588918240917,3.5809911623121065,1.0068984968692321e-13,-1.3137244950121978,0.2547570509094199,7.473587525099523e-07,160,1.8913222626483044e-05,4.064436231475282e-06,True,0.0024732276652196265,0.0015174146091873305,True,0.404795189154628,0.5497884996864482,9.134070921721962e-05,0.03125,0.00011058795365749597,0.03125,1.0068984968692321e-13,2.1036588918240917,3.5809911623121065,0,2.9182234905879936,1.0875761897985682e-12,2.1730196016511347,3.91898367347851,0,,0,1
S2_N160,7500692,3.1352662483539744,2.394055536885598,4.10595923804475,1.0104260261387376e-16,-1.3817143189838919,0.26231684426056245,4.4965212119353784e-07,160,0.0005854207014995402,0.00031793487370985915,True,4.036298836705282e-06,5.169117171060244e-07,True,0.6913200639574155,0.818404382863978,0.005244388091097666,0.10000000000000009,0.0020136879364177672,0.1,1.0104260261387376e-16,2.394055536885598,4.10595923804475,0,3.471119483049113,2.2233605876975954e-19,2.647226683458961,4.55143133033848,0,,0,1
S2_N160,7500693,2.50871211980614,1.9409716046337362,3.2425185845260387,2.1266840611286354e-12,-1.4390773284819414,0.27226729730899113,4.1333930178150693e-07,160,1.3963970004545435e-09,4.1918395784779765e-10,True,0.0007062953067792282,0.0001610993388169402,True,0.0770111433130638,0.1232146242306163,0.002903876393502236,0.08125000000000004,0.0023323174977836494,0.08125,2.1266840611286354e-12,1.9409716046337362,3.2425185845260387,0,2.6255925208101725,4.3864983337938485e-13,2.0220178629577483,3.4093349082734417,0,,0,1
S2_N160,7500694,2.9913587403154644,2.30696651682299,3.8787849966650847,1.3795925713534369e-16,-0.9213737511353336,0.2676318320174517,0.0007384213949338378,160,2.358502118532917e-06,1.8246725523743627e-07,True,0.04670772552503688,0.04793406105733286,True,0.5776214912830998,0.5438757043690445,0.003921180774418021,0.09375,0.004527700610248822,0.09375,1.3795925713534369e-16,2.30696651682299,3.8787849966650847,0,3.23020677217056,6.583402343009578e-16,2.4303898532686166,4.293235415274469,0,,0,1
S2_N160,7500695,3.090844860125241,2.3465244568882913,4.071264597868804,9.930117659728481e-16,-1.2447702026625949,0.23078834260265435,2.496845779672596e-07,160,5.609871918511377e-05,3.816820787945963e-06,True,0.0005569172339541221,0.00030512764915605474,True,0.9617548115901551,0.9657918963797542,0.0014842442050728545,0.07500000000000007,0.0011652983347046316,0.075,9.930117659728481e-16,2.3465244568882913,4.071264597868804,0,3.111928250217544,3.403640336121796e-15,2.345980581176757,4.127952938828003,0,,0,1
S2_N160,7500696,2.4828967391097674,1.9200661733045756,3.2107102884229666,4.097293010451141e-12,-1.5249447386728314,0.2684547090531904,6.348699802722016e-08,160,0.0003962191210819012,0.0004431434350936123,True,0.0002837199988083361,0.0004791738760250088,True,0.7087896736809965,0.5073271974439673,1.8557291488840323e-05,0.0,3.410549963303946e-06,0.0,4.097293010451141e-12,1.9200661733045756,3.2107102884229666,0,2.6580905541364226,1.240649286751518e-11,2.003326166671873,3.5268572394914126,0,,0,1
S2_N160,7500697,2.9027607050639443,,,,-1.2896475241046188,0.27502486750100363,5.9187801143782346e-06,160,6.950707457643921e-06,1.0646089854547311e-06,True,0.00017263576367664498,0.0006341720215189288,True,0.9234771622146514,0.9794898664756647,0.00015843490429733902,-0.03749999999999998,0.0001473498974151418,-0.0375,1.8222798395916446e-12,2.2045073286278636,3.8221781354239703,1,2.9506621952822543,9.765009035223304e-12,2.206308254296397,3.946142781142978,1,0.0,0,1
S2_N160,7500698,3.3985694795106767,2.5580706572477863,4.515228879365024,3.181396420181364e-17,-1.3474034724833879,0.2491627208611598,2.336008160033588e-07,160,1.4259395411740699e-05,2.48604580943946e-06,True,0.0005623032502340706,0.0006220629802625742,True,0.18357030576574396,0.12062892065684283,0.0032573037569558405,0.08124999999999993,0.0021078294196225605,0.08125,3.181396420181364e-17,2.5580706572477863,4.515228879365024,0,3.8661101921494523,5.191927883184405e-21,2.916698728992355,5.124563558542645,0,,0,1
S2_N160,7500699,2.705292866724249,2.0962967312497813,3.491208751914552,2.038392170722467e-14,-1.4374153512519943,0.3098584272518476,7.3351434158019826e-06,160,4.978947159639841e-06,6.349877321808152e-07,True,0.00015776194986018136,0.0005027627905909524,True,0.7912401683390742,0.8129991817328177,0.0001396183927785772,0.03125,0.00017607229887895142,0.03125,2.038392170722467e-14,2.0962967312497813,3.491208751914552,0,2.910121071731711,4.565333454120464e-16,2.2488970565289494,3.765759142932075,0,,0,1
S2_N160,7500700,2.529790409123735,1.9397505718949173,3.299310543748166,7.402290750068818e-12,-1.811629204332603,0.24748389792005962,1.207428257640286e-11,160,9.165641487097965e-06,6.505846705364776e-06,True,0.01342725708031522,0.012713861192195298,True,0.7136980510634909,0.6094238260377346,2.472490917762588e-05,-0.006249999999999978,5.674694570508137e-05,-0.00625,7.402290750068818e-12,1.9397505718949173,3.299310543748166,0,2.7308076860669446,4.2260645852389286e-11,2.0260411082397054,3.6807301628551206,0,,0,1
S2_N160,7500701,2.4306048950741816,1.836948074651896,3.21611712246037,5.096685657311866e-10,-1.2272032997504383,0.26907908531866653,1.020919815787969e-05,160,3.6582945875378963e-07,2.8164560606800126e-08,True,0.024292124301160498,0.012760728530664527,True,0.1741756986536941,0.4070666593437743,2.8726950744210904e-05,0.0,4.250029609751505e-05,0.0,5.096685657311866e-10,1.836948074651896,3.21611712246037,0,2.8541634777549985,3.2848300889706853e-13,2.1522305209382497,3.78502631502466,0,,0,1
S2_N160,7500702,2.8897059050713763,2.1081425385011223,3.961022589934299,4.2427185856785846e-11,-1.5923321027947483,0.2753884201566552,3.867483406578477e-08,160,7.155366967386971e-07,6.630703875304256e-07,True,0.00031022836521027235,0.0005132743862689852,True,0.25465828862856654,0.33721979844545247,6.558406903574873e-05,0.012500000000000067,3.7222071897871094e-06,0.0125,4.2427185856785846e-11,2.1081425385011223,3.961022589934299,0,2.9949180872054204,1.692259943901314e-10,2.1389304849268784,4.1934669743962285,0,,0,1
S2_N160,7500703,2.160915963259556,1.676963705109783,2.7845312251193173,2.579424233799176e-09,-1.178562136634628,0.25937891978145894,1.096299159149374e-05,160,3.721564447350134e-08,1.1555486858332447e-07,True,0.00035936709832355706,0.0008410670434208466,True,0.2879485348212678,0.3540770175037603,8.068386837957498e-05,-0.03125,5.351497382452205e-05,-0.03125,2.579424233799176e-09,1.676963705109783,2.7845312251193173,0,2.424083443472626,1.3307082325551552e-10,1.8501846504020973,3.1759968063949966,0,,0,1
S2_N160,7500704,2.467647775489329,1.9151595596038828,3.179518653337112,2.8550908692338457e-12,-1.4216543611262376,0.23989073651132997,1.89856229600861e-08,160,1.6948278223612773e-05,1.671031285485675e-05,True,0.00038554010685621336,4.362357426515944e-05,True,0.8534162328467312,0.7878788171519103,8.812854490880455e-05,0.025000000000000022,4.81840859959809e-05,0.025,2.8550908692338457e-12,1.9151595596038828,3.179518653337112,0,2.6009146053631924,5.669706471398521e-10,1.954323848647044,3.4614308110064433,1,0.0,0,1
S2_N160,7500705,3.077934120353117,2.3789708646611696,3.982259131443052,1.185911119661295e-17,-1.608498409666927,0.2632689388053421,7.563289274796003e-09,160,0.0037934183304565603,0.0006680010349637476,True,4.2595254610514185e-05,7.820628540360395e-06,True,0.2808933100165054,0.5065201556371881,0.00020702427419726303,-0.03125,9.33846506941825e-05,-0.03125,1.185911119661295e-17,2.3789708646611696,3.982259131443052,0,3.271677096356704,2.7152620419316196e-18,2.5067080199545604,4.270090867231941,0,,0,1
S2_N160,7500706,2.6219192341116067,,,,-1.5621444693538291,0.27105962456926275,4.2451002186327715e-08,160,3.742112020302794e-07,2.348806441424413e-08,True,0.06218931432067355,0.0902231834606335,True,0.8798456719343188,0.9972677762794933,0.00035463122431060557,0.043749999999999956,0.0003502707100969371,0.04375,3.499156611140865e-07,1.8330106269045674,3.7503658567508684,1,2.962718878160793,1.346281016171139e-07,2.008859830216877,4.369495083219771,1,0.0,0,1
S2_N160,7500707,2.3380381780806903,1.8243767018433146,2.996323356157589,1.943765409485473e-11,-1.2309329609315431,0.2660740726647486,7.740620629106037e-06,160,8.011977814063323e-07,4.428925539291039e-07,True,0.003951273558928986,0.0020761963496686445,True,0.004474448471751196,0.006182638229121352,3.47637997310893e-05,-0.018749999999999933,9.063063478530523e-06,-0.01875,1.943765409485473e-11,1.8243767018433146,2.996323356157589,0,2.4597078440102726,2.9506082945149024e-11,1.8865173343865658,3.2070538487010407,0,,0,1
S2_N160,7500708,2.2618695192893554,1.7388970453950177,2.94212572034595,1.1728924581454099e-09,-1.6693377851975502,0.25692985153705256,1.0281735031420014e-09,160,5.805550506248983e-05,2.800648744538219e-05,True,0.0008844071677042368,0.0010292263815606876,True,0.9427260763294939,0.9086312236545118,0.0037229645597322454,-0.09999999999999998,0.000767632657108051,-0.1,1.1728924581454099e-09,1.7388970453950177,2.94212572034595,0,2.35722639642009,1.1800767192011526e-09,1.7881784604009772,3.10736115383789,0,,0,1
S2_N160,7500709,2.9432690026545028,2.2687410375677177,3.818343424190061,4.345303466109989e-16,-1.257941943531014,0.25704784554469273,2.4319798508944106e-06,160,1.1378570961821266e-05,8.22416953546861e-06,True,0.0010078119139272361,0.0017964567356586938,True,0.45100683579007006,0.4166501049254644,3.8072785526023904e-05,-0.018750000000000044,4.318539811931063e-05,-0.01875,4.345303466109989e-16,2.2687410375677177,3.818343424190061,0,3.1726720975563594,2.217786856307675e-15,2.3849028412838758,4.220653380241635,0,,0,1
S2_N160,7500710,2.9781914045280864,2.271204106870348,3.9052518508462257,2.9597300542648977e-15,-1.1830149098353235,0.25520290522757133,7.440582724263326e-06,160,0.0023875872080462773,0.0005298879943386031,True,0.0008128622088317864,0.000969786860708852,True,0.9770860753088868,0.9521911337887364,0.000119916597533446,0.03749999999999998,0.00010495487428606962,0.0375,2.9597300542648977e-15,2.271204106870348,3.9052518508462257,0,3.198018774124895,3.914295393654614e-16,2.417310999149856,4.230868135400097,0,,0,1
S2_N160,7500711,2.4320624899859427,1.8970994397080045,3.117879764967424,2.347870898969354e-12,-1.085285481239801,0.28129257398995944,0.00016640394457542244,160,0.0012031697545281084,0.0025296887309079526,True,1.3276902202447255e-06,5.064161898751971e-07,True,0.9451113563690411,0.9494724029549862,0.0006214015126545847,-0.05625000000000002,0.0006775156566796819,-0.05625,2.347870898969354e-12,1.8970994397080045,3.117879764967424,0,2.668351817199684,2.3850550599109484e-12,2.0279890149778335,3.5109171537749573,0,,0,1
S2_N160,7500712,3.3133215513917977,2.5203813572271003,4.35572960871102,9.202233118272032e-18,-1.4042029325004353,0.24533015990099474,5.144634306219395e-08,160,1.7489725953975398e-05,1.1414732020609017e-05,True,0.0002478654327404073,5.219694399548515e-05,True,0.30023353215347537,0.4385688925490947,2.2344260432135643e-05,0.0,1.4221064431018045e-05,0.0,9.202233118272032e-18,2.5203813572271003,4.35572960871102,0,3.921411813508516,7.658317127304081e-21,2.9460047097982422,5.219771224390636,0,,0,1
S2_N160,7500713,2.762935609834209,2.107302800603151,3.6225516247142964,1.9336606978500208e-13,-1.2083478926225846,0.2615863717344074,7.973007075074914e-06,160,2.5169950275197086e-05,3.8398868914839597e-05,True,0.05733465079559107,0.05090695035848131,True,0.4179286779200515,0.524137806402958,5.872046650316233e-05,-0.006249999999999978,2.8567822470451865e-05,-0.00625,1.9336606978500208e-13,2.107302800603151,3.6225516247142964,0,3.0529618831344956,3.4240060896283335e-14,2.287738731419295,4.074143665037185,0,,0,1
S2_N160,7500714,2.459756100720026,1.9171024990219478,3.156012825665885,1.4660007223665451e-12,-1.358584448144348,0.2697392251153618,1.287574405190412e-06,160,2.0015354883630363e-05,9.391296425459144e-06,True,0.001822763827338637,0.00177596582189505,True,0.04125939701400776,0.02625412959582189,0.00028020019438731796,-0.05625000000000002,0.00014529884248804016,-0.05625,1.4660007223665451e-12,1.9171024990219478,3.156012825665885,0,2.683136032674945,4.941854073058898e-12,2.0277439646084656,3.5503589681396153,0,,0,1
S2_N160,7500715,3.008791690454156,2.3051633975983243,3.927195549772233,5.28935141847519e-16,-1.284194919995523,0.24325901949649792,4.25793955962704e-07,160,0.00021854996320656405,0.00023156896434761443,True,0.009301877652072715,0.01129251189054945,True,0.3552441638392172,0.4418639883719726,2.374639805978218e-05,0.012499999999999956,4.979001604345445e-06,0.0125,5.28935141847519e-16,2.3051633975983243,3.927195549772233,0,3.2683461734117523,5.88463273138896e-12,2.3868394928528214,4.4754105758857285,1,0.0,0,1
S2_N160,7500716,3.7685085108410643,,,,-1.4083402395841174,0.23767235580673446,1.9052239326273125e-08,160,3.6173808048429336e-08,6.814239643680581e-10,True,0.030698080589836405,0.021161404991202188,True,0.7806649900125164,0.8131215788251329,9.85808564315682e-05,-0.03749999999999998,0.00010495487428606962,-0.0375,1.345766806039846e-19,2.927831845908395,4.850571051793209,1,4.08489684509524,1.1753006997327403e-18,3.0964212945163365,5.388925035692041,1,0.0,0,1
S2_N160,7500717,2.158298919984213,1.6443637832638063,2.8328611195505116,2.9529018983596494e-08,-1.3572103164168627,0.2560461290115257,3.8533863196439385e-07,160,6.091141856127217e-08,1.861902289898389e-09,True,7.046604477773711e-05,1.1275345275081903e-05,True,0.6230546037134316,0.5071574908934104,8.499689704816535e-05,-0.018750000000000044,3.563759664566398e-05,-0.01875,2.9529018983596494e-08,1.6443637832638063,2.8328611195505116,0,2.2724512002912696,1.4398727154162102e-08,1.7109339065034945,3.018254789431684,0,,0,1
S2_N160,7500718,2.8442245373299126,2.189086855573437,3.69542816364427,5.061180898320832e-15,-1.2326503973484524,0.2616737986757287,5.398697848037385e-06,160,2.7265786800155333e-05,1.870345132361612e-05,True,6.366164967011485e-05,1.741712717433014e-05,True,0.8628572744243872,0.861225286117738,2.867188597552841e-05,0.006249999999999978,1.0073323347411614e-05,0.00625,5.061180898320832e-15,2.189086855573437,3.69542816364427,0,3.1276424036665342,1.628046407910033e-17,2.405828980345251,4.066019274491065,0,,0,1
S2_N160,7500719,3.236306482333041,2.477852365372593,4.22691835637913,6.704903375257526e-18,-1.2890131177729667,0.2768900177927716,6.840881046331673e-06,160,4.847586192316557e-06,3.5178924483793335e-06,True,0.0006557967039671049,0.0011718477871968244,True,0.9354041844038313,0.8910033614189037,0.004829849618196104,0.09999999999999998,0.004817435788853107,0.1,6.704903375257526e-18,2.477852365372593,4.22691835637913,0,3.4887634921908868,2.6927105154633292e-17,2.611778172282039,4.660223763876983,0,,0,1
S2_N160,7500720,2.7092024262172423,2.091604193133514,3.5091619199832387,4.34636262441893e-14,-1.5459979067417344,0.25767831103444777,1.315862168785504e-08,160,8.9238417889071e-06,1.8190189001694183e-06,True,0.001775999163069285,0.0019696603560936097,True,0.7784705808166568,0.8828515149607621,0.000814934633021676,-0.0625,0.0007795898659828484,-0.0625,4.34636262441893e-14,2.091604193133514,3.5091619199832387,0,2.820462259097728,5.287870741654025e-13,2.128314347418775,3.737703203778385,0,,0,1
S2_N160,7500721,2.751981129576479,2.0365823541792194,3.718681015773239,4.377975744461752e-11,-1.0345447719621164,0.2448339089819008,4.0299765548641774e-05,160,0.00027654444997013373,0.00026860361234780995,True,0.00018942330888618042,0.00015740048346369497,True,0.3586001010803582,0.35147851411610864,1.575235782383336e-05,0.006249999999999978,5.67469457050815e-05,0.00625,4.377975744461752e-11,2.0365823541792194,3.718681015773239,0,2.769369411026215,1.815035402582393e-11,2.0575903080960725,3.7273731823826166,0,,0,1
S2_N160,7500722,2.8092670263076926,2.15546903414255,3.6613753666097613,2.1380619507252672e-14,-1.2897540289337859,0.24509047720774643,4.601493947690397e-07,160,2.4954304908546403e-06,3.6166872235498616e-06,True,0.027757537353405633,0.014787958768807981,True,0.4887689286978141,0.3894092380200205,0.00018459648129623136,-0.03750000000000009,0.00020089952954912605,-0.0375,2.1380619507252672e-14,2.15546903414255,3.6613753666097613,0,3.1940610478950915,6.504093813056852e-17,2.4324365211910415,4.194159185163556,0,,0,1
S2_N160,7500723,2.775715655653428,2.102061137977033,3.665258475048083,6.11500561468921e-13,-1.312628655086065,0.28739360289698096,9.929625243779278e-06,160,1.4469167512363963e-06,1.487417349268098e-06,True,0.003435886013854771,0.0037233081036553884,True,0.6856564914979631,0.7227062308813277,6.846957848840613e-05,0.018749999999999933,0.00028597715175882277,0.01875,6.11500561468921e-13,2.102061137977033,3.665258475048083,0,3.1145717392556818,3.0185390424363375e-14,2.323348439109556,4.175248514462164,0,,0,1
S2_N160,7500724,2.143805794263595,1.6581720114912164,2.771668591478037,5.93024486266906e-09,-1.431998004249019,0.2671478496744749,2.917731785931115e-07,160,7.011330859998525e-07,1.9373567336455935e-08,True,0.00024243432978722994,0.0004017835575134659,True,0.16085722093051424,0.19817097859344746,0.0007467775127245782,-0.07499999999999996,0.00019089582891030236,-0.075,5.93024486266906e-09,1.6581720114912164,2.771668591478037,0,2.2466345334417808,3.175353479257969e-08,1.6864533808282864,2.9928883799765624,0,,0,1
S2_N160,7500725,2.1907103850161445,1.6745237300231737,2.8660161125045187,1.062743506095609e-08,-1.4500000000000002,0.2577566889440595,8.282220336233152e-08,160,6.806559835265183e-07,9.735687528019126e-08,True,0.000542076050068619,0.00029103487125660155,True,0.23011930882579668,0.2526985354318295,0.0005770473462960084,0.05624999999999991,0.0005258834314675828,0.05625,1.062743506095609e-08,1.6745237300231737,2.8660161125045187,0,2.424450417475162,2.2694000717653463e-09,1.813414204204858,3.241377404657997,0,,0,1
S2_N160,7500726,2.9934174549839767,2.3091260497073325,3.8804932545533593,1.236159457525959e-16,-1.7281963567074117,0.2582375043401878,3.674116841059606e-10,160,3.393625759457795e-08,2.2735536972799473e-08,True,0.0005156068988517443,0.0001961440638271107,True,0.8193953065382441,0.9262897781415952,7.154580060483783e-05,-0.03125,7.82400882741019e-05,-0.03125,1.236159457525959e-16,2.3091260497073325,3.8804932545533593,0,3.1611657245837375,4.294937616401061e-17,2.417027333101681,4.1344045230383974,0,,0,1
S2_N160,7500727,2.9388882050585585,2.2444964982220443,3.848107532657805,4.55503474999689e-15,-1.1221775784911356,0.26868073385347685,4.8927616222813724e-05,160,1.9833053965462735e-05,1.4961124925894089e-06,True,0.0013238809756046007,0.0003083255538871213,True,0.9135942784465044,0.9590036037735795,0.0008091981415678869,0.0625,0.0007795898659828484,0.0625,4.55503474999689e-15,2.2444964982220443,3.848107532657805,0,3.0326659871141888,2.8138549377087084e-14,2.278635013534483,4.036215951554849,0,,0,1
S2_N160,7500728,2.6196286575515604,2.0153244957093293,3.4051361545377468,6.141600250706268e-13,-1.4908857348024807,0.27692594745182547,2.615095051520414e-07,160,7.858597836821557e-08,1.6528608056943798e-07,True,0.02492052859501915,0.04673015380689816,True,0.28709184303658053,0.6049204296789126,0.00022502020482991367,-0.050000000000000044,0.00040145431188616455,-0.05,6.141600250706268e-13,2.0153244957093293,3.4051361545377468,0,2.6998042172409793,1.2334750889142919e-11,2.0256917860912105,3.598248687919584,0,,0,1
S2_N160,7500729,2.830905275849047,,,,-1.1077103389987206,0.259505080137272,3.3924494476209736e-05,160,0.00010271009972221441,2.924941899925048e-05,True,0.0007680992089826082,0.0014713149779601285,True,0.9936649997137089,0.9740235510782981,0.022364710931700376,0.125,0.016058995048093355,0.125,2.6753420094469806e-09,2.0438020122123737,3.9211355272886497,1,2.981233827765057,1.9646455728674637e-08,2.0701748171685574,4.293238939099237,1,0.0,0,1
S2_N160,7500730,2.111828085261214,1.6423534235630686,2.715504347427558,5.6254435518826075e-09,-1.0043999458801247,0.2562502394852933,0.00013213562636509084,160,8.760649646057018e-07,1.960228097636389e-06,True,0.013911231433999477,0.007410694971963013,True,0.7872469131602793,0.8171237747833263,0.002147550640215018,-0.07499999999999996,0.0004971462190414296,-0.075,5.6254435518826075e-09,1.6423534235630686,2.715504347427558,0,2.3714497865585824,4.8228187093920406e-08,1.7612874365994153,3.1929905211989595,1,0.0,0,1
S2_N160,7500731,2.9936835743788524,2.3323390788562426,3.842555066178753,7.36502206724627e-18,-1.4083555890147759,0.26996735428672175,5.677992470492862e-07,160,3.179594485869395e-08,4.587720586224999e-10,True,6.648597896514381e-05,4.8617107024726394e-05,True,0.5648248295255691,0.734646228892649,0.0013621612768044509,0.07499999999999996,0.0009020090674385579,0.075,7.36502206724627e-18,2.3323390788562426,3.842555066178753,0,3.0634176999715503,9.046291338334809e-17,2.3530091132319044,3.988309246966388,0,,0,1
S2_N160,7500732,3.0300280588129227,2.1751333036318377,4.220922930040151,5.5757943979425516e-11,-1.4330047359543292,0.28699209974482626,1.564505204958366e-06,160,6.65096244393631e-06,2.9054326107113745e-05,True,0.01909217385993466,0.020204371335997458,True,0.168722037834658,0.2197276505921123,0.0010299044630507036,0.05624999999999991,0.002519014195133139,0.05625,5.5757943979425516e-11,2.1751333036318377,4.220922930040151,0,3.190936046440607,3.015277731049472e-12,2.303343484438985,4.4205620747675916,0,,0,1
S2_N160,7500733,2.15350396145689,,,,-1.3358728211050588,0.2771159194772601,3.3526224363914994e-06,160,4.447795781091425e-08,7.227660334065162e-09,True,0.002600447927160041,0.0015988062025470533,True,0.2514367386864478,0.3411949461406564,5.241092540872606e-06,-0.006249999999999978,1.4100075297064472e-06,-0.00625,3.2567208982803176e-07,1.6210214853045288,2.86089934899246,1,2.2802628729946033,2.1052178725191216e-07,1.689270165215825,3.0780149185274284,1,0.0,0,1
S2_N160,7500734,2.842624085859532,2.2189429257292512,3.64160411690314,1.3774426522168906e-16,-1.1750000000000034,0.26847581399051074,2.1905262242326254e-05,160,0.0007835771802107901,0.0008272818014203456,True,4.236746952867659e-06,3.5263391716075788e-06,True,0.7300734802189432,0.6961029813537406,0.0002401090865014502,0.03750000000000009,0.00023229345634865326,0.0375,1.3774426522168906e-16,2.2189429257292512,3.64160411690314,0,3.0065976529009166,5.416702684553013e-16,2.3036698256200845,3.924012610616229,0,,0,1
S2_N160,7500735,2.5886237580191205,1.9744873039972333,3.3937787024587642,5.8398829460499505e-12,-0.9992431964534185,0.23869361382434529,4.7089443238567034e-05,160,1.0939123104874202e-07,2.7500188072671667e-09,True,0.011878590340485334,0.006727955446602597,True,0.5497457010318862,0.49933465286083234,0.00042308938480023717,0.043749999999999956,0.0002652896437584898,0.04375,5.8398829460499505e-12,1.9744873039972333,3.3937787024587642,0,2.683050464851779,1.3258670785062559e-11,2.015860218142987,3.5710609952771684,0,,0,1
S2_N160,7500736,3.0553027860591184,2.4043785846196974,3.882448119532356,6.437335234598034e-20,-1.895528979500749,0.2481669730442282,2.030040164380823e-12,160,0.0008526248161154873,0.0001819686065382941,True,0.0001448900029492938,0.0005839910643402006,True,0.29153247944180716,0.26787042664516914,0.0005417918789611594,0.0625,0.0004539422184446615,0.0625,6.437335234598034e-20,2.4043785846196974,3.882448119532356,0,3.2102246416943303,1.36643039182587e-19,2.493989301398983,4.132151747547867,0,,0,1
S2_N160,7500737,3.134896917176541,2.4106157997533875,4.076791781721654,1.5376637408151228e-17,-1.8166386348945343,0.23650365099709594,1.5900397262380258e-12,160,2.367577567122733e-06,2.5937886147302283e-07,True,0.05740194461948997,0.1678163947170509,True,0.24351814862309762,0.41473252946874917,0.0004495818578950151,0.05624999999999991,0.0006775156566796819,0.05625,1.5376637408151228e-17,2.4106157997533875,4.076791781721654,0,3.4758092019226403,6.036160804939353e-19,2.6411224633881107,4.574286037714403,0,,0,1
S2_N160,7500738,3.0241993072039395,2.198993610047541,4.1590759554299295,9.974212365435039e-12,-1.1967973710790467,0.27650270789709036,2.66543586408931e-05,160,1.2335619804603337e-06,1.5546257656130684e-05,True,2.1601866659169175e-05,3.378888989737089e-06,True,0.8714387693371042,0.8451786559621639,1.156110529370595e-05,0.0,2.573618081372602e-06,0.0,9.974212365435039e-12,2.198993610047541,4.1590759554299295,0,3.166766388377375,9.470193385776444e-12,2.273144135742345,4.411690926621196,0,,0,1
S2_N160,7500739,2.876155033102632,2.165571078987269,3.8199012974952242,2.947094585292766e-13,-1.0652157387203485,0.26143889486296285,7.302067983088931e-05,160,1.3256808153966566e-05,2.5921966709288334e-06,True,2.560312100531086e-06,2.625842724035808e-07,True,0.13797337764986678,0.17619000143588315,5.806910707649761e-05,0.03749999999999998,2.3610407165305767e-05,0.0375,2.947094585292766e-13,2.165571078987269,3.8199012974952242,0,3.0514871013251255,2.2152141624955124e-14,2.291785524438708,4.063021356169076,0,,0,1
S2_N160,7500740,2.9841973455891138,2.242740087123356,3.9707828154280866,6.272651541129676e-14,-1.1965547036466515,0.2892721941821428,5.732055885131332e-05,160,3.1759651622936076e-05,1.9260859789804195e-05,True,0.034582518905967696,0.01298437669626105,True,0.17437611663032881,0.2683876648487522,0.0040726053308172755,-0.09375,0.006189749784793083,-0.09375,6.272651541129676e-14,2.242740087123356,3.9707828154280866,0,3.216489676528366,1.5157233926178904e-15,2.413772929276022,4.286155385095248,0,,0,1
S2_N160,7500741,2.4736985281141526,1.8976477812597123,3.224615478396121,2.138554788574824e-11,-1.1587541224708071,0.2637679189375381,2.0473555187291246e-05,160,1.0648664065469316e-07,1.3320879878182921e-08,True,0.011443451612910447,0.014634614343199154,True,0.6081453258831193,0.8064498464542112,0.0004314641133233169,0.050000000000000044,0.00013098994071738894,0.05,2.138554788574824e-11,1.8976477812597123,3.224615478396121,0,2.5523743794683824,1.9575934530163007e-10,1.9126143263902278,3.4061310129690225,0,,0,1
S2_N160,7500742,2.5572617022545487,2.0253129650115764,3.2289268507104296,2.9976867416875575e-15,-1.4151497310655634,0.2711073719115249,5.597008574745041e-07,160,2.73163888214378e-06,1.1790362620407933e-07,True,0.01367843997765479,0.007464826079657201,True,0.32233323539745196,0.25315554358348935,8.834258397246678e-05,0.043749999999999956,5.214809841867038e-05,0.04375,2.9976867416875575e-15,2.0253129650115764,3.2289268507104296,0,2.724465858663231,1.4060755773968117e-14,2.1106882683349633,3.516726902015264,0,,0,1
S2_N160,7500743,2.294573663483749,1.7737191086138226,2.968377727670719,2.573807376821452e-10,-1.3126373932935314,0.22934538728686643,5.152623079865226e-08,160,1.0730198913907754e-05,7.954387892273908e-06,True,0.01600714328061049,0.003926050579932715,True,0.8219372225118038,0.8652260469966883,0.0008470420821012449,-0.07500000000000007,0.0003505086806586804,-0.075,2.573807376821452e-10,1.7737191086138226,2.968377727670719,0,2.5152894068547833,3.212080948276784e-11,1.9154993905364366,3.3028884433443224,0,,0,1
S2_N160,7500744,2.477630365372642,1.8526254414051126,3.3134880317527906,9.519757311798994e-10,-1.2885176575328932,0.2848902394579053,1.1966831995525113e-05,160,1.55589375099332e-08,3.3551526513186194e-10,True,0.29707994341704314,0.3156569899486854,True,0.7873351540083506,0.9263126161138082,0.00025402793144441686,0.043749999999999956,0.0006400201940857908,0.04375,9.519757311798994e-10,1.8526254414051126,3.3134880317527906,0,2.605145193850413,3.282173165795891e-10,1.9326449137809072,3.511654641081824,0,,0,1
S2_N160,7500745,2.1219407997321085,,,,-1.6,0.2607882050460052,6.64556919338769e-09,160,5.573048069468434e-05,1.286602640364378e-05,True,0.015339086891026395,0.014777576942519235,True,0.8703270834562039,0.9099894898024299,0.00011725038309169177,-0.02499999999999991,0.00011440189229368512,-0.025,5.17700761860236e-06,1.5487019668856385,2.907359100616568,1,2.1842442176922496,4.321574812944501e-05,1.5135352010228966,3.152171683418848,1,0.0,0,1
S2_N160,7500746,2.179125103222568,1.7007210935893011,2.7921016758092136,7.316167534524844e-10,-1.1625000000000014,0.2622923115997056,1.744257443393981e-05,160,7.213849692647347e-05,4.927634701983008e-05,True,0.00037405070909390497,6.647554463812147e-05,True,0.07660498286024357,0.12141886336883437,1.5591580111166207e-05,0.0,2.5428961104315096e-05,0.0,7.316167534524844e-10,1.7007210935893011,2.7921016758092136,0,2.4277130778745337,3.5705362572774943e-11,1.867103342656333,3.156649476133404,0,,0,1
S2_N160,7500747,3.067944651519718,2.3907343945969113,3.936984554227488,1.2578684864083288e-18,-1.4040591213162177,0.2589908323655039,2.1917138550348408e-07,160,0.0002319028380807231,6.302577086427691e-05,True,6.104909441838925e-05,0.00012028211259416496,True,0.07795321427451173,0.19639599319149814,0.00039748702554292365,0.043749999999999956,0.00026528964375848927,0.04375,1.2578684864083288e-18,2.3907343945969113,3.936984554227488,0,3.3453266320645487,1.4462858034786636e-17,2.5348718089384965,4.414901864361642,0,,0,1
S2_N160,7500748,2.798134350564036,2.1801223600276223,3.59133780165771,6.440651811143417e-16,-0.9031633168366818,0.25547954794172056,0.0005357479702629375,160,7.236850758537222e-06,7.05911297696422e-06,True,0.02476045980176603,0.015801362468819687,True,0.5662996532425397,0.45842046847078266,1.37538941789027e-05,-0.006249999999999978,7.930039900036434e-06,-0.00625,6.440651811143417e-16,2.1801223600276223,3.59133780165771,0,2.813460817510036,2.4284914056380243e-14,2.156629317830291,3.670339499802316,0,,0,1
S2_N160,7500749,2.4823942081107644,1.9311652312886172,3.1909651772002636,1.2753413779715733e-12,-1.0152829043596794,0.25737225919119966,0.00012011328489791383,160,7.833735040661042e-08,8.416154452250648e-08,True,0.00026047833189660636,0.00021613401211129172,True,0.4406817813813112,0.3200984270578646,0.00391657597893016,0.09375,0.007111143165512677,0.09375,1.2753413779715733e-12,1.9311652312886172,3.1909651772002636,0,2.501198906875143,3.2826035766316774e-12,1.9324557768200368,3.2373294368722885,0,,0,1
S2_N160,7500750,2.5252403035182907,1.9376522123021365,3.291012984696973,7.1357898997257494e-12,-1.7374999999999996,0.24558582964657605,4.6656430099277666e-11,160,7.431115845655362e-06,5.7827609366998225e-06,True,0.004591108888719335,0.006446274572238372,True,0.8237513342437146,0.9167112803983777,6.350201172615919e-05,0.012499999999999956,6.45324362539309e-05,0.0125,7.1357898997257494e-12,1.9376522123021365,3.291012984696973,0,2.7595878278821133,3.9178150119778396e-13,2.097992307512391,3.6298154919474808,0,,0,1
S2_N160,7500751,3.1349102015561034,2.352360070873089,4.177788125851392,6.286968912020835e-15,-1.104416336567952,0.23964486958630138,8.3447022699076e-06,160,2.961242156797481e-07,2.7836153538251273e-08,True,0.0023051213279186838,0.019000638000483273,True,0.7954734874496022,0.8129690539103732,0.0003979546617623338,0.04999999999999993,0.00018760609798665492,0.05,6.286968912020835e-15,2.352360070873089,4.177788125851392,0,3.19232311672514,5.459640259126457e-15,2.3861235859099317,4.2709132677599655,0,,0,1
S2_N160,7500752,2.6163559365011344,,,,-1.3940775263951748,0.2663665647773451,5.252665334572789e-07,160,2.2992045765062147e-07,1.1556472576634878e-07,True,0.015308217084867421,0.006706089697053959,True,0.19238293730147138,0.2977919137507532,1.1790512869704812e-05,0.0,1.7405235176258056e-05,0.0,2.837609972174502e-09,1.935038159660009,3.5375624776657983,1,3.027585262547782,6.060707689028766e-11,2.2169479321231003,4.134635906048671,1,0.0,0,1
S2_N160,7500753,2.070326251488246,1.6005257693806971,2.678026726967277,2.9962679074203926e-08,-1.651259720062206,0.29295768737410083,7.852296201107599e-08,160,4.164193633308576e-07,1.5896553596414654e-06,True,0.5210159990283139,0.5903067485774778,True,0.2978790113051766,0.253614534101099,4.56023074713716e-05,-0.006250000000000089,1.57281334923952e-05,-0.00625,2.9962679074203926e-08,1.6005257693806971,2.678026726967277,0,2.2700038889742284,5.249326491129789e-09,1.7239369128804047,2.989040734297217,0,,0,1
S2_N160,7500754,3.4360534602507866,2.600555660856147,4.53997719003427,3.835269784116284e-18,-1.7731065246241107,0.23168489726765534,1.8649918431350956e-12,160,0.0001407841428338803,6.692798939103488e-05,True,3.795555926905512e-05,3.167730244729663e-05,True,0.7381824153526542,0.995898839453544,4.811257354145215e-05,-0.018750000000000044,3.8141905102560173e-06,-0.01875,3.835269784116284e-18,2.600555660856147,4.53997719003427,0,3.775577328828683,3.5139588342402105e-20,2.8450480478022238,5.010454630802102,0,,0,1
S2_N160,7500755,3.2495644228885454,2.428884290780952,4.3475389003021405,2.1010056606413374e-15,-1.521730064819637,0.23824497969613387,1.8240277499619839e-09,160,1.2663163632974625e-06,2.3765143597330592e-07,True,0.004240224363243595,0.008669048420004988,True,0.9568364674632764,0.7834209869041049,0.00011742818973382554,0.025000000000000022,3.2125219623059744e-05,0.025,2.1010056606413374e-15,2.428884290780952,4.3475389003021405,0,3.4922914875344357,1.3089390773539602e-16,2.596796623986723,4.696594150365716,0,,0,1
S2_N160,7500756,3.21816014953458,2.5203325407977832,4.1092016947788075,7.081133311314928e-21,-1.5249999999999995,0.2581123211776123,2.0759280597088077e-08,160,4.0366830432924684e-07,3.351672514221416e-08,True,0.6008303713852484,0.6903451439868062,True,0.4146495739086402,0.3709108206535232,0.004447240782254333,0.10625000000000007,0.004627670760183272,0.10625,7.081133311314928e-21,2.5203325407977832,4.1092016947788075,0,3.7392338498739632,6.283735919274964e-23,2.876806538744424,4.860205090518745,0,,0,1
S2_N160,7500757,3.2145152880891312,2.4234608013997097,4.263781997790388,5.413970026547814e-16,-1.474667748030372,0.25646732542370443,4.527526502847961e-08,160,4.961093411505734e-06,8.984196584699356e-06,True,0.026943946721476736,0.026681292173913043,True,0.7148922993502291,0.8586708255838676,1.0095659164347409e-05,0.0,1.3984248625183662e-06,0.0,5.413970026547814e-16,2.4234608013997097,4.263781997790388,0,3.3499125856967233,4.3751910644171e-14,2.447505714444371,4.585041115769934,0,,0,1
S2_N160,7500758,2.7404462635425073,2.0327699941801853,3.694488675484845,3.729124702653954e-11,-1.4481774019837277,0.2775665713564891,5.661228771342133e-07,160,8.532885907239048e-06,5.039163073108807e-06,True,0.0014985883720652759,0.0009200189173558885,True,0.8748914082187781,0.9563266562196251,0.00013220442900016465,0.025000000000000022,3.2125219623059744e-05,0.025,3.729124702653954e-11,2.0327699941801853,3.694488675484845,0,2.8933906326922285,2.1721451784361726e-07,1.9646094300879369,4.261258866591317,1,0.0,0,1
S2_N160,7500759,3.2965830719906437,2.56597857732513,4.235210709305262,1.0422923630398502e-20,-1.487500000000002,0.2693229402100658,1.35270246470866e-07,160,0.00017233463001285754,0.00012491089248801743,True,0.00021276801516074582,0.00029433379515733394,True,0.7827104123446647,0.7164237153744817,2.4056370208968558e-05,0.012499999999999956,1.7300630174154504e-05,0.0125,1.0422923630398502e-20,2.56597857732513,4.235210709305262,0,3.4714027573003974,3.799400302957456e-19,2.6426664185706623,4.5600296044593565,0,,0,1
S2_N160,7500760,2.0515384035026103,1.6095757347346555,2.6148566545953034,6.43577181477388e-09,-1.26622930652701,0.2622518602053939,3.2422253527555383e-06,160,3.8041706750237026e-05,3.0033983146379647e-05,True,0.06864274752668668,0.08428400364257707,True,0.7931351060056131,0.4950668878950636,7.212546003501166e-05,-0.025000000000000022,3.9535943721655774e-05,-0.025,6.43577181477388e-09,1.6095757347346555,2.6148566545953034,0,2.184461223150676,6.7982012566654e-09,1.6772162416951777,2.8451136572741347,0,,0,1
S2_N160,7500761,2.984681531396955,2.2948666014782515,3.881848225131571,3.500221422414839e-16,-1.3908822162202499,0.248028238876162,9.019209874758423e-08,160,0.0002879372664042921,0.00019526612485707348,True,0.08317602177043609,0.09295802523029434,True,0.923462118942331,0.7380331366080992,0.0032521735323645957,0.08125000000000004,0.001511931686054319,0.08125,3.500221422414839e-16,2.2948666014782515,3.881848225131571,0,3.0895550831187606,4.74917327769877e-16,2.3529600410352915,4.056741485259163,0,,0,1
S2_N160,7500762,2.3626633198942906,1.8474811491510155,3.021507399812509,7.32499135627237e-12,-1.471819512575737,0.2734845722016025,2.639374706309136e-07,160,3.2115804733692675e-06,3.3840584174501685e-06,True,0.007409319204307815,0.002598531253765991,True,0.1259023035475969,0.1582888689502141,0.0010347464088677491,-0.07500000000000001,0.0011652983347046316,-0.075,7.32499135627237e-12,1.8474811491510155,3.021507399812509,0,2.54744726827532,5.1035807649698124e-14,1.9970571683296932,3.24952519515057,0,,0,1
S2_N160,7500763,3.5427780670228675,2.7424651133628704,4.576640326624843,3.5871069594759323e-22,-1.498107660849596,0.26851571292138915,1.0344345670916606e-07,160,9.56626121680026e-09,4.177234586756179e-09,True,0.01666551563067881,0.015293226626535063,True,0.31734723157830413,0.13876507673875726,0.009621309949346759,-0.10624999999999996,0.00509741171305904,-0.10625,3.5871069594759323e-22,2.7424651133628704,4.576640326624843,0,3.8168501798397036,4.374089052486356e-23,2.9274110746012916,4.976528722508355,0,,0,1
S2_N160,7500764,2.776625489421305,,,,-1.1836935339727097,0.2474426978283287,3.937268142266507e-06,160,8.911521408331961e-08,4.823970752006077e-09,True,0.00016680694415414696,0.00017155479631002013,True,0.27665182074450234,0.29436385913702257,0.0001655662452252362,0.03749999999999998,0.00017264219052445933,0.0375,4.7396802982788e-11,2.087092016954222,3.693967034455483,1,3.1644079388918493,8.45944376647906e-13,2.362368706276043,4.238744602872202,1,0.0,0,1
S2_N160,7500765,2.4487730308958784,1.899308402358743,3.1571962454312166,4.913366037591056e-12,-1.4837394443428973,0.28070939616758994,4.130585573724686e-07,160,0.00016567572004080658,0.00022942880296183068,True,0.000640475901554569,0.0005714660736203673,True,0.7237189601250302,0.6735764635056468,2.6853930172427284e-05,-0.006250000000000089,0.00010203066121661093,-0.00625,4.913366037591056e-12,1.899308402358743,3.1571962454312166,0,2.4677535947413385,2.8439660374143312e-11,1.8912769499720277,3.219945024153585,0,,0,1
S2_N160,7500766,2.655151083210216,1.9772941660301726,3.5653912279660296,8.423512280774359e-11,-1.2874999999999999,0.2652797914931318,2.905237689524884e-06,160,8.423032915829424e-06,1.4874041749700165e-05,True,0.0016260079742986442,0.0024540436480568074,True,0.6971940292680087,0.6189957358357827,0.00010934372331330668,-0.03749999999999998,3.830379361667851e-05,-0.0375,8.423512280774359e-11,1.9772941660301726,3.5653912279660296,0,2.744998476834966,1.7810275223803898e-09,1.9755282021826648,3.8141782180083337,0,,0,1
S2_N160,7500767,3.674916830214172,2.865221077199227,4.713428159684145,1.1892658271021528e-24,-1.346114542887397,0.2588841828068582,6.141439069454906e-07,160,0.10547428830059205,0.07906262348446365,True,1.4526900399194381e-05,2.820039883304294e-05,True,0.6476681766133907,0.6808311848985872,0.0008154940384363758,0.0625,0.0003899560034897222,0.0625,1.1892658271021528e-24,2.865221077199227,4.713428159684145,0,3.9936891296081045,1.2946125447719817e-23,3.045769215045296,5.236625541148475,0,,0,1
S2_N160,7500768,2.7802880159138175,2.1503223153309814,3.594810599472468,6.178670633331928e-15,-0.9652872764283142,0.2611247804245784,0.0003014194498140016,160,1.2518285942330005e-06,3.334538156093085e-07,True,0.04675149139438861,0.032606245971632336,True,0.037104943521102975,0.0259148815602264,0.010985356452827822,0.11874999999999997,0.004439339358530231,0.11875,6.178670633331928e-15,2.1503223153309814,3.594810599472468,0,2.9984982843506542,2.7176432909951375e-14,2.259927537617737,3.9784425879121392,0,,0,1
S2_N160,7500769,2.712472455873647,2.1186075727909657,3.4728030421324028,2.47555502559165e-15,-1.396161083747022,0.2613258643862751,3.1695273405220535e-07,160,0.00011928230731542315,0.0001216323732468635,True,0.04871289413163723,0.05864007999245036,True,0.6669853508665864,0.657005297931051,0.00040223062146336623,-0.050000000000000044,0.00018760609798665492,-0.05,2.47555502559165e-15,2.1186075727909657,3.4728030421324028,0,2.781886952824338,7.536910408618724e-14,2.127559938563498,3.6374509963369066,0,,0,1
S2_N160,7500770,1.768781007210383,1.3797207290765345,2.2675503712712795,6.807415623862926e-06,-1.5705086227449723,0.27965377014712967,8.672440616302428e-08,160,5.0395790064123105e-06,8.822034110104679e-06,True,0.0018804547414844675,0.00426051905014879,True,0.4965692072333685,0.6145407007541472,3.064365989064806e-05,-0.03125,3.5199430295161664e-05,-0.03125,6.807415623862926e-06,1.3797207290765345,2.2675503712712795,0,1.8322484140625797,6.0152352647098564e-06,1.4096018563492219,2.3816187781772644,0,,0,1
S2_N160,7500771,2.5190023224651656,2.0329127726875194,3.1213206910969866,3.017872026899009e-17,-1.3668710308973047,0.2595254715568574,4.5077683002894296e-07,160,5.524191446494298e-06,9.026335092979111e-07,True,0.00019702310279119084,0.00031977464123998325,True,0.1558039686794674,0.29382188851354485,2.2654286524139278e-05,-0.006250000000000089,1.007332334741156e-05,-0.00625,3.017872026899009e-17,2.0329127726875194,3.1213206910969866,0,2.718185495676788,1.7648290181088909e-15,2.124739051916909,3.477383437858799,0,,0,1
S2_N160,7500772,2.849492078271473,2.054273444981194,3.952543476609177,3.561348850568298e-10,-1.0249999999999992,0.26433272872498026,0.00015470856864884902,160,1.0346928045637698e-06,2.627709373309958e-06,True,4.021057094133677e-05,2.1715603370551257e-05,True,0.059558851278051154,0.04606512146950005,6.416373827781492e-05,0.025000000000000022,5.8193875112388746e-05,0.025,3.561348850568298e-10,2.054273444981194,3.952543476609177,0,3.1662440377549403,1.0534375735763424e-11,2.2711790589413017,4.414051488873737,0,,0,1
S2_N160,7500773,2.860171436455027,2.1517453362266714,3.8018349607573847,4.584402259769543e-13,-1.7569839063894028,0.28488659806962985,5.646674343600324e-09,160,4.5954183514670285e-05,5.475118129681454e-05,True,0.0007798508810638139,0.00017030595169348508,True,0.16634806627008225,0.13038984477516763,0.0009612397711259245,0.06874999999999998,0.0014194384308796881,0.06875,4.584402259769543e-13,2.1517453362266714,3.8018349607573847,0,3.193375818377766,9.208464226086707e-14,2.353003211142479,4.33388661312047,0,,0,1
S2_N160,7500774,2.5025604693436203,1.9336866570287552,3.2387920141852793,3.1314113272028517e-12,-1.2156877199027294,0.2835605612267357,3.1470763851542316e-05,160,1.812739549764012e-05,1.8685671822518845e-05,True,0.00364446037542592,0.006066576471185399,True,0.9896486235745465,0.915444671163964,5.692983930213239e-05,-0.012499999999999956,2.1434168830479587e-05,-0.0125,3.1314113272028517e-12,1.9336866570287552,3.2387920141852793,0,2.7234304945533476,1.1138592692698156e-13,2.0906670773107803,3.5477067291860047,0,,0,1
S2_N160,7500775,2.6910490015132713,2.0757535303032055,3.488730537043948,7.795804527656603e-14,-2.0216390634931827,0.2576419777684127,6.192358517293596e-13,160,1.396315943554361e-06,4.7451442182501007e-07,True,2.3461926142027053e-05,0.0003721494567070449,True,0.4400639561724249,0.5027659520368417,9.97003628207161e-05,-0.03125,3.5199430295161664e-05,-0.03125,7.795804527656603e-14,2.0757535303032055,3.488730537043948,0,2.8926412848857463,1.2972541632643562e-12,2.157032636011042,3.879113122043013,0,,0,1
S2_N160,7500776,3.4433546156762382,2.666499282891172,4.446538232871057,2.586420564764227e-21,-1.1733351618211745,0.2725657980874863,2.9320233382314803e-05,160,3.3710606014865212e-06,4.412670189368393e-06,True,0.0007273300536172322,0.0008348264318073768,True,0.07665118104315596,0.043382836093570944,3.469639717261468e-05,-0.018749999999999933,8.602441543585491e-05,-0.01875,2.586420564764227e-21,2.666499282891172,4.446538232871057,0,3.7884998714681353,3.208929730097241e-20,2.8535656211835554,5.029753361747148,0,,0,1
S2_N160,7500777,2.349000989614293,1.8185395487754277,3.0341961234357098,6.1784438103975e-11,-1.3875000000000006,0.25548979616952033,2.095974610216361e-07,160,0.007716703026381439,0.005327635709056511,True,0.0004728775033287143,0.0009200377257360658,True,0.7914614182609812,0.9426803669728293,2.8972760218457626e-05,-0.018750000000000044,0.00010043779095767471,-0.01875,6.1784438103975e-11,1.8185395487754277,3.0341961234357098,0,2.4999752952641865,8.716457281616544e-12,1.9216740389467202,3.2523083261076096,0,,0,1
S2_N160,7500778,3.8359604170340105,2.9367410186904217,5.010517518365785,5.929511372850771e-23,-1.6978916796175372,0.2561553186212998,5.156603857043931e-10,160,0.0007455880891299706,0.00035231115362193436,True,6.2223620867913285e-06,1.8756542911674192e-06,True,0.5648493437370232,0.774862763877136,0.00011034419021829191,-0.03125,9.33846506941825e-05,-0.03125,5.929511372850771e-23,2.9367410186904217,5.010517518365785,0,4.248098234953955,8.527231038877108e-24,3.204591168217681,5.631401219849162,0,,0,1
S2_N160,7500779,3.1160845012952314,2.369404409575721,4.098068940857198,4.224994694490991e-16,-1.18389325929874,0.24119502537083354,2.2797720665885615e-06,160,1.7801174697255097e-07,2.258593346324841e-09,True,2.9264196980975493e-05,6.44821140890055e-06,True,0.4439545131966869,0.3757002880171273,0.001118943181459269,0.06874999999999998,0.00021569045972118713,0.06875,4.224994694490991e-16,2.369404409575721,4.098068940857198,0,3.332889225053824,2.7696249158608466e-15,2.472435834669783,4.492796306668754,0,,0,1
S2_N160,7500780,2.628747031169793,2.038177082334648,3.3904369810539343,9.715203092379209e-14,-1.4097749625016576,0.26281554615357205,2.8662746281316055e-07,160,0.0004028267556325802,0.00031965362591808297,True,0.016947663718314358,0.06145874411145365,True,0.8253990175408679,0.7525353431450418,3.339425648371763e-05,0.012499999999999956,8.79903525848849e-05,0.0125,9.715203092379209e-14,2.038177082334648,3.3904369810539343,0,3.0579664555284922,3.946052219027006e-15,2.3138417030212133,4.0413995611400555,0,,0,1
S2_N160,7500781,2.611384222735993,1.9938746890874557,3.420138485170045,3.101591236734686e-12,-1.6488746810401673,0.2645380182695111,4.037742795208676e-09,160,1.8537201545729748e-06,2.1551023940725264e-07,True,0.0012559806020472231,0.00068780859165318,True,0.2297971555566264,0.26467097762311576,5.9291593993000306e-05,-0.012499999999999956,4.610467226001458e-05,-0.0125,3.101591236734686e-12,1.9938746890874557,3.420138485170045,0,2.7083088038331433,1.811372854154492e-11,2.025376282635376,3.6215179568391362,0,,0,1
S2_N160,7500782,2.3198875822114284,1.7720293859338077,3.0371270571580813,9.214855440079805e-10,-1.5162928418334236,0.2780754675939244,1.888572783911977e-07,160,3.837442982240147e-05,1.80773458666968e-05,True,0.0003063601440333449,0.00019158395065916784,True,0.9066007076534205,0.7813257206592105,6.117435677197823e-05,-0.012500000000000067,3.1974076726379674e-05,-0.0125,9.214855440079805e-10,1.7720293859338077,3.0371270571580813,0,2.3780124790491386,1.3831621809275134e-08,1.7631623608717462,3.2072731791515237,0,,0,1
S2_N160,7500783,2.8635272926474373,2.1417399987546517,3.8285639529096236,1.2508198635215433e-12,-1.2294315227320627,0.24512983536086666,1.4162713140109155e-06,160,1.3650201533687806e-06,9.623800626811368e-08,True,0.00015989000034017978,0.00041302767770805114,True,0.14280281522805585,0.1853598543671504,0.00010004370394843634,0.043749999999999956,5.214809841867038e-05,0.04375,1.2508198635215433e-12,2.1417399987546517,3.8285639529096236,0,3.1144028232082253,1.1154264951037883e-12,2.2775814184317693,4.258686370863512,0,,0,1
S2_N160,7500784,2.7677270286815983,2.113520855134963,3.6244321349767343,1.372221036644949e-13,-1.3827642699054064,0.262594962068868,4.529511470602156e-07,160,0.00015382889925822204,9.117957792891267e-05,True,0.00038892133539280427,0.00015993248315003124,True,0.914915546808871,0.8937125177806922,3.412024736860005e-05,-0.006249999999999978,3.4280991592837514e-05,-0.00625,1.372221036644949e-13,2.113520855134963,3.6244321349767343,0,3.084517939911627,1.2841611887127107e-13,2.2895888388818224,4.1554408197950465,0,,0,1
S2_N160,7500785,2.638956133855082,2.034752082138967,3.4225739526412426,2.5776904251913836e-13,-1.770598766660037,0.25799366397316875,1.4738589118157928e-10,160,5.490102437610337e-06,1.123466423713615e-06,True,0.007081046143547748,0.004432697117682055,True,0.6574776504980351,0.4997811293531219,0.0008600974766677471,0.0625,0.001359044738978739,0.0625,2.5776904251913836e-13,2.034752082138967,3.4225739526412426,0,2.8900877703564753,9.929565759953137e-14,2.185347045419139,3.8220965122553676,0,,0,1
S2_N160,7500786,2.5235944639050065,1.9743478739541698,3.225636729102496,1.4476872449271475e-13,-1.539520850758754,0.2494585332761581,5.528958293635425e-09,160,1.158771964442308e-06,7.82951001669246e-07,True,0.004384514248955174,0.014096564600040235,True,0.6529755199767071,0.7682497416520081,3.961525024864244e-05,-0.006249999999999978,6.167711611417281e-06,-0.00625,1.4476872449271475e-13,1.9743478739541698,3.225636729102496,0,2.644956809610985,2.1071631359654897e-13,2.040093726209812,3.4291544720862706,0,,0,1
S2_N160,7500787,2.523905896481911,1.9986315913357666,3.187231204545687,7.470284239038467e-15,-1.750000000000001,0.2316515063239729,3.256040619676393e-12,160,0.0002109991690839428,8.026901742764148e-05,True,1.0635179889540176e-07,7.809915150936177e-09,True,0.19231823331800257,0.19227366638140486,0.000954970148215681,0.05625000000000002,0.0002943146757822901,0.05625,7.470284239038467e-15,1.9986315913357666,3.187231204545687,0,2.749631110917239,2.9449050522049696e-15,2.1389383341384938,3.534684065199627,0,,0,1
S2_N160,7500788,2.720979993362064,2.115693954310265,3.499434362514072,6.3174574610947894e-15,-1.0694552426285855,0.28124745091840925,0.00020462987515124697,160,2.0461141937609624e-05,7.901209683246304e-06,True,0.0001762603526614269,0.00030482498425523106,True,0.47751417708872035,0.4686059163647811,0.00041928222165288115,0.050000000000000044,0.0006612683451597403,0.05,6.3174574610947894e-15,2.115693954310265,3.499434362514072,0,2.8384717752892112,2.8623139905335644e-15,2.190936354345618,3.677387525718383,0,,0,1
S2_N160,7500789,2.8325281550746833,2.1695497432626207,3.69810177167235,1.9644373885328238e-14,-1.3962347354138411,0.2738809037481429,9.764537910600708e-07,160,1.1141411347353771e-05,1.3637024316378272e-05,True,0.023371647476731598,0.026316616191302034,True,0.9144133459824761,0.7565348055534571,4.34452168804718e-05,0.018750000000000044,3.563759664566398e-05,0.01875,1.9644373885328238e-14,2.1695497432626207,3.69810177167235,0,3.008910861232055,1.324377235449549e-14,2.273469992706926,3.982258221961641,0,,0,1
S2_N160,7500790,2.655884493095379,2.051932945496051,3.4375989021216644,1.1670072013676803e-13,-1.1564603606954726,0.26371606783326706,2.114074610352635e-05,160,4.017273665390156e-06,5.95832081895469e-06,True,0.005181420245334381,0.0028793276609164822,True,0.21085876458560449,0.2744804859218013,9.659881973487014e-05,-0.025000000000000022,0.00017714115372239033,-0.025,1.1670072013676803e-13,2.051932945496051,3.4375989021216644,0,3.079081352668676,1.0519385687648445e-16,2.360848903023192,4.015819040435569,0,,0,1
S2_N160,7500791,2.4565585272646393,1.938342369110993,3.113319862395815,1.046397239699137e-13,-0.9536140603064933,0.27681078189594027,0.0007325775461899492,160,1.2549450894606335e-05,2.638738675872066e-06,True,0.00036200518522857444,0.000799730696733703,True,0.9730363631773734,0.7318511163251886,0.0007799616660649803,-0.0625,0.000987367695476006,-0.0625,1.046397239699137e-13,1.938342369110993,3.113319862395815,0,2.5727999086652464,1.1533201543115938e-12,1.9828312213048578,3.3383070121681286,0,,0,1
S2_N160,7500792,2.6930924240930847,2.051426730775134,3.535464706539682,9.706213318540175e-13,-1.0292077050945025,0.27220844742814926,0.00022158504881102106,160,2.381468299846206e-06,9.861741175850244e-08,True,0.006706536348432968,0.025726291641477893,True,0.4038725638897225,0.5042362690621311,0.0003616991380239758,-0.04375000000000007,0.00022873508369553887,-0.04375,9.706213318540175e-13,2.051426730775134,3.535464706539682,0,2.799476793069028,4.668156004663503e-12,2.0910516141942854,3.7479085938066588,0,,0,1
S2_N160,7500793,2.673130905308659,2.006384747012779,3.56144495593635,1.8585458147458572e-11,-1.7787670967491964,0.24910781785645866,3.256475949690577e-11,160,8.342439025722857e-07,2.0261912167114222e-08,True,0.0057199580982339035,0.00844897322923101,True,0.4749711409784072,0.6347828792049117,0.00048410100307673555,0.04999999999999993,0.0004584262281122888,0.05,1.8585458147458572e-11,2.006384747012779,3.56144495593635,0,2.814460660015578,3.3648543427126885e-11,2.072706072733971,3.8216652669555797,0,,0,1
S2_N160,7500794,2.8344538044973975,2.2440369259595814,3.580212195659065,2.282094075273475e-18,-1.3370519145963407,0.27722202547510966,3.317559401293221e-06,160,1.2380833279030669e-08,1.636313699454124e-10,True,0.03391702329266368,0.08530096498960762,True,0.5596531626659182,0.6832109665478504,0.000251731603046032,-0.04375000000000007,0.00022873508369553887,-0.04375,2.282094075273475e-18,2.2440369259595814,3.580212195659065,0,3.196591938216827,1.901720560287084e-18,2.464941782317181,4.145412314714849,0,,0,1
S2_N160,7500795,2.94428001275921,2.2504317031192085,3.8520541554396046,3.3922517336590405e-15,-1.2087174094139765,0.2548254671314365,4.689821105309766e-06,160,0.053560911165575854,0.06792029453656119,True,0.0008066925474915108,0.0010008705465494564,True,0.38132104564559355,0.49956295039136256,1.5321283825057306e-05,0.006249999999999978,6.167711611417281e-06,0.00625,3.3922517336590405e-15,2.2504317031192085,3.8520541554396046,0,3.346317885106718,5.003563067860917e-17,2.5233356922556984,4.4377144993240885,0,,0,1
S2_N160,7500796,2.4543713272312058,1.8634164138847351,3.232738837679516,1.6742582984724845e-10,-0.8276092302995351,0.2806048427808724,0.003671405161419097,160,0.0005318562691399401,0.00021229255730231467,True,2.301161405832557e-05,4.009011048885519e-06,True,0.7780731403795252,0.8530688586808974,0.00013256542726331814,-0.03125,0.00011058795365749597,-0.03125,1.6742582984724845e-10,1.8634164138847351,3.232738837679516,0,2.5891971604250226,4.982254228433576e-10,1.9185226790871277,3.494325091190933,0,,0,1
S2_N160,7500797,2.7513794567953043,2.0928246230439473,3.6171635367443105,4.148301692408318e-13,-1.7406417425271066,0.26542590479795625,7.478001437058187e-10,160,3.0247783175948453e-07,1.4802973532404963e-07,True,0.04441659653775296,0.08733628001192816,True,0.04421642420825719,0.10246522895780431,3.241871587075446e-05,-0.006250000000000089,2.361835002995218e-05,-0.00625,4.148301692408318e-13,2.0928246230439473,3.6171635367443105,0,2.9213987857510197,7.225610971352137e-15,2.2299991163697177,3.827163339544823,0,,0,1
S2_N160,7500798,3.0986315567561094,2.4032824660919636,3.9951681335810894,2.7178566394580934e-18,-1.4837671389770626,0.25014910422326464,1.8494168176083198e-08,160,4.637511646143093e-05,5.149746401143802e-06,True,0.005022994624796767,0.006861371689318346,True,0.33035766644569553,0.4603026339150107,0.00038671738612675147,0.05625000000000002,0.00024999590502307323,0.05625,2.7178566394580934e-18,2.4032824660919636,3.9951681335810894,0,3.231102196220946,6.787572915288263e-18,2.47466573359076,4.218760239297153,0,,0,1
S2_N160,7500799,2.86271089763694,2.205332468725579,3.7160445418849246,2.755578546901677e-15,-1.5227585276199775,0.22531904586322832,2.5849699693962825e-10,160,2.2362751873698557e-07,7.03987877858963e-08,True,0.0001098188342729254,5.0562864433502225e-05,True,0.7231664467964036,0.8264671337682785,1.7483493458472416e-05,0.006249999999999978,6.626744574706809e-05,0.00625,2.755578546901677e-15,2.205332468725579,3.7160445418849246,0,3.0811919541306207,2.5685476711338608e-17,2.374421553608578,3.9983396561452844,0,,0,1
S2_N160,7500800,2.4312476202141617,1.7870426258351206,3.3076799094452003,1.546955647079781e-08,-1.4789537411333984,0.27232829316683993,2.095678675999431e-07,160,0.0008353263748834846,0.0008160243858996829,True,0.0030671493149171617,0.0009211021331062884,True,0.44426907187445164,0.7267241116690843,0.00014851501688300557,-0.03749999999999998,0.00012484705147942552,-0.0375,1.546955647079781e-08,1.7870426258351206,3.3076799094452003,0,2.432262700984876,6.567776230298183e-08,1.7618675559553905,3.357744926175388,0,,0,1
S2_N160,7500801,3.207125645465335,2.4727441922650493,4.159611389635786,1.5860423657754733e-18,-1.6086752001925528,0.2416858780674831,4.453170642687701e-10,160,3.800972133764482e-07,1.663071180401757e-08,True,0.05555997472247557,0.04544880307608793,True,0.6028614345975882,0.7045483880640648,8.186235355992429e-06,0.0,2.1121980584556164e-05,0.0,1.5860423657754733e-18,2.4727441922650493,4.159611389635786,0,3.27702793989062,1.6977079146976408e-17,2.4934318745927584,4.306880098971103,0,,0,1
S2_N160,7500802,2.5464464628745738,1.9671717663718267,3.296300658201281,1.2668808351232325e-12,-1.5092137127992313,0.25585367916144774,2.1765760517090702e-08,160,0.0003823539628047511,0.0002061006651744241,True,0.0004096275416052569,0.0010229650832656613,True,0.0521717430196588,0.09997644311462844,0.00040786615895757004,0.050000000000000044,0.0004584262281122888,0.05,1.2668808351232325e-12,1.9671717663718267,3.296300658201281,0,2.684145319045798,3.393597674530679e-12,2.0326335485323033,3.5444835095621112,0,,0,1
S2_N160,7500803,2.193602232459193,1.6844850705381025,2.856594480064353,5.5397557537964945e-09,-1.8729982343131821,0.2554168729080085,1.1238236356798154e-11,160,6.913244290375071e-06,1.0821969818891861e-06,True,0.0023795708263803024,0.001665031709526377,True,0.5153490750089116,0.44650986903553347,0.0001357818291694706,0.03125,0.00023277897888480492,0.03125,5.5397557537964945e-09,1.6844850705381025,2.856594480064353,0,2.3233150414626245,2.0009744587764704e-09,1.7638826218923607,3.0601768592149954,0,,0,1
S2_N160,7500804,2.46817127838385,1.9122496363668287,3.1857082587884253,3.9520885812070805e-12,-1.468229606033514,0.2598783817285413,7.36854055971336e-08,160,9.08883430176502e-06,5.2175747522233865e-05,True,3.017139862374715e-06,3.955575853300923e-06,True,0.4426592556073773,0.6326444731473162,0.001469577482669979,-0.06874999999999998,0.001911687774507738,-0.06875,3.9520885812070805e-12,1.9122496363668287,3.1857082587884253,0,2.821139652339877,1.297520993791346e-14,2.167022701833831,3.6727021508677535,0,,0,1
S2_N160,7500805,2.4815125750883,1.9014426832599138,3.2385434041924386,2.2259500657899808e-11,-1.5299833943337404,0.29478565917282606,6.41554526263146e-07,160,0.00012272706716176638,0.0002090773942876413,True,0.010649613213980821,0.006136389311059457,True,0.9275882075606228,0.8869106142807535,0.00011993968596739593,0.018750000000000044,1.1731985912081421e-05,0.01875,2.2259500657899808e-11,1.9014426832599138,3.2385434041924386,0,2.637121104183192,3.370837271121728e-11,1.9798116451794852,3.5126612852597434,0,,0,1
S2_N160,7500806,2.8893802703910767,2.2136551833059044,3.7713725289669613,5.883946133988015e-15,-1.8163349975183216,0.2558531673686368,4.0868103764302666e-11,160,8.099725463606542e-07,4.325266577228114e-07,True,0.27089212806917606,0.3747085546877472,True,0.6475160261562019,0.3129260610833917,3.5938609819953595e-05,0.018750000000000044,2.914340744163405e-05,0.01875,5.883946133988015e-15,2.2136551833059044,3.7713725289669613,0,3.3787123848448744,3.538430010165611e-17,2.5455247995230623,4.484614481714348,0,,0,1
S2_N160,7500807,3.0257586150480162,2.3191410167884907,3.947675078945948,3.3792432663558825e-16,-1.6000000000000005,0.24720278705483417,1.1707616863924717e-09,160,0.0057847325707015475,0.004400545736647856,True,0.00031663043670127495,0.0002873599687240176,True,0.38891078037920146,0.5489050804018448,1.1647335653485573e-05,0.006249999999999978,7.930039900036434e-06,0.00625,3.3792432663558825e-16,2.3191410167884907,3.947675078945948,0,3.2930071278523063,1.0348966159707268e-17,2.507372474549569,4.324804572975988,0,,0,1
S2_N160,7500808,2.9556612355198526,2.2166133610328775,3.9411173336445335,1.561478406126101e-13,-1.2815778798975352,0.24545640041359043,5.563201072895763e-07,160,7.8310191687984e-08,6.037560592245191e-08,True,0.00016349061874789376,0.0004294101805752515,True,0.7028876798126119,0.7279799507182382,0.001565933589364794,-0.06874999999999998,0.000597996869210066,-0.06875,1.561478406126101e-13,2.2166133610328775,3.9411173336445335,0,3.2624661226616065,8.218956442421223e-17,2.4699347619669245,4.309298109978659,0,,0,1
S2_N160,7500809,2.28854921296715,1.7881182180856443,2.9290331294648806,4.828330861774707e-11,-1.5971461630241657,0.2533885303604018,2.817126292288971e-09,160,1.978102845946235e-05,3.1181712806258155e-06,True,0.11362612286875401,0.09491625221564255,True,0.9573893454186324,0.9631024716772345,5.75965387326281e-05,0.025000000000000022,4.81840859959809e-05,0.025,4.828330861774707e-11,1.7881182180856443,2.9290331294648806,0,2.479281349427574,1.2111254704864626e-11,1.9068439396529526,3.223565327919883,0,,0,1
S2_N160,7500810,2.3369029475646186,1.8505048454739597,2.951148925490912,1.0113630057360847e-12,-1.3885852795419718,0.27938518968875126,1.7338744025614096e-06,160,4.589546307053358e-06,1.6700626753657014e-07,True,0.01263608767836625,0.006066464581302681,True,0.4225045257483888,0.4284435945862415,3.592694035651094e-05,0.018750000000000044,7.320183404794874e-05,0.01875,1.0113630057360847e-12,1.8505048454739597,2.951148925490912,0,2.6885290021055597,2.0756260176055444e-13,2.064825632709919,3.5006288573027327,0,,0,1
S2_N160,7500811,2.897692784473741,2.2707513124006073,3.6977292173463,1.2002171028814011e-17,-1.17786938328994,0.2583705603959123,1.0291735533266064e-05,160,0.005658116770317791,0.0076563748836629315,True,0.006140275959732079,0.0016872265883370997,True,0.44039288910696306,0.4551047373119005,9.617968089322081e-05,-0.018749999999999933,0.00010043779095767471,-0.01875,1.2002171028814011e-17,2.2707513124006073,3.6977292173463,0,3.033436038352527,9.839201715259548e-17,2.334654187013507,3.941369240018689,0,,0,1
S2_N160,7500812,2.7069965469989237,2.062072974025602,3.5536231732665717,7.369536404688209e-13,-1.0579635999859587,0.2693802821692524,0.000128300580601567,160,8.493070462871554e-05,3.6977957784092725e-06,True,0.0034060169779245395,0.0031175446433798315,True,0.640837708503049,0.7253472884979275,0.0005377395835170791,0.050000000000000044,0.0007400735008255376,0.05,7.369536404688209e-13,2.062072974025602,3.5536231732665717,0,2.759126392988645,3.0021560033953817e-12,2.0747321401460006,3.6692825570971364,0,,0,1
S2_N160,7500813,2.5344750469791797,,,,-1.764529407480685,0.2517796978044623,6.712546457289675e-11,160,3.7599556843234395e-09,1.4283138355534435e-11,True,0.0075104689465987015,0.011899120844587257,True,0.030965796399598747,0.05257179182859012,1.4225798384043286e-05,0.0,2.1121980584556164e-05,0.0,4.796243996413962e-06,1.7197245682578355,3.7352282349885235,1,2.73856568527965,1.071423696178843e-05,1.7680687810406448,4.2417705085980995,1,0.0,0,1
S2_N160,7500814,2.6623916215566017,2.0271724000871827,3.496658274466416,1.9091966230110148e-12,-0.527891412049638,0.2629443827194566,0.046399581808957,160,2.211206613888792e-08,1.767186006316371e-08,True,2.6606137176052795e-07,6.127321047203403e-07,True,0.3996255741400334,0.3879195515133883,0.00026769000023968897,0.05625000000000002,0.0001188321916064627,0.05625,1.9091966230110148e-12,2.0271724000871827,3.496658274466416,0,2.9085683813178322,2.3451739566136104e-12,2.158133210551268,3.9199480307524173,0,,0,1
S2_N160,7500815,2.522048921643642,1.9366281411884854,3.284435781905118,6.666605381442315e-12,-1.4252006210035337,0.2965797424499689,3.5819386510518504e-06,160,0.005781825484103996,0.012726641583002216,True,0.328477201312828,0.34448908354069974,True,0.3902107708873849,0.4609605439190224,5.0779955443434706e-05,-0.03125,2.211991453462035e-05,-0.03125,6.666605381442315e-12,1.9366281411884854,3.284435781905118,0,2.870148072691897,5.054640420070971e-14,2.181350746818255,3.776444467352485,0,,0,1
S2_N160,7500816,2.6197689620602267,2.0094129409921853,3.4155196647560593,1.1067611074325785e-12,-1.2594712788813123,0.27400373182097376,8.779452786862664e-06,160,3.5580850588789205e-07,5.5865346343439046e-08,True,5.166253367626127e-05,2.860730554678934e-05,True,0.8722607746190261,0.9931688709543957,0.0012647556002081696,-0.08124999999999993,0.0028200563318966196,-0.08125,1.1067611074325785e-12,2.0094129409921853,3.4155196647560593,0,2.7286344587413143,4.279796561737384e-12,2.054033806098454,3.624792341452645,0,,0,1
S2_N160,7500817,3.2437388920509096,2.498797479700126,4.210762210736006,9.626107975123983e-19,-1.369382614422126,0.2812113731511545,2.7055903297648677e-06,160,8.726702880331973e-08,1.9201933049154984e-07,True,0.0026782483768911392,0.0071054881292314225,True,0.050549939326031836,0.1083376077420584,2.514474435837143e-05,-0.006249999999999978,2.8567822470451865e-05,-0.00625,9.626107975123983e-19,2.498797479700126,4.210762210736006,0,3.479857419719026,2.430472485032716e-18,2.6305680119303188,4.603343310894911,0,,0,1
S2_N160,7500818,2.8310361727301236,2.148792914948605,3.7298921434214267,1.392984579366464e-13,-1.3066966847537909,0.27899939455483364,6.06484297677356e-06,160,8.626623991182935e-07,1.1462612914959063e-06,True,0.006576394638327604,0.006069935999655928,True,0.017123483905135038,0.022274086689970395,0.00011872395585184672,0.018750000000000044,6.186036010926148e-05,0.01875,1.392984579366464e-13,2.148792914948605,3.7298921434214267,0,3.060640029760272,1.294147698444073e-14,2.3027985580389805,4.067883992314186,0,,0,1
S2_N160,7500819,2.503379439951099,,,,-0.794113161565226,0.25279028909680795,0.0020100515334457703,160,7.545883867558316e-07,3.367362455801416e-08,True,0.0006824932554118411,0.0003922794818116123,True,0.5930887829108147,0.6420002460355054,0.0009207690986216245,0.06874999999999998,0.0007879632762155191,0.06875,1.0912061395343242e-10,1.9260232923760008,3.2538072852892803,1,2.559881241841516,9.383905894755038e-10,1.9247053123353632,3.4046728765874885,1,0.0,0,1
S2_N160,7500820,2.620213172240325,2.0772832402712864,3.305046194415496,4.262062032229362e-16,-1.4823448132022823,0.26093523227947873,6.335251130747877e-08,160,0.026116715844258998,0.011109583442834246,True,0.00029631589762932835,0.0006351065049999629,True,0.3585848802299104,0.34253881405883135,0.000126565932736007,0.03125,2.211991453462035e-05,0.03125,4.262062032229362e-16,2.0772832402712864,3.305046194415496,0,2.844223428182296,8.311496891517322e-16,2.205103320992997,3.668584066971592,0,,0,1
S2_N160,7500821,3.083994544826614,2.4317319165404507,3.9112133569605607,1.5518292825597897e-20,-1.5577395716568485,0.2376018004436536,7.55019470119739e-10,160,0.0004666913262608058,0.00010805867300845943,True,0.0002576839995439237,0.0017526543759327764,True,0.425753769765303,0.341478544631453,0.0009645289860547443,-0.0625,0.0007795898659828484,-0.0625,1.5518292825597897e-20,2.4317319165404507,3.9112133569605607,0,3.2908425623639945,1.433211890802628e-16,2.4807749966431323,4.365428055716696,0,,0,1
S2_N160,7500822,3.5135802735653714,2.6308189449647417,4.692548821125036,1.7047353571810817e-17,-1.6158593744565115,0.2692167600344072,1.3004322296640358e-08,160,2.480122441070134e-06,1.8695058329779764e-06,True,0.002449536061250674,0.006360754093726241,True,0.8258065905038025,0.8183813169934113,2.380695241701084e-05,0.012499999999999956,3.7222071897871094e-06,0.0125,1.7047353571810817e-17,2.6308189449647417,4.692548821125036,0,3.6224473255571565,1.5948594943114648e-16,2.668000852978986,4.918335993702755,0,,0,1
S2_N160,7500823,3.1408703607228907,2.419887272290172,4.076663709021156,7.84493249144786e-18,-2.1415366994993277,0.2600392015482305,6.548340259000873e-14,160,0.0037942845836265227,0.004535235808082369,True,0.00047033443056745597,0.001361730161144461,True,0.3051567740883482,0.5105092284484427,2.009021918551438e-05,0.025000000000000022,5.8193875112388746e-05,0.025,7.84493249144786e-18,2.419887272290172,4.076663709021156,0,3.295182342016434,8.916728906330205e-16,2.4640355968125527,4.406684173387342,0,,0,1
S2_N160,7500824,2.4691931705353256,1.9101544386742308,3.191843962967697,5.155669743158429e-12,-1.5290179912747728,0.2584677333266595,2.0008248083686054e-08,160,2.556635637294966e-05,6.225399341427638e-06,True,0.0022020074525186052,0.003281063104626923,True,0.32698454550855416,0.3775753297940867,2.832493307377877e-05,-0.006249999999999978,6.626744574706809e-05,-0.00625,5.155669743158429e-12,1.9101544386742308,3.191843962967697,0,2.88109789571294,2.0261242573543723e-14,2.196853968326711,3.7784601090276313,0,,0,1
S2_N160,7500825,3.109593443266352,2.378457419158281,4.065480132003825,1.0799780737477706e-16,-1.253181443258795,0.253008484737378,1.8703376696877023e-06,160,1.9078785401435724e-05,5.73250882540019e-05,True,8.640831601152365e-05,6.086957088221349e-05,True,0.29332029271047066,0.29221224763414455,0.009112359886296337,0.11250000000000004,0.009022968271885298,0.1125,1.0799780737477706e-16,2.378457419158281,4.065480132003825,0,3.4507506733609583,6.718283055576957e-18,2.603757118145404,4.573268423048104,0,,0,1
S2_N160,7500826,2.6812498729655116,2.0573099089113662,3.4944180505511264,2.9242650025385034e-13,-1.1580779706603144,0.2540258548578162,1.0289114920376711e-05,160,4.638215374805337e-06,3.5228255632977537e-07,True,0.0003337604471228544,0.00020113444664606923,True,0.8236504301535719,0.8896227711542537,1.4590704631500047e-05,0.018749999999999933,9.06306347853047e-06,0.01875,2.9242650025385034e-13,2.0573099089113662,3.4944180505511264,0,2.8878724788498236,4.4071836018989637e-13,2.16738098377485,3.84787331647299,0,,0,1
S2_N160,7500827,2.7038070758017425,2.0490919075982235,3.5677134227348644,2.0476406576114877e-12,-1.4281040299218943,0.2561960409750932,1.0593041896640945e-07,160,0.0006839689307209381,0.0007866570278570733,True,0.0013370121475276054,0.0034008726016941443,True,0.21861514965426831,0.20818911108594518,0.0012979655330556748,-0.0625,0.0005246478441612874,-0.0625,2.0476406576114877e-12,2.0490919075982235,3.5677134227348644,0,2.8409937472879436,1.8506014574388125e-12,2.1247965460957654,3.7985968524656184,0,,0,1
S2_N160,7500828,2.151986110706149,1.6759006733010495,2.76331664188089,1.884935812942056e-09,-1.2334917679051736,0.2842826717208425,2.552993917981947e-05,160,1.906218227599845e-05,4.8850121290964734e-05,True,0.1440701382809037,0.11596682332985786,True,0.9797006714483469,0.895083949639837,0.001496457102841268,-0.0625,0.0006023345232105135,-0.0625,1.884935812942056e-09,1.6759006733010495,2.76331664188089,0,2.398443126745592,1.5895128764030275e-09,1.8052669319156134,3.186525676914173,0,,0,1
S2_N160,7500829,2.765778475050895,,,,-1.2875000000000014,0.24619555360476886,5.35275027495989e-07,160,3.790742359949986e-07,1.0243620511435064e-06,True,0.0015685379885110261,0.0007500839775732892,True,0.04524120413380592,0.03655918750967176,8.683188778776365e-06,0.0,5.748539784557799e-06,0.0,4.375017905205442e-12,2.115348863548368,3.616202842411173,1,3.058727546469766,3.4075477486580686e-12,2.2821008922959205,4.099649684690534,1,0.0,0,1
S2_N160,7500830,2.772399518638571,2.117780043200627,3.629366097591104,1.1691474289152124e-13,-1.696835022165927,0.2606401806218194,9.604526499854935e-10,160,8.424043718157214e-07,5.483704044666146e-07,True,0.014486401904424094,0.014244195175770533,True,0.3626310282533268,0.7589993991276822,3.9173554666415566e-05,0.025000000000000022,1.612675379203035e-05,0.025,1.1691474289152124e-13,2.117780043200627,3.629366097591104,0,3.291356644258134,2.3860345830341287e-16,2.475856582521468,4.375466913624522,0,,0,1
S2_N160,7500831,3.0918307087639865,2.335995816039247,4.092223567362506,2.9729801476205533e-15,-1.5641038046755584,0.27169673283187723,4.377951381056051e-08,160,1.0322720981133837e-06,1.8872245929973944e-06,True,0.01588433108828117,0.009235523282061169,True,0.4370789664939281,0.37392537527299274,0.00016831912964906207,0.043749999999999956,0.00026528964375848927,0.04375,2.9729801476205533e-15,2.335995816039247,4.092223567362506,0,3.6013624186831215,3.0079515274273654e-18,2.6993842916124544,4.804729475163292,0,,0,1
S2_N160,7500832,3.084763162990004,2.3948114716219524,3.973491811150912,2.7622365472980285e-18,-1.7678259275967088,0.276780073283032,1.8253061814419285e-09,160,2.119920234089114e-05,1.8953014048171233e-05,True,0.029950819215313115,0.009438102587736561,True,0.8755730522284859,0.9330989492791089,3.759134947700054e-05,0.006249999999999978,7.6935011404503e-05,0.00625,2.7622365472980285e-18,2.3948114716219524,3.973491811150912,0,3.44635466284472,3.4017082835725773e-20,2.648189699976162,4.485086722532928,0,,0,1
S2_N160,7500833,3.2370204137582133,,,,-1.5340799621523191,0.2509071381253919,7.396012650161626e-09,160,5.903004276148432e-08,4.793846103449434e-10,True,0.008773306379919056,0.00534995554488565,True,0.9483692073155137,0.8895581633031732,0.00011361446340485183,0.025000000000000022,0.0001540120942513367,0.025,5.741655340538162e-13,2.408876743942707,4.349870197981624,1,3.805246531222165,1.3590665572869164e-12,2.701024715130194,5.360891769063418,1,0.0,0,1
S2_N160,7500834,2.51490970737062,,,,-1.1497988026302908,0.25596768871126774,1.3611740391471264e-05,160,3.385510511909033e-07,6.690650563199265e-08,True,0.00020452344617143055,2.8964128103375163e-05,True,0.18351136585059102,0.08307003390568762,5.417770981274211e-05,0.04375000000000007,0.00011750682731492964,0.04375,2.076782553924721e-10,1.9234394418456864,3.288260965553394,1,2.5391920930631664,3.336177518976521e-10,1.9296796544158075,3.3412263381231653,1,0.0,0,1
S2_N160,7500835,2.8664212118576073,2.2186190211455354,3.703371550265034,7.836186885046774e-16,-1.846250190688838,0.2518582273265162,1.1401159090766528e-11,160,7.806970108348971e-07,4.956509134877576e-07,True,0.017808040831566625,0.01823417892364371,True,0.1316887094457411,0.23336021308267685,9.559651165888644e-05,-0.03125,9.33846506941825e-05,-0.03125,7.836186885046774e-16,2.2186190211455354,3.703371550265034,0,3.0849191839603045,1.226765689060721e-15,2.341031609930523,4.0651849087372,0,,0,1
S2_N160,7500836,2.681551091570906,2.0612552088815366,3.488513322232861,2.001355231804454e-13,-1.498377791176349,0.2671281237239493,8.956393815159112e-08,160,1.546893820711471e-06,1.1604341702569364e-06,True,0.031050308966994088,0.036859759775823904,True,0.8564643298069157,0.7853397390894596,6.336555332001287e-05,-0.03125,2.211991453462035e-05,-0.03125,2.001355231804454e-13,2.0612552088815366,3.488513322232861,0,3.0647319952152277,4.426082115863278e-15,2.3164941907559777,4.054653898972517,0,,0,1
S2_N160,7500837,2.519563241672994,1.9232826556757099,3.300710329839377,1.9899499833235237e-11,-0.9722677143644893,0.2770278258574152,0.0005857328767981557,160,4.7979528653192974e-05,6.781553598459001e-06,True,0.05766897008642542,0.03391564774190481,True,0.7298822200309303,0.7959078400269475,0.009779518616843648,-0.10624999999999996,0.00375640394089952,-0.10625,1.9899499833235237e-11,1.9232826556757099,3.300710329839377,0,2.917168393731723,1.395993885700223e-13,2.196630602921235,3.874056669369119,0,,0,1
S2_N160,7500838,2.351614933254732,1.8663974967901495,2.9629769670273176,4.0949430344089526e-13,-1.8458656205212947,0.2723195789454678,2.3218312403325883e-10,160,0.0006282337621503495,0.0002519028406146517,True,0.10250158556420408,0.06999411637726012,True,0.04458381629355043,0.02052881140144195,8.034483524094595e-05,0.018750000000000044,7.320183404794856e-05,0.01875,4.0949430344089526e-13,1.8663974967901495,2.9629769670273176,0,2.537797446051391,6.969270686591179e-13,1.968115971209651,3.272376207193994,0,,0,1
S2_N160,7500839,2.6719151044251443,2.072713131716449,3.444340760915233,3.3116389162950916e-14,-1.1403543832468617,0.2513688263923499,1.1299142931960648e-05,160,5.67224589590305e-05,1.4417985119990808e-05,True,0.006627605584931992,0.0007411120972688232,True,0.04300520391574983,0.0427756632892135,0.0001520729225294463,0.025000000000000022,0.00013314108125121236,0.025,3.3116389162950916e-14,2.072713131716449,3.444340760915233,0,2.776461742286806,5.945857047327247e-14,2.1268541631844435,3.624479731530033,0,,0,1
S2_N160,7500840,2.7131413867576364,2.092722543049722,3.5174926599728673,4.903996022730556e-14,-1.2334327658321858,0.2688496805044036,9.109295465218991e-06,160,7.300284310882264e-07,2.462131746892186e-07,True,0.02285896798262518,0.01463425060121131,True,0.7057541315531306,0.9235931801828434,9.094354128624578e-05,0.043749999999999956,0.0001665321021150193,0.04375,4.903996022730556e-14,2.092722543049722,3.5174926599728673,0,3.0279424941376734,1.0130222984138307e-14,2.2870267418526398,4.008888737513251,0,,0,1
S2_N160,7500841,2.1860350325897313,1.6735277984802024,2.855494344372027,9.595265449164328e-09,-1.4626181500300532,0.2504311719562904,2.9043216274403775e-08,160,3.2152352190664074e-08,5.396131653104382e-10,True,0.0019785806829882126,0.0005806201251713765,True,0.3502143666516182,0.6532262640465033,0.0004946540146098209,-0.05625000000000002,0.0005258834314675828,-0.05625,9.595265449164328e-09,1.6735277984802024,2.855494344372027,0,2.4592638234388446,8.892740808706401e-10,1.8442224580923174,3.2794192082072002,0,,0,1
S2_N160,7500842,2.311162316138616,1.828505496249356,2.92122242043881,2.3935859805355094e-12,-1.5095992126847935,0.2868573243734115,4.5975614573641667e-07,160,0.00041228050735834983,0.00037110795236006605,True,0.06997861202852276,0.06355321266081501,True,0.4304774118967496,0.37315929413174065,0.00013990875877577363,0.03125,7.361519596567653e-06,0.03125,2.3935859805355094e-12,1.828505496249356,2.92122242043881,0,2.5331089910171154,4.80800169390176e-13,1.968963364976329,3.2588931183333067,0,,0,1
S2_N160,7500843,3.133807666031758,2.4621469585029283,3.9886938729485,1.6757203670876592e-20,-1.5453221528071985,0.28593003710985104,2.3711900114550795e-07,160,5.344543961678131e-09,5.025107506196549e-09,True,0.34978872188429,0.4156718739374282,True,0.9376088842913115,0.8680435035092253,7.639503126767202e-05,-0.03125,0.00047769777124153983,-0.03125,1.6757203670876592e-20,2.4621469585029283,3.9886938729485,0,3.4215461834537337,6.156932829013023e-19,2.608748428882084,4.487584220807199,0,,0,1
S2_N160,7500844,2.5435891476105694,1.970027955920927,3.284139056198221,8.023547033142258e-13,-1.066593780441889,0.25229820286375704,3.9977187350626014e-05,160,4.224014171437541e-06,2.637855596650418e-06,True,0.01129074847447214,0.0132969166211983,True,0.24991004358543323,0.235288821953349,0.00016941278215702965,0.03125,0.00020302367601353466,0.03125,8.023547033142258e-13,1.970027955920927,3.284139056198221,0,2.678519040909784,1.4418873508345482e-12,2.039105176647685,3.518437565006422,0,,0,1
S2_N160,7500845,2.1721795895121225,1.6925288044447508,2.78776004089393,1.1037977094366331e-09,-1.4541621072940347,0.24555085776614813,1.9387885790882416e-08,160,4.31845026268863e-07,9.461873616478958e-07,True,0.0044540486456235845,0.004328829857070287,True,0.14589350008609092,0.18091902483333255,0.00013793175300543043,0.04375000000000007,1.4086741373528327e-05,0.04375,1.1037977094366331e-09,1.6925288044447508,2.78776004089393,0,2.2748329393372866,3.134250983710623e-10,1.760999324404976,2.938595620212662,0,,0,1
S2_N160,7500846,2.1421709629977386,,,,-1.525,0.2926151112819785,5.813681264173065e-07,160,1.6354478547601868e-05,5.171551616611087e-06,True,0.09551540248962008,0.1618180575574355,True,0.7709557063958249,0.6925263844505898,3.4016872787944965e-05,-0.006249999999999978,7.6935011404503e-05,-0.00625,8.822661688701442e-08,1.6381520495192186,2.8012640438703196,1,2.4060198895939293,8.725333755464052e-08,1.766410678266633,3.2772286650815676,1,0.0,0,1
S2_N160,7500847,2.411467740135406,1.8380677764176476,3.1637444148264264,2.09849106215387e-10,-1.5456215397472037,0.27809460234601563,1.1456563582134706e-07,160,9.63968419640165e-09,8.56924655516787e-10,True,0.0011086760978196654,0.002971447430499093,True,0.5331273429853666,0.3946851494792405,7.195420461871678e-05,-0.02499999999999991,9.766666271827319e-05,-0.025,2.09849106215387e-10,1.8380677764176476,3.1637444148264264,0,2.490381740909087,1.3995620325459077e-10,1.8845740978787207,3.29092988300877,0,,0,1
S2_N160,7500848,2.6699860093126833,2.0541677086816716,3.470420287397382,2.1200501460833139e-13,-1.3249630346317258,0.26432916721169064,1.434668377661457e-06,160,4.769379099152562e-06,9.864597695955602e-06,True,0.000734356378648279,0.00018754577111748167,True,0.6814635972379353,0.46963556434239917,0.0001863076777031704,-0.03125,7.82400882741019e-05,-0.03125,2.1200501460833139e-13,2.0541677086816716,3.470420287397382,0,2.85716153753161,1.644451484165239e-13,2.1615496737884077,3.7766294018321505,0,,0,1
S2_N160,7500849,2.3594053278942444,1.8779591304065226,2.9642783014615985,1.6817177683058898e-13,-1.609883469158115,0.2525869816847195,1.9579724581774905e-09,160,6.235240488729863e-08,9.642135239093828e-08,True,0.00016591349772803623,0.0001645650824145857,True,0.24904636248017764,0.1973990809672358,3.673865407508182e-05,0.006249999999999978,1.5728133492395204e-05,0.00625,1.6817177683058898e-13,1.8779591304065226,2.9642783014615985,0,2.4670417368201574,5.04018072318262e-12,1.90919075090147,3.1878925289884363,0,,0,1
S2_N160,7500850,2.4553426129085465,1.9353641856823653,3.1150247541854674,1.3798121447513986e-13,-1.468367450693837,0.27649760405537166,3.6792609656866114e-07,160,2.3326076318857966e-07,1.9828537403659745e-07,True,0.018572951845579194,0.005267325949535205,True,0.6975841619015727,0.7295584732825493,0.00011154858868510539,0.018749999999999933,3.563759664566388e-05,0.01875,1.3798121447513986e-13,1.9353641856823653,3.1150247541854674,0,2.951041967236933,2.868389663425059e-15,2.2559236252132724,3.8603473074450028,0,,0,1
S2_N160,7500851,2.6787107764816644,1.9843665479309824,3.61601107996937,1.221488290316405e-10,-1.2300985297711717,0.25514976844361886,3.3459551726778867e-06,160,1.6655991862817164e-06,3.844580501308596e-06,True,6.309959384820858e-05,3.2741171029694385e-05,True,0.8008391383160938,0.8064922828964212,0.00010760826838189055,0.03125,3.5199430295161664e-05,0.03125,1.221488290316405e-10,1.9843665479309824,3.61601107996937,0,2.9203828060281967,4.183430631724162e-12,2.1568436213488456,3.9542207183344567,0,,0,1
S2_N160,7500852,2.9754478850406074,2.2194063557735872,3.9890352181616398,3.0967709793229984e-13,-1.78928879960508,0.28426319390775107,2.9457320761151013e-09,160,3.388590001029205e-05,2.294091535458124e-05,True,1.948397536510653e-05,5.633671707269787e-06,True,0.3580738954178261,0.3285709841893141,5.6477204896957055e-05,-0.018750000000000044,1.4987556421764579e-05,-0.01875,3.0967709793229984e-13,2.2194063557735872,3.9890352181616398,0,3.109878855794569,1.8320882267595505e-13,2.2989802792085694,4.206798372819243,0,,0,1
S2_N160,7500853,2.4527055340413777,1.8712616258534733,3.2148174010533874,8.091221906999104e-11,-1.2814429275692087,0.2287447560648977,9.26954990973222e-08,160,6.278747749377984e-08,7.337036670792656e-09,True,0.0011419705294016668,0.003143261728704373,True,0.6315105059743142,0.5785512576010841,1.1602376388389909e-05,-0.012499999999999956,1.3818901267259073e-05,-0.0125,8.091221906999104e-11,1.8712616258534733,3.2148174010533874,0,2.4992338777588388,1.747888758843457e-10,1.8864147775198372,3.311132869701981,0,,0,1
S2_N160,7500854,2.2704337147920994,1.7711129719412722,2.910525378634956,9.746505241000684e-11,-1.971168546503944,0.2650827400418077,6.329395127526398e-12,160,2.446268823355618e-06,5.0249556366493835e-06,True,0.12113640687875449,0.25485333952900724,True,0.9840710958785015,0.8828988167486842,1.4835076002102951e-05,-0.012499999999999956,2.629802398955824e-05,-0.0125,9.746505241000684e-11,1.7711129719412722,2.910525378634956,0,2.341035208330345,7.766770865358925e-11,1.811781227800024,3.0248938241274286,0,,0,1
S2_N160,7500855,2.9615706854523873,2.237997192440737,3.919084865055379,3.050855333815463e-14,-1.0625000000000013,0.2716381957183862,0.0001362648727843192,160,5.781528314494192e-09,2.060213497557105e-10,True,0.0007265842269310978,0.002269976395398481,True,0.6910718934178343,0.9781155955598738,9.894003707281666e-05,0.03125,9.933940354120344e-06,0.03125,3.050855333815463e-14,2.237997192440737,3.919084865055379,0,3.107639541430288,7.071218976878174e-13,2.2801984519845635,4.235343424190005,0,,0,1
S2_N160,7500856,2.1538920368006385,1.6519650085496498,2.808322744236728,1.4430982669734234e-08,-0.6916855589213262,0.2598103481511765,0.008569589296167838,160,8.635759164062073e-06,3.613537250672191e-06,True,0.024891219461274268,0.009454105578439361,True,0.7407836449226635,0.7603529791769303,7.105091787865856e-05,-0.012500000000000067,0.00017353288896898046,-0.0125,1.4430982669734234e-08,1.6519650085496498,2.808322744236728,0,2.331131309116904,6.549189991198118e-09,1.7514656928251067,3.102643233382319,0,,0,1
S2_N160,7500857,3.291919761679415,2.554184353640229,4.24273827450666,3.4695151644086305e-20,-1.4962294308400808,0.2633731007777087,6.331129320395703e-08,160,0.0021775913323900764,0.005989330964473411,True,0.006941165309267527,0.030635617029528623,True,0.18885488580948528,0.26323068045694276,0.0004417353847884551,0.04999999999999993,0.0001876060979866549,0.05,3.4695151644086305e-20,2.554184353640229,4.24273827450666,0,3.586790298608359,4.993557500028972e-19,2.708434534119262,4.750000224899121,0,,0,1
S2_N160,7500858,2.5971568614870044,1.9826739420418926,3.4020842359093786,4.238804562915087e-12,-1.2331643103640209,0.2503011469680093,2.102735702761868e-06,160,1.4475373341909816e-05,8.493273994389704e-06,True,0.010457676943524594,0.0025282790634589647,True,0.7017505902899017,0.7629803236586372,6.483298482105349e-05,-0.018749999999999933,8.602441543585491e-05,-0.01875,4.238804562915087e-12,1.9826739420418926,3.4020842359093786,0,2.678801007785815,6.339183116556074e-12,2.022479593040659,3.548107414288277,0,,0,1
S2_N160,7500859,2.6374951002226408,2.080119288268091,3.344221864069308,1.1780580575865789e-15,-0.8143435938687704,0.3044235447845062,0.008263954282861573,160,6.619210160443389e-06,1.1107871991494849e-06,True,3.0324929149187507e-05,8.176541142611147e-05,True,0.7738037600629467,0.748708520730107,0.0005218617764093513,0.05625000000000002,0.0002943146757822901,0.05625,1.1780580575865789e-15,2.080119288268091,3.344221864069308,0,2.83468539036262,1.7782684543317404e-15,2.192950188327161,3.6642151313363485,0,,0,1
S2_N160,7500860,2.748032958707221,2.1140592666510356,3.5721255601807633,4.212231945419875e-14,-1.5374999999999983,0.2519691648966376,7.866845976983867e-09,160,3.153467854093022e-05,1.3243945138738236e-06,True,0.00375502616002278,0.000923375660899094,True,0.6641129214777933,0.6923183921320126,0.0014976143039569715,-0.0625,0.000987367695476006,-0.0625,4.212231945419875e-14,2.1140592666510356,3.5721255601807633,0,3.0387344620692907,1.2648313274390458e-14,2.2907431965024863,4.030965646898308,0,,0,1
S2_N160,7500861,2.281829272044055,1.7198990972496502,3.02735482278198,1.0693616855500927e-08,-0.7465105986489633,0.265608909861913,0.005575692815959313,160,0.00018644830829947774,9.91294090019372e-05,True,3.2082334767606616e-05,4.473388461731608e-05,True,0.8681747463787557,0.998633575722735,0.00011384160746897203,0.03750000000000009,0.0003051523613069893,0.0375,1.0693616855500927e-08,1.7198990972496502,3.02735482278198,0,2.403880177160689,1.1938730570063912e-08,1.7780682745875616,3.249953890261334,0,,0,1
S2_N160,7500862,2.169447748475105,1.6674468564680447,2.8225808307515914,8.035908018610975e-09,-1.357483270470858,0.26063426135517315,5.90086747901843e-07,160,6.892515578347077e-07,3.381820260054236e-08,True,0.0013638139155293172,0.00023250113708716698,True,0.42747555817103033,0.33730687848151775,0.0001386312118631237,-0.03125,4.3630649867251125e-05,-0.03125,8.035908018610975e-09,1.6674468564680447,2.8225808307515914,0,2.3344978137784893,1.510992796551061e-09,1.7732855535826788,3.073323431483336,0,,0,1
S2_N160,7500863,2.7404389117573036,2.1341132205085342,3.5190285861609576,2.758176792520859e-15,-1.17793543006222,0.25293344471422813,6.789418392083039e-06,160,7.412499536493657e-06,1.8024811394637056e-06,True,0.004039099907567579,0.012057583884664073,True,0.46513381014170907,0.30650504689328983,5.805873083074175e-05,-0.03125,2.807610310068186e-05,-0.03125,2.758176792520859e-15,2.1341132205085342,3.5190285861609576,0,2.8147818713743034,3.3389623614430144e-15,2.175810295473388,3.641400631250175,0,,0,1
S2_N160,7500864,2.566715231238474,1.966594814701138,3.349966667776834,4.0020292285903e-12,-1.6880779838654063,0.276336183803372,7.599049060289621e-09,160,7.607186307392735e-05,4.8169922747193846e-05,True,8.342885148368323e-09,1.227215283069669e-07,True,0.07932637036314398,0.05397238283583807,0.00014510888216587962,-0.03125,2.211991453462035e-05,-0.03125,4.0020292285903e-12,1.966594814701138,3.349966667776834,0,2.724777259693061,1.0726211366302347e-12,2.0678033312433923,3.5904822295048966,0,,0,1
S2_N160,7500865,2.1843034566252015,1.6772359717891463,2.8446692480219546,6.7454556759382266e-09,-0.912474362129789,0.2421628148189255,0.0002323727529947975,160,0.00016315442943064137,0.00044415647566993147,True,0.009512898192930871,0.00844156581221094,True,0.016997525882005437,0.019986817206534047,6.407036124887767e-05,0.018750000000000044,4.318539811931063e-05,0.01875,6.7454556759382266e-09,1.6772359717891463,2.8446692480219546,0,2.2378228468240033,1.3963193214488675e-08,1.6942689508730808,2.9557592324328854,0,,0,1
S2_N160,7500866,3.543836577519343,2.7589288472718554,4.552048415667789,3.979265765482308e-23,-1.9502865523903061,0.26443125607152346,8.880616764120883e-12,160,0.00017430735815069832,0.0001404909816816986,True,0.0073031184355285515,0.002708703629377147,True,0.525138512123247,0.5740034467421502,1.167245236047477e-05,0.0,4.978622825293552e-05,0.0,3.979265765482308e-23,2.7589288472718554,4.552048415667789,0,3.859435803569412,2.8987005210420327e-22,2.938061671449467,5.069752233800127,0,,0,1
S2_N160,7500867,3.3521935252582655,2.4929730432779045,4.507550316712658,1.1878154077458123e-15,-1.7125000000000012,0.25189496518244203,2.0841603091524424e-10,160,0.0001625511120884098,0.00010930581093185117,True,0.001091483006870539,0.0004158221515471846,True,0.08209267475245455,0.08100085084171829,2.7018698600177284e-05,0.012500000000000067,1.0914240580458559e-05,0.0125,1.1878154077458123e-15,2.4929730432779045,4.507550316712658,0,3.74557086712119,2.5777093664306623e-15,2.7002666448442563,5.195524355868252,0,,0,1
S2_N160,7500868,2.5231445125220615,1.9669342293534426,3.2366401153956557,3.2382443499284375e-13,-1.4912714679482622,0.26735660410267725,1.0413087499229421e-07,160,1.7485077351306267e-06,3.1639984813799954e-07,True,1.7744008461340527e-06,3.4723338360898864e-07,True,0.46052797211030994,0.36499622998970827,4.8338116186044276e-05,0.012499999999999956,0.00022043982515135873,0.0125,3.2382443499284375e-13,1.9669342293534426,3.2366401153956557,0,2.9458349026908204,9.40414067984361e-13,2.189725387847357,3.963028113969314,0,,0,1
S2_N160,7500869,3.3328055656455176,2.4633057425558182,4.509222199463144,5.965506754699243e-15,-1.1999999999999984,0.2791574172053278,3.0054434130785144e-05,160,1.498227284962496e-07,1.0570978346261048e-07,True,0.005676880716315678,0.010301231859053381,True,0.5287202533040005,0.5898126282025762,0.00010349841836341325,0.025000000000000022,0.00011440189229368541,0.025,5.965506754699243e-15,2.4633057425558182,4.509222199463144,0,3.4966124308219992,1.1956173159441379e-15,2.5735811784669123,4.750694710419884,0,,0,1
S2_N160,7500870,2.748349135145614,2.0285915206517617,3.7234814854342004,6.777568496818682e-11,-1.6505104439114344,0.2468407544844024,3.787864483958971e-10,160,0.01596832907098459,0.011503476022996431,True,0.0015438876078178862,0.0009724875398446794,True,0.44348784390035845,0.7799574545288918,1.9885503445862595e-05,0.0,3.0386094970011283e-05,0.0,6.777568496818682e-11,2.0285915206517617,3.7234814854342004,0,2.811248598790603,2.814130223482466e-10,2.03909082329822,3.875805135260659,0,,0,1
S2_N160,7500871,2.7249671854293807,2.1202181497639963,3.502208564007178,4.888210251132597e-15,-1.3928593961502291,0.26904712708006245,6.813578483075696e-07,160,0.008263183912385199,0.0033120751937404163,True,0.007948543641873763,0.0044527734005654655,True,0.4017849741929722,0.4687805495997741,0.0001948667067197156,-0.02499999999999991,3.9535943721655774e-05,-0.025,4.888210251132597e-15,2.1202181497639963,3.502208564007178,0,2.8848335031209618,3.9067297935449164e-14,2.1922821109937716,3.7961648726662465,0,,0,1
S2_N160,7500872,1.920009956555816,1.4814031250262083,2.4884774245418493,8.223853780457879e-07,-1.1620496248757144,0.2682844388107858,2.6324599462233905e-05,160,0.0002685253170806948,2.219373253183219e-05,True,0.001387487748187463,0.0012155504274524588,True,0.08004604301877448,0.08877537289415456,0.002791864402759449,0.08750000000000002,0.0007415247509381167,0.0875,8.223853780457879e-07,1.4814031250262083,2.4884774245418493,0,2.1059221140637194,1.2552758093920144e-08,1.6295591753166554,2.721538448973978,0,,0,1
S2_N160,7500873,2.6683918219567295,2.0376402192870047,3.494392605764839,9.819267254374234e-13,-1.3125000000000004,0.2756901478781017,4.348767766125362e-06,160,0.00016136342402593945,6.57931646119916e-05,True,0.00019118253592349636,7.152888179396704e-05,True,0.20185399255736514,0.2565237384924215,0.00015794221777314137,0.03750000000000009,0.00010495487428606962,0.0375,9.819267254374234e-13,2.0376402192870047,3.494392605764839,0,2.734867895268803,5.887258668902466e-12,2.0535491966758537,3.6422319059505974,0,,0,1
S2_N160,7500874,2.2785280877446246,1.7274905790852966,3.0053363587025568,5.5432620090756e-09,-1.093441963355909,0.2819827596099635,0.00015470725184735256,160,0.0006864421942260584,0.00014031316666712212,True,0.0078120572577552,0.007731872044353977,True,0.33930983351883437,0.3819334366731427,1.4718707308653144e-05,-0.012499999999999956,1.3818901267259073e-05,-0.0125,5.5432620090756e-09,1.7274905790852966,3.0053363587025568,0,2.435931014509242,3.3792636987163783e-09,1.813331470139205,3.2722974288823794,0,,0,1
S2_N160,7500875,1.8680553223669425,1.4360624463972804,2.4299992637354086,3.2073738878136033e-06,-1.496604305403021,0.26487787667071466,7.351197285741909e-08,160,2.224945416675734e-05,6.228614117119944e-05,True,0.10895384702708123,0.10169464752074611,True,0.12253139642583745,0.17583036875391156,0.010437348759548512,-0.11249999999999993,0.009711674325259413,-0.1125,3.2073738878136033e-06,1.4360624463972804,2.4299992637354086,0,1.9077880363728705,2.8683658012271372e-06,1.4556132259908543,2.5004273983907326,0,,0,1
S2_N160,7500876,2.102240295705669,1.6416443020383327,2.6920656657482587,3.8968345573342534e-09,-1.0416541825249035,0.253755269546149,6.483795830902681e-05,160,0.00099215501457797,0.00031844333710670097,True,0.029674581762855173,0.02611947880101914,True,0.13450362762867832,0.17245374930566648,0.0007764183413695412,-0.05625000000000002,0.0018467389465370123,-0.05625,3.8968345573342534e-09,1.6416443020383327,2.6920656657482587,0,2.215866724528195,4.287831198506097e-09,1.6991086306139596,2.8897889472182237,0,,0,1
S2_N160,7500877,2.844412380907455,2.123125089487584,3.810741926003193,2.4622121010881826e-12,-1.4428725140542835,0.2554578071742875,7.42201488729722e-08,160,6.555448811864579e-07,4.415335781108125e-07,True,0.0001732481620027409,0.00029149345656656595,True,0.5985353682793053,0.5213913492747977,2.0769766534225963e-05,0.006249999999999978,2.8567822470451706e-05,0.00625,2.4622121010881826e-12,2.123125089487584,3.810741926003193,0,3.062194308705281,9.023415981061332e-13,2.2526879144400502,4.1625979010047915,0,,0,1
S2_N160,7500878,2.3018980434877565,1.7467599503467595,3.0334646735865904,3.195531980543019e-09,-1.6374999999999995,0.25147512179038667,9.538321627357401e-10,160,0.00012827707663696727,0.00023815271929699146,True,0.004474468500867988,0.008183256964188429,True,0.14477176913375633,0.33136169705949914,2.3999594396541215e-05,0.0,5.748539784557799e-06,0.0,3.195531980543019e-09,1.7467599503467595,3.0334646735865904,0,2.3404612890316088,1.0204452013182559e-08,1.7495288649975773,3.1309909513628313,0,,0,1
S2_N160,7500879,2.1055904225299105,1.6184943341207982,2.7392811540845265,2.908175300296034e-08,-0.9325398523590455,0.26960156726725254,0.0006982237031716977,160,1.971511196768146e-06,6.958038115438197e-07,True,0.0050292326116458605,0.005788059834879855,True,0.6834546390615266,0.7303406893461579,0.00014776720712640726,0.03125,2.807610310068186e-05,0.03125,2.908175300296034e-08,1.6184943341207982,2.7392811540845265,0,2.225921674137782,1.2349912479509567e-08,1.6900861616597318,2.931641836846121,0,,0,1
S2_N160,7500880,2.6832413493669955,2.079640775670114,3.4620325890815726,3.1632000907168924e-14,-1.4121077239208744,0.28979492587337485,2.6678231451128063e-06,160,0.0005312891580441198,0.00011953784117149416,True,0.00020469462081915553,3.765250823434311e-05,True,0.08696164109545791,0.12220635847689018,1.4976763973591902e-05,-0.018750000000000044,5.1890880106789184e-05,-0.01875,3.1632000907168924e-14,2.079640775670114,3.4620325890815726,0,2.9735174157465387,5.763965142728459e-15,2.2619629128636727,3.9089083960948505,0,,0,1
S2_N160,7500881,2.2978301384746196,1.7617891437164843,2.9969666711330225,8.326683279616938e-10,-1.6425939863314676,0.27794300483968665,2.0600929349746532e-08,160,0.0020578567738282556,0.0006012401031875246,True,5.8218116979041814e-05,8.419031001372172e-05,True,0.7553947982142293,0.6024857858350872,2.4730940593565233e-05,0.012500000000000067,1.3971782747924562e-06,0.0125,8.326683279616938e-10,1.7617891437164843,2.9969666711330225,0,2.3167300696673263,6.8901950825279356e-09,1.7435657075820499,3.07831141227478,0,,0,1
S2_N160,7500882,2.21810157211984,1.681569220245396,2.9258234064979605,1.7164166138086402e-08,-1.2778474292942974,0.2614316359039998,2.49628080471e-06,160,0.0005693718650899766,0.0007909969537587308,True,0.0007170383842913606,0.00042916289808920524,True,0.04109775010543041,0.13503458191959536,0.00047810619513293613,-0.05625000000000002,0.00034380984716706663,-0.05625,1.7164166138086402e-08,1.681569220245396,2.9258234064979605,0,2.3587177042326144,1.696973200888692e-08,1.7505521422300747,3.1781682327798713,0,,0,1
S2_N160,7500883,2.831967506793258,2.207091012558939,3.6337604176251213,2.743380795572219e-16,-1.4619063198471067,0.2525380828115533,3.742091216015129e-08,160,1.3981987395277902e-05,6.777963553918293e-05,True,0.018187195697240286,0.015640379209789924,True,0.9824160230928114,0.6635711975869677,0.0010415328468710626,0.06874999999999998,0.0010129536078312715,0.06875,2.743380795572219e-16,2.207091012558939,3.6337604176251213,0,3.2935520544688193,2.842311074731453e-19,2.538706253789902,4.272839805433235,0,,0,1
S2_N160,7500884,2.4456624402957536,1.8989529590237921,3.1497698473522013,4.274208668083326e-12,-1.393707304043773,0.29892028477706967,6.635507839863728e-06,160,0.00011408965277323508,3.319586384674339e-05,True,0.005866086226347978,0.010282875107047297,True,0.22217383673382674,0.22034097739568603,0.00011813133935919394,-0.04375000000000007,0.0001665321021150193,-0.04375,4.274208668083326e-12,1.8989529590237921,3.1497698473522013,0,2.6113555550826018,8.931231073665607e-12,1.9820445402635039,3.4404765869460148,0,,0,1
S2_N160,7500885,2.31554870657011,1.7706428332977586,3.028146451485313,8.589681027195451e-10,-1.6287491141695567,0.25071103944128514,1.0321203995829106e-09,160,0.00011561346215346409,0.0001359228190488431,True,0.0030011748399807257,0.002422924600210018,True,0.036966801534195064,0.013532511231130582,0.002495504488061642,0.09375,0.002817181660396583,0.09375,8.589681027195451e-10,1.7706428332977586,3.028146451485313,0,2.4823686534099174,8.987233611371755e-11,1.8857765971053293,3.2677010314430066,0,,0,1
S2_N160,7500886,1.980929803120391,1.5606256883810259,2.514429253667731,1.932390459462716e-08,-1.3455853082331881,0.24641799258132438,1.8204190118413686e-07,160,0.0035244796778360226,0.0014669271273711336,True,0.00035260433241027445,0.0007418991154029528,True,0.21903985685231253,0.18485438590029613,4.1516957127367136e-05,0.0,9.232480741870033e-06,0.0,1.932390459462716e-08,1.5606256883810259,2.514429253667731,0,2.087342927936232,7.884261507600073e-09,1.625738919523153,2.680012421725966,0,,0,1
S2_N160,7500887,2.5697864593629447,1.9989681012621812,3.3036057166472,1.7803835912308872e-13,-1.4694409431707038,0.24717951334812405,1.7309124812427475e-08,160,9.763740177434893e-07,2.714912863920783e-07,True,1.0434806899112158e-05,1.835468005716087e-05,True,0.3671758488125352,0.7050004754220351,4.2015300930779546e-05,-0.012499999999999956,4.610467226001458e-05,-0.0125,1.7803835912308872e-13,1.9989681012621812,3.3036057166472,0,2.8257021221143432,2.3921426313904603e-13,2.1400047085497556,3.731109773273594,0,,0,1
S2_N160,7500888,2.3661839408016845,1.795796846156611,3.117739322067792,9.358099699186424e-10,-1.2249470569915903,0.2683014827256576,1.0004820748471812e-05,160,1.3214716461486571e-05,1.155555521241222e-06,True,0.0011655298125238056,0.0009080615094996323,True,0.7061686879910916,0.9986328795446515,5.6211713527568655e-05,0.018750000000000044,5.1890880106789184e-05,0.01875,9.358099699186424e-10,1.795796846156611,3.117739322067792,0,2.5013457061694915,2.1061229058434324e-09,1.8530020748384781,3.3765371484097972,0,,0,1
S2_N160,7500889,3.031251584275109,2.359159053617842,3.8948141936761473,4.2850080739321194e-18,-1.2374789785113678,0.27145658372191944,1.0299299581135678e-05,160,4.55003595642234e-05,9.372374582342434e-05,True,2.465144088414829e-06,1.6507526267652037e-06,True,0.9010402762690819,0.8855770554493175,0.00215853785708605,0.09375,0.00176045711680846,0.09375,4.2850080739321194e-18,2.359159053617842,3.8948141936761473,0,3.2032680554424053,1.3116577348675311e-16,2.43111581234983,4.220665335190232,0,,0,1
S2_N160,7500890,2.5945329523527367,1.9800840014026149,3.3996543763172697,4.7099489685932175e-12,-1.1969198051725327,0.27928167807435983,3.166342835316895e-05,160,0.00043666545633536157,0.0004065601135477262,True,6.908166138695792e-05,0.00010087725789914536,True,0.9075284114862784,0.6910131900437126,5.310925333033127e-05,-0.025000000000000022,6.969191930854972e-05,-0.025,4.7099489685932175e-12,1.9800840014026149,3.3996543763172697,0,2.707506097011169,1.361982179505276e-10,1.9976155933578756,3.669669624990441,0,,0,1
S2_N160,7500891,2.8024897599211926,2.1725499853761865,3.615083154509423,2.141544309659042e-15,-1.4874999999999983,0.2458484781130273,1.0198832410725158e-08,160,9.300335932861954e-06,0.00014301405881037474,True,0.00041565790851424636,0.00031552924327384713,True,0.707019181542333,0.8693579598952258,1.1328370494332824e-05,0.012500000000000067,8.516031605924452e-06,0.0125,2.141544309659042e-15,2.1725499853761865,3.615083154509423,0,3.029944059394971,5.565947528390911e-18,2.3563324927742264,3.896122907618249,0,,0,1
S2_N160,7500892,2.7496638689302317,,,,-1.3500000000000012,0.2744843746012471,2.182485552674678e-06,160,3.559964181351147e-06,6.795021391366772e-07,True,0.011816970626039336,0.011802302162634278,True,0.14928992751787143,0.33400429591783987,0.00018584037026451032,0.025000000000000022,1.2497232271173316e-05,0.025,5.411365599576658e-13,2.132654356369762,3.545183667254092,1,3.044555726060293,1.3861938455359245e-13,2.3205045786898015,3.994527592925562,1,0.0,0,1
S2_N160,7500893,2.7595661517220154,2.0973712698228884,3.63083325079251,4.1465250186860735e-13,-1.2297390987046155,0.26516132719124,7.373947125928882e-06,160,8.708453479774138e-06,2.221640367753505e-06,True,0.0010430795828276578,0.00134393958146428,True,0.8755303042181953,0.842387479540148,0.002656466526269391,-0.08750000000000002,0.0035780898346710922,-0.0875,4.1465250186860735e-13,2.0973712698228884,3.63083325079251,0,2.8602066490137,1.0201031404649302e-12,2.142392952089073,3.818525479690828,0,,0,1
S2_N160,7500894,3.544516220153784,,,,-1.0399083413527221,0.2687830080772772,0.0001598543437995759,160,5.703147257043851e-05,9.301262309059657e-06,True,0.029367284436274104,0.04112839535373754,True,0.3802400778254722,0.3730682839734528,0.00855155348941781,0.10625000000000007,0.012970042215772757,0.10625,1.1889469312722389e-08,2.3395662528840058,5.370053196589754,1,3.9120985782241373,7.432251340725445e-10,2.5934924572387668,5.901121957392424,1,0.0,0,1
S2_N160,7500895,3.2351867324094883,2.494065544952778,4.196534936597486,9.171248294331166e-19,-1.3423655921756987,0.24466960469285604,1.6104276579373098e-07,160,1.4945119166861032e-05,1.868390751400974e-06,True,0.016255314546891893,0.011203010550010268,True,0.7709773619685869,0.8774251733197176,3.730556674992589e-05,0.006249999999999978,1.9361337404204134e-05,0.00625,9.171248294331166e-19,2.494065544952778,4.196534936597486,0,3.2669262602949263,4.848480797438778e-17,2.47763423266373,4.30766052934704,0,,0,1
S2_N160,7500896,2.3651168701816534,1.8110650097384329,3.0886675958836807,2.5963834746360796e-10,-1.3711130791233714,0.2553515748422317,2.794886298985252e-07,160,4.60091431104207e-05,1.8439587700229185e-05,True,0.001264497809191672,0.0016342768827299482,True,0.44020969340379823,0.5032753005948465,6.344203934410517e-05,0.025000000000000022,1.612675379203035e-05,0.025,2.5963834746360796e-10,1.8110650097384329,3.0886675958836807,0,2.405453872869123,4.2599810177458944e-10,1.8261844363455295,3.1684687588730838,0,,0,1
S2_N160,7500897,2.4725562145925246,,,,-1.4405234941966065,0.25725773804289725,9.38299918930574e-08,160,1.2567298668041162e-06,6.268780526663892e-08,True,9.58459139659001e-05,4.8367308006240785e-05,True,0.3728690796624231,0.14554020684997918,0.0005532767278232545,-0.05625000000000002,0.0015552198655052693,-0.05625,6.824355506220996e-10,1.8834832721580328,3.2458659573415956,1,2.7349232455881998,9.355400959181062e-11,2.0540613938943784,3.6414710784653943,1,0.0,0,1
S2_N160,7500898,2.74472752262681,2.0175267997961552,3.734041686200288,1.283546705523001e-10,-1.4124999999999994,0.2678808252244834,4.383149723708069e-07,160,4.7002226120246366e-07,1.1350228242592359e-07,True,0.005164319705803252,0.0025469523178571385,True,0.23643437411364265,0.2704504077118799,0.00022383832824566334,0.03749999999999998,0.00010495487428606962,0.0375,1.283546705523001e-10,2.0175267997961552,3.734041686200288,0,2.9621334981174856,2.6539255741528923e-10,2.1149406323478672,4.148690855179777,0,,0,1
S2_N160,7500899,3.2651542314626805,2.483153235450372,4.293424990063092,2.4278060702199923e-17,-1.7835107692307721,0.2444255946543698,1.3752552059247801e-11,160,1.878604617030122e-06,5.800163313728851e-07,True,6.593762567928699e-05,0.0001133528640852602,True,0.9827689040924593,0.9644494398360002,0.00012717636388660434,-0.03125,6.500107385108142e-05,-0.03125,2.4278060702199923e-17,2.483153235450372,4.293424990063092,0,3.7923994582368246,2.866954172495005e-17,2.783975761679014,5.166098731463455,0,,0,1
S2_N160,7500900,2.7693629525051175,2.122197670816811,3.613881622891427,6.34260783763189e-14,-1.2587015522638532,0.2797304116107046,1.3180948233613273e-05,160,0.0019126655832592777,0.002446671686237526,True,0.00017110023813347313,4.094750463200188e-05,True,0.28510129240205007,0.4366456069657474,1.2322186073359474e-05,-0.006249999999999978,1.2652984085046772e-05,-0.00625,6.34260783763189e-14,2.122197670816811,3.613881622891427,0,3.17428360564929,6.39832814379008e-16,2.3987443658217047,4.2005628247269415,0,,0,1
S2_N160,7500901,3.211059441292673,2.501985587284919,4.121087982246892,5.0141203318820397e-20,-1.4632588892153993,0.2738771130446407,3.167289944898174e-07,160,9.521627231630218e-07,1.751518982278518e-07,True,0.06998740242434062,0.0330483226011693,True,0.8550689071798481,0.9412832083287959,0.0034694452246870756,0.08749999999999991,0.0024374892505403013,0.0875,5.0141203318820397e-20,2.501985587284919,4.121087982246892,0,3.5209135954975523,4.944268565892323e-19,2.6696418141849483,4.6436313969498935,0,,0,1
S2_N160,7500902,3.3062025010729954,2.55339769901172,4.280952780028003,1.1791854204724987e-19,-1.2674517531081948,0.2608720230228068,2.8403068115386325e-06,160,2.191603359184683e-06,4.5661723597624715e-08,True,0.03941837573324931,0.060897487345554495,True,0.15777849140235722,0.1138485514176793,3.0229837758417464e-06,-0.006249999999999978,4.6368823501637865e-07,-0.00625,1.1791854204724987e-19,2.55339769901172,4.280952780028003,0,3.443897141861339,1.0368244352231123e-18,2.617323661266223,4.531509686495097,0,,0,1
S2_N160,7500903,2.548392665049474,1.9647871854023373,3.305347888834126,1.793273931282676e-12,-1.3928828963659334,0.2766347652415275,1.2966418346870997e-06,160,8.933772327706384e-06,1.957677862189628e-06,True,0.0053203248772547024,0.0021312986872814646,True,0.8550641362244906,0.8477600945929528,0.0004557930238325224,-0.05625000000000002,0.00021057957000821637,-0.05625,1.793273931282676e-12,1.9647871854023373,3.305347888834126,0,2.8302134426307854,2.884895143352474e-14,2.164469010495157,3.700726641041426,0,,0,1
S2_N160,7500904,3.690150461160357,2.8378094292739657,4.7984936146631485,1.9608371649328016e-22,-1.6441699620757826,0.269339316445975,7.767269348184238e-09,160,8.360468476814267e-06,1.1963075557219224e-05,True,0.05258403908169294,0.05409759471622796,True,0.3792056243184392,0.41217248512493654,6.359014213008151e-05,0.018750000000000044,0.00020018216815207034,0.01875,1.9608371649328016e-22,2.8378094292739657,4.7984936146631485,0,3.891450139031283,4.9414059522271386e-24,2.99034061109675,5.064100098955797,0,,0,1
S2_N160,7500905,2.3584232309921433,1.7999570578784392,3.090162685902845,4.878325832713772e-10,-2.001040934675081,0.23609568512405577,1.602244208743069e-14,160,6.622245197416818e-06,7.451415644417335e-06,True,0.0010905839642767362,0.0023786427301200693,True,0.4683012734493076,0.28076785523497005,0.012407570937387487,-0.11250000000000004,0.008354961101433358,-0.1125,4.878325832713772e-10,1.7999570578784392,3.090162685902845,0,2.6110298425642746,1.7259683157695946e-09,1.9104972300795997,3.568430632310926,0,,0,1
S2_N160,7500906,2.3383446051801795,1.8239525447789262,2.997805786245379,2.0643228154229494e-11,-1.6479115159297528,0.26884174765035485,6.836158793435108e-09,160,1.0428217057724848e-06,3.6904322612193757e-07,True,0.36779590193985745,0.6176133781590993,True,0.9111459255009606,0.7345467764043738,2.8342098045965502e-05,0.006249999999999978,2.361835002995218e-05,0.00625,2.0643228154229494e-11,1.8239525447789262,2.997805786245379,0,2.5490499775225275,6.05871516548935e-12,1.9524532709582414,3.327944327558028,0,,0,1
S2_N160,7500907,3.208453581831675,2.506888036513447,4.10635586305862,2.0421368139716317e-20,-1.1093548808223241,0.26776615657307307,5.586086871976727e-05,160,1.5955611038949845e-05,1.0733677334817944e-06,True,0.007828929263469253,0.012238205094697883,True,0.006716683579101175,0.028224190815121706,0.0011763835561921679,0.0625,0.002145078830242374,0.0625,2.0421368139716317e-20,2.506888036513447,4.10635586305862,0,3.726932328857151,1.0017927197994787e-22,2.865632985026004,4.847105214261952,0,,0,1
S2_N160,7500908,2.72220455845306,1.9987605325487467,3.7074964896435834,2.1002666714291705e-10,-1.4963462451262912,0.2559713557938145,2.8286053788208034e-08,160,2.3188280978466872e-06,8.402948581757854e-07,True,0.0006999622432840489,0.0005469303781671413,True,0.5381256460927436,0.48704218132951216,5.702743938805738e-05,-0.025000000000000022,3.212521962305957e-05,-0.025,2.1002666714291705e-10,1.9987605325487467,3.7074964896435834,0,2.856781023079515,5.382373085138265e-11,2.0877158964507667,3.909151541022287,0,,0,1
S2_N160,7500909,2.4000144905649177,1.8405113810887248,3.1296027908908157,1.0158803323450988e-10,-1.8840092913019455,0.2649467842710098,3.831704973525188e-11,160,0.00010438230991996651,3.3096061746319954e-05,True,0.019803737753094797,0.019326704332216428,True,0.5243355382846078,0.47967345342968615,0.0019357917558766801,-0.07499999999999996,0.003399119927004842,-0.075,1.0158803323450988e-10,1.8405113810887248,3.1296027908908157,0,2.555945900570381,8.37315234912963e-13,1.9765592005579977,3.305167608841799,0,,0,1
S2_N160,7500910,2.610396273015178,2.0134717787178915,3.384288160477997,4.3879625325825677e-13,-1.6874999999999982,0.2655034297174564,2.1462144260136994e-09,160,0.00020496166184704037,9.445258406457123e-05,True,4.358521018814426e-06,9.244556535706924e-05,True,0.5425824536006516,0.6572182876090404,4.6985544863253994e-05,0.018750000000000044,7.320183404794874e-05,0.01875,4.3879625325825677e-13,2.0134717787178915,3.384288160477997,0,2.7791929569638874,2.0978179480385844e-12,2.089853372818812,3.695911680932712,0,,0,1
S2_N160,7500911,3.0114836710514132,2.341560044869951,3.8730733900582015,8.894114239741535e-18,-1.1750000000000032,0.28838950852667244,7.304453756449194e-05,160,2.005532159905743e-08,1.4154396023188583e-09,True,0.12060835265984839,0.11501400072469416,True,0.19460649358236526,0.4178329322993425,0.00037473505083934294,-0.03749999999999998,0.0002669906742038186,-0.0375,8.894114239741535e-18,2.341560044869951,3.8730733900582015,0,3.2678376241090707,2.822787277628855e-17,2.4833069470875966,4.3002186057051,0,,0,1
S2_N160,7500912,3.1691920089710175,2.4459388449269164,4.106307895047088,2.6094637821991357e-18,-1.0397411789562656,0.2637637890051437,0.00012142477975924239,160,7.443624231968639e-06,1.691805634024036e-05,True,0.05028657007553087,0.032237058179989196,True,0.6726965900083774,0.7061183839274594,0.00028710581952399593,-0.043749999999999956,0.0003057396559861135,-0.04375,2.6094637821991357e-18,2.4459388449269164,4.106307895047088,0,3.537668710211256,2.846010544740068e-18,2.66285477381603,4.699880754395362,0,,0,1
S2_N160,7500913,2.580144539614944,2.020706616348827,3.294464318295484,2.931784505177689e-14,-1.3085402721822192,0.2873760865714946,1.0529209571489457e-05,160,0.0006782867261641487,0.0002898029688988777,True,0.01013003499251961,0.013576604878594441,True,0.988548561232086,0.9562968904209738,0.0007996411249818802,0.0625,0.000987367695476006,0.0625,2.931784505177689e-14,2.020706616348827,3.294464318295484,0,2.70395153833759,2.1352576403907542e-14,2.095106158321496,3.489729574149954,0,,0,1
S2_N160,7500914,2.701893411986299,2.0187450468213703,3.616220889918512,2.3315488887231834e-11,-1.718221351746116,0.2739590202475917,3.309671262691328e-09,160,0.00021117941624954458,0.0002503752741879571,True,0.0011015966953073313,0.0006502708989384559,True,0.37238260089516595,0.47698151365398034,0.0010404606662184454,0.07500000000000007,0.00035050868065868043,0.075,2.3315488887231834e-11,2.0187450468213703,3.616220889918512,0,3.0287631666107986,1.191789885225661e-11,2.1986986629023604,4.172198070702899,0,,0,1
S2_N160,7500915,3.6010751732487827,2.7670573022757705,4.6864741083328525,1.5437964868352431e-21,-1.5690260993195886,0.26998787145614733,3.348849514978389e-08,160,0.0007325354040454836,0.0006952686832760954,True,0.0012367045945882215,0.000552425663142872,True,0.42998872586806003,0.5440475017329087,0.0023532900035194908,0.08750000000000002,0.002189670908937402,0.0875,1.5437964868352431e-21,2.7670573022757705,4.6864741083328525,0,3.934448491698885,6.131116554596565e-22,2.9769752088148578,5.199870287127522,0,,0,1
S2_N160,7500916,2.887742713929165,2.211580843904198,3.7706322175994633,6.627010446641034e-15,-1.3093256255712118,0.2552524547289709,8.461084015540239e-07,160,3.089119876341646e-06,3.616984507660735e-06,True,7.928188081062555e-07,9.98288654008847e-08,True,0.3622106425416459,0.3712366192571097,0.0006356075768272372,0.07500000000000007,0.0004194965026949489,0.075,6.627010446641034e-15,2.211580843904198,3.7706322175994633,0,3.184072523836492,1.0096513414867842e-16,2.4224820720434317,4.18509509484152,0,,0,1
S2_N160,7500917,2.6906889520384394,2.0840589246084504,3.4738974753230254,3.11561209721032e-14,-1.668826023585531,0.25050415701987755,4.31800787060891e-10,160,4.302725249450521e-07,6.03720821640909e-07,True,0.0008512017635017009,0.0003810736693908461,True,0.6602616129872341,0.45281510490278665,0.00010752727462402083,0.018749999999999933,0.00011655169776002454,0.01875,3.11561209721032e-14,2.0840589246084504,3.4738974753230254,0,2.797551414607471,1.355249425636663e-13,2.1303685559186443,3.673680732673721,0,,0,1
S2_N160,7500918,2.6667799623090236,1.994522012446468,3.5656239053735646,3.627318621275501e-11,-1.2375000000000012,0.27446221926897985,1.2689231915591582e-05,160,3.985252479836774e-07,9.499075641299422e-08,True,0.03523363640292251,0.0820682793369923,True,0.7506769722563741,0.9890677324962007,1.5744421495207017e-05,0.0,5.748539784557799e-06,0.0,3.627318621275501e-11,1.994522012446468,3.5656239053735646,0,2.847067380738557,9.945931058743836e-12,2.106525899681823,3.8479435129137673,0,,0,1
S2_N160,7500919,2.5172089637446997,1.9463973960746888,3.255419977408109,1.9844406962508487e-12,-1.5306652825147955,0.24903801595554786,6.282659751539715e-09,160,2.8358016391192607e-06,4.199093607181456e-07,True,0.0021827132361799885,0.0015234157548462508,True,0.6345900337023527,0.7709896740953138,4.219364916245978e-05,0.018749999999999933,6.186036010926148e-05,0.01875,1.9844406962508487e-12,1.9463973960746888,3.255419977408109,0,2.7445946275431146,8.490989037422552e-14,2.1053058443352537,3.5780072951429034,0,,0,1
S2_N160,7500920,3.7054506556816307,2.819592998741546,4.869626420486797,5.654441654667004e-21,-1.6408015078367348,0.2542573267260526,1.2935724727710145e-09,160,0.0001990987569862421,4.806823655581055e-05,True,2.2088912554155535e-05,2.4863541856161454e-05,True,0.4521552606665955,0.4010757737269407,0.0013656165849413322,0.07500000000000007,0.0014715433059127767,0.075,5.654441654667004e-21,2.819592998741546,4.869626420486797,0,3.8714946319407417,4.383048806461681e-19,2.8761070416845977,5.211374426581464,0,,0,1
S2_N160,7500921,2.9778120441478633,2.24196962596493,3.9551671296419175,4.88317866745218e-14,-1.3444052429387505,0.27941623984482516,3.489142492573169e-06,160,2.687664533941699e-05,2.7459906069815423e-06,True,8.414449702691063e-06,6.076298800298865e-07,True,0.6027127033684134,0.6240693571059541,9.372180383012729e-05,-0.02499999999999991,4.81840859959809e-05,-0.025,4.88317866745218e-14,2.24196962596493,3.9551671296419175,0,3.150396363467498,6.050491973105703e-13,2.305096768038984,4.305674878626782,0,,0,1
S2_N160,7500922,3.1041096344286343,2.439721815764615,3.9494242992342463,3.025276623071705e-20,-1.8942332648079163,0.261472532548029,1.8368001935568663e-11,160,2.4997198806171325e-07,5.7018555624342225e-08,True,8.535432399660085e-05,6.758875884893325e-05,True,0.0816504744464701,0.03795598518488732,2.5581469177514776e-05,0.0,1.1514299578592858e-05,0.0,3.025276623071705e-20,2.439721815764615,3.9494242992342463,0,3.190436337705872,8.038924842727298e-17,2.4283359462383287,4.191711628995114,0,,0,1
S2_N160,7500923,2.662380273447906,2.0845218656257947,3.400429056337375,4.370023601026013e-15,-1.9280785028006735,0.2592431769167823,6.284041536059786e-12,160,7.456711337489566e-05,1.168336530675748e-05,True,0.006636647141281669,0.010151906994000655,True,0.5911810036563031,0.8077142331333997,0.0002080574736787956,-0.04375000000000007,0.00011750682731492964,-0.04375,4.370023601026013e-15,2.0845218656257947,3.400429056337375,0,2.7910846465950208,3.037153194904537e-15,2.1628638453936917,3.6017771165065926,0,,0,1
S2_N160,7500924,2.748777939252446,2.07497883494554,3.6413769779580587,1.8199985163597894e-12,-1.653258215634177,0.25558928944562254,1.1954911915978395e-09,160,0.0011589260984056417,0.00027420958559322894,True,0.00045917567629277507,0.00018571286374081898,True,0.36095060450756034,0.3889570293086184,0.0006164335736203786,0.043749999999999956,0.00011750682731492964,0.04375,1.8199985163597894e-12,2.07497883494554,3.6413769779580587,0,2.8263382512137327,3.1007444842676753e-09,2.0385138726947334,3.918633087207902,1,0.0,0,1
S2_N160,7500925,2.6792804814827464,2.0885369930722275,3.4371159918478704,8.837389131162374e-15,-1.3500000000000012,0.2929597944331896,8.359313003558802e-06,160,0.00041165097252180517,0.00026259962684063276,True,0.0028305614349834656,0.008901658442192898,True,0.22160161552732327,0.10195313698921857,0.022428497790362895,0.13124999999999998,0.01984399785864794,0.13125,8.837389131162374e-15,2.0885369930722275,3.4371159918478704,0,2.98052803531053,1.4942494341049701e-16,2.299904170784973,3.862572833302021,0,,0,1
S2_N160,7500926,2.5409757119996126,1.9370418968390373,3.3332049138989066,1.6403307234015976e-11,-1.03666050596254,0.26790641096632783,0.00015953387293989513,160,1.477878033386907e-07,3.8804359938188323e-08,True,0.006838916394823038,0.003026062706833099,True,0.22732675194747898,0.31041165982379537,1.3407998343152795e-05,-0.006249999999999978,7.930039900036434e-06,-0.00625,1.6403307234015976e-11,1.9370418968390373,3.3332049138989066,0,2.599679962805903,7.150728997170068e-10,1.91849445692584,3.5227289214293243,0,,0,1
S2_N160,7500927,2.6608940896315727,2.067545326054031,3.4245234031939216,2.90188343530897e-14,-1.8375000000000012,0.24424253691530828,3.880897713256134e-12,160,6.63745435794492e-08,1.2637532434140805e-06,True,0.05905282936169913,0.043721879242911876,True,0.017665814584354043,0.00690278788661257,6.190825444866611e-05,0.03749999999999998,5.912788710450093e-05,0.0375,2.90188343530897e-14,2.067545326054031,3.4245234031939216,0,2.904493779511087,3.808822907075024e-16,2.2471547492156456,3.7541180099693428,0,,0,1
S2_N160,7500928,2.795064795941579,2.1147444977408325,3.69424638383401,5.097268606373372e-13,-1.1598311077248005,0.2816480855646053,6.161120257687695e-05,160,0.0018148052421114846,0.0005645751471529234,True,0.003118985866721837,0.003532954817719884,True,0.05186553179784421,0.04093522196197713,0.00033726799329057694,-0.043749999999999956,0.00022873508369553887,-0.04375,5.097268606373372e-13,2.1147444977408325,3.69424638383401,0,3.080716593996562,1.2184612014264297e-12,2.258503454770169,4.2022582309893295,0,,0,1
S2_N160,7500929,2.2000873441550484,1.71207250633008,2.827207553427068,7.1754328473429e-10,-1.5209456147206142,0.25991565312091025,2.747007523096547e-08,160,4.713158215477662e-05,2.8712528340421596e-05,True,0.00020974745172011217,0.0002855290614908352,True,0.2278878054432515,0.1817668699684356,4.3451655928467284e-05,-0.018750000000000044,1.1731985912081421e-05,-0.01875,7.1754328473429e-10,1.71207250633008,2.827207553427068,0,2.2859643315812397,4.691353332743565e-10,1.762339010358236,2.9651689570211768,0,,0,1
S2_N160,7500930,2.456251591220428,1.838785343136825,3.281063720619375,1.1775981106103059e-09,-1.3559962678040964,0.2677495952276056,1.1363059408899531e-06,160,0.0002198218464882963,1.9692003691415304e-05,True,0.0024664752926940297,0.004271389414473945,True,0.9032459725058973,0.7539391512089683,0.0021831144198235604,-0.09375,0.0013373589169282584,-0.09375,1.1775981106103059e-09,1.838785343136825,3.281063720619375,0,2.5985274430985377,7.531895376243188e-11,1.9492117726936695,3.4641412324351877,0,,0,1
S2_N160,7500931,2.5687362976859918,2.0367185329456183,3.2397241250152247,1.6187649435670856e-15,-1.487500000000003,0.2668933557819714,1.0637587069062449e-07,160,6.243107420904905e-05,3.8556355839974045e-05,True,1.877641321016604e-06,2.682617390336285e-06,True,0.8626902969638046,0.9876720372663929,0.00021386693059419182,0.043749999999999956,0.0003502707100969371,0.04375,1.6187649435670856e-15,2.0367185329456183,3.2397241250152247,0,2.6500668655351776,8.064868140100878e-15,2.0722586695581806,3.388985407552793,0,,0,1
S2_N160,7500932,2.860066792774773,2.1756171878136783,3.7598443811492435,5.0857076192228956e-14,-1.3868832217152467,0.2627788115090018,4.2849810336237304e-07,160,8.269109963758839e-06,9.791061051408723e-07,True,0.019197760823418144,0.013125768141173513,True,0.19970055278792254,0.20566926534702046,0.07151238517070033,0.16875000000000007,0.07615768505128617,0.16875,5.0857076192228956e-14,2.1756171878136783,3.7598443811492435,0,2.965222449120131,2.7219083792192164e-13,2.215364864070369,3.968892129403521,0,,0,1
S2_N160,7500933,2.7588442786339877,2.0796380364182383,3.6598781232431676,1.9536935488170957e-12,-1.6789049428508092,0.2537502710225845,5.494467938657363e-10,160,0.0001592518424971581,7.375719311791277e-05,True,0.0005510456193807738,0.000629406180164867,True,0.2824468426208375,0.4824505395310953,0.00010165861831543833,0.018749999999999933,6.186036010926148e-05,0.01875,1.9536935488170957e-12,2.0796380364182383,3.6598781232431676,0,2.9857866366504013,2.286022710612837e-13,2.228685593104762,4.00008052602019,0,,0,1
S2_N160,7500934,2.5567091896369845,2.037381436984417,3.208413388731686,5.35661501675623e-16,-1.5336897706776629,0.29707437673518167,7.275914382386367e-07,160,1.5453170366964184e-06,5.849218801091748e-07,True,0.15631081171597921,0.39648698991921105,True,0.928274269392371,0.9685538802927889,0.0013221309253655781,-0.06874999999999998,0.002491254312158633,-0.06875,5.35661501675623e-16,2.037381436984417,3.208413388731686,0,2.6046809678642195,6.374708911090542e-15,2.0475535400741345,3.313399533429759,0,,0,1
S2_N160,7500935,2.3251647565200906,1.7672162981716732,3.0592696267890216,1.6673177006855273e-09,-1.5989387071768486,0.26675127577979446,1.3532950666740396e-08,160,1.036606321641475e-08,6.976282701465669e-09,True,0.000901788889647622,0.002073843871929822,True,0.9439683285559894,0.998632859349705,0.001359071590853307,0.06874999999999998,0.0011390928212425923,0.06875,1.6673177006855273e-09,1.7672162981716732,3.0592696267890216,0,2.3628301825067246,1.0246076857223345e-08,1.7604473356970796,3.171333988900093,0,,0,1
S2_N160,7500936,2.13682000200209,,,,-1.2000000000000033,0.2468725006016328,2.8119116342689505e-06,160,3.7668466009715766e-08,5.953210940211914e-10,True,0.0001612371131105636,0.0005485980088647432,True,0.7192700561510394,1.0,0.00021287520703602416,0.04999999999999993,7.085074231957208e-05,0.05,7.735400756466437e-08,1.6376143060302562,2.788202145122108,1,2.31426422731566,1.788523556944613e-08,1.7503744738735783,3.059813196418777,1,0.0,0,1
S2_N160,7500937,3.006175992784332,2.3134102720199907,3.9063949049132485,1.7872810686664901e-16,-1.28836712696705,0.27032097260997306,4.250382130311491e-06,160,4.11204695981685e-05,6.70528024672842e-05,True,0.01410333006218025,0.0037519153125022335,True,0.9842833209981422,0.8290235755340652,0.00019337306330620405,-0.03749999999999998,0.00020089952954912605,-0.0375,1.7872810686664901e-16,2.3134102720199907,3.9063949049132485,0,3.164586710541249,3.826488308153109e-15,2.3744662862088726,4.2176252856063225,0,,0,1
S2_N160,7500938,2.2192994829978807,1.709723504469631,2.880752462230741,2.1025782002348844e-09,-0.9488818522346517,0.2791256523226283,0.0008560128011794632,160,5.024481316986035e-05,1.4140361376866125e-05,True,0.12125293084680777,0.13971570439769584,True,0.43327210808131533,0.5613394652263053,0.0002066271709736383,0.03125,0.00020302367601353466,0.03125,2.1025782002348844e-09,1.709723504469631,2.880752462230741,0,2.3482199017923984,3.3995302176060643e-09,1.7693363044252048,3.1165000646755225,0,,0,1
S2_N160,7500939,2.3226436039659717,1.7947828471573641,3.0057526567006683,1.4913714208136144e-10,-1.646044560223941,0.27332396120329555,1.1749015904535792e-08,160,7.595129240509941e-10,5.3769188587873854e-12,True,0.002673750595581647,0.001083533539303233,True,0.7700203453088229,0.6949987874351835,0.0002879434572911853,0.05624999999999991,0.00034380984716706663,0.05625,1.4913714208136144e-10,1.7947828471573641,3.0057526567006683,0,2.442275933168513,6.415605879184572e-11,1.8683804886776403,3.192450236919194,0,,0,1
S2_N160,7500940,2.436851332196996,1.871546119868661,3.1729084056165293,3.736733381768052e-11,-1.607956367162251,0.2661110762912734,1.0620280676011023e-08,160,4.675184212721537e-06,2.0164596067142627e-05,True,0.013369239126975387,0.012626719851725973,True,0.8344369519718003,1.0,0.00021557808748482642,-0.043749999999999956,0.0002652896437584898,-0.04375,3.736733381768052e-11,1.871546119868661,3.1729084056165293,0,2.64125760161082,4.9152265277503e-12,2.005086281283422,3.4792725795328696,0,,0,1
S2_N160,7500941,3.2576387775500804,2.47109491809654,4.294537748138167,5.4609100401908007e-17,-1.4470087050615343,0.2360332993945614,6.8065323164567045e-09,160,1.0325001027161649e-06,2.6812814875737563e-06,True,0.009537054613660095,0.04711188932960799,True,0.8361434697083152,0.9726647847386091,0.0007013762986125109,0.05625000000000002,0.0009541200673700769,0.05625,5.4609100401908007e-17,2.47109491809654,4.294537748138167,0,3.626421451315686,6.126955668862779e-16,2.6538678713612254,4.955383304677174,0,,0,1
S2_N160,7500942,2.624843641618986,2.0533834634164183,3.355342178262392,1.3260879700890931e-14,-1.6315429918223332,0.29844538810358945,1.7675525202607457e-07,160,2.3149958000994212e-07,2.105677773418281e-06,True,0.0011340230237840319,0.001760482208369848,True,0.4049615163892065,0.1825500201406286,0.019884069674161006,0.125,0.011287825019867562,0.125,1.3260879700890931e-14,2.0533834634164183,3.355342178262392,0,2.8969824351269295,3.701807314024558e-12,2.191217387620148,3.8300660066178764,1,0.0,0,1
S2_N160,7500943,3.2631042158168664,2.5549871943158045,4.167476512982358,2.6548547230191694e-21,-1.6148769561215102,0.276580576147791,2.9284482561627592e-08,160,8.104906578373118e-05,0.00012589326181463445,True,0.0011260932195826315,0.0009024739376386326,True,0.98964616610622,0.9426758100725716,0.075281669005542,0.16250000000000003,0.08355849462916574,0.1625,2.6548547230191694e-21,2.5549871943158045,4.167476512982358,0,3.693674998235462,3.746889942206334e-20,2.795779685610013,4.879939239422906,0,,0,1
S2_N160,7500944,2.4991228779370545,1.8965008535699028,3.293230871619104,7.715384013858912e-11,-0.8474346674514412,0.28137474117579314,0.0030280912695580652,160,9.836975278255704e-07,5.143440329704049e-07,True,4.626999959176994e-07,3.905619218414382e-07,True,0.4301780096950658,0.6671119790473166,0.0026375542547843844,0.08124999999999993,0.0016976763569097315,0.08125,7.715384013858912e-11,1.8965008535699028,3.293230871619104,0,2.758177433189331,5.141329661534949e-12,2.06771941543283,3.6791949121212943,0,,0,1
S2_N160,7500945,2.676688101106489,1.9918654024877023,3.596959504219962,6.566533835140657e-11,-1.788943131595563,0.25356053481249163,5.1937807726053994e-11,160,0.0009481817588280425,0.00034329709024169883,True,0.1003637338228457,0.07633817442376585,True,0.598653165076395,0.5349607092096855,2.9622535385960082e-05,0.018750000000000044,5.1890880106789184e-05,0.01875,6.566533835140657e-11,1.9918654024877023,3.596959504219962,0,2.841693726940673,3.2452500152798984e-11,2.0873311901249,3.8686832621184433,0,,0,1
S2_N160,7500946,2.6533593765807075,2.065872941908596,3.407913351527045,2.1391594475020462e-14,-1.5554813018436382,0.23985349269507783,1.0954937738855593e-09,160,0.007585419415111838,0.002740765898043148,True,0.0005188784429104585,0.00013877054350098513,True,0.6876360716718952,0.6621403025004473,0.0019187010002037314,0.07500000000000007,0.0016411338832521556,0.075,2.1391594475020462e-14,2.065872941908596,3.407913351527045,0,3.015582894468079,2.076168371091437e-14,2.2724120696366437,4.001800692276096,0,,0,1
S2_N160,7500947,3.3929805932060093,2.6564021158908266,4.333800683640827,1.3185678839392042e-22,-1.2966712853461373,0.2678730389569071,3.0721014962463482e-06,160,2.74611626842044e-06,4.790986443174628e-07,True,0.02102052173537553,0.03584239238726428,True,0.4199255949175702,0.5761435292720215,0.0003368024323687256,0.050000000000000044,0.00030235258776017347,0.05,1.3185678839392042e-22,2.6564021158908266,4.333800683640827,0,3.9563694691509004,2.2137673761412545e-25,3.0538527589447124,5.1256103722035276,0,,0,1
S2_N160,7500948,3.082047828575771,2.3527443433799506,4.037420744143557,3.071821617171452e-16,-1.514133057899107,0.2866043615855044,4.1820298915950834e-07,160,9.021618202117743e-05,5.746204119359832e-05,True,0.012451040763736747,0.01085533306833295,True,0.429205980340015,0.31537356038775555,0.0002797135655564052,0.05625000000000002,0.00024999590502307323,0.05625,3.071821617171452e-16,2.3527443433799506,4.037420744143557,0,3.2380004843249535,3.115587821620357e-17,2.4649545161226842,4.253485031026349,0,,0,1
S2_N160,7500949,2.9354298009262734,2.3202794818643038,3.7136681953687116,2.835944016582183e-19,-0.8715070298769787,0.2954869783601814,0.0036712230578972594,160,4.614089343354915e-06,5.430624348147425e-06,True,0.0011917831106418573,0.0008671375123613744,True,0.2861182598587255,0.235385130815284,0.016799459568539843,0.125,0.017075156820588265,0.125,2.835944016582183e-19,2.3202794818643038,3.7136681953687116,0,3.1936420506611793,9.82064595999392e-20,2.486361238953069,4.102118947143006,0,,0,1
S2_N160,7500950,2.5152495788156,1.8764839840787697,3.3714545380668093,6.802909206683144e-10,-1.39696947740241,0.2687313394074115,6.177938487524849e-07,160,0.0009996914209812477,0.0003740621082364252,True,0.2086725501768235,0.14517564977517686,True,0.031373694049325496,0.09420833532324359,5.597522718918497e-05,-0.025000000000000022,3.2125219623059744e-05,-0.025,6.802909206683144e-10,1.8764839840787697,3.3714545380668093,0,2.734055911631423,1.7472422095337883e-10,2.0075275173844007,3.7235164465720287,0,,0,1
S2_N160,7500951,2.3202452462013894,1.8199270021331666,2.9581065593345297,1.1049053942245878e-11,-1.8307665566402125,0.25793960234944086,4.119936905355467e-11,160,3.752442118959033e-06,6.772650325961644e-07,True,0.2203451041584552,0.20950155343257482,True,0.2028859441435652,0.28497570106234993,8.493180091064995e-05,-0.03749999999999998,0.00020089952954912605,-0.0375,1.1049053942245878e-11,1.8199270021331666,2.9581065593345297,0,2.523926618539432,4.524538139839723e-12,1.9417424916366646,3.2806644563886245,0,,0,1
S2_N160,7500952,2.6907853474043266,2.0402304929174573,3.548778341927639,2.3907424067452315e-12,-1.5821509171228283,0.28290362414246834,9.703486792326361e-08,160,0.0002994581612864616,0.0001893099687877986,True,0.0005022948301320539,0.0004917664433700623,True,0.9545364861169318,0.8410525889620365,0.001083390839768676,-0.08750000000000002,0.0019569091840986566,-0.0875,2.3907424067452315e-12,2.0402304929174573,3.548778341927639,0,2.951295642668972,3.246319107758513e-14,2.231572689049637,3.903142395126847,0,,0,1
S2_N160,7500953,2.585912444481574,1.9814295895840968,3.374807364176016,2.6788635781013548e-12,-1.3987159621143501,0.27423998266398236,9.660147879028294e-07,160,0.0001632040127544974,0.00011903625031453947,True,0.00019352255790321048,0.0001511410752620792,True,0.6414125718055679,0.6045437778027773,0.0001075807204201853,0.03125,7.82400882741019e-05,0.03125,2.6788635781013548e-12,1.9814295895840968,3.374807364176016,0,2.6793793102348875,5.277206451430942e-13,2.050245618064741,3.5015675316459016,0,,0,1
S2_N160,7500954,2.166185955974088,1.7117105753275754,2.7413288575151675,1.2448136748282177e-10,-0.8999999999999997,0.2707561774323036,0.0011043419041115627,160,0.00021558402403685457,3.5063465875028984e-05,True,0.0017990229350349132,0.001771144556647373,True,0.07590313081561136,0.1245102266194265,4.5112444827504344e-05,-0.006249999999999978,0.0001166187756058331,-0.00625,1.2448136748282177e-10,1.7117105753275754,2.7413288575151675,0,2.227197957548382,1.2282239599853974e-09,1.7202442944317458,2.883550178404326,0,,0,1
S2_N160,7500955,3.221054859822987,2.5191933328776006,4.118458982319552,1.0770831306549843e-20,-1.5008379153717437,0.2500557725165907,1.3008428983433792e-08,160,3.771612367505579e-09,5.0575500965359274e-11,True,0.029031203778021195,0.016220667861049705,True,0.15999659325532645,0.0908441471838002,0.001101877178954661,-0.0625,0.0008795733753165603,-0.0625,1.0770831306549843e-20,2.5191933328776006,4.118458982319552,0,3.347281407092707,6.658645356720812e-20,2.5828120729419735,4.33802092519499,0,,0,1
S2_N160,7500956,2.4042349521601114,1.8652987336634859,3.0988846992007613,1.2516690062283147e-11,-1.7537589292868274,0.25316565172319516,1.0412610133685836e-10,160,4.5706353238006285e-06,2.7711533674180554e-06,True,0.00767835963500795,0.0134497318660952,True,0.3380963127283936,0.4865750413523664,0.003911314664435359,0.09375,0.0031251714875857556,0.09375,1.2516690062283147e-11,1.8652987336634859,3.0988846992007613,0,2.67005819651332,3.806205634009785e-12,2.0236594488545085,3.522930094193195,0,,0,1
S2_N160,7500957,2.0192368507763647,1.580999578396267,2.5789491124780675,1.8082494425023952e-08,-1.760996857130107,0.24559572390230683,2.765157892580352e-11,160,0.00021085441275660367,0.0002769192190254225,True,0.008947789774226661,0.0019098066704547514,True,0.568443545075531,0.7369775606857836,0.0020823649105267236,-0.08125000000000004,0.0023323174977836494,-0.08125,1.8082494425023952e-08,1.580999578396267,2.5789491124780675,0,2.104822415744977,2.4552881892585112e-08,1.6203679230142927,2.7341181832216774,0,,0,1
S2_N160,7500958,2.612730346390885,2.053043939226251,3.3249945276497797,5.800885475498332e-15,-1.1000000000000028,0.26075532152020536,4.1436295160626444e-05,160,6.254640058144623e-06,4.400801684747518e-06,True,0.0027765381794509826,0.0036976804034212713,True,0.032843463692558306,0.022835670510788473,0.003254919893123177,0.08125000000000004,0.0008950461004096782,0.08125,5.800885475498332e-15,2.053043939226251,3.3249945276497797,0,2.8401120032865426,8.490858276637523e-15,2.181904669010789,3.6968783768492006,0,,0,1
S2_N160,7500959,2.8518953178371707,,,,-1.7283864776539608,0.26075676497497347,5.157156434373346e-10,160,1.1611990184850818e-05,4.346509042082709e-06,True,0.0009914884358955176,0.0009055287768174565,True,0.17562149662990922,0.3576474838185447,2.9111033774067754e-05,0.018750000000000044,2.914340744163405e-05,0.01875,6.556239770109478e-10,2.081962283933058,3.906558234348442,1,3.1483075773225737,1.435996593654801e-08,2.155398501375786,4.598611623372674,1,0.0,0,1
S2_N160,7500960,2.809967793989044,2.0922516785973495,3.7738858494065575,6.606224746997423e-12,-1.0688175221317417,0.29297108453755677,0.00035889991422146766,160,9.160067437985579e-08,6.8635564739072025e-09,True,0.014764036048020835,0.0204269978341865,True,0.3260631585838911,0.3692550423704184,0.0035547737961188074,0.08750000000000002,0.0027003318687658794,0.0875,6.606224746997423e-12,2.0922516785973495,3.7738858494065575,0,2.9808767382036967,4.141025807285184e-12,2.188934461294655,4.059338589383104,0,,0,1
S2_N160,7500961,2.6255508896967696,2.004213997936595,3.4395116896122886,2.4494634336094795e-12,-1.193374768747308,0.2540265071335661,5.703751135281446e-06,160,0.0004894548577076491,0.0002240204289984777,True,0.00019574007342089522,0.0003215624231034044,True,0.8701779075173517,0.8896611416700138,8.891212769706008e-05,-0.018749999999999933,0.00010043779095767471,-0.01875,2.4494634336094795e-12,2.004213997936595,3.4395116896122886,0,2.6306075163841784,2.4578803104712898e-11,1.980304123007302,3.4944611915204398,0,,0,1
S2_N160,7500962,3.0825842837286954,2.3666806734074477,4.015043505049671,6.885974031052327e-17,-1.2657171719869673,0.27624558277156264,9.34128014228962e-06,160,5.153618363017036e-05,0.00012053928152701147,True,0.004009260900179103,0.0025416345642148767,True,0.31154412734630743,0.2322305812730212,7.439898199620438e-05,-0.025000000000000022,2.58308178468322e-05,-0.025,6.885974031052327e-17,2.3666806734074477,4.015043505049671,0,3.539879811230193,4.95899100410979e-18,2.658628627882865,4.713237849971421,0,,0,1
S2_N160,7500963,3.2833536765009597,2.4179901801769215,4.4584181744706575,2.6046477679734555e-14,-1.6343834526650787,0.263214868245536,4.5583651121964985e-09,160,8.02104284957506e-08,1.3199967193363466e-08,True,0.0004498795711004082,0.0002575570157937841,True,0.12585158767720664,0.40332673082277326,2.29311487027812e-05,0.0,7.326053374340003e-06,0.0,2.6046477679734555e-14,2.4179901801769215,4.4584181744706575,0,3.597062758474317,6.696433863853056e-16,2.6364761721754704,4.907634146272769,0,,0,1
S2_N160,7500964,2.5104623167241593,1.9710237457482465,3.1975368421040953,8.815333726255642e-14,-1.5582384577477961,0.2379037785963493,7.801455280228921e-10,160,3.2809379918559504e-08,4.6545936742370125e-07,True,0.016186523645184095,0.04292250854479841,True,0.48915117056407664,0.554035146729964,7.89465805062362e-05,-0.006249999999999978,0.00013267341994634846,-0.00625,8.815333726255642e-14,1.9710237457482465,3.1975368421040953,0,2.749457521726504,1.992213268222823e-14,2.1219082083483025,3.562603054192805,0,,0,1
S2_N160,7500965,2.2964662357165144,1.8021303464793152,2.926401623550103,1.7908566520949738e-11,-1.7416265845134737,0.2673252445322936,9.368287000386733e-10,160,0.0005843500091417319,0.0003806294408587949,True,0.0006661957443204294,0.0031281863799236982,True,0.3131545129520791,0.2967359218660889,9.905599462487395e-06,-0.012499999999999956,3.1974076726379674e-05,-0.0125,1.7908566520949738e-11,1.8021303464793152,2.926401623550103,0,2.4208103269477754,5.182477477693244e-11,1.8592623790410923,3.1519610707550783,0,,0,1
S2_N160,7500966,2.801029276999709,2.1070169351398422,3.723636426343574,1.3371553255819915e-12,-1.270463423886277,0.26306520035754627,3.2257286559994702e-06,160,2.5966193510002353e-06,5.635508448285455e-06,True,0.20720998537280932,0.4548895442105043,True,0.42288608512878323,0.3679562126498064,0.007957245180795706,0.10625000000000007,0.00375640394089952,0.10625,1.3371553255819915e-12,2.1070169351398422,3.723636426343574,0,2.950475461373877,9.061165065658571e-13,2.1926927316688962,3.9701437973681033,0,,0,1
S2_N160,7500967,2.4493609540246597,1.9347075606495616,3.100917784745905,9.778993759518047e-14,-1.2445335966180902,0.2737174945308738,1.0826106021768548e-05,160,5.1398723007891344e-06,2.8414619186260736e-07,True,0.004339579480065443,0.004306509247571397,True,0.4034845833442935,0.5555761823220826,0.0015861809222254973,0.07499999999999996,0.002892936926159074,0.075,9.778993759518047e-14,1.9347075606495616,3.100917784745905,0,2.6716188062589383,7.954523509375407e-13,2.041651864617793,3.495966755964352,0,,0,1
S2_N160,7500968,2.244674397549795,1.7733813043182052,2.841218151305967,1.7634903217325477e-11,-1.4837037478400736,0.25772116639627307,4.373429682965401e-08,160,0.0004855382628389276,0.0009162009641442891,True,0.0017909534919468817,0.0006691362405362966,True,0.9108265035532165,0.8557236845266829,0.00023958621401870076,-0.04999999999999993,0.00025980704820930127,-0.05,1.7634903217325477e-11,1.7733813043182052,2.841218151305967,0,2.419532378225781,1.6741897383281304e-10,1.8450409810932913,3.172903468959262,0,,0,1
S2_N160,7500969,2.4602285880680337,1.9074407018805257,3.1732177569556486,4.1116411298412844e-12,-1.234298401391034,0.2691001396803536,9.149877674637423e-06,160,0.00010589194348946507,0.00023940757813611057,True,3.8366438186875346e-05,7.731672432437617e-06,True,0.9492359138894384,0.7867803554978716,0.004821074946933952,0.08749999999999991,0.004586385018954294,0.0875,4.1116411298412844e-12,1.9074407018805257,3.1732177569556486,0,2.628347836557365,1.2816492576618317e-11,1.9869827529789825,3.4767349336971582,0,,0,1
S2_N160,7500970,2.474007932906668,1.889414183205365,3.2394777738470317,4.5175204069860556e-11,-1.3863980180587856,0.2661602520656583,5.887312932565173e-07,160,4.817744694139822e-07,6.834663985653636e-08,True,1.684088937781928e-05,5.622868037133432e-06,True,0.3530241184934214,0.27333563107319325,0.009654404195990755,-0.11875000000000002,0.00971008990261806,-0.11875,4.5175204069860556e-11,1.889414183205365,3.2394777738470317,0,2.75480318402139,4.318868306058895e-11,2.0382374675798345,3.7232857816637805,0,,0,1
S2_N160,7500971,2.9793467904385276,,,,-1.5339722406708443,0.24671508592321909,4.36971329369683e-09,160,1.0043318026410443e-05,6.559773527366825e-06,True,0.00025043146582765397,0.00015913846253946652,True,0.8397083038819981,0.8290052858620783,0.00014417620695454582,0.04375000000000007,0.0001665321021150193,0.04375,6.354504087044077e-11,2.190673055406317,4.05195438716435,1,2.99077175064715,1.1240460488527402e-07,2.026436006104849,4.414013389775019,1,0.0,0,1
S2_N160,7500972,2.773658463223218,2.1300191601144225,3.611789703429952,3.6529125990263724e-14,-1.450000000000002,0.2694593228093631,2.646582851870649e-07,160,2.529287050702812e-10,1.437984467909122e-10,True,0.04121444271988696,0.013468462763403877,True,0.45123240185638513,0.4755925398936698,0.00010171635314816059,-0.03125,1.3174106413083257e-05,-0.03125,3.6529125990263724e-14,2.1300191601144225,3.611789703429952,0,2.932064506449218,3.9156866467092785e-13,2.192930249319287,3.920326363616861,0,,0,1
S2_N160,7500973,2.440393677134522,1.8562404951144513,3.2083780711997396,1.6487048885704221e-10,-1.5970724284844786,0.26443524627407355,1.0774427409561263e-08,160,1.4046614149764199e-08,1.3248293353739499e-08,True,0.0032573266123546835,0.0029691982656332655,True,0.4229698771284277,0.4979240600331748,0.0014139036492044606,0.06874999999999998,0.0010129536078312715,0.06875,1.6487048885704221e-10,1.8562404951144513,3.2083780711997396,0,2.772793365243161,7.72860508420254e-13,2.097846548730694,3.664892959396085,0,,0,1
S2_N160,7500974,3.223028786152136,2.5323832486674958,4.102030986751822,1.880208264629525e-21,-1.8091982120525931,0.24143548657061414,4.5870254709504015e-12,160,4.524836953784308e-06,1.8496656455233478e-06,True,0.00041171258743103936,0.0001963229561730298,True,0.9130539425681858,0.9032008199023899,7.097156206711335e-05,-0.012500000000000067,8.799035258488446e-05,-0.0125,1.880208264629525e-21,2.5323832486674958,4.102030986751822,0,3.367636155718497,5.603381445706837e-20,2.5965183217962804,4.367761699234507,0,,0,1
S2_N160,7500975,2.9365097646245935,2.2677845236467546,3.8024289820397303,3.080149652496829e-16,-1.0336776394337357,0.2549675706741716,7.899381096905364e-05,160,0.00018435282976182645,0.0001081401252599352,True,0.017568785908838758,0.020898604941793034,True,0.5911311123774565,0.5522816462063848,0.0004386405540782791,0.05625000000000002,0.00045935626422335355,0.05625,3.080149652496829e-16,2.2677845236467546,3.8024289820397303,0,3.3109794876657834,7.760551573570355e-17,2.4985441119739438,4.387589202530717,0,,0,1
S2_N160,7500976,2.841417772080744,2.186518305596141,3.692470780982127,5.610075753341355e-15,-1.2080797708479696,0.25442107970689887,4.5889693879244065e-06,160,5.248914385624231e-05,5.270459332719105e-05,True,0.0053294613546115,0.0028395080937141243,True,0.3749301830147368,0.3054587504768511,3.643576612203366e-05,-0.03125,2.807610310068186e-05,-0.03125,5.610075753341355e-15,2.186518305596141,3.692470780982127,0,3.2319183374791565,8.522395385722353e-15,2.4031303220265157,4.346537532482095,0,,0,1
S2_N160,7500977,2.4464858928936386,1.8819644949819792,3.180343327457353,2.32325922057716e-11,-1.544760834922542,0.27688241775942646,1.0349093824796615e-07,160,1.7265793205957075e-05,7.96710329260146e-06,True,0.0036442501115599656,0.00228049998191128,True,0.45018017165946334,0.6621047148668397,1.1322849540992888e-05,0.006249999999999978,1.5728133492395204e-05,0.00625,2.32325922057716e-11,1.8819644949819792,3.180343327457353,0,2.586391498781223,2.9426421304370657e-10,1.9245931163834096,3.4757585528198165,0,,0,1
S2_N160,7500978,2.8685786572541665,2.207436951200282,3.7277365989455706,3.1748773402507246e-15,-1.34015824484568,0.26614287838935696,1.2943887400269285e-06,160,7.605562242314631e-05,3.7920968051507834e-05,True,0.13720436219360133,0.11935918011972879,True,0.7521930803257979,0.7139710686411807,6.374788929212801e-05,-0.012500000000000067,0.0002469678625097614,-0.0125,3.1748773402507246e-15,2.207436951200282,3.7277365989455706,0,3.001559111375021,1.3916124695033076e-15,2.2919069532607828,3.930943656443143,0,,0,1
S2_N160,7500979,3.6611588897941103,2.8236488874805517,4.74707902804391,1.2125035372081295e-22,-1.5863762489720092,0.2616137592851667,9.5364209858134e-09,160,9.241231511954144e-08,1.1203148488476248e-07,True,0.0005462530737125667,0.0007273467588901603,True,0.3579759723215358,0.762681895276456,1.3083714971885456e-05,0.012499999999999956,1.3818901267259073e-05,0.0125,1.2125035372081295e-22,2.8236488874805517,4.74707902804391,0,4.007157450530319,4.116687258881198e-23,3.044406092999795,5.274365621019577,0,,0,1
S2_N160,7500980,2.7994750306784866,2.1103600735236525,3.7136129259244517,9.314867617001677e-13,-1.5656895710758172,0.23348365801693244,3.419438774328219e-10,160,7.962691685336378e-08,2.842204776220436e-08,True,0.01364110489299516,0.00478056802845973,True,0.22923814911394913,0.35762370572850033,0.00018111917815236107,-0.025000000000000022,0.0002613033826322893,-0.025,9.314867617001677e-13,2.1103600735236525,3.7136129259244517,0,2.8626535870688423,2.9189793128077554e-12,2.130778387447521,3.845911713688216,0,,0,1
S2_N160,7500981,2.3851250354408817,1.833946030405836,3.1019568408062597,8.971570103379733e-11,-1.0011205203730982,0.2847230066403339,0.0005726426058037184,160,0.00023175583586262626,0.00033933650726317784,True,0.0005389248722012037,0.00027851786721722727,True,0.549799587204608,0.6094124503716798,0.00022059544591698045,0.043749999999999956,7.99580350077684e-05,0.04375,8.971570103379733e-11,1.833946030405836,3.1019568408062597,0,2.6382821238453857,2.7245235950422716e-11,1.9831010793418304,3.509923239672808,0,,0,1
S2_N160,7500982,2.723452663248399,2.1168829652486942,3.5038282846607034,6.5031190429214115e-15,-1.3168653197196498,0.262663633390552,1.4285431084771051e-06,160,0.0006018149008277008,0.00023025266752314864,True,0.00023595762054577854,0.00023744935511010103,True,0.7612641076135482,0.7550101759071407,0.011605151919021523,-0.11250000000000004,0.009711674325259413,-0.1125,6.5031190429214115e-15,2.1168829652486942,3.5038282846607034,0,3.0101659832835663,1.0861999505958266e-15,2.2992291629609105,3.940929156991372,0,,0,1
S2_N160,7500983,2.5667796504106217,1.9065673409162074,3.4556124152404792,5.182329058644644e-10,-1.4431649341190442,0.22116775259413674,8.880477895695051e-10,160,2.0936851626047604e-07,1.3802911203121878e-07,True,0.549622337929319,0.576219544205259,True,0.6405295100282518,0.539086522133815,5.001307049559414e-05,-0.006249999999999978,0.00016949771722634012,-0.00625,5.182329058644644e-10,1.9065673409162074,3.4556124152404792,0,2.736286475411476,5.721876516067206e-10,1.9902974286947326,3.7618818009678185,0,,0,1
S2_N160,7500984,2.7776516804299,2.1879409958663585,3.5263057241358564,4.847635213466884e-17,-1.8124999999999967,0.2457470025135364,8.877130851267868e-12,160,9.717868503826894e-06,3.5010526236554222e-06,True,6.412482915855976e-05,2.3279630917448323e-05,True,0.3529054930989758,0.4165433651168684,2.9830840497274285e-05,0.018750000000000044,9.06306347853047e-06,0.01875,4.847635213466884e-17,2.1879409958663585,3.5263057241358564,0,3.042442874973185,2.3478486125962775e-16,2.332182402312494,3.969011445372705,0,,0,1
S2_N160,7500985,2.490653193800905,1.8490340239865724,3.3549157296824825,1.9222053538113727e-09,-1.1468599751417217,0.23408023463086533,2.3723668575128224e-06,160,3.774207912764982e-05,0.0001969628382312829,True,0.012452078375231516,0.016041405986393715,True,0.4866259494847608,0.6091359553955114,0.00010925555424992174,-0.018750000000000044,5.1890880106789184e-05,-0.01875,1.9222053538113727e-09,1.8490340239865724,3.3549157296824825,0,2.6675547250791105,1.236338803551688e-06,1.8165137596274297,3.9173103829124654,1,0.0,0,1
S2_N160,7500986,2.3535470222118353,,,,-1.0155232032692831,0.2573825722509093,0.00011976029214054523,160,1.9649742484740585e-07,7.880231310531992e-09,True,0.058931896292835004,0.05174359697385887,True,0.37288349721672664,0.4477673556480599,6.0952130339687436e-05,0.018750000000000044,5.1890880106789184e-05,0.01875,6.748408497491437e-07,1.6978343376797198,3.262499445812899,1,2.5266926967375976,1.6766608803825893e-06,1.748850179628062,3.6504990868370855,1,0.0,0,1
S2_N160,7500987,2.860496995756818,2.254581636255189,3.6292511795335294,4.973764729678333e-18,-1.5971744735711195,0.2526408575378959,2.557418913524793e-09,160,8.333486283611033e-06,3.1609176524920154e-06,True,0.02446559862150812,0.02887214801890029,True,0.28060094746190944,0.23056261488153895,0.00018846667889367888,-0.03125,0.00011058795365749597,-0.03125,4.973764729678333e-18,2.254581636255189,3.6292511795335294,0,2.9446858266387284,1.220077011676281e-16,2.2804873255302263,3.8023340540122987,0,,0,1
S2_N160,7500988,2.554518882774401,,,,-1.6778295484801071,0.27533813764568865,8.201095405320868e-09,160,1.5345854909991146e-07,1.0915245468305216e-07,True,0.0003968221381230496,0.0007037811168190706,True,0.4392099223042806,0.42279956341172187,0.001036781427151303,-0.06874999999999998,0.00044102414451554226,-0.06875,4.812054578757293e-11,1.9652148690380822,3.32053600105573,1,2.7939236922106847,6.48363643997166e-11,2.091535576829712,3.732190685337663,1,0.0,0,1
S2_N160,7500989,2.7717273569131744,2.098971350675821,3.660113101871214,6.627885678908202e-13,-1.4840010396304169,0.2471052639094039,1.2780431046575529e-08,160,2.3331756942799276e-11,1.7069330196204475e-11,True,0.11991049889037501,0.19681200593294312,True,0.5473206654148826,0.5953901995862847,2.374639805978218e-05,0.012499999999999956,4.979001604345445e-06,0.0125,6.627885678908202e-13,2.098971350675821,3.660113101871214,0,3.2889507021138105,1.0726668394701398e-15,2.4584924640251185,4.399930802807785,0,,0,1
S2_N160,7500990,3.15809526445807,2.384786055572126,4.182163710698049,1.0152839061077809e-15,-1.3342506137055965,0.267327587396033,1.579363062365002e-06,160,1.4796207710244424e-05,7.785786601664403e-06,True,0.02064778386726424,0.0634141156250704,True,0.6327471543118399,0.6721653461268073,0.00017643950418253345,-0.03125,0.00023277897888480492,-0.03125,1.0152839061077809e-15,2.384786055572126,4.182163710698049,0,3.2909261708122846,2.9986669270371316e-14,2.420351687931063,4.4746369363350444,0,,0,1
S2_N160,7500991,2.5111259090614837,1.897059987391283,3.3239609569917383,1.2330152164170547e-10,-1.393170857911622,0.2433647542013155,5.122299478674284e-08,160,0.000163995490348861,0.0002493119836789974,True,0.0013320226656281717,0.007240595875475315,True,0.976597734796038,0.979502749739338,0.00033870331586864904,-0.04375000000000007,0.00026528964375848927,-0.04375,1.2330152164170547e-10,1.897059987391283,3.3239609569917383,0,2.7643185760743485,7.713540829616903e-12,2.0659661065267265,3.698733084676024,0,,0,1
S2_N160,7500992,2.3504103069374107,1.7839152618805207,3.0967999035638143,1.2509716355074896e-09,-1.1594104733347628,0.245063579414265,4.944430386048791e-06,160,0.00010662458280917408,7.828646177643423e-05,True,0.002452705166311824,0.0007273078632697588,True,0.38909618720113825,0.6622738900366345,0.00025753063091486783,0.04375000000000007,0.0003057396559861135,0.04375,1.2509716355074896e-09,1.7839152618805207,3.0967999035638143,0,2.4441284392996665,3.688146912322795e-09,1.8160923334506265,3.289350281239889,0,,0,1
S2_N160,7500993,2.4200802897443907,1.8273287908418518,3.205109358623451,7.018473253429084e-10,-1.260583274821959,0.248675019394688,1.1120642519978916e-06,160,4.498096230076914e-05,0.00012044871345836023,True,0.0015673359122657486,0.0005923513034665957,True,0.9132582345123548,0.9317896578212982,2.0356403852699854e-05,-0.018749999999999933,2.914340744163405e-05,-0.01875,7.018473253429084e-10,1.8273287908418518,3.205109358623451,0,2.6839342924473084,8.451232134818324e-12,2.0218180288358387,3.562884089188979,0,,0,1
S2_N160,7500994,2.0555510830928174,1.609429768457802,2.625333728760864,7.82612905348938e-09,-1.5993317695377065,0.23567071584832308,2.2245874777773629e-10,160,1.5931797326167018e-05,9.473736156027847e-06,True,0.0006360989053012328,0.0008279781515763019,True,0.6606716456499775,0.488352409869945,0.0005496747174036742,-0.0625,0.0006023345232105135,-0.0625,7.82612905348938e-09,1.609429768457802,2.625333728760864,0,2.235413776820535,2.8793825183371028e-09,1.7141597384434595,2.915174497177629,0,,0,1
S2_N160,7500995,2.468251190300403,1.9238938161773784,3.1666321120175915,1.1833136414713495e-12,-1.491789525769486,0.2597849664224392,4.6969174792459e-08,160,3.1161259315701696e-08,1.1044817217897603e-08,True,0.0003216516446236766,0.00028144422123563864,True,0.2690426595137698,0.31048419323132725,1.9228239883600623e-05,0.006249999999999978,3.583821442585934e-06,0.00625,1.1833136414713495e-12,1.9238938161773784,3.1666321120175915,0,2.7146824770246725,6.888379027183959e-15,2.111283054671657,3.490531946798059,0,,0,1
S2_N160,7500996,2.644260324085856,2.016074783461497,3.4681811998707386,2.118248648390002e-12,-1.554318241881669,0.25783532550710264,1.1399445245586163e-08,160,3.5235952269186855e-07,6.146777849756936e-08,True,0.004657453205481512,0.004726135201912659,True,0.7128630423346601,0.8936811521846295,0.0005629758190402325,0.06874999999999998,0.00044102414451554226,0.06875,2.118248648390002e-12,2.016074783461497,3.4681811998707386,0,2.72076296474569,6.428829739418082e-12,2.044904164337262,3.6199990392854766,0,,0,1
S2_N160,7500997,2.9494916041660217,2.2038889124459637,3.9473408455015093,3.4678620462447843e-13,-1.2083601481197717,0.25648557837616814,5.385183809476829e-06,160,2.0253473522219212e-07,2.7070497693924873e-08,True,0.00010391063385523078,0.00012498866766712317,True,0.07190216131505393,0.048098394148086206,0.0001226999470514876,-0.025000000000000022,5.8193875112388746e-05,-0.025,3.4678620462447843e-13,2.2038889124459637,3.9473408455015093,0,3.215379498833317,3.2356946931374675e-14,2.3780681612532177,4.347505883123729,0,,0,1
S2_N160,7500998,3.251257737075967,2.529788505788948,4.178482449701752,3.257198341489262e-20,-1.4580107905231063,0.27000814844327703,2.423811620752632e-07,160,1.8137258999807125e-05,3.7346000758772557e-06,True,0.0006528508118243347,0.0016422203084832357,True,0.4432333231826081,0.5801602483272854,3.162805063115425e-05,0.0,3.6055311605771174e-05,0.0,3.257198341489262e-20,2.529788505788948,4.178482449701752,0,3.6217517713834786,8.298696409389355e-20,2.745744158943146,4.777242574038002,0,,0,1
S2_N160,7500999,2.952854883710259,2.0695980150128404,4.213065484698694,2.3582917497132283e-09,-1.0625,0.2738461833163486,0.00015342254314427777,160,0.0009115564834982536,0.000267927075979584,True,7.375495245798726e-05,6.167559043476092e-05,True,0.014253617969693197,0.04618875383078511,0.0007379256684900885,-0.05624999999999991,0.0009541200673700769,-0.05625,2.3582917497132283e-09,2.0695980150128404,4.213065484698694,0,3.159713463005288,1.4706410820354264e-08,2.1221657503140086,4.704528459579374,0,,0,1
