scenario,seed,itt_hr,itt_hr_lo,itt_hr_hi,itt_h1a_p,itt_tr_b,itt_tr_se,itt_tr_p,itt_tr_n,itt_el_wp,itt_el_mp,itt_el_low,itt_gl_wp,itt_gl_mp,itt_gl_low,itt_il_wp,itt_il_mp,itt_tost_p,itt_hid_diff,itt_ptost_p,itt_pdiff,itt_v2_p,itt_v2_lo,itt_v2_hi,itt_v2_fb,itt_st_hr,itt_st_p,itt_st_lo,itt_st_hi,itt_st_fb,itt_jk_fail_frac,itt_jk_invalid,ok
S2_N80,4500000,1.7943867473994346,1.2516198797074203,2.5725252941774874,0.0014670538251556715,-0.8507396355786919,0.35960849480133944,0.020510584788779505,80,0.0015709282189245637,0.001204012797410602,True,0.003436938743570839,0.02400541391296815,True,0.6848071653978063,0.892416474659229,0.012186463549643584,-0.050000000000000044,0.012259221667390522,-0.05,0.0014670538251556715,1.2516198797074203,2.5725252941774874,0,1.9121094088985604,0.0009338093278853654,1.302586590572295,2.8068478656701483,0,,0,1
S2_N80,4500001,3.2358210592767676,2.31789943517798,4.5172528923175825,5.248249798368302e-12,-1.312362038542712,0.3595228253016458,0.0004750689056847477,80,0.07495922903035802,0.058779948050886655,True,0.07735695635982225,0.17859768319862146,True,0.3854129706177316,0.3791830457670263,0.0017644692658339563,-0.012500000000000067,0.002311538235551201,-0.0125,5.248249798368302e-12,2.31789943517798,4.5172528923175825,0,4.006931755073869,6.812864295472011e-12,2.695388906463988,5.956655105063173,0,,0,1
S2_N80,4500002,2.5653737123406444,1.7787356925550106,3.6998989290618773,4.6001388312904473e-07,-1.2574351245763378,0.3479976364147717,0.000536764562213661,80,0.00403478091854485,0.006659063259368779,True,0.045931054836021834,0.023196190722235385,True,0.6798275769914166,0.48952960194402173,0.012986086516925049,-0.0625,0.0016471611476685044,-0.0625,4.6001388312904473e-07,1.7787356925550106,3.6998989290618773,0,2.5576950944674244,2.978909626405094e-06,1.7248876455563962,3.792597281982699,0,,0,1
S2_N80,4500003,2.559932650032874,1.8116997597086846,3.61718609145153,9.873743557923027e-08,-1.2622203928693083,0.38993381190056736,0.0017824149171314838,80,0.005967624914583907,0.008619956338645682,True,0.08669006661412958,0.20634327939405883,True,0.15072169495113108,0.14556477546801877,0.0022586006867372018,0.025000000000000022,0.0025617847204274066,0.025,9.873743557923027e-08,1.8116997597086846,3.61718609145153,0,2.832688201601448,4.367474698140565e-08,1.9513171772522726,4.112156927143506,0,,0,1
S2_N80,4500004,2.185422070242831,1.5691834798611979,3.043665502728164,3.731298339729327e-06,-1.600711694661304,0.39915498861046,0.00013926442465510063,80,0.10841627138670659,0.10855208237543716,True,0.01699042763371427,0.009889185682609639,True,0.6866594217063291,0.6076304313465621,0.00800928940209863,0.0625,0.009308378130619379,0.0625,3.731298339729327e-06,1.5691834798611979,3.043665502728164,0,2.5549681475629673,3.5759737983642587e-07,1.780428580836158,3.6664555407190815,0,,0,1
S2_N80,4500005,2.6890015309842767,1.8582803574493445,3.8910862963436825,1.548815101795201e-07,-1.2599683358742824,0.39115336731831585,0.0018714484751091631,80,0.0025096392975399186,0.007282867443189714,True,0.01219088742982022,0.03466727855278045,True,0.6209648682643227,0.7424337859147001,0.0029921823822260307,-0.012499999999999956,0.0018647148191420666,-0.0125,1.548815101795201e-07,1.8582803574493445,3.8910862963436825,0,2.8455123412931203,1.69926392428847e-07,1.9228579777651036,4.210888468144877,0,,0,1
S2_N80,4500006,2.294433126910959,1.5775778564510403,3.337029201024272,1.3909557794547097e-05,-2.353496488584348,0.3571347541632789,4.914531884343727e-09,80,0.0014932132798901841,0.00038274404575641934,True,0.0005441425587819354,0.0001234609058419457,True,0.8619355110666443,0.7425453526860959,0.03426001494591321,-0.09999999999999998,0.03161262054094576,-0.1,1.3909557794547097e-05,1.5775778564510403,3.337029201024272,0,2.4443905806136783,2.3377871076567092e-05,1.615506735647957,3.6985579686836583,0,,0,1
S2_N80,4500007,2.3849993960991926,1.6309476083762313,3.4876792425335466,7.370122205997977e-06,-1.8579048445050175,0.3429600449193084,6.675252726468523e-07,80,0.02220302350904022,0.04436548915579133,True,0.09377857283637299,0.07603106031495215,True,0.7290277666826528,0.8015354749019847,0.000977644945006817,0.0,0.0013519667535902289,0.0,7.370122205997977e-06,1.6309476083762313,3.4876792425335466,0,2.3906674795582177,9.156387060645876e-06,1.6266150693178876,3.5136100148229406,0,,0,1
S2_N80,4500008,2.9828726822522693,2.1614906927707334,4.116385727815206,2.9229696018102096e-11,-0.9999999999999989,0.37707215457421756,0.009711669049814992,80,0.0045914280184187065,0.0014531020036554435,True,0.01935756959633316,0.053327604069960996,True,0.14406367583035487,0.20738329230247177,0.009405057028439532,0.050000000000000044,0.0038487555618565627,0.05,2.9229696018102096e-11,2.1614906927707334,4.116385727815206,0,3.6531735189437473,1.710570263887598e-11,2.5048169598146033,5.328004789818908,0,,0,1
S2_N80,4500009,3.6301247077523633,2.5559696986319795,5.155697033844837,5.908693646347479e-13,-1.9675398155909463,0.3370259507483435,1.1881084200553502e-07,80,0.006677138173536372,0.003388288418138101,True,0.026897732578841028,0.026442511683764963,True,0.3814611600974883,0.4056875511801864,0.1125919123712423,0.15000000000000002,0.09904599208561704,0.15,5.908693646347479e-13,2.5559696986319795,5.155697033844837,0,4.500718810271452,5.537475284610633e-15,3.0861870907785924,6.563590998632849,0,,0,1
S2_N80,4500010,2.8801395115856203,1.968236226613791,4.214536595776392,5.149334235005336e-08,-1.9664699297852857,0.37284843085955066,1.1871976084119147e-06,80,0.00522259999086621,0.002490741935251913,True,0.02083201055301233,0.019400254813511084,True,0.24934255992784393,0.7064347074967853,0.07798583267994681,-0.1375,0.050456770207315954,-0.1375,5.149334235005336e-08,1.968236226613791,4.214536595776392,0,3.2875367916345253,4.358244803564357e-10,2.2622442290383034,4.777511648662773,0,,0,1
S2_N80,4500011,1.772289890359323,1.2787305292845346,2.456351344975939,0.0005896565095351218,-1.3486181575433909,0.3923093586084366,0.0009495179530869269,80,0.002551031197075964,0.002176249285725086,True,6.515531567900695e-05,0.00014878694088647996,True,0.15690258824898692,0.25353022979264317,0.03365548857953668,0.11250000000000004,0.03300160539849065,0.1125,0.0005896565095351218,1.2787305292845346,2.456351344975939,0,1.8866626589347144,0.0006273230868547232,1.3112172205083792,2.7146501227603874,0,,0,1
S2_N80,4500012,2.8490040804618664,1.9703830680391754,4.119414332242417,2.6225040422879814e-08,-1.0781968721251154,0.359548425082466,0.003649457085544558,80,0.009212048298085295,0.005497368095902413,True,0.017474435490871007,0.02115981504235031,True,0.14142667224963415,0.27201718047003176,0.02234270378438413,-0.08749999999999991,0.011895647399783238,-0.0875,2.6225040422879814e-08,1.9703830680391754,4.119414332242417,0,3.1016505260515483,5.093193247664603e-09,2.1219001674808484,4.5337835083811395,0,,0,1
S2_N80,4500013,2.9128959012246605,2.101155116103412,4.03823709460669,1.4092474905459902e-10,-0.7685690028145418,0.36076952053235917,0.03633496907551678,80,0.014852828288734046,0.021780963903818104,True,0.00048213247786871836,0.0002008722021182249,True,0.6285022645834624,0.5818296469797357,0.0025180777246668956,-0.025000000000000022,0.0020360197161848784,-0.025,1.4092474905459902e-10,2.101155116103412,4.03823709460669,0,3.2171850912033015,9.143410362779022e-12,2.2994391194925563,4.501219372724646,0,,0,1
S2_N80,4500014,2.4505409643359752,1.7231063230914596,3.4850728230830987,6.09552012180013e-07,-1.8578685056938347,0.426093395709094,3.975162764901309e-05,80,0.02844374176221923,0.014709840588772333,True,0.260998511511747,0.2030415684889192,True,0.31231255149887893,0.4253735846786909,0.0029944875338191335,0.025000000000000022,0.0038161740312884175,0.025,6.09552012180013e-07,1.7231063230914596,3.4850728230830987,0,2.6388268769802017,4.729131844265463e-07,1.8089806156098656,3.8493542863782952,0,,0,1
S2_N80,4500015,2.2697547752755427,,,,-1.193834904906506,0.4274387780646658,0.006585105158557924,80,0.008761202589392655,0.012318062431885643,True,0.013196187872967955,0.015848177397665687,True,0.18810749209821143,0.20490772079059216,0.005519830482707784,0.050000000000000044,0.004781774238478969,0.05,3.0120742296654736e-05,1.5703084409982175,3.2807482946542836,1,2.666007310373735,2.175687209529778e-05,1.7304373204486145,4.107398109700709,1,0.0,0,1
S2_N80,4500016,3.595479244707442,2.480100757881262,5.2124781455112625,1.4426857975055066e-11,-1.26229374656639,0.40086411797252897,0.0023324743369648117,80,0.0027478421465869014,0.002718228165685723,True,0.007902993973275608,0.007456472152454238,True,0.2535139097072021,0.1971306877881327,0.024179201866730404,0.07500000000000007,0.02086112837080431,0.075,1.4426857975055066e-11,2.480100757881262,5.2124781455112625,0,4.351345118741441,2.0532571581816005e-14,2.9850146531820023,6.343085894808339,0,,0,1
S2_N80,4500017,3.698437571707905,2.5103211307803672,5.448880744420351,3.706038562177963e-11,-1.2594204685573371,0.3624771812312965,0.0008436875654665505,80,0.0016052558789255125,0.002988646482721255,True,0.012697226180633531,0.010328706654187727,True,0.17702754271250087,0.1217114117342719,0.014805342182277489,0.0625,0.009308378130619379,0.0625,3.706038562177963e-11,2.5103211307803672,5.448880744420351,0,4.083093785976346,2.230635518080697e-11,2.7038971410456956,6.165787378521032,0,,0,1
S2_N80,4500018,3.0739097106606246,2.125710554509772,4.445064681664894,2.414585652573055e-09,-1.4508330488221244,0.3180505195032304,1.8849849097164435e-05,80,0.0005781314176089692,0.0004532720704806822,True,0.007759536684309435,0.012155801366875373,True,0.2764840532675039,0.28982124188090774,0.006181744173038811,-0.025000000000000022,0.009058300990369608,-0.025,2.414585652573055e-09,2.125710554509772,4.445064681664894,0,3.582314085081606,2.5377559831976526e-10,2.4123082952071404,5.319790272939438,0,,0,1
S2_N80,4500019,2.9856410109791724,2.0964659537389814,4.251942289137967,1.331502644983564e-09,-1.6588237945020274,0.36658776418020433,2.1614836191879522e-05,80,0.0008634252198335985,0.00023935102543500632,True,0.0003038254058576994,5.8388140727233954e-05,True,0.6477390250460288,0.666951814736925,0.021427671785521574,0.08750000000000002,0.024325307313285062,0.0875,1.331502644983564e-09,2.0964659537389814,4.251942289137967,0,3.710883234497266,7.49570124673305e-11,2.5005475914250668,5.507055505480288,0,,0,1
S2_N80,4500020,2.7155024325127104,1.7949977245552977,4.108057275008139,2.248794159986136e-06,-1.3147063730397066,0.4436608774180879,0.004047764672253662,80,0.0021529470786301997,0.0007278929581135236,True,0.04362498233253598,0.024752310086386627,True,0.6014977208685319,0.47801504447841536,0.011037380874459891,0.04999999999999993,0.008154759234663907,0.05,2.248794159986136e-06,1.7949977245552977,4.108057275008139,0,2.7673491552180876,1.3929537454266717e-06,1.8303353907564686,4.184053581415566,0,,0,1
S2_N80,4500021,2.26769427624501,1.627197026473883,3.160304036234618,1.3316963874731016e-06,-1.5524834327915338,0.37491282378447083,8.779047909260147e-05,80,0.00030801390569107893,0.00019972125074191023,True,0.8400966246508674,0.7687008673949666,True,0.25083469055428376,0.14293153045442422,0.0073949120841903,-0.07500000000000007,0.014420573208165718,-0.075,1.3316963874731016e-06,1.627197026473883,3.160304036234618,0,2.492655795228337,9.858666053363455e-08,1.781482406624247,3.4877318408432303,0,,0,1
S2_N80,4500022,2.380611415621256,1.6015981279074616,3.5385348006061674,1.7943677599392063e-05,-1.2499999999999987,0.3544237385545863,0.0007122938158920262,80,0.015782252406165015,0.009900928229456488,True,0.15934013529785795,0.25713143079450107,True,0.3986948450946233,0.3071307809159449,0.00431395217013668,0.025000000000000022,0.0038161740312884175,0.025,1.7943677599392063e-05,1.6015981279074616,3.5385348006061674,0,2.4995066325827597,1.2235086317497875e-05,1.6578752566527037,3.7683977616863347,0,,0,1
S2_N80,4500023,2.6232793476227423,1.7861923734305034,3.8526614703025697,8.736390743867194e-07,-0.9303097195439618,0.38942559357749157,0.019345975459479612,80,0.008502235428506104,0.007702916296327993,True,0.0064595563644746475,0.007438269598949339,True,0.24481771391931428,0.31856285683712415,0.011864983392967442,0.0625,0.010864315172078483,0.0625,8.736390743867194e-07,1.7861923734305034,3.8526614703025697,0,2.8732935829254638,3.272056583114327e-08,1.9760959761982955,4.17784161959763,0,,0,1
S2_N80,4500024,3.9538972713848923,2.6018545123607457,6.008523366081796,1.206600603636218e-10,-1.3745860159499745,0.37985970487651816,0.0005274270459426553,80,2.194257456988842e-05,1.8734769432921074e-05,True,0.0010170799970485671,0.0014273075770550718,True,0.9131492575008622,0.5361161747196873,0.004330345686227983,0.025000000000000022,0.0038161740312884175,0.025,1.206600603636218e-10,2.6018545123607457,6.008523366081796,0,4.242638965853992,1.6043925032956602e-11,2.7865794485066395,6.459527075113193,0,,0,1
S2_N80,4500025,2.822824922166798,2.0355113373863336,3.9146628146211215,4.967199710317456e-10,-0.49999999999999767,0.3964378544635207,0.21103317738944322,80,0.0001378069414307874,0.00016433385106650518,True,0.5228068656928972,0.7426538443765667,True,0.5595909268465122,0.39416692410115306,0.001906919570972485,0.025000000000000022,0.005330626508080562,0.025,4.967199710317456e-10,2.0355113373863336,3.9146628146211215,0,2.9817800709815363,5.063604762319405e-10,2.112982481498554,4.207802227208735,0,,0,1
S2_N80,4500026,1.8914601358735093,1.3173389698558802,2.715794133069664,0.0005537688996493997,-0.9707296542662402,0.3587544344732706,0.008386008417033635,80,0.00013194096297435026,0.0004904515485533905,True,0.0004103315029040317,0.0020910866028836903,True,0.20947751904813394,0.3768656438282292,0.0016290822501635628,0.012499999999999956,0.0018647148191420666,0.0125,0.0005537688996493997,1.3173389698558802,2.715794133069664,0,1.9227940408746294,0.0010781614596358166,1.2993111049550867,2.845459343434754,0,,0,1
S2_N80,4500027,1.8488351108116508,1.3252184123992259,2.5793418164040642,0.0002976089851445019,-1.2423769737850692,0.3548751174609417,0.0007748144725164833,80,2.261289846103796e-06,2.1129465940207978e-07,True,0.06033450849636097,0.12858406918832713,True,0.5261036721038489,0.6313255685183379,0.0010128998316187346,-0.03750000000000009,0.0008465146141695041,-0.0375,0.0002976089851445019,1.3252184123992259,2.5793418164040642,0,2.153619431787647,2.2362535385036543e-05,1.5106222352778136,3.0703087434168306,0,,0,1
S2_N80,4500028,2.377067787897581,1.6499825478390395,3.4245521418760583,3.348540562504998e-06,-1.5250000000000015,0.343675533638483,2.9937066234317735e-05,80,0.004909831060993632,0.00417772113146386,True,0.8874974110130707,0.9961532702566692,False,0.6936357247340884,0.6449953729075216,0.004311512869274314,-0.025000000000000022,0.006179571042506989,-0.025,3.348540562504998e-06,1.6499825478390395,3.4245521418760583,0,2.5271386997691767,5.096022086488041e-07,1.7600033103048058,3.6286465886050023,0,,0,1
S2_N80,4500029,2.1379214456881717,1.4528456280621558,3.1460383812628003,0.00011570194120705818,-1.3909586961163445,0.3984465915246625,0.0008000712054063969,80,0.0016497205233002336,0.0003553042312117266,True,0.2893203891331144,0.431612353730668,True,0.7294893090755548,0.8921228481217777,0.0213011669383718,-0.08750000000000002,0.024325307313285062,-0.0875,0.00011570194120705818,1.4528456280621558,3.1460383812628003,0,2.70790832251061,2.409374120149671e-06,1.7898578733635437,4.096843437821302,0,,0,1
S2_N80,4500030,2.2127168090866647,1.5704677982827437,3.117616090293871,5.616336984131759e-06,-1.4569662842589772,0.3479273246467005,7.431382251806331e-05,80,0.005579558852485079,0.006834367242999945,True,0.24636462184396768,0.3395103166548197,True,0.13102433122737836,0.10346209998112645,0.0008369443012212318,-0.012499999999999956,0.0011351017127660373,-0.0125,5.616336984131759e-06,1.5704677982827437,3.117616090293871,0,2.420188516174611,3.727816119543695e-06,1.6642499398396609,3.5194908610829074,0,,0,1
S2_N80,4500031,3.0093351339688974,2.067278523335749,4.38068593385604,8.884433075485304e-09,-1.8418598538611155,0.3310121599602078,3.6707525193623833e-07,80,0.0011759121244685538,0.0015671671542634021,True,0.006911445549817346,0.010777427733017564,True,0.9516202268482504,0.8732814888185009,0.0025180777246668956,-0.025000000000000022,0.000864585897421139,-0.025,8.884433075485304e-09,2.067278523335749,4.38068593385604,0,3.320456700460499,5.7506998395752396e-09,2.217141594666087,4.972813971898584,0,,0,1
S2_N80,4500032,3.189918918348088,2.2756984770519364,4.471410781456881,1.670200066815701e-11,-1.1750000000000005,0.4548293662262865,0.011677295654095185,80,0.00014881227063727947,0.00023575103477576823,True,0.0006735829991154758,0.0003418883027999985,True,0.4636697354515783,0.5257784807830582,0.12886850227773675,-0.14999999999999997,0.13155753741073523,-0.15,1.670200066815701e-11,2.2756984770519364,4.471410781456881,0,3.3241937956127656,3.168482143738753e-10,2.286318268353181,4.8332135310058275,0,,0,1
S2_N80,4500033,3.128688135182403,2.1014739574866397,4.658011303141917,1.9391355689960275e-08,-1.579047520375742,0.3338511612802297,9.982358606818118e-06,80,0.00012826892090918323,9.89947704376366e-06,True,0.0514316533596987,0.059888811524423796,True,0.7647424448640266,0.6565621601591842,0.21487368810081597,0.1875,0.16653953346201966,0.1875,1.9391355689960275e-08,2.1014739574866397,4.658011303141917,0,3.1929615449332416,2.2223435492962607e-08,2.1258447263054165,4.79574227659644,0,,0,1
S2_N80,4500034,3.2451369876186105,2.146997253825259,4.9049499479553065,2.3339530936637107e-08,-1.168845728334357,0.41502271760873227,0.006167008146656401,80,0.0009177503084341895,0.00041949523367129887,True,0.09391421830469225,0.1323386800738153,True,0.8390565931914474,0.6015236287987669,0.008065839688973928,0.03750000000000009,0.0035062293183899247,0.0375,2.3339530936637107e-08,2.146997253825259,4.9049499479553065,0,3.8246248344336977,9.765741234267232e-09,2.418118266149871,6.049230647207885,0,,0,1
S2_N80,4500035,2.510477295676777,1.7150005807747442,3.6749236838517323,2.1968772368723386e-06,-1.4934117217009861,0.3919293277328589,0.00027750753831723494,80,1.889125146683672e-06,2.0274465483679274e-07,True,0.051512718115778185,0.031866465627672994,True,0.2872204670711431,0.369093412592435,0.009840449937540638,0.04999999999999993,0.008154759234663907,0.05,2.1968772368723386e-06,1.7150005807747442,3.6749236838517323,0,2.505743166257771,5.059588000301876e-06,1.688703799048713,3.7180876947067256,0,,0,1
S2_N80,4500036,3.2850793319883977,2.246730434501956,4.803311537393936,8.461670622256876e-10,-1.5819778017573631,0.3805406822967969,8.28429621070063e-05,80,0.04343909868910491,0.04639132567254138,True,0.01823933931389563,0.025128150910859858,True,0.352072222088642,0.3972568156215258,0.010603613588585655,0.07499999999999996,0.00880596580825544,0.075,8.461670622256876e-10,2.246730434501956,4.803311537393936,0,3.3822112503511224,4.4808944825687864e-11,2.353653480767098,4.860253659036253,0,,0,1
S2_N80,4500037,2.6489034292471403,1.9448983165204627,3.6077409897863078,6.401523413862998e-10,-1.5309789959931597,0.42217230939708034,0.0005140857861371176,80,9.532649375854661e-05,1.41404942436019e-05,True,0.9888612738393476,0.7034269974459455,True,0.44103555978098274,0.40837852512268646,0.0020029311381565256,-0.025000000000000022,0.000864585897421139,-0.025,6.401523413862998e-10,1.9448983165204627,3.6077409897863078,0,2.983690385255049,1.86140777169113e-10,2.1317313325247076,4.1761399193395965,0,,0,1
S2_N80,4500038,2.699960950659299,1.9037422166302127,3.8291891997796945,2.5280705300234453e-08,-1.4074402987009624,0.4273171342142741,0.0014955822455796938,80,0.003239897323546711,0.0021524574848114588,True,0.5715720278934227,0.5027760887423309,True,0.4321292722619301,0.6673770871197302,0.002102322623666498,0.03749999999999998,0.0005617470794898877,0.0375,2.5280705300234453e-08,1.9037422166302127,3.8291891997796945,0,2.773510817367102,1.0785800562701134e-07,1.9036850338935767,4.040774664451326,0,,0,1
S2_N80,4500039,2.1313059491585276,1.4580871535717292,3.1153590769874846,9.340960821756708e-05,-1.674455655868297,0.31178738945951107,8.06264096197925e-07,80,0.0018109183757979617,0.0006977579014559233,True,0.04680143898576388,0.20052299028275677,True,0.1763143318996634,0.31842495313411356,0.00725489055272485,0.03750000000000009,0.007111770804383594,0.0375,9.340960821756708e-05,1.4580871535717292,3.1153590769874846,0,2.3172762497844315,0.00013478952076014533,1.5052007468591717,3.5674771149428612,0,,0,1
S2_N80,4500040,3.102193138843658,2.237655039696144,4.3007532885835165,1.1040880471246854e-11,-1.4750186254423538,0.43217330557462685,0.0010270775628172767,80,0.003600152027500199,0.001949660811020697,True,6.341915002884701e-05,2.8691906931042124e-05,True,0.24701756404348585,0.42767345527296163,0.0031187479354690814,0.025000000000000022,0.001188663547713948,0.025,1.1040880471246854e-11,2.237655039696144,4.3007532885835165,0,3.480859694837174,5.637119582188907e-10,2.3466802274804084,5.163202072977409,0,,0,1
S2_N80,4500041,2.5328579224055803,1.7484249696519054,3.669227657146735,8.899253179344389e-07,-0.7917241379310346,0.3651140013739172,0.03321398493753077,80,0.00012727479244657855,0.0003204221369064529,True,0.0778769991742133,0.06772382221067065,True,0.21206516432535816,0.22377311913517406,0.004210343844632422,0.02499999999999991,0.0070858952835169565,0.025,8.899253179344389e-07,1.7484249696519054,3.669227657146735,0,2.702720472729012,2.0307410342792683e-07,1.8575423916990284,3.932452893862189,0,,0,1
S2_N80,4500042,3.501410836200704,2.3840164978105913,5.142530622217931,1.659524362150516e-10,-1.161951715374841,0.4197671538790529,0.007059754786911186,80,0.007716986459547909,0.023477861351780767,True,0.004339549653241659,0.008745587380250356,True,0.05986818158341773,0.059482201874913404,0.006891056042991026,0.03749999999999998,0.0021871073736503743,0.0375,1.659524362150516e-10,2.3840164978105913,5.142530622217931,0,3.9418144801416077,2.0574627886706376e-11,2.6392775568783557,5.887179753171446,0,,0,1
S2_N80,4500043,2.4580498026817703,1.7324010676139294,3.4876501437312495,4.694734140867359e-07,-1.0850838334762312,0.3982468997520604,0.00796292073462703,80,0.0072406229303559186,0.00470217680840889,True,0.1989940852235289,0.1929026135487295,True,0.12498561280979575,0.1592220555147018,0.019665216254933227,-0.07500000000000007,0.025456975000451628,-0.075,4.694734140867359e-07,1.7324010676139294,3.4876501437312495,0,2.628339887157514,4.290676029054496e-07,1.8070836089159428,3.8228284116678695,0,,0,1
S2_N80,4500044,3.5118910023167444,2.3238518962443107,5.30729967434064,2.486600860023766e-09,-1.4249999999999998,0.3236066181007322,3.391483608054726e-05,80,1.0617701575437558e-05,3.951388022259669e-06,True,0.00856311369192428,0.009082076938797378,True,0.5552275767355546,0.44771257683730603,0.021056985747867324,-0.07500000000000007,0.018643278265684255,-0.075,2.486600860023766e-09,2.3238518962443107,5.30729967434064,0,3.7868763120895794,1.0265842866427354e-09,2.4696480876848503,5.806670300345701,0,,0,1
S2_N80,4500045,2.015552040026992,1.3785376658614994,2.946927114623447,0.0002988381033704279,-1.8157451112609575,0.35628267555628157,2.4067001032686223e-06,80,0.03648554095198602,0.02466114904872514,True,0.011546112340833416,0.008131185961867944,True,0.4403847441405775,0.6082348204885195,0.04401372480340761,0.11250000000000004,0.029097411058359834,0.1125,0.0002988381033704279,1.3785376658614994,2.946927114623447,0,2.05947140377185,0.00036543705410118174,1.3842171541895036,3.0641308338917828,0,,0,1
S2_N80,4500046,2.3526422364316533,1.6641630630788946,3.325951413920867,1.277108612863545e-06,-1.6721702774610394,0.36686695445031076,1.9110694369618903e-05,80,0.00019512510530854456,0.0009440630015363394,True,0.007343301355267986,0.00456315419706587,True,0.36641801675000774,0.6771305364988509,0.004184775421252456,0.025000000000000022,0.0070858952835169565,0.025,1.277108612863545e-06,1.6641630630788946,3.325951413920867,0,2.417958289114615,1.5251727221143829e-06,1.6870746815773652,3.4654792415186675,0,,0,1
S2_N80,4500047,2.790526656132775,1.881093638595177,4.139633912325077,3.3941810826424836e-07,-1.1726021254272858,0.3759345178255424,0.0025516992287390574,80,0.0003225508871933775,0.0009692005461521429,True,0.09240622229623226,0.058672848906813,True,0.9074550665782749,0.9420899707454709,0.0268379062638606,0.08750000000000002,0.02704503817240941,0.0875,3.3941810826424836e-07,1.881093638595177,4.139633912325077,0,2.986158235504247,2.031851761610871e-07,1.9765647568715858,4.51143377745107,0,,0,1
S2_N80,4500048,2.948495416762056,2.1335323798147017,4.074756635951265,5.7217116729007786e-11,-1.8194671316939646,0.42929831953764974,6.193494984751766e-05,80,0.0010437422349092974,0.0005010483245961583,True,0.00430585581055515,0.006936524557102988,True,0.5853078992714114,0.40587359827537295,0.001383881921429089,0.0,0.0020656386384944807,0.0,5.7217116729007786e-11,2.1335323798147017,4.074756635951265,0,3.08007407202031,2.378748810709805e-10,2.1746963753138338,4.3623819843644664,0,,0,1
S2_N80,4500049,2.756603792669266,1.9338137309567058,3.929470738631706,2.0690278146315665e-08,-1.152222957526171,0.3757634570822336,0.00298860997189162,80,3.286135276078351e-05,2.4763524276490494e-05,True,9.250801744895716e-05,0.0002786519781834344,True,0.6069626001591281,0.7314269421783226,0.18102051645588246,-0.175,0.15473154313619158,-0.175,2.0690278146315665e-08,1.9338137309567058,3.929470738631706,0,3.0273067804020934,5.826250176345636e-09,2.084973894434882,4.395540091475577,0,,0,1
S2_N80,4500050,3.119873648619975,2.108049754241161,4.6173538189838155,1.2821022630117451e-08,-1.115619423311733,0.35466162085220965,0.002356192351253885,80,0.001567049038446363,0.0012156489580357676,True,0.02226821318103628,0.03910537434701839,True,0.2915790210664132,0.3895963177049825,0.10891231958111236,0.15000000000000002,0.07995548001571566,0.15,1.2821022630117451e-08,2.108049754241161,4.6173538189838155,0,3.2797269964872355,9.579996393093946e-09,2.1859483636268493,4.920797467347396,0,,0,1
S2_N80,4500051,1.8234345174479547,1.2956098426697376,2.5662922045801446,0.000570455406901958,-1.007150073109131,0.30925283987516944,0.0016772406647617272,80,8.006473619850229e-05,1.8773008056468444e-05,True,0.05940767817168932,0.043677058075397374,True,0.5801118987710627,0.37644552246243346,0.07323386090044427,-0.15000000000000002,0.05155892709595094,-0.15,0.000570455406901958,1.2956098426697376,2.5662922045801446,0,2.1233396237813684,2.7802268437164372e-05,1.493057997934601,3.0196892311999046,0,,0,1
S2_N80,4500052,3.011697661288921,2.026970983060875,4.474816304136875,4.8351181884328386e-08,-1.4976907234294425,0.39040957981113833,0.00025416758132813973,80,0.0067030972144276404,0.003982441955189094,True,0.34953790252704076,0.24723007921189144,True,0.0711716596449793,0.16394679927492306,0.0870581393599371,-0.13749999999999996,0.05630447749480828,-0.1375,4.8351181884328386e-08,2.026970983060875,4.474816304136875,0,3.1462412292084894,8.739250173040927e-09,2.129204897057001,4.649075289115469,0,,0,1
S2_N80,4500053,1.9660146159194567,1.2822798800788628,3.0143290322633853,0.001933541787762299,-1.181276371308017,0.34476998727098956,0.000984618540904237,80,0.11212130054721216,0.11270119610195786,True,0.14875986413556969,0.19618859303486103,True,0.8739625306611432,0.9077051222771462,0.007953441152226192,-0.03749999999999998,0.006097781739749196,-0.0375,0.001933541787762299,1.2822798800788628,3.0143290322633853,0,2.069872889316833,0.0014488706671388714,1.3228303096510714,3.2387931745069576,0,,0,1
S2_N80,4500054,1.930353287374949,1.3615017433628926,2.7368777397783175,0.00022214004013407118,-1.683434377081947,0.39664699092398376,6.0624168608783085e-05,80,0.010232202409866813,0.01530975114389074,True,0.22152104217054058,0.2950382592291376,True,0.00540570573370048,0.010430663735357767,0.00600721310658917,0.03750000000000009,0.0035062293183899247,0.0375,0.00022214004013407118,1.3615017433628926,2.7368777397783175,0,2.084656705564775,0.00019510411183112447,1.4163874850075453,3.068223650700381,0,,0,1
S2_N80,4500055,1.834897376272923,1.2701165588946073,2.6508184291239005,0.0012212503123323628,-1.518021357638414,0.39499909416402873,0.0002482518608651321,80,0.00038666257118133245,5.051555766198632e-05,True,0.06934346207546169,0.06994567353891223,True,0.5428389754625809,0.6635751032437813,0.0008620869080533263,0.0,0.00043628677879939225,0.0,0.0012212503123323628,1.2701165588946073,2.6508184291239005,0,1.9356643165621321,0.0016205990820793124,1.2837615302206087,2.918607746228442,0,,0,1
S2_N80,4500056,2.744532361426013,1.948890923968826,3.86499715826843,7.467963515545175e-09,-1.0124,0.4243479591634193,0.01950063977617225,80,0.0004712738196879732,0.0003900902150551165,True,0.002542074059460213,0.0025392311087071573,True,0.7621247961492505,0.7753234202519645,0.02662805324427929,0.08750000000000002,0.01656765641676036,0.0875,7.467963515545175e-09,1.948890923968826,3.86499715826843,0,3.1189098260018615,1.6682440398533192e-10,2.2001891421450686,4.421255571349227,0,,0,1
S2_N80,4500057,3.1843937639942395,2.306825648025185,4.395808436084587,1.8998736884470408e-12,-1.2006285493374542,0.38581560005619675,0.002607872847778183,80,0.005614651909203121,0.0036982943924678715,True,0.2041020462743739,0.44616323350501275,True,0.24710456412253146,0.261747234712287,0.002975950426737367,0.0,0.0029581913991051137,0.0,1.8998736884470408e-12,2.306825648025185,4.395808436084587,0,3.5274948178984236,2.9788604820294765e-12,2.475774862372205,5.025989995866407,0,,0,1
S2_N80,4500058,2.342138292448358,1.6474422398289736,3.3297748766733015,2.1272520871477097e-06,-1.3791316289604523,0.3368896760609819,0.00010381054711508689,80,2.8195725822107116e-05,4.546266107146851e-05,True,0.20758179739714688,0.07666151126713346,True,0.1954091232394135,0.21053017618477798,0.03775176659600738,0.08750000000000002,0.027045038172409382,0.0875,2.1272520871477097e-06,1.6474422398289736,3.3297748766733015,0,2.5665129704212775,5.868243686115471e-06,1.7071745119728392,3.85841563422161,0,,0,1
S2_N80,4500059,2.453881614682371,1.6976687224818183,3.5469434637832586,1.791728966383331e-06,-1.670217368154833,0.37213252178719836,2.4790199916860794e-05,80,0.0002422236881408239,3.815485606398038e-05,True,0.014289296843258796,0.007694550425292206,True,0.7600276733239932,0.8806603497086753,0.006094399888689405,0.03749999999999998,0.005156257815362903,0.0375,1.791728966383331e-06,1.6976687224818183,3.5469434637832586,0,2.672177010511272,3.43211252219003e-07,1.8312793364275861,3.8992030508215776,0,,0,1
S2_N80,4500060,3.1856188670609558,,,,-0.659822967449647,0.35500861161328046,0.0669036592944114,80,0.00010120560369167151,3.9166029472537716e-05,True,0.0866766069507823,0.0766354673798967,True,0.5976520555432265,0.571519308596969,0.004553160008853526,-0.03749999999999998,0.0035062293183899247,-0.0375,8.705598398796494e-07,2.06833960891044,4.906431962360657,1,3.4109012546864963,2.1050881270430316e-06,2.1169117034208678,5.495858589860554,1,0.0,0,1
S2_N80,4500061,2.4355540196161987,1.7213514048480347,3.4460850734846367,4.980935552782719e-07,-1.2088540540540529,0.4277468852932943,0.005999633461455238,80,0.0011386325148740146,0.014567419861404834,True,0.00416873025329657,0.0016391895883257196,True,0.21619855764811025,0.34080045587560215,0.009177315628908807,0.04999999999999993,0.010820553666713284,0.05,4.980935552782719e-07,1.7213514048480347,3.4460850734846367,0,2.893950772388164,4.055770747126717e-09,2.031015988675787,4.123527889342948,0,,0,1
S2_N80,4500062,3.6512267620548515,2.3087324695395197,5.77436192535748,3.0650063554937106e-08,-0.6712005181856928,0.3663362023504401,0.0707884428074605,80,0.00010127864306624278,4.030283902434393e-05,True,0.0845887313790671,0.058729370214110115,True,0.7302612077507173,0.9767988976548623,0.005750951317627118,0.025000000000000022,0.0020360197161848784,0.025,3.0650063554937106e-08,2.3087324695395197,5.77436192535748,0,4.62932576524084,1.464536891639488e-11,2.9669752652867745,7.223065622237769,0,,0,1
S2_N80,4500063,2.849725559896194,1.9594360895899203,4.144526994205391,4.2598585577114364e-08,-1.0627883246321792,0.4371154585639957,0.017366299100998888,80,0.0030452283702945104,0.008587508800222724,True,0.1755477763976746,0.1386925957071332,True,0.1318721077929878,0.2686115546963106,0.0043416886920432315,-0.03749999999999998,0.0028041889412798652,-0.0375,4.2598585577114364e-08,1.9594360895899203,4.144526994205391,0,3.0647922387112705,3.995355510954901e-08,2.0548791225590683,4.571048176676795,0,,0,1
S2_N80,4500064,2.3977974463805913,1.738477967034842,3.3071644869192967,9.774909104055616e-08,-1.760361483328139,0.3955681399938563,2.8544119277955354e-05,80,9.267263368416364e-05,5.499721201148743e-05,True,0.09235056177602632,0.056123529756705946,True,0.9883898253912955,1.0,0.004026395715610231,-0.03750000000000009,0.00034888823759973757,-0.0375,9.774909104055616e-08,1.738477967034842,3.3071644869192967,0,2.565837193792882,7.324209879235431e-08,1.8206588923297793,3.6160098592803536,0,,0,1
S2_N80,4500065,2.169296914444124,1.4327747789547287,3.2844304437365355,0.0002529987950806275,-1.7054435435793496,0.3661376728728812,1.3116491380053938e-05,80,0.0019062249525693008,0.0018449728647004936,True,0.09806889032611259,0.041635945482113336,True,0.7219175242945644,0.7460378063986371,0.0036535160629954794,0.012500000000000067,0.002311538235551201,0.0125,0.0002529987950806275,1.4327747789547287,3.2844304437365355,0,2.296777368697574,0.0003282248251817201,1.4590567797326686,3.6154770360121837,0,,0,1
S2_N80,4500066,1.730837365811113,1.2452946171862,2.405694159071445,0.0010911205147416166,-1.5302618717927838,0.4093133521657719,0.0003537539998421267,80,1.4552148711071885e-06,6.995447042481602e-07,True,0.0743107929485992,0.04195288328487037,True,0.48839086867837933,0.4957075270834459,0.010812176357625465,-0.0625,0.012508490355308538,-0.0625,0.0010911205147416166,1.2452946171862,2.405694159071445,0,1.9680881492412095,7.145136700907991e-05,1.4090545134982568,2.7489149114375135,0,,0,1
S2_N80,4500067,2.388907465719638,1.6484077357449345,3.4620553859461345,4.2201898673896975e-06,-1.489735186156266,0.3877803942426307,0.00024944430534194013,80,0.0016074080475551047,0.000742736571305474,True,0.16968904565200504,0.19140046238798714,True,0.8377651294029734,0.43922170174589625,0.012576307854856063,-0.0625,0.01978887141813441,-0.0625,4.2201898673896975e-06,1.6484077357449345,3.4620553859461345,0,2.41354673635538,1.298996332225354e-05,1.6242397871395282,3.5864211027797572,0,,0,1
S2_N80,4500068,1.8449142599890114,1.2721428264396024,2.6755711355437173,0.001241889924387886,-1.3657416301737537,0.37744558930337585,0.0005279272808975738,80,0.00011727282045348942,1.902522559620469e-05,True,0.12229706761790525,0.05475157377383568,True,0.23077184260445405,0.2988808993809672,0.0343246310273933,0.09999999999999998,0.038243236555329324,0.1,0.001241889924387886,1.2721428264396024,2.6755711355437173,0,1.9050055354627167,0.0007319157137557458,1.310582926032107,2.7690320223618468,0,,0,1
S2_N80,4500069,3.2574360037938517,2.2160234512744275,4.78825678162845,1.8733754917813553e-09,-0.49136039495337336,0.32074085923551,0.12963212770687185,80,0.002671975714788789,0.008954487472078209,True,0.0015650599762939406,0.0030221209575786645,True,0.5459872023181109,0.553916531760506,0.04568795239299923,0.11249999999999993,0.036949227047209474,0.1125,1.8733754917813553e-09,2.2160234512744275,4.78825678162845,0,3.7324008512528293,1.0219118414327343e-11,2.5539127328134077,5.454695430836654,0,,0,1
S2_N80,4500070,3.779517306157547,2.3973421701540207,5.958578314511798,1.0378630315053924e-08,-2.023773322633344,0.3658406816603276,4.1912861146041086e-07,80,0.060645314819360516,0.019580599249138343,True,0.04817346764880455,0.05953489051358785,True,0.11311294619638805,0.17029202641349406,0.012986086516925049,0.0625,0.009308378130619379,0.0625,1.0378630315053924e-08,2.3973421701540207,5.958578314511798,0,4.3828837757794705,1.86507344444371e-10,2.7820362158694043,6.9048958034458074,0,,0,1
S2_N80,4500071,2.335808685722323,1.6128334946050613,3.382867626786156,7.139498150306444e-06,-0.7500000000000002,0.37293315980927133,0.04781669784109725,80,3.1837858050071784e-05,4.811221231099322e-05,True,0.013618595453239955,0.006265667414714046,True,0.9337305325963594,0.7974994342452593,0.0314076139334314,0.09999999999999998,0.03161262054094576,0.1,7.139498150306444e-06,1.6128334946050613,3.382867626786156,0,2.3335323186344286,1.2282693939267225e-05,1.5960728872669052,3.411732086644213,0,,0,1
S2_N80,4500072,3.2715224241500143,2.329372844501793,4.594738449441106,7.950573940110428e-12,-1.6947784463349997,0.3818381924262613,2.9810346651762316e-05,80,0.0008146970724151707,0.0005488494003748278,True,0.4506937924039428,0.4402477980500046,True,0.46293857971264485,0.6122240003987753,0.013043359196377918,-0.0625,0.014231639434400988,-0.0625,7.950573940110428e-12,2.329372844501793,4.594738449441106,0,3.534866921122922,1.178188574936021e-11,2.454234862998811,5.091315561698587,0,,0,1
S2_N80,4500073,2.6619529720055217,1.84325582809248,3.844281144903295,1.7778650457417968e-07,-1.6411110539051639,0.364187839277264,2.3185503939536557e-05,80,0.014018171827814223,0.004886941453877691,True,0.2983037353620762,0.29769596578989677,True,0.48525130747992573,0.5228653185468288,0.01454999313686127,0.0625,0.010864315172078483,0.0625,1.7778650457417968e-07,1.84325582809248,3.844281144903295,0,3.0133193678501295,7.694143190567092e-08,2.015285697408596,4.50561110235465,0,,0,1
S2_N80,4500074,3.189615033480282,2.330504512142506,4.365425601536583,4.3478706847932406e-13,-1.733707112766944,0.3369059714943149,1.9781239076067337e-06,80,0.001894376195690745,0.0009445218995191025,True,0.045620002868477366,0.0575868679178136,True,0.07491917850536861,0.17290991764300268,0.0023340376145523337,0.012500000000000067,0.0014728106816559905,0.0125,4.3478706847932406e-13,2.330504512142506,4.365425601536583,0,3.653592341263176,5.988176168643685e-15,2.638744027633967,5.058746455261937,0,,0,1
S2_N80,4500075,1.8099656845578909,1.2699425977839538,2.5796250830499603,0.0010314508982610258,-1.225,0.33528214929704175,0.0004698199602805029,80,0.00012387632367571568,5.412813255293275e-06,True,0.019505515400035624,0.006539072374854421,True,0.8619530901616996,0.7720295355167497,0.011009735640962212,-0.0625,0.00649939493794603,-0.0625,0.0010314508982610258,1.2699425977839538,2.5796250830499603,0,1.7906985710665508,0.0013947436801646745,1.2526862560572818,2.5597801180578754,0,,0,1
S2_N80,4500076,2.782994671069059,1.882190486119763,4.114917908848662,2.9061435463136004e-07,-1.6128955866523147,0.3674576933112008,3.572732683389198e-05,80,0.002374075065982692,0.0005959573654260192,True,0.17439700988232165,0.12163339809791558,True,0.22328905850392122,0.3029007776750414,0.00938146292758188,0.0625,0.005265277941240246,0.0625,2.9061435463136004e-07,1.882190486119763,4.114917908848662,0,3.277638839255771,2.490502371093067e-09,2.218586494537546,4.8422346331992925,0,,0,1
S2_N80,4500077,2.6159377049922874,1.7739287172328826,3.8576127721043854,1.2205904245830333e-06,-1.640000986096045,0.4015268904033668,0.00010728574643781745,80,0.0019083306329548495,0.0005165862700169862,True,0.15095157220239885,0.18828964947963922,True,0.5759137019263126,0.681272741347156,0.1546011505148498,0.17499999999999993,0.1617374725856915,0.175,1.2205904245830333e-06,1.7739287172328826,3.8576127721043854,0,2.7153849471238725,8.165741244444913e-07,1.8256002902291506,4.0388443464485935,0,,0,1
S2_N80,4500078,2.473879864599328,1.6710656825113483,3.6623824236953215,6.036971897996056e-06,-1.4616408491107293,0.37819982969908256,0.00023054071229500363,80,0.0031498019445129165,0.0008046992488709163,True,0.024571826878371637,0.02815201963933416,True,0.21091030420990864,0.1667333304702372,0.012068679039614363,-0.03749999999999998,0.010544670447835525,-0.0375,6.036971897996056e-06,1.6710656825113483,3.6623824236953215,0,2.656187583576741,7.24811887075675e-07,1.8047967218364511,3.9092117099859145,0,,0,1
S2_N80,4500079,2.677150029888034,1.8696679441067223,3.8333717519844233,7.599498231457815e-08,-1.7428219796106574,0.3833119538251063,1.9931028985288185e-05,80,0.011472638505802813,0.008704885963934844,True,0.03987031283997814,0.12475121957824796,True,0.39068589033855283,0.3451760797756087,0.026781507980766586,-0.08750000000000002,0.0190714185322976,-0.0875,7.599498231457815e-08,1.8696679441067223,3.8333717519844233,0,3.244415209877922,2.6785454256288118e-09,2.2017608463470704,4.780823526565665,0,,0,1
S2_N80,4500080,2.971449425453425,2.0677133286757754,4.270181734371356,3.943601079536906e-09,-2.349999999999999,0.3589479235944396,5.913660717290476e-09,80,0.0033787579505332446,0.0018782491159693238,True,0.001979242158093311,0.003237916188277385,True,0.677671854970227,0.3709631999837788,0.017779218693360663,0.07500000000000007,0.016492576465354077,0.075,3.943601079536906e-09,2.0677133286757754,4.270181734371356,0,3.1958346948364085,1.7001143933653342e-09,2.1898630403222814,4.663926103441164,0,,0,1
S2_N80,4500081,4.2162337788329225,2.6440528693795637,6.723249555120694,1.5040493738830038e-09,-1.2778582879127924,0.3699564582772817,0.0009008373709952554,80,0.0006227542787109493,0.0002438882568129069,True,0.12550647143746907,0.08845180689302015,True,0.25074080857218195,0.26644486571038684,0.056451290487842684,0.11249999999999993,0.06054939398657307,0.1125,1.5040493738830038e-09,2.6440528693795637,6.723249555120694,0,4.589208109440188,1.1781639881679152e-08,2.7183850903576228,7.747552451805449,0,,0,1
S2_N80,4500082,3.142500821277536,2.1541304263639405,4.584360951810609,2.8016878009647575e-09,-1.7644739468955883,0.33924238286473424,1.5884775302078269e-06,80,0.008156963918583697,0.01377745202614079,True,0.04216007199156963,0.029532881924064627,True,0.7283475263373014,0.919004375953634,0.003709555725759505,-0.03749999999999998,0.005156257815362903,-0.0375,2.8016878009647575e-09,2.1541304263639405,4.584360951810609,0,3.5924396014483895,1.6734717866031502e-08,2.303985149779715,5.601434666924211,0,,0,1
S2_N80,4500083,2.8132434870701672,1.984608063798589,3.987859901362324,6.240899871689838e-09,-1.1677782520542102,0.3467198962130111,0.0011843776525875043,80,0.0016279869046746855,0.001165637147073249,True,0.1310698866850708,0.10112320481016798,True,0.6829414124415332,0.48654167238297497,0.5627089334545443,0.26250000000000007,0.5668225723371774,0.2625,6.240899871689838e-09,1.984608063798589,3.987859901362324,0,2.7944133614362823,8.660702963166155e-08,1.9181301928926981,4.071019821025492,0,,0,1
S2_N80,4500084,2.516592111619596,1.847224582874579,3.4285142775711877,4.923682196278643e-09,-1.2469411223551061,0.39317726659115926,0.002178465854390995,80,0.00048254392908007,0.0005592909271097021,True,0.005582452918186234,0.019291176883299326,True,0.1973421660410004,0.23134011295037415,0.0025163967375665315,-0.012499999999999956,0.0008500994489236335,-0.0125,4.923682196278643e-09,1.847224582874579,3.4285142775711877,0,2.4360775075356194,1.24151071927246e-07,1.751244780823853,3.3887173784633076,0,,0,1
S2_N80,4500085,3.750942066352931,2.6711404882194865,5.26725061717529,2.310826969770419e-14,-1.3560661464052894,0.3850752475962662,0.0007246305229148381,80,0.007446028320329906,0.020871728153198075,True,0.0035254797409666827,0.01551424959128613,True,0.023451095556136184,0.020015300756452907,0.0400849614712114,0.11250000000000004,0.021532357986958135,0.1125,2.310826969770419e-14,2.6711404882194865,5.26725061717529,0,3.924543679127809,2.675639333353091e-12,2.6753681593691088,5.7569807861562,0,,0,1
S2_N80,4500086,3.196804584275742,2.227272176532874,4.588374810102856,2.917599917569009e-10,-0.4136932812710381,0.39960393213156836,0.3037887266380233,80,0.0002616186047687673,2.9127335297925466e-05,True,0.7441153192131134,0.7246033560725155,True,0.17852729337798212,0.1595184061537145,0.035595124926540066,0.10000000000000009,0.03491664077841603,0.1,2.917599917569009e-10,2.227272176532874,4.588374810102856,0,3.359700815442,5.503619970227979e-09,2.235638610578712,5.048933005482383,0,,0,1
S2_N80,4500087,3.1192324767467174,2.0918122730126214,4.65128318134347,2.4015167602918377e-08,-1.1575882895480643,0.344352947472156,0.0012086930070694427,80,0.0012475715765938517,0.0006029619541782658,True,0.0007864339281856221,0.000746758140819658,True,0.25706037929478587,0.36355671511443755,0.004041031488301667,0.025000000000000022,0.005330626508080562,0.025,2.4015167602918377e-08,2.0918122730126214,4.65128318134347,0,3.051253454218205,2.2862799288904668e-07,1.9997128257223085,4.655742325659007,0,,0,1
S2_N80,4500088,3.0546754172479575,2.095534773175,4.4528213152012155,6.3413949505557956e-09,-1.057172193700568,0.3637437808542549,0.004772909029072903,80,0.007308558830688256,0.003494886611580666,True,0.008460137418837402,0.004997953824423195,True,0.475440504732909,0.5334971853374578,0.02800553477312126,-0.08750000000000002,0.0190714185322976,-0.0875,6.3413949505557956e-09,2.095534773175,4.4528213152012155,0,3.311001606316583,3.263437295080412e-10,2.2794477948971807,4.809380439232867,0,,0,1
S2_N80,4500089,2.6947693611504864,1.90980238849596,3.802373456823625,1.671697521762413e-08,-0.6444833919412263,0.344485711180193,0.06516424308941916,80,0.0002678802879825592,9.605089747615705e-05,True,0.073828236221856,0.23743931167408783,True,0.09618353665995405,0.07088449550943843,0.004960206923395393,0.012500000000000067,0.0033695911756032038,0.0125,1.671697521762413e-08,1.90980238849596,3.802373456823625,0,3.0495287386740784,2.3333356903008142e-08,2.0620894985848492,4.5098069382445205,0,,0,1
S2_N80,4500090,3.254280076615009,2.1859711892517883,4.844683621232098,6.169112677453627e-09,-1.3929431564286352,0.364039271411198,0.00026285001024541207,80,0.0019861095393684663,0.0008786489433708426,True,0.002253180722129406,0.00046480689153569033,True,0.26671926453909334,0.7065090445534694,0.006639489061364527,0.03749999999999998,0.0042912198444716035,0.0375,6.169112677453627e-09,2.1859711892517883,4.844683621232098,0,4.069728505980014,1.2854427129698246e-12,2.761824546758481,5.99701024883197,0,,0,1
S2_N80,4500091,2.830934027381032,1.9461222638507625,4.118028767383936,5.2634556553481224e-08,-1.8148298707232497,0.35287509866764083,2.0016626006824728e-06,80,0.005344541172669341,0.004006904481912009,True,0.1504951113770726,0.18181102902545054,True,0.0760039295077354,0.12446199137303388,0.011336158933785255,-0.0625,0.0016471611476685044,-0.0625,5.2634556553481224e-08,1.9461222638507625,4.118028767383936,0,3.14267235775296,2.1455059146344587e-08,2.104954055892109,4.691973927192818,0,,0,1
S2_N80,4500092,3.2287048811870407,2.3269717909812777,4.4798717587397245,2.3130509519311802e-12,-1.8175201432408241,0.34307228841568105,1.08012078446643e-06,80,4.317265439161282e-05,1.6876375943699596e-06,True,0.036104286842766134,0.032388062553530717,True,0.5929550940414474,0.9536877930398218,0.0016409162426231588,-0.012499999999999956,0.0014728106816559935,-0.0125,2.3130509519311802e-12,2.3269717909812777,4.4798717587397245,0,3.428856296119389,3.8249066967129744e-11,2.379504113887861,4.940968763541146,0,,0,1
S2_N80,4500093,2.955645170662721,2.131501890518615,4.0984427054560815,8.153682486440901e-11,-1.1843669631940636,0.3908243998994528,0.0033244788854351276,80,0.0014510776559353421,0.010955468688994784,True,0.002489954953495118,0.0005192657091348823,True,0.026610436731217494,0.07835980721405678,0.049817065751842894,0.11250000000000004,0.021532357986958135,0.1125,8.153682486440901e-11,2.131501890518615,4.0984427054560815,0,3.563774657598803,4.864468623863825e-12,2.485155792411805,5.11054069484225,0,,0,1
S2_N80,4500094,3.10315787332249,,,,-1.0215691657866959,0.34925501403468245,0.004523445772846898,80,0.023302843395237475,0.011892307290037684,True,0.16688929880933312,0.11483634325552829,True,0.14592566389972295,0.2664533440831587,0.1288588444330942,0.14999999999999997,0.14092816660115778,0.15,2.0037010153006604e-05,1.8883454070379597,5.09948484576677,1,3.1497652179608338,1.094477997495782e-05,1.9370442350024712,5.12173173384613,1,0.0,0,1
S2_N80,4500095,2.6845312370741197,1.9123174219811252,3.7685730831028494,1.1554885897613721e-08,-1.1930403238124327,0.3528450226058355,0.0011362357988136586,80,0.00018225402322083993,0.0002641555337990784,True,0.001610623236010939,0.0006945635456526766,True,0.04421141392197724,0.06592510954904719,0.007789550172576453,0.050000000000000044,0.00945024276857523,0.05,1.1554885897613721e-08,1.9123174219811252,3.7685730831028494,0,2.5790050496475323,4.566184995256118e-07,1.7846920044240588,3.7268430797133054,0,,0,1
S2_N80,4500096,2.215466179083971,1.53550789131659,3.196525669729002,2.1112684705006384e-05,-1.2081860660538302,0.35570857943162687,0.0010822531900523218,80,3.080747379959812e-05,1.2165117876831497e-06,True,0.3156014375589149,0.2889666650012105,True,0.02283805155843918,0.04078733620937163,0.0014691381265170647,0.025000000000000022,0.0006032086708959387,0.025,2.1112684705006384e-05,1.53550789131659,3.196525669729002,0,2.2644996995633444,1.7881464861085823e-05,1.5587990282018345,3.289685710952666,0,,0,1
S2_N80,4500097,4.103155264444252,2.8331238980168143,5.942515657688567,7.973466044581638e-14,-1.6880493694660579,0.3411035437179065,4.291889607669683e-06,80,0.009238974499167068,0.00213678335678792,True,0.050562336839128384,0.02575370192660201,True,0.8440114290336855,0.9076274054987176,0.002088068508955744,0.0,0.004027161662625229,0.0,7.973466044581638e-14,2.8331238980168143,5.942515657688567,0,4.202155856958225,7.593251066450129e-14,2.884323077831682,6.122099837526861,0,,0,1
S2_N80,4500098,3.6599601678612226,2.4480574971428823,5.471811199681525,2.560448307439718e-10,-1.3047508331395785,0.40698666679207757,0.001961214186078835,80,0.00038666257118133245,7.611118884780393e-05,True,0.4021776214562248,0.5085100813143084,True,0.4109770195526026,0.39501544532976196,0.012659313503666024,0.04999999999999993,0.02553017941471786,0.05,2.560448307439718e-10,2.4480574971428823,5.471811199681525,0,4.687126471079099,1.5503948213752665e-11,2.9915727614776064,7.343680501034962,0,,0,1
S2_N80,4500099,2.5215137016512243,1.759423856869626,3.6137007707324686,4.728104558281956e-07,-1.3912242386957858,0.3864029511266232,0.0005600357432116844,80,0.001116932019610562,0.0020780126321637694,True,0.03954842921506115,0.051434502024970026,True,0.6441286882013477,0.6387694013163516,0.01247683090441029,-0.04999999999999999,0.003019888433938995,-0.05,4.728104558281956e-07,1.759423856869626,3.6137007707324686,0,2.862444975288085,8.050643376947457e-07,1.8849921915370198,4.346750757556701,0,,0,1
S2_N80,4500100,2.52947230481343,1.723770701089658,3.7117640628034887,2.107296882568585e-06,-0.9682193211488221,0.3967221484994257,0.016962675348612274,80,0.025473631880143607,0.03318948603928429,True,0.002451478443630982,0.0005384252310294913,True,0.17968218906568822,0.1561300202076768,0.00445875699270395,-0.025000000000000022,0.006179571042506989,-0.025,2.107296882568585e-06,1.723770701089658,3.7117640628034887,0,2.939890393918981,2.7577146553113914e-08,2.0096710305074867,4.3006817519156675,0,,0,1
S2_N80,4500101,2.7053458492511773,1.788720514386635,4.091693534677369,2.42051433184614e-06,-0.9927926817999799,0.4337573411252935,0.02483204270625481,80,0.0007121200913550413,0.0007642697468332098,True,0.0031449007748881666,0.003556933763756244,True,0.6688587141948844,0.6768046226257298,0.0015912722824709133,0.012499999999999956,0.003979313363321376,0.0125,2.42051433184614e-06,1.788720514386635,4.091693534677369,0,2.948923016660131,1.5600184899364509e-07,1.968654814911392,4.417304086180946,0,,0,1
S2_N80,4500102,3.4817039252991693,2.284401180650336,5.30653824123511,6.549957578775353e-09,-1.439869590989923,0.4055966710712277,0.0006606087568893957,80,6.115533357113506e-06,1.836567603448062e-05,True,0.2919005017310724,0.2926734580511057,True,0.3336345304398203,0.3919319526135451,0.12067925033616418,0.16249999999999998,0.13689739631919806,0.1625,6.549957578775353e-09,2.284401180650336,5.30653824123511,0,3.702355912406818,6.257734711965015e-10,2.4451086919330822,5.606065426603483,0,,0,1
S2_N80,4500103,3.4546063194231045,2.475515706268436,4.8209368221653035,3.0775135791363414e-13,-2.160284682257868,0.3708525006662447,1.2528137285160824e-07,80,0.0002705925197587141,0.0023586283989671694,True,0.0006877287358573942,0.00012811960389726466,True,0.18370971653146861,0.14309708270886845,0.009660071602214805,-0.03749999999999998,0.0093397207275627,-0.0375,3.0775135791363414e-13,2.475515706268436,4.8209368221653035,0,4.0884184040107865,1.6483013505028175e-15,2.8911739551863174,5.781445636043342,0,,0,1
S2_N80,4500104,3.197848698853027,2.296269634091358,4.453412678081489,6.009160875753994e-12,-1.9000000000000004,0.36391346879321146,1.4680185289746072e-06,80,0.0004856823705064156,0.00044883051260599893,True,0.2245403760348751,0.15615830122419025,True,0.02645691248002921,0.026186056195197403,0.02054884268679451,0.07499999999999996,0.02086112837080431,0.075,6.009160875753994e-12,2.296269634091358,4.453412678081489,0,3.3494622913707657,4.246472220798984e-11,2.338638494507103,4.797191899331676,0,,0,1
S2_N80,4500105,3.1126383452483655,2.239098674936811,4.326972087812923,1.4163516010085017e-11,-1.05691920479164,0.3906515953029269,0.008393013713710921,80,0.0031408692294251986,0.005838048548556411,True,0.04297301059223292,0.052113790406489065,True,0.8026289449164363,0.8087785246886621,0.0018320231055021785,0.03749999999999998,0.0005617470794898877,0.0375,1.4163516010085017e-11,2.239098674936811,4.326972087812923,0,3.5332789581297006,8.687479957107876e-13,2.4998141035694874,4.993995424754224,0,,0,1
S2_N80,4500106,2.284692396640614,,,,-1.6697951834346152,0.31075289414243557,7.969524183948517e-07,80,0.0447233619722328,0.019835118352589436,True,0.09523752223682058,0.06270127546305193,True,0.31261926002856266,0.5333885126788265,0.0037862450789932353,0.03749999999999998,0.006097781739749196,0.0375,0.00015035571146922256,1.5118634122676655,3.4525733640436145,1,2.71342495797838,0.0003093955880593164,1.602748234567624,4.593781383615883,1,0.0,0,1
S2_N80,4500107,3.252389001549708,2.09691078466582,5.0445800053850665,1.391093717346657e-07,-1.5749999999999997,0.39250192868607436,0.00013806643484613238,80,3.551438017035743e-05,7.584665700888311e-06,True,0.0686843687464444,0.05427631014615587,True,0.3378643571413986,0.48337802614326975,0.011709220426541316,-0.050000000000000044,0.010820553666713284,-0.05,1.391093717346657e-07,2.09691078466582,5.0445800053850665,0,3.5524767998019713,3.512934414507853e-08,2.2637805027977236,5.574785805220313,0,,0,1
S2_N80,4500108,3.1284244051543912,2.0594405132553706,4.7522806295070765,8.961083715875428e-08,-0.9568557968045884,0.33353894321618544,0.005314978376914853,80,0.02165257179521639,0.009443922365617217,True,0.0006116598793138174,0.003045575783306402,True,0.3405340717932004,0.38670228451689237,0.1105160841842357,0.15000000000000002,0.10496937128720893,0.15,8.961083715875428e-08,2.0594405132553706,4.7522806295070765,0,3.369586349141121,4.275773059095226e-07,2.1041229568918887,5.396125795371743,0,,0,1
S2_N80,4500109,2.6495851766472702,1.819099729570636,3.8592175537104576,3.806004615660371e-07,-1.654694842019983,0.40102131985677164,9.251102910731006e-05,80,3.568783943660909e-06,1.0537712203213179e-05,True,0.02068468411140353,0.00792309810056849,True,0.0840315091076984,0.1109754261185797,0.16161814271523336,0.175,0.13941159029190442,0.175,3.806004615660371e-07,1.819099729570636,3.8592175537104576,0,2.4947664488791275,4.717424688812687e-06,1.6866028143032838,3.69017505584086,0,,0,1
S2_N80,4500110,2.9781074687756273,2.1074180480987814,4.20852621224275,6.214721791998851e-10,-0.9473073555166367,0.434678784488581,0.03236480376473882,80,0.0013730811999549029,0.0031771383210246825,True,0.0025438765867224124,0.008241651387059295,True,0.1705297990224992,0.0786837164543349,0.006369244188229918,0.03749999999999998,0.0093397207275627,0.0375,6.214721791998851e-10,2.1074180480987814,4.20852621224275,0,3.0994449309329806,1.1263554631264702e-08,2.1021578960933898,4.569856002605129,0,,0,1
S2_N80,4500111,3.3453826198694285,2.141464545882079,5.226135961412602,1.1225548915513236e-07,-1.0999999999999994,0.3954880407494076,0.006802806930749306,80,0.013635822232370904,0.011049311146975611,True,0.001860266400391802,0.00028832521088145073,True,0.8253726898565162,0.7646471632899074,0.008172068951531232,0.03749999999999998,0.011804249436015334,0.0375,1.1225548915513236e-07,2.141464545882079,5.226135961412602,0,3.501666499990434,5.8006955071561625e-08,2.226544240092338,5.5070400382642966,0,,0,1
S2_N80,4500112,3.3688539756604787,2.273350248429354,4.9922695005595825,1.4270189168342649e-09,-1.1557853513475551,0.4054629682720776,0.005598526260776877,80,0.0008905854024854936,0.0023643750455798924,True,0.02231578575116035,0.030049189479482923,True,0.8049106247716391,0.7170229245867756,0.002271695068054994,-0.02499999999999991,0.0031555361579707042,-0.025,1.4270189168342649e-09,2.273350248429354,4.9922695005595825,0,3.709253891718441,1.762376941180224e-10,2.4798158557457812,5.54822020407263,0,,0,1
S2_N80,4500113,3.085095193712357,2.1640905152437107,4.398065740422706,4.747927499007464e-10,-0.9873374093388463,0.3965783618485549,0.014943407510892917,80,0.0038372929992166226,0.011397940288492992,True,0.12241012346469546,0.10423277519193042,True,0.6281780057252362,0.688185202374588,0.009670286987910165,0.07500000000000007,0.010563549452757767,0.075,4.747927499007464e-10,2.1640905152437107,4.398065740422706,0,3.5062156756622445,2.077318566438436e-09,2.3260177910267963,5.285234021719495,0,,0,1
S2_N80,4500114,2.8041599046439556,1.8632546540111918,4.2202029410659225,7.661048022754274e-07,-1.2763934149904477,0.33377411063386714,0.0002648552659096398,80,0.00021007344071136217,0.00020881767046723458,True,0.011108497532274853,0.005265562055407343,True,0.654270664527858,0.8428621806336665,0.2549811883118621,0.19999999999999996,0.24982709108182036,0.2,7.661048022754274e-07,1.8632546540111918,4.2202029410659225,0,3.0996159492260005,6.451694467608349e-08,2.0567247796166424,4.671319725377639,0,,0,1
S2_N80,4500115,3.179563411584086,2.22373534473584,4.546235014978892,2.2862368410190699e-10,-1.763689877961233,0.33942866348885126,1.6214530939901816e-06,80,0.00015088260638361,0.00016477172532873249,True,0.4205671892373932,0.5401528668873876,True,0.047217477198341594,0.05161944188301136,0.051812809519154526,0.12500000000000006,0.03837659116204539,0.125,2.2862368410190699e-10,2.22373534473584,4.546235014978892,0,3.5383281289873647,1.5079786075336213e-10,2.403541292949709,5.208883236209575,0,,0,1
S2_N80,4500116,2.5121934250946794,1.8025540180351798,3.5012075876473205,5.362772870976944e-08,-0.9435864931002289,0.3860673714876175,0.016808843119548583,80,1.6369562943297143e-05,2.310719399875141e-06,True,0.26083988563534366,0.39068149955313713,True,0.2202291272970559,0.36853308335702806,0.011353864037360899,-0.0625,0.014231639434400988,-0.0625,5.362772870976944e-08,1.8025540180351798,3.5012075876473205,0,2.8873699486953694,4.992635956752584e-09,2.0237139685017516,4.119606500913415,0,,0,1
S2_N80,4500117,3.1422093261171664,2.154147251055024,4.583474711072802,2.782914843652959e-09,-1.5457037037037016,0.41090539388902464,0.000327280033664544,80,0.0030259647824791226,0.0004137707318995978,True,0.44670054879979726,0.34712251097995583,True,0.8933798585387581,0.8543284389491416,0.0015096094359673055,0.0,0.001686525290093039,0.0,2.782914843652959e-09,2.154147251055024,4.583474711072802,0,3.414072854503323,5.547668108803744e-10,2.3161583532024537,5.032425110200415,0,,0,1
S2_N80,4500118,2.9977925488531914,2.075974855736553,4.328934977765529,4.738543116796896e-09,-1.549999999999999,0.3388873427760148,1.8010575634340563e-05,80,0.010899041178136563,0.00858868052527136,True,0.31314208384213293,0.37943363853415124,True,0.1883886431186551,0.20511702201525317,0.002037242047161787,-0.012499999999999956,0.002813335718335148,-0.0125,4.738543116796896e-09,2.075974855736553,4.328934977765529,0,3.669892633107218,6.820703608952577e-12,2.5313885800689637,5.320444298665404,0,,0,1
S2_N80,4500119,2.759586336202735,1.9113320644042742,3.984298117936082,6.064056490936028e-08,-1.3217280408098189,0.36172519315578805,0.00046932609512437387,80,0.0054745641208637594,0.007761370015937629,True,0.15088708129003908,0.12160048339088318,True,0.8501828731242513,0.8391564123409908,0.0026349802220114703,-0.012499999999999956,0.0011351017127660373,-0.0125,6.064056490936028e-08,1.9113320644042742,3.984298117936082,0,2.9427975298385207,8.236955774926853e-08,1.9834013302161442,4.366265752519162,0,,0,1
S2_N80,4500120,2.360913403641257,1.6763117299857642,3.3251047521693837,8.805781973083805e-07,-1.4420030808456397,0.38267498520848386,0.0003201587238385393,80,0.01135720653255227,0.008018498702882475,True,0.02046636363578868,0.0349829266294145,True,0.11517788574087351,0.07185988947921369,0.029804716480508395,-0.09999999999999998,0.02199189345838609,-0.1,8.805781973083805e-07,1.6763117299857642,3.3251047521693837,0,2.8216130657579526,8.11520023747512e-08,1.931550234651014,4.121818915206443,0,,0,1
S2_N80,4500121,3.284761792131074,2.344392526907869,4.602326575948927,4.800856385194389e-12,-1.3715503558445548,0.38628628856520586,0.0006593126446106263,80,0.00014394151962165465,7.488191163636784e-05,True,0.04588556151976267,0.036744551928692554,True,0.06307786116423718,0.0846336262082075,0.0022515694810045315,0.0,0.00043628677879939225,0.0,4.800856385194389e-12,2.344392526907869,4.602326575948927,0,3.45946209558583,4.8720992608198215e-12,2.4328020071986773,4.919380186049696,0,,0,1
S2_N80,4500122,3.184828340984556,2.2165696321233748,4.57604914122268,3.744955172903061e-10,-1.2250000000000005,0.3744004731031996,0.0016002463050181805,80,0.009997514970371643,0.022328768573474024,True,0.07045755225296559,0.0198336665168942,True,0.09025935085052592,0.2679688022768214,0.0063944230993208135,0.03749999999999998,0.0042912198444716035,0.0375,3.744955172903061e-10,2.2165696321233748,4.57604914122268,0,3.100622884465533,2.7431052614534354e-09,2.1353127175455024,4.502320523207624,0,,0,1
S2_N80,4500123,2.683259091163375,1.9163733605154332,3.757033727694066,9.064791829553388e-09,-1.3828642781673202,0.39945624986574374,0.0008786025390106999,80,0.19682550522221853,0.12031055700915345,True,0.00012438689038771228,0.0002683248222765767,True,0.1882008965472065,0.2484213034869912,0.06921999649242865,-0.125,0.033591572874742986,-0.125,9.064791829553388e-09,1.9163733605154332,3.757033727694066,0,3.297291753462518,9.84519715508068e-11,2.297072212547917,4.733039234927898,0,,0,1
S2_N80,4500124,2.2597599246585163,1.612881039991725,3.1660827987158067,2.1567760664422495e-06,-1.710763504368156,0.321823447683312,1.0045847647285473e-06,80,0.001450225220394748,0.0017819029743758115,True,0.3879945610724914,0.2612897117860531,True,0.9521589501783623,0.7315002342187511,0.005902877564287782,-0.03749999999999998,0.007111770804383594,-0.0375,2.1567760664422495e-06,1.612881039991725,3.1660827987158067,0,2.3503116715775176,3.512546968598386e-06,1.6379589122999603,3.372468571752488,0,,0,1
S2_N80,4500125,2.0357498330024426,1.4738394952381533,2.8118919298602534,1.6060782151388777e-05,-1.8621671493973644,0.3716538957951088,3.3729453847693188e-06,80,0.004698803591842752,0.005743426929037485,True,0.013362029152104101,0.03558386833066921,True,0.6703852926309033,0.7535365596345706,0.06571117093393378,-0.13749999999999996,0.03861370432517933,-0.1375,1.6060782151388777e-05,1.4738394952381533,2.8118919298602534,0,2.2424214218536394,1.6796817850522375e-05,1.552372138891127,3.2392064423289417,0,,0,1
S2_N80,4500126,2.9743044344135705,2.005279292673843,4.411598374796116,5.987773499136628e-08,-1.4647021112915644,0.35009974573152997,7.535644179582565e-05,80,0.0033688878684594147,0.0012498634553170646,True,0.0003378270612967368,0.00045763829679046727,True,0.149150100159937,0.41106399449604414,0.018937794259969346,0.0625,0.023740109988523432,0.0625,5.987773499136628e-08,2.005279292673843,4.411598374796116,0,3.2646596490000306,1.370526112920352e-07,2.102354756368249,5.069554789230892,0,,0,1
S2_N80,4500127,3.788225188244714,2.558535337954847,5.608931744645288,2.900907908383341e-11,-1.3138179928398208,0.36581077473109247,0.0005767020551264159,80,0.0043456502677964,0.0025492207879092596,True,0.0006866081456987265,0.00011560426983176437,True,0.2356983684271633,0.30491274194778817,0.019670056046045294,-0.07500000000000007,0.02086112837080431,-0.075,2.900907908383341e-11,2.558535337954847,5.608931744645288,0,4.187597840867183,1.0464809879614795e-10,2.7118340771768605,6.466463352024554,0,,0,1
S2_N80,4500128,3.162777777920534,,,,-1.8120249017038004,0.4114967388744371,3.391446352372928e-05,80,7.266879094600389e-05,0.0003052690614434512,True,0.0071830717099662465,0.025272514933432938,True,0.9883928970557132,0.673407311598864,0.06299780462622259,0.125,0.07120564330224897,0.125,7.717666897956777e-08,2.1483194543415354,4.656273652548541,1,3.5986368911565316,3.113308146787918e-08,2.376050648350826,5.450299421597448,1,0.0,0,1
S2_N80,4500129,3.0504989188767944,2.141647319093339,4.3450401805690255,6.420789685057664e-10,-1.661448830063816,0.4033876129672007,9.499675588337733e-05,80,0.0653749525876929,0.0482063736672772,True,0.26139099294296986,0.14684522684424212,True,0.510939947692342,0.533037831791789,0.026048289863786007,-0.07499999999999996,0.023135559400515857,-0.075,6.420789685057664e-10,2.141647319093339,4.3450401805690255,0,3.2308216133615977,6.930044171253353e-09,2.172620841131442,4.8044316337905055,0,,0,1
S2_N80,4500130,1.976230469792418,1.3629037721767905,2.8655631816898057,0.00032673708445298227,-1.2562707389303187,0.3886547354256711,0.0018081440138592213,80,0.011240072627701042,0.0013521353425577577,True,0.15711980086650307,0.09909422868468523,True,0.37052815490096214,0.27491932394688734,0.0035197631103549435,-0.025000000000000022,0.0031555361579707042,-0.025,0.00032673708445298227,1.3629037721767905,2.8655631816898057,0,1.9546180494591319,0.0005299226486572038,1.3379235422016404,2.8555680491162354,0,,0,1
S2_N80,4500131,1.941035120927384,1.3738557526617547,2.742367481720023,0.00016906375125176897,-1.5604372691528647,0.39648522979193357,0.0001805500852280042,80,0.00363378617586455,0.0019677872266840877,True,0.007560974339773859,0.009388002418239028,True,0.13652397096219673,0.14575778795890182,0.0076846388745500545,-0.050000000000000044,0.006940622567554772,-0.05,0.00016906375125176897,1.3738557526617547,2.742367481720023,0,1.9952232694188388,0.0002710782188944425,1.3757075031678319,2.8937226013986064,0,,0,1
S2_N80,4500132,3.061443804381151,2.1042462602246554,4.454059557830988,4.944101746180355e-09,-1.6766564053990054,0.36419132819532846,1.6091182548487694e-05,80,0.00016895775437969463,0.0011027771655093392,True,0.00832187426683437,0.056652588544575895,True,0.43606711713850055,0.3103426112142661,0.2231052321368646,0.18749999999999994,0.21807832351155362,0.1875,4.944101746180355e-09,2.1042462602246554,4.454059557830988,0,3.1798967490517716,5.874763569618828e-09,2.153906652865302,4.694606110798053,0,,0,1
S2_N80,4500133,2.6587738468282347,1.735856957353879,4.072385307228214,6.9512592752633404e-06,-1.3455894845084289,0.33778778357267875,0.00015288725539858327,80,0.0006483924351971506,0.0014380045170577925,True,0.0026878756264606236,0.0017165780370919396,True,0.4452494263878124,0.47151357966061247,0.004424375816007745,0.03750000000000009,0.001655831041754713,0.0375,6.9512592752633404e-06,1.735856957353879,4.072385307228214,0,2.8598075686076703,4.200161582786283e-06,1.8279020814755937,4.474254618093948,0,,0,1
S2_N80,4500134,2.772215609120967,1.9000747918501633,4.044672039446738,1.2204309056160538e-07,-1.9791948641409904,0.35777399817021144,4.1891287534163214e-07,80,0.0007035248299880117,0.0020077353046118007,True,0.07087625299720653,0.06483212413697328,True,0.023770162004270845,0.10156137657335916,0.008368152987084033,-0.04999999999999993,0.0038487555618565627,-0.05,1.2204309056160538e-07,1.9000747918501633,4.044672039446738,0,3.464564562935409,3.17070872543428e-08,2.230716766040927,5.3808747903262955,0,,0,1
S2_N80,4500135,3.052937423319742,2.195720487413142,4.244814840566032,3.2007370743670385e-11,-0.7926570298521496,0.38818442041597623,0.0445799873215679,80,4.689037873338146e-05,0.0001103284283474878,True,0.07506193053643938,0.06339113290127604,True,0.45837168851155063,0.8772372800045825,0.033532888899766675,0.08750000000000002,0.0326065039141214,0.0875,3.2007370743670385e-11,2.195720487413142,4.244814840566032,0,3.4484184206006767,1.2652761637465e-11,2.410093035148544,4.934079070854266,0,,0,1
S2_N80,4500136,2.0433694760376144,1.4323768330099969,2.9149862797125365,8.067600682396625e-05,-1.2050561797752808,0.3544909435663879,0.0010725486756884659,80,0.00824784445570019,0.005252098788727607,True,0.0954650852688041,0.08530244489766009,True,1.0,0.6668999311725896,0.0030199219931123303,-0.012499999999999956,0.002813335718335154,-0.0125,8.067600682396625e-05,1.4323768330099969,2.9149862797125365,0,2.2192539147911488,3.2313909342175493e-05,1.5238999979137753,3.231897070055976,0,,0,1
S2_N80,4500137,2.8119112755314766,1.9677689317374656,4.018177588808464,1.3740961086546948e-08,-1.5499999999999992,0.37735365731804066,9.884475766024961e-05,80,0.0001821718466483887,2.149576500462345e-05,True,0.013888224806136981,0.006366362726714364,True,0.08559523756207021,0.20190960076247544,0.032139676369331634,0.08750000000000002,0.02980916043796155,0.0875,1.3740961086546948e-08,1.9677689317374656,4.018177588808464,0,2.859618520228524,3.9267214704749047e-08,1.9657366194187584,4.1599764691019105,0,,0,1
S2_N80,4500138,3.9651859810468677,2.8732808189020065,5.472037317361438,5.186266072059707e-17,-1.5647779336138372,0.40937548957793857,0.00026645660947738163,80,0.2302289194377466,0.08961260525054754,True,0.08132726325966179,0.11256782824254213,True,0.6370729983748953,0.6533348897563105,0.0009269454014801039,0.0,0.0006055256162274071,0.0,5.186266072059707e-17,2.8732808189020065,5.472037317361438,0,3.973517293102165,1.2768056997843956e-13,2.75842320062864,5.7238641536163515,0,,0,1
S2_N80,4500139,4.4705874644990615,2.9863238484883183,6.69256024856553,3.4774514388015713e-13,-1.0868559954102126,0.3731112348665569,0.00468325897127834,80,0.0011256137939934473,0.0003957842939493657,True,5.7485848385453126e-05,4.718551250680959e-05,True,0.23579750977113878,0.2835437084295631,0.04958350377260182,0.09999999999999998,0.04491738857777205,0.1,3.4774514388015713e-13,2.9863238484883183,6.69256024856553,0,4.463857667234376,1.4729449752771726e-12,2.9496767139988083,6.755325144196522,0,,0,1
S2_N80,4500140,2.798539739195282,1.9746681021747807,3.9661473557149662,7.278505258000546e-09,-1.5629990373180775,0.41410706125645,0.00031355788086596145,80,0.003452232008262552,0.002840717825900842,True,0.9768527463631085,0.9769185408690239,True,0.16877308027248616,0.32471270023018917,0.005483581092519269,-0.03749999999999998,0.0008465146141695041,-0.0375,7.278505258000546e-09,1.9746681021747807,3.9661473557149662,0,2.822191976044617,7.429095685768618e-09,1.9852707968694618,4.011930041085639,0,,0,1
S2_N80,4500141,2.6825994567672984,1.7611876701353295,4.086072124781135,4.302934380099661e-06,-1.9616478423255208,0.3429671628136669,1.9395440740284957e-07,80,0.002342865378845544,0.0003101048871143565,True,0.004074712909907336,0.0016156310806168524,True,0.5388238526186339,0.6569018938388673,0.00940194166334476,0.050000000000000044,0.00581425311093372,0.05,4.302934380099661e-06,1.7611876701353295,4.086072124781135,0,3.1865527558124174,2.2404142969593017e-07,2.0550029434027426,4.941169791592698,0,,0,1
S2_N80,4500142,2.400463691469009,1.7032438229135165,3.383089289121468,5.678770209666428e-07,-1.635160691495533,0.40923686244428265,0.00014656651525959703,80,0.0011544882800493886,0.00016636609163756354,True,0.0015377429689884558,0.0025319404524800897,True,0.7056936560628397,0.7388131233779794,0.2590237041826012,-0.20000000000000007,0.22833953201165239,-0.2,5.678770209666428e-07,1.7032438229135165,3.383089289121468,0,2.552736027845689,3.201359465490297e-06,1.720792992644813,3.786894330529415,0,,0,1
S2_N80,4500143,2.4970141242824457,1.775395258716928,3.5119388239056697,1.4517883742633293e-07,-1.266814349225816,0.36526416802914574,0.000860867735667421,80,0.0015272480941813953,0.001340523008665285,True,0.012568418520645821,0.014657287517153344,True,0.587683354444378,0.884677537192665,0.09547227817458538,-0.1375,0.09398197242845652,-0.1375,1.4517883742633293e-07,1.775395258716928,3.5119388239056697,0,2.7957807793255784,8.133167470306422e-09,1.9711531109960303,3.965389660723357,0,,0,1
S2_N80,4500144,2.431362452493183,1.626909355115259,3.6335911136087002,1.4631860348810982e-05,-1.9324307395808245,0.3525797637261008,5.158580975103237e-07,80,0.00288137755161048,0.0012665581422464378,True,0.07671566509045379,0.06973005884745889,True,1.0,0.9691714151223488,0.006475422595054295,0.050000000000000044,0.002298588238772378,0.05,1.4631860348810982e-05,1.626909355115259,3.6335911136087002,0,2.6880833727157265,2.2747840866248718e-06,1.7840007549439008,4.050330247140494,0,,0,1
S2_N80,4500145,1.7991057921170694,1.2549488557723385,2.579213994531404,0.0013950306413875388,-1.1859373443570076,0.33200164050881664,0.0006146455417317342,80,0.0011380432102231159,0.0007028838075546331,True,0.07777526763010786,0.03764388930271629,True,0.6107616177631947,0.44196815501562225,0.016360407425282598,-0.0625,0.0023432839701823444,-0.0625,0.0013950306413875388,1.2549488557723385,2.579213994531404,0,1.9892654919154915,0.0006929897804098956,1.3369630710674367,2.9598253556594916,0,,0,1
S2_N80,4500146,2.709501515294223,1.8783468739312514,3.9084359567818505,9.695583640744255e-08,-1.5794571428571444,0.3611100591744846,3.781120678052895e-05,80,0.012853802057657187,0.004128187543509301,True,0.006568413957675592,0.0014313012287908305,True,0.33481157157661734,0.3273777458848526,0.01123038959353701,-0.04999999999999993,0.0038487555618565627,-0.05,9.695583640744255e-08,1.8783468739312514,3.9084359567818505,0,2.950285408528714,2.5149888946810547e-08,2.0164854283215705,4.316512219491913,0,,0,1
S2_N80,4500147,2.114935046919243,1.442652923847592,3.1005033703864324,0.00012421181373805694,-0.9845672504853541,0.3810663994077924,0.011667059951010842,80,0.0045442111119344255,0.0018174281054800716,True,0.04589328049321053,0.031078219177407763,True,0.9476151524499379,0.976845250140112,0.02680902225540049,0.08750000000000002,0.021662657248263956,0.0875,0.00012421181373805694,1.442652923847592,3.1005033703864324,0,2.1776519129022134,0.00016543181303136902,1.4525087036137454,3.264812005579361,0,,0,1
S2_N80,4500148,2.305652177655211,1.595644114719215,3.3315899925853305,8.663451837056475e-06,-1.4430147724392623,0.33829997980881604,5.6126329110427e-05,80,3.6672244970289304e-05,3.403506932511298e-05,True,0.08050158472490479,0.04597061879395529,True,0.5483808726805273,0.6598688518615164,0.0035920665237177012,-0.012499999999999956,0.0053533441400235105,-0.0125,8.663451837056475e-06,1.595644114719215,3.3315899925853305,0,2.6404686118256975,9.003137110951078e-08,1.849595351898993,3.7695134143143516,0,,0,1
S2_N80,4500149,2.797265594253136,1.9685099411069042,3.974932836962194,9.585450389854865e-09,-1.9604251984427894,0.36006319372913437,5.974070641910186e-07,80,0.0022858376566225937,0.0014987982445133206,True,0.04934770556664657,0.0409167543732447,True,0.03543814184065012,0.11651656107763585,0.004395073254839618,-0.050000000000000044,0.004781774238478965,-0.05,9.585450389854865e-09,1.9685099411069042,3.974932836962194,0,2.9245785193824227,2.7611181768143842e-08,2.0028606832664475,4.270471524801121,0,,0,1
S2_N80,4500150,2.420464205980681,1.59724922839863,3.66796043364344,3.07319162673924e-05,-0.9800736771600818,0.40297713198774443,0.017334552546160294,80,0.0013210381759980907,0.00020507643910577187,True,0.0014944083796893284,0.0001931563750799832,True,0.30738577641817744,0.3466936143198506,0.002040883691337941,0.012499999999999956,0.003979313363321376,0.0125,3.07319162673924e-05,1.59724922839863,3.66796043364344,0,2.5293981802463725,2.8552987260542117e-05,1.6377922428761322,3.906389947847334,0,,0,1
S2_N80,4500151,3.4584941579939397,2.3956006240020535,4.992978262334914,3.518020893766817e-11,-1.0328590735962635,0.4121822554682205,0.014326418258604371,80,0.000255078216563659,9.146890138682316e-05,True,0.029711897025413027,0.005287007957924354,True,0.4447939002320529,0.7133992111243623,0.4381518206963077,0.23750000000000004,0.4367620894856782,0.2375,3.518020893766817e-11,2.3956006240020535,4.992978262334914,0,3.6618376200684275,2.0836741681728145e-11,2.5049553863826133,5.3530114063677265,0,,0,1
S2_N80,4500152,2.839521044922921,1.9971580874465458,4.037176533615775,6.153636842524666e-09,-0.893962428132103,0.3803857131630765,0.02132824001019163,80,3.882138777129486e-05,5.911244705320051e-05,True,0.252027079897024,0.2820646418186603,True,0.867883763658538,0.7683749337668712,0.06118711293968753,0.12500000000000006,0.08834578214062955,0.125,6.153636842524666e-09,1.9971580874465458,4.037176533615775,0,2.88074350333283,2.4269933094503767e-08,1.986365117531078,4.17782363310378,0,,0,1
S2_N80,4500153,2.5439297766581705,1.7248720044746795,3.7519182245288096,2.479243592619539e-06,-1.4694652278177458,0.38490670561978446,0.00027069528312093083,80,0.0008711222598699091,0.0005872402363933431,True,0.1870119694580039,0.1780298770834592,True,0.5372434709576713,0.4747706722472652,0.0014815439018031273,0.012500000000000067,0.0033695911756032007,0.0125,2.479243592619539e-06,1.7248720044746795,3.7519182245288096,0,2.812300163702212,2.285949892813285e-07,1.9009338672140488,4.160603557634926,0,,0,1
S2_N80,4500154,3.3870095572655887,2.21305412914271,5.183711319999382,1.9271109809337625e-08,-1.195204953560372,0.30529373683150696,0.0001939748798766212,80,0.003983583223293935,0.0020056493401033994,True,0.5964440619411988,0.6432748276155226,True,0.6650656463628701,0.6918155404188833,0.01624079489387335,0.07499999999999996,0.01243977351943838,0.075,1.9271109809337625e-08,2.21305412914271,5.183711319999382,0,3.5623521873367356,3.565806786971799e-09,2.3364140926027557,5.431551344772889,0,,0,1
S2_N80,4500155,2.06658354199917,1.4107370635005156,3.027330639109046,0.00019413346156024457,-1.429859930752281,0.38302213883403324,0.0003603621194489469,80,0.00024163284406621084,4.0004869260029644e-05,True,0.005838125084871809,0.004654878418925707,True,0.29981817012228107,0.4482253648075556,0.013429906548535576,-0.0625,0.016024904467563248,-0.0625,0.00019413346156024457,1.4107370635005156,3.027330639109046,0,2.182665266803153,0.00010288909324211167,1.4720122635421395,3.2364048757617554,0,,0,1
S2_N80,4500156,2.9071037236874613,2.0516923464782795,4.119161469205673,1.9511195277035373e-09,-1.0750000000000002,0.3573562212882695,0.003549558728367777,80,2.367278821194514e-05,0.00021235776086273681,True,0.17888101778868326,0.09377124468938029,True,0.22903232094075598,0.13534514043164608,0.015005812011036143,0.07499999999999996,0.005704497466673953,0.075,1.9511195277035373e-09,2.0516923464782795,4.119161469205673,0,3.348748584770748,6.193320792665753e-10,2.2833061488510027,4.911350626216819,0,,0,1
S2_N80,4500157,3.325855497382064,2.38483548381727,4.638187776274313,1.4242505607698793e-12,-1.0330981536401045,0.3507107582930646,0.004260025341853267,80,0.0012071828245268463,0.0013190027637013687,True,0.09671453902317628,0.32074442062671316,True,0.5269581990390729,0.46825407807572694,0.018437075622427676,-0.07499999999999996,0.023135559400515857,-0.075,1.4242505607698793e-12,2.38483548381727,4.638187776274313,0,3.7345371770346256,3.0379015806160627e-12,2.5790589560752943,5.40769643664035,0,,0,1
S2_N80,4500158,2.7428267638744015,1.8708715030517653,4.021173364581184,2.3534345653174378e-07,-1.0324766115596566,0.4044726605734781,0.012669156110618474,80,0.0028028725648655,0.0015325554669787934,True,0.09849651926547831,0.06924707236191911,True,0.7586977028721174,0.8126411650293518,0.0077872815093277,0.03750000000000009,0.0093397207275627,0.0375,2.3534345653174378e-07,1.8708715030517653,4.021173364581184,0,2.872824515939997,9.952606887177225e-07,1.8823940940344914,4.384374518354527,0,,0,1
S2_N80,4500159,3.6234841418711703,,,,-1.8042475948447985,0.3805260164643819,9.547909602776174e-06,80,2.608185064215923e-06,1.809256896226294e-08,True,0.20403042536327232,0.1507735565898131,True,0.19639161161727348,0.3146956916607455,0.008501021294114052,-0.0625,0.0023432839701823444,-0.0625,8.402215659453835e-09,2.434784973546961,5.392524378555195,1,3.845613718292583,1.3855083473810343e-08,2.5177189212354762,5.8738665168640365,1,0.0,0,1
S2_N80,4500160,1.9993035274639948,1.4015530100025406,2.851989590406378,0.00013204488194692345,-1.7750000000000006,0.33381697218229117,9.98791906911275e-07,80,0.0004258067127400508,0.000961368001257808,True,0.049234163992087,0.035478787848094134,True,0.01915266120873008,0.031081601539215232,0.004160446041626023,0.03749999999999998,0.007111770804383594,0.0375,0.00013204488194692345,1.4015530100025406,2.851989590406378,0,2.1228147994241033,4.7389960317144974e-05,1.4771042078383398,3.050795366190704,0,,0,1
S2_N80,4500161,1.8261288405069669,1.3217846367804211,2.522912166882219,0.0002605071208296102,-1.413047174986286,0.3461501375689639,0.00010813534666683682,80,0.02512545084193463,0.0391503407496119,True,0.04932379799627812,0.0459565532413347,True,0.40524613098586615,0.6185388024779022,0.0015912722824709107,0.012499999999999956,0.0033695911756032007,0.0125,0.0002605071208296102,1.3217846367804211,2.522912166882219,0,1.9814378798139292,0.00014709992413986295,1.3919993582384547,2.8204726161152185,0,,0,1
S2_N80,4500162,4.014042632533398,2.672174459616643,6.02974786987044,2.1669655195713268e-11,-1.1927419598369309,0.35274811212984636,0.001135937057630224,80,0.010624208463281734,0.004843025041775722,True,0.028385138696226164,0.011264412403477572,True,0.8118150695128623,0.8581986049617816,0.0023634521476402033,0.012499999999999956,0.0053533441400235105,0.0125,2.1669655195713268e-11,2.672174459616643,6.02974786987044,0,4.2715965313519035,5.986332076524682e-12,2.8245415413132,6.459999493643254,0,,0,1
S2_N80,4500163,2.0646793009287934,1.3504049871852621,3.1567571625822075,0.0008176920889118998,-1.299999999999999,0.3402668630494729,0.00026811583979554065,80,8.140969296668823e-05,8.532683045013852e-06,True,0.3644191742503686,0.3369828307664655,False,0.8378493970506624,0.9422832738800242,0.03789033014282522,-0.08750000000000002,0.041106122085296654,-0.0875,0.0008176920889118998,1.3504049871852621,3.1567571625822075,0,2.1535818245356766,0.0008628863403277926,1.3714357888603856,3.381794986423941,0,,0,1
S2_N80,4500164,3.09652462048704,2.063973401663177,4.645633862120459,4.730115774479344e-08,-1.118713043478261,0.39097316611352617,0.005428883538478647,80,7.250365266865917e-05,8.665807947847608e-06,True,0.5390490030045272,0.4726057078799918,True,0.6468718630275736,0.8770233337583229,0.01443475752822444,-0.07499999999999996,0.007181483822841991,-0.075,4.730115774479344e-08,2.063973401663177,4.645633862120459,0,3.7081343035706342,1.3897259866114587e-10,2.4849459895071306,5.533424095082455,0,,0,1
S2_N80,4500165,3.5266855449788865,2.4516952607093576,5.073024829996382,1.0885201427414759e-11,-1.534538542088103,0.3137306695990817,5.3664511821861155e-06,80,0.007438456119479863,0.0034975836764183903,True,0.007649565925703257,0.009769620088403532,True,0.7163980531859393,0.5981356496375654,0.005643074128772889,0.03749999999999998,0.001209752427800033,0.0375,1.0885201427414759e-11,2.4516952607093576,5.073024829996382,0,3.687113171596058,1.104788625584681e-12,2.5740724032260607,5.2814378970532845,0,,0,1
S2_N80,4500166,2.5157200631228602,1.6469145615928666,3.842851100835334,1.971897319425527e-05,-1.2475650991061014,0.3480509478631694,0.0005902770120770208,80,1.9082236401318957e-06,9.720032881662281e-07,True,0.11138605017515782,0.10731532166413693,True,0.9825960966877972,0.9922863595724616,0.011218422041129852,-0.04999999999999993,0.00945024276857523,-0.05,1.971897319425527e-05,1.6469145615928666,3.842851100835334,0,2.659929105902291,6.3805285532473e-06,1.739270623334018,4.067925228831625,0,,0,1
S2_N80,4500167,1.7438046728412617,1.2204703861622488,2.4915432373455153,0.0022558449525605442,-1.7399976421890968,0.34400003831956205,2.7977788766178586e-06,80,0.0006173216860020456,0.0005177671794087977,True,0.0001937161116597663,0.0004029215605561843,True,0.3446490785704067,0.24220137875954317,0.2800450088709589,-0.19999999999999996,0.24982709108182036,-0.2,0.0022558449525605442,1.2204703861622488,2.4915432373455153,0,1.822646050083256,0.0017159890557838498,1.2523826933598765,2.6525746814432343,0,,0,1
S2_N80,4500168,2.134836434821306,1.533528004633106,2.971922644823774,7.017984521421585e-06,-0.9501414604447949,0.3748280298530352,0.013276857538802948,80,0.00213578547706951,0.000951818759853675,True,0.010848913353650569,0.00968540390792531,True,0.44952985307547144,0.40340241934154053,0.0036108383880520106,0.025000000000000022,0.00040004955868099993,0.025,7.017984521421585e-06,1.533528004633106,2.971922644823774,0,2.382687508157326,6.346016537947739e-06,1.6344237823444185,3.4735175924726134,0,,0,1
S2_N80,4500169,2.213796506324539,1.5798916943200778,3.1020448990485288,3.890838269650431e-06,-1.3587859372433058,0.3504438023820386,0.00022078995526905433,80,0.005114819517434001,0.002693763988031008,True,0.16581743744599386,0.22592275329221745,True,0.0062662272941854695,0.014128777312851464,0.0016274864923160387,0.012499999999999956,0.002813335718335154,0.0125,3.890838269650431e-06,1.5798916943200778,3.1020448990485288,0,2.610144740550801,1.1128006700103775e-07,1.8314335640876287,3.7199577971145197,0,,0,1
S2_N80,4500170,3.0240978846700624,2.1377673698541257,4.277906073891465,4.0217349220334735e-10,-1.0961712062256808,0.307331022395192,0.0006254721087606885,80,0.0030816285251254547,0.004682480775973733,True,0.018924268416921484,0.007019621359590484,True,0.9396681018868873,0.8352416827342742,0.005819374642199375,0.012499999999999956,0.0053533441400235105,0.0125,4.0217349220334735e-10,2.1377673698541257,4.277906073891465,0,3.4522528079923496,6.716759739842899e-12,2.4234912201155163,4.917719260283925,0,,0,1
S2_N80,4500171,2.3455413481101606,,,,-1.3095494236814536,0.39584590627422467,0.0014291902016344415,80,0.0003602362104984094,0.0001301164058951065,True,0.2042568656792002,0.09676669095011638,True,0.034029437322186606,0.1531336861759545,0.014458378853811014,0.07499999999999996,0.012439773519438379,0.075,0.001321466793085443,1.4091005129962237,3.9043092845067844,1,2.506869824397388,0.00022569587254468306,1.5618539875705548,4.023677223662562,1,0.0,0,1
S2_N80,4500172,2.991221623785524,1.9122138580164838,4.6790827109072115,1.5887829154946028e-06,-1.4949047778149016,0.3682067835458978,0.00011695660572942096,80,0.003989706886752119,0.0008503487338514428,True,0.07040989105401274,0.07838500658482868,True,0.7772894461031696,0.5915445928099408,0.004955069338460486,-0.03750000000000009,0.0035062293183899247,-0.0375,1.5887829154946028e-06,1.9122138580164838,4.6790827109072115,0,3.3293949380690204,1.3794438620249618e-06,2.0431721349456313,5.42532391864995,0,,0,1
S2_N80,4500173,2.0083153129515736,1.3897189642818968,2.9022633351771963,0.00020576742717255835,-1.3099453653116029,0.3796657690926964,0.0009119299257231137,80,0.1689593069051356,0.1963597542435097,True,0.0006849296153219279,0.005484673820677335,True,0.8507710321346698,0.8504888995913261,0.009305446248223,-0.03749999999999998,0.0042912198444716035,-0.0375,0.00020576742717255835,1.3897189642818968,2.9022633351771963,0,2.1048269766896306,0.000656572885115888,1.371776303038914,3.22960572506313,0,,0,1
S2_N80,4500174,3.0452458305631143,1.9394333126931538,4.781562793558778,1.3152848980463867e-06,-1.3945165016934924,0.41153908667855593,0.0011101379958979615,80,0.00042712004262498266,0.0011013591484436566,True,0.10510526516008988,0.09620597631320767,True,0.5130989621761737,0.6217935821639413,0.0015742810243427846,-0.012500000000000067,0.0011351017127660373,-0.0125,1.3152848980463867e-06,1.9394333126931538,4.781562793558778,0,3.3889576802927226,1.6764512843502993e-07,2.14535571818744,5.353440486092658,0,,0,1
S2_N80,4500175,2.4960092289483664,1.8319741031652148,3.4007369756108217,6.782565610720736e-09,-1.8455362806475633,0.3952684430053318,1.2574521602899743e-05,80,0.00031677796773033144,0.0007454149227177022,True,0.07671566509045379,0.07905222677872106,True,0.7322850936385632,0.6809035459965623,0.0010120669589739819,-0.012499999999999956,0.0006154686883389634,-0.0125,6.782565610720736e-09,1.8319741031652148,3.4007369756108217,0,2.5922273497962864,2.9694382147240605e-08,1.8510040811983375,3.630268944994217,0,,0,1
S2_N80,4500176,2.913286771064122,1.947975751911086,4.356953520664057,1.9196285849409494e-07,-1.4300488786659002,0.36281799819521493,0.00017694044785825154,80,0.0003031578913115531,3.1422658632968624e-05,True,0.16259544620700783,0.28212983577839534,True,0.5149189695010185,0.8581190288381739,0.005308206651169056,0.03750000000000009,0.0035062293183899247,0.0375,1.9196285849409494e-07,1.947975751911086,4.356953520664057,0,3.09056584142774,1.8258980369994806e-08,2.086282629211639,4.578285360986443,0,,0,1
S2_N80,4500177,2.970045334318493,2.066395366099976,4.268868113344512,4.070285518472976e-09,-1.1250000000000004,0.3790760867325436,0.00399588372250163,80,0.27011085405854385,0.15892737506153343,True,0.0816504860257051,0.06833814921052997,True,0.04973070483630113,0.11307325245223311,0.0009788652722369667,-0.025000000000000022,0.000864585897421139,-0.025,4.070285518472976e-09,2.066395366099976,4.268868113344512,0,3.62195410470861,9.337335980484307e-13,2.5439531003945963,5.156758406662729,0,,0,1
S2_N80,4500178,2.3320417085609453,1.6070417253146763,3.3841178139932557,8.308536467797085e-06,-1.6518308489954623,0.3458731742546074,8.371807647803645e-06,80,0.0017268079748769922,0.0012361742537969,True,0.0799234462979482,0.0752304024084333,True,0.8378768017866904,0.7130194214643616,0.013412295503616464,-0.0625,0.027827273747677808,-0.0625,8.308536467797085e-06,1.6070417253146763,3.3841178139932557,0,2.3757201574911746,9.793526728013934e-06,1.618898056601541,3.486350634429763,0,,0,1
S2_N80,4500179,2.310781488941982,1.5869004503825566,3.364868343411,1.2519082546255011e-05,-0.8249958834184099,0.3504846341690544,0.02113032450120638,80,0.0001986217034541828,1.893086487873883e-05,True,0.009014378999595833,0.017572986249888435,True,0.4170848238121806,0.4827715154199612,0.026769410619067197,-0.08750000000000002,0.014169211079951173,-0.0875,1.2519082546255011e-05,1.5869004503825566,3.364868343411,0,2.316244199399424,8.34889630646596e-05,1.5242348149685996,3.5197904801577438,0,,0,1
S2_N80,4500180,1.927558185019351,1.3448515611814371,2.762743981477841,0.0003526897270405403,-1.5598763657274306,0.34124960936088145,1.8195271483321515e-05,80,0.0008263642190534711,0.00012188715130744389,True,0.9443578769359612,0.9653614247762544,True,0.17605987512314936,0.24074427037564572,0.004991407311584059,-0.03749999999999998,0.0021871073736503743,-0.0375,0.0003526897270405403,1.3448515611814371,2.762743981477841,0,2.1458581359156663,3.405392100392117e-05,1.4954948470459821,3.079052494611422,0,,0,1
S2_N80,4500181,3.1702878981776337,2.2136044464721825,4.540434210524551,3.058324637729478e-10,-1.2118787326652503,0.41751803392647663,0.00482514369317448,80,0.0011753958865975227,0.0006773379079120814,True,0.022678547830753463,0.0497570291459187,True,0.833076690153532,0.988438583255795,0.004783771277009516,-0.025000000000000022,0.0038161740312884175,-0.025,3.058324637729478e-10,2.2136044464721825,4.540434210524551,0,3.372865966116777,9.70136708737079e-10,2.284259037951906,4.98026915353213,0,,0,1
S2_N80,4500182,4.004469897182576,2.786837040690569,5.7541144040011085,6.315443583974201e-14,-1.4679397268476926,0.3637862558603661,0.00012761376927924504,80,3.687165244065835e-06,5.596056397754589e-07,True,0.0169882208273185,0.06957372710874357,True,0.23142545461201047,0.4623539434136069,0.004662730358781972,-0.012499999999999956,0.004641125131676318,-0.0125,6.315443583974201e-14,2.786837040690569,5.7541144040011085,0,4.049966306748647,1.6129776005093973e-12,2.747381200713596,5.970131513435055,0,,0,1
S2_N80,4500183,3.3861775157043104,2.279407363637739,5.030341811988509,1.5405968510687067e-09,-0.9250000000000007,0.38118703297555295,0.017577920662327714,80,0.0042117008602208265,0.0015588741065436869,True,0.016087849470550582,0.011822571221545295,True,0.8888137021675165,0.9114918927704072,0.21305142510131037,0.18750000000000006,0.19899666566214053,0.1875,1.5405968510687067e-09,2.279407363637739,5.030341811988509,0,3.455932628002325,1.1319589897701632e-08,2.257830937295687,5.289798333437812,0,,0,1
S2_N80,4500184,2.84935179162084,1.9321298139668166,4.201998009514865,1.2711744809885022e-07,-1.787428129146395,0.33185424980686684,7.568473793874382e-07,80,0.12153220285637906,0.1259367087292548,True,0.0036689099958014887,0.00045250045542835404,True,0.24688951295025086,0.3152332520784019,0.02260687881879218,0.08750000000000002,0.011895647399783238,0.0875,1.2711744809885022e-07,1.9321298139668166,4.201998009514865,0,3.3471353463198206,6.182030260783341e-09,2.227059601705264,5.03054117546073,0,,0,1
S2_N80,4500185,2.87153639179954,1.990268570779314,4.143019374616566,1.7014516718262163e-08,-1.8792455939246302,0.4222078209382303,2.8461198472013754e-05,80,0.006208800041064377,0.005497644238115044,True,0.011330234900805666,0.02283968293637394,True,0.8747102178948247,0.880942777598699,0.00240625027589062,0.025000000000000022,0.0020360197161848784,0.025,1.7014516718262163e-08,1.990268570779314,4.143019374616566,0,3.133388579093148,1.0916545786071288e-07,2.0556907538302416,4.776070510264191,0,,0,1
S2_N80,4500186,2.6969492750059025,1.952163416263513,3.7258844886441844,1.7791832884372766e-09,-1.990911834346997,0.39222834131266754,2.6088405834266063e-06,80,0.0028786474202558586,0.003532769211134373,True,0.004606269827728576,0.0010111554186042035,True,0.02647545130338256,0.02845508566843869,0.006111926616964404,0.03749999999999998,0.005156257815362903,0.0375,1.7791832884372766e-09,1.952163416263513,3.7258844886441844,0,2.8665362619826116,7.59524969245274e-09,2.005372918239948,4.097507284816167,0,,0,1
S2_N80,4500187,1.81879746648507,1.2675722918266765,2.6097321986467317,0.0011662662495266526,-0.9169534962251886,0.36813408995055025,0.01489789042800793,80,0.02082957523767277,0.035582784592577216,True,0.2829423186547382,0.21000796429318525,True,0.11842300981532612,0.12456879990874968,0.018411391695716706,-0.07499999999999996,0.016492576465354077,-0.075,0.0011662662495266526,1.2675722918266765,2.6097321986467317,0,1.873385693960159,0.0013008385347719191,1.2778099088506734,2.746554032822671,0,,0,1
S2_N80,4500188,2.9210892121315393,1.9305671699777305,4.4198214482895635,3.9134319635014474e-07,-1.2820030895983532,0.3640252849000065,0.0007242064661348148,80,0.005819340834879774,0.007187623699037096,True,0.00882137134695985,0.007886835285147276,True,0.012155146690413334,0.015726003769663058,0.006495311133129213,0.050000000000000044,0.003019888433938995,0.05,3.9134319635014474e-07,1.9305671699777305,4.4198214482895635,0,3.342225242304453,2.4588365737548124e-08,2.186968341508353,5.107741780382967,0,,0,1
S2_N80,4500189,1.876411035374157,1.3237548372632078,2.659796417404016,0.00040687662320285794,-0.6545410054871699,0.3768315453149062,0.08639321053312043,80,0.0026811572882830476,0.0024529051160546464,True,0.0022435602234642353,0.0012409485051068586,True,0.04844409386447078,0.12931978850850612,0.004490942407008239,-0.025000000000000022,0.001188663547713948,-0.025,0.00040687662320285794,1.3237548372632078,2.659796417404016,0,1.942268870324428,0.0006555659627737282,1.3257975850754982,2.8453878684780594,0,,0,1
S2_N80,4500190,2.9631452721885507,2.0417544284227698,4.30033591790761,1.0882702863697382e-08,-0.9749999999999999,0.38060479626179033,0.01236905935141539,80,0.0006439787355246837,0.0021044594510598352,True,0.07546123648444354,0.05667591199145376,True,0.46992618209175785,0.8016744177790645,0.0023506502531146284,0.012499999999999956,0.002311538235551201,0.0125,1.0882702863697382e-08,2.0417544284227698,4.30033591790761,0,3.0149300318694756,1.0277048226674352e-08,2.0664605067456447,4.39873061565716,0,,0,1
S2_N80,4500191,2.347753770174604,1.61175632512546,3.419839388525442,8.699322930267722e-06,-0.8637405830330811,0.3483708503176024,0.01534700307132768,80,0.002130783425308984,0.0021770362123792993,True,0.01036776040505539,0.015662300945924364,True,0.9637896277095361,0.9460884703891118,0.009612033137783225,0.050000000000000044,0.00945024276857523,0.05,8.699322930267722e-06,1.61175632512546,3.419839388525442,0,2.3877498589229003,1.7909024545798585e-05,1.6042681200114501,3.5538631714165323,0,,0,1
S2_N80,4500192,2.8439335947402267,1.8748123684141889,4.314009459054974,8.818511281056923e-07,-1.199723050703025,0.3623837691419912,0.0014184651567682013,80,0.01479823517867209,0.017494044845106506,True,0.00020446836410895004,9.843675269298654e-05,True,0.15487865244284388,0.4593106200015967,0.015160785406388235,0.0625,0.02990811371587205,0.0625,8.818511281056923e-07,1.8748123684141889,4.314009459054974,0,3.16954276169299,3.560123509743845e-08,2.102964099194106,4.777067436410462,0,,0,1
S2_N80,4500193,2.5788903670237575,1.805908263112797,3.682731654189529,1.8744561042906069e-07,-1.8155522088353417,0.3265498483406085,3.7392684519382216e-07,80,0.0003490700974972083,3.788111291347803e-05,True,0.04223472326322223,0.086571147285825,True,0.25860505900370534,0.30333852578036213,0.0034297918240917312,0.02499999999999991,0.0025617847204274066,0.025,1.8744561042906069e-07,1.805908263112797,3.682731654189529,0,2.8246367005075594,1.0514125096352123e-08,1.9792457905228826,4.0311175742081184,0,,0,1
S2_N80,4500194,2.6612010564354134,1.9408425718263496,3.648926072406143,1.2213497435376592e-09,-1.266732793032538,0.37396884475555137,0.001114619117079281,80,0.0259350603110773,0.01792868488489464,True,0.10153277832391429,0.08979006000903521,True,0.47419655491157087,0.5715716837112343,0.028130746069340153,-0.08750000000000002,0.02704503817240941,-0.0875,1.2213497435376592e-09,1.9408425718263496,3.648926072406143,0,3.0697036730848395,5.927656227279806e-10,2.1524027396238608,4.377935628439717,0,,0,1
S2_N80,4500195,4.022176359451709,2.820863063656899,5.735089687607721,1.482310599310931e-14,-1.5196613766101807,0.3717575983270573,0.00010601716323292681,80,0.0018103436358262637,0.0006281896449488422,True,0.06425903221174734,0.19939937203863245,True,0.32872499631260155,0.545025214148931,0.009203981858664962,0.03750000000000009,0.0093397207275627,0.0375,1.482310599310931e-14,2.820863063656899,5.735089687607721,0,4.990552880229728,1.4083351080442052e-15,3.3633976470138665,7.404898458105675,0,,0,1
S2_N80,4500196,1.9056899347328633,,,,-1.3222430959984979,0.3748324205488352,0.0007106621859702845,80,0.03357708492451825,0.05753841043886981,True,0.03870512972221959,0.016536889965371126,True,0.16831997278166322,0.16980748510179844,0.03467768767281464,-0.09999999999999998,0.025132077453144986,-0.1,0.0003900449937517907,1.3477436564317073,2.694617860014515,1,2.156531666163476,9.630055739242862e-05,1.4862376682419909,3.1291286222524923,1,0.0,0,1
S2_N80,4500197,3.7802016220998027,2.576691690543034,5.545841730375743,1.0448189408086429e-11,-1.1551095075326008,0.36738695285677797,0.0023666622622032394,80,0.001769132806630911,0.0004412429954809497,True,0.006320713325154996,0.001871051623043604,True,0.8373443115262541,0.7385911813193735,0.01610326431017325,0.0625,0.017879921837056268,0.0625,1.0448189408086429e-11,2.576691690543034,5.545841730375743,0,3.6311626137950297,5.684369526290506e-10,2.415305391195956,5.459078581070832,0,,0,1
S2_N80,4500198,2.5871662961668127,1.7516325675097608,3.8212519955240016,1.7800176071060931e-06,-1.094065103165449,0.38446615268442924,0.0056762661157159595,80,0.04366342047140518,0.07138419014937791,True,0.054895765848711316,0.12894421363768255,True,0.5609868591332214,0.5555538971414604,0.006919929355217988,0.050000000000000044,0.003019888433938995,0.05,1.7800176071060931e-06,1.7516325675097608,3.8212519955240016,0,2.929781514892777,6.037400076730084e-08,1.9858557909454828,4.32237817274772,0,,0,1
S2_N80,4500199,2.905603840976627,2.081168805490946,4.056630898187302,3.7371968022161146e-10,-1.7178101700594786,0.38303512173777055,2.511469466238197e-05,80,0.0001958826458743808,3.314692980550614e-05,True,0.1255549484940886,0.33263901919277516,True,0.13238744738002856,0.18053413928298578,0.014461533290232104,0.0625,0.014231639434400988,0.0625,3.7371968022161146e-10,2.081168805490946,4.056630898187302,0,3.2389323860283707,7.924844908973926e-10,2.226617466103848,4.711488686747846,0,,0,1
S2_N80,4500200,3.487319787530734,2.3273260591726768,5.225481514535425,1.4142846580658715e-09,-1.1720287757534473,0.37512586267848513,0.0025120998057525062,80,0.02287288950220055,0.007092515093050344,True,0.0790569817029165,0.2061695296147703,True,0.3854971835544677,0.371517670970949,0.010589031860077232,0.04999999999999993,0.016923457628751883,0.05,1.4142846580658715e-09,2.3273260591726768,5.225481514535425,0,3.597668738407618,1.0768163841118667e-08,2.319736937661115,5.579606955073758,0,,0,1
S2_N80,4500201,2.1086412062906845,1.4520265193398363,3.0621808056843025,8.881400270456301e-05,-1.5643143025309016,0.3883773300630289,0.00013094903106404223,80,0.00023466436433285305,0.0003147828250700895,True,0.3095906784393284,0.4897810341254335,True,0.9184427236582557,0.9077403832996391,0.006170930300188901,-0.04999999999999993,0.004781774238478965,-0.05,8.881400270456301e-05,1.4520265193398363,3.0621808056843025,0,2.206589571233257,7.120993910579283e-05,1.493216066307712,3.260772265808174,0,,0,1
S2_N80,4500202,2.465939145073981,1.6561016588230524,3.671789008127496,8.848156054542431e-06,-1.238137375890504,0.3780529477377935,0.0015847395953196885,80,7.161639452650114e-06,8.167480598316542e-06,True,0.020845182210398234,0.020840873594474604,True,0.08137209875402525,0.13776880800569283,0.045877782319070484,0.11250000000000004,0.06812528270875362,0.1125,8.848156054542431e-06,1.6561016588230524,3.671789008127496,0,2.791830750998516,7.781288352582457e-07,1.8578412695762527,4.195363226051444,0,,0,1
S2_N80,4500203,2.2542372221198748,1.6044648583243535,3.1671528530065527,2.7963279143096723e-06,-1.7947378662716265,0.38737378160399377,1.4407868808724255e-05,80,0.0021339892352139067,0.0001851019058160976,True,0.9398475363380331,0.9884475861026846,True,0.4036654265156481,0.4892598022158714,0.0021135768773838603,-0.025000000000000022,0.004541953150116096,-0.025,2.7963279143096723e-06,1.6044648583243535,3.1671528530065527,0,2.4964554362948013,2.9438568478536035e-06,1.7011303565039972,3.66361679548996,0,,0,1
S2_N80,4500204,2.4719829612972735,,,,-1.3745235069885657,0.36777684743198175,0.00035521106128381393,80,0.006093684406574961,0.004193977208217318,True,0.00019792978795709327,0.00011574358278417132,True,0.6136121524278999,0.5514939180262902,0.08424945261610536,0.13750000000000007,0.07323490789765716,0.1375,0.0018445401259795029,1.4135352854884975,4.322990606373344,1,2.709031466564059,0.002168193090387499,1.448997070813382,5.064780070752396,1,0.0,0,1
S2_N80,4500205,2.3258739515591125,1.6261318083837442,3.326722723613675,3.789248137687947e-06,-1.5081073558648104,0.36364523504008545,8.584885615299322e-05,80,4.768772178157641e-05,7.238076474184409e-05,True,0.1374363866519685,0.1564313019554129,True,0.4810171060637566,0.49266098186261786,0.013501757500078223,0.0625,0.014231639434400988,0.0625,3.789248137687947e-06,1.6261318083837442,3.326722723613675,0,2.3351422127497856,6.720562754348546e-06,1.614281073812816,3.3779056461875214,0,,0,1
S2_N80,4500206,2.8247379935971133,1.9088615439887608,4.180054209588092,2.0671711045020218e-07,-1.4000000000000008,0.36878193794419456,0.0002911471787292399,80,1.7443516769750214e-05,5.241993249583742e-06,True,0.291941640267144,0.33447502958476993,True,0.2094833893966752,0.20845350700229193,0.05157067725916759,0.11249999999999999,0.04884973434085901,0.1125,2.0671711045020218e-07,1.9088615439887608,4.180054209588092,0,3.196947401691734,8.023241036496079e-08,2.091214523071679,4.887338231646934,0,,0,1
S2_N80,4500207,2.4938039683374615,1.739764870191147,3.574654448455662,6.549286873303438e-07,-1.0008381816388903,0.3498294688078823,0.005435431151336479,80,0.11477762538730069,0.19454833644148273,True,0.00045827916558684715,0.00031809842777420343,True,0.39929244038868517,0.19365130834330468,0.0058933212295413,0.03749999999999998,0.0021871073736503743,0.0375,6.549286873303438e-07,1.739764870191147,3.574654448455662,0,2.5540032793845473,1.3665125109706788e-06,1.7456987710794227,3.736574063733618,0,,0,1
S2_N80,4500208,2.67742779811668,1.836624882646613,3.9031484773296814,3.0374712083038175e-07,-1.3887108054551822,0.3634051733799081,0.00026733776645378746,80,0.0009872282708939901,0.004058327931899168,True,0.00016827091529449199,0.0001289420115202558,True,0.07366231730513456,0.10458460959173023,0.009666365884719683,0.04999999999999993,0.013759933895470082,0.05,3.0374712083038175e-07,1.836624882646613,3.9031484773296814,0,3.1956770514854247,2.824051917479412e-09,2.1783092923143776,4.6882010068186,0,,0,1
S2_N80,4500209,1.8425207535438872,1.277292637757419,2.657873870783779,0.0010785887288319552,-1.318087774294671,0.34813533295749616,0.00030133311900759564,80,0.0011483117404578107,0.0010219890120660977,True,0.01925590795309559,0.027744448341841022,True,0.627469536760496,0.5335382198447255,0.012576307854856063,0.0625,0.014231639434400988,0.0625,0.0010785887288319552,1.277292637757419,2.657873870783779,0,1.8830275874428628,0.0013652149382837244,1.2782337300734845,2.7739785077233443,0,,0,1
S2_N80,4500210,2.018652893127533,1.429157313050113,2.851302278428233,6.703978741420223e-05,-1.0346049573973661,0.4427099199583556,0.022041091753657586,80,0.01413614804135091,0.02626200678324901,True,0.0037661988354292953,0.0023509330635897835,True,0.3732962602678984,0.6430242244072695,0.005204088103050225,-0.03750000000000003,0.0158672217811136,-0.0375,6.703978741420223e-05,1.429157313050113,2.851302278428233,0,2.022231748381885,0.00014681856229292043,1.4058514928965526,2.9088572049228314,0,,0,1
S2_N80,4500211,3.602471962178991,2.350737658548732,5.520736944461008,3.998875760641871e-09,-1.8373048661728677,0.3090495717850346,7.602906917920987e-08,80,0.00016854869894604473,1.5231703191245886e-05,True,0.2465833883729276,0.137564151128364,True,0.6511879466934434,0.7306845467187376,0.005584796481006007,-0.02499999999999991,0.0020360197161848784,-0.025,3.998875760641871e-09,2.350737658548732,5.520736944461008,0,4.348664784326112,7.260107013384272e-12,2.856081814862005,6.621268798405122,0,,0,1
S2_N80,4500212,3.0529296112735294,2.116028228306434,4.404657313503952,2.4064480606781733e-09,-1.6168603441614415,0.3889784596434667,8.299123828636559e-05,80,0.010897995722820707,0.007658016530320926,True,0.0007290215764991842,0.0010115658553046837,True,0.22207791182561543,0.22402153619405463,0.013675423041132435,0.050000000000000044,0.00945024276857523,0.05,2.4064480606781733e-09,2.116028228306434,4.404657313503952,0,3.352946859763499,2.1352910531555963e-09,2.2564334074433754,4.982310848311632,0,,0,1
S2_N80,4500213,2.579340017486828,,,,-1.8750000000000002,0.3855663178513112,5.986971700936134e-06,80,2.142350232160574e-05,1.1765363081299692e-06,True,0.43271295114294517,0.408578128830529,True,0.36891071815959564,0.535993154282278,0.009171054113979785,-0.04999999999999993,0.0038487555618565627,-0.05,3.593682887578852e-06,1.7667863788626834,3.7655910218708053,1,2.659074634650625,1.3733199188757042e-05,1.747613872239253,4.045903975105527,1,0.0,0,1
S2_N80,4500214,2.3516372456490306,1.633283435578147,3.3859387872663933,4.2697041745441095e-06,-1.8916473257360422,0.34845482239241443,6.374024461718367e-07,80,0.004267240495561364,0.017038950735357997,True,0.0008948649298639432,0.0012808122130192905,True,0.3293622855268298,0.23945083858155958,0.05284182064641022,0.09999999999999998,0.038243236555329324,0.1,4.2697041745441095e-06,1.633283435578147,3.3859387872663933,0,2.708941670329892,9.658129780063234e-08,1.87819203700929,3.907143054942793,0,,0,1
S2_N80,4500215,3.1052650085564704,2.1053968921814907,4.579977679825506,1.0968317604956949e-08,-1.170491154991959,0.3807288059116836,0.0029183053980773224,80,0.0003188764076622582,0.0008376165594442656,True,0.045932513640234734,0.0721160820599175,True,0.2502889960532434,0.1811988930327053,0.034234392416340596,0.08750000000000002,0.027045038172409382,0.0875,1.0968317604956949e-08,2.1053968921814907,4.579977679825506,0,3.5624334927314294,2.642971404487849e-08,2.2770616940122763,5.573381003908028,0,,0,1
S2_N80,4500216,3.3815737109019772,2.3722488071427392,4.820337870055178,1.6288900177525678e-11,-1.2000000000000002,0.3834887680472495,0.0024759912464179805,80,0.011841269860194858,0.02350563782871064,True,0.0011630204755638757,0.0010262990348171908,True,0.09435703788250623,0.14428862018547803,0.0033931183075337976,-0.012499999999999956,0.010568589501475125,-0.0125,1.6288900177525678e-11,2.3722488071427392,4.820337870055178,0,3.5022510224313033,3.0035533065094336e-12,2.4628763991976763,4.980258947674714,0,,0,1
S2_N80,4500217,2.664530099076728,1.7273513332079096,4.110177537363381,9.354346861460138e-06,-1.3802651113467668,0.37656159610007645,0.0004517647102247249,80,0.0017658582778009627,0.0002809131365489162,True,0.0016389525138828106,0.0015422138726671562,True,0.09929052662992208,0.44194383218055466,0.09723905553019756,0.15000000000000002,0.09290474250381436,0.15,9.354346861460138e-06,1.7273513332079096,4.110177537363381,0,2.682928653246828,1.4473814203892428e-05,1.717485847769054,4.191071599083563,0,,0,1
S2_N80,4500218,2.199880316275426,1.5342067537176483,3.1543815031508555,1.8053400159942926e-05,-1.5064260007143049,0.3649240753665477,9.190396187624184e-05,80,1.6387664875617484e-05,3.244327500178705e-06,True,0.00023577763786111164,0.0005552650725342529,True,0.12151001415734278,0.2752559466748643,0.008065839688973928,0.03750000000000009,0.0093397207275627,0.0375,1.8053400159942926e-05,1.5342067537176483,3.1543815031508555,0,2.531975567359304,3.360230491424792e-06,1.7112358998199941,3.746356814030629,0,,0,1
S2_N80,4500219,3.136311573210276,2.1181204428923617,4.643952291410174,1.1459031148686026e-08,-1.3749999999999996,0.38172273376056903,0.0005570207031710162,80,0.0009171780292699258,0.0005530094283179846,True,0.0965660750129819,0.0782111146958491,True,0.9478523620349789,0.8355237365325779,0.002194062487885674,-0.012500000000000067,0.0006154686883389634,-0.0125,1.1459031148686026e-08,2.1181204428923617,4.643952291410174,0,3.595752994398588,6.285347831908873e-10,2.396688774744677,5.394709456217903,0,,0,1
S2_N80,4500220,2.608147032284491,1.9362746532141986,3.5131539478257503,2.832187459563598e-10,-1.7049210035988682,0.32638447751602345,1.4526687836340614e-06,80,0.0002693852671889846,0.004610837984987757,True,0.14841530023554456,0.15512669270317506,True,0.49999421383746334,0.32014025264059287,0.009073635276759648,0.03749999999999998,0.0093397207275627,0.0375,2.832187459563598e-10,1.9362746532141986,3.5131539478257503,0,2.8912787434908327,1.0073964336055076e-08,2.0107514358875695,4.157397390529252,0,,0,1
S2_N80,4500221,2.435409764610334,1.7275514418747333,3.433310625542253,3.7702578812134255e-07,-1.400000000000002,0.42894673550468576,0.001640860235769279,80,8.157542536952628e-05,7.3925274417114415e-06,True,0.0006863793145244597,0.00010244459181357754,True,0.06114045147705432,0.061698103147475224,0.011198898347476473,-0.03749999999999998,0.0158672217811136,-0.0375,3.7702578812134255e-07,1.7275514418747333,3.433310625542253,0,2.717036828904467,4.333813132152672e-07,1.8439137656613322,4.003597818456296,0,,0,1
S2_N80,4500222,3.211024831575781,2.217479589228217,4.649729593490804,6.574301856103987e-10,-0.8820227038183687,0.37626715907405656,0.021650951050319805,80,0.00016250542582585693,0.00015489329535940132,True,0.10796700162153959,0.10873598488557096,True,0.7547844443034486,0.911370723312519,0.018116346311651925,-0.08750000000000002,0.0190714185322976,-0.0875,6.574301856103987e-10,2.217479589228217,4.649729593490804,0,3.7458212176486496,9.816559749285884e-09,2.3850411601132513,5.882991383645788,0,,0,1
S2_N80,4500223,2.710116346340483,1.872276225006988,3.922888360489904,1.2667214467963838e-07,-1.737100747910249,0.3319170213013438,1.3965391971800323e-06,80,0.002966082514303404,0.0007434323085262221,True,0.001563346184786792,0.0018883402782111658,True,1.0,0.8016812999181802,0.039019458062720926,-0.09999999999999998,0.04491738857777205,-0.1,1.2667214467963838e-07,1.872276225006988,3.922888360489904,0,2.9579042822622093,4.801851890252099e-07,1.9391485364440635,4.511876000519826,0,,0,1
S2_N80,4500224,2.5664774429861286,1.8180882306873265,3.6229300394659507,8.39198709800322e-08,-1.2500000000000009,0.31670024165163035,0.00017363115612600066,80,0.00024887440039778313,0.00023342208317285405,True,0.018116743341359747,0.054910164786780014,True,0.654739394854176,0.705979196017013,0.0011000773469920096,-0.025000000000000022,0.00040004955868099993,-0.025,8.39198709800322e-08,1.8180882306873265,3.6229300394659507,0,2.6083390305799896,4.306408171413909e-07,1.7985585862313735,3.7827138634958755,0,,0,1
S2_N80,4500225,2.844011942155872,1.9332652581680976,4.183804520849631,1.1135704467123364e-07,-0.600000000000001,0.37023190382392845,0.10919057300217073,80,0.004598875218305277,0.002170483913520875,True,0.05434108407151622,0.03722712424075114,True,0.4130836759190051,0.3764088286377155,0.013082024727114491,0.050000000000000044,0.012259221667390522,0.05,1.1135704467123364e-07,1.9332652581680976,4.183804520849631,0,2.9736288370289254,4.4778905772288797e-07,1.9476242249231501,4.540130661374839,0,,0,1
S2_N80,4500226,2.658799713703751,1.7741428505987704,3.9845810134202546,2.1634771514121924e-06,-1.1331226898771898,0.3387823945015319,0.001274913915626208,80,1.927558289962368e-06,1.0824966822984863e-05,True,0.11113277845526993,0.05016801527426203,True,0.35613621475830437,0.282968527461102,0.007737458805908885,-0.025000000000000022,0.006179571042506989,-0.025,2.1634771514121924e-06,1.7741428505987704,3.9845810134202546,0,2.7004323637712995,1.7043057283861837e-06,1.797793832344387,4.056268755685952,0,,0,1
S2_N80,4500227,2.590012006384586,1.852522151417554,3.621096885715082,2.60755528826195e-08,-1.6609915230021892,0.42209757287169236,0.00018091724401162875,80,0.0024203921293641318,0.0005974249565392644,True,0.011121233436479125,0.013860495418849062,True,0.6225442444137466,0.760353399753699,0.0022284511628108765,0.0,0.0008130221139116,0.0,2.60755528826195e-08,1.852522151417554,3.621096885715082,0,2.9540517363979952,3.203847483471922e-09,2.0639320520670066,4.228056661350158,0,,0,1
S2_N80,4500228,3.177371068387685,,,,-1.5882751470730048,0.38488274355361596,9.236472929588159e-05,80,7.397787276730295e-06,6.618379401494182e-07,True,0.009515246323424565,0.025688171108724584,True,0.15072847288469368,0.20482449953389859,0.01569476407775956,-0.07500000000000007,0.018643278265684255,-0.075,9.503066409539831e-08,2.1478615947993718,4.700343323178662,1,3.248896550279718,5.629623346896793e-07,2.1121943500395726,4.997328391784448,1,0.0,0,1
S2_N80,4500229,2.375310288386714,1.6542910088224787,3.410584314383604,2.769710985546545e-06,-1.7090113215869827,0.3178707338989766,7.872123385881564e-07,80,0.005387304532469398,0.0013083661976336135,True,0.25465409674385664,0.45995562185497507,True,0.7164912607688212,0.7240972157072081,0.024825768164270776,0.0625,0.04051193040212636,0.0625,2.769710985546545e-06,1.6542910088224787,3.410584314383604,0,2.361628357714927,1.1355646235288493e-05,1.6090597061244367,3.4661787121602203,0,,0,1
S2_N80,4500230,2.8735617901199335,2.0263520569091558,4.074986542186764,3.169426627457564e-09,-1.0161462673727775,0.3682520429395901,0.007232959877976406,80,0.0014108037174421207,0.003197146872197053,True,0.02145326119899349,0.06775129654597406,True,0.7768455642896185,0.6781149429205022,0.0032144488971139707,0.012500000000000067,0.0014728106816559935,0.0125,3.169426627457564e-09,2.0263520569091558,4.074986542186764,0,2.868190063579434,1.773366643892704e-08,1.9878330027037814,4.138433273633337,0,,0,1
S2_N80,4500231,3.3316938406700487,2.3067914595761367,4.811958099584065,1.3963115354150272e-10,-1.920260303687636,0.41404796877727684,1.4155361323269606e-05,80,0.0017736220781862082,0.001613270239348919,True,0.004359614384829534,0.016916911018465836,True,0.8374467042115649,0.6154008257581265,0.003746060964534474,-0.025000000000000022,0.0070858952835169626,-0.025,1.3963115354150272e-10,2.3067914595761367,4.811958099584065,0,3.4518323621824,5.387316904796078e-09,2.276732624863551,5.233441347696164,0,,0,1
S2_N80,4500232,2.2433713615406696,1.5413699061148227,3.2650923349517704,2.4484987676310897e-05,-1.394254583142649,0.4112894536769024,0.0011051536074806092,80,0.03494660143360272,0.03155276572981464,True,0.06745415656375911,0.08781478690848264,True,0.586639838886468,0.5141677135505041,0.023765054191928165,0.07499999999999996,0.035052067690533324,0.075,2.4484987676310897e-05,1.5413699061148227,3.2650923349517704,0,2.610374232705296,1.4082507849119787e-06,1.767636408095123,3.854895499756574,0,,0,1
S2_N80,4500233,2.9903179207355315,2.1324913304739024,4.193218110333372,2.151450070016023e-10,-2.2824725274725277,0.35314932177791475,8.469544546437682e-09,80,0.0005940661889674501,0.00012220190940221228,True,0.32152159118416246,0.5793164551516492,True,0.5501737590563581,0.5749180139633586,0.04663234205817928,-0.125,0.024244529846972323,-0.125,2.151450070016023e-10,2.1324913304739024,4.193218110333372,0,3.3145213429918985,1.5450014119186083e-10,2.2964996531949056,4.783824686350356,0,,0,1
S2_N80,4500234,2.2710668636757436,1.6030639450127242,3.217429170765262,3.925340981729324e-06,-1.6429790117450818,0.3857222195609539,5.7358364836776216e-05,80,0.0004470593726781583,0.00014357911440861148,True,0.18155197066485662,0.09487917685158447,True,0.382131809138317,0.2549918271830942,0.0044803810589970385,-0.025000000000000022,0.0038161740312884287,-0.025,3.925340981729324e-06,1.6030639450127242,3.217429170765262,0,2.4351972294680464,3.049509325143097e-06,1.6757925814217844,3.5387348125013967,0,,0,1
S2_N80,4500235,2.8110558456138377,2.018011871529242,3.9157524683794818,9.851220176793728e-10,-1.0829250912977635,0.3870298765742223,0.006492633311375027,80,0.0035286951233319684,0.004798765127657562,True,0.023575736301038108,0.05923323974909777,True,0.32371082532122664,0.4280206485727144,0.004054562382562474,0.02499999999999991,0.0038161740312884175,0.025,9.851220176793728e-10,2.018011871529242,3.9157524683794818,0,2.995569185679907,2.7223237196087425e-09,2.0866948061625497,4.300310097908955,0,,0,1
S2_N80,4500236,3.4639952908326332,2.4462156381785194,4.905235330702673,2.5627494575501454e-12,-1.0555677588114958,0.3539918458753403,0.0038341254614283784,80,0.08810165116341202,0.15783286040534306,True,0.0004963756263597107,0.0002710412552218515,True,0.28398318067595685,0.4743162746238776,0.024179201866730404,0.07500000000000007,0.016492576465354077,0.075,2.5627494575501454e-12,2.4462156381785194,4.905235330702673,0,3.793371266505555,8.855693803987143e-11,2.535329001970047,5.675660063987214,0,,0,1
S2_N80,4500237,3.08447888949246,2.0854080237050727,4.56218155467793,1.6987122489797564e-08,-1.506269552174841,0.3407429396809003,3.1849985825779224e-05,80,0.0014091180795977334,7.631879594263486e-05,True,0.6702320027920997,0.5857655396194016,True,0.44991316670121984,0.2856327108325669,0.001420516239201055,0.0,0.0010612218584620265,0.0,1.6987122489797564e-08,2.0854080237050727,4.56218155467793,0,3.338074615010369,2.2780844591978936e-08,2.187406522529643,5.094042657644869,0,,0,1
S2_N80,4500238,2.070069795475317,1.294591740942526,3.31006974833579,0.002380905929099291,-1.583418878955776,0.3228041639140935,5.084196811266171e-06,80,0.010083757740734446,0.008996480093166882,True,0.017635876974773503,0.023452546064501194,True,0.21888231598211483,0.41871003591863465,0.006919929355217988,-0.050000000000000044,0.006940622567554772,-0.05,0.002380905929099291,1.294591740942526,3.31006974833579,0,2.1384243288350353,0.002210124401214453,1.3143028333530846,3.479303623265554,0,,0,1
S2_N80,4500239,1.7321800964145515,1.2325450680397387,2.4343514604189607,0.0015552468307780231,-1.5804878597797047,0.3735926135721033,6.368386286776058e-05,80,0.0021782171619199545,0.0007637211899691619,True,0.011870091802026191,0.03506133363553542,True,0.36697166362276623,0.5112332736198255,0.0018964986310787922,-0.012499999999999956,0.0014728106816559905,-0.0125,0.0015552468307780231,1.2325450680397387,2.4343514604189607,0,2.024442963972298,0.0004099411326940206,1.3690162289938967,2.993660138995484,0,,0,1
S2_N80,4500240,3.6027395514393237,2.5569773780681855,5.07620145052339,2.3599639613080477e-13,-1.3101706571574112,0.3894305391223085,0.0011984764725064727,80,0.000828550262205488,0.0025914191115699483,True,0.06899284737570409,0.06492512937323752,True,0.9279733177453087,0.9807281871500543,0.005565736594849326,-0.02499999999999991,0.0025617847204274066,-0.025,2.3599639613080477e-13,2.5569773780681855,5.07620145052339,0,4.0632861066637975,2.062274938180006e-14,2.836695162382037,5.82025668586221,0,,0,1
S2_N80,4500241,2.182463703798874,1.522186989745177,3.1291476346128015,2.1815454317178713e-05,-1.106239149054378,0.360814423768638,0.002992181917482238,80,5.068295039040683e-05,3.525181406217878e-06,True,0.43752939259149215,0.48737177957907907,True,0.7838525868780939,0.9961429978271866,0.0004124418188382405,0.0,0.0010612218584620265,0.0,2.1815454317178713e-05,1.522186989745177,3.1291476346128015,0,2.198026234031032,4.389935018456888e-05,1.5064846506334129,3.2070153011232323,0,,0,1
S2_N80,4500242,2.496356580756826,1.7061210818667456,3.652610734678583,2.4655123155243695e-06,-1.8574043112864755,0.3467178047792011,8.509893209896057e-07,80,0.04082746224438024,0.05425218241955841,True,0.002545939188129512,0.005231071247937507,True,0.22148597938606718,0.15258833253396817,0.0007519132359183375,0.0,0.0006055256162274071,0.0,2.4655123155243695e-06,1.7061210818667456,3.652610734678583,0,2.8042766758673885,8.600238549066965e-07,1.8598097149337012,4.22837218865382,0,,0,1
S2_N80,4500243,3.1461277450279526,2.06688707561743,4.788902066687827,8.939093006440575e-08,-1.7891945547362433,0.33209379701863134,7.524795842014615e-07,80,7.506763314816586e-05,3.3521348718597016e-06,True,0.0032331102015066234,0.002891760314916415,True,0.22378524205738215,0.06783753023061061,0.0021054324573691005,-0.012499999999999956,0.0018647148191420634,-0.0125,8.939093006440575e-08,2.06688707561743,4.788902066687827,0,3.6076072341622445,3.524232624031802e-10,2.4162417448020586,5.386393966571401,0,,0,1
S2_N80,4500244,2.3298914613948445,1.6428780729552852,3.304197865466521,2.0847795722747944e-06,-0.7107547502534926,0.37096260879903215,0.05908030092840744,80,0.00814425182300739,0.006372559639152023,True,0.0003093305630163615,0.001340523008665285,True,0.8997754819358517,0.9884375588726696,0.07798746131722302,0.125,0.0621191194475962,0.125,2.0847795722747944e-06,1.6428780729552852,3.304197865466521,0,2.4734835933955748,1.4672010434745326e-06,1.7109320962873078,3.575899417676072,0,,0,1
S2_N80,4500245,2.6815558317449506,1.8710272086546613,3.8432052968036565,7.802584743441538e-08,-1.5311255559356822,0.32210813703636076,9.12025412749173e-06,80,0.0029477151489794044,0.001081448860615547,True,0.07970178144345814,0.06624354698179401,True,0.37112155232414745,0.25993649299146326,0.0036817790696659462,-0.012499999999999956,0.002813335718335154,-0.0125,7.802584743441538e-08,1.8710272086546613,3.8432052968036565,0,2.785957657162961,1.5783168120807765e-07,1.8994929817414443,4.0861220031406384,0,,0,1
S2_N80,4500246,2.3859246079378273,1.5727699902915924,3.619496982968156,4.320074777833206e-05,-2.4105588200023966,0.37522706183887206,1.0005200985636284e-08,80,9.580789320784388e-05,0.00011635212671820971,True,0.0028752369561029644,0.0020024616803008106,True,0.03962100424585571,0.03660835972384673,0.01121443370793027,-0.04999999999999993,0.010820553666713284,-0.05,4.320074777833206e-05,1.5727699902915924,3.619496982968156,0,2.7088558917625405,0.000103612050320594,1.6378618530927118,4.480170429808078,0,,0,1
S2_N80,4500247,2.3276311176767255,1.5729189600832552,3.444466471235259,2.388750618269127e-05,-1.294072517978033,0.3864817165176322,0.0012603681535624826,80,0.0011673773777350273,0.000278883071468205,True,0.0004051612424893462,0.001078218772011219,True,0.8983963198169872,0.9961434084807295,0.0018270815795238303,-0.012499999999999956,0.0008500994489236355,-0.0125,2.388750618269127e-05,1.5729189600832552,3.444466471235259,0,2.5860801979525925,2.7207896525214246e-06,1.7387166926188233,3.8464062711501668,0,,0,1
S2_N80,4500248,3.243983192512341,2.0585591246107384,5.112035319992316,3.947232697128492e-07,-1.017958780698508,0.33818635852376444,0.003530302022787658,80,0.00015091063542600197,2.580097658834889e-05,True,0.007874186280239394,0.026608012524787623,True,0.45456000940001007,0.49836531319293487,0.0027760704685101264,-0.025000000000000022,0.0020360197161848784,-0.025,3.947232697128492e-07,2.0585591246107384,5.112035319992316,0,3.5089838885167555,3.909653298543773e-07,2.1605388764796913,5.699026323438576,0,,0,1
S2_N80,4500249,2.6773301133844383,1.9338915838982664,3.7065658673512334,2.958284009311795e-09,-2.243304239401494,0.347192441737866,8.539618469590872e-09,80,0.0026035278082291525,0.005745427925843046,True,5.559240462340048e-05,0.00015017148708823462,True,0.7587484577242563,0.7977528451190712,0.035595124926540066,0.10000000000000009,0.04491738857777205,0.1,2.958284009311795e-09,1.9338915838982664,3.7065658673512334,0,2.709028924418836,2.2438042680209854e-08,1.9103669318210892,3.841585399691779,0,,0,1
S2_N80,4500250,3.7067072965596366,2.6119287495183356,5.260357498228914,2.208654748195019e-13,-1.4846468781985684,0.3826427973723184,0.00021878798781731332,80,0.00735979749885834,0.005341374143303042,True,0.008282009855810618,0.010032948884957052,True,0.29188516885615967,0.28195405832879805,0.00401818793944972,0.03750000000000009,0.0028041889412798652,0.0375,2.208654748195019e-13,2.6119287495183356,5.260357498228914,0,4.186008263910219,1.2330596125751262e-12,2.8196191613706825,6.214550328494175,0,,0,1
S2_N80,4500251,1.9411464004511645,1.3513476482052103,2.78836415854132,0.0003314169907667028,-0.7420985344558759,0.3937251937720856,0.06322828074759249,80,0.00025274182905831024,0.0009148961255759123,True,0.11944654543981074,0.17083891944485097,True,0.4533571288800151,0.21713255012317045,0.01472152799243587,0.0625,0.016024904467563248,0.0625,0.0003314169907667028,1.3513476482052103,2.78836415854132,0,2.0998289019370024,0.00017488499890125011,1.425334872405822,3.0935056054353978,0,,0,1
S2_N80,4500252,2.4287780985733995,1.584991699138001,3.7217627419234898,4.6013455834366836e-05,-0.40461037744684625,0.40228707427628985,0.3176739521144441,80,0.06535493171838995,0.026613357054295152,True,0.052160380783055495,0.1101598382901365,True,0.21197727726619542,0.2455925600250365,0.07255746331992634,0.13750000000000007,0.07862832537781125,0.1375,4.6013455834366836e-05,1.584991699138001,3.7217627419234898,0,2.527287432805069,8.632574949225172e-05,1.5909078724845327,4.014803043270837,0,,0,1
S2_N80,4500253,2.1603994499546464,1.4633929532810366,3.1893865368832373,0.00010629144084062255,-1.0688541590859486,0.3618526097941904,0.00416087774271731,80,6.150664875053673e-05,4.554711781874627e-05,True,0.3459652371319294,0.20110747701073806,True,0.2501446400580175,0.48983742763085136,0.0346741328897046,-0.09999999999999998,0.016024904467563248,-0.1,0.00010629144084062255,1.4633929532810366,3.1893865368832373,0,2.5137042753667327,1.629313586554644e-05,1.6530675651451165,3.8224143508872825,0,,0,1
S2_N80,4500254,2.763182157019319,1.9444930295133402,3.926563642545346,1.4341580931039192e-08,-0.6500000000000006,0.3580859948114156,0.07338591872464362,80,0.03554713383936957,0.024700054538771513,True,0.005847490586374685,0.0018141493665480885,True,0.038410318437716,0.04340058802988664,0.006387637063625809,-0.03749999999999998,0.007111770804383594,-0.0375,1.4341580931039192e-08,1.9444930295133402,3.926563642545346,0,2.865828810645017,1.2136515836553926e-07,1.9403635018620249,4.23269906079023,0,,0,1
S2_N80,4500255,1.9460069389952335,,,,-0.7595785440613033,0.39181041352061674,0.05621009002001281,80,0.0010636567725148573,0.004001317671057493,True,0.04424189905919222,0.030640675218155087,True,0.9247050720728812,0.8846951524677533,0.007154141708702348,0.03749999999999998,0.0042912198444716035,0.0375,0.0007300184068159002,1.3348619606471446,2.8369547700510385,1,2.0177208958350974,0.002051468060477151,1.3017834176291927,3.127400117681672,1,0.0,0,1
S2_N80,4500256,3.1890276412941962,2.2969682026550915,4.427530727322618,4.291827042814891e-12,-1.0834162113290624,0.3826624078612066,0.00591276604485768,80,0.211000992446438,0.09900474711957105,True,0.0006587860589417194,0.011200727839835611,True,0.933699341205799,0.9768474439490901,0.004899911435317991,0.012499999999999956,0.007772475172303237,0.0125,4.291827042814891e-12,2.2969682026550915,4.427530727322618,0,3.826843146412328,3.3489038685752605e-11,2.5736537517574063,5.6902481373972424,0,,0,1
S2_N80,4500257,2.9106813132721,2.0369684674192907,4.159154077708902,4.443190897507993e-09,-1.3074220027957053,0.3456528926902869,0.0003050960901776243,80,0.010533155888359772,0.003762787248812515,True,0.032108481216888744,0.020404604191294144,True,0.5354420790463899,0.7280621619241134,0.03274199081858078,0.10000000000000009,0.02834550338924414,0.1,4.443190897507993e-09,2.0369684674192907,4.159154077708902,0,3.085406888702137,1.8717595540624853e-08,2.0833897328545894,4.569349420670796,0,,0,1
S2_N80,4500258,2.736942080149381,1.9927309177179797,3.7590885369865874,5.01694429886468e-10,-0.9999999999999998,0.3761853506352535,0.009548457472470396,80,0.00027607343940628176,0.0005310734350187223,True,0.34196041443403746,0.3138956374406604,True,0.5814099466823488,0.526905234688285,0.009458244229991862,0.0625,0.010864315172078483,0.0625,5.01694429886468e-10,1.9927309177179797,3.7590885369865874,0,2.713029277151151,1.1599259732527185e-08,1.9255453499179096,3.822567907316799,0,,0,1
S2_N80,4500259,2.633907904249591,1.676584599516489,4.1378591036021515,2.643635628909217e-05,-1.533099840277213,0.38116289936801184,0.0001335726152338277,80,0.00011280311784209465,5.037641018819996e-06,True,1.1787354895161045e-06,3.060678649315888e-07,True,0.7741709705500699,0.6221830315185949,0.02942125024620319,0.08750000000000002,0.02704503817240941,0.0875,2.643635628909217e-05,1.676584599516489,4.1378591036021515,0,2.7949429036476143,7.574914126386458e-06,1.782179176664391,4.383232582298996,0,,0,1
S2_N80,4500260,3.2939870270246696,2.383516516466735,4.552244743951307,5.123278876181036e-13,-1.2517152580384383,0.41242303030252037,0.0032796375702880574,80,0.0044516402997804225,0.002748803061886868,True,0.08794689670227987,0.1056622378217913,True,0.821842112244445,0.5484696250461554,0.004154178128716115,0.012499999999999956,0.002311538235551201,0.0125,5.123278876181036e-13,2.383516516466735,4.552244743951307,0,3.761704999309707,1.3844970891147647e-09,2.5611020026402214,5.525131169021801,1,0.0,0,1
S2_N80,4500261,4.190454231062368,2.866512447619185,6.12587839177642,1.4063538426817615e-13,-1.492380204241949,0.35685368490396,7.579502225216052e-05,80,0.022742924897445064,0.01958203784132735,True,0.03709688751329469,0.007560169677069356,True,0.9832246176337004,0.7569381687100629,0.13066446424574446,0.16249999999999998,0.13689739631919806,0.1625,1.4063538426817615e-13,2.866512447619185,6.12587839177642,0,4.8249494476142845,1.1139593607850383e-14,3.2366126994347115,7.19274727436476,0,,0,1
S2_N80,4500262,1.867259221908351,1.33503484402755,2.6116599258811775,0.0002643330226421835,-1.0706920767811403,0.34904834229795095,0.0029787615692648153,80,0.002548288570820527,0.0039642588167769655,True,0.0486730798137608,0.021304190891292474,True,0.6613819430565605,0.926866589734562,0.0043115128692743105,0.025000000000000022,0.000864585897421139,0.025,0.0002643330226421835,1.33503484402755,2.6116599258811775,0,1.8745998987580497,0.0003211854416012699,1.3311531272107286,2.6399102466799715,0,,0,1
S2_N80,4500263,2.7966642254448013,1.999950535379243,3.910762117123882,1.8383104553273943e-09,-1.8439315852483436,0.35938816344829844,2.100940380323128e-06,80,0.0011072432000395114,0.0008071666654637695,True,0.005821302283565407,0.007240945879858836,True,0.717254349060003,0.7458533906624787,0.004461271363305917,-0.012500000000000067,0.0053533441400235105,-0.0125,1.8383104553273943e-09,1.999950535379243,3.910762117123882,0,2.9837683159423265,2.2404100082991735e-09,2.0851735152255184,4.269607923855888,0,,0,1
S2_N80,4500264,3.1703960698834153,2.173383009074495,4.624776764134388,2.103081036909865e-09,-1.3927792474221226,0.36260503869699123,0.0002500084159999066,80,0.12148218910836237,0.13769840090845187,True,0.001891468324548594,0.0014878390430468978,True,0.7100558395662115,0.8054392395071377,0.004115808821837414,-0.02499999999999991,0.001188663547713948,-0.025,2.103081036909865e-09,2.173383009074495,4.624776764134388,0,3.3607451495697926,3.312758374026361e-10,2.3026376491728664,4.905073954824824,0,,0,1
S2_N80,4500265,2.6474475944567573,1.8248393515989347,3.840874408617703,2.925709793984746e-07,-1.6997240110395564,0.3513998922144938,6.617978409918759e-06,80,0.7893442682996471,0.5791355697336145,False,0.00015970603505786562,0.00023577101317712065,True,0.015039699850071607,0.057716909928184866,0.08560721992818791,-0.13750000000000007,0.0677099739982184,-0.1375,2.925709793984746e-07,1.8248393515989347,3.840874408617703,0,2.9199124097546405,1.592039167474749e-08,2.013598947978612,4.23415421884185,0,,0,1
S2_N80,4500266,2.0197170371994493,1.3968274200107065,2.920372876358952,0.00018675572575592523,-1.2669111199681127,0.3550921661841632,0.0006232407832726461,80,3.570663271048006e-05,1.1803341518120206e-05,True,0.018011071391569187,0.028974945421111932,True,0.849856430126505,0.6632179040504838,0.012986086516925049,-0.0625,0.016024904467563248,-0.0625,0.00018675572575592523,1.3968274200107065,2.920372876358952,0,2.1572690604187574,8.209643638259866e-05,1.4713859487092575,3.162874977243384,0,,0,1
S2_N80,4500267,2.5920161423400985,1.7961200423520896,3.7405894504431036,3.596544109550186e-07,-1.2249999999999996,0.4131301475757013,0.0040259729955232325,80,0.028500085416014027,0.018998962583895527,True,0.09087600393753159,0.1493408583925341,True,0.031662892739318015,0.043659689726357157,0.20315807100265257,-0.17500000000000004,0.19153794199573354,-0.175,3.596544109550186e-07,1.7961200423520896,3.7405894504431036,0,2.7819954826967797,2.2485959509208956e-07,1.8886173919640714,4.097970768815478,0,,0,1
S2_N80,4500268,4.031317189221787,,,,-1.6,0.33878105080489895,1.0251560359961805e-05,80,0.0010723533202280384,0.00012822535961480033,True,0.021359125501752677,0.011545220751531264,True,0.10295402905852118,0.0945303176047738,0.01430303755030728,0.0625,0.012508490355308538,0.0625,7.733929055256831e-11,2.7862451839070297,5.83276675505142,1,4.1731942089162,8.684186619171883e-10,2.7744291573902515,6.277165109421475,1,0.0,0,1
S2_N80,4500269,3.382004541464762,2.3771922670078425,4.811539595358504,1.2529210291158377e-11,-1.4244239130434755,0.4428619386516462,0.0018989641296642218,80,0.0029040292514310984,0.0016133728384848131,True,0.011211590897650727,0.027983754324209274,True,0.6467804664424115,0.7610383622215597,0.002806712212090024,0.012500000000000067,0.004641125131676318,0.0125,1.2529210291158377e-11,2.3771922670078425,4.811539595358504,0,3.5858718572066994,7.102085961710836e-10,2.3891573049547064,5.382013544960279,0,,0,1
S2_N80,4500270,2.778982903272675,1.9313973560309807,3.998527777086771,3.674227824734297e-08,-0.9741613618482223,0.42355799238510683,0.024160842384264566,80,0.00023585442283310622,5.2655026967080787e-05,True,0.002668837293455968,0.001719173176308776,True,0.5810872693281479,0.8203534414798068,0.12823760971596251,0.15000000000000002,0.1538268021839858,0.15,3.674227824734297e-08,1.9313973560309807,3.998527777086771,0,3.3706205747073277,1.5201674893145626e-10,2.3237313562726345,4.889155120264858,0,,0,1
S2_N80,4500271,2.2002797413958213,1.514996702373081,3.1955389294337007,3.446045804086572e-05,-1.3338050247849846,0.3662269584427547,0.0004882653166632427,80,0.0016031794487052318,0.0025091207062349153,True,0.6197060916344161,0.8963157412340824,False,0.7189201779259446,0.843041772227893,0.002214712243216041,-0.02499999999999991,0.00024921826309435956,-0.025,3.446045804086572e-05,1.514996702373081,3.1955389294337007,0,2.347917177937456,5.2909474932317375e-05,1.5522302257288247,3.551480304324947,0,,0,1
S2_N80,4500272,2.707586761767647,1.8903705776770645,3.878089385790146,5.52049736660557e-08,-1.5184453090622752,0.3729244064545853,0.00011220348200624967,80,0.0028806948720942467,0.002135749573332702,True,0.006355211826254756,0.005632545669970745,True,0.8438848853153724,0.7976168724218965,0.004424375816007745,0.03750000000000009,0.0028041889412798652,0.0375,5.52049736660557e-08,1.8903705776770645,3.878089385790146,0,2.963113067172379,8.304857725247649e-08,1.9918588905068482,4.407962376598644,0,,0,1
S2_N80,4500273,3.510303614425134,2.374677678621867,5.189012208426243,3.0342573147844406e-10,-1.4151935029905,0.31891092515108616,2.9908597043900036e-05,80,1.0653448538127397e-05,3.625051272594224e-07,True,0.6000332380130667,0.6926338822729458,True,0.6933218248150788,0.6736410841856684,0.00940194166334476,-0.050000000000000044,0.00581425311093372,-0.05,3.0342573147844406e-10,2.374677678621867,5.189012208426243,0,3.9742800371167775,6.688320282411041e-11,2.62617194856962,6.014420275118634,0,,0,1
S2_N80,4500274,2.6662536206306697,1.7328641168399204,4.102403818304045,8.171330768978142e-06,-2.1190476190476204,0.39770741438459256,9.561078884464726e-07,80,0.004008684316409373,0.028355394425553983,True,0.02498586729858073,0.02109374565247423,True,0.15457124441424644,0.1761760239966369,0.0044787753105961095,0.024999999999999967,0.0038161740312884175,0.025,8.171330768978142e-06,1.7328641168399204,4.102403818304045,0,2.6829559743939657,1.3856838204781241e-05,1.7191831594442313,4.187019120675478,0,,0,1
S2_N80,4500275,2.223504365668766,1.5276174656433368,3.2363937800789477,3.015439641324468e-05,-2.1085131239569073,0.3982668858202279,1.0956228230813455e-06,80,0.022874550209696795,0.01622300001747883,True,0.00037036791242240475,0.00023433572521029452,True,0.884272198991546,0.8351954952107981,0.03229543732133455,-0.10000000000000009,0.03491664077841603,-0.1,3.015439641324468e-05,1.5276174656433368,3.2363937800789477,0,2.314233806364079,1.0285679095206274e-05,1.5940100424131796,3.3598772705411477,0,,0,1
S2_N80,4500276,3.9286369251847466,2.596535841450223,5.944145982327254,9.418663145798227e-11,-1.622239616524894,0.3958337875911238,0.00010214557609315679,80,5.352409461300869e-05,1.608311878903611e-05,True,0.0008970597282967114,0.0012379410261342163,True,0.14041763575927044,0.15120459093282945,0.012682670279855838,0.0625,0.009308378130619379,0.0625,9.418663145798227e-11,2.596535841450223,5.944145982327254,0,3.9731035916512503,1.2368539878495605e-10,2.6099986816544902,6.0481073270065915,0,,0,1
S2_N80,4500277,2.362139891953888,1.66992727029074,3.3412861556470546,1.185312357570506e-06,-1.1676355289627058,0.39342918521667836,0.00399472240165305,80,0.002565324936092522,0.0005997426100079391,True,0.029158722246478856,0.023804573752090608,True,0.06903818470322381,0.10937052844736828,0.04559671731894551,-0.09999999999999998,0.04491738857777205,-0.1,1.185312357570506e-06,1.66992727029074,3.3412861556470546,0,2.766481684708947,3.1544345633575955e-08,1.9291803284173066,3.96718792903559,0,,0,1
S2_N80,4500278,4.523259150212114,3.08450191357108,6.63312065068237,1.1052431833273397e-14,-1.3718157049722675,0.4127228782779605,0.0013612031715817192,80,2.195227536927443e-05,4.367081566660123e-05,True,0.0017629743719288955,0.0030674032237922567,True,0.5086708047256012,0.884738478778872,0.010876848784019521,-0.03749999999999998,0.007111770804383594,-0.0375,1.1052431833273397e-14,3.08450191357108,6.63312065068237,0,4.392214648801788,1.912280084658042e-13,2.9608474315692663,6.515550012965168,0,,0,1
S2_N80,4500279,1.785785086488533,1.2710967912055862,2.5088792585969686,0.0008291777188465846,-1.7095559433088807,0.40182086359886887,5.839737296684724e-05,80,0.01308471190018116,0.023954780586657076,True,0.005334223852857189,0.022851711226615133,True,0.025419075258489306,0.0309781303062276,0.012068679039614363,-0.03749999999999998,0.007111770804383594,-0.0375,0.0008291777188465846,1.2710967912055862,2.5088792585969686,0,1.9163670324000925,0.0004118770010115554,1.3358030064447068,2.7492546319717786,0,,0,1
S2_N80,4500280,3.107280839918891,2.2210775895505446,4.347076510767402,3.635404224698861e-11,-1.559188931040977,0.40469918771970653,0.00024022834984365645,80,0.003233983001407019,0.008640316421785482,True,0.027400312442079782,0.013555877098730443,True,0.89538920096444,0.8316808678649015,0.009405057028439532,0.050000000000000044,0.001686525290093039,0.05,3.635404224698861e-11,2.2210775895505446,4.347076510767402,0,3.27923573048491,7.281842400025081e-10,2.2473044754729044,4.785015601335482,0,,0,1
S2_N80,4500281,2.8367450389518347,1.965152409824164,4.094910082184353,2.5918372072124502e-08,-1.155338274720075,0.44350086332171634,0.011021263571200687,80,0.002079664041085385,0.00037388429484107137,True,0.07254594370799088,0.07057242796768066,True,0.5157003110038387,0.6672422856006816,0.005426519642019368,0.050000000000000044,0.0038487555618565627,0.05,2.5918372072124502e-08,1.965152409824164,4.094910082184353,0,3.583498322263032,2.2778629275641983e-12,2.508794365455441,5.118578231233692,0,,0,1
S2_N80,4500282,3.4265043897406513,2.373795560390786,4.9460587629454915,4.828163140689095e-11,-1.0065337954939342,0.34502001645974545,0.004624721714675051,80,0.008223156835259182,0.00447134807836015,True,0.07276377856649112,0.11343077292731563,True,0.5164494056483258,0.5555842662045658,0.24175089458901114,0.1875,0.2057708417255567,0.1875,4.828163140689095e-11,2.373795560390786,4.9460587629454915,0,3.604300844493692,1.7682580148467428e-10,2.430912078721836,5.3440783364113065,0,,0,1
S2_N80,4500283,3.8686510285927,2.715285990745736,5.511927963404294,6.869233462163646e-14,-0.9934804298868266,0.37029470745450427,0.008928188260537666,80,0.003752676807674808,0.0018606347897042919,True,0.011610686532076432,0.004398657904845558,True,0.7227405784851431,0.6669054912838897,0.0090428368920045,0.050000000000000044,0.00945024276857523,0.05,6.869233462163646e-14,2.715285990745736,5.511927963404294,0,4.464872706677098,3.944095360347179e-15,3.0740076099722864,6.485048450159757,0,,0,1
S2_N80,4500284,3.7941987292193144,2.6679367848318507,5.3959089580590565,1.1593518081393092e-13,-1.6846066929512453,0.3614511951142766,1.2980850291619454e-05,80,1.8858286919115685e-05,0.0003501973395117212,True,0.15264927299718614,0.175334121888035,True,0.8773347793085994,0.5395071928986818,0.01700128624225403,0.08750000000000002,0.0190714185322976,0.0875,1.1593518081393092e-13,2.6679367848318507,5.3959089580590565,0,3.882226858997956,3.015173185637165e-12,2.652148952957179,5.682820102513481,0,,0,1
S2_N80,4500285,2.1940177798085982,1.588763780688151,3.0298487897497615,1.8321139792505744e-06,-1.0319152508226463,0.37900098511246827,0.00800532371512141,80,0.006968504888090401,0.005681535852548041,True,0.14461765527662454,0.21353334492956122,True,0.6153301065251424,0.7060190341426233,0.004550641815613584,-0.03749999999999998,0.0021871073736503743,-0.0375,1.8321139792505744e-06,1.588763780688151,3.0298487897497615,0,2.0959217623090165,2.1608982623800863e-05,1.4896450914549753,2.9489494235367735,0,,0,1
S2_N80,4500286,3.43303689697178,2.327385238520419,5.063941345379563,4.988263764752181e-10,-1.5819443525441688,0.39569147360274226,0.00014539880702679316,80,0.00010425005454718689,3.39351507552579e-05,True,0.02891478873939765,0.025020654525860445,True,0.3690296613012334,0.6358969378329767,0.002262567174374833,0.012499999999999956,0.002813335718335148,0.0125,4.988263764752181e-10,2.327385238520419,5.063941345379563,0,3.373098772085751,4.333987557356511e-09,2.247761435906127,5.061834029401674,0,,0,1
S2_N80,4500287,3.2609552975673113,2.2503802952129166,4.725347744713614,4.2149950340755155e-10,-1.642407732864675,0.40589310816692115,0.00012267346524548356,80,0.009413733328650732,0.01196279702653272,True,0.12868812054987006,0.11587101450896947,True,0.137357370029088,0.1171378065344313,0.0018874594023144914,-0.012499999999999956,0.0033695911756032007,-0.0125,4.2149950340755155e-10,2.2503802952129166,4.725347744713614,0,3.5911507336315824,2.6543127264590256e-09,2.3571521219945057,5.471163049396399,0,,0,1
S2_N80,4500288,1.924648795689813,1.3439898190019106,2.756176374536199,0.00035214066492711773,-1.2566347920043222,0.37283612255547577,0.0011754320408507177,80,0.0007853849256318705,0.00012399605665469168,True,0.02000373429487622,0.0055442839203111785,True,0.4148960386670494,0.5424307980071084,0.005433489510731008,-0.03749999999999998,0.006097781739749196,-0.0375,0.00035214066492711773,1.3439898190019106,2.756176374536199,0,1.9741349976374392,0.0005541983228187622,1.3419054915571758,2.9042350697697548,0,,0,1
S2_N80,4500289,2.766375192144294,1.86970756446526,4.093063455032928,3.5661844819426124e-07,-1.6551892537593134,0.3678091577820107,2.3717219180716152e-05,80,0.1916127950588109,0.20142850399749956,True,0.20138636407737764,0.2469851894404863,True,0.4182722577747704,0.5427767862703065,0.008301094681578624,0.050000000000000044,0.003019888433938995,0.05,3.5661844819426124e-07,1.86970756446526,4.093063455032928,0,2.9200182218421316,1.4348273077759797e-07,1.9588413242235247,4.352831600216495,0,,0,1
S2_N80,4500290,3.4924723345454263,2.455001394572652,4.968373148190574,3.5516726748806435e-12,-1.006703160504028,0.36702624716309873,0.007572077732212453,80,0.000975568432851778,0.0014665128962389072,True,0.009223855817466941,0.011972338604762545,True,0.8870931250930172,0.7204672887471936,0.006394044840836358,0.012499999999999956,0.012611334306749334,0.0125,3.5516726748806435e-12,2.455001394572652,4.968373148190574,0,3.842650910573282,1.1928794444383964e-11,2.60406838958894,5.67034494161673,0,,0,1
S2_N80,4500291,4.363719814062071,2.903381096066126,6.558577735950176,1.3687253411467884e-12,-1.1248964677222912,0.3716088340220052,0.0033573717902504216,80,0.00040773898184035527,0.0016822793708660575,True,0.03775961229905934,0.042319774238124594,True,0.7001137711153338,0.869691408010448,0.013412295503616464,0.0625,0.010864315172078483,0.0625,1.3687253411467884e-12,2.903381096066126,6.558577735950176,0,4.656174967997336,3.93337127594882e-12,3.0154721674910903,7.189575671210053,0,,0,1
S2_N80,4500292,2.3424472053295706,1.5013370421688699,3.654781541811271,0.00017657567949633766,-1.7180758327427377,0.3512118527800606,5.354209889577062e-06,80,0.0004354120559628904,0.0022040112247352773,True,0.020449472916850293,0.015742012285500418,True,0.3843789833972966,0.5366313212079861,0.00555318475515733,0.050000000000000044,0.008154759234663907,0.05,0.00017657567949633766,1.5013370421688699,3.654781541811271,0,2.4100341274153325,7.272870724895805e-05,1.5605819630480715,3.7218580201722276,0,,0,1
S2_N80,4500293,2.75582912266022,1.853722099400568,4.096943201873699,5.423614693490176e-07,-1.8000000000000003,0.3586457006655201,3.263847876272428e-06,80,0.0002696095189409706,0.00025439902092347415,True,0.05228443914344289,0.028670213546401445,True,0.7280151279335352,0.9730248484299002,0.008789795775156758,-0.03749999999999998,0.005156257815362903,-0.0375,5.423614693490176e-07,1.853722099400568,4.096943201873699,0,2.9533093152887147,3.107165014422639e-06,1.8734976948629347,4.6554825958348465,0,,0,1
S2_N80,4500294,4.687277863589144,3.0477164527324914,7.2088641155559765,2.0068542843001913e-12,-1.8321351654684972,0.39824609993991633,1.6290359704579732e-05,80,0.02010793644984833,0.0601977677276829,True,0.03247268599496368,0.008442992081985103,True,0.9309269185048857,0.8276830161618561,0.07098005967066667,0.125,0.04798022724766801,0.125,2.0068542843001913e-12,3.0477164527324914,7.2088641155559765,0,4.923528744735154,1.0333756161854274e-11,3.110238647904607,7.793979190813789,0,,0,1
S2_N80,4500295,3.155808842418877,2.222554255720803,4.4809387326561785,1.3198750423343247e-10,-1.4647887323943645,0.3682323228259279,0.0001559235456877726,80,0.06331472838206333,0.028628050944362608,True,0.06752312739804128,0.06396662985878261,True,0.7228520508723908,0.8242360977478894,0.014554462541670535,-0.0625,0.012508490355308538,-0.0625,1.3198750423343247e-10,2.222554255720803,4.4809387326561785,0,3.6167228162967913,8.459648590455278e-11,2.4533659107929724,5.331729715643551,0,,0,1
S2_N80,4500296,2.6157659033761864,1.8353842994036094,3.727955645849621,1.0421132124807457e-07,-1.103185929648241,0.3914463614272165,0.006134273947375301,80,0.008078453369826252,0.008589071118251206,True,0.03511913115727145,0.02224682345489301,True,0.6134368753469986,0.8202406235838237,0.010792132472846393,0.050000000000000044,0.004781774238478965,0.05,1.0421132124807457e-07,1.8353842994036094,3.727955645849621,0,2.8749151958971404,3.060045673053138e-09,2.0276802397161897,4.076154228714655,0,,0,1
S2_N80,4500297,2.223218691494648,1.643608814524808,3.0072248983649943,2.1703342121278026e-07,-1.2697071141627956,0.3666684998868752,0.0008759163170575169,80,0.0007289124717178299,0.005648460349457925,True,4.865848844302405e-05,6.762749017480011e-06,True,0.28182361135677136,0.2595853697083438,0.005864100407858535,0.03749999999999998,0.0028041889412798652,0.0375,2.1703342121278026e-07,1.643608814524808,3.0072248983649943,0,2.3151180996208556,1.1059377454818782e-06,1.6515892612874472,3.2452207947961775,0,,0,1
S2_N80,4500298,2.324303543279695,1.6575810809882219,3.259199217019136,1.0090419708165152e-06,-1.2600769062943162,0.3725373580550107,0.0011318730048788354,80,6.539642952623322e-05,1.7404675803186474e-05,True,0.03729677802566913,0.0817717880055893,True,0.03495657796313715,0.02547042107057125,0.030768325809118223,0.09999999999999998,0.0106648039276978,0.1,1.0090419708165152e-06,1.6575810809882219,3.259199217019136,0,2.3272376614463157,5.989368024268297e-06,1.6143913517129997,3.3548464733208996,0,,0,1
S2_N80,4500299,2.0009521855161405,1.4290700423994982,2.8016888815324767,5.371216990162119e-05,-0.7209791661424665,0.3614823248634289,0.049636101142111935,80,0.00013083578455124983,0.000433607372146306,True,2.026691826892882e-06,5.610943485678473e-07,True,0.699804353149778,0.7786174389501619,0.016299694254787212,0.07499999999999996,0.023135559400515787,0.075,5.371216990162119e-05,1.4290700423994982,2.8016888815324767,0,2.1497538959492064,2.6662403338290243e-05,1.5041320496740629,3.0724974008433845,0,,0,1
S2_N80,4500300,2.657524420144154,1.8654460463622478,3.7859235100552886,6.195173378721196e-08,-1.6925352161543241,0.36216144398788297,1.2368557918299055e-05,80,0.0020246346378411054,0.0004962785415618985,True,0.25448074686505284,0.4069034891234472,True,0.7594752535541216,0.8615039858415042,0.01024779829779798,0.0625,0.00649939493794603,0.0625,6.195173378721196e-08,1.8654460463622478,3.7859235100552886,0,3.0855077284371,1.897850147472781e-08,2.0830861503827025,4.570314070061865,0,,0,1
S2_N80,4500301,2.957698472658243,2.0594073985228833,4.247814328257449,4.321248937942282e-09,-1.4352757233683675,0.3868964160404596,0.0003897537380007985,80,0.04472632360805355,0.0620975106070672,True,0.009215927081638795,0.013758531324703017,True,0.7371085270422847,0.7351297788009306,0.002551720596686599,0.012500000000000067,0.002311538235551201,0.0125,4.321248937942282e-09,2.0594073985228833,4.247814328257449,0,3.914767725342321,3.762618150130391e-12,2.6635258599504943,5.7538042238744165,0,,0,1
S2_N80,4500302,3.7460313352195187,2.61998849523324,5.356035261214874,4.484746749846111e-13,-1.668404663625169,0.4004847305174145,8.028552259679041e-05,80,7.67527274091766e-06,4.3164945055324915e-06,True,0.10617821423935524,0.11033816463778515,True,0.9083529853337543,0.9768674336927818,0.6228629624757945,0.275,0.6282663983511504,0.275,4.484746749846111e-13,2.61998849523324,5.356035261214874,0,4.509373734428627,2.0272876537633084e-14,3.065521207723985,6.633277051067028,0,,0,1
S2_N80,4500303,2.405995736705038,1.7205458307343242,3.3645226890423308,2.871174846503482e-07,-2.2930534704698644,0.38420585167420634,6.897295189080373e-08,80,0.06670805839241473,0.10629627226243174,True,0.0028064798848834232,0.008659555730980735,True,0.4085335222439961,0.6775257405101924,0.02812829264422036,-0.08750000000000002,0.03826296255122765,-0.0875,2.871174846503482e-07,1.7205458307343242,3.3645226890423308,0,2.749779562638489,5.3149545557057054e-08,1.9100164416333447,3.958755264241762,0,,0,1
S2_N80,4500304,2.727864992538039,1.9828136601968598,3.7528727821936463,7.018778595089353e-10,-1.2638817820908694,0.3465378119878586,0.0004800066472146391,80,0.0006467779278201474,0.001118425744794255,True,0.033756431534434306,0.06184554201950077,True,0.17269254033127757,0.20391738245044522,0.005643074128772889,0.03749999999999998,0.007111770804383594,0.0375,7.018778595089353e-10,1.9828136601968598,3.7528727821936463,0,2.813298729279361,2.4757668877688912e-08,1.955632397310101,4.047105044409762,0,,0,1
S2_N80,4500305,3.1735384618951477,2.2096454970972954,4.55790142914692,4.0422348720367387e-10,-1.4098387882545707,0.3968091093712145,0.0006543139762494935,80,0.0032553449349989197,0.00501361601111761,True,0.36895810506149596,0.3829104770333318,True,0.8721006596239265,0.7902982595521466,0.050823705479135645,0.09999999999999998,0.01894754786990426,0.1,4.0422348720367387e-10,2.2096454970972954,4.55790142914692,0,3.1298588666944176,1.2363019560745425e-08,2.113375343217882,4.6352469081568755,0,,0,1
S2_N80,4500306,3.0781912084433634,2.194529421439955,4.317673312176767,7.390136534188525e-11,-1.0396976786035637,0.3828089856205998,0.00815562013814684,80,0.0035324476799850346,0.03272584706046788,True,0.05851450301429699,0.05638431790241731,True,0.3671081579295127,0.26848142901696537,0.015427454840572475,-0.07500000000000007,0.010563549452757767,-0.075,7.390136534188525e-11,2.194529421439955,4.317673312176767,0,3.9457494725637714,6.450883365812861e-13,2.7141920416470993,5.736122817156784,0,,0,1
S2_N80,4500307,2.5298126617574788,1.7208192664748592,3.719130897865248,2.3493162880979466e-06,-1.5619601865964612,0.3277061134151159,8.681419532032307e-06,80,0.05623587701466653,0.049774499578592056,True,0.18905787823925424,0.35177268886000146,True,0.6761145138560107,0.47719810722277023,0.006599793222968412,0.03749999999999998,0.007111770804383594,0.0375,2.3493162880979466e-06,1.7208192664748592,3.719130897865248,0,2.58503425864211,5.3267460621636245e-06,1.71731482389721,3.8911922411457254,0,,0,1
S2_N80,4500308,1.698340424724379,1.2217442612183331,2.3608543046289223,0.001622955199260938,-1.277222310251941,0.31132807494542153,0.00010063264227496902,80,0.01304488089138566,0.022310636494305102,True,0.40809551119556187,0.1911704875793384,True,0.8028420594205569,0.720165587849001,0.06472425546708138,-0.125,0.0621191194475962,-0.125,0.001622955199260938,1.2217442612183331,2.3608543046289223,0,1.8420359145079732,0.001938531391395114,1.2518053319768254,2.7105622764674733,0,,0,1
S2_N80,4500309,1.968662397322168,1.3865571075719083,2.7951475012934304,0.000152248226058894,-1.2674710502874724,0.37379886609445917,0.0011022703737048438,80,0.0011739720770505208,0.0012418553327073068,True,0.03089567932300622,0.01003866317991258,True,0.16393945929488707,0.11054723487555576,0.007361091578382769,0.03749999999999998,0.006097781739749196,0.0375,0.000152248226058894,1.3865571075719083,2.7951475012934304,0,2.015859323803171,0.00017250633689565222,1.398282726762063,2.906199680213649,0,,0,1
S2_N80,4500310,3.0063036904428806,2.062977891487748,4.380978543910954,1.009647525597854e-08,-1.6944249456127627,0.39104473894991804,4.3902042237420715e-05,80,0.00023616174531197702,0.0001503740578932316,True,0.040811181292019355,0.017778479408733137,True,0.8776122247377253,0.9575827671701482,0.03157998380474526,0.08749999999999997,0.03542728339905256,0.0875,1.009647525597854e-08,2.062977891487748,4.380978543910954,0,3.3634521585993506,1.1297181443640601e-07,2.1485405880392694,5.265346387293785,0,,0,1
S2_N80,4500311,3.009152915119209,2.1156940997167704,4.279919893798747,8.825411378067531e-10,-2.1369679805596244,0.3477172444493652,3.270330353014013e-08,80,0.0008938208148606513,0.0009745788296314441,True,0.008039729311476814,0.007299425055879404,True,0.8323816503054392,0.6454845123966757,0.006929736492225424,0.050000000000000044,0.015316610912388218,0.05,8.825411378067531e-10,2.1156940997167704,4.279919893798747,0,2.965837166754016,9.135075477519939e-09,2.0469114745143115,4.297298739695931,0,,0,1
S2_N80,4500312,2.3773422209901645,1.6240681336733807,3.4799993414802652,8.417823084700458e-06,-1.9693200730667746,0.3771661379699084,1.466040312173435e-06,80,1.8065092827641696e-06,1.5796265396293754e-08,True,0.00012423360130254637,7.986521843069474e-05,True,0.05582664788804512,0.11692955858259722,0.002763771362901724,0.025000000000000022,0.0020360197161848784,0.025,8.417823084700458e-06,1.6240681336733807,3.4799993414802652,0,2.4132870249661917,2.464163942181088e-05,1.6026022472742092,3.6340609622729927,0,,0,1
S2_N80,4500313,3.6625738621843356,2.6235766470915993,5.113038077552124,2.415055896761574e-14,-1.582734262600534,0.4088530943174686,0.00022551741410687772,80,0.0005496109754367543,4.20696156082955e-05,True,0.08129692845673969,0.0649125177225052,True,0.15187350100729397,0.19344315408035961,0.016702419013877385,0.07500000000000007,0.010563549452757767,0.075,2.415055896761574e-14,2.6235766470915993,5.113038077552124,0,4.215481483465915,2.5313998725458123e-14,2.91161565026499,6.103238295146097,0,,0,1
S2_N80,4500314,2.7803946828415187,1.8140959844086395,4.261403287816337,2.682799930176238e-06,-2.0343971772585925,0.38668569589311763,1.250907127125753e-06,80,0.009465797179331123,0.0034537800770933907,True,0.08674839138690756,0.10229213204641947,True,0.9054063660993604,0.8543275876792245,0.0019284130150092709,0.0,0.0020656386384944807,0.0,2.682799930176238e-06,1.8140959844086395,4.261403287816337,0,3.5658629379826485,2.5443583790404466e-08,2.279696059982983,5.577663933223256,0,,0,1
S2_N80,4500315,3.2943274427304856,2.187533310752998,4.96110996188281,1.1486856187054156e-08,-0.6829896523486941,0.3078814059144072,0.02947735899169301,80,0.001050045620782785,0.0006928707347651403,True,0.08096055714989336,0.13633294674968996,True,0.7105754695217248,0.5456182766230318,0.03033442134002476,0.10000000000000003,0.01894754786990428,0.1,1.1486856187054156e-08,2.187533310752998,4.96110996188281,0,3.367783939082758,7.318462384032815e-09,2.231677942651121,5.082260501651994,0,,0,1
S2_N80,4500316,2.770583003899344,1.8482537555670293,4.15317981006398,8.061143226841507e-07,-1.666020112493611,0.3720403190378512,2.5744486051676148e-05,80,4.881188342734546e-05,5.747790620934182e-07,True,0.16234788669366707,0.18462120123540737,True,0.49710451619913565,0.42492175697119017,0.0028401042622614413,0.0,0.00526527794124026,0.0,8.061143226841507e-07,1.8482537555670293,4.15317981006398,0,2.718489397048808,9.002532068338639e-07,1.8240381693017163,4.051551511499303,0,,0,1
S2_N80,4500317,2.3594098209878,1.6748078974620084,3.323852670989665,9.14367268062552e-07,-1.049999999999999,0.4051120772636491,0.011416032501197961,80,0.029874475538311417,0.01897489358378628,True,0.032949036010365515,0.1011452959924792,True,0.38699958730355344,0.6532813149594939,0.003097383787194971,-0.025000000000000022,0.00040004955868099993,-0.025,9.14367268062552e-07,1.6748078974620084,3.323852670989665,0,2.4388558198462285,2.765803375325412e-06,1.6799378825041376,3.5406176454165235,0,,0,1
S2_N80,4500318,2.5556527215140323,1.7472285958193758,3.738126109319514,1.3242419099302432e-06,-1.8537299630086297,0.34239474992065116,6.76356392893413e-07,80,0.00010139755720394961,2.679790954106075e-05,True,0.020699627443974265,0.02078522902902685,True,0.5443994265833502,0.6217006789876044,0.09811765524581047,0.1375,0.11253870659251682,0.1375,1.3242419099302432e-06,1.7472285958193758,3.738126109319514,0,2.960277307476865,1.3572980533836043e-07,1.9772903386263032,4.431944851989024,0,,0,1
S2_N80,4500319,3.1415853956796047,2.2223926872477953,4.440960796433241,9.064514835822531e-11,-0.6249999999999978,0.3868582870274015,0.11027577020074027,80,0.0006197497870345091,0.002403473750352383,True,0.022487507208651236,0.009371726003911734,True,0.5961337296203043,0.9421831075684237,0.006891056042991026,-0.03749999999999998,0.0016558310417547097,-0.0375,9.064514835822531e-11,2.2223926872477953,4.440960796433241,0,3.1213959376760383,1.046857225681727e-09,2.1655409698884998,4.499158748422169,0,,0,1
S2_N80,4500320,2.2579938149673775,1.614953749087214,3.1570786911468325,1.9093795965455587e-06,-0.8625172413793089,0.361423015753681,0.01946764798374994,80,0.06224140651233666,0.026194049486029856,True,0.03323128320700905,0.014089913741249068,True,0.9874359923115534,0.9730248484299002,0.008513296407922286,-0.03749999999999998,0.0028041889412798652,-0.0375,1.9093795965455587e-06,1.614953749087214,3.1570786911468325,0,2.3619938325792025,2.9310452158044816e-06,1.6474182914129896,3.3865199228527887,0,,0,1
S2_N80,4500321,3.003607884515547,2.1512886799099205,4.1936074912557615,1.0555706719002758e-10,-0.8855450236966811,0.3566103440764815,0.015194257100253402,80,0.000436855516557699,0.00045116984973565463,True,0.004169202492988478,0.0045899384460421685,True,0.7216299865551725,0.7644460113106843,0.004028400224048876,0.02499999999999991,0.0070858952835169626,0.025,1.0555706719002758e-10,2.1512886799099205,4.1936074912557615,0,4.051735589852065,3.986253624004477e-12,2.7288276649128917,6.01597583502874,0,,0,1
S2_N80,4500322,2.6270670405388215,1.8776763981383413,3.675543476143179,1.731097100899621e-08,-1.3002050747306215,0.34897328193005556,0.00036930124218194897,80,0.0004955112023877457,0.00021822157565557616,True,0.08242324088337209,0.14933606809230132,True,0.45346481266483296,0.677826134128437,0.0038438470977607826,-0.025000000000000022,0.0025617847204274066,-0.025,1.731097100899621e-08,1.8776763981383413,3.675543476143179,0,3.0983745836190972,5.232165504111434e-10,2.168575070858039,4.426835478016639,0,,0,1
S2_N80,4500323,2.9367751237608255,2.0662269407636864,4.1741049627165845,1.906364739337709e-09,-2.092070391015148,0.38340055742646056,5.691525219772976e-07,80,0.0010289778288159164,0.00029620298090551325,True,0.006752752457810479,0.001936411682908973,True,0.3780435022317922,0.6529804535115551,0.008531386114291904,-0.04999999999999993,0.006940622567554772,-0.05,1.906364739337709e-09,2.0662269407636864,4.1741049627165845,0,2.9942332539773,3.7266912877954895e-08,2.02609956530107,4.424971473645849,0,,0,1
S2_N80,4500324,5.773206039974663,3.8200890884577428,8.7249033224657,8.709222120533537e-17,-1.3249999999999995,0.39701162360651143,0.0013043163320312268,80,0.009637796212254612,0.0013959694737277818,True,0.06635454556487153,0.08684050954696701,True,0.4497565366027204,0.5083625296513946,0.011214433707930248,0.04999999999999993,0.004781774238478969,0.05,8.709222120533537e-17,3.8200890884577428,8.7249033224657,0,6.120744544151713,3.188967361546267e-15,3.901096545966583,9.603329046930973,0,,0,1
S2_N80,4500325,2.27017270368068,1.600866169419232,3.219309773037756,4.221593616530152e-06,-0.9107448582545854,0.3779409395225287,0.018350651032426234,80,0.0004842073865359041,2.234513169737232e-05,True,0.0705982982142742,0.17088676671479552,True,0.2964845279371081,0.2617048421366205,0.0027481591800103565,-0.02499999999999991,0.005330626508080562,-0.025,4.221593616530152e-06,1.600866169419232,3.219309773037756,0,2.239823081990358,1.218059213039619e-05,1.5606187749083387,3.214627120522399,0,,0,1
S2_N80,4500326,2.1817888900575135,1.5161824358675628,3.1395976158070966,2.6540185045652107e-05,-2.342239455352915,0.3866606077219963,4.7411549836201335e-08,80,1.7591540451980327e-05,8.063819742542149e-05,True,0.047115655695683614,0.0654189221528266,True,0.31067836887444666,0.3900752734355696,0.0031711251046636435,0.0,0.0024895756218711994,0.0,2.6540185045652107e-05,1.5161824358675628,3.1395976158070966,0,2.455211778608916,4.243701432973248e-06,1.6743520587611693,3.6002373851291707,0,,0,1
S2_N80,4500327,2.3525148357796133,1.6293908973308562,3.3965612927070423,4.988942757918544e-06,-2.214803523035228,0.3321329512004984,3.503966241158605e-09,80,0.00980360013912681,0.0253129538351928,True,0.17643333486890045,0.23909657183473576,True,0.6324703188618267,0.7061102688615654,0.002763771362901724,0.025000000000000022,0.0031555361579707042,0.025,4.988942757918544e-06,1.6293908973308562,3.3965612927070423,0,2.3411900249151176,9.309833375387386e-06,1.6072490973502997,3.410280797045256,0,,0,1
S2_N80,4500328,2.5930964142703625,1.9039358006673064,3.5317099512205603,1.4917529988119975e-09,-0.8418733080671359,0.3583098626908437,0.021359178305175395,80,0.0006227542787109493,0.0007952703836876624,True,0.6580896953215032,0.42886009806281433,True,0.9396939567588529,0.8126564119652364,0.033140458835117445,0.11250000000000004,0.036949227047209494,0.1125,1.4917529988119975e-09,1.9039358006673064,3.5317099512205603,0,2.7260653950498894,4.509130950640449e-09,1.9497215515881687,3.8115353097652065,0,,0,1
S2_N80,4500329,3.240621284738294,2.2483940732113026,4.670723178032472,2.898698250751987e-10,-1.9257012998291967,0.398875384549733,6.856219143821825e-06,80,0.0002499079977124185,0.0001227316253642699,True,0.006733509159044309,0.011355921862297988,True,0.8889610980250824,0.9228105873852371,0.003961841311755999,0.012500000000000067,0.0039793133633213695,0.0125,2.898698250751987e-10,2.2483940732113026,4.670723178032472,0,3.42471547184539,9.676170898796474e-10,2.308120972973732,5.081482383475865,0,,0,1
S2_N80,4500330,1.9022513598173576,1.3400083776364078,2.7004012036921985,0.0003216312701589496,-0.9717092866756406,0.38971961038899233,0.014799776818267902,80,0.0004996079974626786,0.0005685497942952937,True,0.05578694647852204,0.028359113446107212,True,0.8436784602117452,0.7203340254964872,0.00938146292758188,-0.0625,0.00649939493794603,-0.0625,0.0003216312701589496,1.3400083776364078,2.7004012036921985,0,1.8553892667669558,0.0006031786382578304,1.3033303301543837,2.641286902934462,0,,0,1
S2_N80,4500331,3.265213033736201,2.2796542198209138,4.676856719313477,1.0824888356358919e-10,-1.593239145801556,0.3490328387075246,1.863337796907154e-05,80,8.76173700799417e-05,6.700720733867819e-05,True,0.0010470225798677644,0.001806588733489083,True,0.7846825056245246,0.7903927379178625,0.029816709496422157,0.09999999999999998,0.016024904467563248,0.1,1.0824888356358919e-10,2.2796542198209138,4.676856719313477,0,3.9206137661760976,6.153602614141264e-13,2.7025038473968297,5.687767038087937,0,,0,1
S2_N80,4500332,3.410933784491508,2.2422354626575918,5.188781230137133,9.897255736881497e-09,-2.0080867292887903,0.37872349602156946,1.0609133392287663e-06,80,0.00014675404708123526,5.2054015493306264e-05,True,0.0006334825092209058,0.0018723273201222796,True,0.14594005235226712,0.13627071948661046,0.028676172465835963,-0.08750000000000002,0.021662657248263956,-0.0875,9.897255736881497e-09,2.2422354626575918,5.188781230137133,0,3.6221172905747103,9.72468624628431e-09,2.333188121051286,5.623092946645381,0,,0,1
S2_N80,4500333,2.612947898740569,1.7692752299447676,3.858922911471435,1.3786954258067657e-06,-1.578418768646597,0.33911214586934774,1.3284705243451644e-05,80,0.0001102916506321217,7.70365738853431e-05,True,0.9710636502098121,0.9807563611806845,False,0.34488893933692844,0.40291307707268464,0.0053851323133974,0.050000000000000044,0.006940622567554772,0.05,1.3786954258067657e-06,1.7692752299447676,3.858922911471435,0,3.1835810588745055,1.750011996900462e-08,2.1281076732164146,4.76253550794553,0,,0,1
S2_N80,4500334,3.298945262957869,2.3277946304672126,4.675257733457278,1.955227022852025e-11,-1.4310413751748936,0.40450855672196867,0.000687552765997584,80,0.004201517438348527,0.002113470477023394,True,0.690638440789297,0.39091012428910477,True,0.7508063021674356,0.8616016955430914,0.012576307854856063,0.0625,0.010864315172078483,0.0625,1.955227022852025e-11,2.3277946304672126,4.675257733457278,0,3.7300331476019912,2.898968499430331e-10,2.477223034009679,5.61642899779175,0,,0,1
S2_N80,4500335,2.032146705427653,1.427858716707823,2.892177064900387,8.215405996439638e-05,-0.7560574118462479,0.35664484772936855,0.037234460497326614,80,0.0032301595179693864,0.001324827973622767,True,0.033810671752236066,0.0346416938200356,True,0.49836925912204544,0.4889921547978884,0.002584521297949656,0.025000000000000022,0.0031555361579707042,0.025,8.215405996439638e-05,1.427858716707823,2.892177064900387,0,2.249311889312081,3.0776221050544254e-05,1.5363403653597287,3.293153060009617,0,,0,1
S2_N80,4500336,2.7944524184013106,1.933207189470601,4.039383032114307,4.5924524078273954e-08,-1.1750000000000025,0.36639181108197505,0.001954809393813104,80,0.0036830185798550686,0.015707040635050528,True,0.07974214487266196,0.09618051824136249,True,0.38644188539500723,0.49591881213835576,0.007171903801045826,-0.04999999999999993,0.006940622567554772,-0.05,4.5924524078273954e-08,1.933207189470601,4.039383032114307,0,3.096538744636587,4.385749652603656e-09,2.122979650945953,4.51655398240067,0,,0,1
S2_N80,4500337,5.0086309283505965,3.4046985332377067,7.368165942308612,2.820802954798629e-16,-1.4747194302970201,0.37424341079521833,0.00017753586582635905,80,0.00120686849069969,0.0005277031123651198,True,0.028607694621113965,0.014832408703424723,True,0.5319424817653102,0.8126531450780031,0.0031611195348563914,0.012499999999999956,0.0053533441400235105,0.0125,2.820802954798629e-16,3.4046985332377067,7.368165942308612,0,6.364309712800151,3.682170897090566e-20,4.290065182305594,9.441450513969624,0,,0,1
S2_N80,4500338,3.716636932113548,2.5615029320669236,5.392689546524989,4.755298852617458e-12,-1.5691882616978536,0.40259490461924274,0.00020586267074428397,80,0.0026322872474768156,0.00017722724258224595,True,0.05669012397076888,0.02953959295867597,True,0.6262179229660153,0.5023381744432834,0.015258652989301628,0.0625,0.014231639434400988,0.0625,4.755298852617458e-12,2.5615029320669236,5.392689546524989,0,4.242504074790952,4.822669402284133e-13,2.8673876580048034,6.277086662618148,0,,0,1
S2_N80,4500339,3.592098637924836,2.5270397138757907,5.106042676627155,1.0301129560878967e-12,-0.9420533782159182,0.3252610813580464,0.004912919269760223,80,0.030091140430932226,0.017232710526850638,True,0.001407522397537519,0.0006043486125740216,True,0.6031604410047238,0.38173719474938217,0.016394616559357113,0.08750000000000002,0.02980916043796153,0.0875,1.0301129560878967e-12,2.5270397138757907,5.106042676627155,0,3.724774812787105,9.472964832815185e-12,2.551743900632228,5.437045387876017,0,,0,1
S2_N80,4500340,3.038584892969997,2.1279875937683115,4.338840216373341,9.650198207995686e-10,-1.6070802395956845,0.37878810271093133,6.094745189270011e-05,80,0.029529015522382473,0.016967500263067883,True,0.20172462793362855,0.19420927027718227,True,0.5893970074450778,0.9268571084068407,0.04195026973396511,0.11250000000000004,0.044889832855542405,0.1125,9.650198207995686e-10,2.1279875937683115,4.338840216373341,0,3.0716156979123053,7.338541195979035e-09,2.0998536090016815,4.493086068103017,0,,0,1
S2_N80,4500341,2.462175215248317,1.6301717986760225,3.718814664507584,1.8463325988675326e-05,-1.2666922808243095,0.36114042390293477,0.0007584645853666503,80,0.018767854944622058,0.013342711889453884,True,0.17428046898923755,0.22080700148496057,True,0.6105710440574473,0.6845232271463899,0.003389074564324006,-0.012499999999999956,0.0014728106816559935,-0.0125,1.8463325988675326e-05,1.6301717986760225,3.718814664507584,0,2.663795850332903,1.9667641236958295e-06,1.7790181635317814,3.98860926645285,0,,0,1
S2_N80,4500342,2.7861228263370825,1.9864302936495704,3.9077537370691777,2.9174211104623173e-09,-1.0092247331123203,0.38383656914508485,0.010325929470610087,80,9.283677747445498e-05,2.677975703457994e-06,True,0.008861660235944466,0.0026242985408217578,True,0.14723255044837988,0.0683437449124638,0.006624234529689827,0.050000000000000044,0.0038487555618565627,0.05,2.9174211104623173e-09,1.9864302936495704,3.9077537370691777,0,2.9303402340349383,2.8036709739554255e-08,2.0050477841595553,4.282638027404048,0,,0,1
S2_N80,4500343,1.9847043303426921,1.4279360571530821,2.7585627935850545,4.4919470071431434e-05,-1.7206255585344055,0.40246060203987016,5.417390109435311e-05,80,0.0060208843347061905,0.002249181003213557,True,0.02361125477621902,0.013266045184185893,True,0.1344444049043273,0.11322649685620496,0.007833780484000378,-0.0625,0.005265277941240246,-0.0625,4.4919470071431434e-05,1.4279360571530821,2.7585627935850545,0,2.0440982670740295,5.373521143979108e-05,1.44483648795026,2.891910441286485,0,,0,1
S2_N80,4500344,1.7768061214607254,1.2879372881420952,2.4512373562958736,0.0004630542015521351,-1.9420451672705836,0.41768834413086015,1.3541205120918695e-05,80,9.358247878265246e-06,6.871213841583076e-05,True,0.00017128475075842942,8.149171401588113e-05,True,0.07447314776620625,0.13987030073719323,0.006390114185890982,-0.03749999999999998,0.008193909541008109,-0.0375,0.0004630542015521351,1.2879372881420952,2.4512373562958736,0,1.9393646342303537,0.00011389824774889272,1.3853359678749297,2.714962486878125,0,,0,1
S2_N80,4500345,3.1682718062763167,2.18139826099444,4.601611002417031,1.3958966771546476e-09,-1.6098433755774586,0.3438877512065052,1.2004458390128791e-05,80,0.0008059870982087392,0.0006675975663562559,True,0.11288030158847198,0.13232728382282,True,0.6331386712973324,0.5488886670319671,0.02829092338673414,0.09999999999999998,0.02834550338924414,0.1,1.3958966771546476e-09,2.18139826099444,4.601611002417031,0,3.2572686819306895,1.6115359719155911e-09,2.2193972203171906,4.7804868678578245,0,,0,1
S2_N80,4500346,3.200696222424415,2.116862659230941,4.839452509386577,3.484167605609577e-08,-0.7983307905148543,0.3881852836003314,0.043115120182786314,80,0.00023758076447956238,0.002405748757239337,True,0.01955739264921673,0.007236836835585221,True,0.5700111115688292,0.8696662826004748,0.007106154855066742,0.03749999999999998,0.011804249436015334,0.0375,3.484167605609577e-08,2.116862659230941,4.839452509386577,0,3.5034254690762223,1.2054241579071875e-07,2.2022069908602107,5.573495165673582,0,,0,1
S2_N80,4500347,2.196455444771815,1.5970909133487157,3.020752594949095,1.301101985449012e-06,-1.464665954035275,0.3972521138938209,0.0004204910377917127,80,8.642968072613069e-05,3.619954478632222e-05,True,0.27613329319642577,0.1926824342719169,True,0.6473358055257269,0.6046630785799622,0.07931562397529263,0.13749999999999996,0.0677099739982184,0.1375,1.301101985449012e-06,1.5970909133487157,3.020752594949095,0,2.288170248664418,4.059361001381732e-06,1.6091420624034618,3.253735769639106,0,,0,1
S2_N80,4500348,3.1761683260395075,2.2997967959953085,4.386494168920994,2.2864739957203787e-12,-1.099999999999999,0.42140803042433644,0.01086718755420155,80,1.3712738727170957e-05,1.4409763670899485e-06,True,0.22985059997840018,0.2208042856585306,True,0.34078891807905043,0.2606230309527938,0.011365940421691038,0.0625,0.005265277941240246,0.0625,2.2864739957203787e-12,2.2997967959953085,4.386494168920994,0,3.387689031166456,6.154733883438107e-10,2.301552600721131,4.986389174112154,0,,0,1
S2_N80,4500349,2.4964739453229474,1.6760217939276147,3.7185567528160037,6.789162025453928e-06,-1.457181598428768,0.38803371029713224,0.0003344272375489519,80,0.040987722297859894,0.04396012898984148,True,0.1693852285041444,0.31776534709941084,True,0.8253006324644856,0.9537436516912168,0.011436539151132616,0.03749999999999998,0.018771989171415527,0.0375,6.789162025453928e-06,1.6760217939276147,3.7185567528160037,0,2.9142567274695295,6.110564621551893e-06,1.8332076119408263,4.632804390665791,0,,0,1
S2_N80,4500350,2.922240086446382,2.072170569166988,4.121034846212987,9.706267731162035e-10,-1.0249999999999995,0.3582057425249209,0.00542689114129351,80,0.0006185503027202166,0.000738838008777682,True,0.017289800238676573,0.010770938150449329,True,0.1712641227066828,0.17942053905856992,0.006153296721781603,0.04999999999999993,0.003019888433938995,0.05,9.706267731162035e-10,2.072170569166988,4.121034846212987,0,3.0214535510137277,6.938122609578762e-08,2.021551115432844,4.515929125531301,0,,0,1
S2_N80,4500351,3.3602002628752885,2.3430950642460946,4.818816777397842,4.431336895127799e-11,-1.696885225885226,0.3728579244121717,1.9614550582677475e-05,80,0.0008266069191839604,0.00048703990293782416,True,0.24797902214826661,0.2082250324608934,True,0.47587740826044167,0.59505222810198,0.0163358133427099,-0.07499999999999996,0.014420573208165718,-0.075,4.431336895127799e-11,2.3430950642460946,4.818816777397842,0,3.547961646547948,2.892981062680497e-10,2.393299949086361,5.259696700441033,0,,0,1
S2_N80,4500352,2.4918707637753625,1.7394657114109393,3.5697282577198606,6.411314771974898e-07,-0.6831966616967888,0.42729822501869114,0.11394390603823006,80,0.0014824984047268036,0.0007110443386913298,True,0.07321276033568165,0.03009567409701293,True,0.04015428367011091,0.0777404299137939,0.0058974697176708245,0.025000000000000022,0.006179571042506989,0.025,6.411314771974898e-07,1.7394657114109393,3.5697282577198606,0,2.738041226957208,1.6825175129107442e-07,1.8773736107042431,3.993275349015425,0,,0,1
S2_N80,4500353,3.172063803260056,2.1608682748926324,4.656456336956774,3.76929584574695e-09,-1.3687344514325641,0.3943607673474962,0.0008538300931076127,80,0.0720387052925181,0.1128387727776843,True,0.0038418077504864603,0.0031758892696782926,True,0.6542112991857385,0.39762001556584536,0.01121443370793025,-0.04999999999999993,0.00945024276857523,-0.05,3.76929584574695e-09,2.1608682748926324,4.656456336956774,0,3.4256297135474876,2.5703614574516758e-08,2.2208735720050305,5.283929298030683,0,,0,1
S2_N80,4500354,3.7677394983805015,2.5697682836579907,5.524179365872302,1.0895750713509336e-11,-2.1272365106721454,0.3099117579042641,1.5023100065669097e-09,80,0.016043876534514393,0.015078442358507596,True,0.00267235105846102,0.001839250282345198,True,0.5992909794553651,0.8274817179297779,0.003991602587725962,-0.012499999999999956,0.002813335718335148,-0.0125,1.0895750713509336e-11,2.5697682836579907,5.524179365872302,0,3.9656907847749907,1.2264593840457265e-11,2.6624512299860226,5.906851259217937,0,,0,1
S2_N80,4500355,2.3909917826046034,1.6856417685885223,3.391492671227383,1.0207548306901358e-06,-1.9131429281557935,0.4304879094822508,2.9193744549117597e-05,80,3.71985422303097e-07,4.169205393768175e-06,True,0.18411835608249616,0.18760060293010528,True,0.7619859622640034,0.5817582442315131,0.01461562612602294,0.050000000000000044,0.013759933895470105,0.05,1.0207548306901358e-06,1.6856417685885223,3.391492671227383,0,2.4021507926785586,8.737850814158734e-06,1.6324020710764986,3.5348695845264064,0,,0,1
S2_N80,4500356,2.7333650390943873,1.986496202015895,3.7610363560532396,6.617698294082348e-10,-1.0943279950806066,0.36393844903568534,0.003563136690528259,80,6.710173711143307e-05,8.86335632874027e-06,True,0.09809693289794032,0.1647959392208891,True,0.011501791285306965,0.00935042332273326,0.00499140731158406,0.03749999999999998,0.0093397207275627,0.0375,6.617698294082348e-10,1.986496202015895,3.7610363560532396,0,3.4261701337490615,3.605358743854283e-11,2.3793398379656945,4.933570899830118,0,,0,1
S2_N80,4500357,3.3003564524681,2.2869337720870315,4.762863204126623,1.7723127938894465e-10,-2.1422414756847377,0.35780157954686276,6.371219392238747e-08,80,0.0014179578078959303,0.0014587588289907427,True,0.11148196428316541,0.07756928440521238,True,0.12796911051013077,0.08954075269853211,0.00523403975659068,0.025000000000000022,0.0025617847204274066,0.025,1.7723127938894465e-10,2.2869337720870315,4.762863204126623,0,4.16038806078267,5.11520133974149e-12,2.775408075747286,6.236498685564477,0,,0,1
S2_N80,4500358,1.91298264287676,1.3798807167024199,2.6520427074979906,9.945753843860838e-05,-1.424999999999999,0.2997593124030522,9.107643101964413e-06,80,0.00131291754052972,9.089540441360662e-05,True,0.005743314357651935,0.003372716717374736,True,0.18347076390453687,0.2241783632264116,0.022082247346582165,-0.08750000000000002,0.024325307313285062,-0.0875,9.945753843860838e-05,1.3798807167024199,2.6520427074979906,0,1.9530880255366554,0.000192685655697359,1.373708068972924,2.776829314503981,0,,0,1
S2_N80,4500359,2.5445267566279375,1.839587806888644,3.5196017232502896,1.6743908592171587e-08,-1.4075992578399734,0.35347149552828994,0.00015359286866687948,80,0.0106543641943413,0.008725027135167212,True,0.005472103062772323,0.003699303320974309,True,0.7200746193036789,0.6282197891991488,0.03361126131885788,0.10000000000000003,0.02199189345838609,0.1,1.6743908592171587e-08,1.839587806888644,3.5196017232502896,0,3.237508417161787,1.5552608530127605e-10,2.2592178453860403,4.639420130555146,0,,0,1
S2_N80,4500360,3.138947614609207,2.129143413267689,4.627678936919996,7.658989275672025e-09,-1.933221027597482,0.3604794196805046,8.313039309205104e-07,80,1.8183831172064767e-05,4.167037687927743e-06,True,0.025960514672694085,0.016151620244416347,True,0.7766818802243878,0.8092328608967048,0.006791218722887647,-0.025000000000000022,0.006179571042506989,-0.025,7.658989275672025e-09,2.129143413267689,4.627678936919996,0,3.426793013857305,3.9622019209484506e-10,2.3296884744990036,5.040549622132001,0,,0,1
S2_N80,4500361,2.5050866110852614,1.6892149108028913,3.715015116730106,4.9349128316932884e-06,-1.404228470814214,0.41137976481703603,0.001025658105769083,80,0.0180359456957804,0.03762024901863505,True,0.00048404201850053613,0.00015929223714389502,True,0.3725110740974783,0.36855008416516377,0.009405057028439532,-0.050000000000000044,0.006940622567554772,-0.05,4.9349128316932884e-06,1.6892149108028913,3.715015116730106,0,2.6371439088035347,4.7765013939900225e-06,1.7405728503938132,3.995539740934192,0,,0,1
S2_N80,4500362,3.12053126481019,2.186786087697885,4.452980302663786,3.5445986626122467e-10,-2.2032798209499598,0.31469516826644145,8.265207131924119e-10,80,6.734899755391638e-05,4.087038365837301e-06,True,0.011349631700985973,0.02187428143089244,True,0.18011135473081352,0.17299881890918167,0.005083230320166195,0.025000000000000022,0.0025617847204274066,0.025,3.5445986626122467e-10,2.186786087697885,4.452980302663786,0,3.4592523012373255,3.792829116588999e-11,2.3944905829871783,4.997483209429606,0,,0,1
S2_N80,4500363,2.390828716912283,1.5968975547256241,3.5794794329148774,2.3049219391287376e-05,-0.5820258606859842,0.35616986684755797,0.1063150657883977,80,1.3630313078335765e-05,8.598512498744594e-06,True,0.06020187854725586,0.12181768799984057,True,0.4557554119693292,0.5454041826554916,0.006885804256197764,-0.03749999999999998,0.0035062293183899247,-0.0375,2.3049219391287376e-05,1.5968975547256241,3.5794794329148774,0,2.4766576588198674,2.0252406523801613e-05,1.6320851943984922,3.7582800089377324,0,,0,1
S2_N80,4500364,3.5358631540050154,2.3841597199760365,5.243913878377224,3.367218781121679e-10,-1.4759463016583299,0.3675499144447228,0.00013666387010009758,80,0.001312338068496119,0.0004771267659922205,True,0.1942097885178914,0.24507708583651988,True,0.2903040278812573,0.33439807810968525,0.0029783391482803897,0.025000000000000022,0.0025617847204274066,0.025,3.367218781121679e-10,2.3841597199760365,5.243913878377224,0,3.740852855423929,1.6804938128035889e-10,2.49558560580952,5.607493509081202,0,,0,1
S2_N80,4500365,2.3317323275244695,1.6229783045069537,3.3499989692557124,4.663792269740792e-06,-0.7070417811984575,0.33686267003612486,0.03910318715239765,80,0.0012037373553991256,0.00016272122174357104,True,0.08144193383020908,0.13005250050553685,True,0.9559610960299969,0.8390089410485162,0.0028401042622614413,0.0,0.005944576726221812,0.0,4.663792269740792e-06,1.6229783045069537,3.3499989692557124,0,2.3986398936576276,1.919457937155441e-06,1.6732790846875845,3.438442153551509,0,,0,1
S2_N80,4500366,2.607455119755379,1.7478044732367763,3.889921501887297,2.6558860830408387e-06,-1.6308840932822832,0.35959129462980643,2.079592374048937e-05,80,0.00018143416662649313,8.680668615444432e-05,True,0.00465925745034579,0.004970291343503553,True,0.689450229604672,0.6813314803848707,0.005244807320866959,0.025000000000000022,0.009058300990369608,0.025,2.6558860830408387e-06,1.7478044732367763,3.889921501887297,0,2.7385052842297686,1.7081403882164495e-06,1.8126463739202905,4.137272056840881,0,,0,1
S2_N80,4500367,3.4173332513552737,2.4122654979944085,4.841161373210286,4.672168815731568e-12,-1.4606850087099084,0.36812399139731294,0.00016143472889598395,80,0.00015399485562724109,0.00018603886329588204,True,0.00024387261193517903,0.0007483749191009624,True,0.3028963261954736,0.33884644494665406,0.13053464354626243,0.16249999999999998,0.1306633606036141,0.1625,4.672168815731568e-12,2.4122654979944085,4.841161373210286,0,3.602028965422504,4.781606212281066e-11,2.4587211855657265,5.276975992199534,0,,0,1
S2_N80,4500368,2.714540651455447,1.816844832289556,4.055784411219211,1.090173268185152e-06,-0.8853453038674042,0.36749750915875956,0.01838032161927181,80,0.01932475912043781,0.03765402203561406,True,0.012158517409889363,0.011355921862297988,True,0.07226856265682834,0.1734303259910165,0.0016850663704681258,0.012499999999999956,0.0006154686883389634,0.0125,1.090173268185152e-06,1.816844832289556,4.055784411219211,0,2.8010547547684257,1.000956737534645e-06,1.8538880458164482,4.232136755461673,0,,0,1
S2_N80,4500369,2.492828314203006,1.807775615406319,3.4374802664297954,2.5243135458762527e-08,-0.8459057744766144,0.37282167346328,0.026072999297442615,80,0.0006590864426396838,0.0008862636032722977,True,0.2829739880396662,0.22636547914411476,True,0.14506396756310067,0.20535299495379944,0.10120234046815119,0.15000000000000002,0.10496937128720893,0.15,2.5243135458762527e-08,1.807775615406319,3.4374802664297954,0,2.545553006375401,5.724312307471279e-08,1.8165161310981366,3.567180052703189,0,,0,1
S2_N80,4500370,2.3835377827001403,1.610447275208164,3.527748128745632,1.4117166280221043e-05,-2.1178901734104043,0.37228772066508553,2.202077427927095e-07,80,0.00012021923901204168,1.7110154426665436e-05,True,0.20390922966944636,0.16471384404723521,True,0.9155692588449146,0.9922937408622083,0.007362258019637748,0.03749999999999998,0.011804249436015334,0.0375,1.4117166280221043e-05,1.610447275208164,3.527748128745632,0,2.4949794969996333,2.538795716406455e-06,1.7047481295764244,3.651520469475592,0,,0,1
S2_N80,4500371,2.3111510845867285,1.5903676880836648,3.358606551056522,1.118882396772922e-05,-1.774643521388716,0.37815401043194513,1.1486892453313077e-05,80,0.0005854656550363346,0.00014783984987536822,True,0.012453029961931102,0.04039362234623301,True,0.6870139977279575,0.5974100149566632,0.0027654780178058536,0.025000000000000022,0.004541953150116096,0.025,1.118882396772922e-05,1.5903676880836648,3.358606551056522,0,2.425059519588097,4.641443381989618e-06,1.6599608864741153,3.5428025572556514,0,,0,1
S2_N80,4500372,3.883588011646695,2.7375238645674056,5.509451822290978,2.868749675366185e-14,-1.1999999999999984,0.37972486493614926,0.0022542888988459028,80,0.016653908950034223,0.007578238606757091,True,9.883879627424682e-05,4.3900144222543694e-05,True,0.9144204063707169,0.8577550912671805,0.0023340376145523337,-0.012500000000000067,0.0033695911756032007,-0.0125,2.868749675366185e-14,2.7375238645674056,5.509451822290978,0,4.172580105163978,1.3030711840811148e-13,2.859000505911106,6.089689280576703,0,,0,1
S2_N80,4500373,3.6098790251769035,2.311248206908708,5.6381770410722805,1.675099876013381e-08,-1.8447435831423946,0.3993209291210056,1.5154385651333409e-05,80,0.0021833186929887784,0.0020881644400496534,True,0.0016143473965475007,0.009921618956454997,True,0.25309399332296656,0.44172208023773973,0.00873183813125474,0.0625,0.010864315172078483,0.0625,1.675099876013381e-08,2.311248206908708,5.6381770410722805,0,4.232142295063014,2.741774955048558e-10,2.704124493462914,6.623596084041341,0,,0,1
S2_N80,4500374,2.482887160414906,1.6849339744623655,3.658736036419622,4.2757164107262575e-06,-1.3086100056091243,0.3322345222794929,0.0001785979833120235,80,0.00011682009368106219,6.600470698584615e-05,True,0.006458954266892987,0.007233413565970655,True,0.9776664376600206,0.9961423587719642,0.004552094203636642,-0.025000000000000022,0.004541953150116096,-0.025,4.2757164107262575e-06,1.6849339744623655,3.658736036419622,0,2.8021032380621436,9.474580432198922e-08,1.9192653744014403,4.091035383372703,0,,0,1
S2_N80,4500375,1.6729518826755312,1.174096359488054,2.3837634612613585,0.004394559426476852,-1.0761934156378623,0.39317269045383074,0.007691647089099197,80,0.005576089667711324,0.005902143865513915,True,0.00010031345338376453,0.00014240385750223617,True,0.5107819504222979,0.42532434501216465,0.0054327270198400775,-0.03749999999999998,0.0035062293183899247,-0.0375,0.004394559426476852,1.174096359488054,2.3837634612613585,0,1.7510992733282884,0.011677269799089932,1.1369167674755012,2.697074009964353,1,0.0,0,1
S2_N80,4500376,1.8309779571514089,1.2184940713411108,2.751330809418307,0.00360203136037946,-2.292184102440199,0.43403967111073516,1.1550049225522937e-06,80,9.8329625544549e-05,4.549013012119012e-05,True,0.04922221510837969,0.0915125551410947,True,0.2479728592218905,0.3007080202645469,0.10330370963872246,-0.13749999999999996,0.08900324014775475,-0.1375,0.00360203136037946,1.2184940713411108,2.751330809418307,0,1.8569446350325503,0.003660809523465248,1.2232251131815852,2.818976932714663,0,,0,1
S2_N80,4500377,2.5651578292160373,1.7626650351292183,3.7330034678460384,8.610319573053254e-07,-1.4294815465729342,0.4029955202169838,0.0006668029964328974,80,0.00021648846929554476,0.0002364910592436597,True,0.6892424851364305,0.728472917059106,False,0.39712138478765713,0.4716524257366854,0.05096289675928579,0.125,0.06670211144081224,0.125,8.610319573053254e-07,1.7626650351292183,3.7330034678460384,0,2.5523038046611997,1.6686814769086181e-06,1.7394856382629689,3.7449315866689754,0,,0,1
S2_N80,4500378,3.456097516773516,2.5573649930406113,4.670670818578137,6.982679507893992e-16,-1.1423482484029979,0.3526734034415523,0.001770926733928,80,0.006614312660276616,0.00871870581088109,True,0.00844892455605915,0.007663383513053652,True,0.7218307607627342,0.6603133817685264,0.0011617079295844687,-0.012499999999999956,0.0006154686883389634,-0.0125,6.982679507893992e-16,2.5573649930406113,4.670670818578137,0,3.9076771450978063,2.782109921121632e-14,2.7506210481192794,5.551451982366118,0,,0,1
S2_N80,4500379,2.3893682027288428,1.6836870465986047,3.3908204138917504,1.0767073795976184e-06,-1.005721210157748,0.33607228153458313,0.003716177071069744,80,0.07014508570550566,0.040346487720087996,True,0.0012260616801069801,0.0003172831650815933,True,1.0,0.9150988952272497,0.005075927638093034,0.025000000000000022,0.0015785375584534591,0.025,1.0767073795976184e-06,1.6836870465986047,3.3908204138917504,0,2.8519951899961535,7.571505578702802e-09,1.9987104430738218,4.069562247972291,0,,0,1
S2_N80,4500380,2.3592607969311827,,,,-1.8999999999999988,0.32690925354570916,1.3232598223590376e-07,80,0.020263520374516175,0.05145919976808175,True,0.06449506048464318,0.02465945799447778,True,0.05038154617117816,0.055710982657109734,0.005860780681483939,-0.050000000000000044,0.006940622567554772,-0.05,0.00028818761555011633,1.5039835914655986,3.700912389949884,1,2.711489187763921,9.090114938781161e-05,1.6756740811783608,4.387591655168696,1,0.0,0,1
S2_N80,4500381,3.2512251107898513,2.199098948807865,4.806725375754805,3.4134603220284016e-09,-1.500663057296917,0.3396454205054103,3.2112067237350216e-05,80,6.741786877676773e-05,2.1623274007300532e-05,True,0.3336604018472671,0.25708101238163616,True,0.2990442474384504,0.4062562640676085,0.004455581258556574,0.012500000000000067,0.002311538235551201,0.0125,3.4134603220284016e-09,2.199098948807865,4.806725375754805,0,3.46389599532385,5.5582121043117e-09,2.28116266754351,5.259850880928792,0,,0,1
S2_N80,4500382,2.9485783268877936,2.1495627433161966,4.044596593807605,2.0061839788241423e-11,-2.0293498694516945,0.3839293143621019,1.1335078670501955e-06,80,0.02506467856115561,0.010774646254159179,True,0.07378326488816556,0.10851469243741851,True,0.26573678687651736,0.20991146455310983,0.0020023815886762936,0.0,0.0024895756218711994,0.0,2.0061839788241423e-11,2.1495627433161966,4.044596593807605,0,3.1661293665198014,9.369869982916532e-10,2.188900775915729,4.579638910925677,0,,0,1
S2_N80,4500383,2.4450731608199523,1.7431998788445848,3.429545191182907,2.2298406342941897e-07,-1.440698623025386,0.38695775019867845,0.0003726104077351474,80,0.3250884964698608,0.30205520776890393,True,0.025006520185190555,0.032756605734056345,True,0.1705271043437675,0.15867685237806128,0.06480249737904487,0.125,0.08419623301120584,0.125,2.2298406342941897e-07,1.7431998788445848,3.429545191182907,0,2.788360812666796,1.1447386309579856e-07,1.9086326280915136,4.073573880684517,0,,0,1
S2_N80,4500384,3.4364241297529317,2.323740087276476,5.081898300161816,6.256839659606083e-10,-1.9805403805269268,0.3570737931528725,3.9466193384414545e-07,80,0.0007240173186532251,0.0029693264582286295,True,0.027179793030861352,0.0306721288932098,True,0.732588020078811,0.8655164033587333,0.0034332545989136237,-0.02499999999999991,0.0015785375584534591,-0.025,6.256839659606083e-10,2.323740087276476,5.081898300161816,0,3.971201547658694,3.1127731938186446e-12,2.695047010111006,5.851638829660801,0,,0,1
S2_N80,4500385,2.9369628128108993,2.0278752401487,4.253590355588937,1.1903227273185783e-08,-1.151522042942447,0.33725329499360795,0.001022551802170664,80,0.0007104106507844694,0.0001349222338090389,True,0.04152329252780685,0.042820600295411786,True,0.0648466455368648,0.12881264795047384,0.05017074027367674,0.09999999999999998,0.05811447001156633,0.1,1.1903227273185783e-08,2.0278752401487,4.253590355588937,0,3.0515357361723696,5.333804966995453e-08,2.041485742686709,4.561320294542986,0,,0,1
S2_N80,4500386,3.0800046139323785,2.1843182280292646,4.342969948295302,1.3960393447787863e-10,-1.0250000000000001,0.3805387148226688,0.008673131462777383,80,1.8762723986133235e-05,0.00017825770624041012,True,0.3129319052719225,0.543525737687355,True,0.6250992428881987,0.5951740659444809,0.010223859333963045,0.0625,0.00649939493794603,0.0625,1.3960393447787863e-10,2.1843182280292646,4.342969948295302,0,3.1885426729560975,7.103007688640111e-09,2.1531632908760794,4.721799048099758,0,,0,1
S2_N80,4500387,2.7780705089585696,1.9351926568969275,3.9880658523790506,3.042892596095578e-08,-0.9287929342492645,0.4225198682661947,0.03093724217943213,80,0.034429921980045505,0.026534116972203536,True,0.5359133510835445,0.9078594291062853,True,0.27859278840858026,0.31686469490520885,0.0017335714276996502,0.025000000000000022,0.00040004955868099993,0.025,3.042892596095578e-08,1.9351926568969275,3.9880658523790506,0,3.383913820053211,1.9976353028242782e-10,2.3243791239422715,4.92642212434167,0,,0,1
S2_N80,4500388,4.995246632890495,3.476924685608067,7.176597476122775,3.300296723106304e-18,-2.085213594524426,0.40989386525723065,2.4951983739602353e-06,80,0.0010623074742015222,0.0018700082806715412,True,0.007174615630057023,0.008957714181067932,True,0.866712086572302,0.992268456496809,0.003615350846418496,-0.025000000000000022,0.0031555361579707042,-0.025,3.300296723106304e-18,3.476924685608067,7.176597476122775,0,6.141020389316431,1.1518520586173764e-17,4.052373262384704,9.306184050727756,0,,0,1
S2_N80,4500389,2.7846330540972906,1.9363084952518577,4.00462078485206,3.304318625423432e-08,-1.2926354380366216,0.42196394104878837,0.0030151626268957094,80,0.00606846987621559,0.005678138618934509,True,0.5765447299726076,0.3827060395136844,True,0.7771938031836163,0.7755161832163158,0.002806712212090024,-0.012500000000000067,0.002311538235551201,-0.0125,3.304318625423432e-08,1.9363084952518577,4.00462078485206,0,2.8809761721336815,3.7688287760591735e-08,1.9761494730578237,4.200099141062886,0,,0,1
S2_N80,4500390,2.5367409029729324,1.778778810532358,3.6176810577645835,2.746036782578952e-07,-1.1967653572677484,0.3335362777487068,0.0005831964492187073,80,0.0010346306985223206,0.000405053598428995,True,0.0007185256800767873,0.0009390903247499207,True,0.9536420565311023,0.8846843132538278,0.029119830458884496,-0.09999999999999998,0.016024904467563248,-0.1,2.746036782578952e-07,1.778778810532358,3.6176810577645835,0,2.9844783489454936,1.459775169098013e-09,2.0941013327315297,4.253428846113217,0,,0,1
S2_N80,4500391,2.939432364789205,2.1415693099363446,4.03454727665437,2.502176905985693e-11,-1.1788748313705462,0.33423338988352513,0.0007117182708258072,80,0.003455261554313963,0.0006669134480046506,True,0.0018427730266905933,0.0003675185897307815,True,0.3604657797772802,0.5108910863900221,0.006963721563713817,-0.025000000000000022,0.0070858952835169565,-0.025,2.502176905985693e-11,2.1415693099363446,4.03454727665437,0,3.165453289107237,5.181659522906542e-10,2.2007984039223936,4.552936110668482,0,,0,1
S2_N80,4500392,2.8599894121519025,1.9462071435607242,4.20281030448585,8.775198665766174e-08,-1.1160585838142383,0.367668214327352,0.0032750137825615713,80,0.0014483369239200361,0.00044865627929519626,True,0.0009590769174064226,0.0031415473105702208,True,0.987441440598104,0.8503041930610047,0.13214388999497395,0.16249999999999998,0.11728669076363472,0.1625,8.775198665766174e-08,1.9462071435607242,4.20281030448585,0,2.976499447495733,8.551226082131759e-08,1.996776678415378,4.436925299014035,0,,0,1
S2_N80,4500393,2.6093749182124113,1.7524543197993223,3.8853152329675122,2.3346376606725042e-06,-1.4186368623148657,0.3142925106306492,2.2544498464266794e-05,80,0.0010359913077506442,0.0009468186385388149,True,0.0015163761817893933,0.010031630426781945,True,0.18794880973042694,0.209765392493371,0.01975627031256657,-0.08749999999999991,0.0190714185322976,-0.0875,2.3346376606725042e-06,1.7524543197993223,3.8853152329675122,0,2.9822023424964166,2.4018868906623534e-06,1.8937908341140366,4.696152632796817,0,,0,1
S2_N80,4500394,2.5670930234457945,1.6848509178438236,3.9113054580861886,1.1436096875700984e-05,-1.2602394399341095,0.34782951310267896,0.0005196804878366084,80,3.708845915580824e-05,2.8746923145884533e-06,True,0.0602636278579202,0.10015763076110763,True,0.3132147369285536,0.27373909660400053,0.0011934127553988394,0.0,0.0010612218584620265,0.0,1.1436096875700984e-05,1.6848509178438236,3.9113054580861886,0,2.734576158288994,3.9596166336451035e-06,1.7835473558796862,4.192715568123685,0,,0,1
S2_N80,4500395,2.6019977790812843,1.7783485416863662,3.807123453945497,8.453495983433277e-07,-1.4668978198056208,0.3568045633023151,9.757123888608369e-05,80,0.0003569165914054313,0.0003142690600145601,True,0.009288091252368649,0.016643426829147847,True,0.7102530215976259,0.7204022673759528,0.09388676740262235,0.13749999999999996,0.09882245512815546,0.1375,8.453495983433277e-07,1.7783485416863662,3.807123453945497,0,3.0100846834777837,2.0909563574182807e-07,1.9855651976696362,4.5632396318899815,0,,0,1
S2_N80,4500396,2.6148617788759028,1.7553120410523957,3.8953200130312053,2.2807367692629486e-06,-1.038540350877192,0.3673517909591864,0.00598265298720044,80,0.0006672239588823415,0.0005876789399859615,True,0.013387609383404313,0.011562313018242372,True,0.09190800833494125,0.2678241844547906,0.007078347059543526,-0.025000000000000022,0.004541953150116096,-0.025,2.2807367692629486e-06,1.7553120410523957,3.8953200130312053,0,2.708023286439789,7.862640865771674e-06,1.7494433973000254,4.191841891665671,0,,0,1
S2_N80,4500397,2.9639126267752247,1.8921403950577471,4.642772852428589,2.0860382701284074e-06,-1.3234028540065865,0.40202612167767404,0.0015041450899178738,80,0.0005127991385001417,5.522573837234348e-05,True,0.7606343198793938,0.4070194395852196,True,0.6245904130177649,0.9729897337746469,0.007660965637269668,-0.050000000000000044,0.004781774238478969,-0.05,2.0860382701284074e-06,1.8921403950577471,4.642772852428589,0,3.207725205777059,1.36006060570144e-06,1.999034690659882,5.147234834819654,0,,0,1
S2_N80,4500398,3.1565031669941996,2.1792521248549868,4.571986935154376,1.1943101528107076e-09,-1.25,0.35769957587207524,0.0007908302590044281,80,0.004217724998810259,0.002008103557636666,True,0.013942171501203686,0.018873258102601747,True,0.4126781725186417,0.6601158185887867,0.004944127867071589,0.025000000000000022,0.008046529668204358,0.025,1.1943101528107076e-09,2.1792521248549868,4.571986935154376,0,3.363158200004221,3.7892731500190105e-09,2.2467748386880877,5.034253047296956,0,,0,1
S2_N80,4500399,2.223739163458445,1.5896009717076047,3.110853575905126,3.0723261421790674e-06,-1.0889749514257194,0.3488414606340941,0.0025323876592984323,80,0.0038603566340652895,0.003161635228287393,True,0.005461035856763961,0.009216230990192463,True,0.4169438161667516,0.48675793495222663,0.037991917184092,0.11250000000000004,0.033001605398490653,0.1125,3.0723261421790674e-06,1.5896009717076047,3.110853575905126,0,2.2935404051865884,3.3724341226393744e-06,1.616020121097267,3.2551126817973848,0,,0,1
S2_N80,4500400,2.9597032526408955,2.0146067729649895,4.3481653398796185,3.2243050854244184e-08,-1.1650940881710117,0.3545918636578459,0.001532961056424227,80,0.0003018222918512746,1.795750617048043e-05,True,0.006376698674225509,0.013751856202290209,True,0.6811781792325198,0.6288018114201097,0.0018687029302820238,-0.012500000000000067,0.004641125131676318,-0.0125,3.2243050854244184e-08,2.0146067729649895,4.3481653398796185,0,3.259119050422699,4.00924305943191e-09,2.198774805735395,4.830807119092673,0,,0,1
S2_N80,4500401,3.35701727432076,,,,-1.8132590481126374,0.34686644781259995,1.4303462619195634e-06,80,0.00017206118250400623,0.00014051874312845524,True,0.9665872146209749,0.9653489715533249,True,0.030605871405385027,0.059152658812452144,0.033269071223927194,-0.08749999999999991,0.03826296255122765,-0.0875,2.2375675372608212e-08,2.2781301860660954,4.9468485379004665,1,3.9114553787209805,2.0106537668915474e-09,2.619987642406513,5.839524939771241,1,0.0,0,1
S2_N80,4500402,2.6646849062221163,1.7786446020500588,3.992110420071502,2.0138485775501738e-06,-1.7563512337534744,0.36465941383368605,7.164018403433053e-06,80,0.0026548117824061637,0.002434239320555162,True,0.0027240728959852007,0.0019552469542738187,True,0.7337994968661201,0.9498754693034235,0.004283220513580614,-0.012500000000000067,0.002311538235551201,-0.0125,2.0138485775501738e-06,1.7786446020500588,3.992110420071502,0,2.8665129304480663,9.996229546971267e-07,1.8797746032193339,4.37121363718478,0,,0,1
S2_N80,4500403,3.460028766849893,2.4742386233206113,4.838579009554765,4.0222866752205173e-13,-1.7899562234858741,0.34758307148030126,1.948913689496784e-06,80,6.996794676459915e-05,8.152787665714444e-06,True,0.02643158022609433,0.04025696876596856,True,0.4952425301577458,0.22829743562330496,0.07680662690580915,-0.125,0.05746393724417038,-0.125,4.0222866752205173e-13,2.4742386233206113,4.838579009554765,0,3.6895200676786923,3.02837101150474e-13,2.5977762233818926,5.240081192244646,0,,0,1
S2_N80,4500404,2.107867405756056,1.4751705723078758,3.0119262705312875,4.222637431315238e-05,-1.1345321161642619,0.3457497336575821,0.0015538959143883329,80,0.0443551200326179,0.014505460259043809,True,0.003007947084006581,0.005183882168485931,True,0.9036796748513262,0.594888880628085,0.0007718549295704265,0.0,0.0013519667535902289,0.0,4.222637431315238e-05,1.4751705723078758,3.0119262705312875,0,2.111460281952679,0.00010613696634616514,1.446961846739903,3.081120993140517,0,,0,1
S2_N80,4500405,3.5933421146660183,2.438361534469437,5.295403233073883,1.0110742741899416e-10,-1.3133295838020238,0.3809685005744087,0.0009204854350205681,80,0.0069070952482367665,0.020097646737435016,True,0.001414912360627578,0.00048068671919342565,True,0.054852841759166916,0.06030173941652941,0.002983654353002098,0.0,0.0024895756218711994,0.0,1.0110742741899416e-10,2.438361534469437,5.295403233073883,0,3.721962726029147,6.090060557672385e-11,2.510484813195135,5.518060281081475,0,,0,1
S2_N80,4500406,2.591408357503029,1.8016885271885505,3.7272798122412447,2.8286631054331414e-07,-1.2567089070305832,0.3629103025941861,0.0008757942136596859,80,0.0009504762787742353,0.00022951521557087418,True,0.030664371666257857,0.029985309710510208,True,0.8785487978968987,0.71359177502473,0.056035807871477106,-0.11250000000000004,0.0527857337822762,-0.1125,2.8286631054331414e-07,1.8016885271885505,3.7272798122412447,0,2.726048266470253,5.155504041549753e-07,1.8429026292593846,4.032410086750994,0,,0,1
S2_N80,4500407,2.5603234844053597,1.702049845991283,3.8513891706736625,6.394007321679275e-06,-1.056888155827835,0.36699962996559043,0.005150520955659262,80,3.138278738421845e-05,2.749587919537834e-06,True,0.01411871599064527,0.015237017240456908,True,0.9758792922654826,0.8619323682153334,0.001750781311410474,0.0,0.001686525290093039,0.0,6.394007321679275e-06,1.702049845991283,3.8513891706736625,0,2.702895890251245,6.0367334730464216e-06,1.757075085748895,4.157845189878883,0,,0,1
S2_N80,4500408,3.049335645738367,2.148464627075077,4.3279501850721855,4.363917038465385e-10,-1.5643507052869612,0.4022338628346675,0.0002119948726625939,80,0.059215361386578305,0.09430821097721447,True,0.04026796797678965,0.04098684730244498,True,0.43607367615524617,0.3102596940277287,0.001997088941713639,-0.012499999999999956,0.004641125131676318,-0.0125,4.363917038465385e-10,2.148464627075077,4.3279501850721855,0,3.030173859879899,1.0022869950337767e-08,2.0739100405303907,4.4273635025901195,0,,0,1
S2_N80,4500409,2.5211707167519366,1.7968169518285595,3.5375344030113256,8.746189850870997e-08,-1.4249999999999994,0.38352479355792823,0.00038223239012106065,80,0.22450650108085957,0.2026211987872053,True,0.03159363882132828,0.04548363761528817,True,0.7551284642112126,0.8847323889673603,0.029768740254472615,0.09999999999999998,0.02834550338924414,0.1,8.746189850870997e-08,1.7968169518285595,3.5375344030113256,0,2.626630133091157,1.6331446926207407e-07,1.829927630894088,3.7701960118999795,0,,0,1
S2_N80,4500410,3.0015669489084904,2.0454422781003934,4.404624000021589,1.942143355117691e-08,-1.0087428415598576,0.4398746875373515,0.024562881272512722,80,0.004023602217028986,0.0033238751158306697,True,0.48924292450058526,0.5788290983913318,True,0.6609546887573516,0.5881294789010711,0.0202784887941602,-0.06250000000000006,0.014231639434400988,-0.0625,1.942143355117691e-08,2.0454422781003934,4.404624000021589,0,3.252461375630345,2.992253618998972e-08,2.14319360952488,4.935860648778419,0,,0,1
S2_N80,4500411,2.5244102171877145,1.7717451241335747,3.596819236490407,2.954320518387642e-07,-1.2762025512067645,0.36234627884842824,0.0007234773889527769,80,5.312219206005323e-05,6.32608321970046e-06,True,0.39826167129524626,0.7723872052550491,False,0.02107891146260871,0.02565606106728266,0.008172068951531232,-0.03749999999999998,0.014469734630363662,-0.0375,2.954320518387642e-07,1.7717451241335747,3.596819236490407,0,2.586810857958782,2.590943456069755e-06,1.7404715059456488,3.84469977933808,0,,0,1
S2_N80,4500412,3.0274158774771487,2.1405313078450634,4.28176259866419,3.778631167363383e-10,-1.7800976993381668,0.3457831262589889,1.9621192078242386e-06,80,0.00022373035478401957,7.1720343303052376e-06,True,0.13890162708389375,0.06121643891779987,True,0.23553719237919013,0.4275229037993642,0.00827769903958559,-0.050000000000000044,0.006940622567554772,-0.05,3.778631167363383e-10,2.1405313078450634,4.28176259866419,0,3.1886185370196496,7.10464149280231e-10,2.2052892681705027,4.610410217549403,0,,0,1
S2_N80,4500413,3.3467153126490343,2.355039025530756,4.7559735794166995,1.614826460652826e-11,-0.712054266634993,0.3545690285619498,0.04812641304812351,80,0.0004705578465709,0.0001567972617614689,True,0.12113125446697405,0.11390081586995389,True,0.8253460123299384,0.52930732421293,0.011940695308397774,-0.0625,0.007850209326669187,-0.0625,1.614826460652826e-11,2.355039025530756,4.7559735794166995,0,3.5729956853013043,1.823654847388396e-10,2.4155642925279857,5.2850169240667535,0,,0,1
S2_N80,4500414,2.9864710717639533,,,,-2.2245305582413093,0.3229283673325203,1.349950627713209e-09,80,0.022689358642476645,0.021478886248684013,True,0.006964790119993911,0.008700544865869183,True,0.3967154453609455,0.735290926718183,0.37771022955971767,-0.22499999999999998,0.3717336016488498,-0.225,1.9410793550342476e-08,2.107914249567701,4.231201276006402,1,3.4570395041522177,9.077256274831539e-08,2.272853306281193,5.258202146280726,1,0.0,0,1
S2_N80,4500415,2.028091124860194,1.4619401955088847,2.8134896511994087,2.2968591587394575e-05,-1.1404053890035206,0.34983602578996925,0.0016611970782543126,80,0.0006393049330843478,4.2731061161709054e-05,True,0.4273021152208023,0.5992361516927047,True,0.2659534093128423,0.20191760481303833,0.04986991908174257,-0.11250000000000004,0.025263557224605483,-0.1125,2.2968591587394575e-05,1.4619401955088847,2.8134896511994087,0,2.0970630205005247,3.2531487729822896e-05,1.4787771646081262,2.973858007278711,0,,0,1
S2_N80,4500416,2.2412170967993967,1.579323808208334,3.1805093096673605,6.215115634688275e-06,-1.9782095802267383,0.28740225606181347,1.382909069272212e-09,80,0.00017328408203972693,3.909627045643536e-05,True,0.022014051358855223,0.05551694112477906,True,0.3641747577479374,0.4685172240695137,0.006974937834842182,0.025000000000000022,0.0031555361579707042,0.025,6.215115634688275e-06,1.579323808208334,3.1805093096673605,0,2.450996506661375,4.683624330434028e-06,1.6698299318259264,3.5976022235374034,0,,0,1
S2_N80,4500417,3.4999478552181595,2.408043947521613,5.086964879463128,5.159665982513551e-11,-0.9930669541145036,0.3653146997780415,0.008101529820041609,80,8.399021031691331e-05,0.00011653567571044945,True,0.15719029110832308,0.12026903549217395,True,0.340552625025509,0.2851853321930242,0.04336515956750081,0.11250000000000004,0.040918046447973436,0.1125,5.159665982513551e-11,2.408043947521613,5.086964879463128,0,3.9714414368684055,1.0438260897271888e-10,2.613607297825091,6.034704257062765,0,,0,1
S2_N80,4500418,2.697171565063322,1.8471228364643915,3.938414006786262,2.793689619562934e-07,-1.5735733035831463,0.3535817577525573,2.852618360653104e-05,80,0.015443986034151725,0.052612081238966366,True,0.10661166654211289,0.03192393622187579,True,0.6192777786173235,0.4886028100724432,0.004219217549826933,0.012499999999999956,0.0033695911756032007,0.0125,2.793689619562934e-07,1.8471228364643915,3.938414006786262,0,2.819747427946725,1.512143579864276e-07,1.9150019307168424,4.151941274772441,0,,0,1
S2_N80,4500419,3.4941173132774743,2.4244059012616783,5.0358134306601965,1.960650146778081e-11,-1.0917541469669065,0.3679834870064917,0.004006209740759384,80,0.0006020476827334601,8.156265680858398e-05,True,0.005346527443918702,0.014433224461516785,True,0.23625560365243392,0.18380540514912813,0.02144366695545184,0.07499999999999996,0.023135559400515787,0.075,1.960650146778081e-11,2.4244059012616783,5.0358134306601965,0,3.8956419540848346,4.2969962674333034e-11,2.6003041853778175,5.836250358617512,0,,0,1
S2_N80,4500420,2.4578802042627603,1.6662349674240913,3.6256441718097396,5.7820552383300884e-06,-2.3930657205286487,0.3725016886967095,1.0003429039843973e-08,80,1.2483304686294299e-05,7.677589133413872e-07,True,0.33091817743437757,0.3000662180815852,True,0.17191636106603225,0.2157699126739644,0.0035345626575193664,-0.012499999999999956,0.002311538235551201,-0.0125,5.7820552383300884e-06,1.6662349674240913,3.6256441718097396,0,2.4855992909523303,4.697134672787765e-06,1.6831857216420567,3.670541970351013,0,,0,1
S2_N80,4500421,2.7650698754947958,1.8619656496661563,4.106204331825152,4.6289797476367697e-07,-0.2982988217657125,0.41514091524914093,0.47459404536208644,80,0.03815126906743957,0.013613181327266377,True,0.15844718611150665,0.2468738062387027,True,0.3330773373427931,0.3949679301879436,0.009480910230421526,-0.0625,0.009308378130619379,-0.0625,4.6289797476367697e-07,1.8619656496661563,4.106204331825152,0,3.1626476242650057,2.4517103018515585e-08,2.1101044817308203,4.740210772437502,0,,0,1
S2_N80,4500422,2.65327502037751,1.8792115800683025,3.7461818607479023,2.9484758398534972e-08,-2.210873050575718,0.36443307864193986,4.56500756183353e-08,80,0.0005865420578566492,0.0009086547465685206,True,0.0020368526660844034,0.0022662588018044915,True,0.2467689424709535,0.3813512389134597,0.008294711781560065,-0.050000000000000044,0.018574994842816474,-0.05,2.9484758398534972e-08,1.8792115800683025,3.7461818607479023,0,2.959616295930769,1.606249478858536e-08,2.0312347156269084,4.312317307178129,0,,0,1
S2_N80,4500423,2.2936264991833175,1.6409452715786876,3.2059097941120185,1.1808698251883256e-06,-0.7871644886141328,0.3732488149349899,0.0381994502319297,80,0.0044525387429940645,0.0043197110722291935,True,0.04762126802948753,0.0377869389223334,True,0.8374152018525364,0.501103864728841,0.0937764826574799,0.13749999999999996,0.07323490789765716,0.1375,1.1808698251883256e-06,1.6409452715786876,3.2059097941120185,0,2.310214360946803,2.286321131462107e-06,1.6324828674640923,3.269308670795125,0,,0,1
S2_N80,4500424,2.9316613711751516,1.9924081448727924,4.31369366630917,4.811092565606677e-08,-1.5592760247714526,0.3971773298942515,0.0001867665225603413,80,0.1649060597625991,0.08266637441793369,True,0.005328848390408286,0.0038888827923057104,True,0.9108339280233848,0.9922746061101101,0.014279795055876824,0.0625,0.016024904467563248,0.0625,4.811092565606677e-08,1.9924081448727924,4.31369366630917,0,3.426056878484578,9.790336240121485e-11,2.3593508340696214,4.975040407350084,0,,0,1
S2_N80,4500425,2.9697840985648885,2.0077594720548886,4.392766023443148,5.0450132295044254e-08,-1.0629932041789214,0.35026187144311555,0.003281333009692099,80,0.009427027533529801,0.0028366424055141686,True,0.11814456969360278,0.07175746814346472,True,0.8375015390621539,0.8203033264203634,0.11260706537971643,-0.15000000000000002,0.08654160836974607,-0.15,5.0450132295044254e-08,2.0077594720548886,4.392766023443148,0,3.0127315520520876,2.2496846159132205e-07,1.984473867899444,4.573782276275408,0,,0,1
S2_N80,4500426,2.8713256058092385,2.077337990237262,3.968786385904466,1.6940167694628616e-10,-1.8485823910497028,0.36883853505643216,3.354318508958719e-06,80,0.0007123339696002111,0.0001723251687162651,True,0.3345841305527466,0.27973650778885617,True,0.7446926146004874,0.670362043912557,0.4999999999999997,0.24999999999999994,0.5,0.25,1.6940167694628616e-10,2.077337990237262,3.968786385904466,0,2.936550855189642,8.664126055531463e-09,2.0347331372415205,4.238064819058107,0,,0,1
S2_N80,4500427,2.1840016441842,1.5556696889462713,3.0661156514723524,6.392080195137052e-06,-1.4739736775499854,0.3213329805510511,1.713533890097887e-05,80,0.0002476249753592848,8.545326667347442e-05,True,0.04765051794202047,0.010754259248541127,True,0.463322248509375,0.42398742062645867,0.133984026374524,-0.16249999999999998,0.07775699612988872,-0.1625,6.392080195137052e-06,1.5556696889462713,3.0661156514723524,0,2.2678210848296323,0.00023054774272323396,1.4867291506310134,3.459280038072164,1,0.0,0,1
S2_N80,4500428,2.637635859443381,1.892982103841494,3.6752185416350702,1.0020739531383162e-08,-1.790291250304656,0.3458840449232522,1.7560751330548571e-06,80,0.012490017110877738,0.008518034861214592,True,0.0013418661512319087,0.0007603808120868746,True,0.009499890387333716,0.010582636742438188,0.0014245768025253952,-0.012500000000000067,0.0014728106816559905,-0.0125,1.0020739531383162e-08,1.892982103841494,3.6752185416350702,0,2.7284550685280617,5.3623914063343536e-08,1.900327187156688,3.9174659560152105,0,,0,1
S2_N80,4500429,3.0527877476811662,2.120202738036495,4.39557635937353,1.967611681135839e-09,-1.7171639592626873,0.39884474943068104,4.856914571117737e-05,80,0.0016254297146092505,0.0017578686420529992,True,0.12151344817473492,0.12986489349749886,True,0.27466332308175223,0.24801040112429573,0.01501435604395426,0.07499999999999996,0.005704497466673941,0.075,1.967611681135839e-09,2.120202738036495,4.39557635937353,0,3.126545067286065,1.1354316170997453e-08,2.1140137730208592,4.624039910488497,0,,0,1
S2_N80,4500430,3.03987362095825,2.1357276640363807,4.326783693915955,6.700913827417273e-10,-1.730649499284691,0.35842719610060964,6.8396628465212345e-06,80,0.001220921607004759,0.00012137137136678287,True,0.006350121526870062,0.0032077604792369522,True,0.6666991281380521,0.6842594701923121,0.0031169202780927385,-0.012499999999999956,0.0014728106816559935,-0.0125,6.700913827417273e-10,2.1357276640363807,4.326783693915955,0,3.322365428539771,7.750931236957329e-11,2.313893189599743,4.7703636841878705,0,,0,1
S2_N80,4500431,2.844702813525388,2.005231016995865,4.035611871495375,4.6427891781239386e-09,-1.686640237377177,0.3954912613904203,5.6292640367463045e-05,80,0.0005089677678530619,0.0005834331094441693,True,0.35640282907930665,0.2794670718982014,True,0.28125194182116875,0.3918085216836005,0.04353295469879718,0.09999999999999998,0.048246026765928075,0.1,4.6427891781239386e-09,2.005231016995865,4.035611871495375,0,2.9062667215677607,6.27103747518831e-09,2.0277541728678465,4.165389656156654,0,,0,1
S2_N80,4500432,3.013803487873199,2.0838934782858463,4.358673587763274,4.6208445772363665e-09,-1.757643465680757,0.3516168952993227,3.5315649551077136e-06,80,0.030342482833859315,0.00951414566264426,True,0.024479359961782136,0.018666418525236164,True,0.16442623347599494,0.18532420552782336,0.003174671781701925,-0.025000000000000022,0.0025617847204274066,-0.025,4.6208445772363665e-09,2.0838934782858463,4.358673587763274,0,3.38857099332,9.204487534115606e-08,2.1654421743604666,5.302572154881422,0,,0,1
S2_N80,4500433,2.615025510478699,1.8237831834562432,3.7495457149106057,1.7110768116357787e-07,-1.2898358198787379,0.3769085538583737,0.000997669193780187,80,0.058345302336857544,0.08707084835485043,True,0.001720681267850234,0.004151964273154605,True,0.25647771378139383,0.15949371846813198,0.01660636321018002,-0.0625,0.005265277941240246,-0.0625,1.7110768116357787e-07,1.8237831834562432,3.7495457149106057,0,2.7987100896742088,9.57484001580748e-07,1.8543198008001238,4.224070822446288,0,,0,1
S2_N80,4500434,2.1643778590482645,1.5087274254666243,3.1049554993603317,2.7448363745153784e-05,-0.6225988127522368,0.3858493302349057,0.11070959284396195,80,6.723891593592637e-05,5.496882551806187e-05,True,0.09668326615506309,0.07524584868099277,True,0.5655254681950896,0.42826631690621,0.03582695273293896,0.11249999999999999,0.0527857337822762,0.1125,2.7448363745153784e-05,1.5087274254666243,3.1049554993603317,0,2.259918631412833,2.0890467806556057e-05,1.552366793234758,3.289964873549383,0,,0,1
S2_N80,4500435,2.8578010952511885,1.910581948793686,4.274628002832035,3.1983292178595344e-07,-0.36906052393857325,0.3963145547172733,0.3546445182578917,80,0.00205379147545131,0.006439667927767777,True,0.006510563968199734,0.0016443934019173174,True,0.409329601515278,0.4571927436740435,0.03362858068562456,0.09999999999999998,0.0106648039276978,0.1,3.1983292178595344e-07,1.910581948793686,4.274628002832035,0,2.746115136555799,3.88485769771219e-06,1.7885300439628342,4.216394557461279,0,,0,1
S2_N80,4500436,2.5824849562971584,,,,-1.8065044814340592,0.3986934554326214,2.1134303972794165e-05,80,0.0012311411162560814,0.0002052536157204639,True,0.12194710423716752,0.14022101679287904,True,0.392906443506444,0.264348781764672,0.000650831155290356,0.0,0.0008130221139116,0.0,0.00013235308312066,1.6143328316109862,4.131259935316891,1,2.9081585448903464,0.00033898747691799843,1.6494134079108547,5.127511442344133,1,0.0,0,1
S2_N80,4500437,3.033985872638796,2.1787116547309884,4.225006211989246,5.061558220243862e-11,-1.9772914241365926,0.338663181285032,1.1852892547100814e-07,80,0.0028745551565905253,0.0006021559973891274,True,0.06427049377418642,0.17056683116350446,True,0.666490836730832,0.6289823747453598,0.002262567174374833,-0.012499999999999956,0.004641125131676318,-0.0125,5.061558220243862e-11,2.1787116547309884,4.225006211989246,0,3.440970874461818,7.671490725608854e-10,2.321070144035068,5.101216173635655,0,,0,1
S2_N80,4500438,3.2444031797434136,2.284603242183155,4.607431084038223,4.806560736171533e-11,-1.2830394626364399,0.35372388338983934,0.0005127245810766354,80,0.0017212496933582116,0.0022762225898512634,True,0.04257203056395342,0.02027082289665723,True,0.8610976092666688,0.7570092181235232,0.025956895572708173,0.08750000000000002,0.024325307313285062,0.0875,4.806560736171533e-11,2.284603242183155,4.607431084038223,0,3.200678667705017,2.056110179162904e-09,2.187838011190549,4.682405133059796,0,,0,1
S2_N80,4500439,2.6721280097499887,1.89001848892187,3.7778826727581287,2.651903282701744e-08,-1.6861160930338492,0.38315041594734506,3.4269992112690185e-05,80,0.00013866691623790243,0.0005658251310363606,True,0.08681156734537698,0.055974381444850244,True,0.6572609617029503,0.5555468880171925,0.0037294482379253073,-0.03749999999999998,0.0035062293183899247,-0.0375,2.651903282701744e-08,1.89001848892187,3.7778826727581287,0,3.231905098430676,1.004089133683129e-10,2.264854310148947,4.611868639168791,0,,0,1
S2_N80,4500440,2.2418537998131893,1.529702551079717,3.2855462365473436,3.4788607143221366e-05,-1.2681798351914688,0.37898855280028493,0.0012687950615182042,80,0.04292917575683662,0.0714091807820835,True,0.8622373274453023,0.6820992153084654,True,0.1488348334733623,0.19723652114712598,0.006344537397595529,0.03749999999999998,0.010544670447835525,0.0375,3.4788607143221366e-05,1.529702551079717,3.2855462365473436,0,2.4058342937916306,2.205199065772248e-05,1.6037970887997768,3.608959443563669,0,,0,1
S2_N80,4500441,2.5286725347573813,1.8054733328469759,3.541555929797975,6.759504702632822e-08,-1.3571333938980992,0.3711122203189428,0.00046471027843300003,80,0.008100570903962939,0.027812489967093137,True,0.015035224022333546,0.02371971981518123,True,0.6678715183229604,0.9807134830989278,0.040285780262238384,0.09999999999999998,0.038243236555329324,0.1,6.759504702632822e-08,1.8054733328469759,3.541555929797975,0,2.976187473490718,2.240017822481794e-09,2.081614350189775,4.255203119903326,0,,0,1
S2_N80,4500442,2.6848944194492725,1.8515533809063383,3.893302843940257,1.8988456969863374e-07,-1.482794629191596,0.32338129890858563,1.7250144469250516e-05,80,0.0005636873591755749,2.1659470224016213e-05,True,0.004793508511521793,0.008192168269026918,True,0.6942578226873746,0.49240511909381546,0.0022097137805297587,-0.02499999999999991,0.0031555361579707042,-0.025,1.8988456969863374e-07,1.8515533809063383,3.893302843940257,0,2.8685169738952494,6.249670931853746e-08,1.9583981095486243,4.201591897687062,0,,0,1
S2_N80,4500443,3.1609968023392088,,,,-1.608167639659004,0.3372058200379593,8.59038849506682e-06,80,9.411520150050754e-05,9.928076474437753e-06,True,0.007765998560850434,0.02690127154319972,True,0.8315192560735025,0.7940934456799177,0.011743904929026673,0.050000000000000044,0.013759933895470105,0.05,3.59677613192344e-08,2.1721852611009864,4.599930292931941,1,3.185674843587859,6.55145984300899e-07,2.079954816453468,4.879204167700519,1,0.0,0,1
S2_N80,4500444,4.1933913104282485,3.0136412451223027,5.8349781052527065,1.8202445227491044e-17,-1.902856220751974,0.35586368237638105,8.857986534787637e-07,80,1.328296717871347e-05,3.1766276281176606e-07,True,0.6476350804822139,0.6060771375380822,True,0.7708890143374276,0.5751937835868861,0.017613135921258023,-0.08750000000000002,0.0190714185322976,-0.0875,1.8202445227491044e-17,3.0136412451223027,5.8349781052527065,0,4.574808652232046,2.0009800688612797e-15,3.1433180235033533,6.658210861276814,0,,0,1
S2_N80,4500445,2.626033233649536,1.9046228447568263,3.6206908696993465,3.8269318804444634e-09,-1.1410816301276614,0.34234752746822905,0.0013221381489936044,80,0.00013785499480576633,8.989196670549466e-05,True,0.021918889283224875,0.06137061761409334,True,0.9073104466125921,0.8732175399559663,0.0010086570753761565,0.0,0.0010612218584620265,0.0,3.8269318804444634e-09,1.9046228447568263,3.6206908696993465,0,2.7054458088457807,2.0815458635709065e-08,1.9102720773393007,3.83162017150771,0,,0,1
S2_N80,4500446,2.8854246774297247,2.0654193451970997,4.0309855664327205,5.23080224558307e-10,-1.6180879596716866,0.3557213025311868,1.9781997724572867e-05,80,3.457151282640548e-05,1.113918538554408e-06,True,0.01544713036788464,0.004075514264848673,True,0.0618739643175259,0.07883847974964357,0.005066602073923991,0.012499999999999956,0.003979313363321376,0.0125,5.23080224558307e-10,2.0654193451970997,4.0309855664327205,0,2.894796466158828,3.915856454361119e-09,2.0321214102446454,4.1236938591561785,0,,0,1
S2_N80,4500447,2.6081766717786117,1.7747437276933882,3.8329959672833387,1.0588360658113949e-06,-1.7167445949998634,0.3497569681901129,5.0216062714130725e-06,80,0.07064972028197467,0.09324537840913458,True,0.050647715083839424,0.09212040474689341,True,0.06950680543098366,0.09133372015964185,0.0061413516469899865,0.03749999999999998,0.010544670447835525,0.0375,1.0588360658113949e-06,1.7747437276933882,3.8329959672833387,0,3.0204500592243733,1.3592834705821397e-07,2.002400673115347,4.556090438221196,0,,0,1
S2_N80,4500448,3.0820499566536887,2.1670976040613783,4.3832967733002794,3.758684124280387e-10,-1.447710145920396,0.3571317346400244,0.00011955793929189559,80,0.009607535296640192,0.009388837483403798,True,0.09110628885868438,0.11608561814679483,True,0.6160635571180209,0.5718037258737929,0.009669463266321465,0.04999999999999993,0.006940622567554772,0.05,3.758684124280387e-10,2.1670976040613783,4.3832967733002794,0,3.40165812921931,7.98636663736481e-09,2.244118339672138,5.15626908952331,0,,0,1
S2_N80,4500449,2.7021838392392614,1.9072977264533377,3.8283469852521073,2.236483525917323e-08,-1.8417692232915326,0.36726617834696323,3.316352891197228e-06,80,0.0003075446691701919,0.00016689781694050404,True,0.009832580254827356,0.017203209298682045,True,0.4853314125015191,0.5329457993660772,0.030343292557904862,0.09999999999999998,0.02199189345838609,0.1,2.236483525917323e-08,1.9072977264533377,3.8283469852521073,0,2.8472264217538474,7.039042784527959e-09,1.9980026362170813,4.0574012014729055,0,,0,1
S2_N80,4500450,2.0177224115438483,1.4328255601284248,2.8413812841818786,5.841178804923461e-05,-1.5852617854586342,0.41435108954386723,0.00026326581175987676,80,0.00030999340473149436,0.00020433352447291774,True,0.03522734801122496,0.05668028529255728,True,0.04662558946851295,0.03391899947419492,0.0032452719953396966,0.012499999999999956,0.0033695911756032007,0.0125,5.841178804923461e-05,1.4328255601284248,2.8413812841818786,0,2.0877246842148613,8.385576303238924e-05,1.446678708398153,3.0128281641098678,0,,0,1
S2_N80,4500451,2.8301017250131077,1.86766157646202,4.288504874151136,9.304758359721712e-07,-1.6857521697203495,0.4030919140254264,7.579411525799477e-05,80,0.0031526059508071237,0.0032227270207057343,True,0.014110003538012766,0.010595416658026437,True,0.26724792008535525,0.33861806654010507,0.006491898871787235,0.050000000000000044,0.004781774238478965,0.05,9.304758359721712e-07,1.86766157646202,4.288504874151136,0,3.4324242578016455,6.736967439401413e-09,2.2621712018328033,5.208065718456595,0,,0,1
S2_N80,4500452,2.9760144334813305,1.9493378062205768,4.543420786292918,4.3704477951160226e-07,-1.1371504996467117,0.3715368857353667,0.003039579923829741,80,0.004603843822709969,0.0029473063354521515,True,0.06640748016758367,0.07450485256921739,True,0.8706962888651836,1.0,0.002098080589313878,0.0,0.0020656386384944807,0.0,4.3704477951160226e-07,1.9493378062205768,4.543420786292918,0,3.325026356011698,1.108959273716191e-07,2.1336347232114203,5.18167432686505,0,,0,1
S2_N80,4500453,2.8109945281516135,2.0054348401292135,3.94013810829635,1.986412663821437e-09,-1.3966086751270448,0.37459226286187325,0.00036616370184004205,80,0.0029429867835447585,0.0021790043056712123,True,0.04924910086417218,0.05275122442578252,True,0.390780307857548,0.6494705033017919,0.06022436571514787,-0.125,0.04798022724766801,-0.125,1.986412663821437e-09,2.0054348401292135,3.94013810829635,0,2.972875642892502,1.6366605279611267e-09,2.086339096894403,4.2361232655128775,0,,0,1
S2_N80,4500454,2.4418759579747706,1.6810354141922057,3.5470747039559005,2.777192461976007e-06,-0.8923656480505795,0.3493199301468961,0.012604671005922689,80,0.002427142050204212,0.0014144015015101835,True,0.017125313610697107,0.016403862255065283,True,0.489372728227531,0.5846797805814126,0.5609427636117854,0.26249999999999996,0.5710952112867563,0.2625,2.777192461976007e-06,1.6810354141922057,3.5470747039559005,0,2.630063266129848,8.993351077128726e-07,1.7881725105696027,3.8683251995872565,0,,0,1
S2_N80,4500455,2.785109399709153,2.035709571831777,3.81038360072577,1.504783387057069e-10,-1.3688200569239968,0.4263283427987747,0.0019323734629981028,80,0.00028304892741161527,8.665807947847608e-06,True,0.006337326333458669,0.0013594272792683778,True,0.2121390149075334,0.21975418365140809,0.0031333278073332046,0.012499999999999956,0.002813335718335148,0.0125,1.504783387057069e-10,2.035709571831777,3.81038360072577,0,3.2789177011110473,4.820570973371937e-10,2.2560391138561684,4.765565111272621,0,,0,1
S2_N80,4500456,1.8555044125723692,1.2897977344139797,2.669330650235492,0.0008638430540784247,-1.390951894712958,0.3382383907400012,9.71794819999114e-05,80,0.011830148004735686,0.0012249952056490154,True,0.006193012869061376,0.004158173048830697,True,0.5304655011087136,0.48695336861550387,0.0017159238381175537,0.0,0.0034709861997839976,0.0,0.0008638430540784247,1.2897977344139797,2.669330650235492,0,1.9848686863214713,0.00015929366855345955,1.3905811347301236,2.8331347258670516,0,,0,1
S2_N80,4500457,2.4064369660321008,1.669739013923479,3.468170069212487,2.4862733704676024e-06,-0.7658308412946251,0.37212142399325265,0.04297284731200009,80,7.200330066207375e-06,3.599379750719514e-07,True,0.023160872133804612,0.007770411001979769,True,0.25380879934697653,0.3846453894870374,0.010933322804736727,-0.0625,0.014231639434400988,-0.0625,2.4862733704676024e-06,1.669739013923479,3.468170069212487,0,2.489433686440389,8.511432275149251e-06,1.6661569212587977,3.7195056480646973,0,,0,1
S2_N80,4500458,3.8417323754095865,2.561349875475401,5.762159939797701,7.65466485122305e-11,-1.064440278521692,0.3672017207135756,0.004877939273617991,80,0.06357474930613213,0.062152836485725206,True,0.1057444108052877,0.09139807258158326,True,0.28151116623104155,0.4622585339851546,0.005337589848429502,-0.025000000000000022,0.004541953150116096,-0.025,7.65466485122305e-11,2.561349875475401,5.762159939797701,0,3.7184691435043398,1.11572682141845e-10,2.4949250929672373,5.542055274593157,0,,0,1
S2_N80,4500459,3.2103242892587036,2.1374554850842262,4.821706049142953,1.907426633843941e-08,-1.930137674539998,0.3619168335059638,9.37309516836065e-07,80,0.05034825780012318,0.07602415503106301,True,0.024015764000874996,0.028526006596487668,True,0.463117633656707,0.6290087271719004,0.00817217341013617,-0.03749999999999998,0.007111770804383594,-0.0375,1.907426633843941e-08,2.1374554850842262,4.821706049142953,0,3.5536296721340057,2.9084991607477223e-10,2.3958098857251056,5.270987452683133,0,,0,1
S2_N80,4500460,3.022446944545051,2.094711039544015,4.361071937911923,3.368078684261946e-09,-1.5050347739692014,0.3423642036042581,3.4862268726038274e-05,80,0.00011401293938841229,7.528766078335401e-06,True,0.018893727184066036,0.0073415975374265165,True,0.3330216350802465,0.29401140146457694,0.0026769190093213404,0.012500000000000067,0.0014728106816559905,0.0125,3.368078684261946e-09,2.094711039544015,4.361071937911923,0,3.341666099811132,2.7881861564238137e-08,2.183074588735581,5.115140078239205,0,,0,1
S2_N80,4500461,4.231435459777189,2.696033338081204,6.6412554315826835,3.5560767133774646e-10,-1.1618728065511013,0.3963225913436877,0.004437495734274507,80,0.0007304409564365508,6.350573074785144e-05,True,0.07928286848456391,0.03476646925677786,True,0.6554236111134903,0.6082411900310746,0.003423656412716126,-0.012499999999999956,0.0033695911756032038,-0.0125,3.5560767133774646e-10,2.696033338081204,6.6412554315826835,0,4.390756799346117,1.2144084919186213e-10,2.798415473546073,6.889164762434178,0,,0,1
S2_N80,4500462,2.2037332000350394,1.4815543377623501,3.2779358091391693,9.605975864304974e-05,-2.2013798956984356,0.345472189501508,1.250388029984777e-08,80,0.040747975158759685,0.020134293906403852,True,0.0034524523472670193,0.003465491533090612,True,0.4110509653381904,0.5919410261299182,0.0032163245098439223,0.012500000000000067,0.002813335718335148,0.0125,9.605975864304974e-05,1.4815543377623501,3.2779358091391693,0,2.541892677489352,3.1658694464013445e-06,1.7168876911528963,3.763331997292877,0,,0,1
S2_N80,4500463,2.3988809207719792,1.6558549263635842,3.475322373006152,3.718997646076309e-06,-1.4883906882591091,0.39870624037348623,0.0003604215134600875,80,0.00023558752915412117,0.0006572682602045337,True,0.806992569957634,0.8243879370795404,True,0.6143605230538451,0.6917619056273927,0.004762091779999946,-0.02499999999999991,0.004541953150116096,-0.025,3.718997646076309e-06,1.6558549263635842,3.475322373006152,0,2.591411148910718,3.4578416985124893e-06,1.7334642630588033,3.8739833787222206,0,,0,1
S2_N80,4500464,2.7003505215538373,1.8869918649153037,3.8642948466465024,5.5572563343722324e-08,-1.5856883264734216,0.3986220620945875,0.0001559065571039446,80,0.004458381143462018,0.0006785269362824953,True,0.01456439210308361,0.012920538254694467,True,0.4630472440442934,0.549087129214626,0.025198129011580465,-0.07499999999999996,0.025456975000451628,-0.075,5.5572563343722324e-08,1.8869918649153037,3.8642948466465024,0,2.9634583118482873,2.7995630031397188e-08,2.019717229204261,4.348175595611824,0,,0,1
S2_N80,4500465,2.1514163881779127,1.5158377714667415,3.053488019923014,1.8005270753392408e-05,-1.875000000000001,0.3611638414256307,1.6507652385992841e-06,80,0.07914775770459727,0.22993349116025485,True,0.02996988899754634,0.06618768535166399,True,0.3213909589349665,0.37619983686219793,0.11440135476999726,0.15000000000000002,0.09290474250381436,0.15,1.8005270753392408e-05,1.5158377714667415,3.053488019923014,0,2.2714279492830602,2.9146694650739798e-05,1.5460905789178347,3.3370521747797532,0,,0,1
S2_N80,4500466,2.6352813088598244,1.7861997031536552,3.887979358951075,1.0422735183618241e-06,-2.2128836492065846,0.4230965086133829,1.4152088361720812e-06,80,0.00032440712403127155,9.089540441360662e-05,True,0.0044606309023438,0.003113313106953058,True,0.6231116784636088,0.6188540293737114,0.22253897504309053,-0.1875,0.18396510112855127,-0.1875,1.0422735183618241e-06,1.7861997031536552,3.887979358951075,0,2.7451754776117423,2.2749625805835354e-06,1.8060824437689444,4.1725605765563545,0,,0,1
S2_N80,4500467,3.2078863472136114,2.3334250848585536,4.410055794554585,7.077183655566766e-13,-1.184869757990025,0.39259223055383946,0.0034479891040009986,80,3.965560595658524e-06,2.902663480943684e-05,True,0.035053183159857546,0.05450631826104723,True,0.07015677878821779,0.05813329117170436,0.005902644436997496,-0.025000000000000022,0.0038161740312884175,-0.025,7.077183655566766e-13,2.3334250848585536,4.410055794554585,0,3.540484898420146,1.2212218406687775e-11,2.4563214066656287,5.103173095314504,0,,0,1
S2_N80,4500468,3.6215581910631363,2.41740914875748,5.425512573243055,4.3737531798402403e-10,-1.0660758976790747,0.3884338133590697,0.00753680991892598,80,0.0022936757525366088,0.0018116645569974574,True,0.004234232090961208,0.0020810603137925124,True,0.934486971932955,0.6047422736346243,0.002208396385671448,0.012500000000000067,0.002813335718335154,0.0125,4.3737531798402403e-10,2.41740914875748,5.425512573243055,0,4.263724953746053,6.319852323693461e-11,2.7601464041879806,6.58637181477518,0,,0,1
S2_N80,4500469,2.6973539386000978,1.7603985846612848,4.132994841893359,5.177224677375255e-06,-1.7627889109418011,0.4057016755918207,4.202475324279718e-05,80,0.03102262840699178,0.027958872044853436,True,0.09653295970273981,0.07560815695699627,True,0.722553410875139,0.8353502627399265,0.06517711508958438,0.11250000000000004,0.07183168870571882,0.1125,5.177224677375255e-06,1.7603985846612848,4.132994841893359,0,2.6335227893135826,1.6060401403983205e-05,1.69612983179562,4.088980779550194,0,,0,1
S2_N80,4500470,1.6450509226207004,1.1360571209775732,2.382091963550695,0.008405930560982978,-1.6749999999999998,0.40112098676864893,7.751095739528724e-05,80,0.00020457806822514357,8.27360395538858e-05,True,0.020025483731507,0.03151075332598219,True,0.33177520441812003,0.2805663782425277,0.005379576378992835,-0.050000000000000044,0.0038487555618565627,-0.05,0.008405930560982978,1.1360571209775732,2.382091963550695,0,1.7146183730225364,0.007017393528973862,1.1585939878834561,2.5374861218442453,0,,0,1
S2_N80,4500471,2.5086890820307355,1.8117876784432354,3.4736525616003053,3.039368726488517e-08,-1.3085648148148152,0.32440650965851325,0.00012826592271708196,80,0.007217895115064131,0.009938375837759462,True,0.02053262609385933,0.017259607607699543,True,0.4628085812067013,0.6465811395539979,0.03909337683877877,0.09999999999999998,0.03491664077841603,0.1,3.039368726488517e-08,1.8117876784432354,3.4736525616003053,0,2.5757868630698333,1.215573461034065e-07,1.81425812276007,3.6569647288499683,0,,0,1
S2_N80,4500472,1.8681551498850986,1.3382318889742224,2.607921461741105,0.00024095581757253756,-1.5676053760066964,0.3346491873860006,1.1867668938677635e-05,80,0.001035719090420477,0.0008680784092477817,True,0.04919831897942172,0.18120146721362052,True,0.595940747182182,0.588418514506972,0.0077872815093277,-0.03750000000000009,0.014469734630363662,-0.0375,0.00024095581757253756,1.3382318889742224,2.607921461741105,0,1.9908446659459766,0.00012341002643874465,1.4008020126415415,2.829423750221138,0,,0,1
S2_N80,4500473,3.4958167083663074,2.390336568914049,5.112558046185534,1.096020867687941e-10,-1.5499999999999992,0.3996341265555119,0.0002198679544619313,80,0.0035159845012524915,0.003478153789339816,True,0.0066122228731492734,0.005614084193052683,True,0.22371975663750132,0.41132413778491217,0.043550310164698514,0.09999999999999998,0.051558927095950946,0.1,1.096020867687941e-10,2.390336568914049,5.112558046185534,0,3.438433230806282,5.648613826764534e-10,2.3270343955039565,5.080639592416727,0,,0,1
S2_N80,4500474,2.2350064374476117,1.5168947999836588,3.2930785809840453,4.761872286505766e-05,-1.2882673113354266,0.3517948145560461,0.00045698480293571045,80,0.00014264082471302587,0.00012928651963781926,True,0.011749408324092925,0.004002821368431508,True,0.7400741268517239,0.6348065947513248,0.06026568383880322,0.125,0.04798022724766801,0.125,4.761872286505766e-05,1.5168947999836588,3.2930785809840453,0,2.3449365050263937,0.00011497156940859634,1.5206420827394964,3.616056187725139,0,,0,1
S2_N80,4500475,3.8016958536715175,2.712161012227994,5.328920848969215,9.137576349653966e-15,-0.9509990988961456,0.381641632079659,0.014857266267876715,80,0.00018303341306495676,7.603714816688866e-05,True,0.03412077089038405,0.043873178292030635,True,0.5933296724578676,0.7497633984420339,0.009480910230421526,-0.0625,0.009308378130619379,-0.0625,9.137576349653966e-15,2.712161012227994,5.328920848969215,0,4.192751042258671,5.557796225022268e-14,2.8854526669489684,6.092340901557431,0,,0,1
S2_N80,4500476,2.0084698589501286,1.3327725758523705,3.0267363295131195,0.0008597231832573746,-1.1923337431896734,0.37486345546897104,0.00211788292455018,80,0.0005495251684604293,0.0006049337288535569,True,0.01660386312067268,0.003712838508517508,True,0.4053566704447771,0.4897733426697354,0.004961465197506191,-0.03749999999999998,0.0028041889412798652,-0.0375,0.0008597231832573746,1.3327725758523705,3.0267363295131195,0,2.1272792547510475,0.0007524658003333455,1.3713497878346321,3.2998998999662006,0,,0,1
S2_N80,4500477,2.241644815169466,1.6214267849680877,3.0991047662229474,1.0369785970784596e-06,-1.610199827272997,0.37265766368416176,4.590228482924901e-05,80,3.5504336729029294e-05,6.936411689924371e-05,True,0.0020599529196823926,0.013221341083242733,True,0.8619530901616996,0.9498701343744099,0.010534230308923954,-0.0625,0.014231639434400988,-0.0625,1.0369785970784596e-06,1.6214267849680877,3.0991047662229474,0,2.3645840626653265,7.741859942327814e-07,1.6808117496421995,3.326522313162727,0,,0,1
S2_N80,4500478,2.492370638874052,1.7804431878167284,3.4889691757807886,1.0307882878144527e-07,-0.9796539162112934,0.3571010745540259,0.007561857360285938,80,0.014791674950456083,0.027822608927330635,True,0.6426647235507956,0.3646096302036963,True,0.11420976704602882,0.1474906490639431,0.15374340420943408,0.16249999999999998,0.1539934777687513,0.1625,1.0307882878144527e-07,1.7804431878167284,3.4889691757807886,0,2.610365585322995,5.244762530212617e-08,1.847763843973158,3.687705282936387,0,,0,1
S2_N80,4500479,2.189201581779256,1.5505854384284492,3.090834885256113,8.485614339440248e-06,-1.381316031235646,0.35492429075425147,0.00021003193101435495,80,0.00017089165584064948,0.0002816127588741126,True,0.022264742961378217,0.032809940798369526,True,0.09673302571599757,0.042610403095771014,0.004648202183270565,-0.012499999999999956,0.002813335718335148,-0.0125,8.485614339440248e-06,1.5505854384284492,3.090834885256113,0,2.3496224910557695,6.8595130389833385e-06,1.619343542747306,3.4092369560500435,0,,0,1
S2_N80,4500480,2.395777535493729,1.6923100326559832,3.391665763848365,8.381581238251458e-07,-0.7314945645089808,0.34117729826763293,0.035186095525321905,80,0.00027497461059760393,8.827396433865838e-05,True,0.9332476035594601,0.7320495367717821,False,0.3738843948006121,0.6460906709937962,0.0017549948491552521,0.0,0.0006055256162274071,0.0,8.381581238251458e-07,1.6923100326559832,3.391665763848365,0,2.626054791338638,3.547797390118571e-07,1.8109286913276084,3.8080813452996747,0,,0,1
S2_N80,4500481,1.9813097150304009,1.3806715184192326,2.843245576158736,0.0002069571859830299,-1.327345718301641,0.35956414338739756,0.0004141606213944053,80,0.00033310370959051337,0.0002010984842942414,True,0.16723533185542594,0.20628180937116125,True,0.592361901547327,0.5842676349577018,0.002265017802878293,-0.02499999999999991,0.001188663547713948,-0.025,0.0002069571859830299,1.3806715184192326,2.843245576158736,0,1.996436572669935,0.0007361727310032668,1.3363689191856731,2.9825289495080662,0,,0,1
S2_N80,4500482,3.3303307266253923,2.1682440212722627,5.115246549692905,3.918681867275882e-08,-1.5185947562097515,0.38732801211156564,0.00019015377159931415,80,1.8806137425251333e-05,2.5023508278929265e-06,True,9.776864818876977e-05,0.0006984496238164302,True,0.37702167860523284,0.5487372828584972,0.0016274864923160426,0.012499999999999956,0.004641125131676318,0.0125,3.918681867275882e-08,2.1682440212722627,5.115246549692905,0,3.5703392015991606,1.1281111636841424e-09,2.370463981368089,5.377564103344336,0,,0,1
S2_N80,4500483,2.339501785344574,1.598230758843917,3.424579694354992,1.2320579656318217e-05,-1.4240112503529307,0.34658599962821074,9.845001050606118e-05,80,0.000804961637917846,9.606911149617506e-05,True,0.01568680224576217,0.018340000235416574,True,0.2691367192563615,0.22840219043937138,0.0032144488971139716,0.012500000000000067,0.0014728106816559905,0.0125,1.2320579656318217e-05,1.598230758843917,3.424579694354992,0,2.710753887161436,2.148125675463545e-06,1.794612145233516,4.094582027808959,0,,0,1
S2_N80,4500484,3.757261855049262,2.536804524019916,5.564881532550196,3.972499215022939e-11,-1.6517589679043414,0.3971848301016908,8.240597589949118e-05,80,0.00022159763157714497,0.00015876705562017403,True,0.05917928896420215,0.04903839175093901,True,0.24757933356976203,0.397346277924586,0.0426289661207774,-0.10000000000000009,0.025132077453144986,-0.1,3.972499215022939e-11,2.536804524019916,5.564881532550196,0,4.18494358898821,3.596829993646097e-11,2.7391905943785195,6.393769341555119,0,,0,1
S2_N80,4500485,3.5194500057320925,2.518902926436739,4.917429811544866,1.664508122780102e-13,-1.063960347132093,0.36693783641769673,0.004867073833355039,80,0.00010655243300939568,4.475894695118932e-05,True,0.0024162347630039605,0.0014959043512247628,True,0.9180294968464167,0.8961145048933663,0.003349566870499377,-0.02499999999999991,0.006179571042506989,-0.025,1.664508122780102e-13,2.518902926436739,4.917429811544866,0,4.002596741709047,1.2844527727092839e-16,2.881874981495016,5.559151864536766,0,,0,1
S2_N80,4500486,2.736666821914961,1.9190859413666619,3.9025585737117408,2.6987181774702485e-08,-1.5647304783210798,0.3600923043320283,4.197530661550334e-05,80,2.1866184027000765e-05,9.583253335511767e-05,True,0.09095422442082664,0.08427020775904003,True,0.6107334823848074,0.5846931270410768,0.004028341878257773,-0.04999999999999993,0.00581425311093372,-0.05,2.6987181774702485e-08,1.9190859413666619,3.9025585737117408,0,3.0043015830988367,2.521239663248874e-08,2.040281198888299,4.423815701055391,0,,0,1
S2_N80,4500487,3.159437212927047,2.2569165620675773,4.4228677613511795,2.046865844216613e-11,-2.678116705316978,0.3610945612574711,1.3393957815842888e-10,80,3.787825992472821e-05,3.1321741068411904e-05,True,0.43534906023154074,0.6677731570381673,False,0.05592194274498469,0.08926108800829471,0.01164853191032555,0.050000000000000044,0.006940622567554772,0.05,2.046865844216613e-11,2.2569165620675773,4.4228677613511795,0,3.673343063801416,2.826984766187667e-12,2.5499498767224575,5.291652744845946,0,,0,1
S2_N80,4500488,2.24048879357264,1.509627384271716,3.3251848015106478,6.215561138627626e-05,-1.3160862152946893,0.34152601281131556,0.0002395428274393554,80,0.000692554028470854,0.0016922966909634655,True,0.19676226813041375,0.23020210353900383,True,0.3901121030559933,0.4275092115342395,0.04576473894787133,-0.11249999999999993,0.0527857337822762,-0.1125,6.215561138627626e-05,1.509627384271716,3.3251848015106478,0,2.4567932094612934,1.3428697716251086e-05,1.6390901548890495,3.6824288499638325,0,,0,1
S2_N80,4500489,3.5594368227664885,2.4630439919109457,5.1438750330384195,1.397789847224215e-11,-1.37761645660985,0.40139607422219015,0.0009665907550877033,80,0.9942110545761271,0.6158903870123152,True,0.002391025920761012,0.002276183377278566,True,0.6388024575620309,0.6989298039698412,0.0018874594023144914,0.012499999999999956,0.0008500994489236335,0.0125,1.397789847224215e-11,2.4630439919109457,5.1438750330384195,0,3.554234345979191,4.998963133987624e-10,2.383297067652306,5.30046462004084,0,,0,1
S2_N80,4500490,2.292972031153601,1.5889621652669748,3.308902408490813,9.223685878207976e-06,-1.424233001658375,0.3638587372034625,0.00019443572240965013,80,0.008098901585756709,0.0038457915187874105,True,0.035639203826626324,0.04483858543638,True,0.6070397442063469,0.7205940293124573,0.00465584990493933,-0.012499999999999956,0.002813335718335154,-0.0125,9.223685878207976e-06,1.5889621652669748,3.308902408490813,0,2.20715412264787,8.040365577849606e-05,1.4891233544784006,3.271407507289988,0,,0,1
S2_N80,4500491,2.2391406143040755,1.5800262881544922,3.173207134725721,5.8565442693750324e-06,-0.9055005427572056,0.3279031637733683,0.007190633078009808,80,0.0005789487928127791,0.0002634506626386212,True,0.2640533951712909,0.2971808552700421,True,0.16451773332938568,0.23866716206720573,0.00523403975659068,-0.025000000000000022,0.0070858952835169626,-0.025,5.8565442693750324e-06,1.5800262881544922,3.173207134725721,0,2.3553761606745605,3.162841705061292e-06,1.6427544175721673,3.3771309934890588,0,,0,1
S2_N80,4500492,2.6085302320756165,,,,-0.931159947253087,0.3627176236161971,0.012191275966171342,80,0.0009852571393324189,0.0014184517902446508,True,0.4301484483153206,0.5277620856212171,True,0.3987447672632114,0.42978244735433613,0.0029395872912752487,-0.012500000000000067,0.002813335718335154,-0.0125,2.884852904958378e-05,1.6972175839651245,4.009167731903661,1,2.6660433113443016,3.3896645238951484e-05,1.7103059761057915,4.155856926926878,1,0.0,0,1
S2_N80,4500493,1.9411621474553635,1.360851493371415,2.768935847201288,0.00025201222311515143,-1.6055696395071717,0.4189230970635222,0.0002573015911981286,80,0.0016088895751205736,0.0008692388322248353,True,0.005842011032045527,0.006295331103659547,True,0.22897236529674092,0.39766746377557827,0.011332136196361746,0.0625,0.01978887141813441,0.0625,0.00025201222311515143,1.360851493371415,2.768935847201288,0,2.190415517429737,9.283863439687885e-05,1.478322195416799,3.245517218013664,0,,0,1
S2_N80,4500494,2.8725261576195766,1.9977431660581018,4.13036403597874,1.236435605341275e-08,-1.3341540531449723,0.33185856764614796,0.00013447243255474854,80,0.00011058073157911604,0.0006408795279805577,True,0.16814547228567733,0.24346545673477982,True,0.20463234093140925,0.3656376553817652,0.11052311171808306,0.15000000000000002,0.09904599208561704,0.15,1.236435605341275e-08,1.9977431660581018,4.13036403597874,0,3.0129465643035798,1.9255836050658875e-08,2.050695683066154,4.426715808839931,0,,0,1
S2_N80,4500495,2.415027507988131,1.7109361695982455,3.408869347655962,5.335355829053465e-07,-1.0249999999999975,0.36762736586454536,0.00667510351416064,80,0.03400985013441237,0.03772609746082523,True,0.0003552867050953775,0.0002437647616199497,True,0.6731190466846428,0.7940172202687799,0.007951657833490337,-0.03749999999999998,0.014469734630363662,-0.0375,5.335355829053465e-07,1.7109361695982455,3.408869347655962,0,2.641013697421917,2.833081375539148e-07,1.8228960039376993,3.8263034944963135,0,,0,1
S2_N80,4500496,4.296921863358857,2.965070963730489,6.227013695679493,1.3394403926469705e-14,-1.3558089472468753,0.3554662350296708,0.00027398191931414637,80,0.001713530382808435,0.001159761836175401,True,0.0003998476099213271,0.00011564158606389658,True,0.44075391763073124,0.7239906342186551,0.0026769190093213374,-0.012500000000000067,0.0014728106816559905,-0.0125,1.3394403926469705e-14,2.965070963730489,6.227013695679493,0,5.095554512126351,9.402796061700776e-17,3.470867766806397,7.480744738927852,0,,0,1
S2_N80,4500497,2.625299867569037,1.8184043166048793,3.790245839014695,2.586639866082571e-07,-1.8091402634389486,0.38813792313739887,1.296118638818803e-05,80,9.542762054183202e-05,4.870077100697543e-05,True,0.005384694958486081,0.0018073777113929382,True,0.3181920041279872,0.3145353373512403,0.0010421835936318532,-0.012500000000000067,0.0004279707935458926,-0.0125,2.586639866082571e-07,1.8184043166048793,3.790245839014695,0,3.2587570516142077,1.2865654000689497e-09,2.2251807337117007,4.772420217629481,0,,0,1
S2_N80,4500498,3.5275857353009576,2.4570380732962978,5.064578060528156,8.387453340950424e-12,-1.4329106097661506,0.403149832279001,0.0006514421531223967,80,3.9551485227823985e-06,4.045705825869703e-06,True,0.3533640759445461,0.2739003861483723,True,0.4964577406840467,0.5952327700606351,0.0036108383880520114,0.025000000000000022,0.004541953150116096,0.025,8.387453340950424e-12,2.4570380732962978,5.064578060528156,0,3.7360672226187543,7.434880774583283e-12,2.5621753759952735,5.447791912567331,0,,0,1
S2_N80,4500499,3.1522485402661538,2.1737468758004828,4.571218006213771,1.4078774168834674e-09,-1.7999999999999985,0.3813103094438956,1.033981055719342e-05,80,5.696203978618821e-06,5.367170245921557e-07,True,0.45944268039996716,0.49900506338528916,True,0.8677826140282354,0.9268083506790253,0.006777584854692237,-0.025000000000000022,0.004541953150116096,-0.025,1.4078774168834674e-09,2.1737468758004828,4.571218006213771,0,3.0161779261097936,1.093863978121868e-08,2.065575052514945,4.404259855324794,0,,0,1
S2_N80,4500500,2.4442992020745544,1.6874408106263203,3.5406270558578807,2.2735827078745312e-06,-1.2090981386217345,0.35490008490426267,0.0010473918034510483,80,0.0021245987191496306,0.0018207106077170639,True,0.06636116218117051,0.07677610802500948,True,0.8737193631972074,0.8731780813605672,0.06743179984667624,-0.11250000000000004,0.03300160539849065,-0.1125,2.2735827078745312e-06,1.6874408106263203,3.5406270558578807,0,2.472738849542243,3.985701866964455e-06,1.6830370406029935,3.6329785206894987,0,,0,1
S2_N80,4500501,2.855663331839048,2.015260425454936,4.046530642792322,3.6274654702157857e-09,-2.050000000000001,0.3814386212370123,7.937308645428154e-07,80,0.00294186185666261,0.002350374009702771,True,0.16479803284906525,0.2549836911655351,True,0.471721261172819,0.5295780698868298,0.009313713709472435,-0.03749999999999998,0.008193909541008109,-0.0375,3.6274654702157857e-09,2.015260425454936,4.046530642792322,0,3.072403485434037,2.2139656566843042e-08,2.0734470942361822,4.552642410576966,0,,0,1
S2_N80,4500502,2.8804788412315565,,,,-1.0674008810572675,0.334699039343494,0.002064197408213404,80,0.00031441764482421306,9.330266707126481e-05,True,0.01840521546115082,0.01147843112083858,True,0.8274143112390293,0.6596024312803512,0.0012967520698930295,0.0,0.0006055256162274071,0.0,1.645894586608385e-06,1.9185045650767585,4.3248051142639445,1,3.387312060933878,4.674444716054612e-06,2.0672144856438446,5.550407602999413,1,0.0,0,1
S2_N80,4500503,3.071586784724232,2.066297085203837,4.565967519216548,2.88819586949994e-08,-1.1094485658426838,0.3740483370733734,0.004015555376178629,80,0.00020505395268222978,3.636432048873277e-05,True,0.2737684748465651,0.437428122554711,True,0.641876682671418,0.5490186419286853,0.013252326733614896,-0.0625,0.023740109988523432,-0.0625,2.88819586949994e-08,2.066297085203837,4.565967519216548,0,3.0641131329927105,1.7132201067693558e-08,2.0762034254329436,4.522095078337805,0,,0,1
S2_N80,4500504,2.6062087147782336,1.8140006584763646,3.7443888640542697,2.2054925792078011e-07,-1.5190460829493087,0.37583728024807395,0.00012469101720656087,80,0.0004980888356479713,0.00017949425253255307,True,0.007932517445274524,0.0275495224818284,True,0.7161493178823263,0.7828279004803687,0.04588287869324916,0.11250000000000004,0.0179422071062667,0.1125,2.2054925792078011e-07,1.8140006584763646,3.7443888640542697,0,2.739342067776321,2.6383871460598384e-07,1.8664277711733919,4.020511846312389,0,,0,1
S2_N80,4500505,3.4589267765458818,2.1930844732287618,5.455409762621621,9.400323011691252e-08,-2.2413114990853367,0.31299210026978397,4.115486705314916e-10,80,0.00766733417484374,0.00338622225565269,True,0.0007469685681200202,0.0001830673695275133,True,0.039404327308031055,0.14717039501875465,0.040960061188042025,0.10000000000000003,0.02834550338924414,0.1,9.400323011691252e-08,2.1930844732287618,5.455409762621621,0,3.698995117174964,2.091497066745779e-09,2.4111264684302913,5.67476034792648,0,,0,1
S2_N80,4500506,2.3812670651634247,1.688604432637082,3.3580587176219563,7.525907078930037e-07,-1.4088516026208615,0.3201697237355631,3.431241114833185e-05,80,0.0015451408822184528,0.003216951866680499,True,0.1255261360501698,0.1216619227577001,True,0.2409987241909809,0.3029866712367263,0.16686626393468154,0.175,0.1915379419957334,0.175,7.525907078930037e-07,1.688604432637082,3.3580587176219563,0,2.862172143191416,5.7605909937021295e-09,2.0090528827982275,4.07755786191701,0,,0,1
S2_N80,4500507,3.0048472391989374,2.0514070695381577,4.401421378036998,1.6094925239078714e-08,-0.8927738073015298,0.3754029792250963,0.019878499267202882,80,0.0005259427999921777,0.00023579099281463234,True,0.15855876593126694,0.1976119596912408,True,0.4733970830905738,0.7976450272001572,0.02013393336619983,0.08750000000000002,0.021662657248263956,0.0875,1.6094925239078714e-08,2.0514070695381577,4.401421378036998,0,3.1929604542972587,2.959989618015328e-09,2.175985161441614,4.685232529780608,0,,0,1
S2_N80,4500508,4.185349632388512,2.7468546524402626,6.377167255563625,2.6893995377890832e-11,-1.3324997141877226,0.32693495785549925,0.00011062648923091275,80,0.10268863750657006,0.05505167075275166,True,5.005745395652669e-05,3.7001213474293005e-05,True,0.2543213461931556,0.19169512797304,0.0028478419349352007,0.012499999999999956,0.002311538235551201,0.0125,2.6893995377890832e-11,2.7468546524402626,6.377167255563625,0,4.231118458667478,5.56863391747204e-10,2.6821790011145743,6.674559529336914,0,,0,1
S2_N80,4500509,2.813271100077764,1.9706485034483667,4.016187700994604,1.2347596999605476e-08,-1.997403090955156,0.32708485704100426,3.855915094266874e-08,80,0.00019215149254562912,0.0004028262830270354,True,0.013107502824193666,0.016357108257034667,True,0.4364406038844494,0.638667919627453,0.0199420374349181,-0.07500000000000007,0.010563549452757767,-0.075,1.2347596999605476e-08,1.9706485034483667,4.016187700994604,0,3.344942393535912,5.053528054111506e-09,2.231315608927277,5.014368909225165,0,,0,1
S2_N80,4500510,2.9890056025536964,2.191960926451947,4.075873061550782,4.532244010089503e-12,-1.1415368361741103,0.4453299707423754,0.012315507212314412,80,0.0019148823592611143,0.0008980902457221234,True,0.13372621981471486,0.15778884603859122,True,0.878703238543205,0.7681701916228802,0.20305070982184573,0.17500000000000004,0.21887784878678784,0.175,4.532244010089503e-12,2.191960926451947,4.075873061550782,0,3.608579558492254,2.022231882066764e-12,2.5235733518973036,5.160082396724435,0,,0,1
S2_N80,4500511,3.198809895124071,2.239301969376252,4.56945284069654,1.651659960683966e-10,-1.3749999999999982,0.3668279212366948,0.0003423441050249149,80,0.009717972092749673,0.024324299769775987,True,0.04805346795403595,0.14657896230749848,True,0.9246980864507433,0.9115741294450226,0.0033871092286377794,-0.025000000000000022,0.0015785375584534591,-0.025,1.651659960683966e-10,2.239301969376252,4.56945284069654,0,3.305956640223136,2.2850042464856396e-10,2.2844508406592143,4.784234842138958,0,,0,1
S2_N80,4500512,2.5761039212061156,,,,-1.5062304841392558,0.3508750025693342,5.08378732461065e-05,80,0.006233757051052714,0.002749120747775741,True,0.08219025837057871,0.05874722055398797,True,0.5173584980153343,0.3008224703012875,0.001383881921429089,0.0,0.0006055256162274071,0.0,2.2037994090218978e-06,1.7816832527300146,3.7247425448294043,1,2.867854169277229,3.246513768746478e-06,1.8870597374021099,4.3584139776960455,1,0.0,0,1
S2_N80,4500513,2.6644777520794953,1.8692758394818239,3.7979636506159604,5.995392266872187e-08,-0.8942512961268684,0.381601065764667,0.021689926624282325,80,4.7299783592439764e-05,5.5233477551257e-06,True,0.7002768499800818,0.8545704443726286,True,0.30809119581837763,0.38722733861083913,0.016788892677433418,0.0625,0.014231639434400988,0.0625,5.995392266872187e-08,1.8692758394818239,3.7979636506159604,0,2.723307420151072,6.212802760758735e-08,1.8947077071930603,3.9142730440659976,0,,0,1
S2_N80,4500514,2.5119681096618756,1.630346234784566,3.870333582726406,2.9643736672311572e-05,-1.4366768284635896,0.3513834927608734,0.00010569724020907622,80,0.010403240347836447,0.006173634010921216,True,0.029493889002316014,0.01305502220498007,True,0.655488124274408,0.7496560789703934,0.0034297918240917312,0.02499999999999991,0.006179571042506989,0.025,2.9643736672311572e-05,1.630346234784566,3.870333582726406,0,2.817382468858679,6.454608047844719e-06,1.796350212569384,4.418761954262098,0,,0,1
S2_N80,4500515,2.371150205220483,1.7075147009958624,3.292711501949618,2.5523974229128157e-07,-1.9749999999999985,0.35446367345544894,3.560338011891823e-07,80,0.0023615792330687188,0.0011038975088003887,True,0.06950070926665264,0.10585990665290285,True,0.36083859636457793,0.4710911390440369,0.0014479228988364204,0.012499999999999956,0.0018647148191420666,0.0125,2.5523974229128157e-07,1.7075147009958624,3.292711501949618,0,2.5722334253611243,3.250186869867475e-07,1.7901214454848837,3.6960535896785855,0,,0,1
S2_N80,4500516,2.8163787684064636,1.9057788277660812,4.162072351505993,2.0336278631789118e-07,-1.5073651452282149,0.37086798401707555,0.00011513016554183727,80,0.010221309274987206,0.01676929832757406,True,0.07666136005879164,0.2842197696128054,True,0.20359417056146256,0.21218051576349406,0.006094508018398404,0.03749999999999998,0.006097781739749196,0.0375,2.0336278631789118e-07,1.9057788277660812,4.162072351505993,0,3.412322598309273,1.1612889793592965e-09,2.2981057295274336,5.066757967365813,0,,0,1
S2_N80,4500517,3.5003317344916414,2.309224105623898,5.305817751360677,3.5577681519840817e-09,-1.2244606881797118,0.36190595319017227,0.0011284759082024968,80,0.00042277435663210514,0.00019381306588227417,True,0.1137965659811033,0.14513069267129747,True,0.4958740003329396,0.38148936182335214,0.005073841950166319,0.025000000000000022,0.005330626508080562,0.025,3.5577681519840817e-09,2.309224105623898,5.305817751360677,0,3.6660096349676348,8.66794047837199e-09,2.355295172955528,5.706132631695117,0,,0,1
S2_N80,4500518,2.6162350905876885,1.7538494608088726,3.9026645115058014,2.4370602588049684e-06,-0.6929561453967736,0.3701086192626426,0.06496108035725308,80,0.023193455557948654,0.006857639009206553,True,0.0014506450587059498,0.001371488120764445,True,0.9811347804524103,0.9421208378849457,0.1125919123712423,0.15000000000000002,0.11618737189402341,0.15,2.4370602588049684e-06,1.7538494608088726,3.9026645115058014,0,3.151782735604898,3.270027770344016e-09,2.154890379785515,4.609856030563299,0,,0,1
S2_N80,4500519,3.0369585868866844,2.0407602301431833,4.519451781857615,4.3293979916077065e-08,-1.8439438139969093,0.3824160347343834,7.016420148291229e-06,80,0.0014594368007701877,0.0017583089542349017,True,0.1690527884510027,0.10821343461625095,True,0.018981477402419976,0.03762300422266048,0.029461680898727312,-0.10000000000000009,0.03491664077841603,-0.1,4.3293979916077065e-08,2.0407602301431833,4.519451781857615,0,3.1966049655770994,1.2790612585394324e-08,2.1419509006670814,4.77054973705038,0,,0,1
S2_N80,4500520,2.838475366055931,1.9967496214194547,4.035028887587224,6.129629608401184e-09,-1.5681637479008885,0.3938097610590306,0.0001536896078605598,80,0.009807175858716424,0.0090657774945273,True,0.013214067323992164,0.007362384698915727,True,0.4126127467769627,0.4624413581343385,0.01256458605424718,-0.0625,0.0041565465323129295,-0.0625,6.129629608401184e-09,1.9967496214194547,4.035028887587224,0,2.920242485213294,4.1985330272647526e-08,1.9908009064995895,4.283610754145734,0,,0,1
S2_N80,4500521,3.2867221594703344,2.261385772926126,4.776956980486951,4.456771509912232e-10,-2.25,0.3470480330756229,7.771902342887843e-09,80,0.03753216712779091,0.02929024747595258,True,0.06744734362321439,0.10081589042865223,True,0.6416742641404161,0.6011724119911852,0.03075037698084383,-0.08750000000000002,0.03826296255122765,-0.0875,4.456771509912232e-10,2.261385772926126,4.776956980486951,0,3.347581956615417,2.252649672084178e-09,2.252705531238997,4.974598233482204,0,,0,1
S2_N80,4500522,3.011502638748492,2.1207173342163372,4.276453064660985,7.206317427272469e-10,-0.7749999999999999,0.4335521656818908,0.07778193168650846,80,1.0993699730586497e-05,1.787250244754269e-06,True,0.282407228314447,0.31568981557111964,True,0.39492300988901174,0.4196248767875339,0.0025180777246668956,0.025000000000000022,0.004541953150116096,0.025,7.206317427272469e-10,2.1207173342163372,4.276453064660985,0,3.074708919759231,5.520158572660569e-09,2.1078044566685885,4.48515748761101,0,,0,1
S2_N80,4500523,2.7319543378963402,1.8151349601160809,4.111856511139713,1.4514198742616179e-06,-0.9183429130954519,0.3517836956786973,0.010860308645524471,80,9.879362643912564e-05,0.0002626373593666846,True,0.012972111545051627,0.02006175766050102,True,0.44023926905484523,0.31946303734384085,0.07363279663733167,0.125,0.0621191194475962,0.125,1.4514198742616179e-06,1.8151349601160809,4.111856511139713,0,2.9150162742324244,8.456505700954071e-07,1.9042046634422394,4.46239841870739,0,,0,1
S2_N80,4500524,3.556466602761763,2.433533514619923,5.197567496223808,5.6016970370479255e-11,-1.7502011078752824,0.38459311353868775,1.9631972984421323e-05,80,0.010421469706849788,0.00626719769890389,True,0.03296285501589442,0.031504752930855306,True,0.5913675769866309,0.6816459826699746,0.004318832550906638,0.025000000000000022,0.008046529668204348,0.025,5.6016970370479255e-11,2.433533514619923,5.197567496223808,0,3.7363210839096745,1.533679782413828e-10,2.4956908177534287,5.593679771052155,0,,0,1
S2_N80,4500525,2.914524096839018,1.9414904210176565,4.375221540677405,2.4587039588942114e-07,-1.3891596303437272,0.40004557176382066,0.0008490755501497817,80,0.005241878382436208,0.00781896335164837,True,0.0032216255904732585,0.004385015093568829,True,0.7767567273886,0.8277041116267823,0.005603626234968502,-0.025000000000000022,0.0031555361579707042,-0.025,2.4587039588942114e-07,1.9414904210176565,4.375221540677405,0,3.295558812865866,3.636529183452926e-09,2.2175449523699795,4.897626935341536,0,,0,1
S2_N80,4500526,2.798502546626812,1.9310568070593106,4.055611660333829,5.439132895197366e-08,-1.9595705209656922,0.41688706533296993,1.1161080382244533e-05,80,0.00018615501710800072,2.942473451551065e-05,True,0.8267590026024743,0.9231967725015497,False,0.4916486074992439,0.4659421704045211,0.04785445092030379,-0.11250000000000004,0.044889832855542405,-0.1125,5.439132895197366e-08,1.9310568070593106,4.055611660333829,0,3.1062985686661118,5.155334721296885e-09,2.1237339622740663,4.543455521785324,0,,0,1
S2_N80,4500527,2.60357620036244,1.809471209536683,3.746182307498217,2.543441707740643e-07,-1.4448418778729504,0.35897326262566653,0.00013228410437374704,80,0.0464007201805614,0.02261234270103904,True,0.05071025749814039,0.04966700724606453,True,0.6187932029057639,0.7902655257314902,0.022187104814282238,-0.07500000000000007,0.014420573208165727,-0.075,2.543441707740643e-07,1.809471209536683,3.746182307498217,0,2.785118307143098,1.1700905092530517e-07,1.9066882579544484,4.068249726940391,0,,0,1
S2_N80,4500528,4.756410922991983,3.197563583866879,7.075213447670822,1.3918942322927097e-14,-1.3750461757044738,0.3708968375858266,0.00039284495326007515,80,0.00012101380407342366,3.7227977826229134e-05,True,0.024730646490791056,0.019176226791264777,True,0.7865193251414407,0.6635470919976332,0.0035414096781947145,0.012499999999999956,0.004641125131676318,0.0125,1.3918942322927097e-14,3.197563583866879,7.075213447670822,0,5.607339241290058,8.372592269759016e-16,3.684878213661976,8.532779523170328,0,,0,1
S2_N80,4500529,3.320211208207642,2.335625529091128,4.719850134279611,2.2837110561702305e-11,-1.4556130543642622,0.37095453677853285,0.00018801551286737008,80,6.30897488353611e-06,5.756103551107505e-06,True,0.27616839676576577,0.27811323491500695,True,0.17293455383094225,0.13706724995379538,0.12637115985240047,0.15000000000000002,0.13632507570977895,0.15,2.2837110561702305e-11,2.335625529091128,4.719850134279611,0,3.585758758798006,1.04977236353063e-10,2.433945559639534,5.282643165692182,0,,0,1
S2_N80,4500530,2.7473526081268353,1.8725665945166237,4.030802629654792,2.3735386695463444e-07,-0.7947593553372333,0.3906463061326575,0.045347031646711625,80,0.00022967980654429307,0.00027531669133375934,True,0.15372218986325054,0.277691680345443,True,0.10367867958198959,0.17560854043079055,0.11763016024672303,0.16249999999999998,0.12413255827184502,0.1625,2.3735386695463444e-07,1.8725665945166237,4.030802629654792,0,2.8003202635398146,1.0903965114916204e-06,1.850951843010861,4.2366275535487725,0,,0,1
S2_N80,4500531,2.7124580309058803,1.8191841534515885,4.044356122752252,9.784522884386756e-07,-1.382560589453172,0.3974804450640738,0.000833352785148741,80,0.05425236648217869,0.05415994507299424,True,0.011706164579022621,0.03866919508927328,True,0.565760554057734,0.4835099349219304,0.024990140994089912,0.09999999999999998,0.03161262054094576,0.1,9.784522884386756e-07,1.8191841534515885,4.044356122752252,0,2.8696777394680124,2.464575574047385e-06,1.8507929519352897,4.449471411584545,0,,0,1
S2_N80,4500532,3.5786027093769914,2.5302935452516397,5.06122990180048,5.637239837693801e-13,-0.8999999999999999,0.37443890518975703,0.018640085732278804,80,6.46352460273987e-05,0.00012570044340958357,True,0.016412678931876454,0.025625646488208982,True,0.9441585956566471,0.9115309577609404,0.011095022131343389,-0.050000000000000044,0.013759933895470105,-0.05,5.637239837693801e-13,2.5302935452516397,5.06122990180048,0,3.4752853222093547,4.274234357413536e-11,2.3999127343086624,5.032519682113754,0,,0,1
S2_N80,4500533,3.296740749618821,2.3723290018282817,4.5813626869718505,1.2000072956888666e-12,-1.4810752599665278,0.3895298765203566,0.0002853456810460082,80,0.00024827155718708705,0.00011265474905713089,True,0.029390885237244743,0.02405774734388618,True,0.6229824883382936,0.6918639607170388,0.020768620227097287,0.0625,0.012508490355308538,0.0625,1.2000072956888666e-12,2.3723290018282817,4.5813626869718505,0,3.663280151841855,1.397648331619011e-12,2.5578069170514417,5.246534201396326,0,,0,1
S2_N80,4500534,2.1767568884829602,1.5275419797720893,3.1018921995616595,1.67407570365327e-05,-1.4828140613134013,0.35066988308814756,6.414286768540661e-05,80,0.005242429142072098,0.006085209251998355,True,0.15632095523848324,0.09978988956661987,True,0.785255136283116,0.4111249092450313,0.0013613602148165337,0.02499999999999991,0.0015785375584534591,0.025,1.67407570365327e-05,1.5275419797720893,3.1018921995616595,0,2.534615079997587,2.0943933362491736e-06,1.7260001033841113,3.7220586436555316,0,,0,1
S2_N80,4500535,3.4982950699134086,2.246389489771922,5.44788357134942,3.006669277166472e-08,-1.0485543083935407,0.3793869989492483,0.007144282502652734,80,0.18681113741512656,0.26114654669990756,True,0.0030165062340760536,0.003880493696874688,True,0.5556919296433154,0.5583962311055365,0.004552977661342958,-0.012499999999999956,0.0053533441400235105,-0.0125,3.006669277166472e-08,2.246389489771922,5.44788357134942,0,3.8253167858653674,1.0428388300906751e-08,2.4162492870640966,6.056100498638314,0,,0,1
S2_N80,4500536,2.52023301064222,1.756970888005847,3.615070956092934,5.116716200075198e-07,-0.7317442209546674,0.4033447743636955,0.07354372118037109,80,0.3879133872409454,0.2300267105660001,True,9.414210914307002e-06,5.637580167289958e-07,True,0.017590561574323853,0.03432020624833656,0.00690142507285605,0.03749999999999998,0.0093397207275627,0.0375,5.116716200075198e-07,1.756970888005847,3.615070956092934,0,2.819054971245952,5.1146808745973075e-08,1.9415719926390809,4.093111644088182,0,,0,1
S2_N80,4500537,3.467734902590722,2.4076972896709017,4.994475595513736,2.3827905739238714e-11,-2.0367612113377582,0.41974425699012735,6.2368829274928e-06,80,0.00808745593546903,0.001893609355093075,True,0.017269296129535563,0.030040476106176134,True,0.8245481404405808,0.724264675280314,0.5627017151482362,0.26250000000000007,0.5763083889390725,0.2625,2.3827905739238714e-11,2.4076972896709017,4.994475595513736,0,4.1436625392011095,2.3058491266186917e-12,2.785351851386861,6.164369944942311,0,,0,1
S2_N80,4500538,2.0504802459034397,1.4917036506285286,2.8185687130742627,9.705835801864507e-06,-1.4781223839485822,0.402473123517251,0.00044114259166640234,80,7.78109741429119e-05,8.91299207523608e-06,True,0.15815301900038115,0.11483634325552829,True,0.06973318704824132,0.18412158685407665,0.24480895845756978,0.19999999999999996,0.2432336423191849,0.2,9.705835801864507e-06,1.4917036506285286,2.8185687130742627,0,2.137898945186678,1.5239897444454787e-05,1.5151416701912803,3.016623454923057,0,,0,1
S2_N80,4500539,2.618085965664683,1.825777324764257,3.754222396477296,1.663199449371145e-07,-1.4115922114372585,0.3510533824702341,0.00013411013037153326,80,0.00012138537563633575,5.472507129131344e-05,True,0.020317497024134483,0.0060255427378735115,True,0.9748505396753174,0.9884304489864648,0.02665918096397651,0.08750000000000002,0.0326065039141214,0.0875,1.663199449371145e-07,1.825777324764257,3.754222396477296,0,2.7107223843556363,7.546960936154553e-08,1.884692186116702,3.898788300378569,0,,0,1
S2_N80,4500540,2.5618164241520733,1.8074021465616223,3.6311251502829602,1.2526242971212968e-07,-0.814037478705281,0.340146767873328,0.01913822746021938,80,0.06354184522362824,0.048185313580356,True,0.021338783791864924,0.024328489126315488,True,0.11549855533500347,0.14069665573990534,0.011960183043271665,-0.04999999999999993,0.00945024276857523,-0.05,1.2526242971212968e-07,1.8074021465616223,3.6311251502829602,0,3.014562787248026,4.736316760221668e-09,2.083704443369373,4.361265738612072,0,,0,1
S2_N80,4500541,3.235788451799036,2.3150147007866906,4.522790676550764,6.278302248827342e-12,-2.116443142660233,0.422912640059403,3.4536798619452297e-06,80,0.04928433248800125,0.07832879800014568,True,0.014180492771521447,0.014831819883250899,True,0.004871266407837354,0.005131633509054215,0.007902328840964158,-0.04999999999999993,0.00581425311093372,-0.05,6.278302248827342e-12,2.3150147007866906,4.522790676550764,0,3.1829755923124665,2.918660572541036e-10,2.2206216436142414,4.562386235580111,0,,0,1
S2_N80,4500542,2.6207313890929114,1.7890268194551215,3.839088905256713,7.571113601471452e-07,-2.0052142372881345,0.3450378650315556,1.3256407626236944e-07,80,0.0007172029708105694,0.00020882183401735739,True,0.004662904819369671,0.0019665792337278426,True,0.41354805661937355,0.5617220050484719,0.015690178858384186,-0.07500000000000007,0.025456975000451628,-0.075,7.571113601471452e-07,1.7890268194551215,3.839088905256713,0,2.8907139237841424,1.5900003885108644e-07,1.943708525893799,4.299115262313813,0,,0,1
S2_N80,4500543,3.1524907526930877,2.2243451755402086,4.467920741393845,1.0953266215065704e-10,-2.1554186700937286,0.349382391341348,2.9608295890194634e-08,80,0.006091316618620149,0.012922400626232417,True,0.0505988964580516,0.02374112900641824,True,0.1634748051390641,0.21137037446747342,0.0006358817219166132,0.012499999999999956,5.41208439847869e-05,0.0125,1.0953266215065704e-10,2.2243451755402086,4.467920741393845,0,3.850584039665801,5.356110632205701e-10,2.5157963612395755,5.893560255895864,0,,0,1
S2_N80,4500544,2.056851795574026,1.4250310988426929,2.9688049000417704,0.00011733728184251615,-1.733432409259787,0.35117477375125816,4.509234806316008e-06,80,1.8194468713431836e-05,1.1909995886184896e-05,True,0.5622332610947636,0.4549989866489764,True,0.4321292722619301,0.7936623756754358,0.002008840428044531,-0.025000000000000022,0.0025617847204274066,-0.025,0.00011733728184251615,1.4250310988426929,2.9688049000417704,0,2.1808116128912003,0.00018537295453319906,1.4490266050737655,3.2821614691325895,0,,0,1
S2_N80,4500545,2.300083612911998,1.659301739972074,3.188319820887638,5.751258655571747e-07,-1.6249999999999996,0.40549905866794245,0.0001406569525557836,80,0.0015792948086954565,0.000634345308561377,True,0.023157252780010452,0.01449909715156097,True,0.11371647382169223,0.2744076911033615,0.029804716480508395,0.09999999999999998,0.02834550338924414,0.1,5.751258655571747e-07,1.659301739972074,3.188319820887638,0,2.4260187226078638,3.2870706282301234e-05,1.6254675613628469,3.6208454615416823,1,0.0,0,1
S2_N80,4500546,3.9351700757059596,2.713537565727949,5.706780595306556,5.058720237779742e-13,-1.2834155972359331,0.326922803236214,0.00018686259104397438,80,0.00025088505013220954,0.00011397413184435204,True,0.18150221019619894,0.15330092321068542,True,0.9497632306012157,0.8504224490287083,0.0028418450470859627,0.012499999999999956,0.0014728106816559935,0.0125,5.058720237779742e-13,2.713537565727949,5.706780595306556,0,4.125356876895587,6.499763721708775e-12,2.7531484751535995,6.181493484763926,0,,0,1
S2_N80,4500547,2.5071747614841424,1.649607997470228,3.810556989456227,1.6814353106242578e-05,-0.9750000000000005,0.29569914424928273,0.0014788904833382183,80,0.0027574572437100335,0.0012025677021579723,True,0.5551936729583805,0.5241300817802261,True,0.0756372854870263,0.4305590635444415,0.01220011098665201,-0.050000000000000044,0.012259221667390522,-0.05,1.6814353106242578e-05,1.649607997470228,3.810556989456227,0,2.6883382860302585,1.4444482417267191e-05,1.7194618738000693,4.203153818213969,0,,0,1
S2_N80,4500548,3.008380760565322,2.12927916891526,4.250431288044863,4.2129048609369773e-10,-1.3867396510434493,0.4046965705456396,0.0009835447706868618,80,0.006870132088315474,0.010493060185248235,True,0.2736406121180667,0.285188184183339,True,0.5001940942376906,0.6155572714165607,0.022605798322332653,-0.08750000000000002,0.01656765641676036,-0.0875,4.2129048609369773e-10,2.12927916891526,4.250431288044863,0,3.488587151645997,2.1932556229485434e-10,2.3718254818788505,5.131170234746288,0,,0,1
S2_N80,4500549,2.447038479130892,1.7531958590794443,3.4154753944555645,1.4395014909184127e-07,-2.1363056980826345,0.4042547954032593,1.1389045648488164e-06,80,0.00044318916959660236,0.002638391272977521,True,0.1795592286023069,0.2351190166861148,True,0.628207518803078,0.753402625682943,0.01472152799243587,0.0625,0.012508490355308538,0.0625,1.4395014909184127e-07,1.7531958590794443,3.4154753944555645,0,2.6087346706709034,1.256118063636748e-07,1.8280965160335843,3.7227228006135547,0,,0,1
S2_N80,4500550,2.570075749134007,1.8088630091023683,3.651624983787214,1.384250539066653e-07,-1.1794902620822325,0.3251368559132677,0.0005119821929346971,80,0.0023756500765836864,0.00034856893394207754,True,0.004546065262636245,0.015135648339785002,True,0.1583236852482346,0.20879570484812393,0.0025805145585428915,0.012499999999999956,0.0053533441400235105,0.0125,1.384250539066653e-07,1.8088630091023683,3.651624983787214,0,2.6780386671472196,5.559425557086012e-07,1.8210179580628971,3.9383966923449436,0,,0,1
S2_N80,4500551,1.7783590136414178,1.231060972631828,2.568971685162422,0.0021573529897443828,-1.1632748372487964,0.39279255294507304,0.004068600162472505,80,0.002735920762051137,0.00239467064531062,True,0.023740206012850894,0.010911890917215134,True,0.890065664202084,0.8772595467949641,0.01756391838091609,-0.07499999999999996,0.016492576465354077,-0.075,0.0021573529897443828,1.231060972631828,2.568971685162422,0,1.8788059774604384,0.0007893320909624982,1.3000325735679104,2.715248811999617,0,,0,1
S2_N80,4500552,2.5697127476273813,1.72365814635863,3.8310517774472523,3.6199577159639338e-06,-1.3749999999999991,0.3834914848187323,0.0005882579051085903,80,0.0006881189024818293,0.00033851835663478095,True,0.5016753800494762,0.41200886270914017,True,0.5426973506582282,0.3861251851184615,0.006431361706124106,0.02499999999999991,0.004541953150116096,0.025,3.6199577159639338e-06,1.72365814635863,3.8310517774472523,0,2.8693933456775973,9.54280771729949e-08,1.9481161839954473,4.226348633546446,0,,0,1
S2_N80,4500553,2.509919587618549,1.7395895459709023,3.6213693919362284,8.65698294216764e-07,-1.749644311630612,0.29770636702702263,1.0095555920394214e-07,80,0.005815363673099031,0.0025431048441365324,True,0.04589897539105326,0.08785027274905295,True,0.2660309401225476,0.2924513020787586,0.008393624914721861,-0.04999999999999993,0.004781774238478965,-0.05,8.65698294216764e-07,1.7395895459709023,3.6213693919362284,0,2.7594480530672194,2.035653614355409e-08,1.9354559411929892,3.9342427773803825,0,,0,1
S2_N80,4500554,1.9302840075202077,1.3406240450149154,2.7792999562728413,0.0004061545651743851,-1.1429157417789886,0.37626679975328003,0.0032556062800744626,80,1.9668228460222825e-05,6.9210394492017e-07,True,0.18436089904263608,0.28210999586154906,True,0.9521852545953168,0.7457617597153866,0.029685403953268494,-0.11250000000000004,0.029097411058359834,-0.1125,0.0004061545651743851,1.3406240450149154,2.7792999562728413,0,2.101453370784625,0.00035389808987752573,1.3981891756294011,3.1584469015747683,0,,0,1
S2_N80,4500555,2.6580117217632506,1.8001664357525091,3.924651728148406,8.803358988169452e-07,-1.007045571835662,0.3094919093852521,0.0016920984473569373,80,9.98943014485359e-06,7.501195916460926e-07,True,0.1178785673043293,0.13383278827045275,True,0.13304565783497682,0.19505674293719044,0.003401344787546046,-0.025000000000000022,0.001188663547713948,-0.025,8.803358988169452e-07,1.8001664357525091,3.924651728148406,0,3.487403290061488,4.9007888697313314e-09,2.29487919646629,5.299617394353047,0,,0,1
S2_N80,4500556,2.9971330183699787,2.0387838653282517,4.405963026569898,2.356236726507696e-08,-1.6461898001821398,0.4018788322082578,0.00010289015469085821,80,0.017305253206243532,0.012875235806368915,True,0.02793123215945677,0.03502695744689173,True,0.7600830136196801,0.5014158280411773,0.009840449937540664,0.04999999999999993,0.00945024276857523,0.05,2.356236726507696e-08,2.0387838653282517,4.405963026569898,0,3.254534780378699,3.68114960839262e-08,2.138170902380279,4.95376521348377,0,,0,1
S2_N80,4500557,3.4985900879509795,2.4772521199102115,4.941012061361154,1.1571069141872628e-12,-1.5069332823064183,0.3467276077692757,4.185281435447793e-05,80,0.007023324905083987,0.013974453529057617,True,0.0038891491010829907,0.002758661703463417,True,0.47840502264434115,0.5650192859063177,0.013002332529879822,0.0625,0.00649939493794603,0.0625,1.1571069141872628e-12,2.4772521199102115,4.941012061361154,0,3.819812825464431,1.2380506055148267e-13,2.680065392717182,5.444258957722489,0,,0,1
S2_N80,4500558,2.997351777352349,2.0607172245526013,4.359704267113995,9.338006618004684e-09,-1.5250000000000008,0.3326832673531719,1.7337379884846453e-05,80,0.05370813769491906,0.046444113065092565,True,0.02050206361129456,0.03508819653495404,True,0.26325282682499274,0.23884454349840278,0.007010336003115156,-0.024999999999999967,0.004541953150116096,-0.025,9.338006618004684e-09,2.0607172245526013,4.359704267113995,0,3.4256704483781952,3.5961358377824266e-10,2.331330671821055,5.033699493056051,0,,0,1
S2_N80,4500559,2.3511371022510796,1.6770029338801768,3.2962647601286617,7.088861923871896e-07,-1.2917103492243398,0.3599271609021414,0.0005818604936382687,80,0.0006009469659137459,0.00010388951977647693,True,0.03866235326687259,0.012881060911234402,True,0.3597650061353618,0.337948765230898,0.0016139381864428634,0.0,0.0006055256162274071,0.0,7.088861923871896e-07,1.6770029338801768,3.2962647601286617,0,2.5455668782624117,7.393051377626852e-08,1.811306539407982,3.5774787926424487,0,,0,1
S2_N80,4500560,3.3450251671605775,2.221067735176369,5.03775422591925,7.494402340550773e-09,-1.7912680772044338,0.3461415486586303,1.763262051046383e-06,80,0.0042447003785880425,0.0028099764492367538,True,0.03472722096037369,0.05323793886744839,True,0.4451332580590843,0.35848357190874836,0.004983448810982261,0.04999999999999993,0.0038487555618565627,0.05,7.494402340550773e-09,2.221067735176369,5.03775422591925,0,3.698010865802768,3.194173583853281e-09,2.39866293409345,5.7012113578866686,0,,0,1
S2_N80,4500561,3.2046136508583127,2.097736248786162,4.895538539322964,7.172892177700765e-08,-1.5499999999999983,0.3467819221498723,2.655906300252273e-05,80,0.0023585264629630565,0.002751980925117656,True,0.014532516967498264,0.028771162262037766,True,0.06456818492184817,0.09224047841286093,0.0013896120647657018,-0.012500000000000067,0.0006154686883389634,-0.0125,7.172892177700765e-08,2.097736248786162,4.895538539322964,0,3.4554664080923274,9.77478239795074e-07,2.1034743831379648,5.676440936562308,0,,0,1
S2_N80,4500562,3.1931458627289815,2.132807167178146,4.780638708258596,1.7149981196010477e-08,-1.7380184096139084,0.3898915420224635,2.7763869669513814e-05,80,0.00023055925822954666,2.188252686763565e-05,True,0.006513385366241617,0.018792106452763906,True,0.039017987460066614,0.03060343101474824,0.0019851301195236495,0.0,0.0006055256162274071,0.0,1.7149981196010477e-08,2.132807167178146,4.780638708258596,0,3.772587886008723,5.008836248582943e-11,2.5388309752646396,5.605894798166397,0,,0,1
S2_N80,4500563,2.470245314863514,1.7481013788793758,3.490708256014828,2.9630575124547664e-07,-1.3197543385170143,0.4038425449280663,0.0016197346816280171,80,2.3437577015297088e-05,1.849788086164412e-05,True,0.15219026612036402,0.10742490641752832,True,0.29067118200751296,0.6013449039199072,0.005431093255961217,-0.03749999999999998,0.011804249436015334,-0.0375,2.9630575124547664e-07,1.7481013788793758,3.490708256014828,0,2.627230509788448,3.5445144618188134e-08,1.8635320993121611,3.7039019366025174,0,,0,1
S2_N80,4500564,2.9077176281270356,,,,-1.7303028456523064,0.36293483103160024,8.64209743953942e-06,80,0.0008041931252278299,0.0012008030286549053,True,0.017282995812199463,0.04419168833275165,True,0.2894839895122766,0.6709063935417624,0.003365288149068622,0.025000000000000022,0.009058300990369608,0.025,8.181880089908786e-08,2.0299370807741597,4.1650659446529685,1,3.0208222064107884,7.856754560810258e-07,2.004455990546874,4.552540362961463,1,0.0,0,1
S2_N80,4500565,3.0555366764267817,2.1388989232297537,4.365004946980539,8.358459696468041e-10,-1.8152342735067395,0.3748922606883791,6.491443448636347e-06,80,0.09680504966509675,0.02619316731709802,True,0.029723527666547258,0.023081306493955303,True,0.005194113937685403,0.011281089964491,0.02401651503375123,-0.09999999999999998,0.013253183412303674,-0.1,8.358459696468041e-10,2.1388989232297537,4.365004946980539,0,3.315657525131358,1.903007588362777e-09,2.242262347719894,4.9028985547294806,0,,0,1
S2_N80,4500566,1.9506529952977623,1.366261613895963,2.7850062311374253,0.00023534514380865466,-0.7269231233260129,0.3698552745477324,0.05297107684474199,80,0.014810420334902761,0.009576914531584673,True,0.012379314008776614,0.02775639764112599,True,0.5433105726556353,0.7499533728826746,0.002975950426737367,0.0,0.0024895756218711994,0.0,0.00023534514380865466,1.366261613895963,2.7850062311374253,0,2.0684783333116368,0.0001575630072598569,1.4188376377219878,3.015568872453362,0,,0,1
S2_N80,4500567,2.160098200812451,1.503924058308131,3.1025663904880436,3.0601745104718316e-05,-1.762458236306572,0.3999168631156339,3.347242480026721e-05,80,0.1605995340550218,0.08003558962939633,True,0.08970460256570294,0.06326664158732963,True,0.03566425598502977,0.02634739998990152,0.0035324938004431105,0.050000000000000044,0.004781774238478969,0.05,3.0601745104718316e-05,1.503924058308131,3.1025663904880436,0,2.201902079077461,6.60362841544582e-05,1.494220540128652,3.244750447231974,0,,0,1
S2_N80,4500568,2.538847774282028,1.7668442147566865,3.6481699785085215,4.7200641754744076e-07,-1.0934459254771283,0.3425206250600829,0.002044045076238099,80,0.001186300243082654,0.00038858095043922496,True,0.016372214745311104,0.052094443111356886,True,0.10479042371676575,0.12220353435305348,0.05374953197903135,0.11250000000000004,0.05278573378227616,0.1125,4.7200641754744076e-07,1.7668442147566865,3.6481699785085215,0,2.68798913019709,2.0871834504492209e-07,1.8505516915908202,3.9043954280717865,0,,0,1
S2_N80,4500569,4.860083824230778,3.1422210345655177,7.517107968763793,1.200463933841643e-12,-1.6594174024285389,0.40278224320201067,9.461054571802017e-05,80,0.0006222233434489474,5.1792803912623755e-05,True,0.07049791052050523,0.092183710106466,True,0.9497953065900228,1.0,0.010260480926363332,0.050000000000000044,0.02553017941471786,0.05,1.200463933841643e-12,3.1422210345655177,7.517107968763793,0,4.721310909595568,1.2135348549418418e-10,2.943346239893592,7.573277109889724,0,,0,1
S2_N80,4500570,3.41717882193344,2.36905797241124,4.9290102804809734,4.8777739681745587e-11,-1.6495131425611818,0.3399474237845793,6.239929996639429e-06,80,0.0008048335178000036,0.0006620409282744072,True,0.1593017208446189,0.15187605391222062,True,0.29086974235072627,0.5298142882892154,0.04461986726570782,0.09999999999999998,0.044917388577772104,0.1,4.8777739681745587e-11,2.36905797241124,4.9290102804809734,0,4.371940539452494,2.5269595503841746e-12,2.892909513709411,6.607142045033949,0,,0,1
S2_N80,4500571,2.5509935545233065,1.7560066335257392,3.7058903941344745,8.876785405724187e-07,-0.5274875267284387,0.3775638988610663,0.1664023209427021,80,0.007926940038757053,0.003447111720072851,True,0.33770240040700017,0.3134543359788421,True,0.46281449224685667,0.30099118871984987,0.0025948592911490182,0.012499999999999956,0.0018647148191420666,0.0125,8.876785405724187e-07,1.7560066335257392,3.7058903941344745,0,2.62602613515494,2.322318677851376e-06,1.7591475065107118,3.9200881318901497,0,,0,1
S2_N80,4500572,4.157029617916467,2.838296094130208,6.088475152389074,2.5153540484282697e-13,-1.385622704276111,0.37940115054765505,0.0004721757209360605,80,0.0001824181118887734,7.268625038399854e-05,True,0.02640198974256723,0.015793828207046487,True,0.03971387136054793,0.04237214642287327,0.11907233541700225,0.15000000000000002,0.12149690474620235,0.15,2.5153540484282697e-13,2.838296094130208,6.088475152389074,0,4.254172318397318,7.192991872123795e-10,2.684102859417763,6.74265594968437,0,,0,1
S2_N80,4500573,3.1671747114490127,2.1585296508212055,4.647142859041051,3.788038578576644e-09,-1.1677878654141183,0.3589804116620819,0.001696279510548021,80,0.00015725330392090783,4.940369904874931e-05,True,0.10091555771904448,0.13639750210318483,True,0.9036728201742626,0.8694701103557219,0.11809339382481764,0.15000000000000002,0.11068079515282117,0.15,3.788038578576644e-09,2.1585296508212055,4.647142859041051,0,3.525416570181622,9.616611410981047e-10,2.3541737559922105,5.279373267022468,0,,0,1
S2_N80,4500574,2.931926282751648,2.041625446989645,4.210464627664634,5.700986678582361e-09,-0.973008688033876,0.3682534780594549,0.009972267977657122,80,0.0010591502697592835,0.00018255713799352526,True,0.014852828288734046,0.005971346147595238,True,0.3035281029564145,0.574881807797158,0.01163499797023258,0.050000000000000044,0.013759933895470105,0.05,5.700986678582361e-09,2.041625446989645,4.210464627664634,0,2.954376598985955,4.7210999110175416e-08,2.00276675491564,4.358141589485027,0,,0,1
S2_N80,4500575,2.647538316923124,1.8009286317627695,3.892135988040343,7.332064203694099e-07,-1.684198091355507,0.4390091565404499,0.0002540303243200093,80,0.0038896185462588373,0.0007954972094798348,True,0.07424600440295857,0.04590924840810157,True,0.45049530871729004,0.5913909671743447,0.004044165562531099,0.025000000000000022,0.005330626508080562,0.025,7.332064203694099e-07,1.8009286317627695,3.892135988040343,0,3.0291502398487227,3.2155728412381506e-07,1.9802533540079168,4.63362486269971,0,,0,1
S2_N80,4500576,2.3774508277583055,1.6354568871448525,3.4560815896995463,5.701417362710311e-06,-1.214370178501043,0.4082501946599705,0.003917051805471945,80,0.0001538890007332852,0.0001432037990841529,True,0.7532499002772889,0.8963922690091433,True,0.9371536997593033,0.9922811525987534,0.006839863214597224,-0.03749999999999998,0.010544670447835525,-0.0375,5.701417362710311e-06,1.6354568871448525,3.4560815896995463,0,2.4140066349033646,4.986594423650935e-06,1.6535750296208178,3.524138868191398,0,,0,1
S2_N80,4500577,3.364921738691117,2.259249477325834,5.0117078353463596,2.3744179343110518e-09,-1.4633955981060398,0.331451812225593,3.2494826186499535e-05,80,1.1367576461222848e-06,7.402056293488953e-07,True,0.025940933637365046,0.028241111738132922,True,0.40733501419393536,0.45684194108570764,0.1483189568795484,0.16249999999999998,0.1306633606036142,0.1625,2.3744179343110518e-09,2.259249477325834,5.0117078353463596,0,3.4722297583179618,6.048361954551946e-09,2.2824836934532766,5.282131709912962,0,,0,1
S2_N80,4500578,2.7938954357497443,1.8900212342075347,4.130033866617463,2.5741961200548455e-07,-1.8212312339564924,0.3869303429514337,1.0893174909984075e-05,80,0.003531107793541598,0.0011847077169594245,True,0.19940544753391576,0.18952475384695244,True,0.8261366189740497,0.9614393735488694,0.029168432191988686,-0.08749999999999991,0.02704503817240941,-0.0875,2.5741961200548455e-07,1.8900212342075347,4.130033866617463,0,3.175393920349502,3.5602580779484395e-08,2.1054638394740763,4.789028602795307,0,,0,1
S2_N80,4500579,4.093764869588699,2.800776719062326,5.983665421601087,3.3878654590218884e-13,-1.5146071871127633,0.36281304128345465,7.783775740184311e-05,80,0.00031226648615383123,3.797056674539061e-05,True,0.018087115169217252,0.02479824005932993,True,0.30211334006623003,0.4507147232357769,0.048830262092060164,0.10000000000000009,0.03491664077841603,0.1,3.3878654590218884e-13,2.800776719062326,5.983665421601087,0,4.392528606889998,1.7314860049322504e-13,2.9631042096919624,6.511518393189682,0,,0,1
S2_N80,4500580,3.1180069329259044,2.0763373055683005,4.682267764347214,4.2089076378184413e-08,-1.5332596685082862,0.34535788031317466,2.9683624672328377e-05,80,0.18477043124334958,0.21729062004932742,True,0.5920180385366637,0.7357621364170364,True,0.7480568693701398,0.8391770447545166,0.01157734401332286,0.0625,0.012508490355308538,0.0625,4.2089076378184413e-08,2.0763373055683005,4.682267764347214,0,3.3597000698582726,2.0898382267021766e-08,2.199090795359037,5.132841528520338,0,,0,1
S2_N80,4500581,3.287522880151006,1.9877663995016355,5.437161373804313,3.5472690786940967e-06,-0.9680597785977856,0.38212948336075503,0.013330856994127206,80,0.00021643351813473665,5.835765701364984e-05,True,0.0036786555436573915,0.002255007408873472,True,0.41136406905404044,0.5553107216315833,0.04219972382728681,0.10000000000000009,0.04158024460866755,0.1,3.5472690786940967e-06,1.9877663995016355,5.437161373804313,0,3.1443469320351447,1.1169729897868243e-05,1.8860968498191253,5.241998908988672,0,,0,1
S2_N80,4500582,2.337158896146494,1.6436566878234156,3.3232680195948165,2.2811465454053593e-06,-1.483253944626378,0.39078722843440233,0.00029186659903899923,80,0.0036355642090812918,0.0014987018847705802,True,0.07507612466216089,0.0885663589567566,True,0.6275996378224216,0.7239106170523693,0.0063371002102473465,-0.03749999999999998,0.008193909541008109,-0.0375,2.2811465454053593e-06,1.6436566878234156,3.3232680195948165,0,2.3522727096676204,9.976952476235914e-06,1.6094289553290912,3.437981454431855,0,,0,1
S2_N80,4500583,2.2951816448417013,1.6293459226286793,3.2331125696865164,2.0092639904230625e-06,-1.0391317526606494,0.38006367143541203,0.007757928710285228,80,0.00034016647820240864,4.9514870518766874e-05,True,0.002671225123911165,0.00036114767008025065,True,0.11922438721239291,0.14432897988338592,0.0419478793611678,-0.11250000000000004,0.04884973434085901,-0.1125,2.0092639904230625e-06,1.6293459226286793,3.2331125696865164,0,2.4792821514111987,2.568561347641293e-06,1.6981574097324093,3.619711547985851,0,,0,1
S2_N80,4500584,3.9601168100702324,2.715010691445299,5.776229610739564,8.935790621215315e-13,-1.5145931758530193,0.37391263198524793,0.00012085019291764941,80,0.2068783326444712,0.15474050351457702,True,0.0004806761093425721,0.0008368466187960059,True,0.9131949571678448,0.8237648355768263,0.06287103941779743,0.125,0.03837659116204539,0.125,8.935790621215315e-13,2.715010691445299,5.776229610739564,0,4.112191333200299,3.1826490545439764e-12,2.7630030680949127,6.120194999460191,0,,0,1
S2_N80,4500585,2.547996046806684,1.7310083672773358,3.7505791290622454,2.1189821660055365e-06,-1.4824397919134218,0.3443831557356964,4.8696661634254406e-05,80,0.0008075956521045866,0.00042104177385999094,True,0.03808080484393345,0.04545062693640515,True,0.14089568409891215,0.11028556461184112,0.005347308682126858,-0.025000000000000022,0.005330626508080562,-0.025,2.1189821660055365e-06,1.7310083672773358,3.7505791290622454,0,2.5782871034639863,9.161960423253531e-06,1.696659675766532,3.9180305177497754,0,,0,1
S2_N80,4500586,2.1949082424695296,1.4650992961255789,3.2882564380453734,0.00013794281069807188,-1.360066473902286,0.3473855075751268,0.00019383033941229287,80,0.009587694859114048,0.0026195602887727704,True,0.04009370712113513,0.03811804658252972,True,0.4485328171696521,0.2638089669334981,0.0012967520698930295,0.0,0.0008130221139116,0.0,0.00013794281069807188,1.4650992961255789,3.2882564380453734,0,2.4864212808058923,7.218798506548486e-06,1.6702791730431645,3.701351777248466,0,,0,1
S2_N80,4500587,2.6411472117886903,1.912877504279147,3.6466833755608903,3.62305652678271e-09,-1.266571854814913,0.3535717265203937,0.0005945732877964329,80,0.0005768860930592356,5.875770796684637e-05,True,0.3340562714027613,0.2933870334466082,True,0.1432120099657128,0.1961713748549735,0.004783771277009519,-0.025000000000000022,0.005330626508080562,-0.025,3.62305652678271e-09,1.912877504279147,3.6466833755608903,0,3.134910629066234,1.0641648253960235e-09,2.1715586621466927,4.525627063888443,0,,0,1
S2_N80,4500588,3.3262656757872184,2.1215550424797716,5.215063066658895,1.6222877675981314e-07,-1.8135399284862947,0.3746023940744471,6.510902026859469e-06,80,0.0011273138363999103,0.0002636487694183114,True,0.381940588134016,0.26922174052563574,True,0.12078309001231043,0.09678834880449691,0.015182141854302516,-0.08750000000000002,0.014169211079951163,-0.0875,1.6222877675981314e-07,2.1215550424797716,5.215063066658895,0,3.965353321852135,3.226164496041367e-09,2.5130098447846345,6.2570494897807745,0,,0,1
S2_N80,4500589,3.1036883222401306,2.217982896991499,4.34308182208074,3.9272129771031035e-11,-1.8249999999999953,0.38378374953068145,9.056668193516342e-06,80,0.0002915561685305697,0.00020054181899638093,True,0.0027532842000676195,0.00262017138203313,True,0.5660631309392312,0.5786969089262333,0.04469872018740728,-0.125,0.01978887141813441,-0.125,3.9272129771031035e-11,2.217982896991499,4.34308182208074,0,3.2307539732741715,1.6758013493884604e-09,2.2063025326172645,4.730888480395687,0,,0,1
S2_N80,4500590,3.011727628722497,2.1120107629803337,4.294723998854402,1.1349168338803365e-09,-1.5566774625642248,0.36457691744992377,5.5253248940682915e-05,80,2.8577982417651452e-05,2.1608297450921495e-06,True,0.12163544224146602,0.0852124144802975,True,0.518376821400629,0.5263746945370547,0.004462590268535478,-0.025000000000000022,0.0031555361579707042,-0.025,1.1349168338803365e-09,2.1120107629803337,4.294723998854402,0,3.040558066551632,3.625127228803374e-09,2.101501695600328,4.399231928019557,0,,0,1
S2_N80,4500591,2.6723284222205845,1.8826415059941672,3.7932549417775796,3.795564844221766e-08,-1.494517371213414,0.3454960140342682,4.509621856546261e-05,80,0.025528481250682234,0.024591849266761306,True,0.009227020411712217,0.002277136464372303,True,0.5556460689944529,0.7205671113560406,0.15139876486999215,0.16249999999999998,0.1736176699668917,0.1625,3.795564844221766e-08,1.8826415059941672,3.7932549417775796,0,3.0828473667650442,6.3368363488215545e-09,2.1083353695703657,4.507797015570095,0,,0,1
S2_N80,4500592,2.792107334949168,1.9569068090805384,3.983768329540366,1.4954297910287195e-08,-1.6193238819678313,0.378705123812032,5.4039649246838246e-05,80,0.003581408614475329,0.0014867843295640986,True,0.055748147107955844,0.10197728298877963,True,0.5055768155834262,0.64600872795558,0.004404859173620445,0.025000000000000022,0.0025617847204274066,0.025,1.4954297910287195e-08,1.9569068090805384,3.983768329540366,0,3.0017608517530032,1.0081594981108377e-07,2.002982737246028,4.49857507184803,0,,0,1
S2_N80,4500593,2.0877434326849413,1.4699778317326937,2.965128144539053,3.919646561996058e-05,-0.9969462705949194,0.35618392466845866,0.006475808516077168,80,0.0011159560102805156,0.002486783023921699,True,0.44138905964639086,0.5307072568664963,True,0.026356380193674245,0.036333961634348946,0.009659362588689704,0.03749999999999998,0.007111770804383594,0.0375,3.919646561996058e-05,1.4699778317326937,2.965128144539053,0,2.340637603760883,1.1116809120198976e-05,1.6017673487429003,3.420337164719455,0,,0,1
S2_N80,4500594,2.672735508903228,1.9229311457862701,3.7149094579937625,4.851309930894273e-09,-1.341461999164308,0.38065655217075944,0.0007187455557503478,80,0.0003017025330676926,0.00013445646868542966,True,0.10892839870582495,0.382879683958778,True,0.6881023010909417,0.8125790497700188,0.0076274647445170665,0.050000000000000044,0.012259221667390522,0.05,4.851309930894273e-09,1.9229311457862701,3.7149094579937625,0,2.824922636063366,4.3515883471403405e-08,1.9479663278179848,4.096676511180871,0,,0,1
S2_N80,4500595,1.7923288872811431,1.24959136998193,2.570794675245648,0.0015207073586753612,-1.5884081235120113,0.3494507705717931,2.0028476183392947e-05,80,0.0014045476999646662,0.001480179443439027,True,0.003671819956411543,0.0017345790369873086,True,0.8442777778419756,0.7207664364098914,0.018753937845259815,-0.08750000000000002,0.0190714185322976,-0.0875,0.0015207073586753612,1.24959136998193,2.570794675245648,0,1.9571726118852624,0.0004252501458188618,1.3471850868660167,2.8433543913589525,0,,0,1
S2_N80,4500596,3.033567768707796,,,,-1.5696890361188283,0.36717426211646825,5.421566698617451e-05,80,2.7970602266085515e-05,1.1269171190654707e-05,True,0.009004129451795977,0.006259548291406365,True,0.19493910991364083,0.15763136431935088,0.03139223894659693,0.09999999999999998,0.013253183412303674,0.1,6.347917004640025e-07,2.017798017539051,4.560681162015612,1,3.0613996442201272,2.6048615786259764e-05,1.8596600610777088,5.0397209564202665,1,0.0,0,1
S2_N80,4500597,3.9286866051339495,2.6832038009491996,5.7522944906006925,2.0141592916643927e-12,-1.2326275199567043,0.4228677898905481,0.0046567629984356745,80,0.006339328933691602,0.010467183387244764,True,0.010873963467714335,0.004944432615841838,True,0.10181927401360966,0.06025627125772717,0.09336575373541711,0.1375,0.11685336836108624,0.1375,2.0141592916643927e-12,2.6832038009491996,5.7522944906006925,0,3.9660174382352014,1.2444535135154438e-11,2.6622774236577276,5.9082100838218015,0,,0,1
S2_N80,4500598,2.1552828710617256,1.5331360608520668,3.029896936681797,9.921424269024617e-06,-1.1177186286326504,0.40008170343174076,0.006571653102702925,80,0.0005961693690640092,0.00027973932357461273,True,0.06439070097782489,0.06843895894702455,True,0.29359998643699325,0.41592113156242283,0.022889152123680145,0.07499999999999996,0.027816712407383513,0.075,9.921424269024617e-06,1.5331360608520668,3.029896936681797,0,2.193783918279257,1.6938874585002526e-05,1.533706148541044,3.1379465255967167,0,,0,1
S2_N80,4500599,2.6507674798205483,1.8206840209953987,3.8593013126092224,3.647725702714358e-07,-1.8499999999999992,0.38612058922050746,7.891190340709209e-06,80,0.05279255480333827,0.04187932304189202,True,0.0013195995310142008,0.001232888718444087,True,0.035279335704064836,0.032179768220017634,0.005471013552844199,-0.03749999999999998,0.0042912198444716035,-0.0375,3.647725702714358e-07,1.8206840209953987,3.8593013126092224,0,3.0275598064833713,1.786091262883055e-07,1.9974095520689137,4.589002977551289,0,,0,1
S2_N80,4500600,3.139267830427266,2.1564261429969753,4.57006262104537,2.3640058995031655e-09,-1.904383702939658,0.4046626395676006,1.0925088544084697e-05,80,3.281053382836256e-05,0.00011649246812290331,True,0.00264918414213975,0.0006229341899609962,True,0.6890298275794042,0.8924789481787401,0.1918850527328263,0.175,0.1805509430885001,0.175,2.3640058995031655e-09,2.1564261429969753,4.57006262104537,0,3.3642192461454,1.1067406234010776e-10,2.327123908760579,4.8635017213857985,0,,0,1
S2_N80,4500601,2.245170593634218,1.6385313565675825,3.0764080127702553,4.838052355030214e-07,-1.3994431077829754,0.40001901897237835,0.000780958034019152,80,0.002672304954515252,0.0007966319989526661,True,0.20893456714917857,0.19967730798670424,True,0.498518594423328,0.6739671615051919,0.003112547065041474,0.012499999999999956,0.007772475172303237,0.0125,4.838052355030214e-07,1.6385313565675825,3.0764080127702553,0,2.6262071352067613,3.7929728383852285e-08,1.8616771014462263,3.704704705049583,0,,0,1
S2_N80,4500602,2.517001934570738,1.7146128584945248,3.694885820578411,2.4425532738974313e-06,-1.1976586102719038,0.36988887549668426,0.0017776134154392483,80,0.01485891979369092,0.006714468783019315,True,0.001952688554519984,0.002275502752468448,True,0.2281092185768353,0.22358725316355277,0.001389612064765702,0.012500000000000067,0.002813335718335154,0.0125,2.4425532738974313e-06,1.7146128584945248,3.694885820578411,0,2.6277822104842614,2.4649887051202254e-06,1.758019188518009,3.927852091056295,0,,0,1
S2_N80,4500603,3.209893945144528,2.2184616275408096,4.644398177171521,6.115326109440122e-10,-1.9312345540328004,0.34612334334359784,3.4483289586670975e-07,80,0.0006702831470150089,5.69643284809184e-05,True,0.006604511671179905,0.0014870719306635286,True,0.27270725086602654,0.28101647423645415,0.02954470741274733,0.08750000000000002,0.021662657248263956,0.0875,6.115326109440122e-10,2.2184616275408096,4.644398177171521,0,3.7045855149381097,8.213712715725722e-13,2.588215855727988,5.302476533059148,0,,0,1
S2_N80,4500604,2.3844722878583466,1.6716500058188353,3.401255090343717,1.6235280099668863e-06,-1.1249999999999984,0.355425135650554,0.002220060486571025,80,0.00799098211093232,0.0009302358708052513,True,0.013935893849084596,0.0045065002659524815,True,0.5489153445744721,0.4311884608663097,0.008511843257561737,-0.03749999999999998,0.008193909541008109,-0.0375,1.6235280099668863e-06,1.6716500058188353,3.401255090343717,0,2.63618088891136,1.3984514643443699e-06,1.7781925429651113,3.9081536510514088,0,,0,1
S2_N80,4500605,2.9535320578147064,2.060797321213504,4.232998328725707,3.6853951093510177e-09,-1.839709191621952,0.376919301211318,5.58588758047062e-06,80,0.0005088309042880578,0.0004435824744452671,True,0.19900771311301124,0.2633027326742967,True,0.2728924133142401,0.3928162734089089,0.003746187178754403,0.03749999999999998,0.007111770804383594,0.0375,3.6853951093510177e-09,2.060797321213504,4.232998328725707,0,3.4217754185646654,9.549953148319742e-10,2.307085791210324,5.075037547238741,0,,0,1
S2_N80,4500606,2.5303278610349795,1.784933864952181,3.5870007343389063,1.8477225135018456e-07,-2.3653237074988347,0.4018476700352187,9.722331714268382e-08,80,5.851629359975193e-05,4.937845981507008e-05,True,0.18139022395208004,0.4288927306882505,True,0.4271502007312552,0.5460147450381208,0.040211626291612956,-0.10000000000000003,0.02834550338924414,-0.1,1.8477225135018456e-07,1.784933864952181,3.5870007343389063,0,2.553001508022284,7.223688973223106e-08,1.8151478061346957,3.59079116198452,0,,0,1
S2_N80,4500607,3.9327650830522423,2.7497908542613185,5.624660935396755,6.350807551079816e-14,-1.2483082706766913,0.3851636427040761,0.0017607461762706824,80,0.05522469237648121,0.09442062235089839,True,0.09406197714493245,0.07846580824150819,True,0.6682625132450379,0.5140433010911583,0.030945900485920323,0.08750000000000002,0.011895647399783216,0.0875,6.350807551079816e-14,2.7497908542613185,5.624660935396755,0,4.776481480357609,2.1915902592478054e-13,3.145459537533874,7.253240761789173,0,,0,1
S2_N80,4500608,2.6308432185756527,1.8641391551047553,3.7128859300938597,3.7294874865938514e-08,-1.6335572624097232,0.3160881245515812,1.8123322367726593e-06,80,6.31355864765125e-05,1.7931023188281463e-05,True,0.07510806187052531,0.05696757182726822,True,0.7218563714256312,0.7568879786585424,0.14438238293191005,0.16249999999999998,0.12413255827184502,0.1625,3.7294874865938514e-08,1.8641391551047553,3.7128859300938597,0,2.736402172005636,6.300209378940647e-08,1.9001938493957067,3.940596297234852,0,,0,1
S2_N80,4500609,2.617616621841558,1.7705504210060783,3.8699359801613293,1.4080520088616986e-06,-0.8937875343940656,0.4029762036819903,0.029504845710413268,80,0.004074225761935204,0.010472628573375506,True,0.00499418816465461,0.003262167629505079,True,0.9059207840959279,0.9153935175665813,0.02086313321045844,-0.0625,0.023740109988523432,-0.0625,1.4080520088616986e-06,1.7705504210060783,3.8699359801613293,0,2.8035293205617036,6.166213269861347e-07,1.869446072526829,4.204334517457108,0,,0,1
S2_N80,4500610,3.0852964732723067,2.212050676590925,4.303271362054286,3.2094910172791626e-11,-1.5321770934232941,0.33253329678099736,1.5861973852936676e-05,80,7.442678498561582e-05,0.0003306231965691764,True,0.002373297979368492,0.006718348492075995,True,0.30742137053365426,0.5386300286275689,0.001787127291515999,0.0,0.0010612218584620265,0.0,3.2094910172791626e-11,2.212050676590925,4.303271362054286,0,3.233493959652551,5.545581716222944e-10,2.2316519227956726,4.685086899220181,0,,0,1
S2_N80,4500611,3.14565797248366,2.1113494443742473,4.6866538867907295,1.7630294432314003e-08,-1.5249999999999988,0.4232282499427773,0.0005548891281845138,80,0.3896721866730941,0.8169054154761657,True,0.002743964512138993,0.0012609419748552358,True,0.07262752758096337,0.17749451421169238,0.00482966426864084,-0.012499999999999956,0.0033695911756032007,-0.0125,1.7630294432314003e-08,2.1113494443742473,4.6866538867907295,0,3.2633289909796734,4.1775003282076404e-08,2.1382211827249176,4.980455805697838,0,,0,1
S2_N80,4500612,4.412852206278237,2.703196981043534,7.203790449239589,2.9040390192954167e-09,-0.6578964533224609,0.3450295589506425,0.06027915956983674,80,0.0008908439440657191,0.0007258954071459452,True,0.0009261424854548719,0.00046326418531828135,True,0.04186039684452287,0.1726990105973072,0.0753801421389486,0.125,0.04798022724766801,0.125,2.9040390192954167e-09,2.703196981043534,7.203790449239589,0,4.777137060807937,1.2154139572529495e-10,2.9674583928237643,7.690432510505641,0,,0,1
S2_N80,4500613,2.4166773408623383,1.7176680617553557,3.400150180279297,4.075412400309858e-07,-1.7243678864276073,0.333419006249344,1.785693191673963e-06,80,0.001809017836127081,0.000960170697744837,True,0.028381281890191474,0.01251128095611897,True,0.9337154149968585,0.9383862934459475,0.0030199219931123264,0.012499999999999956,0.0014728106816559905,0.0125,4.075412400309858e-07,1.7176680617553557,3.400150180279297,0,2.915823206540177,3.1995720292549586e-07,1.9343946203777855,4.395186422787818,0,,0,1
S2_N80,4500614,3.119471648413836,2.141728262682075,4.54357517469164,3.039171583007065e-09,-1.6627718550106636,0.3745220074777329,2.9673554786205605e-05,80,0.0012296158336736385,0.00037144724012438377,True,0.002031455104187936,0.003572429853158941,True,0.1727251652914552,0.07572587188124777,0.0020937491157385696,0.0,0.005944576726221812,0.0,3.039171583007065e-09,2.141728262682075,4.54357517469164,0,3.3801852478279732,9.698738500647777e-09,2.2294685867304618,5.12483215849643,0,,0,1
S2_N80,4500615,2.213791363507658,1.6017716169869511,3.0596572876974752,1.4838894167497142e-06,-1.040540939267272,0.4009106233875789,0.011307798051768238,80,0.0024286533767707936,0.0006781304340366106,True,0.16727160656280327,0.18192151384961486,True,0.2797891451598802,0.30520791022949334,0.027841198672961136,-0.09999999999999998,0.03161262054094576,-0.1,1.4838894167497142e-06,1.6017716169869511,3.0596572876974752,0,2.395349211284531,5.449189347623371e-07,1.7019599439559259,3.3712296604731433,0,,0,1
S2_N80,4500616,2.6008904915832245,1.8638186245833834,3.629447232678081,1.8862832140108197e-08,-0.7823612068785392,0.38573867961425634,0.04599678071053901,80,1.3416392109372595e-05,9.486004854416552e-07,True,0.054563616954198695,0.041375926314461804,True,0.7327034737991187,0.8429034679108641,0.011829168768265045,-0.0625,0.00649939493794603,-0.0625,1.8862832140108197e-08,1.8638186245833834,3.629447232678081,0,2.6449722397069517,4.7325591814949564e-08,1.8655867363342338,3.7499613459768106,0,,0,1
S2_N80,4500617,2.6087101244519215,1.729250042391132,3.9354450464594417,4.861142743962247e-06,-1.0169485890582182,0.35399669013404284,0.005255197541474577,80,0.008000161757163391,0.005421044587089691,True,0.017330277185010352,0.011183540600357502,True,0.7157903037591586,0.6638045323147621,0.003960229102972657,0.012500000000000067,0.0011351017127660373,0.0125,4.861142743962247e-06,1.729250042391132,3.9354450464594417,0,2.7949114146507577,2.399949538035386e-06,1.8233738770820098,4.284107562320726,0,,0,1
S2_N80,4500618,2.582495772635174,1.7443165086882768,3.823437078339546,2.148419778280203e-06,-1.8726180164573396,0.38993144316673933,7.559687603381536e-06,80,0.0016285290914845245,0.004199998931395215,True,0.003122514544239177,0.0004116283025843633,True,0.5324027608676268,0.5949498867165822,0.013082024727114491,-0.050000000000000044,0.003019888433938995,-0.05,2.148419778280203e-06,1.7443165086882768,3.823437078339546,0,2.7238779845403154,2.6525476095799396e-06,1.792897265812898,4.138280210550385,0,,0,1
S2_N80,4500619,2.2949303521264635,1.571030794030387,3.352388343451799,1.7372239053401663e-05,-1.3633996937212864,0.3918142450176305,0.0008296082349877468,80,6.115594749874683e-05,0.00013360163111214384,True,0.13135699688401253,0.13762665125001794,True,0.6605541032619962,0.8199818039634008,0.0008416160736892826,0.0,0.0029581913991051137,0.0,1.7372239053401663e-05,1.571030794030387,3.352388343451799,0,2.4508812970232774,4.931239768228191e-06,1.6682720322303284,3.600623289277307,0,,0,1
S2_N80,4500620,3.762409933880938,2.3842931888166743,5.937075430556196,1.2455786180797831e-08,-1.3793392712550614,0.3567611343400608,0.0002293185645766921,80,2.9555059632354563e-05,8.542043042190075e-05,True,0.028924381857938563,0.0385868341891544,True,0.5311308098098946,0.43322637327632596,0.04691769550223882,0.11250000000000004,0.06812528270875354,0.1125,1.2455786180797831e-08,2.3842931888166743,5.937075430556196,0,3.9166800649093063,8.662524926142008e-09,2.4603154709595385,6.235128345095974,0,,0,1
S2_N80,4500621,2.477992862797298,1.7039406374052073,3.6036752063294526,2.043131387128967e-06,-1.0942974392646074,0.3488915281848656,0.0024218221876909168,80,8.171174759892483e-05,5.722270513703181e-05,True,0.0003536561730089151,0.0003301402955753587,True,0.4354198364932774,0.26975745667126794,0.011218422041129845,-0.04999999999999993,0.015316610912388218,-0.05,2.043131387128967e-06,1.7039406374052073,3.6036752063294526,0,2.714396601944213,9.629635906759892e-07,1.8204295460193372,4.0473683415859165,0,,0,1
S2_N80,4500622,3.4342724309637105,2.39130982383149,4.932120050918381,2.3761642293281046e-11,-1.2355439533754258,0.408557801865592,0.0033866142075210143,80,0.0003488472074349327,0.00026615042416581845,True,0.08403951019533859,0.0684015604084558,True,0.5390001888750405,0.3049987495182953,0.005668421424795906,0.02499999999999991,0.010117992772564165,0.025,2.3761642293281046e-11,2.39130982383149,4.932120050918381,0,3.4931214257116596,3.556525888555272e-10,2.3630441515510134,5.163634918440685,0,,0,1
S2_N80,4500623,2.2362863782435083,1.5713307647522188,3.1826378492029748,7.824388331613066e-06,-1.5520203045685292,0.3790031222635041,0.00010333834262959616,80,0.001033407170511995,0.00032954904977732397,True,0.005886623439976409,0.005181246277428913,True,0.7767393542286781,0.764451418100148,0.0017549948491552521,0.0,0.0013519667535902289,0.0,7.824388331613066e-06,1.5713307647522188,3.1826378492029748,0,2.2894860549452924,8.805868420377724e-06,1.588918918133371,3.2989388797427455,0,,0,1
S2_N80,4500624,4.045326953088725,2.7832056467280726,5.879791950201148,2.3926946848098636e-13,-1.655043763676148,0.40551497283651405,0.0001084575423252553,80,0.009400452327074281,0.0032272431573322257,True,0.027260533393142834,0.030556192671337322,True,0.45034105610447495,0.3581934937183996,0.004851254831650038,0.03750000000000009,0.005156257815362903,0.0375,2.3926946848098636e-13,2.7832056467280726,5.879791950201148,0,5.2059921304060355,1.9682347243821297e-11,3.2148784715313465,8.430288827975472,0,,0,1
S2_N80,4500625,4.2624618034237765,3.1198766281538766,5.823493295117108,8.525050428286547e-20,-1.6987234310149657,0.3609505928948021,1.0918977877144574e-05,80,0.005594617005031322,0.006572347112081641,True,0.7995392698243846,0.8206023501420071,True,0.3766103702328236,0.35846083431685805,0.03074099449848246,0.09999999999999998,0.03161262054094574,0.1,8.525050428286547e-20,3.1198766281538766,5.823493295117108,0,4.7487210746001995,1.7572153198432564e-17,3.316885736675071,6.798651999075829,0,,0,1
S2_N80,4500626,3.2778113170752223,2.3116035243018547,4.647876211207671,2.6895973988270438e-11,-1.2092762027024087,0.3502920591216536,0.0009062928586095789,80,0.00012397064069606195,1.797789890939371e-05,True,0.11770397982757425,0.08942758682066004,True,0.5176094962638821,0.3212506689426521,0.014592634269593287,0.050000000000000044,0.010820553666713284,0.05,2.6895973988270438e-11,2.3116035243018547,4.647876211207671,0,3.6646129644956615,2.8819317338966145e-12,2.5452294656800083,5.276297622918551,0,,0,1
S2_N80,4500627,3.4278166865714605,2.2898449173520503,5.131320094080968,2.1658520260903044e-09,-1.6089891753385965,0.3638323030234751,3.1640159422552276e-05,80,4.8604189631744726e-05,0.00024077180477536736,True,0.16807831903497028,0.1631062231554845,True,0.6275164378422156,0.7427358551362104,0.00709752598626595,0.03749999999999998,0.008193909541008109,0.0375,2.1658520260903044e-09,2.2898449173520503,5.131320094080968,0,3.6649976652617755,3.420019122698235e-10,2.443343476830646,5.49747017304243,0,,0,1
S2_N80,4500628,2.5973373715940875,1.770085883608984,3.8112057072195293,1.0681623586106286e-06,-1.1943281099399918,0.3944053181765121,0.0033467222650351387,80,0.0016807382513158921,0.005343533606946632,True,0.002613148440143406,0.0019946287239878723,True,0.8437450595269238,0.9807181601276013,0.0012887949009317546,0.0,0.00030225071633389807,0.0,1.0681623586106286e-06,1.770085883608984,3.8112057072195293,0,3.0459956309478127,5.133327059565402e-09,2.0963429028480363,4.4258452999975315,0,,0,1
S2_N80,4500629,1.9757510217152376,1.334911945946945,2.9242319028314023,0.0006641710920694567,-1.5431522271169844,0.3713351874443619,8.328742648276346e-05,80,0.0012905335782173878,0.0014635783462554188,True,0.0007146697152441848,0.0008209213204304587,True,0.7679472141822239,0.8430920572985119,0.0008620869080533263,0.0,0.0006055256162274071,0.0,0.0006641710920694567,1.334911945946945,2.9242319028314023,0,1.9983129631329952,0.0010332554058385228,1.32152030287312,3.0217127122024756,0,,0,1
S2_N80,4500630,3.4478480418254245,2.411300840174403,4.929976351959307,1.1667455770970759e-11,-1.311177186106231,0.4132887129443393,0.002171206168713692,80,0.005716269623385307,0.0023563881511743236,True,0.0035230693375893516,0.00964244414648107,True,0.9553983562148559,0.8092074594208997,0.002661530493811176,-0.03749999999999998,0.001209752427800033,-0.0375,1.1667455770970759e-11,2.411300840174403,4.929976351959307,0,3.95083263511176,2.7994667238467392e-11,2.6363562434538697,5.92070155519453,0,,0,1
S2_N80,4500631,3.0004050858376874,2.147011126342797,4.193006067209038,1.2371695808662634e-10,-1.6149341428781274,0.35993460528559373,2.492780126611849e-05,80,0.0346203430704079,0.018876759153886355,True,0.0007658139319422482,0.000417690569848656,True,0.7054414457105003,0.6427495228080469,0.021910984355011345,0.07500000000000007,0.007181483822841991,0.075,1.2371695808662634e-10,2.147011126342797,4.193006067209038,0,3.916434146864442,1.9493036199001454e-14,2.7610071615983123,5.555384513326135,0,,0,1
S2_N80,4500632,2.981366237728854,2.0356321398539836,4.366478829572359,2.0113049454385913e-08,-1.3623456433929593,0.37258137615170583,0.00046537446734243917,80,0.001943545294888147,0.005677006455283343,True,0.004772095851514543,0.0017172265870577458,True,0.46226394200200815,0.22880983484821038,0.0027447497286371665,-0.02499999999999991,0.004541953150116096,-0.025,2.0113049454385913e-08,2.0356321398539836,4.366478829572359,0,3.282349939422185,2.184262167998718e-09,2.2238316561216163,4.8447107474018365,0,,0,1
S2_N80,4500633,2.4958043517550843,1.7640640041662234,3.5310733326729515,2.389720138761694e-07,-1.69280487804878,0.37981512479895513,2.7844093298177523e-05,80,0.00038583910729075437,0.0001438124376681341,True,0.05913582938733559,0.0417612073566201,True,0.5224172466194501,0.36132525980538377,0.004201511682563713,-0.025000000000000022,0.004541953150116096,-0.025,2.389720138761694e-07,1.7640640041662234,3.5310733326729515,0,2.8875193553962717,2.2126187119697408e-08,1.9915243144446386,4.186626277828393,0,,0,1
S2_N80,4500634,3.195168669437825,2.2374264424519983,4.562877524129425,1.6610348335054883e-10,-1.1082370676513442,0.3520713413733149,0.002340741164183488,80,7.561788870825424e-05,2.4592512802261962e-05,True,0.013563609865790601,0.017425192860523235,True,0.41439460314426535,0.19179451866331698,0.013861813400374052,0.050000000000000044,0.016923457628751883,0.05,1.6610348335054883e-10,2.2374264424519983,4.562877524129425,0,3.752444086006184,4.424714212129569e-11,2.5321041264305886,5.560923214659426,0,,0,1
S2_N80,4500635,3.8399684741487503,2.57504877836967,5.726244103147416,4.1303724827512105e-11,-0.8814235159248357,0.39979146804906435,0.030460161810205246,80,0.0003522681976537261,0.0016288102333701713,True,0.09946107343723523,0.11705358277570095,True,0.3803761390855016,0.25556982024280617,0.035990253085290504,0.10000000000000009,0.04491738857777205,0.1,4.1303724827512105e-11,2.57504877836967,5.726244103147416,0,4.450723908695936,3.357025109511253e-13,2.9774068557810924,6.653085812903107,0,,0,1
S2_N80,4500636,2.2853001447607957,1.5839607951128334,3.2971755158066784,9.911181507623099e-06,-1.7310866910866896,0.39564359663045495,3.7607214741374484e-05,80,0.00016150656572331973,0.0002586815392828739,True,0.014180492771521447,0.028580290809934267,True,0.47034423232145517,0.5847398295630726,0.0017361356493023655,-0.025000000000000022,0.0015785375584534591,-0.025,9.911181507623099e-06,1.5839607951128334,3.2971755158066784,0,2.562776204423497,2.5452771821743317e-06,1.731548516160955,3.7930336994085123,0,,0,1
S2_N80,4500637,3.193768604910324,2.298182545759881,4.4383584413387895,4.648197175910684e-12,-1.4166944305989129,0.35802112891678445,0.00016767057854280798,80,0.00038102698286846594,0.00010883739425870202,True,0.036038884286428464,0.033777454106946124,True,0.14577649176315055,0.144229261284232,0.0017243292822780613,0.0,0.00043628677879939225,0.0,4.648197175910684e-12,2.298182545759881,4.4383584413387895,0,3.796655748698707,3.782022497319115e-13,2.6488012857170475,5.441931394345732,0,,0,1
S2_N80,4500638,2.7708245836942704,1.9886100840984071,3.8607210810184167,1.7248130533151169e-09,-0.6963468763044385,0.3879896654889586,0.07661698582446043,80,0.00011421641091318445,4.208382993355252e-06,True,0.2950668383264943,0.41229806489963927,True,0.5653869907537243,0.5359955673816761,0.1669132942569823,0.17500000000000004,0.15473154313619158,0.175,1.7248130533151169e-09,1.9886100840984071,3.8607210810184167,0,3.009048505155069,4.53862211894474e-10,2.128228350655854,4.254417954532782,0,,0,1
S2_N80,4500639,3.351753277931272,2.2515904123257524,4.989473207304497,2.5466413965645905e-09,-1.0112626903553292,0.37205581298106355,0.008109280021657325,80,1.3673055715040216e-05,4.287878874577004e-06,True,0.03443162264023861,0.039888768927977825,True,0.037670806539542315,0.05618059054330152,0.0034297918240917312,0.02499999999999991,0.006179571042506989,0.025,2.5466413965645905e-09,2.2515904123257524,4.989473207304497,0,3.7927294775950204,8.34921598949422e-11,2.5364255077430555,5.671286953354281,0,,0,1
S2_N80,4500640,3.9106589428519962,2.7075641968797965,5.6483437714726294,3.5983628418677833e-13,-1.4831554469662898,0.35147461192685303,6.618652754179777e-05,80,0.000334557670422304,9.610127675557951e-06,True,0.18512126797194461,0.23143364345040518,True,0.5027263993189344,0.39792003093858275,0.11375087348085687,0.13750000000000007,0.13292846245403298,0.1375,3.5983628418677833e-13,2.7075641968797965,5.6483437714726294,0,4.188022644970938,7.657093591116227e-11,2.7205704778056714,6.447005809214038,0,,0,1
S2_N80,4500641,3.658875058403183,2.30932721711121,5.797085226298704,3.3039920696686853e-08,-0.9183591814127013,0.36687346890975264,0.014424938067815148,80,0.013404589828166006,0.00987180185074502,True,0.15576958128340182,0.21487019226675252,True,0.8029773189106431,0.9268532286188756,0.012403925198735516,0.0625,0.0041565465323129295,0.0625,3.3039920696686853e-08,2.30932721711121,5.797085226298704,0,4.377757738753434,4.916287186740572e-10,2.7494506395840204,6.9703971198097685,0,,0,1
S2_N80,4500642,2.0755849323581823,1.4409221017908829,2.989788834578885,8.7939086252893e-05,-1.7286885626683997,0.28766072470429305,5.8039323825449206e-08,80,0.0019861095393684663,0.004895247818088066,True,0.05364517856860339,0.022542378606541354,True,0.5154122515951842,0.30131972027254905,0.15240792718976842,-0.16249999999999998,0.1539934777687513,-0.1625,8.7939086252893e-05,1.4409221017908829,2.989788834578885,0,2.2622034825710915,3.212833953573039e-05,1.5396026292477665,3.3239515829205635,0,,0,1
S2_N80,4500643,2.2017226168994664,1.539846797924175,3.1480940105869792,1.516682124705589e-05,-2.206069495029038,0.37328946776399485,8.807640748900626e-08,80,0.002806350869447924,0.002988306884751798,True,0.3383263070650885,0.3112784876132354,True,0.9709568790742237,0.9884342106559144,0.016514281756112133,-0.07499999999999996,0.004388647428178012,-0.075,1.516682124705589e-05,1.539846797924175,3.1480940105869792,0,2.5413396578456453,5.340305270243767e-07,1.7648743858893854,3.659414691592564,0,,0,1
S2_N80,4500644,2.0747051998746926,1.3753451498917948,3.1296883307624537,0.0005025934797268968,-0.6410457715920423,0.42762976260583196,0.13794509118475703,80,0.3652078017927173,0.3251946430519216,True,0.0030788206655287514,0.0017394389767187847,True,0.14311966970529555,0.08041130961097578,0.0033451349035957924,0.03749999999999998,0.0021871073736503743,0.0375,0.0005025934797268968,1.3753451498917948,3.1296883307624537,0,2.179294752954654,0.0005854786297425363,1.3978487789197798,3.397596143358108,0,,0,1
S2_N80,4500645,3.0004772156439277,2.0334855385802326,4.427306391312762,3.097415071871935e-08,-1.213523338102788,0.3715324473881266,0.0016284266535865342,80,0.00749866539677668,0.026937195830470446,True,0.008249627052462643,0.0027962698020735127,True,0.1919755778703156,0.13145131658404619,0.009848681844777838,0.04999999999999993,0.010820553666713284,0.05,3.097415071871935e-08,2.0334855385802326,4.427306391312762,0,3.306411123653523,1.8839478897271084e-08,2.1792514874939757,5.016563981420698,0,,0,1
S2_N80,4500646,2.099586110050719,1.4403849816150183,3.060474727093577,0.00011434999195948124,-1.443015422930356,0.43463745713492946,0.001377379417080011,80,1.1625256219084506e-05,2.739974240860201e-06,True,0.45031335621938695,0.4423137422057709,True,0.933101933568986,0.7460610114285768,0.035710390483182274,0.09999999999999998,0.038243236555329324,0.1,0.00011434999195948124,1.4403849816150183,3.060474727093577,0,2.2397967712417097,2.8563820850690375e-05,1.5352547118402984,3.2676594559682672,0,,0,1
S2_N80,4500647,3.385171011349758,2.367467302601692,4.84035524524019,2.3295396137735987e-11,-1.652753041993231,0.42827193833236554,0.00023501525537576251,80,0.002038139126476658,0.0011865880109776026,True,0.13037946972425704,0.22060868312692383,True,0.5705008751799345,0.5552334772069356,0.003593813467524298,-0.012499999999999956,0.006114054177345264,-0.0125,2.3295396137735987e-11,2.367467302601692,4.84035524524019,0,3.661405807832354,6.60327003567754e-11,2.4800178610573402,5.405562879258046,0,,0,1
S2_N80,4500648,1.9437507619747876,1.3569967602463004,2.784212265909769,0.00028895261375107723,-2.099999999999999,0.39329850801630856,9.136465724350039e-07,80,0.00017044360312388555,2.643729449872753e-05,True,0.1170453298832017,0.0799218799179714,True,0.12296485004347357,0.05322159656593729,0.006846388623814501,0.03749999999999998,0.0035062293183899247,0.0375,0.00028895261375107723,1.3569967602463004,2.784212265909769,0,1.8985913891472261,0.0008004575278631775,1.3051468939514075,2.761872460218413,0,,0,1
S2_N80,4500649,3.072355820450297,2.1342515089405776,4.4228012715054525,1.5567882396393625e-09,-1.3323141055020842,0.3265633805138364,0.00010904772023648948,80,7.440485367295639e-07,7.121375865547797e-08,True,0.049752874232849666,0.06177488913138039,True,0.6935131665948933,0.8769778072508467,0.03360396912712204,0.09999999999999998,0.03161262054094576,0.1,1.5567882396393625e-09,2.1342515089405776,4.4228012715054525,0,3.4726889968191657,5.2677032520882e-09,2.286471734825003,5.274313556975543,0,,0,1
S2_N80,4500650,2.7170407399888945,1.897179028467823,3.891203872689555,4.91512908986617e-08,-2.108613264427218,0.37955925020827613,3.8067015186907904e-07,80,0.00035215106592058527,0.0001594059594250102,True,0.004274679613123447,0.0021676048060329895,True,0.5112042549854862,0.1931636583525056,0.0027899393501560257,0.0,0.008205060013771578,0.0,4.91512908986617e-08,1.897179028467823,3.891203872689555,0,3.3270679152774694,2.590724239315793e-10,2.291908663623585,4.829765290632351,0,,0,1
S2_N80,4500651,2.685173731150311,1.8739187318313872,3.847636423065781,7.370055184754198e-08,-2.059663621020777,0.3827088519216884,7.703483191250579e-07,80,0.0012517312882020747,0.0011068887855689535,True,0.0545508969345672,0.03994841982892702,True,0.7632418740838263,0.5015044922933533,0.0014993955628818051,0.012499999999999956,0.0011351017127660373,0.0125,7.370055184754198e-08,1.8739187318313872,3.847636423065781,0,2.974089671965141,3.23542219507734e-08,2.020837095829554,4.377002676338323,0,,0,1
S2_N80,4500652,3.0774324953705596,2.182343453162704,4.339642667077752,1.4526083448928661e-10,-1.5665208245687836,0.40949759591316537,0.0002636429204159779,80,0.0035498679046532746,0.003923637968244936,True,1.997937881622694e-05,5.0914618821129e-05,True,0.16821787508627295,0.19511487896544666,0.008505305133641968,-0.03749999999999998,0.0042912198444716035,-0.0375,1.4526083448928661e-10,2.182343453162704,4.339642667077752,0,3.286301873036391,2.7083042366542066e-10,2.2715855302105643,4.7542915981338405,0,,0,1
S2_N80,4500653,2.399484016909401,,,,-2.0331036140716408,0.3659218414126404,3.796010309552178e-07,80,6.558443599628652e-05,3.399658364650479e-05,True,0.0647072429173272,0.0453554321864647,True,0.9121894980269492,0.9460084960559911,0.04727493941601997,0.11250000000000004,0.0566881807825989,0.1125,1.4583713203385635e-06,1.7176838252637097,3.3519111391293124,1,2.570400545129181,6.467868899594199e-06,1.7425277379530901,3.7915947152505267,1,0.0,0,1
S2_N80,4500654,3.211850906572602,2.2906660881307874,4.503487566129388,1.3228658735979126e-11,-1.699596503516914,0.34956160072164705,6.007743901537013e-06,80,1.3033691689782272e-05,5.06321148105338e-06,True,0.22978247205222202,0.10599372047213512,True,0.15567425409761332,0.28581486033028036,0.00500018732840722,0.04999999999999993,0.006940622567554772,0.05,1.3228658735979126e-11,2.2906660881307874,4.503487566129388,0,3.316769182560806,6.808799310430446e-10,2.266299208675689,4.854150664780702,0,,0,1
S2_N80,4500655,2.503517196416465,1.6748353723640903,3.742217567274099,7.660369994177082e-06,-1.672018240241944,0.34110154246699487,5.151279904883754e-06,80,0.13889123327039557,0.14136702083891076,True,0.05854215144497048,0.07815666580377462,True,0.0167260263860932,0.01198927173011881,0.009419599873159192,0.050000000000000044,0.012259221667390522,0.05,7.660369994177082e-06,1.6748353723640903,3.742217567274099,0,2.7675395074988693,1.5151335981517523e-06,1.8277716026749946,4.190498919207149,0,,0,1
S2_N80,4500656,2.7278498866052,1.8966937784255304,3.923229510474278,6.220787773990426e-08,-1.062388696889612,0.3831295321142958,0.006965212237339285,80,0.0020332286182951874,0.0004778976423038424,True,0.12948757767868072,0.1801338259180626,True,0.4042521319106511,0.45993177340825653,0.06236922766012647,-0.11250000000000004,0.04884973434085901,-0.1125,6.220787773990426e-08,1.8966937784255304,3.923229510474278,0,3.217888080774481,4.925219828037456e-09,2.175237985321087,4.7603084215458855,0,,0,1
S2_N80,4500657,2.352889136307575,1.656822437526217,3.341388408537052,1.7409931877988422e-06,-1.9418058139815857,0.38725921734834984,3.3238976958694732e-06,80,0.001206089014447171,0.0014164257043136255,True,0.03090522920315231,0.030191525785774834,True,0.7055237175246603,0.608548682563276,0.01093332280473672,0.0625,0.014231639434400988,0.0625,1.7409931877988422e-06,1.656822437526217,3.341388408537052,0,2.673046979168219,8.474009666655826e-08,1.865391683201015,3.830391342036651,0,,0,1
S2_N80,4500658,2.5686681088975174,1.7016911737830875,3.877352104376723,7.107640649538271e-06,-1.076783687674964,0.38883838799967246,0.007037255613530183,80,0.00044727508125022596,0.00024121960321791573,True,0.0038340585451568546,0.01284454147876427,True,0.18532315642447272,0.45394567862278923,0.0020441971189752097,0.012499999999999956,0.002311538235551201,0.0125,7.107640649538271e-06,1.7016911737830875,3.877352104376723,0,3.1533155196128453,2.416435672296822e-07,2.0392278236255086,4.876060757425832,0,,0,1
S2_N80,4500659,2.746752120680871,1.99129670266831,3.788811181354913,7.400503914495492e-10,-1.287534004902089,0.3400254073815391,0.0003008786812931649,80,0.0033750904857243955,0.00196984188818558,True,0.026953347331182938,0.007208791094070123,True,0.92477297941659,0.9421714900358513,0.008483751537473485,-0.03749999999999998,0.006097781739749196,-0.0375,7.400503914495492e-10,1.99129670266831,3.788811181354913,0,3.1809200461207,2.9641794072485653e-09,2.1704541155862422,4.661813519646586,0,,0,1
S2_N80,4500660,3.3853016626235815,2.362755775614699,4.850381687874813,3.007831960979599e-11,-1.0567613830879845,0.3794203292782216,0.00673042373875234,80,0.1444700020617433,0.09785933960611985,True,0.004549235795903179,0.000673088998621577,True,0.7147135087636052,0.6357132259876409,0.0065260519826697665,0.050000000000000044,0.0038487555618565627,0.05,3.007831960979599e-11,2.362755775614699,4.850381687874813,0,4.089092731594301,6.968370810149356e-13,2.7839988789737746,6.005993570565245,0,,0,1
S2_N80,4500661,2.84343972643673,1.9882519591312036,4.066461215213143,1.033954448707071e-08,-1.608899017958447,0.40455335729424496,0.00015642234930486214,80,7.91688070632214e-05,0.00012439570301296755,True,0.004403352354332749,0.004447007723141061,True,0.5756836455994265,0.5720966544107211,0.004941343288793754,0.025000000000000022,0.004541953150116096,0.025,1.033954448707071e-08,1.9882519591312036,4.066461215213143,0,3.0930774354617268,8.542812845146884e-10,2.1563120080683236,4.436801346913128,0,,0,1
S2_N80,4500662,2.7437591742743814,1.9710312920783915,3.819429167193265,2.221805313412628e-09,-1.1750000000000007,0.3752922895530384,0.002463130429555647,80,0.00021651034332300083,0.00010330518104437982,True,0.11517776555211191,0.18810776951692953,True,0.3974365695864922,0.5197781288330979,0.05545463230482495,-0.125,0.0621191194475962,-0.125,2.221805313412628e-09,1.9710312920783915,3.819429167193265,0,2.92559159521763,1.6284520260444317e-09,2.0639795700047863,4.146885127350456,0,,0,1
S2_N80,4500663,1.9916728907606627,1.4166151051218865,2.8001684363302286,7.387410185049592e-05,-1.5754591200378472,0.3795272386949627,8.465847420751528e-05,80,5.657617103331352e-05,4.242496901784447e-06,True,0.16037139591805483,0.3542566024659696,True,0.6392898515975857,0.6989569111977985,0.0028418450470859627,0.012499999999999956,0.0018647148191420666,0.0125,7.387410185049592e-05,1.4166151051218865,2.8001684363302286,0,2.0292497593970875,0.00028450218318321676,1.3846798650313765,2.973867599295111,0,,0,1
S2_N80,4500664,1.853559670158813,1.3120910841806024,2.6184793816999554,0.0004636998352798344,-1.5415598153609444,0.35752438759746386,4.7448165684654754e-05,80,3.564889232971773e-06,9.302183047116313e-07,True,0.8208798428272214,0.8244804778571676,True,0.6577437109689728,0.9459653345114749,0.02662805324427929,-0.08750000000000002,0.02704503817240941,-0.0875,0.0004636998352798344,1.3120910841806024,2.6184793816999554,0,1.9352553613133638,0.00047304124582905725,1.3364863718014484,2.802283205061006,0,,0,1
S2_N80,4500665,3.252314325622521,2.219820561445845,4.765046624200992,1.4302879645662467e-09,-2.0553341274204384,0.3911981521897074,1.287259003808888e-06,80,0.11259679249288221,0.08191374857947128,True,0.012618924247601707,0.009760579798736468,True,0.14735847197498098,0.18873640849146933,0.006486538171525733,-0.050000000000000044,0.013759933895470105,-0.05,1.4302879645662467e-09,2.219820561445845,4.765046624200992,0,4.062841578076414,3.1288097014868096e-11,2.6861394588633596,6.145132053393554,0,,0,1
S2_N80,4500666,2.1044426076685525,1.4579020486015466,3.0377066094521976,7.096159296062238e-05,-1.7423931065081852,0.37487726100783997,1.3623636313845888e-05,80,0.00015312858830053826,2.463856645146804e-05,True,0.33881398489038594,0.26125322581685084,True,0.3527525462155089,0.45113227214011387,0.020868209149537922,0.07499999999999996,0.01243977351943838,0.075,7.096159296062238e-05,1.4579020486015466,3.0377066094521976,0,2.1143725189980698,0.00032164661583865045,1.4060613406113314,3.179499371734746,0,,0,1
S2_N80,4500667,2.87157383327138,1.9261884715038735,4.280960249695018,2.2480689397132266e-07,-1.3167807514153396,0.36886408953558714,0.0006191998395090039,80,0.00030432673683489513,3.688434622318654e-05,True,0.009976514634124202,0.02920936623444109,True,0.43111778072534146,0.7026549689182935,0.003756840478592135,0.025000000000000022,0.0038161740312884175,0.025,2.2480689397132266e-07,1.9261884715038735,4.280960249695018,0,2.9709357680679367,3.6313817087785075e-07,1.9530107908602061,4.519411453992937,0,,0,1
S2_N80,4500668,2.6765052884671117,1.8319367446413288,3.9104410019326186,3.590885456549667e-07,-1.600099206349205,0.39705934195377973,0.00013000892948236028,80,7.291393095333394e-05,9.286019297822308e-06,True,0.06963347059980511,0.051383740968373365,True,0.6260719202509164,0.8770377760517633,0.0021054324573691005,-0.012499999999999956,0.008665696385752968,-0.0125,3.590885456549667e-07,1.8319367446413288,3.9104410019326186,0,2.8748575088888604,1.4193539282053018e-06,1.8716134392663017,4.415872168376063,0,,0,1
S2_N80,4500669,3.2123990712966104,2.204148326171568,4.681857237435331,1.2605250061929547e-09,-1.1335099077888977,0.3341908199063307,0.0010987084137707038,80,0.0013972480008601154,0.0076512211493934,True,0.4715474517740589,0.3699058774826075,True,0.6618433025011377,0.7720517757682788,0.004983448810982267,0.04999999999999993,0.002298588238772378,0.05,1.2605250061929547e-09,2.204148326171568,4.681857237435331,0,3.621260309923296,4.960938201897761e-06,2.1475674749861544,6.106223150129572,1,0.0,0,1
S2_N80,4500670,2.2967408311718103,1.6125918197143772,3.2711430016469336,4.061139239598656e-06,-1.4541066298465581,0.3894551780815145,0.0003596431962757028,80,0.018287503881460346,0.04053156760522509,True,0.010523234715949124,0.007239233629501728,True,0.4656632986902144,0.49568460086092814,0.01364026032132445,-0.07500000000000007,0.018643278265684255,-0.075,4.061139239598656e-06,1.6125918197143772,3.2711430016469336,0,2.4689570204681073,8.138320047111367e-07,1.7239724973093808,3.53587355855876,0,,0,1
S2_N80,4500671,2.671655214519977,,,,-2.133856699001494,0.3860719017255938,4.273192282409335e-07,80,2.303396264578674e-06,3.2807533329281815e-07,True,0.7827401499784468,0.6572784078225986,True,0.12995486609217707,0.195154511433687,0.005860780681483939,0.050000000000000044,0.003019888433938995,0.05,1.8856914443773914e-05,1.738773783507872,4.10504325115359,1,2.9907619725226127,9.071757878521998e-06,1.8891051504634495,4.734864639002746,1,0.0,0,1
S2_N80,4500672,3.495416655258897,2.482471682988412,4.921682562418307,7.621890911786383e-13,-2.0455245834438514,0.3693213248731469,4.077285662244367e-07,80,0.008270715272240842,0.011689293744287814,True,0.006872026805125183,0.002248776908161487,True,0.9944074275335515,0.8771055867404894,0.03427437345041419,0.09999999999999998,0.02834550338924414,0.1,7.621890911786383e-13,2.482471682988412,4.921682562418307,0,3.9467998993360918,1.2699217235490358e-13,2.744867005245275,5.675039779935509,0,,0,1
S2_N80,4500673,3.9304797524688238,2.714899851615578,5.690328162703393,4.1530524907898044e-13,-1.9367851416354898,0.298709202712332,7.752074420634495e-09,80,0.01768783594154281,0.0542237990398869,True,0.00024003069640992898,1.2689588541401518e-05,True,0.5693847294444112,0.8731877632938863,0.054163111619109416,0.125,0.03837659116204539,0.125,4.1530524907898044e-13,2.714899851615578,5.690328162703393,0,4.7158142578111875,1.849064603473273e-13,3.120120255794226,7.127579160731538,0,,0,1
S2_N80,4500674,2.057240853666586,1.4058621431705995,3.010423141809608,0.00020427284982813332,-1.4709175440322744,0.3300928946928109,2.7931513335674133e-05,80,0.010725828501217003,0.06908510522594843,True,0.022457989246817245,0.027287000916901272,True,0.8901248721998489,0.8389920075825893,0.0019153938146072884,-0.025000000000000022,0.0025617847204274066,-0.025,0.00020427284982813332,1.4058621431705995,3.010423141809608,0,2.519434957043354,2.01524299943617e-06,1.721003245511396,3.6882861896555417,0,,0,1
S2_N80,4500675,2.2860857996194826,1.6697832566974804,3.1298602751343148,2.4872419218048936e-07,-1.5000000000000016,0.387170481996052,0.00022312671025037683,80,0.0007021510017442538,0.0005612271704493971,True,0.12531416044941937,0.08972398780963979,True,0.7409264938731962,0.9230259524857495,0.010778740660356067,-0.0625,0.012508490355308538,-0.0625,2.4872419218048936e-07,1.6697832566974804,3.1298602751343148,0,2.794763922284955,3.2601849603112825e-09,1.9884731356186194,3.9279914027481473,0,,0,1
S2_N80,4500676,2.739204735939972,1.7863325208714667,4.200361633530299,3.840496455179059e-06,-1.6481434653593092,0.38039905979219246,4.396652875198752e-05,80,0.27619764618470477,0.31124431111247264,True,0.041493816976382686,0.01989904016829483,True,0.44995935714522317,0.33648683829087567,0.11706399786026286,0.15000000000000002,0.14537456688009748,0.15,3.840496455179059e-06,1.7863325208714667,4.200361633530299,0,2.80185942081359,1.9662223722021722e-05,1.7458301612522351,4.496666622124906,0,,0,1
S2_N80,4500677,4.025962273438313,2.842838191228037,5.701475475164825,4.328262649928453e-15,-1.4433258569817915,0.3894859819435085,0.0003949995822658345,80,0.0007424056868017475,0.00015145787482885952,True,0.011841269860194858,0.05684796523349058,True,0.9383091609444731,0.8767159546154103,0.004514857808661047,-0.050000000000000044,0.00581425311093372,-0.05,4.328262649928453e-15,2.842838191228037,5.701475475164825,0,4.616495844109816,6.890611524551355e-12,2.9820145876588904,7.1468576870426315,0,,0,1
S2_N80,4500678,3.194299342288505,2.3023104313772476,4.431873369066476,3.6190585519678713e-12,-1.3332905355832727,0.3492073989631642,0.00027039156257023766,80,0.00012170875703168926,0.0005900678868897937,True,0.2615544991183262,0.5592767067693518,True,0.9748754890256008,0.6150036429865711,0.022785856475788468,0.09999999999999998,0.008294803725387597,0.1,3.6190585519678713e-12,2.3023104313772476,4.431873369066476,0,3.671528255349146,2.5972127728411805e-11,2.5050269102228726,5.3812275128923925,0,,0,1
S2_N80,4500679,2.8175632340007595,2.024381440220793,3.9215250742108023,8.199179215582709e-10,-1.4228937895839977,0.3468844116674654,0.00010083669329606239,80,0.0005055447454960309,8.242600560928986e-05,True,0.6350412574827027,0.2887510272166466,True,0.5229814348904802,0.5232002857742588,0.057322851993087384,0.125,0.05274652554410955,0.125,8.199179215582709e-10,2.024381440220793,3.9215250742108023,0,3.055446901283222,1.0262721369715501e-08,2.0847168239820233,4.478188912357407,0,,0,1
S2_N80,4500680,2.2801978118540176,1.6267331674212526,3.1961615864917436,1.7178247996813378e-06,-0.8250000000000002,0.3736235650838923,0.030212863559686675,80,0.000269284342747441,9.401284518544941e-05,True,0.015849846153131564,0.04751118449867964,True,0.7887704265191487,0.8430289646711249,0.03742843158845404,0.11250000000000004,0.021532357986958135,0.1125,1.7178247996813378e-06,1.6267331674212526,3.1961615864917436,0,2.640845907667273,1.1932525339201511e-05,1.7465056433639194,3.9931546368269006,1,0.0,0,1
S2_N80,4500681,2.0971909163911233,1.4417140404814563,3.0506810756484475,0.00010741210218680914,-1.1529860243689745,0.363421386844155,0.0021709301504606597,80,6.147129723336221e-05,0.00029056927202046373,True,0.002875632660957309,0.0005581566066481565,True,0.66789215862461,0.3362413016289054,0.015427454840572452,0.07500000000000007,0.025456975000451628,0.075,0.00010741210218680914,1.4417140404814563,3.0506810756484475,0,2.229618581000294,3.810782499593925e-05,1.5223577448425616,3.2654604567048544,0,,0,1
S2_N80,4500682,2.505202657325413,1.815829281021816,3.4562942782476855,2.2321544598235253e-08,-1.1632436772380579,0.3309496864786366,0.0007405349312047873,80,9.289165691024819e-05,5.630568850346547e-05,True,0.24781513249671971,0.1504201162343182,True,0.44083633631087416,0.436386075406783,0.00940194166334476,-0.050000000000000044,0.009450242768575243,-0.05,2.2321544598235253e-08,1.815829281021816,3.4562942782476855,0,2.8169108462261,1.1164236752831872e-09,2.018664595467626,3.93080986975357,0,,0,1
S2_N80,4500683,2.490354572584064,1.745186266159657,3.5536985463665016,4.91672737295056e-07,-1.3632462466012545,0.4147804789492127,0.0015285037130924857,80,0.0022911359150786775,0.0005738112041936934,True,0.006878378527399615,0.002522585648512923,True,0.8447049622017517,0.691869147254151,0.004041031488301667,0.025000000000000022,0.0038161740312884175,0.025,4.91672737295056e-07,1.745186266159657,3.5536985463665016,0,2.4830441160232106,1.9018237137279023e-06,1.7079266309307217,3.6099373184184382,0,,0,1
S2_N80,4500684,2.6360669378823647,1.8437510518935698,3.768865050333068,1.0709724806823422e-07,-1.5297638773819389,0.3614547459626688,6.328796481549913e-05,80,0.0604501805310584,0.059450327362089446,True,0.011851283701335199,0.006863217341897106,True,0.2556369358921473,0.4137854976634917,0.032845581096880835,-0.08750000000000002,0.024325307313285062,-0.0875,1.0709724806823422e-07,1.8437510518935698,3.768865050333068,0,3.169552191858175,1.3607621390221464e-09,2.182545916442028,4.60290939183996,0,,0,1
S2_N80,4500685,3.7738303752944002,2.6830098420845405,5.308141430606769,2.3461800977817404e-14,-1.5987357791128727,0.38262524348766613,7.681065214423182e-05,80,0.008099736222834854,0.007160194698434564,True,0.000838742737700319,0.0025754147171429746,True,0.351954713192021,0.12020769492370895,0.035752066345091635,0.09999999999999998,0.03491664077841603,0.1,2.3461800977817404e-14,2.6830098420845405,5.308141430606769,0,4.003666026304577,2.461205851424565e-14,2.8027030496188132,5.719243660995617,0,,0,1
S2_N80,4500686,2.4041184481718427,1.6591042576222574,3.483678307910245,3.5646807660741732e-06,-1.408530924252955,0.3858516978836654,0.00047482039037594276,80,0.0023460400534557396,0.0009015732537195919,True,0.001441217765062298,0.005104346052208987,True,0.9517881889283533,0.9383419179600142,0.003745410114773566,-0.012499999999999956,0.002311538235551201,-0.0125,3.5646807660741732e-06,1.6591042576222574,3.483678307910245,0,2.492162403384102,1.8680096501648534e-05,1.6404938896347887,3.7859777985664467,0,,0,1
S2_N80,4500687,3.2810006162736194,2.3119465804991064,4.65623433291608,2.8836099403002056e-11,-0.9789010989010974,0.4067089789228259,0.018485089092677195,80,0.02672819875655786,0.011559382071402327,True,0.7218212273224971,0.7648733488313055,True,0.3493139429224944,0.2847714612999416,0.001119098518223367,0.0,0.0008130221139116,0.0,2.8836099403002056e-11,2.3119465804991064,4.65623433291608,0,4.42200060890921,5.224026749135245e-15,3.046724430346609,6.418069580046943,0,,0,1
S2_N80,4500688,4.154222171038791,2.8281145227798485,6.102143922158855,3.896627981788418e-13,-1.757702407002188,0.38462813040919924,1.8277115939271108e-05,80,0.0007450420609670796,0.00042327059413715923,True,0.0009373216509055589,0.0003306721330583699,True,0.7558115956716129,0.8316935994493758,0.0012768251638091293,-0.012499999999999956,0.0006154686883389634,-0.0125,3.896627981788418e-13,2.8281145227798485,6.102143922158855,0,4.412921663790361,1.0511995210772552e-11,2.8765900665183963,6.769778508732729,0,,0,1
S2_N80,4500689,4.140477978563505,2.870253140189229,5.972838301585862,2.9603585692734127e-14,-1.6672034124233535,0.356138875955008,1.2003334412817821e-05,80,0.16906107969670736,0.09062793948137729,True,0.0006452812291223153,0.0054267806651634816,True,0.7506822363100764,0.7061069527221424,0.004417900762131226,-0.050000000000000044,0.002298588238772378,-0.05,2.9603585692734127e-14,2.870253140189229,5.972838301585862,0,5.665098036291182,6.175437970100307e-19,3.8648014479249833,8.304006348895662,0,,0,1
S2_N80,4500690,2.4729259852920467,1.7724217198906507,3.4502866107451715,9.923927988722465e-08,-1.0136187399030674,0.33697185697706983,0.003551447004568546,80,0.0009014755079879338,0.0006887203605425491,True,0.01017985238512285,0.005426104801975532,True,0.1883759623886514,0.2565763236447738,0.0009288761699939538,0.012500000000000067,0.00028344995159444735,0.0125,9.923927988722465e-08,1.7724217198906507,3.4502866107451715,0,2.630406835176859,7.72620713669248e-08,1.8484960361433287,3.7430646229466156,0,,0,1
S2_N80,4500691,4.195424672610919,2.8339696965415344,6.210930273895562,7.831992867445353e-13,-1.5565400770645998,0.34018432024649947,1.7890206561324756e-05,80,0.007980279365256464,0.011402774684755786,True,0.142842218781594,0.20619091923930577,True,0.06372337949619784,0.036776435769150406,0.009084214251227447,0.03749999999999998,0.010544670447835525,0.0375,7.831992867445353e-13,2.8339696965415344,6.210930273895562,0,5.059554034875189,1.8604903849858986e-14,3.3415593196834292,7.660820767427526,0,,0,1
S2_N80,4500692,2.106152912941866,1.4535003973458414,3.051860254592037,8.276884252810759e-05,-1.1000000000000008,0.35393345617784144,0.002639344673450941,80,0.06751230070475087,0.058605925178863115,True,0.005344541172669341,0.006955750420508418,True,0.20044690253574582,0.16382712596122384,0.0036202132469888705,0.025000000000000022,0.0015785375584534591,0.025,8.276884252810759e-05,1.4535003973458414,3.051860254592037,0,2.4076527408553683,3.907484630855725e-06,1.6579704535013808,3.496317867611227,0,,0,1
S2_N80,4500693,2.577916664958195,1.8786232490634216,3.5375130882588297,4.481483012591271e-09,-0.8340689776004739,0.38200405261433584,0.03205207657254165,80,0.0005585268737755339,0.00024263484564984375,True,0.004118504880782612,0.0027152413496815105,True,0.591948208465864,0.5782029045334229,0.003097383787194971,-0.025000000000000022,0.010117992772564147,-0.025,4.481483012591271e-09,1.8786232490634216,3.5375130882588297,0,2.929123437060309,3.0137617364301966e-09,2.053501896294752,4.178113555685993,0,,0,1
S2_N80,4500694,3.0951802685175136,2.2515572297401887,4.254895575417205,3.431825410796557e-12,-1.6705210726763406,0.3709559282531636,2.3440200240364345e-05,80,0.0006103942761467595,0.00032952234312977243,True,0.00022354703367326285,2.0953167140886283e-05,True,0.7773013928123624,0.7057997240054745,0.03090122846556618,-0.08750000000000002,0.041106122085296654,-0.0875,3.431825410796557e-12,2.2515572297401887,4.254895575417205,0,3.4488448440414006,9.151787686248053e-11,2.3716763278578794,5.015242011971425,0,,0,1
S2_N80,4500695,2.2454982493231896,1.561447455405876,3.229223225063853,1.277610120402392e-05,-1.4821845243201508,0.36185389511841715,0.00010294430147045393,80,0.00034270448748484073,5.60906650001125e-05,True,0.7236204302060479,0.8735215463334997,True,0.12717521002526996,0.4083868458769936,0.010812176357625465,-0.0625,0.0023432839701823444,-0.0625,1.277610120402392e-05,1.561447455405876,3.229223225063853,0,2.278990577181028,1.4058421351396848e-05,1.5714261443605724,3.3051493189922203,0,,0,1
S2_N80,4500696,3.0125456057238558,2.062863442998199,4.399433737298546,1.1456889790302415e-08,-1.8806481838725673,0.3768233587259626,3.643087104682009e-06,80,2.816534010750288e-05,0.00011520845456645242,True,0.01928343676906382,0.010615123813799927,True,0.6795868680558383,0.6223023047146226,0.12427258749531542,-0.15000000000000002,0.12149690474620235,-0.15,1.1456889790302415e-08,2.062863442998199,4.399433737298546,0,3.133825309161364,6.379660126553507e-08,2.0714844346493755,4.740977486515664,0,,0,1
S2_N80,4500697,2.4226603434386846,1.7507189690809897,3.3524987409894966,9.348162417458784e-08,-1.8749999999999978,0.36115981471875586,1.6503853508188868e-06,80,0.04767024332446714,0.08544759382162499,True,0.00036758807162827657,0.0005920117923901245,True,0.8434997443606396,0.8161840183194705,0.0033874716195245393,-0.012499999999999956,0.002813335718335148,-0.0125,9.348162417458784e-08,1.7507189690809897,3.3524987409894966,0,2.6514768713475245,8.788511813426963e-08,1.855016897324868,3.7899005714876997,0,,0,1
S2_N80,4500698,4.274250385096981,3.093712085526143,5.905273616111137,1.2743743857158766e-18,-0.9330286328807651,0.4112432979487999,0.02608122467154358,80,0.021341533520853117,0.01017366494744444,True,0.033756431534434306,0.027784898936242867,True,0.41118347702121594,0.7311990488153246,0.02499014099408989,0.09999999999999998,0.0106648039276978,0.1,1.2743743857158766e-18,3.093712085526143,5.905273616111137,0,5.240659115055605,5.857145097853899e-19,3.6380449534127712,7.549249201676725,0,,0,1
S2_N80,4500699,2.325672178716292,1.5547108066219177,3.4789435178669286,3.9972034103664394e-05,-1.2250000000000005,0.3962072044836609,0.002769919520223421,80,0.027905804489262536,0.029327381423665037,True,0.012581220871666847,0.023184854904386563,True,0.0769655646685565,0.1421045644909416,0.007906258193310076,-0.025000000000000022,0.01730703888023551,-0.025,3.9972034103664394e-05,1.5547108066219177,3.4789435178669286,0,2.490500905833287,2.3181575399013664e-05,1.6320990344421955,3.800378917616535,0,,0,1
S2_N80,4500700,2.8868684080456,2.0331129211923353,4.099137395912172,3.0922563725017325e-09,-0.5239329377278888,0.36546408091784266,0.15573191534304176,80,0.025452371364354142,0.014893701596389709,True,0.0019328863944294457,0.000802980836463923,True,0.5060146895847291,0.5620066279901861,0.002090198520594149,-0.012499999999999956,0.0033695911756032007,-0.0125,3.0922563725017325e-09,2.0331129211923353,4.099137395912172,0,3.061572205399843,2.403270704635589e-09,2.1200774157417457,4.421170802198029,0,,0,1
S2_N80,4500701,3.307981200017506,2.337408861753303,4.681568466143767,1.4627590303162684e-11,-1.411165465156198,0.39884997461787974,0.0006867533873883352,80,0.031210304544405824,0.01166219843944988,True,7.097227467007068e-05,0.00041811662912751257,True,0.4539162220720079,0.5235517404877894,0.018626651284637787,-0.07499999999999996,0.016492576465354077,-0.075,1.4627590303162684e-11,2.337408861753303,4.681568466143767,0,3.6742770971043046,1.1857691574759665e-12,2.5663125541859495,5.260587672489339,0,,0,1
S2_N80,4500702,3.0255322515429257,2.086634219888547,4.38689508581688,5.212651772065699e-09,-1.5424240798368916,0.3335316654491675,1.488146901871692e-05,80,3.784263525978125e-05,6.7711740912635626e-06,True,0.1921089424932111,0.20638069021008654,True,0.2751255530335811,0.2420760582405589,0.023107965944409874,-0.10000000000000009,0.016024904467563248,-0.1,5.212651772065699e-09,2.086634219888547,4.38689508581688,0,3.380354819803374,1.3845256848612645e-09,2.2793171822555727,5.013255196216324,0,,0,1
S2_N80,4500703,4.181749239880752,2.6727236724704713,6.542773907143013,3.7407444827413175e-10,-1.2927978421550428,0.3813623704549797,0.0011052008358729325,80,0.22722479968087317,0.2591923700681167,True,0.2523912161204359,0.18660396905714483,True,0.6786531406257268,0.7424734380783755,0.06312280786588777,0.11249999999999999,0.0527857337822762,0.1125,3.7407444827413175e-10,2.6727236724704713,6.542773907143013,0,4.351548490565126,4.5918178492128685e-11,2.8087759725921346,6.741717549037628,0,,0,1
S2_N80,4500704,2.461289669790332,,,,-0.9852275491176368,0.368568395907624,0.009170576832046489,80,1.1694689024836924e-05,5.515937328797096e-07,True,0.03865136306973209,0.020676534419787364,True,0.7108832201270767,0.47426397042872237,0.00593585362447335,0.050000000000000044,0.003019888433938995,0.05,1.7079789863871202e-05,1.6640769498779067,3.6404247045553224,1,2.8596311497971727,1.8942558748514222e-05,1.8063967218487236,4.526962551460565,1,0.0,0,1
S2_N80,4500705,2.097814971032424,1.4936878740785624,2.9462833092908287,1.907986797751197e-05,-0.9984493415748448,0.3642165128102171,0.007603636374327235,80,0.5958348485200585,0.5894767957197176,True,0.09963442206030883,0.11496878919184625,True,0.5610540825867039,0.4868505362953036,0.002763771362901724,0.025000000000000022,0.0015785375584534591,0.025,1.907986797751197e-05,1.4936878740785624,2.9462833092908287,0,2.2215633945098814,1.2685689303057353e-05,1.552454901575611,3.1790578333820254,0,,0,1
S2_N80,4500706,2.8060964721906005,1.9038980699710433,4.13581878958483,1.8528409488145687e-07,-1.5499999999999994,0.3956789590678465,0.00019238530432482632,80,4.7115470644401495e-05,0.00012745376355526117,True,0.16495737849603942,0.1241478255851958,True,0.4593018643736697,0.45990527148576454,0.03227645784801755,-0.08750000000000002,0.024325307313285062,-0.0875,1.8528409488145687e-07,1.9038980699710433,4.13581878958483,0,3.015639603583324,2.3098179587416476e-07,1.984874140362534,4.581692125345121,0,,0,1
S2_N80,4500707,2.9340624511400013,2.011738889032639,4.279244445748746,2.2679277266277562e-08,-1.78983362304445,0.4091320831470351,3.7698419125834446e-05,80,0.00032933922211342124,0.02931309737165035,True,0.0016835958200537486,0.000991172164372906,True,0.6567085385197631,0.7389097669042559,0.01624832721102133,-0.07499999999999996,0.02086112837080431,-0.075,2.2679277266277562e-08,2.011738889032639,4.279244445748746,0,3.143673926980054,3.4040724875137724e-08,2.0931053085527354,4.721542541979179,0,,0,1
S2_N80,4500708,3.7738157431099397,2.6021103424269003,5.473128879562306,2.5276300146870783e-12,-1.0966735240461123,0.3380590364187852,0.001744276096287257,80,0.00018199312413267734,9.426334352563313e-05,True,0.016968940527789286,0.01186389165138119,True,0.37193688925931057,0.3362498712219868,0.035595124926540066,0.10000000000000009,0.048246026765928075,0.1,2.5276300146870783e-12,2.6021103424269003,5.473128879562306,0,4.232968314453675,1.315460471460272e-13,2.8891822227855033,6.201762079891852,0,,0,1
S2_N80,4500709,3.652950837974021,2.5053375616095885,5.326248258570805,1.6587100657394267e-11,-1.3633916519572222,0.3606255866457876,0.000307003669424167,80,0.00017306269619064642,4.150406384829664e-05,True,0.0633484335811994,0.06480532846626934,True,0.8811172971443185,0.9307408495962592,0.017549341906249606,0.07499999999999996,0.027816712407383513,0.075,1.6587100657394267e-11,2.5053375616095885,5.326248258570805,0,3.9345974949927767,1.4599258235343952e-11,2.6436798504159533,5.855874509603597,0,,0,1
S2_N80,4500710,2.335369663880473,1.6015247743340906,3.405474304473954,1.048111811877867e-05,-0.8141384158725211,0.3851043834396163,0.03774626178719948,80,7.351392058797626e-05,8.874556044907394e-06,True,0.34947614823532824,0.2221833674854664,True,0.8738822264033428,0.6810838447654823,0.0031073682026068806,0.025000000000000022,0.006179571042506989,0.025,1.048111811877867e-05,1.6015247743340906,3.405474304473954,0,2.475944740972968,1.5443701660807502e-06,1.7105952002118046,3.5837247524093647,0,,0,1
S2_N80,4500711,1.9661060988793633,1.3502837045583524,2.8627859308388612,0.0004211107142264741,-1.8363969446686914,0.37878499810396526,6.340285718062805e-06,80,0.09695026440213857,0.08892876672636697,True,0.694750489174624,0.7141816085673138,True,0.39487297918691255,0.48662151501254036,0.0027423064214192002,-0.03749999999999998,0.0008465146141695041,-0.0375,0.0004211107142264741,1.3502837045583524,2.8627859308388612,0,1.9801114727993492,0.00031671824304624655,1.3652640033135568,2.871855871974615,0,,0,1
S2_N80,4500712,2.016069990990968,1.3681646697819823,2.970796058651338,0.00039298326379092786,-1.2186219561964347,0.40224328171507046,0.003333013283667624,80,0.0002902823697920505,4.827526305891809e-05,True,0.05540830552120467,0.07934548726762829,True,0.8323722145613008,0.9768817779121862,0.010516007957456294,-0.04999999999999993,0.006940622567554772,-0.05,0.00039298326379092786,1.3681646697819823,2.970796058651338,0,2.116671789900735,0.0003092087620676867,1.4083908150538476,3.18114788755583,0,,0,1
S2_N80,4500713,2.952586456105784,2.062431010764756,4.226937403131239,3.333536648194298e-09,-0.8723395569103475,0.35194335545694366,0.01537625182913559,80,0.0006526931866598013,0.0008606522309319704,True,0.029465471746535122,0.06347984894052427,True,0.31956572731718047,0.4302750296732344,0.009185666520158342,0.04999999999999993,0.012259221667390522,0.05,3.333536648194298e-09,2.062431010764756,4.226937403131239,0,3.2326142584860316,3.017858506980625e-09,2.1935903881715593,4.763785892076914,0,,0,1
S2_N80,4500714,2.4335038478577298,1.6738669499697916,3.53788034206975,3.1906571346233272e-06,-1.0249999999999997,0.3712801678684864,0.007206033954856789,80,0.0011661743976852344,0.0027643959210950078,True,0.2671714824194352,0.2778615149319901,True,0.6363348009047898,0.45357453011772686,0.0028478419349352007,-0.012499999999999956,0.004641125131676318,-0.0125,3.1906571346233272e-06,1.6738669499697916,3.53788034206975,0,2.59194975602789,3.27590280967851e-06,1.735344683830735,3.871394311672281,0,,0,1
S2_N80,4500715,3.0241210715039535,2.0911880667509157,4.3732595841192365,4.11113476357203e-09,-1.458122802448237,0.39181654716937986,0.0003747397575893139,80,0.002342000020290619,0.0022877733429608996,True,0.024623348764200127,0.018141779791677724,True,0.058824834381236216,0.07421297598794158,0.0023414625244050275,0.0,0.0013519667535902289,0.0,4.11113476357203e-09,2.0911880667509157,4.3732595841192365,0,3.3804172313827605,2.7385572921964037e-08,2.1999572474838773,5.194292148767419,0,,0,1
S2_N80,4500716,4.1334812612621805,2.9434838734690407,5.804573108487693,2.5675585115825056e-16,-1.4457026627218956,0.35753245574771947,0.00012390833317735373,80,0.0005791596947662551,8.008600222962578e-05,True,0.0965370222522067,0.20638870625043926,True,0.040503382459113335,0.09666627282468214,0.07639008105709605,0.13750000000000007,0.06206207069224723,0.1375,2.5675585115825056e-16,2.9434838734690407,5.804573108487693,0,4.562082393895994,1.0257358807970293e-15,3.1488279213381185,6.60963262795616,0,,0,1
S2_N80,4500717,3.104748086777021,2.270024626062229,4.246412383229063,1.330915457037598e-12,-1.3805849668158672,0.39605363451612074,0.000813343347719349,80,0.0005647516755824314,0.0007720695695192738,True,0.012851437246165729,0.012049302370971344,True,0.821654662677552,0.713596624566388,0.008931470696764542,-0.050000000000000044,0.008154759234663907,-0.05,1.330915457037598e-12,2.270024626062229,4.246412383229063,0,3.4628857652690104,3.137792799882332e-13,2.4795554267312285,4.836180588675571,0,,0,1
S2_N80,4500718,3.1956777255218527,2.227096168775111,4.58550298302262,2.864205630867402e-10,-1.3571262766945205,0.34492859923299646,0.00018127804873591577,80,0.018159574279891184,0.021438229231887655,True,0.09028247677540924,0.11717429995372172,True,0.46628395540666023,0.42201901686075816,0.0016097859752846671,0.0,0.0006055256162274071,0.0,2.864205630867402e-10,2.227096168775111,4.58550298302262,0,3.4385574035719193,4.247036968926836e-10,2.333609164841965,5.066691199106589,0,,0,1
S2_N80,4500719,2.530528845455303,1.8176228801818142,3.5230499723027306,3.8146905648195996e-08,-1.6669825406014802,0.2847796397561751,1.113290720065087e-07,80,0.0023147678949696233,0.0002312983106054391,True,0.17426819940901483,0.14264333429059664,True,0.01906364245062781,0.007105654431902402,0.0022211276214790534,-0.025000000000000022,0.004541953150116096,-0.025,3.8146905648195996e-08,1.8176228801818142,3.5230499723027306,0,2.57357908426389,4.174297209840886e-08,1.8356690541301561,3.6081173172574195,0,,0,1
S2_N80,4500720,1.86192341454406,1.3110956304062131,2.64416928958364,0.0005136412528419114,-1.2179592516834832,0.41152589752022906,0.004091546390610142,80,0.0012258926036281888,0.00035405214726630347,True,0.03770117820217911,0.05871895784939465,True,0.5752579507592772,0.6777596521471998,0.004234317998319133,0.012499999999999956,0.006114054177345279,0.0125,0.0005136412528419114,1.3110956304062131,2.64416928958364,0,1.8846057940963041,0.0005935468562825339,1.3126916100379615,2.705691856321569,0,,0,1
S2_N80,4500721,2.7919996299694296,1.895885754984516,4.111672822718739,2.0030237817012835e-07,-1.2529048656499653,0.36505887896091577,0.0009665912784647628,80,4.065620984041634e-05,9.231130858599718e-06,True,0.0283619049110754,0.09350567536416185,True,0.29537145429569167,0.3240838555016454,0.06706731776063439,-0.125,0.0756245806648418,-0.125,2.0030237817012835e-07,1.895885754984516,4.111672822718739,0,2.8375178807446693,1.4962646427802386e-07,1.9228340292726178,4.187312893870251,0,,0,1
S2_N80,4500722,2.649568731236453,1.6994845461295298,4.130790407911651,1.703237468966662e-05,-1.4097740420893752,0.3789792456625422,0.0003766523628115099,80,6.166361917336615e-05,1.6168205630252373e-05,True,0.0735030634231696,0.03373446399658388,True,0.35874597696675337,0.3461527945862124,0.000958784408046465,0.0,0.0006055256162274071,0.0,1.703237468966662e-05,1.6994845461295298,4.130790407911651,0,3.01835053894178,1.382616779679944e-05,1.8341407378801806,4.967143353709913,0,,0,1
S2_N80,4500723,2.2248133017225094,1.5627978449445674,3.1672645592219784,9.097843060845758e-06,-1.8910822722820764,0.39053660314815497,6.485175670635289e-06,80,7.447483566391542e-06,1.753732081785259e-06,True,0.5068803779523143,0.4785463603002754,True,0.7559305233977752,0.8618483042261033,0.0031029083185299807,0.012499999999999956,0.0018647148191420666,0.0125,9.097843060845758e-06,1.5627978449445674,3.1672645592219784,0,2.1749086647805114,4.0724206270843645e-05,1.500588823068935,3.152247722639507,0,,0,1
S2_N80,4500724,3.476284029258487,2.463676841578217,4.905087569981917,1.3162052318368527e-12,-1.9490674014412888,0.41675509928814747,1.221280494949783e-05,80,0.002871235640938978,0.0035753477248618515,True,0.40037204995073405,0.4845487747878746,True,0.897713601036775,0.9460075380339646,0.0651880447712041,-0.11250000000000004,0.044889832855542405,-0.1125,1.3162052318368527e-12,2.463676841578217,4.905087569981917,0,3.5699723827758536,2.276623174786897e-13,2.5404903018755833,5.016631161462493,0,,0,1
S2_N80,4500725,3.9741861969023256,2.6982375154522504,5.853508387308046,2.866569522225044e-12,-1.0909556968965899,0.42175257630925855,0.011574068922062883,80,0.0015646869045316957,0.0006935536789774603,True,0.061247857603811864,0.03837084952683632,True,0.5554931971278767,0.6050713874981739,0.013123128797420456,0.050000000000000044,0.00581425311093372,0.05,2.866569522225044e-12,2.6982375154522504,5.853508387308046,0,4.93010839873834,1.1684306475911605e-16,3.3804485091421177,7.1901609379870814,0,,0,1
S2_N80,4500726,2.5577590326655733,1.7344820361603381,3.7718068753625094,2.149695979870254e-06,-1.8750000000000013,0.3258966619309332,1.6872889464142418e-07,80,0.0014211060276680257,0.0007150794135640468,True,0.3128647255008242,0.502459092758641,True,0.9939686170908756,0.9730234146070476,0.006756318856738756,-0.03750000000000009,0.0028041889412798652,-0.0375,2.149695979870254e-06,1.7344820361603381,3.7718068753625094,0,2.9206402611724918,5.4094685798554986e-08,1.984672227953981,4.298009220381709,0,,0,1
S2_N80,4500727,3.469813509011261,2.4108353639629416,4.993956023411853,2.134191150747169e-11,-1.4749999999999992,0.35431294312757794,8.114405979674341e-05,80,0.009005109455841789,0.02685369657051286,True,0.059239455831572425,0.04494947784746933,True,0.6157090337485753,0.8539953073823795,0.0014124080071050982,0.0,0.0001247446392613976,0.0,2.134191150747169e-11,2.4108353639629416,4.993956023411853,0,4.641756398060032,1.5931732114348766e-14,3.1371732424123824,6.867935174138856,0,,0,1
S2_N80,4500728,3.673341254900893,2.549921318164548,5.291706798494294,2.8311689406568227e-12,-1.5575212368757374,0.33068419820931494,1.076441348001479e-05,80,5.008919743578115e-05,0.0001557909580165209,True,0.1239918247877042,0.03767766783639492,True,0.425806940720203,0.5263110086655771,0.08884969266826413,-0.12499999999999994,0.06670211144081224,-0.125,2.8311689406568227e-12,2.549921318164548,5.291706798494294,0,3.9943667221662165,2.751887759972143e-15,2.833102185338078,5.631623735183048,0,,0,1
S2_N80,4500729,2.3467279986123004,1.6558608279800473,3.3258424901499346,1.6297504972061968e-06,-1.3827685352622063,0.3446778310699165,0.00013852545759363743,80,0.023066980509348124,0.009472103970425529,True,0.03126803413393199,0.015920560259812092,True,0.33679162226519244,0.34139702770347535,0.006068706423851869,-0.025000000000000022,0.0070858952835169565,-0.025,1.6297504972061968e-06,1.6558608279800473,3.3258424901499346,0,2.5448972593404053,1.0391290015875071e-06,1.7493480176275105,3.702237631012854,0,,0,1
S2_N80,4500730,3.4902041246574895,2.2876158304192846,5.324987119687604,6.662772398057698e-09,-1.611964827508708,0.3543813574011346,1.978785782074091e-05,80,0.001181514010659394,0.00041556488902107176,True,0.025881005569295932,0.03604571632167573,True,0.3662483116534234,0.4537588623095351,0.028676172465835963,0.08750000000000002,0.021662657248263956,0.0875,6.662772398057698e-09,2.2876158304192846,5.324987119687604,0,4.038213933834315,3.2743894920042673e-10,2.6131020769064226,6.240541431400647,0,,0,1
S2_N80,4500731,2.8282565923338656,1.9518956560176361,4.098085534141736,3.9175984848465916e-08,-1.2250000000000005,0.37792256278112407,0.0017584507398299375,80,1.1404629712750888e-05,5.4370781248893955e-06,True,0.12343465399852523,0.18309424302918464,True,0.9411001068034032,0.7979341058273115,0.027727436226722375,-0.08749999999999991,0.024325307313285062,-0.0875,3.9175984848465916e-08,1.9518956560176361,4.098085534141736,0,2.754933502343737,1.9298043914410868e-07,1.8811201042035282,4.034648603975988,0,,0,1
S2_N80,4500732,2.9755158468982326,2.1545980177133437,4.109209459191304,3.580326655298179e-11,-1.5488020960272975,0.41303902104168905,0.0003407105949447339,80,0.00042669372468308764,6.845538871997906e-05,True,0.17555830275305673,0.1362937483746843,True,0.6788204088582869,0.8884862281127038,0.034233251511174664,0.08750000000000002,0.0326065039141214,0.0875,3.580326655298179e-11,2.1545980177133437,4.109209459191304,0,3.0621048237243644,1.446952860998681e-09,2.130948111812683,4.400147474027394,0,,0,1
S2_N80,4500733,3.1984340994631673,2.327742865110721,4.394807021832356,7.427907252779367e-13,-1.6889925768822887,0.3273922698396736,1.879085444643952e-06,80,0.01091072594510118,0.004181948668542453,True,0.029561731890709257,0.016947386758819277,True,0.7156702726299782,0.8923564228217905,0.0049055199801413055,0.03750000000000009,0.005156257815362903,0.0375,7.427907252779367e-13,2.327742865110721,4.394807021832356,0,3.5369109882564853,7.222456194539855e-14,2.5406328798851376,4.923867370957993,0,,0,1
S2_N80,4500734,2.752703119011821,1.984441917026906,3.818390649986795,1.3224989299633376e-09,-1.533150727977374,0.35477013841353616,4.5789108886309276e-05,80,0.0006819542146814535,0.0013042376517041073,True,0.19936062884416184,0.2242754826534954,True,0.8043966301501382,0.5985574954936856,0.0007718549295704278,0.0,0.00019978278845886888,0.0,1.3224989299633376e-09,1.984441917026906,3.818390649986795,0,3.7547511637979234,2.538307087903238e-11,2.5454851916892807,5.5384947231556225,0,,0,1
S2_N80,4500735,3.0851916208724104,2.125593276150043,4.478000304339237,3.0880847424270244e-09,-1.6249999999999996,0.37979995102260977,5.352905074936781e-05,80,0.33414572485248684,0.3610471854991819,True,0.0022202541115670118,0.0027048816236804798,True,0.17372793853414237,0.10430567698326952,0.0027583134378206197,0.025000000000000022,0.0025617847204274066,0.025,3.0880847424270244e-09,2.125593276150043,4.478000304339237,0,3.4204543722725567,8.693716161824837e-10,2.308698728827532,5.067576798441789,0,,0,1
S2_N80,4500736,2.6206595551643357,1.816449343884203,3.780923771531255,2.582704532699538e-07,-1.6690293118664918,0.39526575449958773,6.55366026992029e-05,80,0.000649541773098867,0.0001862556778534075,True,0.027552416459547386,0.04384337536753025,True,0.7381530343795737,0.699090646003756,0.005896779889741914,0.025000000000000022,0.011222393425202587,0.025,2.582704532699538e-07,1.816449343884203,3.780923771531255,0,2.9370211442121334,1.6850465631650425e-07,1.961524939719103,4.397646457038897,0,,0,1
S2_N80,4500737,2.732968400545576,1.9310602586151264,3.867883586262178,1.3988597934841479e-08,-1.8567399147261392,0.41447288271360183,2.5582634216731063e-05,80,0.19914489493418774,0.10637446630253368,True,2.64767064569871e-05,1.546995984082074e-05,True,0.8263472698639639,0.8694976430930295,0.015402082667664933,-0.07500000000000007,0.02086112837080431,-0.075,1.3988597934841479e-08,1.9310602586151264,3.867883586262178,0,2.957040222651049,6.644227019879642e-08,1.995140938940277,4.382691321556763,0,,0,1
S2_N80,4500738,3.724812803796028,2.629400513054461,5.276575536682212,1.3543310880760422e-13,-1.5749999999999975,0.3914628547217217,0.00013300911514286374,80,0.0003622597864637634,0.0001510372077669784,True,0.012543994282424815,0.030805917469356237,True,0.9803557864536603,0.9730189523622562,0.0031794980102493636,-0.025000000000000022,0.0020360197161848784,-0.025,1.3543310880760422e-13,2.629400513054461,5.276575536682212,0,4.1123670680302284,4.2598854043559196e-14,2.8492731816769457,5.935395388190262,0,,0,1
S2_N80,4500739,2.0238696606657,1.4480767508722219,2.8286127796029574,3.666673876705514e-05,-1.876038988860324,0.39886339506908847,1.1035337435917573e-05,80,0.006104406781330569,0.0025428067358774635,True,0.013011259505974525,0.06925361708729809,True,0.8329614744636077,0.6810196148694261,0.24609337506856432,-0.20000000000000007,0.25594209390137723,-0.2,3.666673876705514e-05,1.4480767508722219,2.8286127796029574,0,2.249829368586555,9.897345052726045e-06,1.570270835718361,3.2234771687897763,0,,0,1
S2_N80,4500740,2.619315911842544,1.7388581035132116,3.9455869528225773,4.0919906014815374e-06,-1.7058446085110424,0.3533527033254806,6.862278438442928e-06,80,0.00045916117346609075,0.0001807747627366668,True,0.6396582095841264,0.3109279523511147,True,0.6618433025011377,0.9192115276308679,0.0019993242345742695,0.025000000000000022,0.0025617847204274066,0.025,4.0919906014815374e-06,1.7388581035132116,3.9455869528225773,0,2.9025743471770076,1.5922938714631735e-07,1.948658337916552,4.323455619160888,0,,0,1
S2_N80,4500741,2.844221545191464,1.95047353971029,4.147503687403467,5.598683125179739e-08,-2.1000483278561743,0.3755552065754021,3.279894808502836e-07,80,0.007662890109871433,0.0034960423462264416,True,0.02037023501198017,0.01670502863454068,True,0.9589778279916409,0.9652805461308298,0.011053528312170541,0.0625,0.016024904467563248,0.0625,5.598683125179739e-08,1.95047353971029,4.147503687403467,0,3.1162161717769092,7.064256869824744e-08,2.0611720812488805,4.711301553900381,0,,0,1
S2_N80,4500742,2.545555866480186,1.867647363427356,3.469527918525467,3.345202550647252e-09,-1.050000000000001,0.40713790023749646,0.011815071257872345,80,0.02736959065126337,0.04385579270938831,True,0.02228230484004224,0.05863864217039897,True,0.07516904259467426,0.043976832326971686,0.010764912998695239,0.050000000000000044,0.012259221667390522,0.05,3.345202550647252e-09,1.867647363427356,3.469527918525467,0,2.6253264474263354,2.7907356979559432e-08,1.8674928008986076,3.690691044291951,0,,0,1
S2_N80,4500743,2.175803943789827,1.4933194008288755,3.170201096418932,5.164642757578001e-05,-1.3610613071139384,0.4028795410050167,0.0011465962361558839,80,0.00377128584396505,0.0029922136636238413,True,0.21483910600011036,0.11845303853039588,True,0.7657582496979352,0.7535731772395011,0.004323017621809618,-0.025000000000000022,0.0038161740312884175,-0.025,5.164642757578001e-05,1.4933194008288755,3.170201096418932,0,2.4707570623534285,9.039357873516781e-07,1.7221383604082219,3.5448025556566067,0,,0,1
S2_N80,4500744,2.321922518260377,1.5582063198761145,3.459955278087468,3.481272030592279e-05,-1.4399005337214952,0.4245823893632876,0.0011003497941871943,80,1.7554930030323687e-05,1.1532146086564127e-06,True,0.24750334462407775,0.2453326851739117,True,0.7156836169265668,0.4950311793788119,0.005012097100074501,0.03749999999999998,0.008193909541008109,0.0375,3.481272030592279e-05,1.5582063198761145,3.459955278087468,0,2.3975571548306633,3.546173925748411e-05,1.5840554054426181,3.628837912442536,0,,0,1
S2_N80,4500745,2.9022106641920478,2.0952185829486165,4.020022926436888,1.4606274995385654e-10,-1.5361441702951117,0.3623010753263423,6.154940991244163e-05,80,0.06840900141473316,0.04495325930484779,True,0.008308674356225475,0.01246257907630439,True,0.3715829223950824,0.37164477354933145,0.003746187178754403,0.03749999999999998,0.0016558310417547097,0.0375,1.4606274995385654e-10,2.0952185829486165,4.020022926436888,0,3.1592632598119557,4.5875293517093605e-11,2.243160416776201,4.449500922962059,0,,0,1
S2_N80,4500746,2.570616894910208,1.7810716569332719,3.710165840141361,4.578936579094989e-07,-1.4583942069858316,0.35786744181599695,0.00011082103943441522,80,0.0002617998353767252,6.477261659275993e-05,True,0.4815314053433113,0.6090138479090096,True,0.5798607977677187,0.4678982190926667,0.019670056046045294,0.07500000000000007,0.004388647428178012,0.075,4.578936579094989e-07,1.7810716569332719,3.710165840141361,0,3.022848168974573,1.5525149975336452e-08,2.060290116218759,4.435108910507782,0,,0,1
S2_N80,4500747,2.743425680319142,1.7846463543135012,4.217297418753711,4.221636530197686e-06,-1.6570956053453905,0.38212099325648774,4.3344493559006e-05,80,0.0005636873591755749,9.880929375171944e-05,True,0.038034757151362446,0.024972022054043096,True,0.3983450510702422,0.5075272633375816,0.0314496628896818,-0.08750000000000002,0.02704503817240941,-0.0875,4.221636530197686e-06,1.7846463543135012,4.217297418753711,0,2.96119653494638,1.724135662729768e-06,1.8979472027059525,4.620088960365548,0,,0,1
S2_N80,4500748,2.8910040430255726,2.0680629139880655,4.04141688352835,5.257526764048711e-10,-1.0207227555053624,0.3744321806359244,0.007932147870184798,80,0.011362252592790101,0.018122723235091488,True,0.013586603601270553,0.009979399758986984,True,0.4035745001162816,0.35570344302235535,0.19343742352713242,-0.17500000000000004,0.14730241126991234,-0.175,5.257526764048711e-10,2.0680629139880655,4.04141688352835,0,2.948040375767323,3.6026000447665304e-09,2.058708006418527,4.221551589666041,0,,0,1
S2_N80,4500749,3.695757721953287,2.6090754322701843,5.235044173288939,1.8645723663009838e-13,-0.85983710091903,0.35850015445937433,0.01888610167260324,80,0.03517262727909587,0.041764821986542106,True,0.039395930221118924,0.0368576519251132,True,0.760814957122824,0.8202824327651106,0.02406641284802871,0.08750000000000002,0.01656765641676036,0.0875,1.8645723663009838e-13,2.6090754322701843,5.235044173288939,0,4.0160006565662085,3.029035065061772e-12,2.717452768967375,5.9350659035258655,0,,0,1
S2_N80,4500750,2.909431219490067,1.937117946098242,4.369785555904485,2.661330148562883e-07,-1.5982103771628693,0.34033300760369173,1.1352067101778063e-05,80,0.00239249361456265,0.00035325701190824256,True,0.054327862755187355,0.024110121344299237,True,0.03950162646465979,0.051723048115096294,0.010757859540631054,-0.050000000000000044,0.002298588238772378,-0.05,2.661330148562883e-07,1.937117946098242,4.369785555904485,0,3.140728275680016,0.00028560209100930397,1.7238671334224276,5.722119710045418,1,0.0,0,1
S2_N80,4500751,2.336831846630991,1.6045990424734629,3.4032072404898743,9.625933532990379e-06,-1.6552608695652176,0.36856202063574256,2.452443415942521e-05,80,0.07487637825019383,0.038906064529700315,True,0.23484032388823983,0.28440410291564533,True,0.09307678952704412,0.08535343386197788,0.006639489061364527,-0.03749999999999998,0.007111770804383594,-0.0375,9.625933532990379e-06,1.6045990424734629,3.4032072404898743,0,2.377744817242916,1.01600478436918e-05,1.6185472510492522,3.493052434682062,0,,0,1
S2_N80,4500752,3.458875875078912,2.3961160684007736,4.993006172354521,3.459465436624708e-11,-1.226767810026386,0.3755082629872165,0.001624959126626598,80,0.007012950878223375,0.0028858100534418177,True,0.9303614028850548,0.7175434288217389,False,0.09592966421426305,0.21201540411180375,0.01710282864709612,-0.07499999999999996,0.016492576465354077,-0.075,3.459465436624708e-11,2.3961160684007736,4.993006172354521,0,3.862980731004079,1.239222632682614e-11,2.6130260600222783,5.710857750872021,0,,0,1
S2_N80,4500753,2.1827295109837683,1.5258214909536274,3.1224544590349055,1.929027344605902e-05,-1.3166495320943712,0.4571015845124442,0.005141344963857971,80,0.08473656201354443,0.09331286646802502,True,0.000459350501362081,3.896522257025158e-05,True,0.06468816254661225,0.11422710950126656,0.010935758189443031,-0.050000000000000044,0.006940622567554772,-0.05,1.929027344605902e-05,1.5258214909536274,3.1224544590349055,0,2.659024097409377,5.594946070201307e-07,1.812969551085702,3.8999050736233363,0,,0,1
S2_N80,4500754,3.1546063522816623,2.1464080085468558,4.636369785348094,4.986532569475471e-09,-1.149999999999999,0.43208101805649685,0.009463987693968586,80,0.03946888836979725,0.034772871374807536,True,0.21655541816305257,0.23162061630012165,True,0.6417799165239899,0.5147090476085681,0.009185666520158354,-0.04999999999999999,0.0038487555618565627,-0.05,4.986532569475471e-09,2.1464080085468558,4.636369785348094,0,3.467154727264691,2.983557458159873e-09,2.2992080825538466,5.228392329519553,0,,0,1
S2_N80,4500755,2.246931739844973,1.5804682865670092,3.194434387854262,6.491359686580828e-06,-1.4926647261180201,0.32188826512830315,1.4185265439293029e-05,80,4.714082667565099e-05,3.048778580077752e-06,True,0.14659101431310326,0.3087235871585563,True,0.4865524490748353,0.5685906137591222,0.0035345626575193686,-0.012499999999999956,0.002311538235551201,-0.0125,6.491359686580828e-06,1.5804682865670092,3.194434387854262,0,2.261632079486476,8.93683161187446e-06,1.5776774361540502,3.2420947056397385,0,,0,1
S2_N80,4500756,2.275128114865396,1.6182425919454402,3.1986600555533324,2.255890486659297e-06,-1.6897474978407778,0.37588160873767834,2.413610809886188e-05,80,3.074392981412912e-05,9.266946519500909e-06,True,0.0010986820732849798,0.000685060558675624,True,0.02467804938713408,0.02398998190244066,0.0199420374349181,-0.07500000000000007,0.030206989571719387,-0.075,2.255890486659297e-06,1.6182425919454402,3.1986600555533324,0,2.3581195496433875,2.3696785477560452e-06,1.651305542407986,3.367473594439405,0,,0,1
S2_N80,4500757,2.0663740267402146,1.4454715744697795,2.9539851864280577,6.872009027699841e-05,-1.2078145842596721,0.40689114207413685,0.003988257485919068,80,0.001851799349291236,0.00039569047477988313,True,0.2326277006981181,0.08607029317373972,True,0.632381490116277,0.4058486167695229,0.001288794900931758,0.0,0.0010612218584620265,0.0,6.872009027699841e-05,1.4454715744697795,2.9539851864280577,0,2.046075717666591,0.0017158341949789445,1.319127166568059,3.173633254265074,1,0.0,0,1
S2_N80,4500758,1.9054938944414337,1.3255008720513823,2.739271665762308,0.0004983251604794357,-1.414070518126138,0.4578735232020445,0.002798846148134464,80,0.0036365744481612673,0.0072584229555215695,True,0.007125633900111579,0.012843483649450727,True,0.36999138332303694,0.7094318988105877,0.02062059217373478,0.07499999999999996,0.030206989571719377,0.075,0.0004983251604794357,1.3255008720513823,2.739271665762308,0,2.0235972682150782,0.0004762237652982463,1.362676658567578,3.0050752525783078,0,,0,1
S2_N80,4500759,2.797984015485454,1.8703508440754983,4.185693061657522,5.534181985010306e-07,-2.2965693925329616,0.397050037318382,1.4857645982157235e-07,80,0.010757177935965203,0.0010210073223683785,True,0.08595093065011139,0.05717296182609877,True,0.9122653673043009,0.8241932262010735,0.10027250768460684,-0.13750000000000007,0.12511952083939157,-0.1375,5.534181985010306e-07,1.8703508440754983,4.185693061657522,0,2.942217141482443,2.939846570563896e-07,1.9476800695986778,4.444591205072418,0,,0,1
S2_N80,4500760,2.388597817846947,,,,-1.872040557071611,0.4061622845442773,1.5772332408743683e-05,80,0.00029521865961117956,0.00020183083125972003,True,0.001882115230835925,0.003388004498373949,True,0.7336787494813194,0.7057548046754704,0.010223859333963045,-0.0625,0.007850209326669187,-0.0625,3.444765971940869e-05,1.6098472994051376,3.5440625564495636,1,2.407797694183914,6.936277444200365e-05,1.5877956135937903,3.6512821212520117,1,0.0,0,1
S2_N80,4500761,3.4408259109498984,2.4389162564598625,4.854321224890748,1.9596474102013565e-12,-2.3,0.35879928991350996,1.06223462635978e-08,80,0.05953173227851928,0.04496208297014482,True,0.04514267159796117,0.056941313632869715,True,0.7619991950090034,0.9652115070414969,0.010585347632379064,0.03750000000000003,0.0093397207275627,0.0375,1.9596474102013565e-12,2.4389162564598625,4.854321224890748,0,3.7489181628332267,2.686403065369566e-12,2.588567776494804,5.429406762782156,0,,0,1
S2_N80,4500762,3.06538005782806,2.0719197444150486,4.535192506494901,2.0813221353297555e-08,-1.1378974011736651,0.3337939593655716,0.0010403798335336984,80,0.003859924673906996,0.0034802668164931575,True,0.006389887287505721,0.0007990950129905274,True,0.17819834844454963,0.2543476803947483,0.0017159238381175537,0.0,0.0013519667535902289,0.0,2.0813221353297555e-08,2.0719197444150486,4.535192506494901,0,3.143131894699871,1.143042425422418e-07,2.058344804353534,4.799622534856299,0,,0,1
S2_N80,4500763,3.0510716204554065,2.1397196272908316,4.350587765993835,7.191259635273999e-10,-1.2533169392656969,0.41282361700636977,0.003270584667945702,80,0.012708082691479168,0.02550682094903395,True,0.08978674768350177,0.11351799843333765,True,0.6445730510963343,0.4739995987674025,0.003756840478592135,-0.025000000000000022,0.006179571042506989,-0.025,7.191259635273999e-10,2.1397196272908316,4.350587765993835,0,3.0583400356925177,2.1355932934399137e-09,2.121075357987892,4.4097649518650925,0,,0,1
S2_N80,4500764,2.5482597066056645,1.7322079555850767,3.748757481093935,2.0392356070271203e-06,-1.101619692532943,0.344692404830352,0.00202169635990026,80,0.0002750624000622758,6.121567077178825e-05,True,0.3028763641893931,0.2222705575533922,True,0.6056743408503629,0.6153173101779705,0.07592588647083187,0.125,0.0756245806648418,0.125,2.0392356070271203e-06,1.7322079555850767,3.748757481093935,0,2.9149237429742514,1.9667038208297997e-08,2.0065146495621824,4.234596756723905,0,,0,1
S2_N80,4500765,3.0247780762664767,2.0228699404779533,4.522921729955897,6.962942801245394e-08,-1.5902329704969713,0.3702069060643006,5.0334182086186525e-05,80,0.00040300400338966647,0.00021439244816142381,True,0.9421706633011545,0.8658522811597785,True,0.525934831600456,0.5815214622883961,0.0035920665237177086,0.012499999999999956,0.006114054177345264,0.0125,6.962942801245394e-08,2.0228699404779533,4.522921729955897,0,3.472378357283969,3.637798966521863e-10,2.3528739450136245,5.124546294410303,0,,0,1
S2_N80,4500766,2.751099919956404,1.832956498533933,4.129149150914242,1.0364831225122494e-06,-1.088591943010437,0.36968269056625164,0.004273158153552133,80,0.0002237670322065662,0.0001379438754068795,True,0.05117599851299876,0.10613574727502395,True,0.9664800919668487,0.839102918673732,0.06315113368215053,0.11249999999999999,0.04884973434085901,0.1125,1.0364831225122494e-06,1.832956498533933,4.129149150914242,0,2.906517870121952,3.009068665238096e-07,1.932372889951557,4.37174738543865,0,,0,1
S2_N80,4500767,2.2355319739807182,1.5165902972593335,3.2952889226058044,4.831410877936484e-05,-1.4062220716695009,0.3455068789015601,0.00011287782415460201,80,0.02181320527992788,0.04339541911092038,True,0.0813489310467878,0.1882402914529917,True,0.2165268466588548,0.32627809004613006,0.005167373626727209,0.03749999999999998,0.008193909541008109,0.0375,4.831410877936484e-05,1.5165902972593335,3.2952889226058044,0,2.4180300597420996,1.9335198151806087e-05,1.6126864658502118,3.6255462506990783,0,,0,1
S2_N80,4500768,2.8578850597439365,2.052294966991475,3.9796945108142094,5.113551176849305e-10,-1.417008030878419,0.34100621461286723,8.338033969229757e-05,80,0.005114225520708185,0.0012864922401638807,True,0.02871168546486267,0.023759249884827693,True,0.9121270293759289,0.809177627347736,0.02144565134225132,0.07499999999999996,0.016492576465354077,0.075,5.113551176849305e-10,2.052294966991475,3.9796945108142094,0,3.2305539787471904,1.0051723920287823e-10,2.2641741304997036,4.609397691199648,0,,0,1
S2_N80,4500769,2.9651246175190065,1.9226589959795721,4.572815052384176,8.764371002471906e-07,-1.6621365490884674,0.41561209484215883,0.00014472674086013352,80,0.00358759434966499,0.0016515920528205562,True,0.16718091344559805,0.10293517626765349,True,0.2719189842401758,0.34340840316251964,0.016491832189102166,-0.07499999999999996,0.025456975000451628,-0.075,8.764371002471906e-07,1.9226589959795721,4.572815052384176,0,3.0778650962865948,1.993051105403151e-07,2.014744037721158,4.701963809583635,0,,0,1
S2_N80,4500770,2.0373580406003104,1.4363400472035615,2.889864272516849,6.600243145043859e-05,-1.4841366754864551,0.32250003264925153,1.6200883373204956e-05,80,2.7234482362334432e-05,4.177885495081367e-06,True,0.11817600463418124,0.11160778840675471,True,0.052551589890798826,0.07599662450806301,0.0021054324573691005,0.012499999999999956,0.0018647148191420634,0.0125,6.600243145043859e-05,1.4363400472035615,2.889864272516849,0,2.1658438498710773,1.8399317942746178e-05,1.5207449994207969,3.084593132846714,0,,0,1
S2_N80,4500771,2.155827262123428,1.441298311253171,3.2245865743599156,0.00018446187404243987,-1.968227968719194,0.40673071447687276,6.563745682669873e-06,80,0.0016959186316923714,0.0021738895707726384,True,0.18678215602001325,0.13003668073115826,True,0.3121910759632278,0.45640516172650436,0.011737857668044523,-0.0625,0.012508490355308538,-0.0625,0.00018446187404243987,1.441298311253171,3.2245865743599156,0,2.241968571265137,0.00011883033966183212,1.4861483546631473,3.3821812329630676,0,,0,1
S2_N80,4500772,2.192844704380398,1.5008246720085063,3.203950459512369,4.936603835298904e-05,-1.7750000000000004,0.36126698659180256,4.927574792276895e-06,80,0.00398262646508011,0.004069853371035156,True,0.008320786917466438,0.02561089137919539,True,0.8613025806423137,0.7537546159340186,0.0014691381265170647,0.025000000000000022,0.001188663547713948,0.025,4.936603835298904e-05,1.5008246720085063,3.203950459512369,0,2.2233445880893106,4.972638484381301e-05,1.5113384094229108,3.270783781160939,0,,0,1
S2_N80,4500773,1.978846929601721,1.4203407136931372,2.756968896999576,5.4864653675332404e-05,-1.532344282122283,0.3551022957566128,4.685450039898173e-05,80,0.009402756811085322,0.02171205945961708,True,0.0022351886035087347,0.002021942315416116,True,0.22318972486290656,0.24407471620445798,0.0004532489592641099,0.0,0.00019978278845886888,0.0,5.4864653675332404e-05,1.4203407136931372,2.756968896999576,0,2.1006772041972783,3.2439814662619664e-05,1.4802034683254803,2.98124197832494,0,,0,1
S2_N80,4500774,2.2175399130061932,1.5546779777583248,3.163023684728581,1.106064408053929e-05,-1.31142925153875,0.39279448404704703,0.0012990757693730334,80,0.03537303742700666,0.01200953427685012,True,0.008068394362435777,0.047864369979095815,True,0.1469200211674724,0.20528061240008777,0.0022451817836859895,-0.025000000000000022,0.0015785375584534591,-0.025,1.106064408053929e-05,1.5546779777583248,3.163023684728581,0,2.3004951291509683,1.8955279461813836e-05,1.5703939641629112,3.3700319537768633,0,,0,1
S2_N80,4500775,3.595951497555939,2.5737990449665413,5.024039152576069,6.354635746733233e-14,-1.9555022669092934,0.4422012955045275,3.16562701643154e-05,80,0.023731222478183454,0.03264386535144605,True,0.022233617431923022,0.016789242856733107,True,0.16912296049352304,0.22193528499271342,0.037996865050580114,-0.11250000000000004,0.029097411058359834,-0.1125,6.354635746733233e-14,2.5737990449665413,5.024039152576069,0,4.035563961262534,3.6114176411876466e-13,2.770389610917187,5.878514856272964,0,,0,1
S2_N80,4500776,2.763814827739364,2.022675637995918,3.7765187153786175,1.7434555104150476e-10,-1.9710240251538491,0.3768253464443474,1.4129894326914125e-06,80,0.03626096611299069,0.02011450121762163,True,0.48415288306113735,0.4205190894171371,True,0.8443164104996161,0.7426538443765667,0.0030271868265109372,0.012499999999999956,0.003979313363321376,0.0125,1.7434555104150476e-10,2.022675637995918,3.7765187153786175,0,2.798567043874294,1.5826741616990366e-08,1.9586637250435392,3.9986330470715212,0,,0,1
S2_N80,4500777,3.6996294909378573,2.5023252035580046,5.4698159738612215,5.469311394765109e-11,-1.092861274786772,0.3779555982544889,0.004980895895131397,80,6.315527585439626e-06,3.7511525290269977e-06,True,0.03443162264023861,0.06690569760990785,True,0.47620400759194226,0.5204698330169398,0.0346741328897046,-0.09999999999999998,0.038243236555329324,-0.1,5.469311394765109e-11,2.5023252035580046,5.4698159738612215,0,3.840978289735763,2.8713083270365288e-11,2.583846867906102,5.709747897783547,0,,0,1
S2_N80,4500778,2.838668234811298,2.024144240697234,3.9809600448982985,1.4790321039761762e-09,-0.8429553379083681,0.3865598210685,0.032262307826534935,80,0.08830670119267116,0.060882586858461825,True,0.026894014864247664,0.04710222751052594,True,0.8016482362821433,0.6957024482212095,0.2762150259574115,0.19999999999999996,0.2851419579341074,0.2,1.4790321039761762e-09,2.024144240697234,3.9809600448982985,0,3.553402945816366,3.648565692410035e-12,2.4852000842693904,5.080746848215431,0,,0,1
S2_N80,4500779,3.229389852547591,2.1962386832386778,4.748554380418397,2.5307080531760973e-09,-1.3749999999999987,0.3709600874269553,0.00039384050796396447,80,0.0027514581796375683,0.0007004349787510933,True,0.0020090476676172366,0.002023426759022853,True,0.0606955957464563,0.09172518093014584,0.001323497968355581,-0.025000000000000022,0.000864585897421139,-0.025,2.5307080531760973e-09,2.1962386832386778,4.748554380418397,0,3.9700534593616377,2.258735109808349e-10,2.592744357227848,6.079012158005911,0,,0,1
S2_N80,4500780,3.8904239142969597,2.6437369662152412,5.7250015513462476,5.491651599347183e-12,-1.0204162102957277,0.3456919368530171,0.004185494729295967,80,0.002042623285673019,0.0017214459782662595,True,0.030316315297216668,0.10791830498084602,True,0.18317343332662295,0.32158599685304134,0.007789550172576453,0.050000000000000044,0.008154759234663907,0.05,5.491651599347183e-12,2.6437369662152412,5.7250015513462476,0,4.053442453002326,7.468681098789989e-13,2.7649337208397586,5.942419377348154,0,,0,1
S2_N80,4500781,3.138808940779571,2.2365948389631143,4.4049648130661065,3.705002762818485e-11,-1.583221893951174,0.4202138446536013,0.00032076612695850236,80,0.001423691714822306,0.0054965397151451574,True,5.737424860781917e-05,3.306649769941349e-05,True,0.5084491519243045,0.7097733316676638,0.006919929355217988,-0.050000000000000044,0.002298588238772378,-0.05,3.705002762818485e-11,2.2365948389631143,4.4049648130661065,0,3.5472020503467876,4.347696179541553e-12,2.4789171569700352,5.075862398469232,0,,0,1
S2_N80,4500782,2.2173611465032343,1.551085792276943,3.1698378506869034,1.2572026429604152e-05,-1.2829721073416454,0.3883236113017401,0.0014487557786415214,80,0.00036575548621639077,0.0010760933633868375,True,0.13145506950962557,0.20955424126446465,True,0.8367855482722557,0.7168947535222492,0.008370274626878896,-0.04999999999999993,0.004781774238478969,-0.05,1.2572026429604152e-05,1.551085792276943,3.1698378506869034,0,2.3952295735486704,1.3389779690251219e-05,1.6164743271336832,3.5491591878079247,0,,0,1
S2_N80,4500783,2.005773123099989,,,,-1.1319750787739897,0.36612639273546915,0.00277038515287756,80,0.0007925073916864186,0.001200873327584916,True,0.13955367127811216,0.19291833520493018,True,0.5879540416780851,0.5915116875596793,0.001288794900931758,0.0,0.0010612218584620265,0.0,0.0002763791365794709,1.393916105103089,2.886203700941347,1,2.3824081646175053,6.980698138885108e-06,1.6639539636004457,3.4110731348328684,1,0.0,0,1
S2_N80,4500784,3.520551067478169,2.5072633459294003,4.9433498235612445,3.656512083882459e-13,-1.469321588058969,0.38382844544720945,0.0002613186613312831,80,0.0034606032034974325,0.005502063553455249,True,0.043722197169432424,0.040999918643785355,True,0.2895767900324403,0.44520259116287686,0.001192436518278496,0.0,0.0008130221139116,0.0,3.656512083882459e-13,2.5072633459294003,4.9433498235612445,0,3.5673055087583037,4.05123123797698e-12,2.490272965636361,5.110150079296804,0,,0,1
S2_N80,4500785,3.3116967065290077,2.377626092779084,4.612724897890032,1.4115803819304331e-12,-1.2393333333333336,0.3467967104946801,0.0006114821685173248,80,0.0011381905174387883,0.00023433572521029452,True,0.031183660405558353,0.016383637414217923,True,0.7333743241189,0.6991870277047679,0.0077872815093277,-0.03750000000000009,0.011804249436015334,-0.0375,1.4115803819304331e-12,2.377626092779084,4.612724897890032,0,3.6109213474251,6.533393280727315e-12,2.5030853052133333,5.209072559426428,0,,0,1
S2_N80,4500786,2.518256570412657,1.7884864994452803,3.5458004051992806,1.2244328180879636e-07,-1.1419182375173125,0.32876984667391934,0.0008468865893093471,80,0.004099137715245725,0.0026822301932250573,True,0.006162297053679816,0.0029136867028985627,True,0.08655148024798928,0.1557615872791569,0.07186775449333128,-0.125,0.05746393724417038,-0.125,1.2244328180879636e-07,1.7884864994452803,3.5458004051992806,0,2.813666155524282,2.0284022274253875e-07,1.9047038410410475,4.156403249764951,0,,0,1
S2_N80,4500787,2.573600589037416,1.7656972119958372,3.7511640993118074,8.760083312790686e-07,-1.2408518663662182,0.39999495948962616,0.0026853516060970787,80,0.0005129737702394622,0.0012062629987043137,True,0.09384099329334014,0.0851058466114626,True,0.3634448539007332,0.35539569293155193,0.01923335238032672,-0.07499999999999996,0.014420573208165718,-0.075,8.760083312790686e-07,1.7656972119958372,3.7511640993118074,0,2.6762637954759665,3.188601974835808e-06,1.76867016617497,4.049589369432982,0,,0,1
S2_N80,4500788,3.3362001636330416,2.257131129666454,4.931140856433049,1.5079717113316848e-09,-1.0653665634674943,0.3334599052469986,0.002028275509978749,80,0.00018273483867258693,3.3870199061759405e-05,True,0.005477269128327513,0.006636634803774739,True,0.7669255418346983,0.688530844499119,0.006431361706124106,0.02499999999999991,0.010117992772564147,0.025,1.5079717113316848e-09,2.257131129666454,4.931140856433049,0,3.5268450156764795,2.8510733057859753e-09,2.3268539713974703,5.345688177041719,0,,0,1
S2_N80,4500789,3.2595920151387063,2.1953294495985185,4.839793001045514,4.655845220319486e-09,-1.3750000000000013,0.3753423673354022,0.0004549595563613772,80,8.946791745481653e-05,3.3288645267827727e-05,True,0.019387098162378002,0.006376279341060473,True,0.13855045576766484,0.20392539820499345,0.05564536173173869,-0.11250000000000004,0.06436332601576752,-0.1125,4.655845220319486e-09,2.1953294495985185,4.839793001045514,0,3.131229548186965,6.92756270739788e-08,2.0680443649008975,4.741000072263436,0,,0,1
S2_N80,4500790,2.5025037286444936,1.7278950067068155,3.6243665775823395,1.2100184828701283e-06,-0.7246562510454658,0.38224862903717366,0.061742370790301,80,0.00466524369216738,0.004321309209836612,True,0.005098590771621835,0.0029580068964395554,True,0.29043873464151493,0.27707936913832565,0.436891545996841,0.23749999999999993,0.4367620894856782,0.2375,1.2100184828701283e-06,1.7278950067068155,3.6243665775823395,0,2.497005938461069,3.6450282615147806e-06,1.6951515612940635,3.678159994112899,0,,0,1
S2_N80,4500791,3.6446540513904773,2.4796247218766347,5.357061912281537,4.6691996945816805e-11,-1.68107776150968,0.3692440343947119,1.948782944352421e-05,80,0.0005686383704024439,0.0006530340211882454,True,0.2960855796166556,0.37211581609430056,True,0.49135770500050757,0.523114147833648,0.006624234529689827,-0.050000000000000044,0.008154759234663907,-0.05,4.6691996945816805e-11,2.4796247218766347,5.357061912281537,0,3.674246176370564,6.384234629040038e-10,2.4319004714896724,5.551248960572867,0,,0,1
S2_N80,4500792,3.008441382641648,2.0601169335948932,4.393303799992233,1.1908717348911886e-08,-1.9331531914893612,0.36061890733034,8.389163627428719e-07,80,0.0007223785146736698,0.0008714468768862328,True,0.37180364974669,0.28795785668233853,True,0.48809407744918076,0.4422004158904619,0.007361091578382761,-0.03749999999999998,0.005156257815362903,-0.0375,1.1908717348911886e-08,2.0601169335948932,4.393303799992233,0,3.234403986302349,1.5946607790400566e-09,2.2091047568795497,4.735569517031703,0,,0,1
S2_N80,4500793,2.626261031234567,1.8100394568772604,3.8105506363273465,3.6885399385409334e-07,-0.7369746157831097,0.33618289170256094,0.03138741305235689,80,0.00038008759214589366,9.98685482922294e-05,True,0.022254162141916833,0.013068398349686927,True,0.7000649091425188,0.7534689150143337,0.010207003306520307,0.050000000000000044,0.003019888433938995,0.05,3.6885399385409334e-07,1.8100394568772604,3.8105506363273465,0,2.849464230061577,1.8563304711419472e-07,1.9221571168502996,4.224132526536212,0,,0,1
S2_N80,4500794,3.623609148461273,2.538155971920546,5.173260983987816,1.3651739678692257e-12,-1.4397089153463973,0.4049801067365873,0.0006499063027707403,80,0.004369905769992165,0.0010326879707928942,True,0.0667119355282954,0.1230235918200957,True,0.7488094004901658,0.5111159611047662,0.0013798508512954633,0.0,0.0024895756218711994,0.0,1.3651739678692257e-12,2.538155971920546,5.173260983987816,0,4.479979619899144,5.5902853242009914e-14,3.0302018863431255,6.623392812593288,0,,0,1
S2_N80,4500795,2.938159070428489,1.9716556734550983,4.378441347222284,1.187065317458354e-07,-1.4250000000000012,0.35429360058569165,0.00013360844140778496,80,0.005618050227821,0.005002059284664741,True,0.20987514781340622,0.16341124890893954,True,0.6442705956166064,0.48882724185433823,0.01223464904862972,0.0625,0.014231639434400988,0.0625,1.187065317458354e-07,1.9716556734550983,4.378441347222284,0,3.112291978025512,6.209423757426036e-08,2.0631576819966253,4.694920529345075,0,,0,1
S2_N80,4500796,2.5752390887604646,1.7661273722706297,3.7550272241993237,8.841642621837835e-07,-1.1908829133108159,0.34355458394038235,0.000866020611074242,80,0.0006041789121986621,0.000119856045559909,True,0.6958487458283579,0.5088970910468325,True,0.4397824173637056,0.5360389967808188,0.07664417835419178,-0.13749999999999996,0.0677099739982184,-0.1375,8.841642621837835e-07,1.7661273722706297,3.7550272241993237,0,2.5181826901020283,2.515310828914445e-06,1.7142455990115406,3.69914559756545,0,,0,1
S2_N80,4500797,1.661247784847147,1.178251515447146,2.3422369218105614,0.0037818885437615603,-1.327229689250085,0.4001133719821994,0.001389974549946084,80,4.571218765663222e-05,1.821650174357992e-06,True,0.007590715335295985,0.013154446285142304,True,0.5219881805807305,0.49305936500754033,0.003651698112641029,-0.012500000000000067,0.002311538235551201,-0.0125,0.0037818885437615603,1.178251515447146,2.3422369218105614,0,1.7625192487609989,0.003101447800994796,1.2106498694333667,2.5659558396574162,0,,0,1
S2_N80,4500798,3.6785341235522595,2.4708901230690232,5.476412395599022,1.405385008328251e-10,-0.7108533783596748,0.3746806450396944,0.06154762381483861,80,0.006321990416237333,0.00403251886202014,True,0.6251014547838596,0.8926129927670875,True,0.7423068736284355,0.5459459711992432,0.07929233113870023,-0.13749999999999996,0.07862832537781125,-0.1375,1.405385008328251e-10,2.4708901230690232,5.476412395599022,0,3.832994692400517,2.8730345712516293e-10,2.5243762376328265,5.819991526202712,0,,0,1
S2_N80,4500799,2.9130924280540853,2.079308182273193,4.081216804095223,5.127643160394734e-10,-1.3293222809254863,0.4391946766123779,0.0033610557283458194,80,4.06210778801891e-05,2.71239842247305e-06,True,0.007709154840795035,0.003015263337249144,True,0.10766561507033703,0.07790375552088269,0.006107056120795457,-0.03749999999999998,0.0035062293183899247,-0.0375,5.127643160394734e-10,2.079308182273193,4.081216804095223,0,3.3192096004118197,8.251948093439317e-10,2.2631537734170566,4.868052936072292,0,,0,1
S2_N80,4500800,2.124944620776435,1.4537206432195806,3.1060917119305635,9.959915030318223e-05,-0.8617504898758966,0.3847402264528438,0.02798712834530297,80,0.002755714645074504,0.001276246273370658,True,0.0026742220006753734,0.005703487097906252,True,0.8557923512981545,0.624758852138209,0.1143721330641958,0.15000000000000002,0.11618737189402341,0.15,9.959915030318223e-05,1.4537206432195806,3.1060917119305635,0,2.218495354204786,4.699504411905092e-05,1.5115168551920977,3.2561473725694716,0,,0,1
S2_N80,4500801,2.9252385553913975,2.0452792126465846,4.183790923526569,4.12565016579869e-09,-1.3512594065029098,0.3380476353190973,0.00014574373541164352,80,1.3276534697959675e-05,2.956973641224304e-06,True,0.021781312749510343,0.017872044777042836,True,0.07394420221538474,0.046535865149819,0.33013738338378495,0.21249999999999997,0.3115976415098109,0.2125,4.12565016579869e-09,2.0452792126465846,4.183790923526569,0,3.234408505621517,3.2762460886391223e-09,2.192463783630029,4.771526197762792,0,,0,1
S2_N80,4500802,2.4968239519157898,1.6995154604076137,3.668180720971601,3.1297603826292287e-06,-1.3578590529528993,0.3795256259292452,0.0006032881543889489,80,0.00016636835342398942,3.834387274591895e-05,True,0.008108920137800232,0.005862193180666595,True,0.028630025780726646,0.0609860205303396,0.0124836062858228,0.04999999999999993,0.02199189345838609,0.05,3.1297603826292287e-06,1.6995154604076137,3.668180720971601,0,2.5267561241000855,4.32755291193138e-06,1.7015814578490642,3.7520957232031686,0,,0,1
S2_N80,4500803,5.158853562912165,3.5030469973350966,7.597320305384901,9.760358595740793e-17,-0.8740630945245084,0.37523023833839164,0.022460855131414124,80,8.757935717947019e-06,1.1891554604015477e-05,True,0.2941967510119523,0.35148870658405384,True,0.6938258997198201,0.7058861774303957,0.006025097624865629,-0.03750000000000009,0.004291219844471597,-0.0375,9.760358595740793e-17,3.5030469973350966,7.597320305384901,0,5.336374617340006,9.20367955714678e-16,3.5472786722557648,8.02781418875158,0,,0,1
S2_N80,4500804,2.9377686420517937,2.0836638368245244,4.141975515290212,7.820822943621602e-10,-1.53747357566383,0.39955070487383787,0.0002441248407700357,80,0.000444446055957324,0.0001909538597181291,True,0.016700922485412748,0.019840926110231052,True,0.27092739333662874,0.3647524370832287,0.015182141854302516,-0.08750000000000002,0.02704503817240941,-0.0875,7.820822943621602e-10,2.0836638368245244,4.141975515290212,0,3.116797227905869,6.7223776677283576e-09,2.122298542643599,4.577313118154022,0,,0,1
S2_N80,4500805,3.7847359992629066,2.6304353191919536,5.445572631877855,7.495672968575942e-13,-1.4338825104257826,0.3961981197294947,0.0005266671929667325,80,0.00010069507166860138,9.474787689540978e-05,True,0.0016798596246046774,0.0004400079842661412,True,0.44949744723112994,0.742562955249764,0.005790834613247177,-0.03750000000000009,0.0028041889412798652,-0.0375,7.495672968575942e-13,2.6304353191919536,5.445572631877855,0,4.644615929789228,2.1320378435222697e-13,3.0822185170036542,6.999003158355977,0,,0,1
S2_N80,4500806,2.054069088277234,,,,-0.9104640281829699,0.40474637471562186,0.027339622031924384,80,0.009260824674561297,0.004253037041397953,True,0.006018731579090571,0.006004736405047502,True,0.18595280158575334,0.4358615573588793,0.0020937491157385735,0.0,0.00988091293265615,0.0,0.0004911916823573322,1.3851203971211854,3.046088865765888,1,2.5887496179562683,2.008458880806213e-05,1.7055680330186107,3.929262541704543,1,0.0,0,1
S2_N80,4500807,2.411310135969732,1.6908271202318854,3.4388001601446754,1.1733013905505433e-06,-1.8271715568630487,0.3878203036583983,1.0707571073114732e-05,80,0.0010097058423543376,0.0001805846328133089,True,0.0008068820965064936,0.002636703844899104,True,0.34077564826339435,0.38414791264488013,0.004858162886444938,-0.02499999999999991,0.006179571042506989,-0.025,1.1733013905505433e-06,1.6908271202318854,3.4388001601446754,0,2.5903019763767086,2.7797766159845317e-07,1.8016304699037964,3.7242178354029307,0,,0,1
S2_N80,4500808,4.727827296402059,3.2924835283447136,6.788902891138221,3.929752108317007e-17,-0.892475430759412,0.3309077992998326,0.008590377005747244,80,0.00028255440068932126,4.962116955717909e-05,True,0.015420819075045467,0.027576916186931127,True,0.3562198424943632,0.43413710136018746,0.056603484559274414,0.11249999999999993,0.0566881807825989,0.1125,3.929752108317007e-17,3.2924835283447136,6.788902891138221,0,5.365932062181431,1.7455476432195537e-16,3.5979730136528523,8.002624474026907,0,,0,1
S2_N80,4500809,2.6125341797356127,1.73290037424384,3.9386769959381533,4.5430078874406705e-06,-1.3842577441742363,0.3426106907752639,0.0001253248708686294,80,0.00021054707908401836,3.2636536678434675e-05,True,0.9499088853799397,0.9577058839322546,True,0.8798308636618862,0.9768426441817982,0.014279795055876824,-0.0625,0.010864315172078483,-0.0625,4.5430078874406705e-06,1.73290037424384,3.9386769959381533,0,2.937059620419259,3.589975705046428e-08,2.0020223647254256,4.308802621733153,0,,0,1
S2_N80,4500810,2.481860873308768,1.7276636865897401,3.5652965575838134,8.726699542042136e-07,-1.4321496114788475,0.3141632518446247,1.906484659837829e-05,80,0.0006262720064050826,7.443848579241463e-05,True,0.13952922722410538,0.2166870195882299,True,0.9939696507567501,0.8277221872892981,0.13703744368056123,-0.16250000000000003,0.11010750828933208,-0.1625,8.726699542042136e-07,1.7276636865897401,3.5652965575838134,0,2.5785897305880825,9.580439577169796e-07,1.7653653284364468,3.766430036656115,0,,0,1
S2_N80,4500811,2.3158492969993643,1.6767183644469057,3.198603939774692,3.455475474005241e-07,-1.5376024550363212,0.37771743115542417,0.00011258020391324937,80,0.018388311723394928,0.009592213421526732,True,0.0011264636025563916,0.0016986036101845222,True,0.5135300700736946,0.6285579384605146,0.06571117093393378,-0.13749999999999996,0.050456770207315954,-0.1375,3.455475474005241e-07,1.6767183644469057,3.198603939774692,0,2.6547184568875655,2.5582094497538088e-08,1.8827629808471986,3.743184966473197,0,,0,1
S2_N80,4500812,2.7009929392429104,1.86559693648147,3.9104710750646743,1.4183546104964484e-07,-1.3750000000000002,0.42250342327416557,0.0016892546755565027,80,0.002592646315468957,0.000983428921937104,True,0.056211390147759215,0.08671976281463352,True,0.7587085816074611,0.48924951576904074,0.006627506970826285,0.025000000000000022,0.012368333993688653,0.025,1.4183546104964484e-07,1.86559693648147,3.9104710750646743,0,3.0611508271013235,1.525195139824887e-08,2.077745782905275,4.510005248649964,0,,0,1
S2_N80,4500813,2.000860693562047,1.3904253344236657,2.879294138222124,0.00018778223489879163,-0.9592987842168353,0.37344014348857213,0.012138380339514464,80,0.004349366222833598,0.004399018667342749,True,0.12397203065160887,0.08767470791235141,True,0.3910854274480492,0.4828883159372538,0.009834277457395173,-0.04999999999999993,0.00581425311093372,-0.05,0.00018778223489879163,1.3904253344236657,2.879294138222124,0,2.1312891385790826,9.341330287404005e-05,1.4580800634055717,3.115325081405821,0,,0,1
S2_N80,4500814,2.356703824217133,1.6307898100053466,3.4057441866536142,5.03547114527151e-06,-1.972846674182637,0.40546667824258786,5.926140354895718e-06,80,0.0002354706804903791,0.00016411523803834755,True,0.2906546716994345,0.42533255248331336,True,0.47161617784835097,0.6287936900389193,0.0031011692213526033,-0.025000000000000022,0.0025617847204274066,-0.025,5.03547114527151e-06,1.6307898100053466,3.4057441866536142,0,2.3629502713909796,1.4372368907600625e-05,1.6022366854758754,3.48483718771447,0,,0,1
S2_N80,4500815,2.985274760084523,2.0452971166926432,4.357247326299799,1.4391866385666965e-08,-1.4157899178575453,0.36727575353376496,0.00023848306235217862,80,0.00028295896690746657,0.0008529926862033075,True,0.007601041998453976,0.017037650523184383,True,0.5353429890291452,0.468069646479758,0.037792657035181774,0.11249999999999993,0.040918046447973436,0.1125,1.4391866385666965e-08,2.0452971166926432,4.357247326299799,0,3.07357306974646,4.5685753241603125e-08,2.0550860353092055,4.596815536070399,0,,0,1
S2_N80,4500816,4.902121566938941,3.278181206976154,7.330527002567465,9.696698130545009e-15,-0.6838381520575184,0.4380707992003078,0.12261944309979318,80,0.002736303472148245,0.0015340312555876122,True,0.08394955013612601,0.172357785221798,True,0.26114557757825785,0.24478008609269064,0.05547190220116416,0.11249999999999999,0.040918046447973436,0.1125,9.696698130545009e-15,3.278181206976154,7.330527002567465,0,4.952159188053203,1.7230740676551897e-14,3.2903639531072155,7.4532425510743066,0,,0,1
S2_N80,4500817,2.5473867777914085,1.7718671119241118,3.6623397725463414,4.457960030581214e-07,-1.5315623525711588,0.32990380451917745,1.3907319691957978e-05,80,5.0142137897712524e-05,1.3758475272050263e-05,True,0.055816794901739374,0.038641736505718824,True,0.2376565791730595,0.23098222515947764,0.017516875911543228,0.08750000000000002,0.01656765641676036,0.0875,4.457960030581214e-07,1.7718671119241118,3.6623397725463414,0,3.0355037315183955,6.897876504614027e-08,2.0276885308007513,4.544229926882956,0,,0,1
S2_N80,4500818,4.352567338350677,3.1313360354143294,6.050082846624401,2.0646227248917794e-18,-1.7221750489875918,0.3421332552202318,3.0803340580692632e-06,80,0.038812454389082186,0.020678775286649326,True,0.00026084149612474203,0.0006012943975689939,True,0.5602747441243106,0.6497971720984463,0.0076781799460684886,0.050000000000000044,0.00581425311093372,0.05,2.0646227248917794e-18,3.1313360354143294,6.050082846624401,0,4.321476536116056,1.455120260855683e-16,3.0535804143891667,6.115823694768287,0,,0,1
S2_N80,4500819,2.7868223054952175,1.959374041824576,3.963703915957568,1.1823654730986404e-08,-1.0425132367487044,0.36947575597730964,0.0060762400214257415,80,3.320065866769516e-05,5.435004702246875e-06,True,0.547161782906453,0.45790821597791365,True,0.5252577437429273,0.3946742131282269,0.001666273318718567,0.012500000000000067,0.0018647148191420666,0.0125,1.1823654730986404e-08,1.959374041824576,3.963703915957568,0,2.945969404240398,7.376048595038777e-09,2.0425576527195397,4.2489550878357445,0,,0,1
S2_N80,4500820,2.5191040800452944,1.611343222145322,3.9382580190780327,5.066467188645688e-05,-1.225,0.3734982720706552,0.001561477261388637,80,0.00015297533044204332,8.373264093304736e-05,True,0.009641071150338087,0.017070818792493798,True,0.2688835338835084,0.20150647846962588,0.03477367451332716,-0.09999999999999998,0.03491664077841603,-0.1,5.066467188645688e-05,1.611343222145322,3.9382580190780327,0,2.6364513729953196,7.730633575105032e-05,1.6302341682020425,4.263728473949794,0,,0,1
S2_N80,4500821,3.123412695910169,2.169594753797564,4.49655718050427,9.007409411075748e-10,-1.8152244072464385,0.32134956612765664,2.5971085892337886e-07,80,1.1725716125241959e-05,4.935946506570193e-07,True,0.7166470663520556,0.35706612652034875,True,0.7213349391473876,0.8463301874303827,0.0013677094855201611,0.03749999999999998,0.0016558310417547097,0.0375,9.007409411075748e-10,2.169594753797564,4.49655718050427,0,3.347202916739666,3.7873003479072505e-09,2.239668357461139,5.002422491931344,0,,0,1
S2_N80,4500822,2.3602883777380175,1.670090254121218,3.335724648615794,1.1386941056989766e-06,-1.4868862707381587,0.32859966233079346,2.1624631395617134e-05,80,0.0023561537747083194,0.0010756539720340212,True,0.18914486992921498,0.4460963086755705,True,0.10308285291842403,0.11878228023126743,0.005244807320866959,0.025000000000000022,0.0031555361579707042,0.025,1.1386941056989766e-06,1.670090254121218,3.335724648615794,0,2.471017301284548,5.613306218845311e-07,1.7337899856409598,3.5217220965723195,0,,0,1
S2_N80,4500823,2.814377368594535,1.9289002856913549,4.106339778999079,7.952927736109697e-08,-1.8712207463630617,0.38441993422992016,5.879879352931548e-06,80,0.0005705491243482285,0.0005284240618520895,True,0.8124296976459064,0.7909857502454123,True,0.8916295846005607,0.7244193434382983,0.008222053183873469,0.03749999999999998,0.0035062293183899247,0.0375,7.952927736109697e-08,1.9289002856913549,4.106339778999079,0,3.0613920882882315,1.7359020053648676e-07,2.0121740288611143,4.657709215906329,0,,0,1
S2_N80,4500824,2.0927643198480936,1.5442456560036257,2.8361177390412364,1.9170133692194723e-06,-1.7611146803726296,0.34298304241106964,2.068382545651312e-06,80,0.05225574549989513,0.052080624368364185,True,0.8257528462375245,0.8468979150451827,False,0.016574888647008953,0.023539664055587193,0.0142456176005403,-0.07499999999999996,0.025456975000451628,-0.075,1.9170133692194723e-06,1.5442456560036257,2.8361177390412364,0,2.2186641211298466,2.0294648046955043e-06,1.5969817124466128,3.0823587045637084,0,,0,1
S2_N80,4500825,2.2842445765048556,1.6344219821425725,3.1924272570366683,1.3214567740700245e-06,-0.8608681060521324,0.35058126727293043,0.016321318962936284,80,0.012380883853496576,0.011708031344333014,True,0.0002784766535695204,0.0001036262590200219,True,0.17844654879145028,0.18209986892902996,0.007418624453088035,-0.03749999999999998,0.007111770804383594,-0.0375,1.3214567740700245e-06,1.6344219821425725,3.1924272570366683,0,3.046129185432817,8.761350470598475e-09,2.084229633251748,4.451958107835245,0,,0,1
S2_N80,4500826,2.4080917076400725,1.6427635984697007,3.529969666850904,6.676147056564197e-06,-1.0823671055042283,0.35714536466618524,0.0033227694139717034,80,0.0060916750975458485,0.007943134328203032,True,0.0033701823601974103,0.00833296835269265,True,0.3189870906717932,0.3484493427543347,0.003615350846418496,-0.025000000000000022,0.004541953150116096,-0.025,6.676147056564197e-06,1.6427635984697007,3.529969666850904,0,2.477264610541487,1.0496029034340103e-05,1.6547996149517237,3.7085094141868646,0,,0,1
S2_N80,4500827,2.7705066774374694,,,,-1.8093205696941383,0.40330733523316115,2.4977428400896383e-05,80,1.819103261490944e-05,3.522581995329161e-06,True,0.03390558561441812,0.01118974566014235,True,0.35653052656252815,0.149811145586283,0.01186498339296744,0.0625,0.0023432839701823444,0.0625,3.3642100289486115e-05,1.7470369249227355,4.393557537465942,1,3.023370759338552,0.00012804217023919511,1.7502622238351737,5.2225150174321415,1,0.0,0,1
S2_N80,4500828,1.9212704829095055,1.3640261498402655,2.7061653245662427,0.00018679997646552055,-1.2096577017114907,0.4080501149652204,0.004034003225160379,80,0.03151815142343374,0.032581394867548734,True,0.0026869076064900913,0.0013954240844355835,True,0.24378424624054473,0.20699653411742502,0.012666983199531067,0.07500000000000007,0.014420573208165727,0.075,0.00018679997646552055,1.3640261498402655,2.7061653245662427,0,1.9791760948421817,0.00034161103767807373,1.3621811603693474,2.8756366101353508,0,,0,1
S2_N80,4500829,2.4209219282742764,1.6839197101367858,3.4804883792963976,1.8104388525661278e-06,-1.279623716614332,0.3587866366160662,0.0006259083441119899,80,0.020861574717313938,0.0241084580548271,True,0.0002371913995765477,3.2935244532655e-05,True,0.2705343243149979,0.20919402612785354,0.005645739268604755,0.04999999999999993,0.004781774238478969,0.05,1.8104388525661278e-06,1.6839197101367858,3.4804883792963976,0,2.6424369389291,3.618962741379518e-06,1.7516408031112642,3.98624704552139,0,,0,1
S2_N80,4500830,2.4404677427517347,1.650117228594723,3.6093695043011653,7.882478820096162e-06,-1.3878632478632487,0.34401207719557486,0.00012798464875353965,80,0.01635607453384107,0.025925061454104444,True,0.006219993778002391,0.002313006267910557,True,0.6366951124248731,0.6745404318868485,0.02665976832339968,-0.08750000000000002,0.014169211079951163,-0.0875,7.882478820096162e-06,1.650117228594723,3.6093695043011653,0,2.595007263063806,1.2618132758809072e-06,1.7645301704161904,3.8163488549280964,0,,0,1
S2_N80,4500831,2.237838970583907,1.4649076677213417,3.418593109048194,0.0001945479270337837,-1.519193659545143,0.3516742948232126,4.606432223520512e-05,80,0.002377143188915043,0.0007180380320250383,True,0.20219694140073396,0.1784340818907163,True,0.324804084664403,0.2193642468371847,0.08002268222943024,-0.15000000000000002,0.06613345638799575,-0.15,0.0001945479270337837,1.4649076677213417,3.418593109048194,0,2.2616867116522266,0.0002725514053917997,1.4574444201151324,3.5097233973836057,0,,0,1
S2_N80,4500832,2.7804030566970326,1.9678344497026352,3.928501789801678,6.6993024852815615e-09,-2.1232360872762923,0.41210843416702875,1.9304068518895825e-06,80,0.00011024907883087312,1.791058688822418e-05,True,0.1170754129212107,0.06007717568698956,True,0.8824814232876734,0.6528364537143796,0.3274469908957857,-0.2124999999999999,0.30110208889634243,-0.2125,6.6993024852815615e-09,1.9678344497026352,3.928501789801678,0,3.1511991492506266,3.14461561843532e-08,2.0984852034621624,4.732011482308706,0,,0,1
S2_N80,4500833,2.5548178861594995,,,,-1.4005624459186627,0.3351497750236299,7.66508351432663e-05,80,0.0003912633156335403,0.0007738440539575172,True,0.0010833034519352198,0.0005839135205376787,True,0.41734488629121247,0.40325796285326243,0.008910668362774918,0.050000000000000044,0.008154759234663913,0.05,8.126681246427639e-06,1.7280284890689013,3.7771914483640434,1,2.7068900972667564,4.647487874563848e-05,1.709189176956916,4.2869765953739885,1,0.0,0,1
S2_N80,4500834,3.28086152500912,2.2380725981954943,4.809518848925621,1.1425550123149017e-09,-1.8663483934334213,0.32069892232505953,1.2820677908078343e-07,80,0.03480360574498879,0.04334733970171573,True,0.004997256712754676,0.00229264766324644,True,0.31545007336278796,0.34828396131147565,0.0022669330139774694,0.012499999999999956,0.0018647148191420666,0.0125,1.1425550123149017e-09,2.2380725981954943,4.809518848925621,0,3.4877549202329625,7.852739549274016e-10,2.341965227294062,5.1941140038463285,0,,0,1
S2_N80,4500835,3.6159826950026224,2.4193714113245357,5.404433064454565,3.6318923730717885e-10,-1.2054560635724982,0.36388595354994885,0.00140924177488199,80,0.00012397064069606195,4.5962219157442226e-05,True,0.19913898438919664,0.2025652862574313,True,0.508214189511968,0.6485981566625634,0.00269514992132882,0.012500000000000067,0.002813335718335154,0.0125,3.6318923730717885e-10,2.4193714113245357,5.404433064454565,0,4.206832327428626,6.956376920907292e-10,2.6647438975533837,6.641327989285325,0,,0,1
S2_N80,4500836,2.072501382391523,1.4129112336540792,3.040008372575778,0.00019275698695315666,-1.4539055034507171,0.3613895494291457,0.00013313622508108594,80,0.42610143456005056,0.42913730092961144,True,0.006949941509935378,0.006283124588650756,True,0.4708542562185358,0.5398494971237888,0.06473831655776824,0.125,0.06670211144081224,0.125,0.00019275698695315666,1.4129112336540792,3.040008372575778,0,2.0664904126271284,0.0002560854253666048,1.4003697781556883,3.049467856342921,0,,0,1
S2_N80,4500837,2.704885720677654,1.9423929639878392,3.76669752082755,3.870957087943022e-09,-1.5681170149253723,0.38555390956665025,0.00011401715962138996,80,0.016691126657331665,0.01704805337347011,True,0.03473438004310692,0.028153874791263866,True,0.9016310192639896,0.7424866513993803,0.01243453509734872,0.0625,0.009308378130619379,0.0625,3.870957087943022e-09,1.9423929639878392,3.76669752082755,0,2.892243487751466,8.934017785764765e-10,2.0592052733549315,4.062281939872894,0,,0,1
S2_N80,4500838,2.961790125672045,2.0716535278586727,4.23439567985852,2.6220965694358675e-09,-1.65,0.32283390107685295,2.2716781061173994e-06,80,0.0009636851802642473,0.00024963793285091883,True,0.09381075254284525,0.12659975603649187,True,0.5078444297011959,0.34278520986592087,0.003786245078993239,0.03749999999999998,0.006097781739749196,0.0375,2.6220965694358675e-09,2.0716535278586727,4.23439567985852,0,3.0523848683870325,9.214354311393152e-09,2.085873613899832,4.466739174737721,0,,0,1
S2_N80,4500839,3.266030116588572,2.2645410037395997,4.710425956009829,2.378967726299581e-10,-1.580707063806531,0.3761572327007662,7.049855262449102e-05,80,0.011891729437413758,0.010918445713990305,True,9.331585883217658e-05,0.00020926908922082056,True,0.2729541055832617,0.4485709050114033,0.006421080338299442,0.02499999999999991,0.004541953150116096,0.025,2.378967726299581e-10,2.2645410037395997,4.710425956009829,0,3.4213412295810777,6.568761231132865e-09,2.2580198370527707,5.184000431329158,0,,0,1
S2_N80,4500840,2.3587896244770303,1.6580882544787017,3.3556045509108077,1.8268861039956744e-06,-0.9750000000000015,0.35377856015953507,0.007301949043702153,80,0.012599853147492845,0.003990800949865009,True,0.024249539669933953,0.040129840935564286,True,1.0,0.7059625920218444,0.004784816009395749,0.025000000000000022,0.0038161740312884175,0.025,1.8268861039956744e-06,1.6580882544787017,3.3556045509108077,0,2.5857048182749613,3.2012371070209983e-07,1.7962610690703082,3.7221033859575656,0,,0,1
S2_N80,4500841,2.5836185014888176,1.828036268896764,3.65150553892664,7.547712806160518e-08,-1.2129770660167976,0.37156568558926645,0.001637338786392783,80,0.2888163197181842,0.19649925200291785,True,0.019666804562616463,0.009664194018955534,True,0.012213369052078371,0.046608364674987045,0.03434657420422211,0.10000000000000003,0.02834550338924414,0.1,7.547712806160518e-08,1.828036268896764,3.65150553892664,0,2.7307633237095876,1.8871759060281983e-07,1.8713757130317297,3.984805551439257,0,,0,1
S2_N80,4500842,2.5894141943294535,1.8193622628949648,3.6853935065827783,1.267711433889319e-07,-1.2700125031257798,0.36497510511562203,0.0008295700514025613,80,0.16811749318214864,0.14832367089133594,True,0.005470872762669304,0.0017605115698268957,True,0.8387480413693912,0.6289316812553667,0.003362986416394677,0.03749999999999998,0.0008465146141695041,0.0375,1.267711433889319e-07,1.8193622628949648,3.6853935065827783,0,3.0459768820256787,1.6810486647892932e-09,2.1202788275457696,4.375827860609336,0,,0,1
S2_N80,4500843,4.0401941308899225,2.851232487139235,5.72495181957439,4.100499747762274e-15,-1.214232031584455,0.39480962102618783,0.0029083693815645487,80,0.0010381317077899298,0.00046487873328263655,True,0.0007490872370463228,9.861357681908035e-05,True,0.9478392944495523,0.9114527759850768,0.008519667413434785,-0.03749999999999998,0.005156257815362903,-0.0375,4.100499747762274e-15,2.851232487139235,5.72495181957439,0,5.355267448211513,4.1815457990660975e-14,3.465148221054526,8.276381733865971,0,,0,1
S2_N80,4500844,3.166265797640367,2.1624272996086358,4.6361045770748435,3.1413723503115226e-09,-1.4422776720815655,0.34696986432842786,8.296241553244582e-05,80,0.00705994720036885,0.011729745069263298,True,0.07427649279470358,0.05875019568081446,True,0.662336173245435,0.7752689946333415,0.008726721757637248,0.0625,0.005265277941240246,0.0625,3.1413723503115226e-09,2.1624272996086358,4.6361045770748435,0,3.1965684220710546,6.56829732050375e-09,2.158668446262025,4.733496565753542,0,,0,1
S2_N80,4500845,3.1416424620312484,2.069468721258381,4.769300090332444,7.673950288204223e-08,-1.3308603079424788,0.3480746490607552,0.0002654264552383782,80,0.0007884135052771374,0.0001062871032642405,True,0.02954675158837821,0.030587619650622424,True,0.6005387094967198,0.8238984024424869,0.025004843075654246,-0.08749999999999991,0.024325307313285062,-0.0875,7.673950288204223e-08,2.069468721258381,4.769300090332444,0,3.2268837259347927,7.761034555099967e-08,2.1046279879493452,4.947562533770423,0,,0,1
S2_N80,4500846,2.707789114601942,1.9136548684130692,3.8314755759679153,1.8597997218322614e-08,-1.259819305753687,0.40967088203626206,0.0029108757327359035,80,0.0002046411556198349,0.0002173633707454761,True,0.009631247979601701,0.003119291342784885,True,0.3365583763946507,0.28066614976348336,0.025946744852202778,0.08750000000000002,0.02980916043796153,0.0875,1.8597997218322614e-08,1.9136548684130692,3.8314755759679153,0,2.8006804391402547,3.975799845302091e-08,1.9392938414300385,4.0446737645486515,0,,0,1
S2_N80,4500847,2.831422950601763,2.0159181547824576,3.976826095928245,1.9145779171845655e-09,-1.6659631349373858,0.3887005173532582,5.210893699950861e-05,80,0.021890432755361938,0.0064046878919769845,True,0.0032181599652536127,0.0007771230469742202,True,0.18105512125666945,0.08074039761080076,0.0017159238381175537,0.0,0.0034709861997839976,0.0,1.9145779171845655e-09,2.0159181547824576,3.976826095928245,0,3.2364124393645084,2.5063084303455717e-11,2.292187317388097,4.569594028470878,0,,0,1
S2_N80,4500848,1.9434088163431353,1.3814240725619038,2.7340176723834966,0.00013599460776778194,-1.8376022126022131,0.4253987347864866,4.609305227619612e-05,80,0.0001402094550244485,2.8998362249322453e-05,True,0.26102756234714974,0.22065216110258268,True,0.5654628553940451,0.5458249487482092,0.007053931471365655,0.07499999999999996,0.00880596580825544,0.075,0.00013599460776778194,1.3814240725619038,2.7340176723834966,0,1.9589192823264014,0.00035757834240478096,1.3541819321276316,2.833714336035398,0,,0,1
S2_N80,4500849,2.5002237360029587,1.789855943047936,3.492526174719735,7.721476719853847e-08,-1.055167718110478,0.3622096205648963,0.0046807415417639605,80,0.003602806333754748,0.0016662320414906778,True,0.14825048141865438,0.24882324377795617,True,0.6754498188735849,0.9343418472136058,0.002336398540811989,0.012499999999999956,0.0053533441400235105,0.0125,7.721476719853847e-08,1.789855943047936,3.492526174719735,0,2.769121702802863,1.1985952825013285e-07,1.8991863621526865,4.03753689355808,0,,0,1
S2_N80,4500850,2.3503985504014553,1.6239152732755033,3.40188520709358,5.897499236466445e-06,-1.6263069917177981,0.34911771495860117,1.3096422614708458e-05,80,0.00032234949670074877,0.00012431569650255998,True,0.6792046712256734,0.7465555035901705,True,0.5965910586537617,0.6670999202223891,0.0018939418336590655,0.012499999999999956,0.0004279707935458926,0.0125,5.897499236466445e-06,1.6239152732755033,3.40188520709358,0,2.40628284627083,4.996443213836068e-06,1.6504971833310484,3.5081532975242156,0,,0,1
S2_N80,4500851,2.6580532378658948,1.8232589124046514,3.875065119528848,3.7194435108966753e-07,-1.4814702606666494,0.3757492502676151,0.000176202919798773,80,0.0015390691122165734,0.00034879321865326104,True,0.16347935457650065,0.19748774143693537,True,0.1883244180573984,0.41861334536510775,0.060224365715147825,0.125,0.08419623301120584,0.125,3.7194435108966753e-07,1.8232589124046514,3.875065119528848,0,2.891336080598545,8.872320143691883e-08,1.959413442712317,4.266493302913588,0,,0,1
S2_N80,4500852,3.5038437416856203,2.472684446323245,4.965017264699763,1.781800684972307e-12,-0.7661153098682795,0.3199921389818133,0.019091066333912245,80,0.0073504712149279955,0.0030931613180610056,True,0.0014162405690037211,0.018862056478450337,True,0.011594154057642494,0.016819800822854718,0.11231503059073608,0.13749999999999996,0.10809773703976362,0.1375,1.781800684972307e-12,2.472684446323245,4.965017264699763,0,4.210670783200567,2.417643529835895e-13,2.865866529513181,6.186522736462049,0,,0,1
S2_N80,4500853,2.475779005167374,1.741745766371532,3.5191597997661335,4.359542760593904e-07,-1.5184275788769277,0.3882105593040323,0.00019638939022238375,80,0.004135208173660753,0.0076329963780616735,True,0.02889967426199211,0.010179439714172369,True,0.49335666951245194,0.30512770503696707,0.004935776082112437,0.025000000000000022,0.001188663547713948,0.025,4.359542760593904e-07,1.741745766371532,3.5191597997661335,0,2.8490745923661027,5.129299768560632e-08,1.9547143963379818,4.152640430782686,0,,0,1
S2_N80,4500854,3.7176764786548535,2.6176041145165683,5.280064438810718,2.206891942586331e-13,-1.8616104372151336,0.4055015798623203,1.689090927484529e-05,80,0.0009754053843585227,0.00035970450664830206,True,0.009796876372975279,0.028161295796568443,True,0.440646116273928,0.3335299092289298,0.049229403376117954,0.10000000000000009,0.04491738857777205,0.1,2.206891942586331e-13,2.6176041145165683,5.280064438810718,0,4.338661353093477,1.2217096098669824e-12,2.8939070643708744,6.504694835775312,0,,0,1
S2_N80,4500855,2.4761394289632466,1.6466327402861802,3.723517893006814,1.3247403635831114e-05,-1.1828349671234841,0.3879928366592367,0.0031504477633470737,80,0.00010420941387278139,3.205319604863257e-06,True,0.004429017582208823,0.002090451132266993,True,0.6334490634908143,0.5077006828081645,0.09858352925565017,-0.13749999999999996,0.07323490789765716,-0.1375,1.3247403635831114e-05,1.6466327402861802,3.723517893006814,0,2.7643167368460593,2.0238639580376923e-05,1.731914847859544,4.41213783174804,0,,0,1
S2_N80,4500856,1.9047654549441764,1.357215328952527,2.6732172566521317,0.000194337665048565,-0.9816529979424438,0.3949931990608225,0.015115149175538295,80,3.579141293947941e-05,2.0322222074994837e-05,True,0.12028991980548004,0.3021092861248553,True,0.459183561725266,0.5362198223922217,0.07503068321834035,-0.13750000000000007,0.06206207069224723,-0.1375,0.000194337665048565,1.357215328952527,2.6732172566521317,0,2.084631284897505,9.798540448803827e-05,1.4405072682935465,3.0167758883448124,0,,0,1
S2_N80,4500857,2.8916027226648158,2.024530054330774,4.130028244251725,5.281345007592369e-09,-1.65,0.3592143240276683,1.673450463871704e-05,80,0.00029051235623529315,7.224609629562039e-05,True,0.001009006997300556,0.0010650556904657335,True,0.4866022984985793,0.48364949432649584,0.004122779422923385,-0.02499999999999991,0.0031555361579707042,-0.025,5.281345007592369e-09,2.024530054330774,4.130028244251725,0,2.911264612872464,1.019720971537107e-08,2.0196192334611855,4.196564137309373,0,,0,1
S2_N80,4500858,3.1297314973236454,2.222445713455353,4.407405402992078,6.48245236534161e-11,-1.3305931737544348,0.33573817384112153,0.00016411165920423136,80,0.005818716511958621,0.009010634339924117,True,0.0323718264153921,0.037767782386486044,True,0.4724097452805155,0.33136165481069446,0.004099020168678389,0.03749999999999998,0.0028041889412798652,0.0375,6.48245236534161e-11,2.222445713455353,4.407405402992078,0,3.9024737394231948,1.540816158194134e-12,2.6756228952906835,5.691871344684812,0,,0,1
S2_N80,4500859,3.18974470944746,2.191113382268175,4.643516576451993,1.4134585496751293e-09,-1.8063184581682141,0.36322811093846114,3.9059401104801976e-06,80,0.022245321276403288,0.025761561944758645,True,0.027811245154528576,0.03683768639614523,True,0.5919884836898723,0.5843211714689452,0.06287103941779743,-0.125,0.05746393724417038,-0.125,1.4134585496751293e-09,2.191113382268175,4.643516576451993,0,3.28755267431158,7.36271859484683e-09,2.196230991824208,4.921159307289442,0,,0,1
S2_N80,4500860,3.4809783281962283,2.4285833855711,4.9894148965045115,1.1158741190149855e-11,-1.2417862054089044,0.3689822256397725,0.0011942788300281593,80,0.026032019309706778,0.01093296659051734,True,0.009793481744463577,0.009170946515421066,True,0.22896941850150443,0.24372305766411018,0.0031073682026068793,-0.025000000000000022,0.0031555361579707042,-0.025,1.1158741190149855e-11,2.4285833855711,4.9894148965045115,0,3.506229704136728,7.26027773479819e-11,2.404007536508591,5.113813726235294,0,,0,1
S2_N80,4500861,2.6046580615620636,1.8442962605368096,3.678499904177864,5.471232801426156e-08,-1.5099059214167134,0.41567265286524724,0.0005039821319103436,80,0.0026038953996201206,0.0006016531601634679,True,0.12060153616436052,0.13131628956322422,True,0.25270236607707575,0.29992550045955857,0.10600278392302168,-0.15000000000000002,0.09904599208561704,-0.15,5.471232801426156e-08,1.8442962605368096,3.678499904177864,0,2.6730152035391868,1.5710948284668157e-07,1.8510106142834795,3.86005905272318,0,,0,1
S2_N80,4500862,2.0952311524367375,1.432221912691092,3.0651629773578475,0.0001385976772050125,-1.5582900838559304,0.3590580551180897,4.28149349854546e-05,80,0.019746119651788317,0.006708005250161751,True,0.05273958916882051,0.035412749985628995,True,0.42720339685277997,0.3817231210554287,0.02331338809329775,-0.07500000000000007,0.014420573208165727,-0.075,0.0001385976772050125,1.432221912691092,3.0651629773578475,0,2.143969709368358,0.00020810871931786212,1.4328131698031863,3.2080987330123705,0,,0,1
S2_N80,4500863,2.837339302664505,1.8580710762233477,4.332716020103957,1.3765881483222182e-06,-1.8312089106576934,0.4128657740161822,3.0155024343999152e-05,80,0.017291161256632798,0.007906604386558345,True,0.0013760875644455955,0.0012090134534140757,True,0.7839106425426273,0.7604938908682635,0.028700569078641817,-0.08750000000000002,0.021662657248263956,-0.0875,1.3765881483222182e-06,1.8580710762233477,4.332716020103957,0,2.9741294172530823,1.078030042415606e-06,1.9191986165305008,4.608926723051118,0,,0,1
S2_N80,4500864,1.877035208597577,1.316093044587975,2.677060857363596,0.0005083843811739293,-1.7100541415776964,0.3916803587358718,3.892952133786062e-05,80,0.0001590003016132266,1.1592916144218607e-05,True,0.03152112715845356,0.019220726538873804,True,0.24925413576768685,0.4304170986308946,0.01569476407775956,0.07500000000000007,0.004388647428178012,0.075,0.0005083843811739293,1.316093044587975,2.677060857363596,0,2.089054426447093,0.00017841739690734542,1.4211045278519085,3.0709552401855245,0,,0,1
S2_N80,4500865,2.3884656433321685,1.662148983714842,3.4321641352679486,2.514911790727593e-06,-2.181141620722581,0.3735515250437318,1.1832604886512155e-07,80,0.0007042124355405532,0.00020324875091016375,True,0.09665889323863815,0.07947799193165489,True,0.521906043599716,0.39107766523458753,0.0025255147565622516,0.025000000000000022,0.0038161740312884175,0.025,2.514911790727593e-06,1.662148983714842,3.4321641352679486,0,2.844227199172301,2.4307941108285614e-07,1.912626432937705,4.229591425277031,0,,0,1
S2_N80,4500866,2.2781419192778936,1.636437397145793,3.1714813004293525,1.0728920918501752e-06,-1.2582635133690983,0.38117824592256433,0.001461868178706715,80,1.2438654187183803e-05,3.243195074458464e-07,True,0.6947711240832397,0.8433090988313159,True,0.018251775588483826,0.04563584715022864,0.0030199219931123277,0.012499999999999956,0.0077724751723032455,0.0125,1.0728920918501752e-06,1.636437397145793,3.1714813004293525,0,2.5750930022688467,9.399319706890609e-08,1.81953499813462,3.644394846558139,0,,0,1
S2_N80,4500867,2.9405907357381977,2.097078341445523,4.123390959800223,4.017665812926764e-10,-1.3067764962490493,0.2903438656554833,2.3659173110703982e-05,80,0.0005905449615301366,2.4034917924315738e-05,True,0.0019086925929524983,0.0009083372335530356,True,0.15573963895882856,0.09633346304124313,0.001846401098516108,0.025000000000000022,0.001188663547713948,0.025,4.017665812926764e-10,2.097078341445523,4.123390959800223,0,3.2819788381131594,1.1807205839579434e-10,2.2861121157181286,4.711660911013118,0,,0,1
S2_N80,4500868,1.9720821472181351,1.401905078924872,2.7741592878449857,9.609233961662348e-05,-1.7000000000000002,0.3829279096731361,2.969982479110833e-05,80,1.2430219777037016e-05,0.00010065865450752015,True,0.008277766167996895,0.0059787246597979545,True,0.47622148698766387,0.4218347551261594,0.5,-0.25,0.5,-0.25,9.609233961662348e-05,1.401905078924872,2.7741592878449857,0,2.2016741710721544,5.33455030446246e-06,1.5672801095664413,3.0928543825565367,0,,0,1
S2_N80,4500869,3.0988939457070397,2.1509123014738014,4.464683976264252,1.271963750787742e-09,-1.9674069185671754,0.38295241072979863,2.045811578513504e-06,80,0.000617833404108991,0.0010433239045132244,True,0.0007871322154096413,0.0002515087059024257,True,0.6123421260475697,0.4594913435549396,0.005437302611759025,-0.03749999999999998,0.0028041889412798652,-0.0375,1.271963750787742e-09,2.1509123014738014,4.464683976264252,0,3.831515001704779,2.142799056564769e-10,2.531225742868459,5.799762130916223,0,,0,1
S2_N80,4500870,3.6628025011654994,2.444856732313991,5.487488074545064,3.084920745635061e-10,-1.6561220773117147,0.39059943352288323,6.155291453028404e-05,80,0.003849103625527298,0.0027273581807356114,True,0.002217181019849991,0.0017130138101597206,True,0.47320777532880354,0.4834194200344588,0.014373191160287225,0.0625,0.0257695710827337,0.0625,3.084920745635061e-10,2.444856732313991,5.487488074545064,0,3.9154096869151362,1.591486386182882e-09,2.513374403467671,6.09954211168765,0,,0,1
S2_N80,4500871,3.6340251954997007,2.249891390260924,5.8696785003453416,1.3294390650555612e-07,-1.1930180584207846,0.39141369705817713,0.0031563179858791926,80,5.6817739533646e-05,0.002423044916164317,True,0.10822272908457976,0.09883173072190632,True,0.10366701272041283,0.09926805787915785,0.04726788281777688,-0.11250000000000004,0.029097411058359834,-0.1125,1.3294390650555612e-07,2.249891390260924,5.8696785003453416,0,3.8967810171775215,5.307761169167936e-09,2.468111236651439,6.152438378926914,0,,0,1
S2_N80,4500872,3.5999993495484945,2.5089611473749356,5.165482666126301,3.568989999202555e-12,-1.8309257187604873,0.32162303245326573,2.1668301928749328e-07,80,0.000764873407662161,0.0007345817151071376,True,0.22856299033376848,0.27586139861844183,True,0.9019311063870092,0.8052859378345546,0.03797407309897332,0.09999999999999998,0.02834550338924414,0.1,3.568989999202555e-12,2.5089611473749356,5.165482666126301,0,3.8048042128613804,2.3441266315145945e-11,2.5711638015185443,5.630343383668432,0,,0,1
S2_N80,4500873,4.325771495386356,2.9050157606066644,6.4413760792779176,5.60852023724578e-13,-1.1770797310278576,0.3303328872366684,0.0006325248371088731,80,0.00534997924590674,0.0033268379954511183,True,0.038318266458461606,0.0449343526989944,True,0.411876355508768,0.5786027324263684,0.03237331417691271,0.09999999999999998,0.03161262054094574,0.1,5.60852023724578e-13,2.9050157606066644,6.4413760792779176,0,4.881158340008632,7.813200209466108e-14,3.220716338052007,7.3976420893515815,0,,0,1
S2_N80,4500874,2.962563189386161,2.073819452960088,4.232181658137246,2.3991182085483017e-09,-1.359250249332866,0.37327501028697263,0.000489235800895481,80,0.189322883686878,0.16615250086400257,True,0.012338915075381103,0.00887898347380078,True,0.0297193039678969,0.0894984395304731,0.0017243292822780622,0.0,0.005944576726221812,0.0,2.3991182085483017e-09,2.073819452960088,4.232181658137246,0,3.144746630165479,8.349137036396005e-09,2.1296502003802784,4.643688135343186,0,,0,1
S2_N80,4500875,2.6448028489813784,1.8472893244160271,3.7866196797252103,1.0859701287323515e-07,-2.1675677984198174,0.3921550816494615,4.269250490263709e-07,80,0.1466318326600737,0.153792258610744,True,0.23315360028322551,0.2782912734992673,True,0.36239248829305737,0.3981357784392878,0.0023403118283649707,-0.012499999999999956,0.0014728106816559935,-0.0125,1.0859701287323515e-07,1.8472893244160271,3.7866196797252103,0,2.7824553123384845,4.4621228441525836e-08,1.92853915027144,4.014467408696872,0,,0,1
S2_N80,4500876,3.247712714503189,2.285991423035953,4.614032130504535,4.872526633390688e-11,-1.2910868850662853,0.35162623531464365,0.00044237665320080087,80,0.0005793694671139961,0.00041205315651343644,True,0.0014535786717750072,0.000913044068940561,True,0.5219200723447472,0.4024393024599905,0.001784511295960238,-0.012499999999999956,0.0008500994489236355,-0.0125,4.872526633390688e-11,2.285991423035953,4.614032130504535,0,3.535296529663288,4.822577275241975e-11,2.4264780311813015,5.150807628192138,0,,0,1
S2_N80,4500877,3.483813091178004,2.2294741439875936,5.4438638308472695,4.241272207976403e-08,-1.8999999999999984,0.36621656635544775,1.6729825012042898e-06,80,0.00011731467336315928,8.632107050388488e-06,True,0.04018334275125725,0.04049264844902046,True,0.9720378252465234,0.7938406243368765,0.007953441152226192,-0.03749999999999998,0.0016558310417547097,-0.0375,4.241272207976403e-08,2.2294741439875936,5.4438638308472695,0,3.9452623211329994,3.343615928086011e-09,2.5033536899588404,6.217697021793057,0,,0,1
S2_N80,4500878,3.8690682124516584,2.6346350448854587,5.68188328841374,5.1621166713682445e-12,-1.6332656951362,0.40521617315015834,0.00012967664072085683,80,0.0003501766242557034,0.0005732970120709549,True,0.20891238174069837,0.17113094582267052,True,0.370976573275708,0.4062784255094577,0.007432616276566883,-0.03749999999999998,0.0093397207275627,-0.0375,5.1621166713682445e-12,2.6346350448854587,5.68188328841374,0,4.375823548782798,6.998525045189091e-08,2.670374685406829,7.170466314978915,1,0.0,0,1
S2_N80,4500879,2.7403555367304375,1.990365635640955,3.7729492175797503,6.455880683864935e-10,-1.2056117346371833,0.4294968962108725,0.006330716524275498,80,3.7086868460578256e-05,4.658471314793736e-06,True,0.0025445978170745595,0.0034239272623946227,True,0.8623557212045726,0.7941315266721161,0.01223464904862973,-0.0625,0.012508490355308538,-0.0625,6.455880683864935e-10,1.990365635640955,3.7729492175797503,0,3.120511357187249,1.0174398697149596e-09,2.1657144870683536,4.496248784629049,0,,0,1
S2_N80,4500880,2.6155972125756155,,,,-1.217968480080793,0.4203153113907135,0.004892514387222683,80,0.0004640108878469448,0.0005860568730107026,True,0.033233428438016174,0.05879184955937658,True,0.2823346506811424,0.5141453262954845,0.0009690656817524885,0.03749999999999998,0.001209752427800033,0.0375,7.013924625694301e-06,1.7574577580673054,3.8927528966368063,1,2.703402097500464,0.00034814171701283154,1.592142534230128,4.590281801813577,1,0.0,0,1
S2_N80,4500881,2.4522723252355574,1.6827968701461893,3.5735980163748375,3.0279230205112965e-06,-1.3197765138168829,0.3335499025802317,0.00016781896731614057,80,0.008567603729578106,0.008975875267282602,True,0.1764392167437856,0.3085553560416927,True,0.17791304392051122,0.17763291259392533,0.01941614109555859,0.0625,0.01978887141813441,0.0625,3.0279230205112965e-06,1.6827968701461893,3.5735980163748375,0,2.939824293991734,2.7930266003625534e-08,2.0093359032797578,4.301205619944921,0,,0,1
S2_N80,4500882,3.259126118835632,2.2357075331910212,4.751025302185204,8.055578519009249e-10,-1.27947484938666,0.4311853116333075,0.0040005287343021665,80,0.030404359518924957,0.009472524905908272,True,0.0033761986663215587,0.0021873434550728175,True,0.3749469498848528,0.3216318172510714,0.005663068623443437,0.03749999999999998,0.006097781739749196,0.0375,8.055578519009249e-10,2.2357075331910212,4.751025302185204,0,3.73632095545913,1.678082677195063e-11,2.545493824906051,5.4842381252754615,0,,0,1
S2_N80,4500883,2.410697287915139,1.6877674435448138,3.4432832770820654,1.3150201131449302e-06,-1.7674124565269331,0.30867979331951684,1.8914862830393932e-07,80,0.0013202063249178342,0.004455190734376291,True,0.0006657391436700298,0.000650253583961742,True,0.3015983486709163,0.18620274339593312,0.002579900641470513,0.012499999999999956,0.0011351017127660373,0.0125,1.3150201131449302e-06,1.6877674435448138,3.4432832770820654,0,2.7181104248727217,1.967674347530298e-06,1.8002427732776238,4.1039599722155975,0,,0,1
S2_N80,4500884,3.2119160397235524,2.2713264914319597,4.542017488524708,4.104015342916582e-11,-1.2934181751355307,0.348326014758124,0.00038518210256263484,80,0.004909831060993632,0.004331133767876672,True,0.0842008479145063,0.049801379382054145,True,0.3367832102096471,0.19548724070015255,0.02457743464863738,0.09999999999999998,0.010664803927697789,0.1,4.104015342916582e-11,2.2713264914319597,4.542017488524708,0,3.2266183442513934,2.5887683850306903e-11,2.2867253106900005,4.552827526240199,0,,0,1
S2_N80,4500885,2.0188086885134378,1.4323063268837999,2.845472678797984,6.029246091307084e-05,-1.7468733944954122,0.36062668045958657,6.442121960782407e-06,80,0.0007221446074911746,0.0005120470430558666,True,0.1039478586050628,0.08332692111624092,True,0.5451715883807565,0.4568552412602015,0.0007421071987202676,0.0,0.00043628677879939225,0.0,6.029246091307084e-05,1.4323063268837999,2.845472678797984,0,2.0146471877858754,0.0001278481490854982,1.4078334372707975,2.8830138451050464,0,,0,1
S2_N80,4500886,2.9549090511018643,2.030863706504582,4.2993961004463,1.489919943738286e-08,-1.5446925163915912,0.3492487435732653,3.1574476027217115e-05,80,0.012781360281462576,0.0037217430284334713,True,0.0015275131360369199,0.0010207269553723984,True,0.5008200298193517,0.4747158928308638,0.1125919123712423,0.15000000000000002,0.1106807951528212,0.15,1.489919943738286e-08,2.030863706504582,4.2993961004463,0,2.9204606700002413,3.0510292142726026e-07,1.9376857081267125,4.401689339631806,0,,0,1
S2_N80,4500887,2.347752622845105,1.650868353348332,3.338814004700383,2.034117893740146e-06,-1.1362068193019401,0.3868984350626552,0.004372857699567602,80,0.0006216927215121104,0.0003230598093434751,True,0.05016806639683985,0.06621322156226005,True,0.13411033652969806,0.09919606307854052,0.007093953223522107,-0.025000000000000022,0.004541953150116096,-0.025,2.034117893740146e-06,1.650868353348332,3.338814004700383,0,2.5843212172000385,8.968266024247441e-07,1.7694900644009801,3.7743733565021245,0,,0,1
S2_N80,4500888,2.4687604694510035,1.6231128217566426,3.7549935986136553,2.4043467207645164e-05,-1.4618501204136563,0.35562168937414895,9.775117146479605e-05,80,0.001206448819053148,0.001210063827304399,True,0.09956623549273916,0.0421680453637621,True,0.04324419174808212,0.08116084290835819,0.037562891594961394,0.09999999999999998,0.02834550338924414,0.1,2.4043467207645164e-05,1.6231128217566426,3.7549935986136553,0,2.5096883397999497,7.227044808476387e-05,1.5931792046271473,3.9534382225393645,0,,0,1
S2_N80,4500889,2.8656622618136627,1.9768404814195133,4.1541137365247485,2.7387124484390798e-08,-0.8847039391360922,0.3795687750451783,0.022382289665781232,80,8.735461750949695e-05,4.715642541196969e-05,True,0.0003099353971915733,0.002235869697031112,True,0.3035743786753051,0.2664787776095736,0.30741171510625287,0.21249999999999997,0.3162600375100092,0.2125,2.7387124484390798e-08,1.9768404814195133,4.1541137365247485,0,2.958469784576942,3.7212295066385394e-08,2.0105213500265213,4.353370067987232,0,,0,1
S2_N80,4500890,2.533307641994955,,,,-1.277111960807742,0.3679834478355147,0.0008543746061805398,80,0.00021616478734452955,0.00034272515911085925,True,0.07853857264195448,0.10511918096995844,True,0.0736310001201237,0.12160543247344832,0.0021938618751520264,0.012500000000000067,0.00028344995159444735,0.0125,1.166948836503335e-05,1.7061495849919748,3.7614800398760035,1,2.880910189026328,6.422203009850799e-06,1.8637438140938989,4.453210497318684,1,0.0,0,1
S2_N80,4500891,2.361297538158664,1.713340471601969,3.2543012647689786,1.5209922541362274e-07,-1.8556630727762813,0.32077465689315554,1.4804646358056304e-07,80,0.0021814127286880385,0.0020135434033612767,True,0.050975590887788476,0.04322165005611467,True,0.7935936220982909,0.8923836166339392,0.018002579127646228,0.0625,0.014231639434400988,0.0625,1.5209922541362274e-07,1.713340471601969,3.2543012647689786,0,2.3251810679782356,6.017049759680869e-07,1.6693207227398663,3.2387227482629823,0,,0,1
S2_N80,4500892,4.260480491619152,3.0237949696930184,6.002951324874438,1.1792299846738474e-16,-1.1938724515496155,0.3442507710543963,0.0008613737787438977,80,1.8243206889670585e-05,8.65331306858968e-06,True,0.01344308281240543,0.005867724955272525,True,0.5341372269732138,0.6950793690819947,0.12320716685081952,0.15000000000000002,0.11068079515282117,0.15,1.1792299846738474e-16,3.0237949696930184,6.002951324874438,0,5.193391721525248,7.800900143908914e-17,3.5253158493850427,7.65075208166436,0,,0,1
S2_N80,4500893,3.2203210130998654,2.2159265864537225,4.679968863052007,8.687557866961708e-10,-1.0550358311263426,0.34016432984277445,0.0026903579880993363,80,0.000603250058422269,3.844874897165334e-05,True,0.005951274618681735,0.013332369296738759,True,0.32304378487835506,0.4166945782548034,0.00967028698791018,-0.07500000000000007,0.012439773519438379,-0.075,8.687557866961708e-10,2.2159265864537225,4.679968863052007,0,3.374267815648861,4.554783590866357e-09,2.2469973560209064,5.067065727164924,0,,0,1
S2_N80,4500894,1.996287203060195,1.4510276598122966,2.7464415100242903,2.165417917125739e-05,-1.2835755121486387,0.3902333038450422,0.001516276315094298,80,0.0220512655016244,0.05139197189392547,True,0.4970529120929932,0.35932606645588316,True,0.7678083981928945,0.5461166629197208,0.07810874385096266,-0.125,0.05274652554410955,-0.125,2.165417917125739e-05,1.4510276598122966,2.7464415100242903,0,2.3394827072950015,7.50249969860421e-07,1.6707191354260884,3.275942210559831,0,,0,1
S2_N80,4500895,2.7446887411905845,1.868906789739846,4.030867846045442,2.615906693166339e-07,-0.9068894676731931,0.36786096222286,0.015915695057672107,80,0.001109819795982189,0.0002982755606257366,True,0.36586218671844684,0.34153097264978693,True,0.625219964361462,0.5142373431826578,0.014991056990928068,0.07499999999999996,0.018643278265684255,0.075,2.615906693166339e-07,1.868906789739846,4.030867846045442,0,2.8702912707118786,2.3264430598480367e-07,1.924702884681414,4.2804383181919,0,,0,1
S2_N80,4500896,3.1084016704439437,2.1285928781757053,4.539224500788325,4.347468509610886e-09,-1.7139011269674047,0.3385451798335854,2.749611410330177e-06,80,0.00016214588500141545,9.9544458057237e-05,True,0.6752893319531623,0.559586758792201,True,0.5069056104290314,0.4597594422251694,0.04725259337893107,-0.11250000000000004,0.029097411058359834,-0.1125,4.347468509610886e-09,2.1285928781757053,4.539224500788325,0,3.2558562598384513,6.81917819062642e-10,2.237782353474175,4.737100535390187,0,,0,1
S2_N80,4500897,2.3571804506626752,,,,-1.0651508107495176,0.3446584676676717,0.002781241312243352,80,0.032985890442547114,0.014706334492166897,True,0.002863153678864395,0.024916604289061166,True,0.8785424165393364,0.8962049011341802,0.005432727019840076,0.03749999999999998,0.0021871073736503743,0.0375,0.0014027766638628175,1.4077586256453527,3.9469121877616935,1,2.3428956195111277,0.006073452608941204,1.284531774333629,4.273276841884287,1,0.0,0,1
S2_N80,4500898,2.9826954507352346,2.07750292519877,4.282291035034509,3.1726215993028925e-09,-1.6663220586582759,0.35335097340844973,1.0530364436374613e-05,80,0.01151346067546778,0.003414262814982784,True,0.7715418733255252,0.9538897305528924,False,0.05954729265565292,0.10139577649160866,0.004554881491061923,0.025000000000000022,0.002561784720427399,0.025,3.1726215993028925e-09,2.07750292519877,4.282291035034509,0,3.173479609679305,1.5938861169045773e-09,2.1809323924445225,4.617737288849267,0,,0,1
S2_N80,4500899,3.121425283255562,2.192022458591457,4.444888673817641,2.757792309535265e-10,-1.5757716098084373,0.3916083577653226,0.0001327875550133682,80,0.00012335794712012112,3.500275830103286e-05,True,0.15563884858161367,0.211357746458799,True,0.1983281285985572,0.28349535104578183,0.0023585034542506467,-0.012499999999999956,0.0002834499515944466,-0.0125,2.757792309535265e-10,2.192022458591457,4.444888673817641,0,3.2454763411836263,6.898868482145715e-10,2.2326631460707724,4.717736618584723,0,,0,1
S2_N80,4500900,1.942481050709812,1.3485149383586288,2.798065134494809,0.0003628705352628468,-1.8222739816756819,0.32480732874949136,3.040832239712103e-07,80,0.002864616897471785,0.006194224917344729,True,0.02464447019850506,0.00896215185667322,True,0.4551658905375947,0.32658433084145355,0.04764591398335577,-0.11249999999999999,0.044889832855542405,-0.1125,0.0003628705352628468,1.3485149383586288,2.798065134494809,0,2.0069762398370554,0.0002623357659759814,1.3806386288743586,2.9174568515111705,0,,0,1
S2_N80,4500901,2.9370303263692534,2.044729749639377,4.218722371273785,5.503818466179229e-09,-1.025,0.3892499061542342,0.010216279020276133,80,0.0020053997261575414,0.00048335459836122306,True,0.13154443466065427,0.11264192444811204,True,0.13906011473094337,0.11944022333504943,0.005085024568919465,0.03750000000000009,0.0016558310417547097,0.0375,5.503818466179229e-09,2.044729749639377,4.218722371273785,0,3.06793392230485,9.907501426803343e-09,2.091152937120304,4.500970916354997,0,,0,1
S2_N80,4500902,2.5839839432087133,1.7978075579252337,3.713953136600468,2.9112214165196847e-07,-1.0832570709526115,0.36726176809874816,0.004213023218404412,80,0.0001991845344384802,9.372718009964859e-05,True,0.1228799505794848,0.3854104004131754,True,0.35243804810951473,0.35118444970306495,0.0065260519826697665,0.050000000000000044,0.002298588238772378,0.05,2.9112214165196847e-07,1.7978075579252337,3.713953136600468,0,2.963484768034281,1.3932072686128547e-08,2.036267080644771,4.312912610456952,0,,0,1
S2_N80,4500903,2.1381181350043885,1.5512667049385434,2.946978198320679,3.4493658195728375e-06,-1.9953093264853505,0.35879793094658996,3.7195549487134313e-07,80,0.0008062877944047918,0.0063641945724931285,True,0.008648705316059034,0.018456860324083738,True,0.4682056393556394,0.5018940596032726,0.002257041374819874,0.0,0.0034709861997839976,0.0,3.4493658195728375e-06,1.5512667049385434,2.946978198320679,0,2.046267560084086,3.1474641583288345e-05,1.4606389411780616,2.86669813422565,0,,0,1
S2_N80,4500904,2.2076836795174333,1.5467720606845001,3.1509925429159726,1.2838818276669137e-05,-1.15132746298648,0.4286164332258416,0.008850430381138336,80,0.0005405899601624775,0.00024302474758060514,True,0.06225173261140273,0.07765136832353413,True,0.22088418903925677,0.37965020696457685,0.024111027380083215,0.08750000000000002,0.02980916043796153,0.0875,1.2838818276669137e-05,1.5467720606845001,3.1509925429159726,0,2.18330136042633,4.0714147866739256e-05,1.5036185474564565,3.1702221540849305,0,,0,1
S2_N80,4500905,3.717834554852945,2.625396011315299,5.264841463034657,1.3862745169159877e-13,-0.6986076755865374,0.4071603722921444,0.09021906178714527,80,0.017092176097662854,0.018158801429716244,True,0.3568650465939981,0.29353177882458037,True,0.12061054861983606,0.13996192704803945,0.3255523536978587,0.21249999999999997,0.32059334739207507,0.2125,1.3862745169159877e-13,2.625396011315299,5.264841463034657,0,3.7247271482915565,5.3104630259800435e-11,2.514876789558839,5.516609158277637,0,,0,1
S2_N80,4500906,2.588446250971135,1.8859719442194263,3.5525735230062336,3.922966223173321e-09,-1.0132454056757092,0.38504893616274527,0.01026591605175556,80,0.00048576571842287076,0.0002434151061363396,True,0.7661325668861008,0.9192860744416469,True,0.28057679775476163,0.3029694948909748,0.02054884268679451,0.07499999999999996,0.01243977351943838,0.075,3.922966223173321e-09,1.8859719442194263,3.5525735230062336,0,3.155281282348636,1.3454385145570654e-09,2.17613538238355,4.574991083429254,0,,0,1
S2_N80,4500907,2.1996477863574975,1.5076041490415617,3.209363934891939,4.317063158860512e-05,-1.2120352472996008,0.39580304503033004,0.003025589934403715,80,0.0010424670900232719,0.0013273545427950487,True,0.1941625111813201,0.15233195805884367,True,0.7990442860608806,0.8390878933119772,0.0065824478525011165,0.0625,0.005265277941240246,0.0625,4.317063158860512e-05,1.5076041490415617,3.209363934891939,0,2.2435122383108568,5.271341042008302e-05,1.5164090570565443,3.319254221034968,0,,0,1
S2_N80,4500908,2.5038685460640155,1.8131689591880966,3.4576798065062997,2.4958340888340736e-08,-1.3430193392651646,0.32599366957905956,9.464952757363052e-05,80,0.00025274182905831024,1.7627982181032952e-05,True,0.21093389765703408,0.16304171627715758,True,0.33170159564515234,0.39201606826376667,0.08194046006272834,0.13749999999999996,0.08388522324619133,0.1375,2.4958340888340736e-08,1.8131689591880966,3.4576798065062997,0,2.5653639539953828,8.154539188630945e-08,1.8181933853010697,3.6195776916046145,0,,0,1
S2_N80,4500909,4.300136571763277,2.9848117208197733,6.195089092834794,4.869888942549605e-15,-1.551075398743353,0.3451412391828912,2.4261553770250135e-05,80,0.0004254844869187202,0.00010631696890096043,True,3.651639055004125e-05,1.782742898812796e-05,True,0.15023773067608323,0.22488171366004173,0.012986086516925049,-0.0625,0.016024904467563248,-0.0625,4.869888942549605e-15,2.9848117208197733,6.195089092834794,0,4.587149760413777,1.7147792736837635e-12,3.0045674790501535,7.003318471354903,0,,0,1
S2_N80,4500910,2.948215766509419,1.988745043846012,4.370583465583604,7.341405835184574e-08,-1.3604097974564284,0.357660121285999,0.00028396710486044817,80,0.28722943812095836,0.1619567753883422,True,0.47676249325335396,0.4234678351902562,True,0.14314053448626923,0.3528168730479089,0.06286616309684522,-0.125,0.05746393724417038,-0.125,7.341405835184574e-08,1.988745043846012,4.370583465583604,0,3.9570453348140333,1.3715537717993653e-09,2.535868048607882,6.1746934310597945,0,,0,1
S2_N80,4500911,2.5834022452075267,1.7574976034605079,3.7974260376812277,1.3720838460755365e-06,-1.9734578313252995,0.3620477261391004,5.826899419640464e-07,80,2.6559874202825114e-05,5.948635490500384e-06,True,0.0013123801085112123,0.0008988673135264069,True,0.7474666588646026,0.8999862494808013,0.0019284130150092709,0.0,0.0008130221139116,0.0,1.3720838460755365e-06,1.7574976034605079,3.7974260376812277,0,2.6764367072973188,6.026619088875184e-07,1.8181681184313603,3.939852082737388,0,,0,1
S2_N80,4500912,2.6732382588616312,,,,-1.5860464579292488,0.3422965578534708,1.4383183859773088e-05,80,0.0008498847802016376,0.0006040825790789258,True,0.00727899629243772,0.007917598230417265,True,0.8190070989960796,0.7278058449949416,0.004406837438145625,-0.012499999999999956,0.003979313363321376,-0.0125,0.00038357260131954103,1.5773923898664504,4.530390050408826,1,2.717704372371024,0.0011527050133573764,1.5066080929627446,4.902347923194928,1,0.0,0,1
S2_N80,4500913,2.9233541479999494,2.044966304405033,4.1790417065648935,4.01376248567839e-09,-1.4827474272646426,0.34938700069750217,6.069176667380953e-05,80,0.00027580943082747663,6.643307595007703e-05,True,0.03940888230423075,0.013423398927907547,True,0.2819453781230419,0.2652155264418161,0.03362858068562456,0.09999999999999998,0.051558927095950946,0.1,4.01376248567839e-09,2.044966304405033,4.1790417065648935,0,3.4565045308464857,5.469156385826169e-11,2.385866787400541,5.007581996972802,0,,0,1
S2_N80,4500914,2.817117173199207,1.9300123637966562,4.111968045594362,7.978876522914966e-08,-1.254625158831006,0.3808408861944843,0.0014923801774063088,80,1.818248821610466e-05,1.5879059683157787e-06,True,0.024480248819293636,0.01755632694554254,True,0.7989563660809041,0.798021637872879,0.05255482875360449,0.11249999999999993,0.06054939398657307,0.1125,7.978876522914966e-08,1.9300123637966562,4.111968045594362,0,2.982778761901779,5.185599209331186e-08,2.0126700542075264,4.420480706141088,0,,0,1
S2_N80,4500915,2.804010516337604,1.8801165076631083,4.181908378382648,4.2896578142885734e-07,-1.3174426155453296,0.4166672493294906,0.002242860482014854,80,0.0004009778948458255,0.0010252892964854041,True,0.2644360892832659,0.481456049637749,True,0.5419062357378546,0.6704960902424215,0.005560542966421445,-0.02499999999999991,0.006179571042506989,-0.025,4.2896578142885734e-07,1.8801165076631083,4.181908378382648,0,3.220905699220862,7.700743774806807e-09,2.165573704742489,4.790524331060365,0,,0,1
S2_N80,4500916,2.2026659687498493,1.5521256632085043,3.1258663424579662,9.800981285622337e-06,-2.0827710136423647,0.39917310479699897,1.487496722847736e-06,80,0.0077651906742731225,0.003348365757829116,True,0.0457979388108198,0.062025288074484174,True,0.7907930313194523,0.8202406235838237,0.01751613303404438,-0.07500000000000007,0.027816712407383534,-0.075,9.800981285622337e-06,1.5521256632085043,3.1258663424579662,0,2.4837972270619777,1.7085215828148546e-06,1.7111166929787356,3.6053933027917906,0,,0,1
S2_N80,4500917,2.735578649502408,1.9682852749103632,3.801984723964476,2.0747739051833088e-09,-1.8234415177872667,0.3417672368170928,9.28927039546859e-07,80,0.014283376902303392,0.019385268970597946,True,0.07389508199847282,0.021490398220281235,True,0.4095993371036547,0.41149277438692333,0.009705623100024723,0.04999999999999993,0.00945024276857523,0.05,2.0747739051833088e-09,1.9682852749103632,3.801984723964476,0,3.2531774989403073,1.5830064840962794e-09,2.2179211055793457,4.771659286251786,0,,0,1
S2_N80,4500918,3.46276999267501,2.432380572415808,4.929646354748431,5.483101285288826e-12,-1.531400470410722,0.40574541404845355,0.00031365848314389856,80,0.0012152198935070334,0.0014449152210569706,True,0.17729856079641626,0.13004798061708484,True,0.37793250711280246,0.3102482549766421,0.002969133531850166,-0.012499999999999956,0.003979313363321376,-0.0125,5.483101285288826e-12,2.432380572415808,4.929646354748431,0,3.5272156827104375,7.236090672657807e-11,2.4141290866344094,5.153515005157857,0,,0,1
S2_N80,4500919,1.9960301688579236,1.3769523997383308,2.8934452895743648,0.00026375842689642506,-1.9679427888194556,0.3390878844362217,1.37004993449799e-07,80,0.0001441450339076496,0.0003697303278954933,True,6.495410434709889e-05,1.9225295149145223e-05,True,0.381880885526825,0.34765555681416893,0.04174797351248465,-0.11249999999999993,0.029097411058359834,-0.1125,0.00026375842689642506,1.3769523997383308,2.8934452895743648,0,2.045055553377526,0.00013240562685410122,1.4169991943854818,2.9514852464076387,0,,0,1
S2_N80,4500920,1.5438247416530901,1.122129215811702,2.1239932080515174,0.007633671495381311,-1.7064975263065376,0.3491264211709556,5.436611795356949e-06,80,0.008001692224391475,0.0016944329481090366,True,0.06446674732060984,0.13365434470295479,True,0.9363124233614919,0.9536990357818909,0.018647938418693673,-0.07499999999999996,0.018643278265684255,-0.075,0.007633671495381311,1.122129215811702,2.1239932080515174,0,1.7369664126791327,0.002554762483048333,1.213394117755905,2.48645701724289,0,,0,1
S2_N80,4500921,2.5162576816732534,1.7222517035714084,3.676322518624895,1.839784210854414e-06,-0.5538056985063372,0.35790624744687305,0.12587967366175254,80,0.0797127896135312,0.05557449353600318,True,0.2228801289150233,0.19082000288982692,True,0.5506179515766814,0.7244614805437684,0.0027583134378206197,0.025000000000000022,0.0006032086708959387,0.025,1.839784210854414e-06,1.7222517035714084,3.676322518624895,0,3.000684277277608,3.6985327278824876e-07,1.9644404895692869,4.583547417043535,0,,0,1
S2_N80,4500922,2.97781939319722,2.1369538848625353,4.149555309225532,1.15185626923829e-10,-1.833845613418811,0.39332621239773025,1.2896167195673323e-05,80,0.0035018763981463715,0.0009443907705132268,True,0.06788758882165496,0.04007949451471126,True,0.13112099335694355,0.06435312197994277,0.005373028606807356,-0.025000000000000022,0.0038161740312884175,-0.025,1.15185626923829e-10,2.1369538848625353,4.149555309225532,0,3.200862632953137,5.639598970864004e-11,2.2601871787577155,4.533041197352078,0,,0,1
S2_N80,4500923,2.3930324577087325,1.6431702239339092,3.4850950073434563,5.385690473872881e-06,-1.8531425891182007,0.41498023805370776,2.6961029829239845e-05,80,0.0023989580764524395,0.0005855314658467385,True,0.030912392205136616,0.055033085953650515,True,0.7738808957710477,0.5146445789935428,0.003991111898141082,-0.012499999999999956,0.006114054177345264,-0.0125,5.385690473872881e-06,1.6431702239339092,3.4850950073434563,0,2.52304847965417,2.464314140733492e-06,1.7167641880726732,3.7080070023080807,0,,0,1
S2_N80,4500924,2.438733057363385,1.7361895364265971,3.4255585581502035,2.714583604627403e-07,-1.4289041765609694,0.40151393205825014,0.0006419381076901386,80,0.012234013899764022,0.0044954041271334675,True,0.30287000089786686,0.28217801215796035,True,0.9819033521655955,0.7306059602889432,0.06934837478733662,0.125,0.06670211144081224,0.125,2.714583604627403e-07,1.7361895364265971,3.4255585581502035,0,2.516903925895158,7.667221430711376e-07,1.745576044888929,3.629062962186527,0,,0,1
S2_N80,4500925,2.585054702727261,1.746991502713839,3.8251518714953563,2.0296883595996227e-06,-1.356546955728903,0.3657476647086145,0.00039072821034141027,80,0.014566258393980588,0.008127323742555892,True,0.07549178443389003,0.02651098321996724,True,0.12638518154862868,0.2917893851395742,0.010778740660356067,-0.0625,0.009308378130619379,-0.0625,2.0296883595996227e-06,1.746991502713839,3.8251518714953563,0,2.8786149156272614,1.615431977864584e-06,1.8687288796320436,4.434256848485885,0,,0,1
S2_N80,4500926,2.664840198444381,1.7836472051293866,3.9813777426517203,1.71099792577801e-06,-1.688917954815694,0.41563575734830915,0.00011552388652159426,80,0.00013596102769264918,0.00017345587551001045,True,0.166658308424661,0.28014721959858924,True,0.19483394559527878,0.2784378405213369,0.06650914230906914,-0.125,0.0621191194475962,-0.125,1.71099792577801e-06,1.7836472051293866,3.9813777426517203,0,3.0886192516398046,1.5179080573327099e-05,1.852987554407306,5.148209905085595,0,,0,1
S2_N80,4500927,2.475265376804943,1.660146991504224,3.6906001197266436,8.698406956007665e-06,-1.9749999999999974,0.39064717244828373,2.824516345634956e-06,80,0.00013593339522404124,2.0092981701692018e-05,True,0.02551172700799352,0.0269003736414312,True,0.8048879225986647,0.9153003112611352,0.004851801708469974,-0.03750000000000009,0.01311403464881562,-0.0375,8.698406956007665e-06,1.660146991504224,3.6906001197266436,0,2.5484805252408553,1.3196127443600905e-05,1.6730597504773421,3.881961170650888,0,,0,1
S2_N80,4500928,2.372668764093737,1.6186243090416463,3.477988704765744,9.511080056598941e-06,-1.353693950177934,0.36146662298682836,0.0003462236810850762,80,0.010425218172658996,0.005863939749556179,True,0.8276225183871474,0.923116927073954,True,0.4050096781934832,0.43958957207004024,0.007562351502513137,-0.025000000000000022,0.004541953150116096,-0.025,9.511080056598941e-06,1.6186243090416463,3.477988704765744,0,2.467374117601529,7.920707206539829e-06,1.6601530308233563,3.6670926855403203,0,,0,1
S2_N80,4500929,3.516144402756263,2.336168421120872,5.292114793291493,1.6644114174476256e-09,-1.5325705130142981,0.3433448109620868,2.715842158056322e-05,80,0.002597884298896613,0.002893414479817054,True,0.015696393476464166,0.0134272206311494,True,0.4132990564601442,0.44535855926674994,0.008527155878602385,0.04999999999999993,0.0038487555618565627,0.05,1.6644114174476256e-09,2.336168421120872,5.292114793291493,0,3.6155805721071252,8.58581036155667e-09,2.334165339857727,5.600469962507147,0,,0,1
S2_N80,4500930,2.6944374042868615,1.7918254124624973,4.0517300821416224,1.916463227039324e-06,-1.548846647259091,0.3293983586157103,1.1094887981457481e-05,80,0.00416575415929507,0.0019433207852199903,True,0.12815243386805145,0.13383507560872257,True,0.945106766289945,0.9806935963067113,0.011829168768265034,0.0625,0.017879921837056268,0.0625,1.916463227039324e-06,1.7918254124624973,4.0517300821416224,0,2.9673117984740762,3.766947807128425e-07,1.9504262988651793,4.5143665846212455,0,,0,1
S2_N80,4500931,3.3243076128330187,2.3837026189277606,4.636073735452178,1.4548749398288303e-12,-1.7250000000000005,0.3916010977513245,3.3728334872077746e-05,80,1.691206074602106e-05,2.261625666326762e-06,True,0.04802815849391539,0.05534433820979476,True,0.5018727305310363,0.5172718899024402,0.014737845274119737,-0.0625,0.009308378130619379,-0.0625,1.4548749398288303e-12,2.3837026189277606,4.636073735452178,0,3.8488188130624694,2.0490573616278074e-11,2.5951588758902964,5.708092245682532,0,,0,1
S2_N80,4500932,2.6230325024583214,1.8239333727885292,3.7722318214035333,1.972085423675587e-07,-0.6065014925373134,0.31643364484426484,0.05898928969623094,80,0.00011079870900588531,3.542555741335755e-05,True,0.15366944627639795,0.2845769737267545,True,0.2599219752709949,0.29211199870832316,0.0360074820278774,0.10000000000000009,0.01894754786990426,0.1,1.972085423675587e-07,1.8239333727885292,3.7722318214035333,0,2.7206106613138137,4.0019390375666095e-07,1.8475455729248618,4.006246167306537,0,,0,1
S2_N80,4500933,2.535304461839121,1.750422586347858,3.6721239570111313,8.567067234664269e-07,-1.6998444863336464,0.34553379648052673,4.810181259510415e-06,80,0.13127299665132602,0.07511541775383435,True,0.38575261208218203,0.4694404436086893,True,0.8089855003472375,0.8808812771298736,0.06718739125192373,0.1375,0.09882245512815545,0.1375,8.567067234664269e-07,1.750422586347858,3.6721239570111313,0,2.6554961211325656,8.635588345428233e-07,1.7996780320419425,3.9182895627998406,0,,0,1
S2_N80,4500934,2.959838110515889,1.9254788959282836,4.549850771664113,7.55342542551069e-07,-0.8047634329726769,0.31766170077490496,0.013328455647977725,80,0.007929759673975176,0.003954184728896407,True,0.022227910435389235,0.012089871950331071,True,0.39921197254985574,0.47781246389778187,0.00567035078423963,0.03749999999999998,0.005156257815362903,0.0375,7.55342542551069e-07,1.9254788959282836,4.549850771664113,0,3.334085625724629,4.478334020715625e-08,2.165797923584418,5.1325780852473475,0,,0,1
S2_N80,4500935,3.2566280965697687,2.1648253479205675,4.899067986964822,1.453608616915335e-08,-1.9339370979270873,0.3940038016393396,5.021029584156485e-06,80,0.0007439702547441816,0.003017490320803896,True,0.0008218588135958412,0.00030079163381893176,True,0.8981715121949136,0.8732011653878193,0.005958695874808197,0.03749999999999998,0.0035062293183899247,0.0375,1.453608616915335e-08,2.1648253479205675,4.899067986964822,0,3.5075360440325456,1.0064405508029798e-08,2.283341021392155,5.388073434903056,0,,0,1
S2_N80,4500936,3.3509837288439366,2.301351775348872,4.879346161355339,2.8355329236875705e-10,-1.261510959778676,0.3535376968031117,0.0006224000798574874,80,0.04088967305009359,0.04834193347373218,True,0.00982759449607045,0.017210418780228363,True,0.8695000492763121,0.9922677212327584,0.0029894483538940152,0.03749999999999998,0.0028041889412798652,0.0375,2.8355329236875705e-10,2.301351775348872,4.879346161355339,0,3.589609880984961,3.081838298515605e-10,2.4111323711746757,5.34408614463058,0,,0,1
S2_N80,4500937,2.4411370638889416,1.7169820202040431,3.470712036917048,6.668366617664593e-07,-1.560725930482927,0.39540084829510347,0.0001734810697857523,80,0.0002404936766258502,0.0001278393688534344,True,0.26171461905294136,0.14402309050802767,True,0.1813702124190305,0.2972890872451407,0.006782014736226828,-0.025000000000000022,0.010117992772564165,-0.025,6.668366617664593e-07,1.7169820202040431,3.470712036917048,0,2.6768816591237408,4.284271691270872e-08,1.8821248681594323,3.8072369895205465,0,,0,1
S2_N80,4500938,2.8894603257835074,2.0080311890724554,4.157794470380448,1.0990950581450665e-08,-1.7932321447135866,0.38442766901491426,1.2785449210122091e-05,80,0.0008285336362805948,0.0005207672717475821,True,0.10037820266811222,0.08682007570280284,True,0.1314705316485229,0.23397106102857335,0.005337589848429502,-0.025000000000000022,0.0038161740312884175,-0.025,1.0990950581450665e-08,2.0080311890724554,4.157794470380448,0,3.23167627622009,7.04854743473394e-10,2.225724815922125,4.69228337644107,0,,0,1
S2_N80,4500939,2.2130471427031355,1.4518589436537592,3.3733150711605857,0.00022112141152808942,-1.1834342765803352,0.3589733467808741,0.0014814324516134077,80,0.000214092025846018,0.00022978888160557487,True,0.02592269049496392,0.027448243896365878,True,0.7876677282212671,0.7462276107244237,0.010757859540631054,-0.050000000000000044,0.006940622567554772,-0.05,0.00022112141152808942,1.4518589436537592,3.3733150711605857,0,2.209727420321976,0.00022528403333367457,1.4500516869988367,3.3673939459557554,0,,0,1
S2_N80,4500940,2.4686473750541387,1.6845970420579433,3.6176128238459024,3.5728074969249756e-06,-0.8465141400655423,0.3769793705863426,0.027603194167772054,80,0.0005073863626757432,0.00022951521557087418,True,0.00014095211585708406,9.179621277219496e-05,True,0.02012808957492071,0.024295149295031848,0.0010889294345912386,0.0,0.00030225071633389807,0.0,3.5728074969249756e-06,1.6845970420579433,3.6176128238459024,0,2.9012793137323127,5.377588733391741e-08,1.9763951667514543,4.258977049679048,0,,0,1
S2_N80,4500941,3.0465466943327626,1.9954602126795518,4.651281294296784,2.4680814010149954e-07,-1.8082080040785102,0.4010656854870075,2.2988861419926812e-05,80,0.10532501249116358,0.041869678027842874,True,0.0025438765867224124,0.0007041104230920038,True,0.44612374780871633,0.42814079181759723,0.020155304906854105,-0.08750000000000002,0.02704503817240941,-0.0875,2.4680814010149954e-07,1.9954602126795518,4.651281294296784,0,3.421799035263207,3.049156230127643e-08,2.214091904891766,5.288266766099118,0,,0,1
S2_N80,4500942,2.672475369745612,1.8646751370015429,3.8302246113399185,8.649186315261471e-08,-1.3249999999999975,0.36910103854371595,0.0005799683102190082,80,1.1623341702489302e-05,5.733206863135697e-05,True,0.057665341641790546,0.08320153677552945,True,0.26336202035835454,0.529334175572248,0.051788357856019006,-0.11250000000000004,0.07183168870571882,-0.1125,8.649186315261471e-08,1.8646751370015429,3.8302246113399185,0,3.0104991718795233,6.014201690764543e-09,2.0765848774784312,4.364428038642225,0,,0,1
S2_N80,4500943,2.690941845881312,1.8556848782674018,3.9021539177901734,1.7839395006751883e-07,-1.1499475848721885,0.3781300910479557,0.0032208325572691014,80,0.0007049105384820469,0.0006786260867638116,True,0.2302023803140466,0.28016703080611827,True,0.624984767793251,0.473737456668507,0.004573217092045282,0.03749999999999998,0.0035062293183899247,0.0375,1.7839395006751883e-07,1.8556848782674018,3.9021539177901734,0,2.90509712766126,1.0407920701206941e-07,1.9611379117550383,4.30341449755211,0,,0,1
S2_N80,4500944,1.992633267208587,1.4288784076886099,2.77881400980038,4.83896533236163e-05,-0.22321335379892526,0.39411123976798174,0.5727884183886808,80,0.004459583666071426,0.004198437266778771,True,0.05671122080050398,0.05029788666389816,True,0.2951621031339662,0.3741480991049001,0.10024152238720874,-0.13750000000000007,0.08900324014775475,-0.1375,4.83896533236163e-05,1.4288784076886099,2.77881400980038,0,2.141076426595287,2.048686644022005e-05,1.5083283326101111,3.0392641743918087,0,,0,1
S2_N80,4500945,2.304669990653167,1.5689447329149906,3.3853988954402903,2.0843225543227605e-05,-1.4781699509437096,0.3668920226951731,0.00013045579224206695,80,6.024965785644879e-05,2.983799904012866e-05,True,0.17911590158911905,0.177086773532516,True,0.1408525678814504,0.24024983110787357,0.001119098518223367,0.0,0.0020656386384944807,0.0,2.0843225543227605e-05,1.5689447329149906,3.3853988954402903,0,2.6280476884720536,5.925037897975937e-07,1.7985838231732412,3.840040460665285,0,,0,1
S2_N80,4500946,2.476655810962292,1.704753967273857,3.5980699407212065,1.9435298119907418e-06,-1.4153363740022824,0.4123522243594029,0.0009657097693960351,80,0.0011469286827383107,0.0014271220022769205,True,0.05759932892772599,0.0593724634146264,True,0.9084960792388489,0.9922925576381856,0.015005812011036143,0.07499999999999996,0.003245852329016231,0.075,1.9435298119907418e-06,1.704753967273857,3.5980699407212065,0,2.900468059069537,6.882164309641478e-08,1.9698472023939768,4.270744934662212,0,,0,1
S2_N80,4500947,2.206646457584954,1.5135752907170652,3.2170772201661486,3.875885915604273e-05,-1.907114876454499,0.3608020147837663,1.133383792232451e-06,80,0.002029726632195107,0.0004948281826747953,True,0.9190953275312297,0.9961538812804116,True,0.24968126339824936,0.23409021349819015,0.009458244229991856,0.0625,0.0041565465323129295,0.0625,3.875885915604273e-05,1.5135752907170652,3.2170772201661486,0,2.225415685616582,5.7088696290876654e-05,1.507372066965212,3.285502685318514,0,,0,1
S2_N80,4500948,2.2699142015415146,1.4999682368295961,3.435079727588392,0.00010530114214207297,-1.0500000000000012,0.3484674122375703,0.003497822575713705,80,3.264200008074726e-05,1.1355919450485209e-06,True,0.004437101985710791,0.005977248561261569,True,0.47983398221374396,0.8619759563461069,0.007297347469217729,-0.04999999999999993,0.008154759234663907,-0.05,0.00010530114214207297,1.4999682368295961,3.435079727588392,0,2.1831457242776637,0.00031920328247501034,1.427030124169772,3.3398911296316998,0,,0,1
S2_N80,4500949,3.18303158963582,2.104346273534002,4.814649674363978,4.16533246068479e-08,-1.4732010734619165,0.33081135236719433,2.8219946406841254e-05,80,0.00020498334567724697,6.254004461825433e-05,True,0.07570005574124253,0.07916882152591606,True,0.25911030857223494,0.19688449600367564,0.04075383632569501,-0.11249999999999993,0.033001605398490653,-0.1125,4.16533246068479e-08,2.104346273534002,4.814649674363978,0,3.349634037758767,5.392719323588052e-09,2.2317168267435683,5.027541152379956,0,,0,1
S2_N80,4500950,4.048031798608299,2.924683416332775,5.60284964554928,3.424407700992377e-17,-0.9050112211221113,0.36888527731377563,0.016413065483688406,80,0.00394163879114492,0.003311115652117687,True,0.0066620551971517915,0.0006410213091731804,True,0.057835779480887,0.12103106273018287,0.06650463453963175,0.125,0.04798022724766801,0.125,3.424407700992377e-17,2.924683416332775,5.60284964554928,0,4.605640284081409,3.066786955649355e-16,3.19287085259792,6.643526595851548,0,,0,1
S2_N80,4500951,3.5470236106226767,2.4869548729581097,5.058948447805893,2.7638284558360236e-12,-1.852031454783747,0.37478649550656334,4.414316338474891e-06,80,0.014013502420893364,0.009616886949699921,True,0.007825024532660351,0.0011162350851210653,True,0.8843421301231893,0.771846132693063,0.008556782610621984,-0.04999999999999993,0.0038487555618565627,-0.05,2.7638284558360236e-12,2.4869548729581097,5.058948447805893,0,3.919102494235723,3.0056785345989323e-12,2.670304847773474,5.751914195538929,0,,0,1
S2_N80,4500952,3.6883523917088703,2.4914976578541546,5.460146961222181,6.99064026350772e-11,-1.9277372262773722,0.41617264784749436,1.4463970984788027e-05,80,0.00021044639199752676,0.0004201944765267996,True,0.2339783343980415,0.2260758676299972,True,0.8235279876059339,0.9192148557744295,0.0014368069513485042,0.0,0.0010612218584620265,0.0,6.99064026350772e-11,2.4914976578541546,5.460146961222181,0,4.473615274060289,3.736789941171495e-11,2.8697879871193748,6.973767299233251,0,,0,1
S2_N80,4500953,3.0476834464264475,2.185047772952318,4.250879319252521,5.23663240270984e-11,-1.746134639338695,0.4031574754785185,4.4211368949389094e-05,80,0.015823951101010102,0.02591280859365182,True,0.007098448855676533,0.008822516194382702,True,0.13418273643419512,0.12581607230158878,0.014184926934584393,0.07499999999999996,0.012439773519438379,0.075,5.23663240270984e-11,2.185047772952318,4.250879319252521,0,4.043813108556005,3.7308781155091584e-13,2.7738919967776137,5.8951193759258596,0,,0,1
S2_N80,4500954,2.238617916723023,1.5653978603325394,3.201365163491886,1.0084551720713912e-05,-1.4227953278470937,0.4310304618282172,0.0014621810281150902,80,0.07440607508965942,0.03960505708327167,True,0.00046032140682645124,0.0007658620823889938,True,0.4899123837461856,0.39287490893811616,0.07366763543552961,-0.125,0.04798022724766801,-0.125,1.0084551720713912e-05,1.5653978603325394,3.201365163491886,0,2.6993760351190437,1.46148420472493e-07,1.8641735513058384,3.908772857479274,0,,0,1
S2_N80,4500955,3.0298661905267106,2.0573449978576104,4.462104869167014,1.9928880090032364e-08,-0.6249321598826543,0.34936323034405253,0.0775840845591988,80,0.001609313254298209,0.0010769725043734627,True,0.14103164052071637,0.118117436876805,True,0.10215039622209385,0.10584343589258301,0.00523403975659068,0.025000000000000022,0.000864585897421139,0.025,1.9928880090032364e-08,2.0573449978576104,4.462104869167014,0,3.5892045668905,2.5961002806611555e-10,2.4149781817892393,5.334370935576385,0,,0,1
S2_N80,4500956,3.3668793164956456,2.37504647437638,4.772907163773571,9.213862337731625e-12,-0.9091917449744257,0.3358393704783473,0.008354095361864903,80,9.897037913309945e-05,3.068392080289972e-06,True,0.00959898135432571,0.017189449212024414,True,0.25746776333171806,0.22535336399710115,0.018420665584110832,0.07499999999999996,0.012439773519438379,0.075,9.213862337731625e-12,2.37504647437638,4.772907163773571,0,4.193391805297893,3.197994699486253e-11,2.7461273685319796,6.403393751594209,0,,0,1
S2_N80,4500957,2.9155043280348045,2.0582863723308664,4.129729274339911,1.7053613011928937e-09,-1.7307204722504475,0.35699488865921414,6.342705003713232e-06,80,0.0002061234970112007,5.171071475852245e-05,True,0.06019574278196045,0.1911443443360079,True,0.581509533237649,0.6085698623528747,0.003749189080363958,-0.025000000000000022,0.0038161740312884175,-0.025,1.7053613011928937e-09,2.0582863723308664,4.129729274339911,0,3.189191872467952,6.702027264684958e-10,2.206775762879949,4.608961621973802,0,,0,1
S2_N80,4500958,2.5853267703156746,1.7352385977393783,3.851870583110875,3.0225357296481384e-06,-1.0407669718431511,0.41559184965842866,0.014383736644901543,80,0.030910004481449104,0.01472913064855336,True,0.0007817894614718858,0.00034702977093247134,True,0.42230320470476523,0.684099833482327,0.004980802472907123,0.03749999999999998,0.008193909541008092,0.0375,3.0225357296481384e-06,1.7352385977393783,3.851870583110875,0,2.6887627685321314,3.230650201846352e-06,1.7730225402416615,4.077469440664418,0,,0,1
S2_N80,4500959,3.0977360675428716,2.1405330226386576,4.4829809410400605,2.0272942023326494e-09,-1.5905217333510573,0.34526752245438985,1.5919063815853312e-05,80,0.0004052838874930705,0.00011379075282021538,True,0.07484147814172008,0.07058401940258394,True,0.536959312126553,0.49588064753744476,0.0031187479354690814,-0.025000000000000022,0.0015785375584534591,-0.025,2.0272942023326494e-09,2.1405330226386576,4.4829809410400605,0,3.468111864135545,3.6646240826083963e-11,2.399483602919945,5.01266184420724,0,,0,1
S2_N80,4500960,2.3209399552713585,1.5785342994795502,3.41250885568407,1.8602349806925694e-05,-1.0176953289381396,0.3408491307563944,0.0037910145503841936,80,0.03607555280933673,0.032045027868446416,True,0.004878346190100127,0.014451124159133107,True,0.6746382196310934,0.7793371607378264,0.005795249053190356,0.025000000000000022,0.0070858952835169626,0.025,1.8602349806925694e-05,1.5785342994795502,3.41250885568407,0,2.709442854306444,9.686233661575928e-06,1.7422236959613524,4.213626871089863,0,,0,1
S2_N80,4500961,2.8617246876025124,1.8330853377178054,4.467586979790915,3.718961448601297e-06,-0.05105839416058311,0.39476773804350507,0.8974276136375837,80,0.00014296103597113695,8.709023968587322e-05,True,0.15014159732168508,0.1547891001802954,True,0.6758968822265157,0.6813314803848707,0.0014039531155484771,-0.012500000000000067,0.002311538235551201,-0.0125,3.718961448601297e-06,1.8330853377178054,4.467586979790915,0,2.9801158953292943,3.954567531323055e-07,1.9540906190236567,4.544871493232835,0,,0,1
S2_N80,4500962,2.242618086547882,1.5555360425394922,3.2331850529808586,1.5109083577098888e-05,-1.7499999999999971,0.40367873807312077,4.357338212956927e-05,80,0.000509232676756137,0.00012478485594094547,True,0.02975091507954718,0.08767657566661965,True,0.6052400328068976,0.574750483222721,0.026783849484245385,-0.08750000000000002,0.02704503817240941,-0.0875,1.5109083577098888e-05,1.5555360425394922,3.2331850529808586,0,2.1885593099925305,3.123776730126772e-05,1.5137631462956394,3.164162019055741,0,,0,1
S2_N80,4500963,1.9263345197245256,1.404902045858718,2.641297799245633,4.682911056157167e-05,-0.608478794251665,0.36032193058542794,0.09532135208955403,80,0.11466494859109062,0.11359457807358335,True,5.863136196085172e-06,1.0861013643760707e-06,True,0.16215822430032922,0.08751781331186705,0.15400932386505384,0.16249999999999998,0.0946818954498972,0.1625,4.682911056157167e-05,1.404902045858718,2.641297799245633,0,1.9679028924794961,0.00010884471510405811,1.3967044333134486,2.772699578995371,0,,0,1
S2_N80,4500964,2.8751962445186425,,,,-1.7419764760978431,0.36438180033260475,8.219009327425851e-06,80,0.004238557958259472,0.0062482364069222475,True,0.150946198324086,0.14421420394098575,True,0.7945426483753479,0.976865519112122,0.004561155530569114,0.025000000000000022,0.004541953150116096,0.025,9.479947454737114e-06,1.8443921212339647,4.482101907355443,1,3.1726541487201065,1.0674990478072818e-05,1.9464643618684567,5.171291365298139,1,0.0,0,1
S2_N80,4500965,3.0528137787187535,2.250510915714767,4.141136087124966,7.275768646268567e-13,-1.5915588943831613,0.37717785245629604,6.622398521140445e-05,80,0.051476166369478354,0.10067526058499532,True,0.11463815875343757,0.18461344059581397,True,0.7738808957710477,0.5291925442931543,0.003558618610375452,0.03749999999999998,0.0042912198444716035,0.0375,7.275768646268567e-13,2.250510915714767,4.141136087124966,0,3.547287378130346,1.1644392177544045e-12,2.502073903921335,5.029127126629621,0,,0,1
S2_N80,4500966,2.8727967814341873,2.010874541806934,4.1041652155995125,6.7019205063666004e-09,-1.5543084562582146,0.3551628981647924,3.7475471152174685e-05,80,4.560704348789269e-05,8.041230316381736e-05,True,0.0035925746286794074,0.003713445238456986,True,0.19705503043680062,0.3075091805978677,0.03299828793694933,-0.08750000000000002,0.04395033588040623,-0.0875,6.7019205063666004e-09,2.010874541806934,4.1041652155995125,0,3.3721398475179343,1.6761236520448972e-10,2.3224390489255398,4.896286581333165,0,,0,1
S2_N80,4500967,2.4800575498209088,1.733999512132946,3.5471091008889024,6.535127141400723e-07,-0.581157149673929,0.3194037120242006,0.07272117041009828,80,0.0002702893669682542,0.0003463317628586759,True,0.12552265214161065,0.12047443108593504,True,0.8729668181396641,0.6882376462764478,0.007239984178096818,0.07499999999999996,0.003245852329016231,0.075,6.535127141400723e-07,1.733999512132946,3.5471091008889024,0,2.673622555116184,3.800751571058591e-07,1.829251829613338,3.9077493057568633,0,,0,1
S2_N80,4500968,2.542880030828449,1.7222912051062662,3.754439918182781,2.6707298745685805e-06,-1.731856677997618,0.39291733824980085,3.3395418853538565e-05,80,0.010030836959517307,0.007335367378476045,True,0.041606846295400304,0.040004581818959606,True,0.8104249051265487,0.5519231273226449,0.0033616791549691254,-0.02499999999999991,0.0025617847204274066,-0.025,2.6707298745685805e-06,1.7222912051062662,3.754439918182781,0,2.556614631257757,7.116969729556155e-06,1.6971434312121079,3.8513411727923286,0,,0,1
S2_N80,4500969,1.979347658933851,1.388233951410971,2.8221591547627343,0.0001616896394421423,-1.2551747251092045,0.3503220322821678,0.0005932173614914761,80,0.017350896362793185,0.012665673900331654,True,0.694350204775626,0.8356680390352514,True,0.663092844269138,0.8275290864156861,0.009419599873159192,0.050000000000000044,0.006940622567554772,0.05,0.0001616896394421423,1.388233951410971,2.8221591547627343,0,2.0134508273438443,0.00022796350758174356,1.387772155962752,2.921217446763949,0,,0,1
S2_N80,4500970,3.9183044775722524,2.7727852893966793,5.537071347599148,9.919388670166432e-15,-1.3547858058216866,0.34887666047729615,0.00021632210753190698,80,0.0006114330036890302,0.0004043844878243746,True,0.0695289398930418,0.06774159961604997,True,0.4852889773857464,0.8577935324165631,0.027727436226722402,0.08749999999999991,0.0190714185322976,0.0875,9.919388670166432e-15,2.7727852893966793,5.537071347599148,0,4.155560014340376,1.0683874533181539e-13,2.854225808712646,6.0502147307585865,0,,0,1
S2_N80,4500971,2.5304967014910553,1.7847771347283135,3.5877944823804944,1.8670881962005722e-07,-0.8646399659139342,0.3794250606944389,0.025449490501846937,80,0.0025081137454763614,0.003179458766085289,True,0.22720494579233752,0.24674287529729588,True,0.10939525109286263,0.15617912012951032,0.001317857012769232,0.012500000000000067,0.0039793133633213695,0.0125,1.8670881962005722e-07,1.7847771347283135,3.5877944823804944,0,2.5837014448423594,2.1938604075969868e-07,1.8043684105851892,3.699639783604672,0,,0,1
S2_N80,4500972,2.6923332472011934,1.7880104597214204,4.054035743792178,2.110026221231314e-06,-0.5499999999999998,0.35366454696278943,0.12401215090738071,80,0.03159156636375547,0.01573464707142945,True,0.16691514440786936,0.06415143519134439,True,0.3632862781883658,0.31428887305316877,0.00401818793944972,0.03750000000000009,0.006097781739749196,0.0375,2.110026221231314e-06,1.7880104597214204,4.054035743792178,0,2.8568542274474336,1.7903939769309837e-07,1.9262422844375024,4.237066200250926,0,,0,1
S2_N80,4500973,2.644489433811755,,,,-1.4845425526159155,0.40201570912104667,0.00041249594359026254,80,0.049027826975316456,0.07732130223174251,True,0.07359428581658023,0.044360485615688026,True,0.32954372883676497,0.3234562189512663,0.013668840455674494,-0.050000000000000044,0.02199189345838609,-0.05,2.0853614236593566e-05,1.7244577658753546,4.055375842731714,1,2.855093899830539,1.004899615230866e-05,1.8342990201980045,4.44396528978663,1,0.0,0,1
S2_N80,4500974,3.1934045954419568,2.303803903497512,4.426519503117431,3.182977838959627e-12,-1.037607622546205,0.43289444739756505,0.018959113557045593,80,0.008267585841062648,0.009141365930827981,True,0.03897269982469381,0.013453661295140609,True,0.7879404540076613,0.8505840492890657,0.0031978291701342068,0.03749999999999998,0.0021871073736503743,0.0375,3.182977838959627e-12,2.303803903497512,4.426519503117431,0,3.371145089195826,3.0534748033291805e-12,2.39595100777788,4.743260265137569,0,,0,1
S2_N80,4500975,2.5635855331866955,1.7442929876688886,3.767698908626033,1.6528153628258085e-06,-1.3978782084283279,0.4194392406463312,0.0013237062637826442,80,0.004595286283986621,0.022002986349630733,True,0.018554382789102673,0.01884875799448668,True,0.8561636862549445,0.8086616473072674,0.004159846067030323,0.04999999999999993,0.001183100165643607,0.05,1.6528153628258085e-06,1.7442929876688886,3.767698908626033,0,2.7135464862336574,2.1374652381451672e-06,1.7958537658457778,4.100186035739487,0,,0,1
S2_N80,4500976,1.9586706768153248,1.3551018115611941,2.8310720179735793,0.0003479637582935587,-1.0062853087495418,0.3869050966708063,0.011145337200353283,80,0.00014962701216413647,0.00012744209217812927,True,0.023286022820597246,0.021717475946843662,True,0.7380397246289803,0.7786148742041104,0.014633603572930408,0.050000000000000044,0.016923457628751894,0.05,0.0003479637582935587,1.3551018115611941,2.8310720179735793,0,2.1445978422647665,0.0001736202973937534,1.440050303494324,3.193846696803824,0,,0,1
S2_N80,4500977,3.2847835644098016,2.23592244514635,4.825660696970429,1.3606328364839997e-09,-1.2999999999999998,0.41527230938853704,0.002466229934890672,80,0.035042076695605,0.052603734612167614,True,0.3423572820222045,0.43730391631339505,True,0.12112880141685668,0.17306992478463545,0.015402082667664933,-0.07500000000000007,0.010563549452757767,-0.075,1.3606328364839997e-09,2.23592244514635,4.825660696970429,0,3.8274260762175367,4.685606048518059e-12,2.616282583638259,5.599238576338526,0,,0,1
S2_N80,4500978,2.0884475680919468,1.4368204143199748,3.0356008316693157,0.00011368079323361587,-2.0055278310940508,0.3191868870683202,1.825681567699373e-08,80,0.00034922376195303757,0.00013078596730469198,True,0.010834343399875913,0.0007086720152089809,True,0.9497503176215807,0.7350121209555738,0.01103738087445987,0.04999999999999993,0.010820553666713284,0.05,0.00011368079323361587,1.4368204143199748,3.0356008316693157,0,2.0172644498560164,0.0004227730153482808,1.3656220575390237,2.9798551057283365,0,,0,1
S2_N80,4500979,2.5272746733358846,1.7789702843221922,3.5903451174950725,2.2726442248501306e-07,-1.7100192678227373,0.41197782753584145,8.47654112719907e-05,80,0.00026666795334360675,8.709859014849637e-05,True,0.03320339885336218,0.02014675984317853,True,0.8115606997728544,0.8770998199851292,0.004468865928625702,-0.025000000000000022,0.004541953150116096,-0.025,2.2726442248501306e-07,1.7789702843221922,3.5903451174950725,0,2.852129822184681,1.2692993003367123e-09,2.033424060055723,4.000466347571544,0,,0,1
S2_N80,4500980,2.3361307583232116,1.6152492259407107,3.3787398454287234,6.582778299624785e-06,-1.3318289275736084,0.3358068696186492,0.00016248239058433433,80,0.0026914268514116255,0.0008361955055583102,True,0.006088838720162522,0.0010493984343505985,True,0.14773304957533454,0.1630317912163477,0.00401818793944972,0.03750000000000009,0.001655831041754713,0.0375,6.582778299624785e-06,1.6152492259407107,3.3787398454287234,0,2.656711971738909,1.930386664181318e-06,1.7768012211006885,3.9723737337418616,0,,0,1
S2_N80,4500981,2.654985442369781,1.8022150590950563,3.911268893033743,7.820783352508994e-07,-1.48889364739472,0.3634080525137777,0.00010260062403054092,80,0.00131291754052972,0.0005101394452007606,True,0.0034438096420013574,0.0016660212705212323,True,0.08180143979331041,0.06867622616320593,0.003097383787194971,0.025000000000000022,0.0070858952835169565,0.025,7.820783352508994e-07,1.8022150590950563,3.911268893033743,0,3.139681138771585,7.99265998676147e-08,2.0674682738165115,4.7679559478613305,0,,0,1
S2_N80,4500982,2.4532570768339497,1.6753476898295037,3.5923708980363003,3.992836371293772e-06,-1.6558695129284424,0.40569063488843543,0.00010835478127257967,80,5.2877257857485725e-05,0.0002469612240961651,True,0.016071398411156717,0.012175104432064522,True,0.7566808415186312,0.7318749170322525,0.001851791042587873,0.0,0.00030225071633389807,0.0,3.992836371293772e-06,1.6753476898295037,3.5923708980363003,0,2.5485197106750155,8.268146060588952e-06,1.6891488082845603,3.84510392680862,0,,0,1
S2_N80,4500983,2.675729191390716,1.9146591969183435,3.739321711761404,8.224417022407261e-09,-1.0566535469424512,0.3780020932723567,0.006541540949269705,80,0.0003865448569480778,0.00027043261403676905,True,0.0055888227674124385,0.0022814965893706287,True,0.4807680823648205,0.5106809257496141,0.009666365884719683,-0.04999999999999993,0.00581425311093372,-0.05,8.224417022407261e-09,1.9146591969183435,3.739321711761404,0,2.8288020977648727,3.059149497136575e-08,1.9578325864886514,4.087234712274684,0,,0,1
S2_N80,4500984,2.562595267471398,1.848824939047125,3.5519287771244312,1.6099364418765195e-08,-0.3156829137653975,0.361608637421129,0.3853795718315914,80,2.0705366376832334e-05,2.521773820099796e-06,True,0.7828181817903312,0.7576071786261743,True,0.9818976605008802,0.7060306505487834,0.006935187132396681,0.050000000000000044,0.0038487555618565627,0.05,1.6099364418765195e-08,1.848824939047125,3.5519287771244312,0,3.008736342477739,1.6038173571848126e-08,2.053224959840452,4.408915026656287,0,,0,1
S2_N80,4500985,2.5754841228802112,1.7055673642631897,3.889097907354471,6.8287147203875815e-06,-1.6665094339622644,0.3468016349542077,7.47481643250623e-06,80,0.011884731280982738,0.010009668564243932,True,0.1916902166615142,0.18009024793679762,True,0.963781338265821,0.8052464265433054,0.00927163557319577,0.0625,0.0031806871668276517,0.0625,6.8287147203875815e-06,1.7055673642631897,3.889097907354471,0,2.7419927357246596,5.321593768634027e-07,1.848581192969535,4.067186332610661,0,,0,1
S2_N80,4500986,2.9032274290035702,1.9446086002280312,4.33440925003124,1.8630944817036674e-07,-0.7248477218586994,0.4239478289999659,0.09133802927535749,80,0.0021544013564528354,0.004941383763720838,True,0.08091987986782723,0.14757903720120275,True,0.8263325981269796,0.608005310524563,0.07124777982370567,0.13749999999999996,0.07323490789765716,0.1375,1.8630944817036674e-07,1.9446086002280312,4.33440925003124,0,3.1407150095852994,4.076511034667614e-08,2.086918939344069,4.726628612865398,0,,0,1
S2_N80,4500987,2.1208023897207227,1.514828894831,2.969182058510259,1.1923873385955044e-05,-1.501938084581396,0.34770799299603405,4.61230570324077e-05,80,5.7803755272033536e-06,1.6950169487682692e-06,True,0.4600862914013192,0.6089399548813286,True,0.6649925423382306,0.6920125377900768,0.028012541358491405,0.08750000000000002,0.02980916043796153,0.0875,1.1923873385955044e-05,1.514828894831,2.969182058510259,0,2.2476810571606087,9.163815234672888e-06,1.5715488954833066,3.214707572407374,0,,0,1
S2_N80,4500988,2.7038423609702713,1.8353566839656086,3.9832930442605354,4.857035677533915e-07,-1.3156324206937156,0.3945152717818617,0.0013151124412968205,80,0.000808309636616355,0.0008233712408762768,True,0.7006248516425888,0.46931744712319645,True,0.7162677256158563,0.5522454067811577,0.1186667013093099,0.14999999999999997,0.07314957508399253,0.15,4.857035677533915e-07,1.8353566839656086,3.9832930442605354,0,2.7283740582819878,1.145171913137241e-06,1.820905497545106,4.08808969600122,0,,0,1
S2_N80,4500989,1.8504964246474764,1.3612808505916527,2.5155257389720687,8.535182809225643e-05,-2.2912831951296315,0.3949150071930651,1.379580199925091e-07,80,0.0010835010138093796,0.00016921578533810565,True,0.04151257357541435,0.02111424155169275,True,0.01754305164394804,0.01229435481997128,0.19484044265464534,-0.1875,0.18396510112855127,-0.1875,8.535182809225643e-05,1.3612808505916527,2.5155257389720687,0,1.914678188299173,3.49413844400768e-05,1.4076699677432667,2.604298343187509,0,,0,1
S2_N80,4500990,3.319937069763274,2.2450719735278795,4.909411491992635,1.8351840274067243e-09,-1.2018299394606506,0.3770020330764715,0.0020722473474464676,80,0.0003405241392912413,6.21014352988682e-05,True,0.046853526436477375,0.08958239901625774,True,0.7488286808108515,0.8238850594185961,0.008172068951531232,0.03749999999999998,0.007111770804383594,0.0375,1.8351840274067243e-09,2.2450719735278795,4.909411491992635,0,3.3814035121617785,4.794945897254957e-10,2.3042355455717654,4.962118449232951,0,,0,1
S2_N80,4500991,2.4224147300294363,1.626760492220116,3.6072262341797634,1.3297787148581411e-05,-1.5261640502616376,0.3941434768443528,0.0002247863625904814,80,0.04769439946463684,0.05573856724691625,True,0.00013863649306813757,4.276212520509125e-05,True,0.306223653389481,0.31058833900709737,0.002386352983394418,-0.03749999999999998,0.0021871073736503743,-0.0375,1.3297787148581411e-05,1.626760492220116,3.6072262341797634,0,2.6615341634128016,8.137893186589818e-06,1.7312905304103945,4.091609108110993,0,,0,1
S2_N80,4500992,3.8263967052894787,2.666535919552021,5.490761117783826,3.270478359335466e-13,-0.957939258051363,0.4035606132690194,0.020102967956095546,80,0.000692240663737486,0.0005993410321223665,True,0.17483868809191083,0.12512255713099218,True,0.9748157206115372,0.7386388944068424,0.03353288889976668,0.08750000000000002,0.02980916043796153,0.0875,3.270478359335466e-13,2.666535919552021,5.490761117783826,0,3.7821801349647024,1.2040214504119565e-07,2.39966077393538,5.961211988251981,1,0.0,0,1
S2_N80,4500993,3.087044044957486,2.110411229070131,4.515632216241771,6.28915243240917e-09,-0.9499999999999991,0.367337693012509,0.011590843565096055,80,0.05646877109973267,0.07592575736006091,True,0.010621399271937016,0.0038627018461737123,True,0.8324712104828365,0.8619824103367556,0.032975279450151634,0.08750000000000002,0.03826296255122765,0.0875,6.28915243240917e-09,2.110411229070131,4.515632216241771,0,3.359286585597025,3.9914273719110356e-09,2.2437278083480896,5.029489906122074,0,,0,1
S2_N80,4500994,2.559333140858019,1.798712012047082,3.6415980334948244,1.7646947493940116e-07,-1.5959683968329161,0.35781404831998775,2.7494516031923865e-05,80,0.002737054788725321,0.001446037903509822,True,0.03062545386700243,0.01014392794298012,True,0.3828526402590844,0.2831736881832967,0.001678729888708806,-0.012500000000000067,0.0008500994489236355,-0.0125,1.7646947493940116e-07,1.798712012047082,3.6415980334948244,0,2.829215401717676,7.997876362489377e-07,1.8719724947698453,4.275949465967255,0,,0,1
S2_N80,4500995,2.2222539711200913,1.5082172283722852,3.274337820347473,5.392600132481222e-05,-0.9584868648794199,0.3784788186936702,0.01336093891982223,80,0.0009869031638728794,0.0002889446506755858,True,0.0009412633822242754,0.0009069410648506765,True,0.40533651443950025,0.555369213507986,0.04764591398335575,-0.11249999999999999,0.021532357986958135,-0.1125,5.392600132481222e-05,1.5082172283722852,3.274337820347473,0,2.2430760616912986,6.811319920191252e-05,1.5072677782545696,3.3380864973833275,0,,0,1
S2_N80,4500996,2.4277204805862755,1.7046973409639266,3.4574036048682832,8.798781452691578e-07,-0.9065178687459371,0.3713541545216086,0.016938048252695632,80,3.334323495623977e-05,6.593944147109684e-05,True,0.5957811154729813,0.7319448058602949,True,0.2986559640339995,0.28726503572803197,0.004515074685269487,-0.03749999999999998,0.007111770804383594,-0.0375,8.798781452691578e-07,1.7046973409639266,3.4574036048682832,0,2.4405010945204904,2.6737994350505466e-06,1.6815218078807972,3.542056703898504,0,,0,1
S2_N80,4500997,2.739034710876725,1.9312761698508683,3.884639216548127,1.5879494606515432e-08,-1.6561406469760898,0.3515671552164918,1.0734068803874615e-05,80,4.102862588562476e-06,4.346769021197918e-08,True,0.12461096480073379,0.13233184235282502,True,0.8996862879724378,0.9075838418521369,0.001753817721162769,-0.025000000000000022,0.0020360197161848784,-0.025,1.5879494606515432e-08,1.9312761698508683,3.884639216548127,0,2.7717757336646143,5.818698916782368e-08,1.9176781844905937,4.00627215758458,0,,0,1
S2_N80,4500998,2.4946306854720803,1.7244598528140342,3.6087718984838606,1.2189866421892049e-06,-1.3930511147124571,0.3735176018559352,0.00036468862191102203,80,1.995149704428319e-05,0.00011811010877473501,True,0.05356046485273287,0.15197499463071293,True,0.8637101263271667,0.7866089750417113,0.0740081737343386,0.13749999999999996,0.06206207069224723,0.1375,1.2189866421892049e-06,1.7244598528140342,3.6087718984838606,0,2.7941843098019614,4.752985701381595e-07,1.87317187421066,4.168045690112376,0,,0,1
S2_N80,4500999,2.8390875184594884,1.874467077764221,4.300111766746289,8.380735965822707e-07,-1.8411014182359549,0.3765465683244591,5.404457708664688e-06,80,3.4544968738435607e-05,2.6293874930909985e-06,True,0.013742410563648244,0.009106961734644106,True,0.35212050453017196,0.29869518743719636,0.0018939418336590655,0.012499999999999956,0.0018647148191420634,0.0125,8.380735965822707e-07,1.874467077764221,4.300111766746289,0,2.8785601488365815,1.1449937772655571e-06,1.880115018022107,4.40723490373856,0,,0,1
