scenario,seed,itt_hr,itt_hr_lo,itt_hr_hi,itt_h1a_p,itt_tr_b,itt_tr_se,itt_tr_p,itt_tr_n,itt_el_wp,itt_el_mp,itt_el_low,itt_gl_wp,itt_gl_mp,itt_gl_low,itt_il_wp,itt_il_mp,itt_tost_p,itt_hid_diff,itt_ptost_p,itt_pdiff,itt_v2_p,itt_v2_lo,itt_v2_hi,itt_v2_fb,itt_st_hr,itt_st_p,itt_st_lo,itt_st_hi,itt_st_fb,itt_jk_fail_frac,itt_jk_invalid,ok
S0_null,1500000,0.7709033778027239,0.4958406469499961,1.198554458097062,0.2478528134927982,0.21685620746101386,0.5097670413249523,0.6730073976047032,40,0.14989702750319794,0.1467238081765016,True,0.9701963935283411,1.0,True,0.13470861789201943,0.1499587396273148,0.051594196081461985,-0.050000000000000044,0.055653255970699776,-0.05,0.2478528134927982,0.4958406469499961,1.198554458097062,0,0.8071142270976724,0.36291027873330683,0.5086913301240303,1.280606405115336,0,,0,1
S0_null,1500001,1.2340876754670087,0.791671684840188,1.9237424047154121,0.353096472272064,-0.06145501786294294,0.5341109814788749,0.9090194258490962,40,0.7322286370119708,0.734824854548177,True,0.23649845484393828,0.22689898712792433,True,0.7009965852651427,0.7440418348595135,0.18330085158727435,0.15000000000000002,0.18611765176727474,0.15,0.353096472272064,0.791671684840188,1.9237424047154121,0,1.2409724383245122,0.3606679779917087,0.7811256050378232,1.9715300365893336,0,,0,1
S0_null,1500002,0.6291303265548026,0.39947816638139855,0.9908050078838625,0.045518885464421226,-0.18907111756168604,0.5650678072644462,0.7398170301633044,40,0.9702145698889482,0.9675431878628509,True,0.23206284673343192,0.2272282090794424,True,0.37501127066291795,0.5148044614038421,0.02021308751541064,0.0,0.02575178272878667,0.0,0.045518885464421226,0.39947816638139855,0.9908050078838625,0,0.5630220834299632,0.02114728027663106,0.345482837738161,0.9175386786363723,0,,0,1
S0_null,1500003,1.1088326308273626,0.6796165700643668,1.809122757367559,0.6791548880528839,-0.0865730994152061,0.5709076748753583,0.8802937940599077,40,0.2957547888627292,0.2333074260403034,False,0.8246942345008477,0.8492158244687062,True,0.1462266216845305,0.13138638718915635,0.06555043649788822,-0.07499999999999996,0.09226046032336344,-0.075,0.6791548880528839,0.6796165700643668,1.809122757367559,0,1.0535948110479612,0.8485971852979328,0.6081855689798105,1.8252028369059161,1,0.0,0,1
S0_null,1500004,0.9688258157574975,,,,-0.12377471340754359,0.6155126851723354,0.8417279972206785,40,0.79357230570278,0.7245788260574819,False,0.7780020596440455,0.7338101282795725,True,0.9651387087029217,0.7542654035788563,0.19146649218399878,0.15000000000000002,0.1982587753374821,0.15,0.8987384217405036,0.5875488846715442,1.5975240286651153,1,1.062902470173905,0.8317436334354545,0.596978657296122,1.8924657478020828,1,0.0,0,1
S0_null,1500005,1.0273201527687523,0.6851272761998234,1.5404242874969116,0.896245037382135,-0.16710758377425006,0.5312482279953461,0.7548654026088853,40,0.7273514047305906,0.7758474444492807,True,0.6672772834541071,0.7551193021091257,False,0.3148393664491326,0.39865050987134987,0.131481112558766,0.125,0.15457597185817973,0.125,0.896245037382135,0.6851272761998234,1.5404242874969116,0,1.1382173794544006,0.5633685878894317,0.7336987382739957,1.7657639781959547,0,,0,1
S0_null,1500006,1.3107290544126733,0.8269806499471507,2.0774496406794194,0.24952482381998797,0.33090185676392425,0.5654978319437591,0.5619978426689042,40,0.2679560598746382,0.3210180173964332,False,0.007163986859629741,0.0023474909008378056,True,0.6308046843818359,0.46219879378574846,0.05588422181992767,0.07499999999999996,0.06483499538239326,0.075,0.24952482381998797,0.8269806499471507,2.0774496406794194,0,1.3862580437092349,0.22333408822134837,0.8194814480863483,2.345033396712192,0,,0,1
S0_null,1500007,0.9752849269089184,0.5767264876169768,1.6492751921036182,0.9256152122795974,-0.0832163742690058,0.549750650786586,0.8805052898062274,40,0.8082178264353856,0.7859009835873593,True,0.4683043979781576,0.9567192554443624,True,0.2041419126151407,0.17023670767653243,0.1299077541423309,0.125,0.1308595450857383,0.125,0.9256152122795974,0.5767264876169768,1.6492751921036182,0,1.0550782549387718,0.8462032683262024,0.6137611134507703,1.813718887770385,0,,0,1
S0_null,1500008,1.0359220308426662,,,,-0.0675530774179712,0.5332976664641609,0.8998870818759184,40,0.16137466696338154,0.33600696117074913,True,0.762512096734471,0.8493002869516266,True,0.6938493443066314,0.4961197214971167,0.018374757414645858,0.0,0.02575178272878667,0.0,0.8895716593653823,0.6215826964379684,1.7264548388088674,1,1.0516326394715538,0.868744791617384,0.5701718133893533,1.9396455286482213,1,0.0,0,1
S0_null,1500009,1.364628566890749,0.8456316873479043,2.2021539086533317,0.20292961399761966,-0.0016143911439116532,0.5071367764747925,0.9974771646738002,40,0.3215795754715687,0.17979958834333143,True,0.9198232177673267,0.9567070049125936,True,0.7079079950805297,0.9567070049125936,0.33273124427732875,0.2,0.34382774874259053,0.2,0.20292961399761966,0.8456316873479043,2.2021539086533317,0,1.4637783837165528,0.1283399057563589,0.8957745536080182,2.391949121579361,0,,0,1
S0_null,1500010,1.2041863446858985,0.7422786788868391,1.9535314619336506,0.4516463261249015,0.23942686567164095,0.6143185961964462,0.6989605043182523,40,0.13044017156293886,0.1710236805772325,True,0.9839288749260323,0.9783291512812257,False,0.12544647422396138,0.21177314801823743,0.03180417181556014,0.07500000000000007,0.03460576199081596,0.075,0.4516463261249015,0.7422786788868391,1.9535314619336506,0,1.3793575323724918,0.22777888500140053,0.817892128369786,2.326256893931754,0,,0,1
S0_null,1500011,0.6809653509737326,0.37918651193708725,1.2229174683927468,0.19834014505966213,-0.8777588491387466,0.4826250234654032,0.07705595920595404,40,0.0580176816684771,0.057488967273975164,False,0.36992753834191505,0.3564162891389788,True,0.30247080868270215,0.41549764220150864,0.08914418290324748,-0.07500000000000007,0.11605282048989775,-0.075,0.19834014505966213,0.37918651193708725,1.2229174683927468,0,0.6546143641976419,0.1915336284364879,0.3466089478918845,1.2363211291000729,0,,0,1
S0_null,1500012,0.7489773924587639,0.4608049126613758,1.2173636152758598,0.2434856081497061,0.3606619671770019,0.4110365079422384,0.38590701120261023,40,0.8106309202087256,0.7861081643208387,False,0.23474389030669407,0.22119695128102124,True,0.2410944834804889,0.2421436624145129,0.06366215783473916,-0.04999999999999993,0.055653255970699776,-0.05,0.2434856081497061,0.4608049126613758,1.2173636152758598,0,0.732220310085555,0.20338719962139007,0.45296875694311567,1.1836281736515355,0,,0,1
S0_null,1500013,1.365899338063637,0.8634062708090765,2.1608379100309274,0.18273368526666378,-0.36576282380567804,0.5071155799688665,0.47528195248599164,40,0.43276758066778476,0.24949578956517582,False,0.930517480048974,0.8921217763540455,True,0.4532591158940894,0.35434269117305695,0.03747545677598052,0.025000000000000022,0.05370801749285708,0.025,0.18273368526666378,0.8634062708090765,2.1608379100309274,0,1.3355819746081417,0.24941289830280067,0.8162412220816816,2.1853579096985123,0,,0,1
S0_null,1500014,0.9089194823473127,0.5986893715648616,1.3799052808155692,0.6539318871699945,-0.2577890466531456,0.6192977031486002,0.6796243339382304,40,0.6471586491772192,0.8495038201009002,False,0.2427713485933919,0.328264003427306,True,0.29321493446212155,0.25812659758794865,0.013399768643194894,0.0,0.008700382961356227,0.0,0.6539318871699945,0.5986893715648616,1.3799052808155692,0,0.7981061165260503,0.34148687612125517,0.5014891927819595,1.2701637092172406,0,,0,1
S0_null,1500015,0.9611284431815739,0.6489987334898275,1.4233739399232819,0.8431306889541446,-0.7499999999999988,0.42652845686362406,0.08695240934706275,40,0.5729358569653564,0.6840123446798727,True,0.8518735706940674,0.8599882904404529,True,0.43194651029864084,0.3547315255619772,0.017118217794095964,-0.025000000000000022,0.02319930679535069,-0.025,0.8431306889541446,0.6489987334898275,1.4233739399232819,0,1.0101052839684905,0.9608560003085157,0.6760624074067545,1.509198963768431,0,,0,1
S0_null,1500016,0.9246846102473072,0.5891533764608822,1.4513056575599312,0.7335062129450529,-0.5634999477151543,0.5657004620839687,0.3256668107988455,40,0.856167422306533,0.8173395725327691,True,0.657846609715137,0.5418986118378587,False,0.3854302066568478,0.4539926753679133,0.1914432793530232,-0.15000000000000002,0.18611765176727474,-0.15,0.7335062129450529,0.5891533764608822,1.4513056575599312,0,0.9983660471510672,0.9946576661675403,0.6185861615318851,1.611311125414936,0,,0,1
S0_null,1500017,1.2913733465064963,0.8583613845765304,1.9428240249765123,0.2198008010585626,-0.2821646166226023,0.6242078032501394,0.6538818115015854,40,0.837258632865405,0.9459750707568546,True,0.6947833502048794,0.9456934427195267,False,0.1370897832378627,0.20168865507497347,0.17336638959629747,0.125,0.18325136952942586,0.125,0.2198008010585626,0.8583613845765304,1.9428240249765123,0,1.1837876245462164,0.4903504722351698,0.7329301309065573,1.911987351775875,0,,0,1
S0_null,1500018,1.3300144259324242,0.8592602827281395,2.058675827040441,0.20073515749499993,0.19999999999999846,0.5506697258079087,0.7185267286125621,40,0.9826190527521459,0.9567600155675438,True,0.6598016156519086,0.5689648350852363,False,0.11124279591385504,0.315074991708553,0.03327609947008255,0.04999999999999993,0.03231112320566666,0.05,0.20073515749499993,0.8592602827281395,2.058675827040441,0,1.4392544409933161,0.1279186030653166,0.9006236445590383,2.300021055890892,0,,0,1
S0_null,1500019,1.2934062664673687,,,,0.0876200242379035,0.4315307357631389,0.8402126057923472,40,0.38018955284558764,0.3089226830204781,True,0.5875023733037237,0.5153790881579843,True,0.3339649628946201,0.30630609183436175,0.1914664921839989,-0.15000000000000002,0.15691990455744992,-0.15,0.3787641277591974,0.7209116747344133,2.3205336087161585,1,1.249045045800079,0.4941876115008477,0.6509183045300835,2.396788530265733,1,0.0,0,1
S0_null,1500020,0.7858638010384216,0.5089342342536504,1.2134807843851119,0.27700335182585845,-0.20738373674190924,0.5572059988245818,0.7118783835521872,40,0.545558757776637,0.37633788172626936,False,0.1845321813286417,0.20268959181550705,True,0.18253328304991712,0.19610623242868963,0.08042494118138666,-0.07500000000000007,0.0835237244810848,-0.075,0.27700335182585845,0.5089342342536504,1.2134807843851119,0,0.8442968846174068,0.49755998560427694,0.5177402211809699,1.3768241295773214,0,,0,1
S0_null,1500021,1.281467986972554,,,,0.022789539227893174,0.6347157015475441,0.9715510349057128,40,0.7943892528239707,0.5780927757325913,False,0.8274210393774797,0.6734217597353004,False,0.31202565700006235,0.3415585901683378,0.038125643215939795,0.050000000000000044,0.017521291143505167,0.05,0.42735514962482984,0.6856409231810661,2.395073202481269,1,1.3023607781334576,0.39125710197302466,0.7031679015113256,2.412145936660145,1,0.0,0,1
S0_null,1500022,1.0869716632091115,0.6885899371665621,1.7158359901123403,0.7203047806166503,0.3848020654044757,0.5150283606945767,0.45969662117806215,40,0.7577859406658685,0.9459292858969306,False,0.9678772938347948,0.8706111831755451,True,0.34239356254960696,0.32716390694407715,0.019847579642667774,-0.025000000000000022,0.02319930679535069,-0.025,0.7203047806166503,0.6885899371665621,1.7158359901123403,0,1.1012181065620434,0.7119852141412017,0.660048636549185,1.8372605457684728,0,,0,1
S0_null,1500023,1.2732916904058054,0.761885768961943,2.127972190720178,0.356496212775706,0.9049775336994486,0.5879302437840997,0.13225022609458337,40,0.36488753708392696,0.5061256502225164,True,0.17680750323724237,0.06666910919905676,True,0.5992026224493587,0.5314445271952877,0.33831018659163,0.20000000000000007,0.30909351773576077,0.2,0.356496212775706,0.761885768961943,2.127972190720178,0,1.2972841897088532,0.35214013270935807,0.7497719051889081,2.244611003988647,0,,0,1
S0_null,1500024,1.189741984747266,0.7612935743585019,1.859316875836121,0.44565235724589425,1.350000000000001,0.6153218729827562,0.034594907139085085,40,0.9197908145998778,0.9566886095946642,True,0.35019438103504263,0.18347154672335253,False,0.38484863568304395,0.4450260877673927,0.5000000000000002,0.25000000000000006,0.5,0.25,0.44565235724589425,0.7612935743585019,1.859316875836121,0,1.1836715338569315,0.4858367675863823,0.7366972007054402,1.9018374153201456,0,,0,1
S0_null,1500025,0.6548700751212801,0.4175224629582026,1.027141898548062,0.06527799982978603,0.649999999999999,0.5153027941607904,0.21506189174167858,40,0.2594972241317067,0.21233378065012531,True,0.3307944536956301,0.2602707938812676,True,0.2459480897718863,0.22621745501384793,0.13985918486371482,-0.125,0.15457597185817973,-0.125,0.06527799982978603,0.4175224629582026,1.027141898548062,0,0.6348562309664706,0.07680947057182635,0.3838062545679008,1.0501195048285714,0,,0,1
S0_null,1500026,0.7591459358427426,0.47733784598627865,1.207326334487041,0.24439816137215675,0.18272450532724682,0.5207666795232897,0.7276714257147973,40,0.12617579010550847,0.0872321587123113,False,0.30858424947466734,0.38516556743367625,False,0.9303688076294168,0.9891077960489612,0.07122587513949757,0.07500000000000007,0.0835237244810848,0.075,0.24439816137215675,0.47733784598627865,1.207326334487041,0,0.7239180830830971,0.25988420780487853,0.4126700303315491,1.2699187062207193,0,,0,1
S0_null,1500027,0.9617915945799114,0.6197586864881743,1.4925858912059304,0.862065910491977,0.3444139412747682,0.48285082271174296,0.48013975772994383,40,0.6948360429629954,0.9135088195025138,True,0.750490108313182,0.7142869793912765,False,0.12903080530811073,0.06596086738579364,0.07089736395812457,0.04999999999999993,0.0847078824846931,0.05,0.862065910491977,0.6197586864881743,1.4925858912059304,0,0.9465517602488364,0.8334482033844048,0.5672749815617684,1.5794108041985155,0,,0,1
S0_null,1500028,0.8011908863926033,0.5173617449451506,1.2407311570874238,0.32055122630256694,0.2154415274463013,0.49628641526905765,0.6667315656250383,40,0.12579205466323215,0.07742790966315949,False,0.31365351984723766,0.4637878511480148,True,0.8678917814675897,0.7223626482157126,0.04235932091205489,-0.050000000000000044,0.024706122142071883,-0.05,0.32055122630256694,0.5173617449451506,1.2407311570874238,0,0.8256112166179063,0.4230316094157255,0.5166280576178032,1.319389976898169,0,,0,1
S0_null,1500029,0.739618630522012,0.430912435642289,1.2694823202302854,0.27382988637910677,0.12781391147244658,0.5988117747932482,0.832150995030274,40,0.6871335728463335,0.9027755657379982,False,0.8090902335885646,0.9891855477446231,False,0.518766583201979,0.6824061292115297,0.037469480964170215,0.025000000000000022,0.02319930679535069,0.025,0.27382988637910677,0.430912435642289,1.2694823202302854,0,0.6466388598584324,0.14373390608423312,0.3604447929357984,1.1600717315771898,0,,0,1
S0_null,1500030,1.362918229781706,0.9024565232899344,2.05832198353396,0.14101497085373343,1.35,0.5380845677021742,0.016620032587174528,40,0.21426554949584153,0.20279589504928142,False,0.8664241604165686,0.7862262836708722,True,0.5166416989071856,0.8383926472020728,0.24593970544756216,0.17499999999999993,0.2633115521089342,0.175,0.14101497085373343,0.9024565232899344,2.05832198353396,0,1.3369809983782093,0.19661120646835895,0.8603686962751458,2.0776188136123737,0,,0,1
S0_null,1500031,0.7446854369116079,0.46332560915114124,1.1969042699026178,0.22338045712105925,0.4000000000000008,0.4917933382053334,0.4212208678523642,40,0.8664934328350338,0.8813545601627767,True,0.93576113722658,1.0,False,0.4319043447842923,0.3405279621793661,0.18605158631530028,-0.1499999999999999,0.20912510240144702,-0.15,0.22338045712105925,0.46332560915114124,1.1969042699026178,0,0.7051342501929507,0.1676123793071599,0.42930377502123,1.1581876045012334,0,,0,1
S0_null,1500032,1.0932972911568726,0.7056448985266479,1.6939100237905513,0.6896803108086791,-0.7117977528089885,0.3895245942987228,0.07572135856232011,40,0.4857692383670519,0.44746348521959634,True,0.6433504099135676,0.5328410010853338,True,0.1712696521250041,0.14230604575623246,0.13628442276665587,-0.125,0.15457597185817973,-0.125,0.6896803108086791,0.7056448985266479,1.6939100237905513,0,0.9911474019533443,0.9733146905947251,0.588670375280278,1.668800085159944,0,,0,1
S0_null,1500033,1.0754578626341693,0.6541572073020595,1.7680912193444454,0.774270525700214,0.16607087827426906,0.4175152060317243,0.6930927355777526,40,0.012267841092661337,0.04619442204462832,True,0.044036805380464145,0.06303320649824239,False,0.08866075126478185,0.1422493944347796,0.31858052968481426,0.19999999999999996,0.31989262858668743,0.2,0.774270525700214,0.6541572073020595,1.7680912193444454,0,1.1973935139017708,0.4950373432921984,0.7136759358777313,2.008966752354761,0,,0,1
S0_null,1500034,0.9879677088929502,0.6387650194980177,1.5280739615050478,0.9566140731901339,0.02472584856396831,0.5415516904687742,0.9638288477381751,40,0.39564020702970115,0.6159458234025887,True,0.4683495267176734,0.4549768212500027,True,0.8559360571845638,0.5231099208829039,0.050421923320952806,-0.04999999999999993,0.03231112320566666,-0.05,0.9566140731901339,0.6387650194980177,1.5280739615050478,0,0.9208977929286308,0.7110661662748362,0.5954557904027394,1.424207739162699,0,,0,1
S0_null,1500035,1.1646718597625214,0.7535100412655569,1.8001890706651347,0.4926328717638031,1.0153790613718425,0.5348038619603815,0.06543718175964919,40,0.7937512235915551,0.9136307159786072,False,0.15027482091218589,0.28960684294891836,False,0.7431550581035677,0.978267402638907,0.0806319634416272,-0.07500000000000007,0.10058623154071397,-0.075,0.4926328717638031,0.7535100412655569,1.8001890706651347,0,1.3531742737574037,0.2393094341383284,0.8176507020927215,2.2394411335700566,0,,0,1
S0_null,1500036,0.7085954177632663,0.42965045426319637,1.1686417670293339,0.1771906449609313,-1.1500000000000008,0.6728765392659491,0.09581263091408294,40,0.3442083842607908,0.4396751357331474,True,0.5325402685435644,0.9459088996717929,False,0.18671537376444625,0.4540999018271725,0.03312728395555736,-0.04999999999999993,0.017521291143505167,-0.05,0.1771906449609313,0.42965045426319637,1.1686417670293339,0,0.681952410690638,0.15041425052590965,0.4047392580083528,1.1490338069384285,0,,0,1
S0_null,1500037,1.292604987644147,0.8343609044556076,2.002523902018976,0.25048992936882686,0.27443671766342337,0.5980801065184566,0.6490169681872022,40,0.043711924185896714,0.09279885899298734,False,0.6576516947647031,0.8174922508991844,True,0.15446690162585278,0.26817438486243006,0.14225982278923685,0.125,0.1649384004605626,0.125,0.25048992936882686,0.8343609044556076,2.002523902018976,0,1.2603760519891807,0.3400616558341043,0.7834928817288407,2.0275203891100766,0,,0,1
S0_null,1500038,0.9145746334036442,0.5950889433401058,1.40558276107537,0.683820298676465,0.6723541048466818,0.4706849170107441,0.16154758240611256,40,0.7111517208342363,0.4973026292682,True,0.7937336457326202,0.9675186779361883,True,0.16910039717971626,0.21569409351477797,0.15877202804343515,-0.125,0.1649384004605626,-0.125,0.683820298676465,0.5950889433401058,1.40558276107537,0,1.0146925870375343,0.952014466703629,0.6309881002580755,1.6317281510821122,0,,0,1
S0_null,1500039,0.623905848655902,0.3908109131235942,0.9960277334014421,0.04808224789298484,-0.5746423285643809,0.5809132359297257,0.32898799526779277,40,0.420580540548002,0.8705748162041355,False,0.8275218671318506,0.956774254427845,True,0.278084089950984,0.14554093006195146,0.02010725170140284,0.025000000000000022,0.0414069212922549,0.025,0.04808224789298484,0.3908109131235942,0.9960277334014421,0,0.6143671784808392,0.054168770904951154,0.37416866239882185,1.008761737486693,0,,0,1
S0_null,1500040,0.7808642114383929,,,,0.6751005484460693,0.47668393508132273,0.16506837923121623,40,0.18487700530463458,0.17509690330095073,True,0.8720795176631425,0.8920762388566672,False,0.9356829192262215,0.8273711418686034,0.048612646911584914,-0.04999999999999993,0.07061977533748845,-0.05,0.32449716181743077,0.47295915049550674,1.2892211009481165,1,0.808419355576479,0.4062824832823369,0.48429242464332756,1.3494777560314126,1,0.0,0,1
S0_null,1500041,1.0165095470150056,0.6563216056055864,1.5743678866388018,0.941518836778051,0.14771612384398858,0.42292479397921884,0.7288645816485996,40,0.4438161805559899,0.6158626411044346,False,0.1361403988377146,0.0730989638133662,False,0.8956969797128039,0.9782942251188047,0.07294032531187596,-0.09999999999999998,0.08733606889123377,-0.1,0.941518836778051,0.6563216056055864,1.5743678866388018,0,1.0181560420282014,0.9378744906614689,0.6476054110632854,1.6007304883640476,0,,0,1
S0_null,1500042,1.0671893044273404,0.6728383657703477,1.6926695465413397,0.7823143002637231,-0.2850454788657029,0.5259940423980769,0.5911240956839992,40,0.6948866023724733,0.5239533796874372,True,0.5727413024426578,0.8282705088141425,True,0.20429379759335797,0.24203197027740264,0.4162656503131904,0.22499999999999998,0.42368090807721503,0.225,0.7823143002637231,0.6728383657703477,1.6926695465413397,0,1.0811178356766755,0.7619265853775141,0.6527239098147525,1.7906740614878613,0,,0,1
S0_null,1500043,0.6450064834865297,0.41794523383411997,0.995425548756898,0.047627832148578915,-0.7487039619391342,0.5256998837743317,0.16276717490570755,40,0.2545608052857873,0.12509486857419486,True,0.9678805474803831,0.7241048230166498,False,0.5700516814575651,0.4694093048505802,0.028119523890542467,-0.025000000000000022,0.029131773706320103,-0.025,0.047627832148578915,0.41794523383411997,0.995425548756898,0,0.5635435862863998,0.019301603742585684,0.34855850681526174,0.9111278807860428,0,,0,1
S0_null,1500044,0.8404190593142364,0.536719452398278,1.3159653373891615,0.44732694084703706,0.8357279236276856,0.4965749394747048,0.10079919842239184,40,0.3269717835731263,0.4472061428349975,True,0.21174839863522377,0.2651311049201205,True,1.0,0.8275973076001263,0.1686582552251326,-0.125,0.1308595450857383,-0.125,0.44732694084703706,0.536719452398278,1.3159653373891615,0,0.707061422631311,0.15915732928961845,0.4364005536502204,1.1455894159431272,0,,0,1
S0_null,1500045,0.8908955536713827,0.5517944804848086,1.4383885950691218,0.6364522231872458,0.07093337842407788,0.4578079021155854,0.8777097036860197,40,0.3059882978747235,0.3158057345979607,True,0.6949897499379625,0.5222026756674969,True,0.03981550461510381,0.01228660908206487,0.34646148203945226,-0.2,0.25948985749882614,-0.2,0.6364522231872458,0.5517944804848086,1.4383885950691218,0,0.8902866412523753,0.6549817208697344,0.534761230631164,1.4821760782039854,0,,0,1
S0_null,1500046,1.2129313903880423,0.7740834847052744,1.9005734999614639,0.3995434328893265,-0.8258524980174485,0.6203262116768317,0.19122884949370986,40,0.9811007054126268,0.9675094723879277,True,0.30581615353045954,0.32200198419757964,True,0.15508269996743446,0.18731506132460884,0.03383318219254119,0.025000000000000022,0.02319930679535069,0.025,0.3995434328893265,0.7740834847052744,1.9005734999614639,0,1.2860091374626137,0.2892417004133083,0.8076229430093882,2.047761911610417,0,,0,1
S0_null,1500047,1.4315295642908912,0.9072739043769555,2.2587190963528827,0.12313302890556567,-0.45144982830980673,0.48795489788881136,0.36086357363993093,40,0.2116093596974853,0.3150292472262681,True,0.42053344190931274,0.5062260107436202,False,0.21728797712065884,0.27109376357585646,0.19556963114746376,-0.15000000000000002,0.13912737068907086,-0.15,0.12313302890556567,0.9072739043769555,2.2587190963528827,0,1.4115909974888716,0.16012936868281857,0.8725938206827895,2.283524243424577,0,,0,1
S0_null,1500048,0.7930343150568185,0.47769122269495046,1.3165480020955913,0.3699267295382529,-0.05960882000184564,0.5436112271397977,0.9132768413973293,40,0.2272358290539015,0.5600038427044107,False,0.13559300126630225,0.22696486027476004,True,0.038142806647428584,0.04728902443521762,0.037469480964170215,0.025000000000000022,0.047582390994191696,0.025,0.3699267295382529,0.47769122269495046,1.3165480020955913,0,0.845566929065778,0.5029925372187192,0.51756551972315,1.3814355946898877,0,,0,1
S0_null,1500049,1.2756980287455335,0.8200943924399212,1.9844123744139137,0.28007887733980263,0.6103623839472891,0.585298641776042,0.3037967003733389,40,0.7935067069237305,0.8704229564189659,False,0.2764614670346399,0.24878187297729404,False,0.9356502439608979,1.0,0.026936210746331672,0.0,0.02575178272878667,0.0,0.28007887733980263,0.8200943924399212,1.9844123744139137,0,1.3729135072011929,0.18711379597083855,0.857310962937265,2.198608882589793,0,,0,1
S0_null,1500050,1.5548387241471706,0.9866905832803053,2.450133303259484,0.05714264660988652,-0.3476158668173855,0.49895595498944445,0.49035314110078454,40,0.5006196024912966,0.8279268810238021,True,0.7624887220596612,0.8600405895446271,False,0.5620023411763854,0.3838602804393094,0.04903051980254758,0.025000000000000022,0.02319930679535069,0.025,0.05714264660988652,0.9866905832803053,2.450133303259484,0,1.602449265468708,0.06824650979679261,0.965294195069031,2.6601668812662522,0,,0,1
S0_null,1500051,0.7066047981823436,0.44580704790875186,1.1199695993063477,0.1394550983019804,-0.17538038496791786,0.4544817794395617,0.7017874608938123,40,0.28599084110039175,0.25510921392901875,True,0.02170842168544685,0.04727855076347457,False,0.9131469706224478,0.935100339980293,0.14341051518712117,-0.125,0.14326057979794618,-0.125,0.1394550983019804,0.44580704790875186,1.1199695993063477,0,0.6733715622097878,0.11480151365141758,0.4119066744461313,1.1008058109341199,0,,0,1
S0_null,1500052,0.7449103975746819,0.4876367523267523,1.137919768695065,0.17310679199971413,-0.13585631815265964,0.5108799389411072,0.7917723656560378,40,0.2952773775482632,0.08769507538686919,True,0.3954159460225686,0.5871176554368793,False,0.4772030426301942,0.3770394842559849,0.01845889709297978,0.02499999999999991,0.017563739731861296,0.025,0.17310679199971413,0.4876367523267523,1.137919768695065,0,0.7901677456419226,0.33758868589030944,0.4882804445779784,1.2787017649098722,0,,0,1
S0_null,1500053,1.1255406882840564,0.7552902614998614,1.677291374666003,0.5612038420191254,0.25000000000000083,0.5025467672640427,0.6218039804362666,40,0.5007694607911645,0.49665101095768593,True,0.2957547888627292,0.30828257689386396,False,0.9194728109518644,0.8387165334624522,0.07188930166548234,-0.07500000000000007,0.06483499538239326,-0.075,0.5612038420191254,0.7552902614998614,1.677291374666003,0,1.1623135797789403,0.49553779418304456,0.7541607281703062,1.7913593313406466,0,,0,1
S0_null,1500054,1.246579789773715,0.7720075970860889,2.0128832645399375,0.3673043812753378,0.587085648591683,0.46878596519025173,0.218299548470267,40,0.5728969672181214,0.6445183895500579,False,0.653594295813201,0.6640622466477653,False,0.010286420150156435,0.04518900475359996,0.01791075870083519,0.0,0.01656628160682895,0.0,0.3673043812753378,0.7720075970860889,2.0128832645399375,0,1.2227889798891143,0.44936014418235093,0.7261613555405141,2.0590642533232955,0,,0,1
S0_null,1500055,1.342900955375201,,,,0.22047361551370703,0.5428660138683323,0.6869872339580322,40,0.9038009885780418,1.0,False,0.8404220789616321,0.6634049771967527,True,0.22298731519382808,0.17336386171318507,0.10594879522363582,-0.09999999999999998,0.13806267595474211,-0.1,0.17322202928429517,0.8736905301743852,2.064098114452127,1,1.301433044762694,0.28232717846835587,0.7982247945792634,2.1218684028639374,1,0.0,0,1
S0_null,1500056,0.9514388177489645,0.6027222587882125,1.5019120510656858,0.8307661245640574,0.385300883884248,0.555847214165493,0.492526639863413,40,0.762558825395657,0.8601515308389096,False,0.7768082645109309,0.8495178264919955,True,0.9357220639192823,0.9349991802127625,0.043001742254447826,-0.025000000000000022,0.017563739731861296,-0.025,0.8307661245640574,0.6027222587882125,1.5019120510656858,0,0.8749352959292316,0.6068737984598663,0.5259610242890691,1.4554534209022405,0,,0,1
S0_null,1500057,0.958985198484424,0.6063472472457707,1.5167094681959483,0.8578950497602859,-0.2321315192743753,0.5148914217768598,0.6547389241363276,40,0.8959867723188395,1.0,False,0.8226692365051227,0.7142096781950587,True,0.5327259064428235,0.6344626399784675,0.026723988432030842,0.0,0.04557867741325277,0.0,0.8578950497602859,0.6063472472457707,1.5167094681959483,0,1.002755794026066,0.99104512847153,0.6201267848708196,1.6214735550606947,0,,0,1
S0_null,1500058,1.3538260008130347,0.8469820370782339,2.1639713243506713,0.20553309049457114,0.13078786151873723,0.4671379612225672,0.7810545532423877,40,0.8788079856827672,0.8705748162041355,False,0.26648534149242553,0.31512072758442833,False,0.10738030358542938,0.17883527344286232,0.02722376491893066,0.050000000000000044,0.04010243385614931,0.05,0.20553309049457114,0.8469820370782339,2.1639713243506713,0,1.433415169403522,0.14198239214806252,0.8864608696276361,2.3178451731763516,0,,0,1
S0_null,1500059,1.1166430757743484,0.6564525674792867,1.899439229040933,0.6839727597037344,-0.44067110087831507,0.5045142526661417,0.38804833419636114,40,0.09639097901088146,0.06477849932051512,False,0.7935884828022404,0.6827350407506054,False,0.670517546304706,0.6148602319593854,0.10589421080055864,0.09999999999999998,0.07502426537113577,0.1,0.6839727597037344,0.6564525674792867,1.899439229040933,0,1.078444945180109,0.7894599288088927,0.6195109991879186,1.8773573048890098,0,,0,1
S0_null,1500060,0.7108427745262587,0.46678530151849684,1.0825050584335218,0.11171780172181707,0.23748617086662077,0.49749514129506894,0.6359109502801367,40,0.42062762796327846,0.5971737414789684,False,0.7508900408448551,0.7038753507969898,True,0.4071986889558594,0.2417860953523674,0.14815624362147495,0.125,0.14326057979794618,0.125,0.11171780172181707,0.46678530151849684,1.0825050584335218,0,0.7460375402918937,0.21713647232101296,0.4684847758893117,1.188025823183376,0,,0,1
S0_null,1500061,1.0183782328830273,,,,0.2385704133601816,0.5220582861987603,0.6503569017759747,40,0.6272359710981357,0.8706293551693464,True,0.27842000356585195,0.4461732295158015,False,0.36200095144391187,0.8273792345467958,0.05188134070782893,-0.07500000000000007,0.04481321300021269,-0.075,0.9372129956334059,0.6399256243491884,1.6206480655696414,1,1.0869205711292793,0.7815286896518483,0.5943005687406719,1.987876825437653,1,0.0,0,1
S0_null,1500062,1.2002104600691985,0.7729248689309653,1.863706559800416,0.41633506002537557,-0.6000000000000003,0.49864665023380916,0.23651965139780146,40,0.7937687969582925,0.8282864414455411,True,0.9552958956345594,0.9243103448616864,True,0.009248118764011312,0.006640198784505093,0.05823724115838193,-0.04999999999999993,0.06323483829154,-0.05,0.41633506002537557,0.7729248689309653,1.863706559800416,0,1.1079453949680367,0.6846409563214408,0.6755839187363676,1.8170103878832875,0,,0,1
S0_null,1500063,1.1772993220666879,0.7476319200899074,1.8538984980363113,0.481092968154745,0.13999580096577713,0.5455746202660472,0.7989071518742424,40,0.7366322570950097,0.7861967721756576,True,0.354279423017697,0.4314318450555831,True,0.6033951485377673,0.5956807442917007,0.07122587513949757,0.07500000000000007,0.03460576199081596,0.075,0.481092968154745,0.7476319200899074,1.8538984980363113,0,1.043757223862308,0.859474185083981,0.6496709283407663,1.6768937855155548,0,,0,1
S0_null,1500064,0.9315371478236916,0.5996188284981289,1.447188474633108,0.7523680450980237,-0.15033419023136396,0.5594300499761095,0.7896322225085272,40,0.6872236535481593,0.6443620088435841,True,0.40703996075926097,0.5239533796874372,True,0.03474806036076388,0.12171856379602054,0.11360827839130402,0.09999999999999998,0.16144075455482398,0.1,0.7523680450980237,0.5996188284981289,1.447188474633108,0,1.0022952621208503,0.993681504087056,0.5601531211381091,1.7934306791485586,1,0.0,0,1
S0_null,1500065,0.8623607106091724,0.5925659642472961,1.2549927604211872,0.43921292689520675,-0.0637498677388656,0.5256918947464372,0.9041345743273214,40,0.762512096734471,0.8814877574288545,False,0.575286453756637,0.5966721317548409,True,0.07909826263265425,0.13147773470822033,0.3030132267815505,-0.2,0.25948985749882625,-0.2,0.43921292689520675,0.5925659642472961,1.2549927604211872,0,0.9754887297879384,0.9118225286781098,0.6287372996114368,1.5134751231259327,0,,0,1
S0_null,1500066,2.0847658455034805,1.3451207133629648,3.231121629011045,0.0010156783950507472,-0.44744645799011495,0.5575213361934517,0.427352121586967,40,0.3557565025143562,0.40043569658111167,False,0.9404395430099405,0.9566967881859171,True,0.40578564295820574,0.3336747125156809,0.13395044041958828,0.125,0.1308595450857383,0.125,0.0010156783950507472,1.3451207133629648,3.231121629011045,0,2.03124798657765,0.003740825005754572,1.2580737336058507,3.279591865534016,0,,0,1
S0_null,1500067,1.640690658117428,1.0026412708194878,2.684774618776324,0.048785466024459205,-0.1848266546600668,0.4927904477502689,0.709756264876904,40,0.5377600262062954,0.44767766767683936,True,0.9431771348862513,0.9891671621462425,True,0.6865761954463707,0.6930255568022206,0.10801161754986509,0.10000000000000003,0.08733606889123373,0.1,0.048785466024459205,1.0026412708194878,2.684774618776324,0,1.6394348348872028,0.05817534030487795,0.9830295211350615,2.7341463506998305,0,,0,1
S0_null,1500068,1.3587162676422349,0.824950728846996,2.237842614595767,0.2285541151340187,-0.4128257653351526,0.5739800843848999,0.47651537877804856,40,0.5860693922632143,0.7654255375550439,True,0.4684848450056527,0.3426528683923956,True,0.058393296683784755,0.031433727396098336,0.41155792393701185,0.22499999999999998,0.39471393165154905,0.225,0.2285541151340187,0.824950728846996,2.237842614595767,0,1.3301878913463316,0.2701965403348977,0.8010308901602324,2.208903361929603,0,,0,1
S0_null,1500069,1.5434531579357633,0.9429111870308852,2.526481479388631,0.08431609700658901,0.7361601755348361,0.5458397191168859,0.18563899034786008,40,0.5015540323300163,0.3569147300274169,False,0.043363477568553244,0.041873185408883164,False,0.930202491499541,0.7539598884603989,0.21656048295431335,0.15000000000000002,0.18611765176727474,0.15,0.08431609700658901,0.9429111870308852,2.526481479388631,0,1.4781345154803565,0.14017265931003176,0.8794731259131237,2.4843074580429825,0,,0,1
S0_null,1500070,0.8436663547092123,,,,-0.412405063291137,0.5191625957268753,0.4320482254160961,40,0.3159343710462871,0.3914696065991682,True,0.16670300120230663,0.1358573221853778,False,0.20341432265767923,0.42089001708537743,0.4243527246638325,0.22499999999999998,0.4353943783694363,0.225,0.4767484635870976,0.5227833923330676,1.361506368616348,1,0.855952850161285,0.5356581132222321,0.5173822642139105,1.41608116933114,1,0.0,0,1
S0_null,1500071,0.8402685688388274,0.5660547718241858,1.2473196992989006,0.38787544390441253,-0.24999999999999611,0.434064698129394,0.5681352805626994,40,0.6148376661804031,0.5418795764218247,False,0.26810162007583305,0.17049921263026835,False,0.019957102586114623,0.024703650727700286,0.09942248238625276,0.09999999999999998,0.09888517876815865,0.1,0.38787544390441253,0.5660547718241858,1.2473196992989006,0,0.805614666355801,0.31970131244078415,0.5262949150741513,1.2331773917217632,0,,0,1
S0_null,1500072,0.6313847662125134,0.3864385120389669,1.0315916001794154,0.06638816696953578,-0.24372545352534325,0.5520233145286405,0.6614112662160488,40,0.2754620236654415,0.4724610340944616,False,0.33364832779784814,0.5597818591697048,True,0.8609380824092336,0.7964771337435037,0.14001724382915756,-0.125,0.1308595450857383,-0.125,0.06638816696953578,0.3864385120389669,1.0315916001794154,0,0.6693336154130799,0.18196227252318187,0.368239226601918,1.2166207626931056,1,0.0,0,1
S0_null,1500073,0.6891975403541971,0.4035533689200901,1.1770270953290725,0.1728539958102996,-0.5000000000000016,0.6284954036148259,0.43136756895604145,40,0.08559603494641614,0.15440501219578434,False,0.6676045497183721,0.5972255257913831,True,0.8716665276115882,0.9240596072427144,0.050261271049613754,-0.050000000000000044,0.04791906561569391,-0.05,0.1728539958102996,0.4035533689200901,1.1770270953290725,0,0.692623495569763,0.20711875609239072,0.3914594829653596,1.225483932542078,0,,0,1
S0_null,1500074,1.685287066048833,1.020765155923183,2.7824152093267775,0.04131985688403974,0.19999999999999946,0.49955499180591567,0.6911964043040709,40,0.7363218633925968,0.8599490276163644,True,0.3796907132018039,0.4802982902181465,True,0.7101648942134313,0.7119403095897576,0.025609349997318183,0.04999999999999993,0.024706122142071883,0.05,0.04131985688403974,1.020765155923183,2.7824152093267775,0,1.6561538656462327,0.05535451445434369,0.9885128100003614,2.774719355122932,0,,0,1
S0_null,1500075,1.2586551964374317,0.8149641303922975,1.943905068259091,0.2995853507038143,-0.3646179966044132,0.4738514063305892,0.44649466833852025,40,0.5867169826174317,0.8387465635211696,True,0.7761747308934807,0.8703498736032742,False,0.5997982131330266,0.9348975459304033,0.029666785866090346,0.0,0.03557148962562426,0.0,0.2995853507038143,0.8149641303922975,1.943905068259091,0,1.240393524953961,0.3400358575251353,0.7968257875736053,1.9308814056241745,0,,0,1
S0_null,1500076,1.0020251451856004,0.6695733661552298,1.4995435038726581,0.9921522603376455,0.3356131445364678,0.4922414913412655,0.4996076330195601,40,0.5730913103106472,0.9459877681466647,False,0.8403422334761567,0.8705930035222689,True,0.3120763297515259,0.505179290147475,0.07075798274358597,-0.07499999999999996,0.06483499538239326,-0.075,0.9921522603376455,0.6695733661552298,1.4995435038726581,0,1.0864498576224744,0.6975383382973123,0.7151721314000742,1.6504743981244183,0,,0,1
S0_null,1500077,0.9007454784821559,0.5969764379752703,1.3590861638657465,0.6184323313878666,-0.5840160642570269,0.6437690210574102,0.3701809079361126,40,0.259400627181416,0.3355970778173313,False,0.4091544460688401,0.4896818580071465,True,0.24672168731738253,0.2579679435569924,0.417784956677671,-0.22499999999999998,0.4204709077529054,-0.225,0.6184323313878666,0.5969764379752703,1.3590861638657465,0,0.9089472847342814,0.7153436707214421,0.5373360842248989,1.5375575746370833,1,0.0,0,1
S0_null,1500078,0.8682926510516217,0.534186283958949,1.4113655676119743,0.568814814318769,-0.7000000000000028,0.5592834515078179,0.21857041089840878,40,0.7649797656265114,0.6743221583950467,False,0.7602027864218612,1.0,True,0.39124607374600173,0.4062119224738948,0.04279509941283224,-0.04999999999999993,0.017521291143505167,-0.05,0.568814814318769,0.534186283958949,1.4113655676119743,0,0.7559164054216985,0.30665033255882124,0.4420556565828313,1.2926191611317892,0,,0,1
S0_null,1500079,0.9154754950576399,0.5959616371348111,1.4062908244905155,0.6867888628997807,1.4177032810271035,0.4920858661427594,0.00655959728445332,40,0.9478839587189071,0.663749029791684,False,0.17202087035827363,0.10650462227803396,False,0.25466950434149016,0.33303039615244767,0.4137924354389907,0.22499999999999998,0.40769496471582484,0.225,0.6867888628997807,0.5959616371348111,1.4062908244905155,0,0.9368724775645014,0.7784785988260132,0.5947920672386684,1.4756922419841991,0,,0,1
S0_null,1500080,1.2889716673545193,0.8341797538041575,1.9917145575229964,0.25289661094232063,0.5144913449967592,0.3555093430277606,0.15626242050278819,40,0.08314986121511926,0.13565438725145307,True,0.6631220058840048,0.6059304432173724,False,0.5685846421035934,0.5848016602645915,0.13010176394298734,0.125,0.1308595450857383,0.125,0.25289661094232063,0.8341797538041575,1.9917145575229964,0,1.2248134602190441,0.37442074894555644,0.7829494419581632,1.91604710590484,0,,0,1
S0_null,1500081,0.9646896255617565,0.6029486664336158,1.5434582170502953,0.8808278710813309,-0.02981882981883155,0.5330473066435114,0.9556903554981964,40,0.711184441838975,0.8705566212157577,True,0.19073742394154758,0.1506135855707687,False,0.6467674040054682,0.9675064021321034,0.1779533633904198,-0.125,0.1649384004605626,-0.125,0.8808278710813309,0.6029486664336158,1.5434582170502953,0,0.8128170277504614,0.4418982681896584,0.47927781874212805,1.3784729748917586,0,,0,1
S0_null,1500082,1.0080497511313484,0.6334387816552702,1.6042028530374854,0.9730190254495432,0.8000000000000018,0.4941723637610685,0.11396963289039301,40,0.1906026068749873,0.2547511629904379,False,0.15282878394579283,0.11562312260800453,True,0.17333392946496917,0.21025881307656136,0.257488741307794,-0.17499999999999993,0.2633115521089342,-0.175,0.9730190254495432,0.6334387816552702,1.6042028530374854,0,1.0447950393001606,0.8662350449722143,0.6274644698567958,1.739694798010405,0,,0,1
S0_null,1500083,1.0578960853824235,0.6834580272565725,1.6374730895469103,0.800653387283309,0.2627641890287338,0.38398808631168646,0.49804793831009525,40,0.17740254707380088,0.12518401450368838,True,0.913270204159575,0.9458655022696891,True,0.15470392676104236,0.20614041341760536,0.1956014620095279,0.15000000000000002,0.2278018352655363,0.15,0.800653387283309,0.6834580272565725,1.6374730895469103,0,1.079736187371368,0.7523807853572821,0.6704111496686491,1.7389779911856627,0,,0,1
S0_null,1500084,0.9061704647268305,0.5885953845025564,1.395092338070608,0.6544807323703148,-0.5362204152751571,0.5231694722502013,0.3120433116416966,40,0.10680928818470593,0.10648810875863396,True,0.7935476070071992,0.9675294078594084,True,0.1830422431200205,0.13437957836538034,0.014548159703345567,0.0,0.021043143355250853,0.0,0.6544807323703148,0.5885953845025564,1.395092338070608,0,0.8085328567005545,0.4035506153640841,0.4910400197928387,1.3313077427785924,0,,0,1
S0_null,1500085,1.299271876070192,0.7806068378581283,2.1625578025666257,0.313866543024639,-0.7753729576130717,0.5918787360513833,0.19826440907970524,40,0.24689745997775514,0.2903806978324911,True,0.45871093798908325,0.7141452126205567,False,0.11109748972190965,0.26474614326041945,0.24638177188993987,0.17499999999999993,0.24051773093342974,0.175,0.313866543024639,0.7806068378581283,2.1625578025666257,0,1.4067387832626332,0.20742242208635553,0.8275393660716446,2.3913231025240536,0,,0,1
S0_null,1500086,0.96473079953257,0.5876355139677332,1.5838142750811628,0.8871127863552672,-0.05526601941747589,0.4742197125742826,0.9078541087397092,40,0.468439750226772,0.587082316539113,False,0.5063052927941951,0.532821690396243,False,0.6518686839254164,0.7538010241274239,0.05396503175516868,0.02499999999999991,0.029131773706320103,0.025,0.8871127863552672,0.5876355139677332,1.5838142750811628,0,1.0305647950118604,0.9149470017265697,0.5930930072626117,1.7907204834866202,0,,0,1
S0_null,1500087,1.158389601942126,0.7431859230965057,1.8055595890416112,0.516159300478803,-0.4487257617728523,0.5688209021838018,0.4352138374411929,40,0.07973145759979564,0.032382962152877205,True,0.0013996300657551947,0.001657239084950016,False,0.7262572187534999,0.7750201860700391,0.10346468072500398,0.09999999999999998,0.09888517876815862,0.1,0.516159300478803,0.7431859230965057,1.8055595890416112,0,1.054831772801324,0.8372091330476181,0.6339200146402529,1.7552215472209374,0,,0,1
S0_null,1500088,1.1845873239190297,0.7329329327858224,1.914564164358139,0.4892239267777211,-0.17454545454545256,0.4176666955744111,0.6784312376165131,40,0.4438624412179205,0.42280909359122554,False,0.6673318948561897,0.7138610453700853,False,0.45166428849972584,0.5970182690691272,0.6814194703151856,0.3,0.6709521497387086,0.3,0.4892239267777211,0.7329329327858224,1.914564164358139,0,1.1880963830678462,0.5246612791289074,0.6986264096522343,2.0204976450311376,0,,0,1
S0_null,1500089,1.3974316191086167,0.8119228213193638,2.405173347524869,0.22708450753522602,0.03372727272726994,0.5782067660697096,0.9537990207238275,40,0.049588850975400674,0.051967676600989984,True,0.6358940323029705,0.9243708643704832,True,0.9700866321325816,1.0,0.03476688618481797,0.050000000000000044,0.03231112320566666,0.05,0.22708450753522602,0.8119228213193638,2.405173347524869,0,1.400854128321089,0.22514494475759306,0.8125380325203007,2.415138996936994,0,,0,1
S0_null,1500090,1.2754689041794218,,,,-0.5190521327014224,0.5876350042525945,0.3827829309495302,40,0.017777151786794655,0.055660405122301256,False,0.17262077189371594,0.30921931060868857,True,0.2760710198585723,0.45472059230190287,0.5803319006393056,0.27499999999999997,0.5686115514293106,0.275,0.39135066882956004,0.7229180777912512,2.2503530835736187,1,1.2308760516264805,0.5047579319547288,0.6594436551780546,2.29747582309897,1,0.0,0,1
S0_null,1500091,0.979816675280154,0.6457219419900866,1.4867710925204918,0.9236508661117295,-0.5505187269210496,0.5990606452629347,0.36406368242182485,40,0.5073822957159169,0.532860309398026,False,0.8246592570416605,0.7966649583039871,False,0.8439697239594459,0.6617448044602294,0.0944476140379316,0.10000000000000009,0.06198396713929165,0.1,0.9236508661117295,0.6457219419900866,1.4867710925204918,0,0.96711681632392,0.8794883025910479,0.6277188955950808,1.4900219556555347,0,,0,1
S0_null,1500092,1.06689522279956,0.6719758468506208,1.6939082286473275,0.7836743329479904,-0.4575910330921589,0.5369408745608141,0.399575534493414,40,0.6315766709254793,0.7759707480459359,True,0.9038882690888753,0.8598835161133918,False,0.08224305199251405,0.2532918415079247,0.06173036523367037,-0.07500000000000007,0.05494849062323591,-0.075,0.7836743329479904,0.6719758468506208,1.6939082286473275,0,1.0249368092865025,0.9211155533552557,0.6294791998746678,1.6688326846058696,0,,0,1
S0_null,1500093,1.108795563368212,0.6539386007924257,1.8800352202106478,0.701461665227378,-0.0898333847577899,0.5136334378119947,0.8621134759989754,40,0.4437236252168649,0.47177106786185086,True,0.005354008751246532,0.01570311133558205,False,0.9035964057929801,0.9129911594174278,0.07122587513949757,0.07500000000000007,0.0835237244810848,0.075,0.701461665227378,0.6539386007924257,1.8800352202106478,0,1.167171053279739,0.592013687843677,0.6631482307941544,2.0542741492090304,0,,0,1
S0_null,1500094,0.8193737182648465,0.49576252829682654,1.3542235482976854,0.4370932549423322,-0.5190973517344288,0.553110613624136,0.3540711461141559,40,0.32396979951459626,0.49713995940618716,False,0.7651388653276605,0.881437861040622,False,0.35481050038352435,0.40741325827939334,0.13459750125304093,0.09999999999999998,0.1463463022859083,0.1,0.4370932549423322,0.49576252829682654,1.3542235482976854,0,0.7015937649218987,0.19656705640565952,0.4097209869419644,1.2013878387123182,0,,0,1
S0_null,1500095,1.0183193148844283,0.6397227817202977,1.620974360609971,0.938991489207337,-0.233567950420538,0.5456439493467667,0.6710894465004069,40,0.5458438813269395,0.7345240656118018,True,0.4658824417765691,0.7860687476827546,True,0.2126807471637021,0.3981119231906315,0.15457542433077887,0.125,0.11722504994521371,0.125,0.938991489207337,0.6397227817202977,1.620974360609971,0,1.087441238582324,0.7334210560222927,0.6712700817402941,1.7616284108830045,0,,0,1
S0_null,1500096,0.8037808976798705,0.5667396115923672,1.1399657236941925,0.22050585509831944,-0.4879905593062208,0.5667592776048177,0.3947730825724677,40,0.5325817966988851,0.6938252922223862,False,0.6718457591814988,0.6063385075643555,False,0.36422841386306626,0.9242675376298648,0.019847579642667774,0.025000000000000022,0.0352330639291004,0.025,0.22050585509831944,0.5667396115923672,1.1399657236941925,0,0.8668193835523981,0.5027315669286456,0.5706944316479992,1.316599220238412,0,,0,1
S0_null,1500097,1.1905247453709649,0.7454407754281897,1.9013571782767846,0.4653386796686897,-0.7500000000000018,0.5253396228761327,0.1617795222786279,40,0.9851020932825134,0.8601058810874186,False,0.8787365966336563,0.9459649063949975,True,0.6573260962988979,0.4224795490212767,0.0944476140379316,-0.10000000000000009,0.08733606889123373,-0.1,0.4653386796686897,0.7454407754281897,1.9013571782767846,0,1.1030631020111996,0.7011356936437714,0.6684129157821287,1.820354122862541,0,,0,1
S0_null,1500098,0.9878351082404279,0.648687011175526,1.5042974258171704,0.9545135105467197,-0.29029850746268515,0.6015946463039403,0.6322591839204631,40,0.2394280650292573,0.21229069027796177,False,0.10268852585587449,0.15011290903844543,True,0.6129975081042959,0.6828777277910256,0.042761286344390595,0.04999999999999993,0.024706122142071883,0.05,0.9545135105467197,0.648687011175526,1.5042974258171704,0,1.1446494793217052,0.5828844941036984,0.7067653203278889,1.8538295426034785,0,,0,1
S0_null,1500099,0.9818214933565627,0.5955379221838185,1.6186600532205424,0.9426639248143378,-0.8010630220197413,0.4159235141273595,0.061816013319517714,40,0.8404858691771451,0.8815099133900245,False,0.2506532920829623,0.20145395263062493,False,0.8237246581595469,0.8917762803198959,0.19556963114746376,-0.15000000000000002,0.15691990455744992,-0.15,0.9426639248143378,0.5955379221838185,1.6186600532205424,0,0.9267799097838941,0.7734664324345799,0.5522251052154845,1.555382022778342,0,,0,1
S0_null,1500100,0.9432000074784894,0.5597171288748171,1.5894211704683971,0.8261601582332727,0.06270479594876655,0.5240897992023619,0.9054115609160078,40,0.6811385314085108,0.532860309398026,True,0.16455815258833717,0.1876701437157785,True,0.9402519728279188,0.8699887424933169,0.08482561246228314,0.07500000000000007,0.12322937104739655,0.075,0.8261601582332727,0.5597171288748171,1.5894211704683971,0,1.045478742277584,0.8821276574258292,0.5807566027009492,1.8820721029617877,0,,0,1
S0_null,1500101,1.1649800253076041,0.7126390372526618,1.9044402403183631,0.5425509329870821,0.3673608356472313,0.4163426545788643,0.3832831272872721,40,0.2787135768966976,0.1973779560198936,True,0.525147503449402,0.5154384168964858,False,0.9056096947361078,0.9891656257768894,0.027866293024891176,0.025000000000000022,0.012390771509656994,0.025,0.5425509329870821,0.7126390372526618,1.9044402403183631,0,1.0996696454765063,0.7562801700903797,0.594619460475057,2.0336928229969216,1,0.0,0,1
S0_null,1500102,1.0826074567228576,,,,0.23003064351379043,0.4388082928353184,0.6032543219675102,40,0.06409065871610861,0.09513482587518106,True,0.9358066328171455,0.9351156260538462,False,0.6258163156882683,0.5496900167137764,0.046042864737170036,0.050000000000000044,0.024706122142071883,0.05,0.7531575915700136,0.6521011908814215,1.7973267366184864,1,1.2292273949745067,0.4603941806770165,0.7022093598894265,2.151779903352103,1,0.0,0,1
S0_null,1500103,0.9608640967322474,0.5953708229477565,1.5507306989245815,0.8701457748753725,0.5870974832399181,0.43653663035727736,0.1868443983208798,40,0.00940596397099479,0.003217571985741922,True,0.940403209377989,0.7759193962737452,False,0.9650845104270416,0.9239115844100464,0.16876440058337824,0.125,0.1649384004605626,0.125,0.8701457748753725,0.5953708229477565,1.5507306989245815,0,0.9412641192099706,0.8150361469134324,0.5668384075440149,1.5630171320797903,0,,0,1
S0_null,1500104,0.9643737719497285,0.6051305822175693,1.5368860860021245,0.8787418042227251,-0.31809317443120455,0.4733023809798402,0.5057132895189045,40,0.575286453756637,0.5327057763302585,False,0.7603683300552027,0.8176191908718968,True,0.06635119732892467,0.10652113548998807,0.00926681800342992,0.0,0.01656628160682895,0.0,0.8787418042227251,0.6051305822175693,1.5368860860021245,0,1.0235400963743662,0.9327891906142918,0.5879123507224172,1.7819566600339838,1,0.0,0,1
S0_null,1500105,1.1212454859719487,0.6800647521691907,1.8486349069003063,0.6537271820755731,-0.5920125293657003,0.4182118674130692,0.16526121846327615,40,0.7508480331811173,1.0,False,0.29439552244379363,0.4396751357331474,True,0.8092496565337641,0.8381199808524047,0.03755613355375243,0.025000000000000022,0.02319930679535069,0.025,0.6537271820755731,0.6800647521691907,1.8486349069003063,0,1.1119607414295936,0.6990561814726668,0.6492687235500109,1.9043835712893562,0,,0,1
S0_null,1500106,1.1461716052458253,,,,0.44999999999999857,0.4417111560554428,0.31492994915186284,40,0.41060735871053744,0.8387840775181681,True,0.9196526615280511,0.8813378789082349,False,0.2851210477339725,0.32828686784239114,0.20292787737633503,0.15000000000000002,0.20912510240144702,0.15,0.6302830727251699,0.6489725949149577,2.0242909468988324,1,1.2070816657077956,0.5060735907370142,0.6845505247477878,2.1284713034508784,1,0.0,0,1
S0_null,1500107,1.0213428817983246,0.6477838941294276,1.6103229667387904,0.927567048158438,-1.3838791339006795,0.5579424020723226,0.017801054042542792,40,0.5132919253032897,0.3901170478623698,False,0.7321242682735405,0.881193012696975,True,0.3859136305840146,0.3019912744173997,0.03686494460255547,-0.025000000000000022,0.0414069212922549,-0.025,0.927567048158438,0.6477838941294276,1.6103229667387904,0,0.9078559347799732,0.7217167532372175,0.5333174206720324,1.54542560653024,0,,0,1
S0_null,1500108,0.9378742502026092,0.6040673162393893,1.456142528400794,0.775068125839818,-0.052391799544419526,0.5296012044292957,0.9217303530196024,40,0.6811122490831447,0.8492580734561213,True,0.965238107462468,0.8705687520605252,False,0.8396667657631801,0.9891620383714237,0.06572733703374267,-0.07499999999999996,0.0743759621482963,-0.075,0.775068125839818,0.6040673162393893,1.456142528400794,0,0.9662881619628002,0.8850575785701711,0.6069906105497481,1.5382656596677635,0,,0,1
S0_null,1500109,0.990295150335258,0.6375321895697462,1.5382509319872453,0.9653812811617932,-0.08778047595920313,0.5068724827849612,0.8634534300502894,40,0.3545232350445727,0.7651458410887879,True,0.40075259082588965,0.40790065845577483,True,0.059034956565791274,0.07261072048258334,0.10354448129229603,0.125,0.1308595450857383,0.125,0.9653812811617932,0.6375321895697462,1.5382509319872453,0,0.9463868575412744,0.8289329694431815,0.5741018314797997,1.560085746144084,0,,0,1
S0_null,1500110,0.8194567294533746,0.5168931492515385,1.2991260039309227,0.39705141835368274,-0.012102425876010736,0.46278694178466206,0.9792772925937554,40,0.5858066634582195,0.6254835936164522,False,0.5867927939198396,0.8599097317443107,True,0.20547154492433772,0.20396213223429593,0.14577672915574044,-0.125,0.17446361933638296,-0.125,0.39705141835368274,0.5168931492515385,1.2991260039309227,0,0.9514781634226557,0.8458322999790178,0.5763106999833465,1.5708726134987787,0,,0,1
S0_null,1500111,0.5365685306591675,0.33784606906646986,0.8521803698627429,0.008347742908301698,-0.08270181219110118,0.5220891379326733,0.8749986756853111,40,0.6008319050627466,0.9137359437464375,False,0.8496709083494165,0.6536401064680921,True,0.5122887552700449,0.6148602319593854,0.10313741973831712,0.07499999999999996,0.09226046032336344,0.075,0.008347742908301698,0.33784606906646986,0.8521803698627429,0,0.5811720022208269,0.08605390636866535,0.3116060066378638,1.0839357681506352,1,0.0,0,1
S0_null,1500112,1.3307276958622138,0.8586433350448206,2.062365278177254,0.20118063985054513,-0.41507936507936827,0.5190761992664109,0.4290176337415768,40,0.4721365152713979,0.714196788566424,True,0.8959867723188395,0.967563061375435,True,0.3425402613358547,0.6233637572217905,0.11019967294741813,0.09999999999999998,0.12922584838072262,0.1,0.20118063985054513,0.8586433350448206,2.062365278177254,0,1.356790316723879,0.18818295182084133,0.8612971031251015,2.137334442292093,0,,0,1
S0_null,1500113,1.2561453453646716,0.8148393317067243,1.936456755684992,0.3017439051612927,-0.23070603643290832,0.5188974653796025,0.6591929308826426,40,0.3955281068354378,0.40021339356982333,True,0.7626522000591348,0.9028440397186744,False,0.35945396356036063,0.21080047506270094,0.2519300202433185,-0.17499999999999993,0.25269124788734765,-0.175,0.3017439051612927,0.8148393317067243,1.936456755684992,0,1.1019138746716204,0.6884541368286903,0.6856764421273939,1.7708267523769337,0,,0,1
S0_null,1500114,0.9925696581754634,0.657861050061003,1.4975723615787857,0.9716494383325747,1.1667089643880477,0.5110973729247352,0.028287051361045285,40,0.17740254707380088,0.29619950654754124,True,0.6722536332959278,0.5967933808679088,False,0.11524846168047143,0.12801898881369156,0.07082798140943712,0.07499999999999996,0.05494849062323593,0.075,0.9716494383325747,0.657861050061003,1.4975723615787857,0,1.0272477545808014,0.9001003148467877,0.6751356589793361,1.563001354256117,0,,0,1
S0_null,1500115,0.6153988582827501,0.4219831446475978,0.8974665447644395,0.011671726012800655,-0.28683693516699726,0.5679444068401359,0.6165230674580299,40,0.7768082645109309,0.489149950496514,True,0.33772189294027544,0.4893751888295269,True,0.37800543358099303,0.4531541707188047,0.07053623179545027,0.07499999999999996,0.04481321300021269,0.075,0.011671726012800655,0.4219831446475978,0.8974665447644395,0,0.5901217074972415,0.013262632963259038,0.3887488733511988,0.8958061451276641,0,,0,1
S0_null,1500116,1.0967720093308742,0.7147639888089808,1.6829455026911795,0.6724200166240231,0.5846535867565924,0.41943307402832825,0.17165940755521275,40,0.40767774806277246,0.2954690640118268,True,0.8878775171597526,0.8814156646298964,False,0.8124581140446248,0.540982244948593,0.07820758319050868,0.125,0.08565825367350988,0.125,0.6724200166240231,0.7147639888089808,1.6829455026911795,0,1.0808565788175561,0.7295071443640346,0.6956058377918104,1.6794725985649948,0,,0,1
S0_null,1500117,0.9358135109058165,0.6064073597792223,1.4441561651110375,0.7644182014647255,0.2125778629611892,0.5053434394072952,0.6764365648191403,40,0.3602496322191183,0.17462875665951183,False,0.5750196507711973,0.51496318141769,True,0.7596484873422794,0.9565405979672729,0.044327604403609305,-0.07499999999999996,0.06483499538239326,-0.075,0.7644182014647255,0.6064073597792223,1.4441561651110375,0,0.9698014568495744,0.8944306592472476,0.6165804326607756,1.5253725481505842,0,,0,1
S0_null,1500118,1.1506826962832195,0.7265821662611933,1.8223275067965818,0.5496141254064757,0.577958833619211,0.47150586120966703,0.22802939545583512,40,0.7623249059270578,0.7758474444492807,True,0.4662329032211112,0.41569575511933576,False,0.24287703922759873,0.3762925383866329,0.03755613355375243,-0.025000000000000022,0.047582390994191696,-0.025,0.5496141254064757,0.7265821662611933,1.8223275067965818,0,1.1298015825913201,0.6445461375559471,0.6727174941016049,1.8974556589025777,0,,0,1
S0_null,1500119,0.5413119865951077,0.3511400054463043,0.8344781633727861,0.005446243928638619,-0.27652093453620097,0.5620805528775641,0.6256541637268573,40,0.06818311125495681,0.2707987077124815,False,0.6000989887301134,0.5593368880347879,False,0.7108567309012748,0.7132511129540793,0.31169214749354207,-0.20000000000000007,0.3290478502612913,-0.2,0.005446243928638619,0.3511400054463043,0.8344781633727861,0,0.5978888633435095,0.03572226448039836,0.3699509518977629,0.9662661795474502,0,,0,1
S0_null,1500120,1.0411860755828273,0.6140219042126107,1.765520800724074,0.8809253911334913,-0.14453169781038466,0.4034027187029787,0.7221688506955429,40,0.457962565532551,0.7036083708935676,False,0.6871035286667854,0.44733485817601204,True,0.9243285883137335,0.8702400171564371,0.11029352222833341,-0.09999999999999998,0.06198396713929165,-0.1,0.8809253911334913,0.6140219042126107,1.765520800724074,0,1.1491798663926613,0.5865809811793199,0.6962039048082888,1.8968787106787453,0,,0,1
S0_null,1500121,1.1420824889081684,0.6942871797188236,1.8786929235808745,0.6008642721911451,1.5694905282974483,0.4926024695806743,0.0029268508943250645,40,0.7936984765305012,0.734343100497734,True,0.034871514148656434,0.04619442204462832,False,0.4177647140321513,0.377738804226165,0.8268675283595982,0.35,0.8138823482327252,0.35,0.6008642721911451,0.6942871797188236,1.8786929235808745,0,1.1062100467016798,0.7094830561154631,0.650445342294002,1.8813274349970188,0,,0,1
S0_null,1500122,1.2596165459559359,0.7859077085789515,2.0188551728482897,0.3375678434582555,0.5087611089003861,0.42974255864691885,0.24401304933546222,40,0.8371886498403884,0.8705990642580792,False,0.6540462351699822,0.5970182690691272,False,0.9194481921813087,0.9347519675515119,0.023178487792490522,0.0,0.021043143355250853,0.0,0.3375678434582555,0.7859077085789515,2.0188551728482897,0,1.3346395958468202,0.2777522640528052,0.7924720786273773,2.247729476964599,0,,0,1
S0_null,1500123,1.144861319309031,0.7646736450182976,1.7140742969095681,0.5111930150270316,0.9980465027634837,0.5139753607021494,0.059802404653571825,40,0.8518352679720813,0.6637191539783708,False,0.9622226033246024,0.9028029726993899,False,0.9551548976771369,0.7541071304308364,0.06099766051891281,0.050000000000000044,0.055653255970699776,0.05,0.5111930150270316,0.7646736450182976,1.7140742969095681,0,1.2787406544645001,0.2988032388434907,0.8041724968718224,2.033366805929115,0,,0,1
S0_null,1500124,0.8142847946566913,,,,-0.38161832061069023,0.4604879268615349,0.4125737386974356,40,0.37539918556594043,0.4889859556506555,True,0.17038434913435474,0.08206868750415404,True,0.7930551960648589,0.8702827722810359,0.5903283129080323,0.275,0.5795290922470946,0.275,0.46456206901938185,0.4639150644604502,1.4292696607734694,1,0.8214871605327566,0.5750838876383964,0.40649408949465204,1.660149980923768,1,0.0,0,1
S0_null,1500125,0.7102353418630176,0.4539702498245612,1.111161449513968,0.13403623481050841,0.11532515761292217,0.5016595063533094,0.8194455494309839,40,0.3339912623884139,0.2659445217562788,False,0.8720023857057637,0.9028759447707968,False,0.627801372602578,0.8164326287788828,0.0479757441717715,0.02499999999999991,0.0352330639291004,0.025,0.13403623481050841,0.4539702498245612,1.111161449513968,0,0.6647402808603945,0.08230687909035003,0.41936457495022117,1.0536885263873503,0,,0,1
S0_null,1500126,1.0831665795412178,0.6834693825696403,1.7166092131646824,0.7338206025148585,-0.08148956244839911,0.5141287657188481,0.8749245412368144,40,0.1906026068749873,0.11280598182206017,False,0.024166294765933675,0.10094183717254593,True,0.8682047824017229,0.9783312005146118,0.05059187744782916,-0.04999999999999993,0.055653255970699776,-0.05,0.7338206025148585,0.6834693825696403,1.7166092131646824,0,1.0521082363799898,0.8435743307699891,0.635243127210948,1.7425324157675282,0,,0,1
S0_null,1500127,1.2510848718835275,0.771418146479905,2.0290076967959885,0.36387478616848745,-0.21941798941798796,0.4907412796698246,0.6573982294413356,40,0.9038106981563787,0.8707744560227686,False,0.17709507632512267,0.3286980498315739,True,0.7623249059270578,0.9675048666777593,0.332310656759272,0.19999999999999996,0.30909351773576077,0.2,0.36387478616848745,0.771418146479905,2.0290076967959885,0,1.5665615167878693,0.05749338714413386,0.9858228047027864,2.4894078065282694,0,,0,1
S0_null,1500128,1.0647111815974377,0.709599907433441,1.5975338896516726,0.7619796326580569,0.6999999999999991,0.6258498937734116,0.27057179283325405,40,0.6141133277165599,0.5688372273490316,True,0.8613651143145088,0.8601515308389096,False,0.04571461972229064,0.07862379170838991,0.4115968822680543,-0.22499999999999998,0.4018423391082095,-0.225,0.7619796326580569,0.709599907433441,1.5975338896516726,0,1.0092744561644067,0.9662585151719207,0.6580297080618919,1.5480075069348538,0,,0,1
S0_null,1500129,1.126788099734755,0.7511716916009189,1.6902279943456628,0.5639490733492151,1.0728369704749685,0.5163851449782874,0.04474199017650239,40,0.09348671117483734,0.2826475498426263,False,0.14017100238059008,0.10956224054283685,True,0.19016627463618496,0.4616873495188133,0.14359004619338409,0.125,0.10220287084734073,0.125,0.5639490733492151,0.7511716916009189,1.6902279943456628,0,1.015263475702457,0.94854320397338,0.6408879287611164,1.6083310027198805,0,,0,1
S0_null,1500130,1.1013027480856419,0.6910172307817589,1.7551917505282026,0.6849095043518039,0.735674069440099,0.4707682362127218,0.12663461599463915,40,0.7020947216181295,0.4723984200491387,False,0.13112173890885034,0.1708825487618767,False,0.26737303313917793,0.22167795291247083,0.0795354689594646,-0.07499999999999996,0.0743759621482963,-0.075,0.6849095043518039,0.6910172307817589,1.7551917505282026,0,1.1690780736243886,0.5154645391509013,0.7301025527647078,1.8719884447106925,0,,0,1
S0_null,1500131,0.9955405312946202,0.6037968860626034,1.641447599893078,0.9860232064276839,0.07193732193732066,0.6030691038335587,0.9056945983240312,40,0.005076359673734877,0.022637981780896398,True,0.420580540548002,0.5586482546640961,False,0.9053577013038261,0.8277904581362193,0.017272302433497765,0.025000000000000022,0.029131773706320103,0.025,0.9860232064276839,0.6037968860626034,1.641447599893078,0,1.0268040226622233,0.9238821936488654,0.5968105789327687,1.766601561990902,0,,0,1
S0_null,1500132,1.0982060659476394,0.6715857684114996,1.7958340096111234,0.7088953338058779,0.8010482672299157,0.5381385270707868,0.14507937044415584,40,0.7945019850520476,0.6637191539783708,False,0.13518670023207044,0.10095789988452099,True,0.021150797684132108,0.0876016047684619,0.10745863013409228,0.09999999999999998,0.06198396713929165,0.1,0.7088953338058779,0.6715857684114996,1.7958340096111234,0,1.1745812410822558,0.5270356195609466,0.7134200367365636,1.933841244792199,0,,0,1
S0_null,1500133,1.2471169814978078,0.810644001523445,1.9185989936609948,0.3149940527002476,0.382745250096938,0.4141274531635243,0.3613599095620004,40,0.5273837423180352,0.5969145211082648,False,0.4077001617139515,0.550162202414632,True,0.7772531472008697,0.9025554721985717,0.017118217794095964,-0.025000000000000022,0.012390771509656994,-0.025,0.3149940527002476,0.810644001523445,1.9185989936609948,0,1.3620838852820667,0.15967928311774915,0.8854086781954498,2.095385505285896,0,,0,1
S0_null,1500134,0.9230058246749756,0.5610114971240016,1.518578062573334,0.7524640973981638,0.1343022267550565,0.5111448084583992,0.7942024452143056,40,0.8788079856827672,0.9783679875911708,False,0.6289886994162087,0.9135495089886754,False,0.08384742698840697,0.04977154909330132,0.09778451666626847,0.07500000000000001,0.09226046032336352,0.075,0.7524640973981638,0.5610114971240016,1.518578062573334,0,0.9266210723051054,0.7589753434384123,0.5694794343913461,1.507739454292243,0,,0,1
S0_null,1500135,1.0455443811667127,0.6746589558486268,1.6203194866274884,0.8420605845130114,-0.05041240920842338,0.4701063182788606,0.9151809804476495,40,0.1768423871554321,0.2541459082596216,False,0.8091092036123655,0.8815265222087846,True,0.754736214793007,0.9782797945943161,0.04861264691158491,0.04999999999999993,0.055653255970699776,0.05,0.8420605845130114,0.6746589558486268,1.6203194866274884,0,1.1144577563371425,0.6570356653943943,0.6907384333413874,1.7980990063805662,0,,0,1
S0_null,1500136,0.7531032773427517,0.47313005132967895,1.1987497829622984,0.2318524747239421,0.02974729241877183,0.612359679631036,0.9615167753226784,40,0.6629344063341054,0.7233766062948681,False,0.20890811665876252,0.2219181712405759,True,0.41982561257422957,0.5768677209252427,0.15877202804343515,-0.125,0.15457597185817973,-0.125,0.2318524747239421,0.47313005132967895,1.1987497829622984,0,0.6937184069949527,0.14393339574497047,0.42478636768375794,1.1329111873992366,0,,0,1
S0_null,1500137,1.017451083204587,0.6663133387260346,1.5536334732446793,0.9361530553924466,-0.39248673237301057,0.5192587058298235,0.4545188424843999,40,0.7319413291388317,0.6252389336101714,False,0.7793127209305029,0.9783250510696717,True,0.5989114623622163,0.5406947584212176,0.27183186214597993,-0.17499999999999993,0.2263787441837476,-0.175,0.9361530553924466,0.6663133387260346,1.5536334732446793,0,1.1367203461306505,0.5880096459713635,0.7149860649675611,1.807214446013028,0,,0,1
S0_null,1500138,1.091111958843888,0.7142804606604509,1.6667476884798744,0.6866672788337176,0.0655048859934868,0.45735690751580776,0.886889764961245,40,0.657814146967115,0.744730602863237,False,0.285893188936721,0.3852552913589429,False,0.7934522778243802,1.0,0.15457542433077887,0.125,0.14326057979794618,0.125,0.6866672788337176,0.7142804606604509,1.6667476884798744,0,1.1383615434469354,0.5701857988947524,0.7277822037935868,1.7805697870106507,0,,0,1
S0_null,1500139,0.8236815497151464,0.5516193511019717,1.2299265679962115,0.343003599720889,0.7252084669660037,0.5003391410422999,0.15564011992705445,40,0.032762645078859814,0.06060872958212103,False,0.0033496640687308006,0.009469380965490411,True,0.5985491932337849,0.4613883426646942,0.07122587513949757,0.07500000000000007,0.10851156076691315,0.075,0.343003599720889,0.5516193511019717,1.2299265679962115,0,0.8839063265730235,0.5516586667025735,0.5887722620222057,1.3269823402895804,0,,0,1
S0_null,1500140,1.7313655385100652,1.097874259423666,2.730391574636121,0.018190432031021414,-0.30000000000000027,0.6089405664689621,0.625164618740591,40,0.2310039321866274,0.23251489211958576,False,0.5376536503626794,0.4393947040035948,True,0.26766470380724716,0.20102679216984876,0.1984813899505234,0.15000000000000002,0.18611765176727474,0.15,0.018190432031021414,1.097874259423666,2.730391574636121,0,1.7610833704942952,0.03432088862708268,1.0426878774199682,2.974442021428025,0,,0,1
S0_null,1500141,1.130749679873593,0.7461107884029498,1.7136796014852775,0.5624012212148102,1.3465475931169681,0.5551318315550071,0.020277252674547656,40,0.06102260850323463,0.07518929602960799,True,0.5375472015702669,0.48100198387340076,False,0.9651470245181296,0.9675002590083815,0.1100932698087879,-0.09999999999999998,0.09888517876815865,-0.1,0.5624012212148102,0.7461107884029498,1.7136796014852775,0,1.0524270566393086,0.8214561821661979,0.675234415915633,1.6403232469194335,0,,0,1
S0_null,1500142,0.8159468463761811,,,,-0.42788565264293477,0.4862375807392429,0.3845431968593439,40,0.9652422306473218,0.8177289915543984,True,0.6789292607174644,0.61492730277104,False,0.10340377676901527,0.12942781802873007,0.08040861366323528,0.09999999999999998,0.04835169739931688,0.1,0.5113181526211666,0.4386338885402828,1.5178244853055696,1,0.8104299992910203,0.5304956293165971,0.4139772695936375,1.5865527699034265,1,0.0,0,1
S0_null,1500143,1.160874340832354,,,,-0.3150423011844321,0.4571961504901135,0.4950750082785936,40,0.2871692678263065,0.1469143061693755,False,0.4778185306478938,0.26639536853834045,False,0.2191034497194092,0.5945412784146951,0.3410548828990503,-0.2,0.34382774874259053,-0.2,0.5926861302485368,0.6635015494723069,2.0310867944087594,1,1.2860100095797635,0.4189144499323668,0.6898723522862629,2.397286598395364,1,0.0,0,1
S0_null,1500144,0.9955043572475376,0.6208376605903995,1.5962770756471052,0.9850780627589012,-0.06616743042360707,0.4549484773279688,0.8851534016952682,40,0.43242985842822024,0.4883078232448915,False,0.34391506201606536,0.2715470620042263,True,0.521377516119741,0.5772471796337026,0.053481779532600006,0.050000000000000044,0.055653255970699776,0.05,0.9850780627589012,0.6208376605903995,1.5962770756471052,0,1.1527507142603703,0.5754043177478108,0.700983757175644,1.8956704711416459,0,,0,1
S0_null,1500145,1.0423865554964027,0.6855964653466808,1.5848531694664105,0.8460230511293851,-0.18776201225411304,0.501660688966253,0.7103318510557312,40,0.3317638792470782,0.1246846218805373,True,0.544618153609107,0.5318336827890806,False,0.8657840978068606,0.9348944586569684,0.015892180034476473,0.0,0.021043143355250853,0.0,0.8460230511293851,0.6855964653466808,1.5848531694664105,0,0.9586655962800024,0.8519971329176302,0.6152856695849119,1.493679718090787,0,,0,1
S0_null,1500146,0.9365124935078677,0.6097102435829064,1.4384794412217627,0.7645236343646482,-0.5392280701754402,0.643253379626338,0.4072550292213694,40,0.58776356879498,0.5328410010853338,False,0.04176318400544035,0.046245842176788766,False,0.5858421555244373,0.6940173981866834,0.01160158678415797,0.025000000000000022,0.004275512018421891,0.025,0.7645236343646482,0.6097102435829064,1.4384794412217627,0,0.9230222126780211,0.7489514421779349,0.5651390710179567,1.5075404423240797,0,,0,1
S0_null,1500147,1.2216075065779606,0.7757151736390886,1.9238052198034545,0.3876525679221361,0.5170010973506812,0.5225523079402866,0.32890515919859,40,0.9702145698889482,1.0,True,0.7781115581306569,0.9135291714255759,False,0.25597716757932754,0.16032250664802294,0.11367809193465915,0.09999999999999998,0.10968809608557809,0.1,0.3876525679221361,0.7757151736390886,1.9238052198034545,0,1.2338342245431813,0.38365878524388675,0.7690378881671835,1.9795473241015737,0,,0,1
S0_null,1500148,1.1913946704078815,0.7612000460354783,1.864715153485616,0.4435668353596338,0.0879753224901837,0.635557429575594,0.8906573065345184,40,0.6675500722926956,0.8495528253688229,False,0.04762459061571383,0.05893434522717856,True,0.6668394233885933,0.7028435021395163,0.07288570848522631,0.09999999999999998,0.07502426537113577,0.1,0.4435668353596338,0.7612000460354783,1.864715153485616,0,1.2211440955829331,0.42008676708836123,0.7513549802131217,1.9846716152118709,0,,0,1
S0_null,1500149,1.053755008820315,0.6703175533082719,1.65652773544965,0.8205318283634309,-0.12747093023255696,0.5694524010492501,0.8241068151258006,40,0.02543056927820047,0.017632981322184226,False,0.5457217508179415,0.5505765071259552,True,0.650948378114591,0.5229918751293944,0.06845503352122952,0.07499999999999996,0.10058623154071403,0.075,0.8205318283634309,0.6703175533082719,1.65652773544965,0,1.094059198211635,0.7730493638917417,0.5849429429681885,2.046294503730053,1,0.0,0,1
S0_null,1500150,0.864775426868973,0.5147925980076987,1.4526948169235925,0.5830256298948555,0.5060494476591262,0.5906350664638542,0.39707708728645813,40,0.4075888305012898,0.31564607235373765,False,0.06363757120071421,0.06504441776615015,True,0.057654468633521146,0.03824675636984386,0.051594196081461985,-0.050000000000000044,0.047919065615694055,-0.05,0.5830256298948555,0.5147925980076987,1.4526948169235925,0,0.9585741594525616,0.8724553395918854,0.5718770236106495,1.6067517687085375,0,,0,1
S0_null,1500151,1.049845863788317,0.6366174611279816,1.731300828225104,0.848846119538221,0.6822455940875494,0.5873905820353224,0.2528828668152924,40,0.9358261013585485,0.9891768773309492,False,0.7793127209305029,0.6842378119821422,False,0.33668756529130495,0.45484875120161206,0.0161217793852114,0.050000000000000044,0.024706122142071883,0.05,0.848846119538221,0.6366174611279816,1.731300828225104,0,1.1445622314495425,0.6028669411481784,0.688236744411101,1.9034477776708865,0,,0,1
S0_null,1500152,0.9090441944071471,0.544769517910981,1.5169008547948382,0.715091061336349,-0.625935025935028,0.49745763071718296,0.2161773382324953,40,0.12111543617031198,0.12178903232307246,False,0.9403772160354532,0.775620858243522,False,0.3821658779420488,0.4874408747112188,0.06173036523367037,-0.07500000000000007,0.0835237244810848,-0.075,0.715091061336349,0.544769517910981,1.5169008547948382,0,0.9217525783538058,0.7686464124391164,0.5355887549690704,1.586343641122476,0,,0,1
S0_null,1500153,1.0368691918794966,0.656325725644587,1.6380551288203298,0.8766835307474962,-0.09100568430257949,0.4628152778228973,0.8451892934189149,40,0.760340763248236,0.8601710813431427,False,0.7650792407982665,0.881393455748387,True,0.8557326942191884,0.6435770044571081,0.42737714186901155,-0.22499999999999998,0.4290842673562604,-0.225,0.8766835307474962,0.656325725644587,1.6380551288203298,0,1.0493612445608707,0.846765768396254,0.6437205871176117,1.7106164438782365,0,,0,1
S0_null,1500154,1.1289176928161158,0.6974129681557615,1.8274038702254574,0.6216942584938767,-0.05000000000000049,0.40716357087918914,0.9029294813884853,40,0.4549190423025975,0.4157837421941105,True,0.251085976960123,0.30835123926984276,False,0.26621422497906266,0.33461498635749654,0.18330085158727435,0.15000000000000002,0.2189189255985675,0.15,0.6216942584938767,0.6974129681557615,1.8274038702254574,0,0.9364272260676318,0.790866828635111,0.5762894912714369,1.5216240500691254,0,,0,1
S0_null,1500155,1.0178713869996743,0.6645883726846555,1.5589531852436547,0.9350920223986151,0.014717663780849044,0.5696867787432812,0.979528054351592,40,0.46638844581066563,0.4896410003344134,False,0.7603131869291301,0.849307319087097,False,0.6000950181270792,0.6925955368203536,0.08914418290324748,0.07500000000000007,0.06483499538239326,0.075,0.9350920223986151,0.6645883726846555,1.5589531852436547,0,1.0080929349477596,0.9727449331926293,0.6348716805432429,1.6007193211422006,0,,0,1
S0_null,1500156,1.0670888314016191,0.6406490296402051,1.7773828124606172,0.8030166257378512,-0.22752008292303816,0.5596299267598736,0.686677330210823,40,0.1001913312333766,0.17053958197479335,True,0.5498397487708987,0.6740905095613954,False,0.12998839084417974,0.16504330799749778,0.07496732160761842,-0.07499999999999996,0.06483499538239326,-0.075,0.8030166257378512,0.6406490296402051,1.7773828124606172,0,0.9484193509569017,0.8531106371663411,0.5414173571055818,1.6613787006723155,0,,0,1
S0_null,1500157,0.8830007710954704,0.5661636001562367,1.3771467497027967,0.5831945261804978,0.03493761140819718,0.4724054341299638,0.941443125506634,40,0.36031009364557043,0.7033808698719769,True,0.42189250971333947,0.13511898674532058,False,0.8558780412483576,0.7239045098532617,0.1100932698087879,-0.09999999999999998,0.08733606889123377,-0.1,0.5831945261804978,0.5661636001562367,1.3771467497027967,0,0.9137452303864225,0.7240742254816706,0.5537655102565473,1.5077326604669394,0,,0,1
S0_null,1500158,1.0132410840747992,0.6519035914538633,1.5748609271617013,0.9533819959808343,-0.4407488011803764,0.47120037492960615,0.355660435887036,40,0.17038434913435474,0.38435633629613,False,0.3333539834030459,0.1954260083661138,False,0.5580709475224572,0.6729248158845047,0.2028554942061364,-0.15000000000000002,0.20912510240144702,-0.15,0.9533819959808343,0.6519035914538633,1.5748609271617013,0,0.9969391174802533,0.9905474742386324,0.6003620247661579,1.6554804650567754,0,,0,1
S0_null,1500159,1.806072197235806,1.1331887340178468,2.8785114815453148,0.012928936342024211,0.13740032768978894,0.5485260419671087,0.8035941354911771,40,0.550187710011836,0.497830229765991,True,0.08923039106294017,0.11874326730246083,False,0.3033935145444736,0.16427981187374785,0.7821462678941574,0.32500000000000007,0.8103683529108893,0.325,0.012928936342024211,1.1331887340178468,2.8785114815453148,0,1.8983621717457497,0.009392023840695301,1.1703654386030045,3.0791911793096483,0,,0,1
S0_null,1500160,0.93831095143126,0.6352614860048972,1.3859291976171355,0.7489990203388435,-0.04927228915662818,0.4697960565601291,0.9170374021399316,40,0.23210354142467327,0.2487371933807525,True,0.9132189206331541,0.849524828221296,True,0.25026812510314256,0.2208028435011038,0.03747545677598052,-0.025000000000000022,0.012390771509656994,-0.025,0.7489990203388435,0.6352614860048972,1.3859291976171355,0,0.8092212922939339,0.3936137922231814,0.49261124115026517,1.3293222833745961,1,0.0,0,1
S0_null,1500161,1.065389545131493,0.7151381137501118,1.5871827568011678,0.7554683188760465,0.015518974616737236,0.5328123589894617,0.9769202198547979,40,0.21448302048346435,0.3560530879036238,False,0.03644697523591339,0.029487224454499382,True,0.739274015492061,0.7340770147183895,0.40708443654924337,-0.22499999999999998,0.4018423391082095,-0.225,0.7554683188760465,0.7151381137501118,1.5871827568011678,0,1.0550600650787958,0.8127132400855692,0.6772021053717883,1.6437511521216337,0,,0,1
S0_null,1500162,1.1600534918422747,0.7403565626680739,1.8176702575388484,0.5170162648587437,0.16009914375844958,0.6193375153115523,0.7974531718712851,40,0.8518352679720813,0.9675094723879277,True,0.5189364793924784,0.4312579056627899,True,0.3431310307101362,0.2822363372133184,0.024666513988348945,0.02499999999999991,0.012390771509656994,0.025,0.5170162648587437,0.7403565626680739,1.8176702575388484,0,1.171135024352265,0.5114323449694457,0.7308304301148916,1.8767106414123478,0,,0,1
S0_null,1500163,1.1603015114336699,0.7359807855865477,1.8292591651863728,0.5220879216362144,-0.48926597249004106,0.5403351615422054,0.37106678949273186,40,0.0026374077345544525,0.002610809745843257,False,0.030249700495472796,0.05943810546080577,True,0.3535953388637505,0.2701620979907027,0.025759100079365178,0.025000000000000022,0.017563739731861275,0.025,0.5220879216362144,0.7359807855865477,1.8292591651863728,0,1.0495266149950857,0.84188333543909,0.6527250625182368,1.6875499024557028,0,,0,1
S0_null,1500164,0.8943679031832009,0.5841033377868462,1.369439094929837,0.6075434982081918,0.28446280991735495,0.5449459876371806,0.6047803166728085,40,0.3045149373993997,0.49756663504480203,True,0.030220868587076077,0.08943694079611507,False,0.7940782801811969,0.6535326266594756,0.031198512802227685,0.050000000000000044,0.01108296880350949,0.05,0.6075434982081918,0.5841033377868462,1.369439094929837,0,0.9733051164421879,0.9103743974119877,0.6076380189511416,1.5590249789302806,0,,0,1
S0_null,1500165,1.094186455189733,0.7094993923645267,1.6874489416131213,0.6838326769060323,-0.13573649985863745,0.5631374044169309,0.8108577885453069,40,0.4007115281925314,0.39314808815354474,True,0.3979196159294409,0.25970814643651774,False,0.445008718746736,0.6059134130796588,0.15361270252671744,0.125,0.1308595450857383,0.125,0.6838326769060323,0.7094993923645267,1.6874489416131213,0,1.01158864585806,0.9625287635950076,0.6255269080254316,1.6359193750100665,0,,0,1
S0_null,1500166,1.3180810657230884,0.8307798454433166,2.0912130997721095,0.2409015459870254,0.6029540026996139,0.4410340270609189,0.17983134762432923,40,0.3865404325861691,0.514824309850034,True,0.9404654549563661,0.8388964626252777,True,0.2410464297675099,0.3019684089165263,0.021606031593733876,0.0,0.02575178272878667,0.0,0.2409015459870254,0.8307798454433166,2.0912130997721095,0,1.3486355953266902,0.2222414389265014,0.8342881957799217,2.1800835468873934,0,,0,1
S0_null,1500167,0.9212265072762331,0.5743680994648819,1.4775512054012612,0.733560557130409,-0.371965660153939,0.5296153475256947,0.4868675276363747,40,0.42205436769846005,0.46372455503388277,True,0.4662329032211112,0.24931747914931424,False,0.5530872892839086,0.6439858533198684,0.15349349112599833,-0.125,0.14326057979794618,-0.125,0.733560557130409,0.5743680994648819,1.4775512054012612,0,0.9471597310904526,0.8520711700121149,0.5276907468085406,1.7000706599936517,1,0.0,0,1
S0_null,1500168,0.7177958751914235,0.4531019389018838,1.1371192091795295,0.15779053931687037,0.13125683060109194,0.4870741791382573,0.7890574130104866,40,0.23943944260504235,0.6064233620626072,False,0.22712475870523086,0.42324762941089666,False,0.2530578840065333,0.3845139291263291,0.016705858489746397,0.0,0.01656628160682895,0.0,0.15779053931687037,0.4531019389018838,1.1371192091795295,0,0.5881354292320045,0.05014989075637678,0.3457832498688966,1.0003471343654242,0,,0,1
S0_null,1500169,1.172615385177501,0.705560999157433,1.9488419048062589,0.5389722781683572,-0.48215950920245243,0.5363945728320534,0.37452429948548094,40,0.2348387863093846,0.5412118485803882,True,0.8445010428076558,0.7137833981371553,False,0.5581913350527341,0.6245184962509551,0.14227654777971294,0.125,0.14326057979794618,0.125,0.5389722781683572,0.705560999157433,1.9488419048062589,0,1.0658518977866414,0.8130306592995048,0.6283189636540089,1.8080629962347576,0,,0,1
S0_null,1500170,1.2982063861763027,0.8332132934432385,2.0226991508312353,0.2487054079851969,0.1673887449964675,0.4732330485128727,0.7255615330133827,40,0.6011634039422069,0.9025876622868556,False,0.38341175034774766,0.44688396753267623,True,0.3637667447750449,0.41503461256893215,0.022181151433045786,-0.025000000000000022,0.0352330639291004,-0.025,0.2487054079851969,0.8332132934432385,2.0226991508312353,0,1.4138057511420548,0.1494505634905597,0.8828883618139817,2.2639857862159616,0,,0,1
S0_null,1500171,1.3471459209471974,0.8589964739273186,2.112700328125243,0.19430730439893795,0.049999999999997935,0.4596700009462276,0.9139697705714336,40,0.18468547790360923,0.20697763022283988,False,0.3432864265070982,0.32186492861514093,False,0.20396650058508103,0.16534428160253278,0.038125643215939795,0.050000000000000044,0.03231112320566666,0.05,0.19430730439893795,0.8589964739273186,2.112700328125243,0,1.37098735359094,0.18508289178322168,0.8597492339802022,2.1862262266924817,0,,0,1
S0_null,1500172,0.801229940566465,0.45655676754608454,1.4061108350460296,0.43996430206249404,0.33741367230507446,0.569437187575925,0.5570940458409656,40,0.07773222851881732,0.10691735993674507,True,0.0405520664233763,0.11907368118650988,False,0.7759604163384943,0.9565880442920983,0.34002461254174127,-0.2,0.3602171999050112,-0.2,0.43996430206249404,0.45655676754608454,1.4061108350460296,0,0.8456764795987934,0.5698078149041712,0.47441688727893344,1.507468910410276,0,,0,1
S0_null,1500173,0.970673681887107,0.6467439331709504,1.456847677084006,0.8857563173151441,-0.5717417619367828,0.5609656871907209,0.3147217105553466,40,0.1670360918434789,0.17947159819653868,True,0.214374303800544,0.2661024034249395,True,0.865760649106242,0.8277502719719081,0.0749708454700332,-0.07499999999999996,0.024630214771563675,-0.075,0.8857563173151441,0.6467439331709504,1.456847677084006,0,0.9547239470942984,0.837331319266745,0.6134546467138822,1.485843851763084,0,,0,1
S0_null,1500174,1.7091440812433503,,,,-0.11738593837088773,0.589045765292086,0.8431336570635402,40,0.5727413024426578,0.34902394703825523,False,0.05437891798906562,0.09273731469692909,True,0.22186498860252035,0.25254803261941006,0.11004944420947385,0.09999999999999998,0.07502426537113577,0.1,0.025850070372131776,1.070434745544871,2.7289598946662035,1,1.7036980025018427,0.06119529251287992,0.9740923261666052,2.979786213029175,1,0.0,0,1
S0_null,1500175,1.0331236893474067,0.6725049137822884,1.5871178568612379,0.8817399878794605,0.7730046948356806,0.6159312010156937,0.21734155605888317,40,0.8081358297774834,0.9783710447304377,False,0.27720887833976626,0.3707382784053668,True,0.014312525134084434,0.10299216505761294,0.12025177404773903,0.09999999999999998,0.09888517876815865,0.1,0.8817399878794605,0.6725049137822884,1.5871178568612379,0,0.9860224485049425,0.951201464918011,0.6282060146009482,1.5476455913483615,0,,0,1
S0_null,1500176,0.8140451350551706,0.4841155169615971,1.3688251227021873,0.4377935838070741,0.846070975918886,0.47093457706845787,0.08057049006269303,40,0.18355854368459212,0.30288139992872576,False,0.6141750880653887,0.7449048291132303,False,0.7101979513967134,0.733797977988845,0.09753487436511088,-0.07500000000000007,0.10058623154071403,-0.075,0.4377935838070741,0.4841155169615971,1.3688251227021873,0,0.8471990791430429,0.5744009665711849,0.4749514451807186,1.5111992751758407,0,,0,1
S0_null,1500177,1.3301920422761782,0.8387534672177234,2.109572047677231,0.2252673084434137,0.2196546947660043,0.4971089880554739,0.6611593383255425,40,0.5728580668970014,0.9675094723879277,False,0.14413582438098277,0.10942835923433701,False,0.6043691328898215,0.7752382273711844,0.03142941182963725,0.025000000000000022,0.017563739731861275,0.025,0.2252673084434137,0.8387534672177234,2.109572047677231,0,1.363771962969391,0.19921949449403276,0.8492381035747508,2.190050068587953,0,,0,1
S0_null,1500178,1.0908403387050307,0.670440166669044,1.774852855935024,0.7262671157769486,-0.5104789135096521,0.4612599943581718,0.27556493191031817,40,0.25557549355967557,0.43141011118077144,True,0.1361801127012163,0.11853449835301556,True,0.6135414583653135,0.512726950319083,0.02550655029291358,-0.025000000000000022,0.017563739731861296,-0.025,0.7262671157769486,0.670440166669044,1.774852855935024,0,1.0715429379111534,0.8001325861645322,0.6276098428379183,1.8294873493304855,0,,0,1
S0_null,1500179,0.8906696336396237,,,,-0.6012691258450966,0.44508673109300506,0.18493036322783868,40,0.7777386006515914,0.9891758559106533,False,0.8959654725392853,0.9675538935224747,False,0.33576428601889396,0.27082141585278086,0.5,-0.25,0.5,-0.25,0.6739350382698565,0.5126359367974734,1.5474771457568468,1,0.862956251813986,0.6576392656822377,0.44266129597274123,1.682309927070519,1,0.0,0,1
S0_null,1500180,1.0369719366324572,0.6669725941937595,1.6122263594100308,0.8719057781983591,-0.6212697685079094,0.4769155938513064,0.20073305253765197,40,0.9107242542140919,0.9783445063764712,True,0.8372166538820021,0.9675523647910937,False,0.11001276980416888,0.2879832960244999,0.09497589894975277,-0.09999999999999998,0.06198396713929165,-0.1,0.8719057781983591,0.6669725941937595,1.6122263594100308,0,1.0325863041028382,0.9028788391708724,0.616938986712794,1.7282656768085356,0,,0,1
S0_null,1500181,0.89332936836563,0.5732284658926343,1.3921802699414583,0.6182685562191441,-0.8113744626466823,0.5426041562911881,0.14330850428687344,40,0.614658414598251,0.5594297009925701,False,0.1910243076468241,0.3491149829669591,True,0.9403251271533124,0.7753935837141581,0.19844151661825107,-0.15000000000000002,0.15691990455744992,-0.15,0.6182685562191441,0.5732284658926343,1.3921802699414583,0,0.8094188197741945,0.386427812338185,0.5016200772094173,1.3060857321528878,0,,0,1
S0_null,1500182,0.8549089716544,0.5202508798402965,1.404840199481338,0.5361853648906058,-0.1033707865168556,0.4238608959845982,0.8086717496294897,40,0.6949371366879084,0.6352456770203845,True,0.40046497983413387,0.16618578282225005,False,0.45373490188462284,0.3006845933103669,0.05004697972219608,0.050000000000000044,0.047919065615694055,0.05,0.5361853648906058,0.5202508798402965,1.404840199481338,0,0.9369827321197846,0.8042626642973997,0.559982707057875,1.5677924143466808,0,,0,1
S0_null,1500183,1.2080113356851896,0.7689390734662418,1.8977984569904702,0.4122469747647918,0.06746148202494773,0.5766000928239875,0.9074938446644816,40,0.3222556468702219,0.16648588127802522,False,0.44380316168128675,0.5415556133542352,False,0.4836870020809173,0.8381503452802347,0.14225982278923685,-0.125,0.15457597185817973,-0.125,0.4122469747647918,0.7689390734662418,1.8977984569904702,0,1.364078084233894,0.22253268674889504,0.8282939415893024,2.2464356268463646,0,,0,1
S0_null,1500184,0.8826556973637228,0.5663666885208112,1.3755771585426013,0.5813745199729264,0.5501355013550112,0.5172544101308316,0.29441652792800876,40,0.5752197998958131,0.6740180180169242,True,0.4994529087491246,0.6840828550211284,False,0.6506245460076874,0.7958441089583546,0.11562629065403855,0.10000000000000009,0.11978503962277386,0.1,0.5813745199729264,0.5663666885208112,1.3755771585426013,0,0.9243152686455655,0.7548593659662005,0.5639859472737404,1.514858162656748,0,,0,1
S0_null,1500185,0.9676778140599025,0.6419815683866369,1.458609402411689,0.8752958919974831,0.04999999999999938,0.6227604127103683,0.9364411481252563,40,0.9358325869371428,0.7549626735109539,False,0.6697281586098953,0.7136797701783266,True,0.8266284671456674,0.8052777400528905,0.04235932091205489,0.050000000000000044,0.005813098297592855,0.05,0.8752958919974831,0.6419815683866369,1.458609402411689,0,1.0289054712433063,0.8918063364881248,0.6824189572600137,1.5513145663552357,0,,0,1
S0_null,1500186,1.1552088565959775,0.7536140252273671,1.7708103321924795,0.5079584232666785,0.984779874213835,0.4640796351386248,0.04059579574435481,40,0.9038979522658493,0.8707261433313385,True,0.39323489036478687,0.7548057441140228,True,0.7926421516400552,0.6733050352683131,0.026701873164021325,0.02499999999999991,0.029131773706320103,0.025,0.5079584232666785,0.7536140252273671,1.7708103321924795,0,1.1075616449021384,0.6864744070002056,0.6744222072224646,1.8188796040841138,0,,0,1
S0_null,1500187,0.7402213216482358,0.478880005635951,1.1441855967551098,0.175807332730321,0.06869194074818014,0.6151114800443851,0.9116855534366414,40,0.14733425996110405,0.40021339356982333,False,0.6006866595340323,0.43141011118077144,False,0.651593355356196,0.7638089702707853,0.13746754809315817,-0.125,0.1649384004605626,-0.125,0.175807332730321,0.478880005635951,1.1441855967551098,0,0.8169847106878545,0.39902237595218293,0.5107420821457106,1.3068514242914784,0,,0,1
S0_null,1500188,1.0429387111458404,,,,0.11264844847401276,0.5360832914276821,0.8347172451670285,40,0.8226844404866703,0.7343913940215042,True,0.44368388573265927,0.27195437516394017,True,0.058371187250329123,0.11769875795872031,0.5994113908065488,0.27499999999999997,0.5981576608917907,0.275,0.8872935608206839,0.5746157503444143,1.8929539514964326,1,1.03065044641552,0.9281986669057056,0.5256558287878147,2.020790571553412,1,0.0,0,1
S0_null,1500189,1.2955819174075125,0.7379334554997543,2.2746393895050683,0.36719747408809966,-0.1793047508690609,0.5801281172748008,0.7589961038108884,40,0.49935108115363613,0.36223962519134656,True,0.11190518942887437,0.12189471998710052,False,0.2991079467761738,0.6437344202956705,0.05634785399208838,0.04999999999999993,0.03231112320566666,0.05,0.36719747408809966,0.7379334554997543,2.2746393895050683,0,1.3143149791618849,0.3599289281719493,0.7321158633261774,2.3594951987533865,0,,0,1
S0_null,1500190,0.8015320881799255,0.5077940454306168,1.265185549462798,0.34213812808807365,0.6688834441722108,0.5444907310196686,0.22703231439299273,40,0.04278404536403093,0.10348104222351645,True,0.8404539836329871,0.838791577176485,False,0.9838994535790855,0.8812376434126739,0.15135544073138588,-0.125,0.10220287084734073,-0.125,0.34213812808807365,0.5077940454306168,1.265185549462798,0,0.782617452468573,0.341991916313962,0.4720458390174002,1.2975224571057429,0,,0,1
S0_null,1500191,0.8926834138433611,0.5971310710541362,1.3345205365787967,0.580020237414322,-0.08135983517149503,0.5198039883950156,0.876473917425222,40,0.2195372992919471,0.5967414303031273,False,0.49302457309512837,0.4311926380622195,False,0.07521685375155072,0.053550950166803266,0.08807207708641179,-0.09999999999999998,0.08733606889123373,-0.1,0.580020237414322,0.5971310710541362,1.3345205365787967,0,1.0554426794155196,0.8069673305052978,0.6846280033133146,1.6271014976610836,0,,0,1
S0_null,1500192,1.1671173969926545,0.7562595066094728,1.8011846548149522,0.4851493611128791,0.7911034265954117,0.4721501010928547,0.10226183050169144,40,0.409106978578639,0.46437755219809407,False,0.4995037994983359,0.4231380871054973,True,0.2409502984014037,0.1822898187429548,0.12025177404773903,0.09999999999999998,0.13806267595474211,0.1,0.4851493611128791,0.7562595066094728,1.8011846548149522,0,1.2841828943903524,0.3062968046233665,0.7952681162609414,2.073672604905081,0,,0,1
S0_null,1500193,0.9855374965131507,0.6469488086216534,1.5013307762367825,0.9459172609651025,-0.19999999999999796,0.5134131365365766,0.6991027229548467,40,0.29488582020630394,0.3776937554602383,True,0.8958149998040734,0.7343913940215042,True,0.39242653540433214,0.2503957031354733,0.0580222578593697,0.04999999999999993,0.03231112320566666,0.05,0.9459172609651025,0.6469488086216534,1.5013307762367825,0,0.9816582903115373,0.9344731030645045,0.6314029787757128,1.5262091427029512,0,,0,1
S0_null,1500194,0.9777527006710309,0.5935765689616652,1.6105762822508514,0.9295959437288613,0.399999999999999,0.5378133810067723,0.46172349926779904,40,0.8720023857057637,0.8072124164068241,False,0.5564858210650594,0.5504448063151526,True,0.5994262792958636,0.6931500640636601,0.028869313215039747,0.04999999999999993,0.03231112320566666,0.05,0.9295959437288613,0.5935765689616652,1.6105762822508514,0,0.9741439325932958,0.9159560363787047,0.5988573663225278,1.5846117202092662,0,,0,1
S0_null,1500195,0.7608304205074604,0.4438838233910931,1.3040865610899717,0.32010417105634326,-0.46929411764705753,0.6230648534883692,0.4560942814418356,40,0.19073742394154758,0.2073418924778876,True,0.9517833749610165,0.796730574175815,True,0.5373232004399325,0.6341094321240532,0.5857809298116716,0.275,0.5763190919227851,0.275,0.32010417105634326,0.4438838233910931,1.3040865610899717,0,0.7019891545454721,0.18395021008985024,0.41653438687334077,1.1830686460210864,0,,0,1
S0_null,1500196,0.7598095200074948,0.5104790709551914,1.1309190514192393,0.1758428694138353,0.35000000000000087,0.534912328827158,0.5169570300008518,40,0.6811122490831447,0.5157544725433383,False,0.4440935746319561,0.38523286394439105,True,0.6571302915454744,0.9783219743832388,0.05599650803443585,0.07499999999999996,0.0835237244810848,0.075,0.1758428694138353,0.5104790709551914,1.1309190514192393,0,0.7824058756860477,0.24405846424187616,0.5177620247021405,1.182317213511778,0,,0,1
S0_null,1500197,0.6349865643597968,0.36907818038435425,1.092472972792815,0.10090400687891218,-0.5555508438639636,0.6131103918573682,0.370736251977435,40,0.5066498514682471,0.3551196876032816,True,0.6538769648850811,0.8814600449922301,False,0.06613876308792398,0.11180527770715319,0.19568632189330676,0.15000000000000002,0.1982587753374821,0.15,0.10090400687891218,0.36907818038435425,1.092472972792815,0,0.6074663676971936,0.09374606538073324,0.33912567113067854,1.0881375823094965,0,,0,1
S0_null,1500198,0.9317481741903187,0.596354306593669,1.455769918164634,0.7561782511585428,0.03897505894031439,0.4554873897815214,0.9322713487485076,40,0.4663495727254977,0.3222302361171294,False,0.015160247241315207,0.01811028598937631,True,0.965192655368761,0.8810756172529371,0.11778945169556235,0.12500000000000006,0.10220287084734073,0.125,0.7561782511585428,0.596354306593669,1.455769918164634,0,0.9408745292837306,0.8042542398134614,0.5810586628190345,1.5235034541264263,0,,0,1
S0_null,1500199,0.6276994654439513,0.4075070504494408,0.9668706798669398,0.03461658938293065,-0.6668824443293647,0.448051131456865,0.14511796031492064,40,0.93576113722658,0.9028029726993899,False,0.08575994953608929,0.14645697602524685,True,0.9196363612503443,0.9675094723879277,0.1160973425605691,-0.09999999999999998,0.09888517876815865,-0.1,0.03461658938293065,0.4075070504494408,0.9668706798669398,0,0.555087594029367,0.010129639093535193,0.354411250682868,0.8693918052873082,0,,0,1
S0_null,1500200,1.6841445947402485,1.1327140750003708,2.504023812003808,0.010002444555030821,1.0543273476597013,0.44809519871316694,0.024053889625669803,40,0.36996928282173625,0.41538749442159995,True,0.9652463523653436,0.653686138691387,False,0.7644604506739057,0.8278306161899738,0.025987391726102184,0.0,0.02575178272878667,0.0,0.010002444555030821,1.1327140750003708,2.504023812003808,0,1.5640748226984884,0.06253131906037833,0.9768673687306729,2.504260178306532,0,,0,1
S0_null,1500201,0.9893691018960064,0.6450140087652412,1.517565830330318,0.9609458492130726,-0.513026740624223,0.540543575672716,0.3487310834429904,40,0.9358325869371428,0.7863343880519127,False,0.7935483168635258,0.7965898908878649,False,0.03230833157624036,0.024929562865012744,0.09685184447302116,0.07499999999999996,0.0743759621482963,0.075,0.9609458492130726,0.6450140087652412,1.517565830330318,0,0.9428550897312598,0.792612529817046,0.6080537144426017,1.4620019565986195,0,,0,1
S0_null,1500202,0.8831298339925773,,,,-0.9176393024245018,0.45664195691006676,0.05181576559463691,40,0.6009907040609206,0.4807125696147646,True,0.49372625862330555,0.3635557881504261,True,0.09626944287627712,0.0662440814836736,0.023290036687014213,0.0,0.008700382961356227,0.0,0.6456831336519693,0.5133414923208758,1.5192972229103414,1,0.8364738859266388,0.5344380541685088,0.4701193296021077,1.48832119374756,1,0.0,0,1
S0_null,1500203,0.9572833265666316,0.6389286166385905,1.4342625192523382,0.8323946967315347,-0.415952800873436,0.5117520998250378,0.42153131246779035,40,0.3223400218319601,0.4893956504436039,True,0.5325402685435644,0.42372889151932813,True,0.14127090331848946,0.10790392187490098,0.2572824497445272,0.17499999999999993,0.2726804591866725,0.175,0.8323946967315347,0.6389286166385905,1.4342625192523382,0,1.0914932041607213,0.6706069866786089,0.7291385971416678,1.6339244958356847,0,,0,1
S0_null,1500204,0.8564238114647967,0.5019888359264447,1.4611116669362785,0.569582316508399,0.49818401937045986,0.509291940554028,0.3343334458004804,40,0.3042488147696438,0.2541459082596216,False,0.18635218804175802,0.32163632837612255,False,0.9700892596074957,0.7647135791476861,0.0496806692915079,0.025000000000000022,0.06567411311702892,0.025,0.569582316508399,0.5019888359264447,1.4611116669362785,0,0.7913874732867304,0.46665369143093416,0.42150425284884885,1.4858548369136955,0,,0,1
S0_null,1500205,0.8268397934627407,0.5180449109868912,1.319700337855085,0.425402019436494,-0.3277486910994778,0.5375073444722512,0.5457497378504835,40,0.9678577511754188,0.7963547683559006,False,0.8369922160654434,0.7754659732121271,False,0.7037181702351731,1.0,0.053481779532600006,0.050000000000000044,0.017521291143505167,0.05,0.425402019436494,0.5180449109868912,1.319700337855085,0,0.6867826389994411,0.12405697660189072,0.42546507501322883,1.1085995559479733,0,,0,1
S0_null,1500206,0.8845754287183024,,,,0.2997992735614585,0.47013715865888817,0.5276058057945012,40,0.8128196735882491,0.8387465635211696,True,0.06444409791744277,0.11514203984653767,False,0.3818817044943429,0.496385574123853,0.016919683306434393,0.0,0.030615155837911714,0.0,0.6809544929449142,0.48602472748597664,1.6099462534336697,1,0.9006368800252383,0.7503007837111301,0.46527566136765486,1.743368194410319,1,0.0,0,1
S0_null,1500207,0.9901995637079526,0.6258028771634062,1.566779591061864,0.9664454293297291,0.263836394872472,0.4706011148484613,0.5784244384250086,40,0.5865652352760775,0.8812710834620251,True,0.0024819947075918774,0.005452173182407185,False,0.7955188456864586,0.6230651030876575,0.057635012735358405,0.050000000000000044,0.06323483829154,0.05,0.9664454293297291,0.6258028771634062,1.566779591061864,0,1.0304654252482939,0.8998278342961857,0.6458026835027282,1.6442467951244755,0,,0,1
S0_null,1500208,1.4942373630855494,0.9954647401950572,2.242917510873724,0.0526196896907652,0.3829014965378597,0.5042872762612552,0.45248821637554565,40,0.2545608052857873,0.5320473086235509,True,0.6629344063341054,0.4469914207818042,False,0.31888285613122647,0.369130322597066,0.05004697972219608,0.050000000000000044,0.04010243385614931,0.05,0.0526196896907652,0.9954647401950572,2.242917510873724,0,1.5692479708440668,0.044451752383893324,1.0112371389454327,2.435174796454051,0,,0,1
S0_null,1500209,0.7148454494010312,,,,-1.43678495986481,0.476521471729881,0.004621458811196151,40,0.55004862175862,0.7551081243071067,True,0.125297753379587,0.2272282090794424,False,0.6782436568360752,0.7858317894738996,0.02550655029291358,-0.025000000000000022,0.0414069212922549,-0.025,0.3429849401174882,0.3523965238628267,1.4500824552068368,1,0.699155175502284,0.3731711617593495,0.3130487745634139,1.5614753966481678,1,0.0,0,1
S0_null,1500210,1.3060937229522716,0.8286144460426119,2.0587147874170655,0.2500596485096094,0.7965276991050172,0.5032095603081737,0.12195697548453352,40,0.6673591904911934,0.85997520650156,False,0.930566826299238,0.8280549833384541,False,0.5714112777745501,0.4229407570401281,0.2131554540555511,-0.15000000000000002,0.25017331520170877,-0.15,0.2500596485096094,0.8286144460426119,2.0587147874170655,0,1.3824724506615766,0.17349982027796995,0.8671712339775034,2.203982330077854,0,,0,1
S0_null,1500211,1.2104311265730203,0.7418551337259816,1.9749725324648226,0.4445389693702798,0.22994404784873546,0.4365572940146712,0.6015308673366552,40,0.8879113907026548,0.9458476023661688,True,0.7580166781017987,0.7442057755040739,False,0.3508493532211955,0.40739107584791534,0.2672109463112182,-0.17499999999999993,0.2096956861192004,-0.175,0.4445389693702798,0.7418551337259816,1.9749725324648226,0,1.2362508303346804,0.4161765810855016,0.7414427607988161,2.0612732314718514,0,,0,1
S0_null,1500212,0.8820740583354021,0.5470643984962954,1.4222359315044246,0.6066781798886263,0.4494515435938024,0.5658019386868457,0.4320504839177744,40,0.1273529210483305,0.1541132803608207,False,0.4486773310299753,0.4004579136607005,True,0.5435891483234987,0.7854848100105869,0.06099766051891281,-0.050000000000000044,0.017521291143505167,-0.05,0.6066781798886263,0.5470643984962954,1.4222359315044246,0,0.9023254196108332,0.6981540053980009,0.5367524464270899,1.5168839346621639,0,,0,1
S0_null,1500213,1.4069057545125194,0.8940115292413235,2.2140472883612445,0.1400292958116502,-0.22031815956926126,0.624643434881465,0.7263070687643457,40,0.39040900009257173,0.5236204500276707,False,0.21807851604646955,0.09227566900112043,False,0.41968374226984106,0.42053504212683,0.0655504364978882,0.07499999999999996,0.007635680626078106,0.075,0.1400292958116502,0.8940115292413235,2.2140472883612445,0,1.4622770567245118,0.14198237265430533,0.8805655841084016,2.4282736336873145,0,,0,1
S0_null,1500214,1.165979109282717,0.7859106035897265,1.7298497781732811,0.4454767595990917,-0.6345124716553311,0.5172548662791183,0.22768741626996458,40,0.10426119298878453,0.04305059367724959,True,0.12717239174638184,0.1461899865914779,False,0.2950663787632186,0.28814381997573835,0.05059187744782916,-0.04999999999999993,0.055653255970699776,-0.05,0.4454767595990917,0.7859106035897265,1.7298497781732811,0,1.1798886015358763,0.4225215912054887,0.7875616598866102,1.7676547538318712,0,,0,1
S0_null,1500215,1.3025947525326529,0.8694818073553714,1.9514532391269606,0.199905504692501,-0.029904415111513316,0.4666059995622449,0.949244192047967,40,0.2571657751084814,0.3350494434334068,False,0.18391422335759422,0.2433249460164998,False,0.09626944287627712,0.15005510185192034,0.08045945422914626,0.07500000000000001,0.10851156076691325,0.075,0.199905504692501,0.8694818073553714,1.9514532391269606,0,1.3917039613414302,0.13366914032252225,0.9035578932401885,2.143570357254981,0,,0,1
S0_null,1500216,0.8470311101481168,0.5342209776427151,1.3430054819722685,0.4802232823702246,0.1999999999999993,0.5273579967747345,0.7066708447643666,40,0.07924319938649121,0.23830822744116953,False,0.17679103220049297,0.34201517188033526,True,0.13466878859385836,0.29494275485962784,0.029723812350840245,-0.02499999999999991,0.02319930679535069,-0.025,0.4802232823702246,0.5342209776427151,1.3430054819722685,0,0.7896304906807218,0.32975166346745244,0.4910682227384938,1.2697142330561988,0,,0,1
S0_null,1500217,0.9947896762409538,0.6268153326236925,1.5787847687345744,0.9823142855331055,-0.5499999999999998,0.44081436403320184,0.21998343505597934,40,0.0905697426878089,0.12872278555552716,True,0.9701911941675132,0.9351278471389146,False,0.07234011593943383,0.04236184289105404,0.12116119162179342,-0.125,0.1308595450857383,-0.125,0.9823142855331055,0.6268153326236925,1.5787847687345744,0,0.9502544625347482,0.8356671883519807,0.5867629343256207,1.5389239686808467,0,,0,1
S0_null,1500218,1.2994726404685975,0.8085459183880563,2.0884764920870977,0.2792095640677842,0.020362785254534277,0.46210359732396306,0.9650892240676875,40,0.8810765816784977,0.8175769069787158,False,0.7087842319735201,0.828206733914353,True,0.3050112293671261,0.23107854630564373,0.09954727763482439,0.09999999999999998,0.13806267595474211,0.1,0.2792095640677842,0.8085459183880563,2.0884764920870977,0,1.2449632364909033,0.40046159668962245,0.7470319984774496,2.0747885811757394,0,,0,1
S0_null,1500219,1.0917521025712897,0.6981358824809324,1.7072932123659839,0.7003867182058781,0.03708992010878889,0.5357183638929779,0.9451761967771034,40,0.5064776614533522,0.3638949020214859,True,0.8958240616876473,0.7141710040805411,True,0.866285291484826,0.623744342629678,0.5,0.25,0.5,0.25,0.7003867182058781,0.6981358824809324,1.7072932123659839,0,1.0804605944140742,0.7688741905278031,0.6448184646839629,1.8104244217847825,0,,0,1
S0_null,1500220,0.9356216656411689,0.5634883760003258,1.5535154556882098,0.7970136832169412,1.063299728576968,0.5065427775011937,0.042686861529998316,40,0.46825925790912803,0.3848512338002955,False,0.5377245756920782,0.7449976041099202,False,0.32869573623276926,0.39216501623012856,0.08511868977957945,0.09999999999999998,0.10968809608557809,0.1,0.7970136832169412,0.5634883760003258,1.5535154556882098,0,0.9525947721419733,0.8579014151003825,0.5597868054499814,1.6210399942935063,0,,0,1
S0_null,1500221,0.7459964087338204,0.4701498526871921,1.183687793717175,0.213483273021553,-0.7202558354213322,0.44089997416880733,0.11082405811897464,40,0.20460952918478825,0.2722255729721508,False,0.2766077363058439,0.32821826796782305,True,0.7259737223334831,0.7961566341986757,0.03462702517919233,0.0,0.03557148962562426,0.0,0.213483273021553,0.4701498526871921,1.183687793717175,0,0.8056859701149848,0.3867882264748158,0.49392765915137965,1.3142205552031618,0,,0,1
S0_null,1500222,1.1582938306347006,0.7338998201340562,1.8281031842211648,0.5279428043039939,0.6499999999999994,0.5082132542796263,0.20886398677329956,40,0.8276024022312981,0.7967024608655449,False,0.8518097163115469,1.0,False,0.8439881360426349,0.8807890589392644,0.043001742254447826,-0.025000000000000022,0.0414069212922549,-0.025,0.5279428043039939,0.7338998201340562,1.8281031842211648,0,1.2599955045108708,0.34200059992447496,0.7822464554601206,2.0295249154613013,0,,0,1
S0_null,1500223,0.9759934377852921,0.637038946845802,1.4952982000808892,0.91111339365976,-0.734388884049133,0.49101011652903126,0.1432213195538495,40,0.4327274461976699,0.31591971479387626,True,0.7018645395546592,0.5683256665684879,False,0.6134690637519455,0.5299372370779376,0.03392123698374555,0.025000000000000022,0.012390771509656994,0.025,0.91111339365976,0.637038946845802,1.4952982000808892,0,1.1550722199933745,0.5608983246368786,0.710535642614054,1.877726820982468,0,,0,1
S0_null,1500224,1.445516108357935,0.8832089441861841,2.3658238894394517,0.14268063485061985,0.47053140096618407,0.575593864043085,0.41889231062017324,40,0.2760221734421392,0.49736359021757537,False,0.4217710289342266,0.32924518224414656,False,0.07510455258249442,0.0248199397635029,0.03397016272426707,-0.025000000000000022,0.0414069212922549,-0.025,0.14268063485061985,0.8832089441861841,2.3658238894394517,0,1.5090367338863357,0.12029289109288205,0.8979473026631198,2.5359972210670665,0,,0,1
S0_null,1500225,1.6785704739736387,1.0380318990462507,2.7143663298641503,0.03467080411271828,0.23938239422498575,0.5043367081009854,0.637827549430816,40,0.08324367021559217,0.12881295127011413,False,0.6430473956182605,0.559892892686259,True,0.8102108220559133,0.7749161336696196,0.1362276150167422,-0.125,0.08565825367350988,-0.125,0.03467080411271828,1.0380318990462507,2.7143663298641503,0,1.6688843223071883,0.047829249122428356,1.0049082829435936,2.771571225469795,0,,0,1
S0_null,1500226,1.308315936119631,0.7943858809555716,2.154734405205671,0.29110044360053633,0.0355018587360591,0.4712675206710465,0.9403558452770852,40,0.42053344190931274,0.27746338178487084,False,0.5193604406671627,0.85997520650156,False,0.6522804580088386,0.5498601737341215,0.11758390007036106,-0.09999999999999998,0.11978503962277386,-0.1,0.29110044360053633,0.7943858809555716,2.154734405205671,0,1.169569343779124,0.6202291573959753,0.629450002586038,2.173155046926792,0,,0,1
S0_null,1500227,1.1952849470151974,0.7797535015234467,1.832253528544319,0.41307805602872816,1.0687037037037055,0.5859604545393089,0.07626018394292977,40,0.1003987180779636,0.2220927573088426,True,0.5856020209051831,1.0,True,0.6869230818706997,0.7138998453159333,0.8264556220802843,0.35,0.8814401307953024,0.35,0.41307805602872816,0.7797535015234467,1.832253528544319,0,1.146270089106187,0.5371604747405083,0.7430023471016486,1.7684131447296079,0,,0,1
S0_null,1500228,1.3114265566547854,0.8694454235957911,1.9780880626027513,0.19606663982788508,0.6671911695631763,0.48681716539607117,0.1787835701764536,40,0.17869100762203782,0.14255145605464248,True,0.9826066677679626,0.7863245671556351,True,0.9130335438609781,0.9133618602159203,0.036214903254257996,0.07499999999999996,0.04481321300021269,0.075,0.19606663982788508,0.8694454235957911,1.9780880626027513,0,1.3023070034108077,0.2702948454294899,0.8142555690896712,2.082888463420583,0,,0,1
S0_null,1500229,1.210565407086258,0.7173931118465183,2.0427692720130897,0.4741093924152797,-0.35000000000000014,0.4712120986956926,0.4623138065928164,40,0.6406570234372005,0.6835457908695712,True,0.2859420196235122,0.20740613134119656,False,0.9402624399192974,0.7034879943471776,0.029723812350840245,-0.02499999999999991,0.0352330639291004,-0.025,0.4741093924152797,0.7173931118465183,2.0427692720130897,0,1.2173288521336838,0.48058104020177395,0.7048393608907568,2.102450028279267,0,,0,1
S0_null,1500230,1.316587166980238,0.8005363052565008,2.165300632682297,0.27857292527772837,-0.5134788189987165,0.6022692450889922,0.3993811725030362,40,0.7322547101530132,0.9351705666183404,True,0.4441859487971628,0.27753148588719756,True,0.5322492635451239,0.2767586089063885,0.2288450181204449,-0.17500000000000004,0.22637874418374768,-0.175,0.27857292527772837,0.8005363052565008,2.165300632682297,0,1.2278679515931799,0.45347599235137037,0.7178914039714326,2.100122244407911,0,,0,1
S0_null,1500231,1.0078865966247257,0.6390997200451702,1.5894786991675967,0.9730380262853271,0.511466666666667,0.5952612080640107,0.39574610236135194,40,0.08524079068164889,0.05426520179866219,False,0.5497352038243507,0.4240345364013872,True,0.9036842438231576,0.9891707444678289,0.08040861366323528,-0.09999999999999998,0.09888517876815865,-0.1,0.9730380262853271,0.6390997200451702,1.5894786991675967,0,1.069363955793964,0.7971868001358351,0.6412034953011695,1.7834264446955352,0,,0,1
S0_null,1500232,0.9106298257777984,0.570984670198226,1.4523098830450525,0.6942447109911688,-0.5311346295840518,0.6021306816073956,0.38342197120452626,40,0.9678870518066629,0.8707382265839123,False,0.28687500357986984,0.35666564844971227,False,0.7165029052613134,0.7139257031868542,0.030471780461411142,-0.050000000000000044,0.03231112320566666,-0.05,0.6942447109911688,0.570984670198226,1.4523098830450525,0,0.8237359738008364,0.4405317678002232,0.5032621714125046,1.3482852339748745,0,,0,1
S0_null,1500233,1.1041846096572654,0.7438788255579554,1.6390084114700727,0.6228729411491107,0.5696768402154384,0.47020820871896557,0.2333688913332543,40,0.45649475311957943,0.6349586144439148,True,0.831217047628708,1.0,False,0.9432091296903473,0.7853853629353267,0.270870238911624,0.17500000000000004,0.2096956861192004,0.175,0.6228729411491107,0.7438788255579554,1.6390084114700727,0,1.121169613054465,0.6366240846243159,0.6975864321030599,1.801957783850631,0,,0,1
S0_null,1500234,1.0866601546162145,0.6737412287269405,1.7526466264529459,0.7332826367385724,2.220446049250313e-16,0.4525633847639104,0.9999999999999996,40,0.15545019128394744,0.24835713223966938,True,0.10007280752250731,0.09236800697973953,False,0.18178847768086892,0.1655648492849069,0.043835218093970986,0.025000000000000022,0.012390771509656994,0.025,0.7332826367385724,0.6737412287269405,1.7526466264529459,0,1.150253788744071,0.6098167956543934,0.6719127699039742,1.9691302767012104,0,,0,1
S0_null,1500235,0.9586283926469528,0.6141741781017498,1.4962667398834137,0.8524445566083704,-0.6875428082191763,0.5090252699707533,0.18499343006797753,40,0.034423922512577594,0.027012686193233076,False,0.44427827775905815,0.34169565975293437,True,0.029245299269407145,0.05378886468249055,0.04678555606129735,-0.025000000000000022,0.0414069212922549,-0.025,0.8524445566083704,0.6141741781017498,1.4962667398834137,0,0.9874537347813164,0.9623154789847874,0.5848692839165415,1.6671500883139354,0,,0,1
S0_null,1500236,1.1509000332792492,0.6996888021206408,1.8930857298096269,0.5799145402599828,-0.9597169440440301,0.5895541913518891,0.11203968867202155,40,0.9850942962791378,0.9350942225251253,True,0.8090902335885646,0.9891850382970008,False,0.28481657872995114,0.31392879142061814,0.08959778263016852,0.07500000000000007,0.12322937104739655,0.075,0.5799145402599828,0.6996888021206408,1.8930857298096269,0,1.1784185821345683,0.557998447758669,0.6803824143082747,2.0410144729150117,0,,0,1
S0_null,1500237,0.6534450937299929,0.4133000674790333,1.0331246571631894,0.06867782142634647,-0.28437917222964065,0.5645592167957368,0.6174450245611539,40,0.5133653859579521,0.377828873405595,True,0.39011968508585637,0.40763494917079424,True,0.8875826542941636,0.859646911270782,0.030893746784618613,0.025000000000000022,0.0352330639291004,0.025,0.06867782142634647,0.4133000674790333,1.0331246571631894,0,0.6285881010997281,0.05751567649893437,0.3893138887969387,1.0149214097271861,0,,0,1
S0_null,1500238,0.7200809314707459,0.43183337162285557,1.2007329260338566,0.2081157014867725,-0.4041633802816911,0.5028596901981558,0.4266866582914703,40,0.029675205266778547,0.07751202896166641,True,0.11113381883076724,0.21645567183587933,True,0.44288858053674773,0.3757022044740205,0.030834080808223883,-0.025000000000000022,0.0414069212922549,-0.025,0.2081157014867725,0.43183337162285557,1.2007329260338566,0,0.6837282747194614,0.17668011663259187,0.3938666611306987,1.1869101901359547,0,,0,1
S0_null,1500239,1.0201765140377546,0.6492744862412712,1.6029585974020193,0.9309557321020105,0.07168006653728967,0.5656081777656143,0.8998395541544921,40,0.6628592788593962,0.5778234535686466,False,0.08238211829724876,0.06310785502825494,True,0.4889487843069731,0.3989416580185835,0.40117155584508407,-0.22499999999999998,0.40769496471582484,-0.225,0.9309557321020105,0.6492744862412712,1.6029585974020193,0,1.007192059282743,0.9742740232238035,0.6515619126782725,1.5569293179098382,0,,0,1
S0_null,1500240,1.0149867346917811,0.6800090525577001,1.5149769958582568,0.9419705761647256,-0.195228891149541,0.6184748710619484,0.7540329273132159,40,0.519445099652506,0.3087628123306314,False,0.16313540055707187,0.09262960733366694,True,0.18427713484377006,0.17352731449543624,0.1743307959649956,0.12499999999999994,0.1913872014243856,0.125,0.9419705761647256,0.6800090525577001,1.5149769958582568,0,0.944809619978928,0.8369361188375722,0.5428106572318303,1.64452411925191,1,0.0,0,1
S0_null,1500241,0.8557572062743454,0.5510476091333754,1.328960300258234,0.487930207222271,-0.3268498210781519,0.5979727583357956,0.5879373786064892,40,0.6698153575994166,0.7141194141833291,False,0.08882971688361953,0.06494310284459406,True,0.9128781523920801,0.9673611109532582,0.07598125746089085,-0.09999999999999998,0.08733606889123373,-0.1,0.487930207222271,0.5510476091333754,1.328960300258234,0,0.7982880715825902,0.35318000214772705,0.49615287192291385,1.2844102721027097,0,,0,1
S0_null,1500242,1.468990371640845,0.9065772797220937,2.380307515135401,0.11836232593250785,0.010769366352339937,0.5483281752252519,0.9844357961514602,40,0.08349382746551662,0.06733933619779357,True,0.5416256843083449,0.5678490202692115,True,0.15224582700097042,0.2895840471426928,0.14577672915574044,-0.125,0.1308595450857383,-0.125,0.11836232593250785,0.9065772797220937,2.380307515135401,0,1.497103240879341,0.11624852274093717,0.9048361415439994,2.477043092052969,0,,0,1
S0_null,1500243,1.0268073552183186,0.6419018455142076,1.6425148986537728,0.9121149973336775,0.6766514532788863,0.4478115902039227,0.13927811901255088,40,0.6673591904911934,0.5967414303031273,True,0.420580540548002,0.5147250434726878,False,0.31219520331542816,0.2652216049672895,0.05011841612656481,-0.050000000000000044,0.040102433856149304,-0.05,0.9121149973336775,0.6419018455142076,1.6425148986537728,0,1.005175796643721,0.9831525103516512,0.6225116359651951,1.6230674637780256,0,,0,1
S0_null,1500244,0.8526273958745295,,,,0.3827586206896554,0.531661590444914,0.4760921369310014,40,0.5063052927941951,0.5598743929014759,True,0.33369734923522576,0.30256223275551064,False,0.47905119104385063,0.7340770147183895,0.04279509941283224,-0.04999999999999993,0.03231112320566666,-0.05,0.5821288804801269,0.47683577611971856,1.524578298448104,1,0.8297527778822407,0.5467716281644722,0.44593086062465725,1.5439381599175772,1,0.0,0,1
S0_null,1500245,1.2456949744864578,0.7411624247058972,2.093678683288044,0.40694028030803664,0.28914712153517946,0.48231176923517993,0.5524915283535465,40,0.4684848450056527,0.3565750044965589,False,0.26259749441976243,0.24911674553989294,True,0.8076705648908361,0.6533481429888104,0.05925608753297147,0.050000000000000044,0.09139198887083047,0.05,0.40694028030803664,0.7411624247058972,2.093678683288044,0,1.1844635126937177,0.5306603470614643,0.6977449916423348,2.0106970737267535,0,,0,1
S0_null,1500246,1.202787451036185,0.769263142110878,1.8806278023412728,0.41813258923563956,0.5247391952309979,0.6135041565529122,0.39788178590961176,40,0.6139897182662934,0.8177627365077902,True,0.7943328171068857,0.7238292799330359,True,0.9037232059544468,0.8811818471540613,0.14799294087140072,0.125,0.15457597185817973,0.125,0.41813258923563956,0.769263142110878,1.8806278023412728,0,1.2203871516632794,0.38166959036498105,0.7811016535511801,1.9067233991551467,0,,0,1
S0_null,1500247,1.9994799662461733,1.1357640151532538,3.5200271201410986,0.01634461104865959,-0.29577017114914295,0.47165760064740764,0.534453176236156,40,0.00836463984662755,0.013558671774781175,False,0.7936984765305012,1.0,True,0.2769472119454508,0.5232475311447671,0.2517981526748451,0.17499999999999993,0.25269124788734765,0.175,0.01634461104865959,1.1357640151532538,3.5200271201410986,0,1.9901824944859023,0.013762061176622894,1.1510258278219667,3.441127267190015,0,,0,1
S0_null,1500248,1.226598235675685,0.7380940052747927,2.038416815487563,0.43062260901791927,0.12732711595988047,0.517474167060368,0.8069995451277403,40,0.545925247323124,0.6158959204895247,True,0.32229783806668066,0.5779851084440545,False,0.19765804801411346,0.16403840125604385,0.13005866383019038,0.125,0.14326057979794618,0.125,0.43062260901791927,0.7380940052747927,2.038416815487563,0,1.3224987354802895,0.305179043582693,0.7750977210033803,2.2564934174788225,0,,0,1
S0_null,1500249,0.8415171789320539,0.5490317802900195,1.2898181632831707,0.4284073003719677,-0.5099355146883195,0.4065982226598827,0.21765293409034567,40,0.5730913103106472,0.6840546565420003,False,0.4681689437639027,0.5586669086007473,True,0.5264493271277506,0.247168959459807,0.24496977985905175,-0.175,0.2263787441837476,-0.175,0.4284073003719677,0.5490317802900195,1.2898181632831707,0,0.8249736636845276,0.3807680404239334,0.5365198518211178,1.2685113951757114,0,,0,1
S0_null,1500250,0.8455517858986324,0.5729821563746641,1.2477837480315304,0.39811641897965455,-0.8091988130563792,0.5785567891890142,0.17024439504074912,40,0.5132184316761981,0.3933931334883982,True,0.5866062854141469,0.828206733914353,False,0.17479692046280404,0.4128371996601433,0.04188215556549286,0.02499999999999991,0.06567411311702892,0.025,0.39811641897965455,0.5729821563746641,1.2477837480315304,0,0.8359360165856707,0.3726181375469003,0.5637488747978124,1.2395395451134836,0,,0,1
S0_null,1500251,1.7033017612527774,1.079279212148536,2.6881244975628515,0.022155692826070356,-0.27614936550863556,0.4992135090541849,0.583474999137798,40,0.8561241262486957,0.8386789722870377,False,0.2270595957633259,0.178794182002742,False,0.41920091677824245,0.5498979603823003,0.32194354785856305,0.20000000000000007,0.30909351773576077,0.2,0.022155692826070356,1.079279212148536,2.6881244975628515,0,1.577236251477483,0.08901121284983406,0.9328741527732053,2.6666771563768794,0,,0,1
S0_null,1500252,0.9907270155610945,0.6569670685168513,1.494047519883284,0.9645472229614599,-0.29059152305542396,0.541492765831548,0.5947224801161882,40,0.7935928609121339,0.713835169975263,True,0.4457119238931121,0.5047951873543377,True,0.22125957323328171,0.4385509238442088,0.032624061072276486,-0.02499999999999991,0.02319930679535069,-0.025,0.9645472229614599,0.6569670685168513,1.494047519883284,0,1.0464298415648132,0.8390997441364739,0.6752294195139543,1.6216938742177098,0,,0,1
S0_null,1500253,1.1912028910858465,0.8106220227783052,1.7504635796446257,0.37298305207129623,-0.7000000000000007,0.567597815353575,0.22525376038996048,40,0.6290234494329606,0.6941407043090282,True,0.43252308221564706,0.3636010334647778,False,0.7908889168396644,0.9564160889273295,0.014031675830079556,0.025000000000000022,0.017563739731861275,0.025,0.37298305207129623,0.8106220227783052,1.7504635796446257,0,1.2010410618550826,0.4574602144217915,0.7408013112135987,1.9472152794908617,0,,0,1
S0_null,1500254,1.0430239209588064,0.673845718383497,1.6144628807645565,0.8501076030761364,-0.12765734696391262,0.4277376799512781,0.767031162693918,40,0.5730524628113585,0.8071856920205254,False,0.4456579243744325,0.5056229371722692,True,0.18870962242226375,0.25900886400934764,0.14921113660555044,-0.125,0.1308595450857383,-0.125,0.8501076030761364,0.673845718383497,1.6144628807645565,0,0.9981241241215655,0.9939485798581678,0.6144072115690149,1.6214844949643559,0,,0,1
S0_null,1500255,0.772771557286149,0.5251686895282338,1.1371124967235025,0.1908819178904978,-0.3730183965478074,0.6398484853578656,0.5634438396809289,40,0.6724726297711863,0.9351736147813096,False,0.5014048723572946,0.8174074768676383,False,0.5992026224493587,0.7139644768616713,0.049160583905598555,-0.024999999999999967,0.047582390994191696,-0.025,0.1908819178904978,0.5251686895282338,1.1371124967235025,0,0.6679002755737564,0.13907012324257953,0.3889806716417364,1.1468199081170891,1,0.0,0,1
S0_null,1500256,1.0777716344571873,0.7232080744405072,1.6061652753796412,0.7129149984029265,-0.15720876585928434,0.5205405766389767,0.7643351335682921,40,0.1042309962867651,0.12928157514053168,False,0.4484228516453874,0.455870832172234,True,0.7764717229209694,0.6247645651954272,0.1599818689018358,0.125,0.15457597185817973,0.125,0.7129149984029265,0.7232080744405072,1.6061652753796412,0,1.2132385946619715,0.40903834615292267,0.7667536373033443,1.9197142549648198,0,,0,1
S0_null,1500257,1.1886430834342763,0.7104459659781898,1.988711946376958,0.5104756340440264,0.11332321443629434,0.5085822297494691,0.8248997310676468,40,1.0,0.8708528487535386,True,0.03232894158959004,0.2597532005678669,False,0.27636390923439935,0.11745480148682806,0.15461429091886164,0.12499999999999994,0.11722504994521371,0.125,0.5104756340440264,0.7104459659781898,1.988711946376958,0,1.0800268017440071,0.7790159908634819,0.630810431475225,1.8491417298814934,0,,0,1
S0_null,1500258,1.3278314663889634,0.7822389272560822,2.2539614709758182,0.293593986676121,-0.05879712746858301,0.5705038099499352,0.9184705349165336,40,0.08346255783847734,0.05100299970383521,True,0.9256206863321941,0.8814766747866497,True,0.8659945846522028,0.9891512547361204,0.10610279526868148,-0.125,0.11722504994521371,-0.125,0.293593986676121,0.7822389272560822,2.2539614709758182,0,1.4066123403315751,0.23649875257410002,0.7995494700286735,2.4745914419805892,0,,0,1
S0_null,1500259,0.7423026501597817,0.4154980427016108,1.3261511915952502,0.31416280582316314,-0.9089087656529505,0.4920433313872148,0.0727247119167494,40,0.6790011752236758,0.5966721317548409,False,0.21123829114546755,0.5393266730792479,True,0.5848420394486811,0.7959768708450214,0.036001145705227396,0.02499999999999991,0.05370801749285708,0.025,0.31416280582316314,0.4154980427016108,1.3261511915952502,0,0.7187859376020899,0.28401733918102334,0.3928756446813384,1.3150553644361767,0,,0,1
S0_null,1500260,1.4408361158750624,0.9054067886737641,2.2929016424218167,0.12337709367291674,-0.20392448691837828,0.5661561987848759,0.7207522022165137,40,0.24281911609447027,0.3029269619232019,False,0.5374406797463458,0.4006133659781528,True,0.5692210769682698,0.6247809526425905,0.045916963505995834,0.050000000000000044,0.024706122142071883,0.05,0.12337709367291674,0.9054067886737641,2.2929016424218167,0,1.4419830778119707,0.1308844231492866,0.8968435840758449,2.3184814315628075,0,,0,1
S0_null,1500261,0.9653638019330831,0.6066731023504814,1.536127556128758,0.8817634280841266,-0.32408927655207836,0.5183280409858932,0.5356386924177733,40,0.40067045734650597,0.31594250441054983,True,0.7935067069237305,0.6061516349666229,False,0.7619727273124004,0.8703925202678047,0.10535329322236003,-0.10000000000000009,0.09888517876815865,-0.1,0.8817634280841266,0.6066731023504814,1.536127556128758,0,0.902317114565067,0.6906000615548661,0.5439345713567972,1.4968274092344176,0,,0,1
S0_null,1500262,0.9862900364352951,0.6132127501054958,1.5863467219234806,0.9545982627828291,0.2880628272251309,0.5541807327910894,0.6062995117002207,40,0.1021457608201883,0.05751252212436668,False,0.5458845697561467,0.21144925456940267,True,0.6941962702174402,0.6242883957965049,0.06511438214236646,0.050000000000000044,0.040102433856149304,0.05,0.9545982627828291,0.6132127501054958,1.5863467219234806,0,0.8485381809555312,0.5151230487797838,0.5174678763809899,1.391423656237172,0,,0,1
S0_null,1500263,1.0878040375874916,0.6701025677278202,1.7658753766666422,0.7335029449691763,0.8264071190211353,0.48140790696521385,0.09440587329844588,40,0.4191626796987157,0.4082543960442677,False,0.7934453112050902,0.8491805898314223,False,0.7038775170577387,0.9348326208064559,0.06843475510738067,0.07499999999999996,0.10058623154071403,0.075,0.7335029449691763,0.6701025677278202,1.7658753766666422,0,1.0618967740744811,0.8168999535858191,0.6386933783152934,1.7655181610997284,0,,0,1
S0_null,1500264,1.1134342660128784,0.7469989245135541,1.6596220209272106,0.5977598239293862,-0.3683382789317493,0.5333427610052218,0.49411307803797483,40,0.6431484859953265,0.49785048928722275,False,0.8562538972967371,0.7245041457584527,True,0.23979422780760307,0.3007994877526474,0.024836474664744524,0.0,0.01656628160682895,0.0,0.5977598239293862,0.7469989245135541,1.6596220209272106,0,1.1716322306760953,0.4757316174757793,0.7581234886962663,1.8106840170849905,0,,0,1
S0_null,1500265,0.8462908200821708,0.569566124232085,1.257462692538075,0.40878044444488637,-0.07302353651176921,0.5948484604186064,0.9029616229350971,40,0.6005389945021454,0.5865688850013832,True,0.40067045734650597,0.3423797863303468,True,0.3587374102348233,0.3914696065991682,0.036880102732542046,0.025000000000000022,0.02319930679535069,0.025,0.40878044444488637,0.569566124232085,1.257462692538075,0,0.9659319645382635,0.8693871377209468,0.6390292210499927,1.460065564112531,0,,0,1
S0_null,1500266,0.8789066164242462,0.5337943754325613,1.4471430872015816,0.6119284637011414,0.9999999999999998,0.5545574998568655,0.0794991154702673,40,0.5868685636937749,0.45580711773801674,False,0.4075888305012898,0.43941629034295226,False,0.1830243569513792,0.1316421207287607,0.04963790712848129,0.025000000000000022,0.03523306392910041,0.025,0.6119284637011414,0.5337943754325613,1.4471430872015816,0,0.9036270080833965,0.721297654084337,0.5178208076724571,1.5768809550315461,0,,0,1
S0_null,1500267,0.9674062971932511,0.6100629296538687,1.5340629603246736,0.8879765252490195,-0.7679409048938103,0.5951824869846257,0.20496554575926845,40,0.9132599547277199,1.0,False,0.913239444958166,0.806855174958897,True,0.16629550367722357,0.12078409822498241,0.04173357659711863,0.02499999999999991,0.007884793234706604,0.025,0.8879765252490195,0.6100629296538687,1.5340629603246736,0,0.9738862490327143,0.9199039751586018,0.5814551075507043,1.6311739526207574,0,,0,1
S0_null,1500268,0.966331131046685,0.6053938192755834,1.542460172367384,0.8858586227970355,0.08519394512772327,0.47381586881752724,0.8582876384004617,40,0.13505049929468538,0.22771041829812944,True,0.35423062884370704,0.4475491875765637,False,0.15374717299644314,0.4365674794793757,0.1299077541423309,0.125,0.11722504994521371,0.125,0.8858586227970355,0.6053938192755834,1.542460172367384,0,0.9877116745232302,0.9619814162912026,0.5940682664948215,1.6421923321130423,0,,0,1
S0_null,1500269,1.0406508223516875,0.642641018919414,1.6851618589211836,0.8712881300284736,0.5845056320400509,0.49101744928047913,0.24147220755519824,40,0.47691816671766996,0.25909919369837664,True,0.5880242708086292,0.5967414303031273,True,0.4304617021391166,0.4535846473292888,0.08721087127992135,0.07499999999999996,0.0743759621482963,0.075,0.8712881300284736,0.642641018919414,1.6851618589211836,0,1.183588267994645,0.5398874817246058,0.6904742601870276,2.028868082287541,0,,0,1
S0_null,1500270,1.597376158021731,1.0319599678862457,2.4725867956319147,0.03563268226219021,0.32971774697139944,0.5271524576460919,0.5355021280508353,40,0.7109551611893403,0.5414792875044478,True,0.5867927939198396,0.4721686469533879,False,0.6420997329910199,0.4452430654810613,0.08810173576758508,-0.09999999999999998,0.034464729198532246,-0.1,0.03563268226219021,1.0319599678862457,2.4725867956319147,0,1.87940787988316,0.01609116315041676,1.1242874857074296,3.1416999867648463,0,,0,1
S0_null,1500271,1.3098701102548747,0.8554276674964789,2.0057332383935083,0.21436160824805273,-0.6288776891830923,0.47293470831571716,0.19174572006378388,40,0.5860026853061794,0.9675431878628509,True,0.7473270990812141,0.7550633977941379,True,0.16378664604606996,0.2309012850927955,0.0665242675003778,0.07500000000000007,0.0743759621482963,0.075,0.21436160824805273,0.8554276674964789,2.0057332383935083,0,1.3479716535005977,0.1723207067195186,0.8779030234884454,2.0697360984371302,0,,0,1
S0_null,1500272,1.534113198917487,0.9985598987516172,2.3568974780933574,0.05077388386829547,0.5044269418794134,0.38295877910422704,0.1958765635920235,40,0.5015540323300163,0.28419518932228904,True,0.7366765096829349,0.7859207410220204,True,0.3825063859779657,0.2796861341326239,0.050995168614125015,0.07499999999999996,0.03460576199081596,0.075,0.05077388386829547,0.9985598987516172,2.3568974780933574,0,1.4518791155850737,0.10715712121133113,0.9224363161030898,2.28520162256547,0,,0,1
S0_null,1500273,1.193135732496504,0.7061557510277431,2.015947436649907,0.5093429237104248,-0.04999999999999982,0.4730548734197833,0.9163945277251149,40,0.701633823635081,0.5149036795029348,True,0.48530290533397713,0.5232278797685685,False,0.2720137403825904,0.30201413782623665,0.032741607467769045,0.02499999999999991,0.0352330639291004,0.025,0.5093429237104248,0.7061557510277431,2.015947436649907,0,1.3111317557001019,0.33436612317842473,0.7564652334998562,2.272498992256144,0,,0,1
S0_null,1500274,0.9697724645321812,0.6069160560127249,1.5495695387322272,0.8978638310849144,0.11275381552753627,0.47786906742056695,0.8147717348037394,40,0.12111543617031198,0.1932688300665557,True,0.004633827866249681,0.02440076823817269,False,0.3422002930395478,0.6523126756798501,0.1733051411701047,-0.125,0.1913872014243856,-0.125,0.8978638310849144,0.6069160560127249,1.5495695387322272,0,0.875877829778481,0.600919170264468,0.5330659594005781,1.4391501823904118,0,,0,1
S0_null,1500275,0.8473762253667818,0.5343961340317874,1.343659546897365,0.4813768435062904,0.19978638999084408,0.5558484464365486,0.7213196933402166,40,0.8811178397347269,0.9241924498858237,True,0.5454771958710665,0.5968280034675164,True,0.23104366499396234,0.27630291733748347,0.20864145955163482,0.1499999999999999,0.18611765176727474,0.15,0.4813768435062904,0.5343961340317874,1.343659546897365,0,0.9781715002593521,0.9351636849977023,0.5747561741117546,1.664739809708576,0,,0,1
S0_null,1500276,0.5693475695666329,0.3396511886039742,0.954381041043232,0.03258801988786966,-0.3875085995086003,0.4948779208708978,0.43858782026382287,40,0.31337874536302657,0.21745378424259654,True,0.7936202583106537,0.8920002147127,True,0.5686391838058118,0.5486459855218937,0.16383942060850298,-0.125,0.1649384004605626,-0.125,0.03258801988786966,0.3396511886039742,0.954381041043232,0,0.508856128998193,0.015307484185337072,0.2947525910926466,0.8784810306812105,0,,0,1
S0_null,1500277,0.7838261607776057,0.4962780333741769,1.2379823586834773,0.29625934709872437,0.3475609756097567,0.5331620887924275,0.5185038492890216,40,0.8518863316687352,0.8814655890347607,True,0.7934763001462132,0.7858120074047363,False,0.7082253247944787,0.82766176329951,0.04244461887277111,-0.050000000000000044,0.017521291143505167,-0.05,0.29625934709872437,0.4962780333741769,1.2379823586834773,0,0.869082339159877,0.5722393972807075,0.5340407443954689,1.4143192634011539,0,,0,1
S0_null,1500278,0.6282899560053934,0.384032876662978,1.027902278178347,0.06425678254373604,-1.1783236994219635,0.5842064726940989,0.05099910299816869,40,0.9678805474803831,0.7346445038923476,False,0.39547203400960584,0.5150424835622732,False,0.8662389055075175,0.9132963040854284,0.21882107828953604,-0.15000000000000002,0.23590419354219264,-0.15,0.06425678254373604,0.384032876662978,1.027902278178347,0,0.6000298497074682,0.06713227577339129,0.347291415929489,1.0366965724631252,0,,0,1
S0_null,1500279,1.5754825582807943,1.001574486050521,2.4782433318911377,0.049209614679174944,0.4306466441924605,0.5031846080506654,0.39759370691758483,40,0.2537725448535918,0.28919620853461614,False,0.9678349062634422,0.8705748162041355,True,0.18194543861128132,0.21977139905070664,0.49999999999999983,0.24999999999999994,0.5,0.25,0.049209614679174944,1.001574486050521,2.4782433318911377,0,1.6313471475326105,0.05078137307985605,0.9983373941176545,2.6657255667708166,0,,0,1
S0_null,1500280,0.9794004348148903,0.5825545739824776,1.646584293653573,0.937409027290667,0.0006453766551682283,0.5843649804255777,0.9991247442438169,40,0.6146225343327252,0.7548842464724562,True,0.9839223507884575,0.9132634701666232,False,0.5746854422964973,0.5870999871174314,0.030803637299484342,0.0,0.030615155837911714,0.0,0.937409027290667,0.5825545739824776,1.646584293653573,0,1.020120832670983,0.9452228183221134,0.5778993198449546,1.8007401592521965,0,,0,1
S0_null,1500281,0.7373539590016508,0.49460360148864496,1.0992456569645301,0.13478022024484226,-0.2866396213657859,0.48714787214757005,0.559836287697676,40,0.13292534799118064,0.1431549967610587,True,0.26234781875119384,0.49785048928722275,True,0.24828586440694056,0.27632572056900795,0.12930966868751784,-0.09999999999999998,0.12922584838072265,-0.1,0.13478022024484226,0.49460360148864496,1.0992456569645301,0,0.8696111736951746,0.5388591178906976,0.5569462382039773,1.3578035751783606,0,,0,1
S0_null,1500282,1.1276404279760288,0.7505365858559537,1.6942184548615826,0.5630240175998633,0.23150178784266898,0.4530935876545157,0.612431316709262,40,0.6688066257160279,0.8386489044460324,False,0.4712404672166115,0.7651242845276605,True,0.012711352505623164,0.025435050241833918,0.05763501273535841,0.050000000000000044,0.024706122142071883,0.05,0.5630240175998633,0.7505365858559537,1.6942184548615826,0,1.1294563674652522,0.5943146339993381,0.7216191822530031,1.7677907092560443,0,,0,1
S0_null,1500283,0.9462626794888912,0.5996469221828791,1.4932338105462915,0.8124114168753847,0.7127643901925707,0.523704710007351,0.18174471548638196,40,0.38962278559934727,0.8922076345885098,False,0.5064776614533522,0.6545877326144013,False,0.2551752143271321,0.35305704692049844,0.03312728395555737,-0.04999999999999993,0.03231112320566666,-0.05,0.8124114168753847,0.5996469221828791,1.4932338105462915,0,0.8909699507388764,0.6645865096538607,0.5287227355215245,1.5014059350722189,0,,0,1
S0_null,1500284,0.8607700756621163,0.5382474741975972,1.3765510451487277,0.5313979682918407,0.27229666562792265,0.5739933477388193,0.6380097806930787,40,0.02504285271636567,0.012124671783373345,False,0.443842903594056,0.5152603658633288,True,0.14673879008674212,0.1853871731339708,0.3328171665965796,-0.20000000000000007,0.3369373044645227,-0.2,0.5313979682918407,0.5382474741975972,1.3765510451487277,0,0.7617997081615228,0.322389186558241,0.44443654620787015,1.305785494704901,0,,0,1
S0_null,1500285,1.1782567847292418,0.7673216190499613,1.8092661750875254,0.4534783347954294,0.2651746516510758,0.423360670331289,0.5349267036827761,40,0.2860884564342624,0.20188055995096366,False,0.3864922830559425,0.29001682162661135,False,0.3970096710005149,0.5141680338053247,0.1777782934779532,0.125,0.19894445961988425,0.125,0.4534783347954294,0.7673216190499613,1.8092661750875254,0,1.3424035818714413,0.19682815719425661,0.8583811606822572,2.099355693208568,0,,0,1
S0_null,1500286,1.3400020116886533,0.8742460032884253,2.0538903061330256,0.1792135222630693,0.07750622312740396,0.546094610775538,0.8879067303119625,40,0.7627221588367212,0.7965992788609201,False,0.004440137582160324,0.012489647590519001,False,0.1763032553381464,0.2084320689684206,0.06364857518324991,-0.07499999999999996,0.05494849062323593,-0.075,0.1792135222630693,0.8742460032884253,2.0538903061330256,0,1.2957392866401216,0.2756025440264017,0.8132848248593896,2.0643939830463776,0,,0,1
S0_null,1500287,1.100835317405947,0.6778354141413014,1.7878062591100212,0.697797305134727,0.2499999999999989,0.5257082038019539,0.6371914133720409,40,0.9037621208409408,0.9459598220622115,False,0.7473270990812141,0.7243421299679531,False,0.9850616764898975,0.806684788231496,0.030789532817348052,0.050000000000000044,0.017521291143505167,0.05,0.697797305134727,0.6778354141413014,1.7878062591100212,0,1.0378779791640997,0.8796223751247543,0.6414885895433352,1.6792047702681496,0,,0,1
S0_null,1500288,0.967418236906667,0.6129928539808753,1.5267682796328372,0.8868529833452768,0.8833395872420235,0.563597516780895,0.12555280204936287,40,0.6722849453632003,0.9891533112436032,False,0.6809807400315375,0.514227804337904,True,0.29454271120433617,0.2659670819081813,0.13417982131405168,0.10000000000000009,0.13806267595474211,0.1,0.8868529833452768,0.6129928539808753,1.5267682796328372,0,1.0889354267331688,0.7484674377102487,0.6468972629726741,1.8330273313347396,0,,0,1
S0_null,1500289,0.9205052978018532,0.6023305840964128,1.4067524141288654,0.7018732452796103,-0.9883880348982139,0.5482087686396082,0.07954688044097935,40,0.524276853480539,0.3565296687408307,False,0.5065637787722713,0.6157627511816981,False,0.5369792405330898,0.479487621990243,0.07767586921018191,0.07499999999999996,0.0743759621482963,0.075,0.7018732452796103,0.6023305840964128,1.4067524141288654,0,0.9712539887728213,0.9058604427329932,0.598960077839939,1.5749535663697511,0,,0,1
S0_null,1500290,0.7075720376197847,0.4559539480101842,1.0980455166718535,0.12287777829118114,-0.1617465107506597,0.6229328653822713,0.796570674211477,40,0.6948866023724733,0.8707623829280453,True,0.4217710289342266,0.44669039651904674,True,0.8867531634662109,0.9458603898228762,0.03801341405349184,0.025000000000000022,0.0414069212922549,0.025,0.12287777829118114,0.4559539480101842,1.0980455166718535,0,0.6289003858061524,0.08246072265495502,0.37261030706925524,1.0614727713198084,0,,0,1
S0_null,1500291,0.682334145119511,0.42381302713684765,1.0985501996984153,0.11568811459243337,0.36425813568670695,0.38684376173243584,0.3524970894048434,40,0.5065637787722713,0.4639354562668685,True,0.9702041874708385,0.7445676693698748,False,0.9356633200420568,0.8596864286524228,0.040827876351004724,0.04999999999999993,0.03231112320566666,0.05,0.11568811459243337,0.42381302713684765,1.0985501996984153,0,0.6603548898295749,0.12663288368133815,0.38773296591163897,1.1246621228002738,0,,0,1
S0_null,1500292,1.136907111927026,0.7613273159991176,1.6977688229325918,0.5305663787790367,-0.920715137067937,0.5807806705235093,0.12140766066863919,40,0.7473765578177056,0.8282944060986228,True,0.9038495070904877,0.8814489545730871,False,0.667167980044736,0.6934675630487115,0.016610342622085914,-0.025000000000000022,0.007884793234706604,-0.025,0.5305663787790367,0.7613273159991176,1.6977688229325918,0,1.0291233600887693,0.9017893759753169,0.6523023616526681,1.6236257179831208,0,,0,1
S0_null,1500293,1.4098676045056184,0.8109588229993445,2.451082109055515,0.2234685315384456,0.16546015359435895,0.3737012254124388,0.6605167534582126,40,0.09480903844983596,0.15805429013694827,True,0.326799567668966,0.2838091414056678,True,0.867202762484784,0.7437600592836329,0.0749708454700332,0.07499999999999996,0.10058623154071403,0.075,0.2234685315384456,0.8109588229993445,2.451082109055515,0,1.5070691880441007,0.13409048595295578,0.8812347539127978,2.577358107436439,0,,0,1
S0_null,1500294,0.8068758630901255,,,,-0.4152304233795435,0.641709101214389,0.5215813915729244,40,0.48079557152786734,0.924317472345479,True,0.9198070210934477,0.7757960078457233,True,0.7467811296572368,0.6250592120494676,0.1864865195327139,-0.15000000000000002,0.1982587753374821,-0.15,0.4278420327229598,0.46940496895266465,1.3869658429267449,1,0.8458726367965057,0.5559471131887095,0.47836624873600025,1.4957169732849236,1,0.0,0,1
S0_null,1500295,0.7362456944450262,0.45139770931239115,1.2008428740468116,0.21993233893797448,-0.414046549612086,0.47832267059966815,0.3922758670869109,40,0.43242985842822024,0.673436341511343,True,0.4562209922633711,0.3621713341614422,False,0.011422043550545958,0.12384540048178651,0.015892180034476473,0.0,0.01656628160682895,0.0,0.21993233893797448,0.45139770931239115,1.2008428740468116,0,0.7700035945760038,0.32351304589118945,0.45830309558771204,1.2936974272443986,0,,0,1
S0_null,1500296,0.49763156318694196,0.3060074670499747,0.8092520586742324,0.004907314247987744,0.9108887351949514,0.48455895571401,0.06802304189214939,40,0.24286687567443443,0.16969092798568552,False,0.7794064369022338,0.6545572851117061,True,0.7205236874130571,0.8166735109057155,0.03312728395555736,0.04999999999999993,0.03231112320566666,0.05,0.004907314247987744,0.3060074670499747,0.8092520586742324,0,0.43503921052697525,0.002390890557643418,0.2542345112777357,0.7444273153347769,0,,0,1
S0_null,1500297,0.8826949784548627,0.5746494482126223,1.3558708311874026,0.5688349094330334,0.518426903835464,0.6386745099804356,0.42214204803128824,40,0.14353399765278807,0.16163499249775692,True,0.5056140255956028,0.4153434182839243,False,0.679149161205424,0.9675017951159498,0.5,-0.25,0.5,-0.25,0.5688349094330334,0.5746494482126223,1.3558708311874026,0,0.8388355800714927,0.4394305293566765,0.5372743492257497,1.3096570335209188,0,,0,1
S0_null,1500298,0.7044980637856234,0.4611703647092487,1.0762129569852186,0.10518526774646397,-0.6222568641255136,0.5225988139704149,0.2413557437288377,40,0.8443550144206554,0.8178048913584008,True,0.251085976960123,0.36296675352120766,True,0.45525961430672335,0.5055222120499282,0.20666417945523452,0.15000000000000002,0.1982587753374821,0.15,0.10518526774646397,0.4611703647092487,1.0762129569852186,0,0.7834861276962535,0.29077270299708347,0.49823049412644377,1.2320613040130048,0,,0,1
S0_null,1500299,1.1692957149639776,0.7149453040876738,1.9123875088288613,0.5332095185749379,0.6290836653386436,0.5618873739859233,0.27010386910552414,40,0.35916785271594454,0.4556371048667235,False,0.8247815866624718,0.8493354377885038,False,0.32124082365275564,0.3550740563186302,0.018782364729913764,0.0,0.03557148962562426,0.0,0.5332095185749379,0.7149453040876738,1.9123875088288613,0,1.1663902967109896,0.5581657920717253,0.6968024310728167,1.9524419887096804,0,,0,1
S0_null,1500300,1.198746472850082,0.7841021294606431,1.8326606346024983,0.4025990804098395,0.1392216143583851,0.4500610836834456,0.7587987592312956,40,0.9255559658365871,0.8706172413575993,True,0.8559650388928373,0.7240047209149882,False,0.3027255873240423,0.4471846816867565,0.09942248238625276,0.09999999999999998,0.08733606889123377,0.1,0.4025990804098395,0.7841021294606431,1.8326606346024983,0,1.1822822957718224,0.4708629053364526,0.7499925076561099,1.8637405209071938,0,,0,1
S0_null,1500301,0.6822074558071148,0.430176727492513,1.0818972366814443,0.10407775224315934,-0.20000000000000162,0.5650563941217146,0.7253877339790183,40,0.15675847885606103,0.2845126811131884,False,0.7645605861995818,0.945903799511588,False,0.8957065775048044,0.8172800940604,0.5879815047512085,-0.275,0.6052860683484511,-0.275,0.10407775224315934,0.430176727492513,1.0818972366814443,0,0.6361125806611052,0.13798784226128932,0.34763721917999063,1.1639697735179138,1,0.0,0,1
S0_null,1500302,0.8842623284606748,0.5321120679310287,1.4694646347243625,0.6350309053283236,-0.35967914438502624,0.439394132256326,0.4182673267527349,40,0.9255818743026263,0.7654899411530913,True,0.5728969672181214,0.40805549470858304,False,0.44288858053674773,0.5131686287198838,0.03995135682444048,0.025000000000000022,0.05370801749285708,0.025,0.6350309053283236,0.5321120679310287,1.4694646347243625,0,0.9679908027437604,0.8984404677673504,0.5873596208174426,1.595285343061982,0,,0,1
S0_null,1500303,1.2321764484100584,0.7705432208545789,1.9703746122541768,0.38338008030791515,-0.029496769806188983,0.44136697340212017,0.9470764807014597,40,0.2596903165205271,0.5238359541636743,True,0.8958424299173792,0.713576029673316,True,0.6563108170929983,0.7857922198542883,0.12357730623654486,0.125,0.08565825367350988,0.125,0.38338008030791515,0.7705432208545789,1.9703746122541768,0,1.1915402625460574,0.5101860836103473,0.7072853965780732,2.007348383180717,0,,0,1
S0_null,1500304,0.6869604243856313,0.43799057733664576,1.0774538291251103,0.10202814168551633,-0.28828076956865595,0.5102186002056591,0.5754741740778225,40,0.6579439426527619,0.46446163884319747,False,0.4110569188550043,0.6641218079886482,False,0.571568393002525,0.47998693747808063,0.035704552964721865,-0.02499999999999991,0.041406921292255025,-0.025,0.10202814168551633,0.43799057733664576,1.0774538291251103,0,0.679513844365963,0.12143795932756975,0.41672083515157476,1.108029706546976,0,,0,1
S0_null,1500305,1.3154345312754154,0.8338145127793475,2.075243329963099,0.23853964919689696,0.5732627526467741,0.6209504920253395,0.3618835135480193,40,0.9518517050035954,0.6838853071548889,False,0.3972495188921529,0.6053501811602199,False,0.1600328654123534,0.5494438954907176,0.019930973567121375,-0.025000000000000022,0.0352330639291004,-0.025,0.23853964919689696,0.8338145127793475,2.075243329963099,0,1.3802290207901462,0.19490470289071637,0.8478793721258182,2.246819786469148,0,,0,1
S0_null,1500306,1.275327429166091,0.8445987130070386,1.9257193108815884,0.24739804787681496,0.19582517938682048,0.4800358470833477,0.6856697556689967,40,0.8812310783571384,0.9891717673356952,True,0.4457119238931121,0.2542132236039645,False,0.2673156283123155,0.2947594345421978,0.05213854426454219,0.07500000000000007,0.05494849062323593,0.075,0.24739804787681496,0.8445987130070386,1.9257193108815884,0,1.008739513395945,0.970426308334339,0.6367861393890196,1.5979547024415557,0,,0,1
S0_null,1500307,1.1083620414307742,0.728186393467919,1.6870219299678724,0.63121315784659,0.40782785371259833,0.4520021844835505,0.3727500855273101,40,0.1611188566851155,0.45582835832940627,False,0.9433445071736766,0.9567110895789399,False,0.27563107748686744,0.32633547187131795,0.1696008209530326,0.125,0.11722504994521371,0.125,0.63121315784659,0.728186393467919,1.6870219299678724,0,0.996534082921034,0.9880739786680431,0.6320920952075579,1.571100455064498,0,,0,1
S0_null,1500308,0.6431146437184694,,,,-0.03449951409135066,0.5802243208942645,0.9529065722247485,40,0.8445556975894672,0.7040618084534438,False,0.9678838001375056,0.9028759447707968,False,0.7644804879966397,0.7857031079784713,0.03392123698374555,0.025000000000000022,0.06567411311702892,0.025,0.08882084910764956,0.3855651240436886,1.0727019099327797,1,0.5472330488924992,0.039728716454128746,0.3085174033022608,0.9706551610859679,1,0.0,0,1
S0_null,1500309,0.7550576936925575,0.4553573098783701,1.2520104727353687,0.2761943748304101,-0.4897971774504528,0.4901785409037422,0.324177496657492,40,0.14729328479948597,0.08785932281543496,True,0.25472647171402363,0.1467428615923725,False,0.5181278795997473,0.36928938145323853,0.08511868977957945,-0.09999999999999998,0.04835169739931688,-0.1,0.2761943748304101,0.4553573098783701,1.2520104727353687,0,0.711465566465797,0.44842571825763383,0.2894900406272877,1.7485342541306887,1,0.0,0,1
S0_null,1500310,0.877290963881813,0.5663125403859133,1.3590365397598476,0.5577159999597634,0.523160317813918,0.42916711820849834,0.2305541487220327,40,0.3651304345549774,0.3353918655611058,True,0.4089169970319446,0.5775536173967184,False,0.33088162387785547,0.2584888939294625,0.12332611324857634,0.09999999999999998,0.10968809608557809,0.1,0.5577159999597634,0.5663125403859133,1.3590365397598476,0,0.7851220021280307,0.3467942290895666,0.47431426628613854,1.2995952305041214,0,,0,1
S0_null,1500311,1.7583069288547226,1.1068229042780402,2.7932591963076043,0.016860424809557673,-0.11526268115941801,0.5235534022405087,0.8269609921155088,40,0.9358066328171455,0.9567661196590239,False,0.6869517202469118,0.8598572857601081,False,0.8553527242930481,0.9458220002463199,0.17313247164040194,0.15000000000000002,0.11855986920469756,0.15,0.016860424809557673,1.1068229042780402,2.7932591963076043,0,1.9720808360981974,0.023018885672728685,1.1036891826336024,3.5237301273766772,1,0.0,0,1
S0_null,1500312,1.0032794832615468,0.6198544969513213,1.623880646965129,0.9893675581813975,0.4836359905611976,0.48324142576288087,0.32341617517489174,40,0.43200979361811476,0.4476562604429747,True,0.5592306123798045,0.515161364538121,False,0.22275391198475258,0.21639046640636384,0.09224314084399209,-0.09999999999999998,0.061983967139291614,-0.1,0.9893675581813975,0.6198544969513213,1.623880646965129,0,1.0670846925703903,0.7987217081212319,0.6478284145435812,1.757671808699961,0,,0,1
S0_null,1500313,1.067368321101373,0.7217029888637343,1.5785927874352637,0.7440262576652811,-0.10868568809441848,0.6909504162114716,0.8758646145772786,40,0.15034599161806694,0.1397492353784679,True,0.3897056839844817,0.7242922214618758,False,0.35503997979291646,0.30683623683114025,0.04582253114559106,-0.050000000000000044,0.017521291143505167,-0.05,0.7440262576652811,0.7217029888637343,1.5785927874352637,0,0.9225558750736635,0.7341563069501695,0.5793659165831142,1.4690359206017176,0,,0,1
S0_null,1500314,1.0254704584536198,0.6819947870786869,1.5419321101639851,0.9038037405197875,0.8265351997547774,0.5394702139851036,0.13399847750701235,40,0.047605190681737804,0.048654236714043106,False,0.9478654198040429,0.978326076340744,False,0.5317491405324107,0.7241048230166498,0.035704552964721865,0.02499999999999991,0.0352330639291004,0.025,0.9038037405197875,0.6819947870786869,1.5419321101639851,0,0.9634872116049649,0.8767784720997915,0.6020752771604355,1.541846413798093,0,,0,1
S0_null,1500315,0.9677257718555841,,,,0.9472348141432447,0.6303663362090834,0.1414110064049353,40,0.2394280650292573,0.3778738938253826,False,0.7020084657750003,0.673552925549595,True,0.1828906851294677,0.17897905698846728,0.05912793011957187,0.050000000000000044,0.055653255970699776,0.05,0.8981109236744638,0.5782992120257378,1.6193920898370626,1,0.9090620643201797,0.7332243657055654,0.5183500705799374,1.5942774655388496,1,0.0,0,1
S0_null,1500316,0.7979323594556145,,,,0.6399580125962205,0.5273857906633941,0.23264631893332724,40,0.9107009600697374,0.8708227145895702,True,0.9256012879101239,0.7450555371323575,False,0.18252037467144533,0.26556071190008823,0.061763229552468546,-0.07500000000000007,0.10058623154071403,-0.075,0.36997454901752486,0.4823283983346521,1.3200467823680737,1,0.808842421790782,0.42380777768678474,0.47567378440591546,1.3753670787332997,1,0.0,0,1
S0_null,1500317,1.096144713277361,,,,0.17413053835159498,0.48525979110176937,0.7217545319556726,40,1.0,0.892030643644645,False,0.8812207973057495,0.7448003361692836,False,0.03230228651421948,0.15671622457692205,0.05385750556831864,0.07499999999999996,0.015385690519042077,0.075,0.7734383366329057,0.5776824169585238,2.079920034215227,1,1.2050618968338018,0.5578186788862439,0.6365531619968888,2.2813085566100417,1,0.0,0,1
S0_null,1500318,1.4654694372860473,0.9006360604906944,2.3845377348641854,0.12389477722602503,1.0033935629587794,0.49510367729268384,0.049952709364909025,40,0.23202214646605746,0.3153949622406065,False,0.9433206873717098,0.6936740980079513,True,0.08494034084767275,0.06405727274128735,0.14001724382915756,0.125,0.11722504994521371,0.125,0.12389477722602503,0.9006360604906944,2.3845377348641854,0,1.424545166492293,0.15784594137884123,0.8717967406218883,2.327754666677179,0,,0,1
S0_null,1500319,0.7277743605527378,0.4581849443429866,1.1559863029490085,0.17831101265864135,-0.6106683804627249,0.45199871297727384,0.18488693262237438,40,0.6406861287492027,0.9783588083895123,True,0.48753702927459375,0.5504071563740558,False,0.2384787477251601,0.3556892965493117,0.013399768643194894,0.0,0.01656628160682895,0.0,0.17831101265864135,0.4581849443429866,1.1559863029490085,0,0.6840199816094662,0.15526564118491282,0.4051443533414563,1.1548558714495563,0,,0,1
S0_null,1500320,0.7404201721030469,0.44435101302696517,1.2337589319816338,0.24865539542784632,-0.28412091730368216,0.45088958024637193,0.5324794162927298,40,0.07911240255022098,0.16181363777422697,True,0.6006497585733939,0.415277285824746,False,0.40297092959350633,0.4614524568647068,0.338277536616101,-0.20000000000000007,0.3369373044645227,-0.2,0.24865539542784632,0.44435101302696517,1.2337589319816338,0,0.7397899873936139,0.27176853290341196,0.43219063144576425,1.2663144122700005,0,,0,1
S0_null,1500321,1.9351711095121338,1.2601010771435992,2.971894311509791,0.0025596713597273364,0.5223851156839743,0.5450285346800674,0.3440549900164885,40,0.8091092036123655,0.9244205951120861,True,0.8960268305566851,0.6742498211253619,True,0.551143846728915,0.6343182692324507,0.24238828274319965,0.17500000000000004,0.2096956861192004,0.175,0.0025596713597273364,1.2601010771435992,2.971894311509791,0,2.04178079046948,0.0035107226574807274,1.264324796436532,3.297308419545379,0,,0,1
S0_null,1500322,0.9144114828449939,0.5928641719465597,1.4103540060675992,0.6856907661424744,0.10000000000000098,0.6183080164983032,0.8723971069290273,40,0.6289886994162087,0.9028166674914466,False,0.7945019850520476,0.9243388427218101,False,0.3816540923745968,0.6636892702136257,0.33083124678385384,-0.20000000000000007,0.30909351773576077,-0.2,0.6856907661424744,0.5928641719465597,1.4103540060675992,0,0.8431230061858556,0.4678385078469973,0.5318886054854705,1.3364760895959684,0,,0,1
S0_null,1500323,1.2597454295348898,0.7776037856747687,2.0408318175263958,0.34820333190144237,-0.4340242261103628,0.5286934674220757,0.41694006991118493,40,0.5326233138717894,0.559892892686259,True,0.6872236535481593,0.4389191847121521,False,0.7502788426785044,0.595698199863318,0.07949069364025053,0.07499999999999996,0.09226046032336344,0.075,0.34820333190144237,0.7776037856747687,2.0408318175263958,0,1.4232240804552463,0.20073510661544725,0.8288555130212937,2.443811679316952,0,,0,1
S0_null,1500324,0.8035656092738881,0.4910791221719143,1.3148954196054494,0.3840756804888342,0.35452329749103983,0.41840785758633875,0.40226724061318286,40,0.7626522000591348,1.0,False,0.4682141065059291,0.6156794502071589,False,0.7222169568446182,0.5401759281006089,0.18327319377366127,-0.15000000000000002,0.15691990455744992,-0.15,0.3840756804888342,0.4910791221719143,1.3148954196054494,0,0.7562277673399501,0.2828137641987347,0.45415852451118066,1.2592088560079133,0,,0,1
S0_null,1500325,1.381000320584278,0.8145731673322832,2.3413021223124857,0.23071862383987118,0.31929896907216415,0.5105800852919816,0.5355698321444315,40,0.5559230324575908,0.8598900714008051,False,0.4665050148585742,0.33591593826526,True,0.9825087272638633,0.870410784531693,0.11562629065403855,-0.10000000000000009,0.02104314335525087,-0.1,0.23071862383987118,0.8145731673322832,2.3413021223124857,0,1.3988928629117794,0.20085318192436075,0.8363794182985581,2.3397290740205294,0,,0,1
S0_null,1500326,0.7559225397922835,,,,0.847826086956521,0.5233880868947653,0.11375128089296596,40,0.11237536844906156,0.07576863236707984,True,0.12078918080676973,0.21747544684253295,False,0.3258652147561789,0.7136408806888823,0.05088155416794524,-0.07499999999999996,0.03460576199081596,-0.075,0.3644947765200664,0.4079308340318601,1.400773951109044,1,0.7870465421702656,0.4642192226214739,0.40871348164725074,1.5155904743969153,1,0.0,0,1
S0_null,1500327,1.4260872915680414,,,,-0.604968842243359,0.5321001147693996,0.2628709260588865,40,0.45844401247326205,0.4643354942407062,False,0.3441595232769864,0.2779850644624019,True,0.18272921354170202,0.4076571049269807,0.1404557536184971,-0.125,0.10220287084734073,-0.125,0.2763817396096798,0.7442412794844822,2.732615106461958,1,1.6031638750344908,0.20708598160513372,0.7617421487218292,3.374021530157128,1,0.0,0,1
S0_null,1500328,0.8935363458827331,0.5749845746844016,1.3885715140300907,0.6167431310476233,-0.28726775169234886,0.6169065130968975,0.6441894951426365,40,0.4219329866741385,0.28166413189783,False,0.03281427510741337,0.08000571566981259,True,0.905291051111982,0.848456368313712,0.0749708454700332,-0.07499999999999996,0.015385690519042095,-0.075,0.6167431310476233,0.5749845746844016,1.3885715140300907,0,0.8135362533688002,0.42710773727026663,0.48886292718155894,1.3538380571442745,0,,0,1
S0_null,1500329,0.8575320479574943,0.5611074681865799,1.3105532450864679,0.4775633252990922,0.08902821316614273,0.5055401252765019,0.8611716952054506,40,0.7020947216181295,0.7758988456780799,False,0.056806600853965265,0.14685716521164827,True,0.08605980980412348,0.10432224059278357,0.05194759188465822,0.050000000000000044,0.03231112320566662,0.05,0.4775633252990922,0.5611074681865799,1.3105532450864679,0,0.7858619727198646,0.3418037873793721,0.47815753582752824,1.2915806902391231,0,,0,1
S0_null,1500330,1.28932154241131,,,,0.4999999999999969,0.4919369839059364,0.3160440110177682,40,0.020913739288905914,0.036668723950248505,False,0.5409519356494478,0.8173820216165733,True,0.48488733322387767,0.40612265122727587,0.5783832560818937,-0.275,0.5831814529041373,-0.275,0.3448036776169583,0.7532472161220041,2.206911627611814,1,1.3794097577057833,0.2996906251292046,0.7427948670691048,2.5616376256904134,1,0.0,0,1
S0_null,1500331,0.6793058190763477,0.41177759733270014,1.1206447335165468,0.13002778858523303,0.4499999999999993,0.5728481633688459,0.437133785240895,40,0.323822716940098,0.260787415137649,False,0.11663257692304302,0.0777784248443028,False,0.4552588674213196,0.577265223760812,0.06657920945636915,0.07500000000000007,0.10058623154071403,0.075,0.13002778858523303,0.41177759733270014,1.1206447335165468,0,0.6847896242625039,0.18251179528034855,0.3924472279209524,1.1949041708915715,0,,0,1
S0_null,1500332,1.3092959467750227,0.8335668562182312,2.05653075509603,0.2420913218448295,-0.3882625303854629,0.5306865573713728,0.469007403358396,40,1.0,0.6344145353511861,False,0.7602856010924157,0.6940173981866834,False,0.4322753574586311,0.4054966524065917,0.10549123921644644,-0.10000000000000009,0.09888517876815865,-0.1,0.2420913218448295,0.8335668562182312,2.05653075509603,0,1.3112676905684668,0.25399860285252707,0.8231350061516827,2.0888711371508784,0,,0,1
S0_null,1500333,1.2441706949086264,0.7870602517977964,1.9667626646544223,0.34974680966266525,-0.550000000000002,0.5163777844967579,0.29372697387153274,40,0.575286453756637,0.734824854548177,True,0.6862284693949328,0.4719385775425561,True,0.7165305012955141,0.6837298310611074,0.16181839003837714,0.125,0.1308595450857383,0.125,0.34974680966266525,0.7870602517977964,1.9667626646544223,0,1.1528280518088754,0.5825094955178711,0.6943065426675755,1.9141581352975385,0,,0,1
S0_null,1500334,0.6091174904647507,0.4145248766783027,0.895058748133984,0.011584962842617359,0.7094856326401007,0.5680077651863991,0.21948164987932184,40,0.6810859602663536,0.744765476657092,True,0.7935884828022404,0.9242853828012453,True,0.006399495504127508,0.03287853245739884,0.0613406569145526,-0.10000000000000003,0.034464729198532246,-0.1,0.011584962842617359,0.4145248766783027,0.895058748133984,0,0.5623797254773897,0.010351000130713715,0.3621921870828426,0.8732130810863817,0,,0,1
S0_null,1500335,1.1351750586009381,0.7368312248269643,1.7488705286237842,0.5653033193654152,-0.981542247744053,0.5123500741773206,0.06314690396567589,40,0.049800371843884986,0.02284277943387083,True,0.21771664041165129,0.27780372663355135,False,0.6928365503100821,0.6724403153655805,0.061763229552468546,-0.07500000000000007,0.03460576199081596,-0.075,0.5653033193654152,0.7368312248269643,1.7488705286237842,0,1.2286168045333579,0.3960561479769409,0.763690081185216,1.9765861696659432,0,,0,1
S0_null,1500336,0.8497505160124845,,,,-0.18495599065924395,0.5233511411440352,0.7257890403487879,40,0.24790418765917732,0.24925058376264375,True,0.05868082171029573,0.05235682309045112,True,0.7749306752799401,0.8172630895377844,0.5,-0.25,0.5,-0.25,0.582596116161032,0.4690615237483811,1.5394056065251416,1,0.8101925590086306,0.5216281439406731,0.4194392332979822,1.5649751634144788,1,0.0,0,1
S0_null,1500337,0.661990191907745,0.4111117256066494,1.0659657384750716,0.08966988896990642,0.3737543453070671,0.4816882797854109,0.44272454615317086,40,0.04983305615247375,0.1973568000896393,False,0.5728580668970014,0.9891743232378402,False,0.4317269675737343,0.3687890914287968,0.19568632189330676,-0.15000000000000002,0.17244622317316977,-0.15,0.08966988896990642,0.4111117256066494,1.0659657384750716,0,0.6455497285631528,0.11523091092536429,0.3744714693112192,1.1128603543935593,0,,0,1
S0_null,1500338,1.1371605020088624,0.7561581782402857,1.7101369059293916,0.5369718683949432,-0.09757845433255108,0.5206338247509114,0.85235346662077,40,0.16137466696338154,0.2660121965833431,False,0.9826087337706191,1.0,False,0.039088195903967844,0.027729337541929442,0.08877031598792191,0.07499999999999996,0.06483499538239326,0.075,0.5369718683949432,0.7561581782402857,1.7101369059293916,0,1.22932969880623,0.3654155831225421,0.7861278882243131,1.922399053645833,0,,0,1
S0_null,1500339,0.8390587283121962,0.5297315860615752,1.329011839356405,0.4545769262818148,0.3725552608311222,0.5761064013602436,0.5218320875744231,40,0.7274445831557972,0.733664214953555,True,0.009427590930143663,0.00370959925825366,True,0.8489148428079973,0.9020126692173639,0.3185805296848142,-0.19999999999999996,0.2960934199061347,-0.2,0.4545769262818148,0.5297315860615752,1.329011839356405,0,0.9344954002018157,0.7721021564286906,0.590835348902638,1.4780457104002034,0,,0,1
S0_null,1500340,0.9839322980746691,,,,0.5328816621499567,0.5612520468921011,0.34855173641500387,40,0.09474215155603803,0.04759296173587817,False,0.1840475115175505,0.1288490134307816,False,0.6301098408456407,0.610874734022179,0.11778945169556224,0.125,0.06754405692028337,0.125,0.9605902206435324,0.5091486967408452,1.9014538844774262,1,0.8225403682812421,0.5725012717795367,0.41081779753837644,1.646892275617732,1,0.0,0,1
S0_null,1500341,0.7425451219588949,0.4672747320129705,1.1799766184011105,0.20779696687140103,-0.27584063849273655,0.4844548520616821,0.5725366239560218,40,0.443842903594056,0.55008675188505,False,0.5457217508179415,0.5145660916069381,False,0.6406536093888375,0.8701237540890797,0.41628528399778164,-0.22499999999999998,0.40769496471582484,-0.225,0.20779696687140103,0.4672747320129705,1.1799766184011105,0,0.7372166911808787,0.2439096628000169,0.4414611927883128,1.2311126292278511,0,,0,1
S0_null,1500342,1.194882916476042,0.7320288252541217,1.9503947588275012,0.4763387228009107,0.35952053130315126,0.5182383226375911,0.49218049420710697,40,0.7934453112050902,0.8706838252476422,True,0.9839321340178759,0.7138998453159333,False,0.2839815821153123,0.2895840471426928,0.2672109463112181,0.17499999999999993,0.25269124788734765,0.175,0.4763387228009107,0.7320288252541217,1.9503947588275012,0,1.3043172935715417,0.31989813937674083,0.7727228853734079,2.2016218679581203,0,,0,1
S0_null,1500343,1.0954568916428804,0.6815479034675163,1.7607358123214838,0.7065123676601961,-0.568043769539975,0.5922919609870191,0.3437538049893276,40,0.3865885711336453,0.683630772357799,False,0.6722536332959278,0.49728230407533613,False,0.9036549911627509,0.6344626399784675,0.20919631375643277,0.15000000000000002,0.23590419354219272,0.15,0.7065123676601961,0.6815479034675163,1.7607358123214838,0,1.2928835573942248,0.3284686339180227,0.7723356630131342,2.1642764578021554,0,,0,1
S0_null,1500344,0.6807886714148045,0.40736003385517605,1.1377483714848373,0.1422552193648162,0.39075766016713054,0.6216258606883535,0.53346874191252,40,0.27046780061906417,0.146037350658173,False,0.6787852867836288,0.7039686236233581,True,0.9810099241976586,0.838475687511955,0.10535329322236003,-0.10000000000000009,0.10968809608557809,-0.1,0.1422552193648162,0.40736003385517605,1.1377483714848373,0,0.7261027985778017,0.23372083629815277,0.4287630472441488,1.2296425204812482,0,,0,1
S0_null,1500345,1.5014476199748177,0.9506696221505511,2.371323226283798,0.08133187669500568,-0.4043076923076936,0.5132829373168414,0.43589550770203417,40,0.1974413424880057,0.1360601755152337,True,0.6148018358146565,0.5600408075065606,True,0.016319064968664348,0.07543756052933659,0.034028327738331234,0.07499999999999996,0.04481321300021269,0.075,0.08133187669500568,0.9506696221505511,2.371323226283798,0,1.5230689536129347,0.09531019514583426,0.9290105630300621,2.496999635713006,0,,0,1
S0_null,1500346,1.2863746603171886,,,,-0.014393499709808077,0.5365904724165256,0.9787442733330554,40,0.7649996707664394,0.7552086694820666,False,0.824746661468171,0.7653180802522435,True,0.28310761129506723,0.7745821935584428,0.028557744658745016,-0.025000000000000022,0.0352330639291004,-0.025,0.3722685453471794,0.7316188542896245,2.2617784615636713,1,1.412159013464881,0.2566766591161844,0.7700589624098314,2.5896628396732826,1,0.0,0,1
S0_null,1500347,0.8024804622760985,0.5154570006227871,1.2493280556026893,0.329898318477747,-0.5743022756547855,0.5471389913659316,0.30068881384259455,40,0.28494907768465494,0.3923441015062906,True,0.5458438813269395,0.6351978801720367,True,0.6004500153717118,0.4214212858651718,0.026935844255337533,-0.07500000000000007,0.03460576199081596,-0.075,0.329898318477747,0.5154570006227871,1.2493280556026893,0,0.8985482891172246,0.6540798316485426,0.5627752440127116,1.4346562619183985,0,,0,1
S0_null,1500348,1.613118690159367,1.0083983254969116,2.5804801959178194,0.046058773935610045,-0.2349700105844984,0.5580042786455475,0.6761254927201344,40,0.3602077646634376,0.31598807722379507,True,0.14155351340893357,0.05594942186269697,False,0.0982935222449142,0.16458136824710057,0.049160583905598576,-0.025000000000000022,0.03523306392910041,-0.025,0.046058773935610045,1.0083983254969116,2.5804801959178194,0,1.5816766778358098,0.08585478888071614,0.937376350756059,2.668833186576479,0,,0,1
S0_null,1500349,0.970807368526712,0.5854247571308434,1.6098857031683684,0.9085981069013547,0.628861239983128,0.6341813423306973,0.3278281774864965,40,0.574952871801262,0.892030643644645,False,0.038104198431448355,0.14326807401302002,True,0.5982291114633781,0.5671679998077861,0.041330635679993295,0.0,0.04057201317469065,0.0,0.9085981069013547,0.5854247571308434,1.6098857031683684,0,1.0133409433082206,0.9606230346295013,0.5987833328224273,1.7149105713156443,0,,0,1
S0_null,1500350,0.8576117334856422,0.5262410948017785,1.3976443357949677,0.5376128614812168,-0.5750179640718569,0.6135723089456699,0.3547514391505886,40,0.19033281441564576,0.5231492501582311,True,0.812793917216994,0.5322412622966712,False,0.48279445490441764,0.6324746773005006,0.08063196344162724,-0.07500000000000007,0.05494849062323596,-0.075,0.5376128614812168,0.5262410948017785,1.3976443357949677,0,0.8631759956660923,0.5870215164317691,0.5075935744859188,1.46785309536029,0,,0,1
S0_null,1500351,1.0232171094141118,0.6551149129751289,1.5981520680746866,0.9196413206528984,-0.15544776119402992,0.5651846134351876,0.784816418367044,40,0.4205093178443017,0.4479771123897326,True,0.7508480331811173,0.6632250524380991,True,0.10178839696173136,0.1275131501961022,0.08659181742461484,0.07499999999999996,0.10058623154071403,0.075,0.9196413206528984,0.6551149129751289,1.5981520680746866,0,0.9973426029555603,0.9910311816712359,0.6271195215716897,1.586128693900758,0,,0,1
S0_null,1500352,0.9136913878474541,0.5800071207570124,1.439347763760215,0.6970660690737498,-0.20794435053959381,0.5287063698541282,0.6963493668273278,40,0.3140462296568983,0.24301337942797474,True,0.686983265443482,0.5136890812082577,False,0.5858803065757944,0.5042275236204959,0.021092202081245726,0.02499999999999991,0.0042755120184218695,0.025,0.6970660690737498,0.5800071207570124,1.439347763760215,0,0.8404450305008418,0.5009636040796634,0.506583418020181,1.3943366959267938,0,,0,1
S0_null,1500353,0.869516068650145,0.560905451219356,1.3479244888727753,0.5318978969014182,0.20335561376569422,0.5544856016215168,0.7158972798446934,40,0.8812413567393891,0.8599490276163644,False,0.386781015575805,0.3549371067506599,True,0.2310980838227632,0.14471874201983556,0.32202656618699765,-0.20000000000000007,0.2960934199061347,-0.2,0.5318978969014182,0.560905451219356,1.3479244888727753,0,0.8857547398024662,0.6082281042843167,0.5570118209848712,1.4085185080907712,0,,0,1
S0_null,1500354,1.4991205637105296,0.8946946559625997,2.5118764816157806,0.12418763270047695,-0.6120339608711688,0.44255410605940043,0.174967220318412,40,0.1669990958388724,0.0692882307548885,False,0.36031009364557043,0.4006133659781528,True,0.22961814671392344,0.2891733762546501,0.6757414720366738,0.29999999999999993,0.6801073714133126,0.3,0.12418763270047695,0.8946946559625997,2.5118764816157806,0,1.449133020282006,0.18036599171446888,0.8421635545403666,2.493561374331584,0,,0,1
S0_null,1500355,1.7365275047758852,,,,0.7406008534194435,0.4501515929381629,0.10839378614587768,40,0.7509530125383456,0.6941407043090282,False,0.1415938725534245,0.11536544093015755,False,0.2347196109999402,0.19500017087963328,0.270969358757345,0.17500000000000004,0.2885162008632458,0.175,0.03383786227983374,1.045358989329042,2.884681535841254,1,1.8695094111206065,0.040043560804067985,1.0303653747027706,3.3920641396521485,1,0.0,0,1
S0_null,1500356,0.9388640217363454,0.6087047145161889,1.4481005819242783,0.7753923322875296,0.2546086956521753,0.4958713342344617,0.6106841964940841,40,0.3903263794183772,0.5242075063684624,False,0.06704234723502123,0.01694384860153578,True,0.762019774894483,1.0,0.0883642895551598,0.07499999999999996,0.05494849062323596,0.075,0.7753923322875296,0.6087047145161889,1.4481005819242783,0,0.8868026907336629,0.6239684918933261,0.5485779595784469,1.4335592572781926,0,,0,1
S0_null,1500357,0.9406129098278339,0.5904906508329211,1.498334723651916,0.7966109305740003,0.02710843373494165,0.4642344897201946,0.9537491623791684,40,0.42062762796327846,0.3495696155846437,True,0.6404239266117642,0.6343664117733181,True,0.18378349345736267,0.2947594345421978,0.04908300393191153,0.025000000000000022,0.059747121331570514,0.025,0.7966109305740003,0.5904906508329211,1.498334723651916,0,0.9029151954965643,0.6819988194755073,0.5539692414319793,1.4716626651530478,0,,0,1
S0_null,1500358,1.3479649664561653,0.8924641905479026,2.0359467304538796,0.15583423603307134,0.1000000000000007,0.6434191978476561,0.8773352926132851,40,0.26222289543489563,0.10366023690255277,True,0.06693172076912833,0.20637677115142639,True,0.8716924567604578,0.9674185322894334,0.017118217794095964,-0.025000000000000022,0.02319930679535069,-0.025,0.15583423603307134,0.8924641905479026,2.0359467304538796,0,1.2713533792446476,0.2701579865724344,0.8297377048701208,1.9480124928995377,0,,0,1
S0_null,1500359,1.1123313303999198,0.7131562030554338,1.734936866970056,0.6387842301897735,0.6102896261190107,0.5268454780405214,0.2541295856354378,40,0.2954564732405819,0.3927241481605017,False,0.872105197346406,0.8386864866213803,True,0.5121120539263606,0.4138390149840051,0.03820106160921162,-0.050000000000000044,0.04010243385614931,-0.05,0.6387842301897735,0.7131562030554338,1.734936866970056,0,1.1340404915052955,0.6155899353444783,0.6940464455313444,1.8529708561348606,0,,0,1
S0_null,1500360,1.0855288477785714,0.6792367252473756,1.7348485963127416,0.7315464840179695,0.06855702583490797,0.47867305877638144,0.8868911792441443,40,0.13077026555176197,0.309150889808418,True,0.8719251140598321,0.8068283017370576,False,0.5699135792944472,0.5583120811401538,0.046614280048104514,-0.025000000000000022,0.05370801749285708,-0.025,0.7315464840179695,0.6792367252473756,1.7348485963127416,0,1.0618267391757958,0.8060414538863523,0.6577838324194453,1.7140525024484827,0,,0,1
S0_null,1500361,0.9381059536495812,0.5759203813350091,1.5280632684552884,0.7974348866556513,-0.5104901596732274,0.5281911071913395,0.34007542216729253,40,0.43288793401334236,0.5145462117389391,True,0.6538487290534086,0.6944005289916558,False,0.09294218787042305,0.08560411687882606,0.02963344331928748,0.02499999999999991,0.0352330639291004,0.025,0.7974348866556513,0.5759203813350091,1.5280632684552884,0,0.80759544939803,0.4420045422112169,0.4683813193717025,1.3924774172533099,0,,0,1
S0_null,1500362,1.2196867718106545,0.7858717933731181,1.892975207755793,0.3758739209994686,0.4733499599180564,0.5367459427322343,0.3835306738514999,40,0.4110569188550043,0.4232914292477523,True,0.9518468339173016,0.8920052879879762,True,0.32119844603279823,0.3410553030091954,0.027866293024891187,0.025000000000000022,0.029131773706320103,0.025,0.3758739209994686,0.7858717933731181,1.892975207755793,0,1.2199672683934437,0.4259844721431393,0.747752409399436,1.9903916286230598,0,,0,1
S0_null,1500363,1.406934844860354,0.8771228798637174,2.256771204041317,0.15673371861575566,0.24779747053256584,0.5153494214899424,0.633465744262345,40,0.2241516608042331,0.6740325201899586,True,0.49337577621980677,0.3497512137764007,False,0.30304037881002577,0.8385962452475765,0.009146846746935647,0.0,0.005544304085089134,0.0,0.15673371861575566,0.8771228798637174,2.256771204041317,0,1.450096001806451,0.1196191840542835,0.908128942350577,2.315506440101203,0,,0,1
S0_null,1500364,0.9912038391613976,0.5901160595024825,1.6649013951537115,0.973363056506007,-0.025535168195718272,0.507727441075905,0.9601593800755536,40,0.22472776658500726,0.3425846282754541,False,0.2956249769952535,0.2842632559482078,True,0.8437112684470336,0.8812041750928156,0.07037275046154277,0.07499999999999996,0.08352372448108471,0.075,0.973363056506007,0.5901160595024825,1.6649013951537115,0,1.0273639346711065,0.920852314089902,0.6031872783633017,1.7498324187586407,0,,0,1
S0_null,1500365,1.0297133738086337,,,,0.672354757227056,0.5080333851184895,0.19380701898169075,40,0.8081686410576544,0.9135210323804928,True,0.545925247323124,0.806774521630576,True,0.49878992817995915,0.6057259362205288,0.019430038904768302,0.025000000000000022,0.012390771509656994,0.025,0.8991022849299207,0.6474066548073575,1.6377799398986177,1,1.1049096724274632,0.7005913593203646,0.6562801992177195,1.860219744065077,1,0.0,0,1
S0_null,1500366,1.0444975913877754,,,,0.09265840085912425,0.4755773979233667,0.8465892213580731,40,0.6786411192609088,0.5152801589172754,False,0.15042999770824142,0.3775585524198788,True,0.6181681030123016,0.5955584921942589,0.06873881800075764,0.07499999999999996,0.0743759621482963,0.075,0.8877055021757388,0.5621328722169877,1.940778190238516,1,1.0190199045434036,0.9562352279647951,0.5111189658480216,2.0316240156198986,1,0.0,0,1
S0_null,1500367,0.7179554073933923,0.45796113736695643,1.1255539497719051,0.14863015622873568,0.18565702688990426,0.4936269216033192,0.7089846542866294,40,0.23094862415571282,0.40847516849638765,False,0.7226586870315017,0.5502941501244987,True,0.32244556288647996,0.5315029619323293,0.0839344115159799,0.07499999999999996,0.0835237244810848,0.075,0.14863015622873568,0.45796113736695643,1.1255539497719051,0,0.6203946537899789,0.07792474563834613,0.36394778239267567,1.0575405183700708,1,0.0,0,1
S0_null,1500368,1.3366247755570213,0.8021096277659429,2.2273336820664387,0.26544194516035835,0.4394496784806343,0.6342654030587926,0.4927309766307608,40,0.7603683300552027,0.9458731682250423,True,0.764920019855768,0.7967024608655449,True,0.02030314849132824,0.036526880752320204,0.025514562435123705,-0.025000000000000022,0.0414069212922549,-0.025,0.26544194516035835,0.8021096277659429,2.2273336820664387,0,1.3664018804311209,0.27202086395796665,0.7828154543232443,2.3850501271207007,0,,0,1
S0_null,1500369,1.6165497627930911,0.9949419843971214,2.626518105143458,0.05244203440406872,0.930886027291947,0.5023837738890341,0.07187994693639872,40,0.5594694117553448,0.5151019348812873,True,0.42152784259201526,0.30812229029253746,False,0.2116771166072866,0.1817494856429953,0.029571788126099334,0.0,0.02575178272878667,0.0,0.05244203440406872,0.9949419843971214,2.626518105143458,0,1.5969520785481974,0.06122903595220089,0.9782030640743778,2.6070823480731797,0,,0,1
S0_null,1500370,0.8214486921164476,0.5277360136270589,1.278627829740411,0.38362725590832336,-0.44444719881011263,0.5781937806007833,0.4469610438980523,40,0.7226122882560231,0.8814711322995067,False,0.031185150796183506,0.10071693469144384,False,0.9826025335528021,0.9027527088850081,0.05895220731585739,0.07499999999999996,0.05494849062323591,0.075,0.38362725590832336,0.5277360136270589,1.278627829740411,0,0.7604450531603337,0.27965008539017955,0.4628632576294669,1.249346690073523,0,,0,1
S0_null,1500371,1.0513774483032456,0.6677751967888813,1.655339317956305,0.8287249760032238,-0.2195066079295166,0.6081083296037038,0.7201775473570436,40,0.06981614180685856,0.16286405080468558,True,0.5011435232163578,0.21589010526580577,True,0.31301401446888044,0.5408864756800837,0.05186380079635164,0.07500000000000007,0.024630214771563665,0.075,0.8287249760032238,0.6677751967888813,1.655339317956305,0,0.9848311010657582,0.9510053837796345,0.6048023814664915,1.603651584960119,0,,0,1
S0_null,1500372,1.2207713423777489,,,,-0.20222330412203815,0.5708464196267016,0.7251612822783293,40,0.7508480331811173,0.913484378215882,True,0.02212045036085426,0.02690018881816593,False,0.8223948943867527,0.7751448587309723,0.006106804852974704,0.0,0.008700382961356227,0.0,0.4329267297780258,0.7336480605068518,2.0313318477816007,1,1.2245334884271257,0.45670288118766506,0.7100339192193156,2.111845960722822,1,0.0,0,1
S0_null,1500373,0.8780110260222722,0.5257774951719818,1.4662159732883218,0.6190081580882834,0.21826023921710536,0.4133162053943305,0.6006032289487134,40,0.6010224412056477,0.8708407976187337,True,0.44380316168128675,0.3776712275318467,False,0.1493634104370732,0.3077555293694122,0.1160973425605691,-0.09999999999999998,0.09888517876815865,-0.1,0.6190081580882834,0.5257774951719818,1.4662159732883218,0,0.7747607505344609,0.3689141705777853,0.4440207313179838,1.3518607989023184,0,,0,1
S0_null,1500374,0.9550349772650596,0.5783762237825942,1.5769870376665396,0.857311508596809,0.4416081650286232,0.5688194339589209,0.44247184437781967,40,0.09457492201211179,0.12173618168354318,True,0.05321271016170462,0.041921514981102,False,0.3895398544444475,0.22135007901690684,0.11360827839130402,-0.09999999999999998,0.061983967139291614,-0.1,0.857311508596809,0.5783762237825942,1.5769870376665396,0,0.8868836267308279,0.6820942428329599,0.49935477931631617,1.5751577834904003,0,,0,1
S0_null,1500375,0.7541229147949939,,,,0.6499999999999975,0.5125052706293747,0.2126204471913566,40,0.3864922830559425,0.4797582607052321,True,0.48535478201591165,0.2954233413435138,True,0.9849891524627824,0.956569496851978,0.15668556972125827,-0.125,0.15457597185817973,-0.125,0.3101601076861067,0.43287240712728636,1.3137852199751572,1,0.8205910082935232,0.4952871745342095,0.45898972032811947,1.4670690280619076,1,0.0,0,1
S0_null,1500376,1.203083616410445,0.7369024441236961,1.964181554312057,0.4597521769649662,-0.48707662743213986,0.494685185251646,0.33120621283600726,40,0.5064776614533522,0.5150028373086232,False,0.760340763248236,0.4975869261420742,True,0.8495456853935628,0.7241048230166498,0.11009326980878793,-0.09999999999999998,0.07502426537113577,-0.1,0.4597521769649662,0.7369024441236961,1.964181554312057,0,1.138057365293696,0.6288264450818112,0.6736505466763518,1.922620820378376,0,,0,1
S0_null,1500377,1.0466689022415205,0.6312093599761573,1.7355822970699462,0.8596871974161371,0.51722104269875,0.558547496323144,0.3604412517748061,40,0.11221861422408054,0.1663858740652706,True,0.5866411297487828,0.5601147093280792,True,0.3255328206900875,0.6443933014599852,0.046117076145670836,-0.07499999999999996,0.06483499538239326,-0.075,0.8596871974161371,0.6312093599761573,1.7355822970699462,0,1.0807441616921483,0.7852184250193177,0.61828994340634,1.8890941951874023,0,,0,1
S0_null,1500378,0.724205318081227,0.45436002817247634,1.1543122418727374,0.17489796833668536,-0.9072566724206611,0.5507766028751777,0.10797872635805474,40,0.6009474941519317,0.55957808051319,False,0.17673967008165303,0.23180863533399587,False,0.679656649845984,0.8917915928430555,0.2644509555355009,-0.17500000000000004,0.2263787441837476,-0.175,0.17489796833668536,0.45436002817247634,1.1543122418727374,0,0.5402384463071432,0.026288444701960255,0.3138329650396299,0.9299774446304618,0,,0,1
S0_null,1500379,0.9426815229772619,0.6214315884144237,1.4300020635096897,0.7812941842928832,-0.22733870967741954,0.48014894380104517,0.6386558335597263,40,0.13505049929468538,0.09825080354133696,True,0.6870734758408701,0.6740615187389605,True,0.9476539198846313,0.9565385315530941,0.025759100079365178,-0.025000000000000022,0.012390771509656994,-0.025,0.7812941842928832,0.6214315884144237,1.4300020635096897,0,0.9696690701648978,0.8914842037736084,0.6229472187143498,1.5093704207797571,0,,0,1
S0_null,1500380,0.5258381561587132,0.32784408784640284,0.8434062919625992,0.007665146572695178,-0.043391803411201635,0.6062241519959712,0.9433239268031428,40,0.37180364974669,0.40059116570556796,True,0.3543282065973672,0.3021284234996776,False,0.9130954680519029,0.9456365867521839,0.042084764577545605,-0.02499999999999991,0.0414069212922549,-0.025,0.007665146572695178,0.32784408784640284,0.8434062919625992,0,0.4804016193639,0.008048674311551826,0.2793303432450893,0.8262106909200412,0,,0,1
S0_null,1500381,0.9654661694710085,0.6164638978207114,1.5120511155449943,0.8779696001180062,0.1920120572720443,0.6050150453602492,0.7527489023658183,40,0.2671784110232416,0.19670030298530838,False,0.4113017109886036,0.42381626718941845,True,0.600254227773936,0.47977906181041574,0.13241501554530405,-0.09999999999999998,0.11978503962277386,-0.1,0.8779696001180062,0.6164638978207114,1.5120511155449943,0,1.0032330517724526,0.9894028916776547,0.6230721308284936,1.6153451685126177,0,,0,1
S0_null,1500382,0.8217059808943299,0.5111627544532853,1.3209114184378996,0.4174794341328566,0.056517160203196026,0.48171507325310625,0.9072371915819412,40,0.6724101040821536,0.7964489151518284,False,0.50613274518535,0.8707684198983542,False,0.019681880252047538,0.025687089027109488,0.009106973272120539,0.0,0.003066739371709653,0.0,0.4174794341328566,0.5111627544532853,1.3209114184378996,0,0.8004248598999797,0.38681482447963633,0.48346202680007266,1.325191888567588,0,,0,1
S0_null,1500383,1.0305775396472208,,,,0.7940357201376407,0.5538912517992842,0.16009524666085292,40,0.6867423229088081,0.45542436816444243,True,0.905767815205871,0.9458935948617142,False,0.441925804556516,0.41545359038411367,0.06571870952891884,-0.07499999999999996,0.05494849062323591,-0.075,0.9003971512111989,0.6354148339114007,1.671490825430449,1,0.9765739095967755,0.9297089924841385,0.5690651157784152,1.6759006561148708,1,0.0,0,1
S0_null,1500384,0.9885062025008257,0.6366208418877971,1.534892432181513,0.9589328451343343,0.28928934010152796,0.48570562928975997,0.555064274101174,40,0.910747530138864,0.9351675180253541,True,0.3600821146225288,0.3927018116320462,False,0.7434501623825449,0.3558485279750534,0.06016848941533863,0.09999999999999998,0.04835169739931688,0.1,0.9589328451343343,0.6366208418877971,1.534892432181513,0,1.085823561472305,0.70748286319316,0.7062848740592428,1.6693162347824901,0,,0,1
S0_null,1500385,0.6327746075631355,0.395241877345068,1.0130599183120104,0.056659835835093965,0.49914831130690196,0.5232301036309787,0.3462877150001315,40,0.6870434143644453,0.5590580988320792,True,0.5324571792664723,0.41587169047052963,True,0.8956198486982394,0.923817266561586,0.5879409143481498,-0.275,0.5763190919227851,-0.275,0.056659835835093965,0.395241877345068,1.0130599183120104,0,0.6211133359810558,0.06897860260646427,0.37175727968629096,1.0377248737645692,0,,0,1
S0_null,1500386,0.7847331923407245,0.4839866830428058,1.2723618329531599,0.3255592768949789,-0.6324216756811896,0.4472028629801474,0.16567143086141456,40,0.3266846875940608,0.5150623030763237,True,0.6725038792129815,0.654176011985979,True,0.3693422747844033,0.28724819657702294,0.06657920945636915,-0.07500000000000007,0.04481321300021269,-0.075,0.3255592768949789,0.4839866830428058,1.2723618329531599,0,0.7987098145293086,0.39390901892257524,0.4764165846022247,1.339032662681289,0,,0,1
S0_null,1500387,1.0990778587481367,0.6866532652973909,1.7592170614192215,0.6938569483065729,-0.6999999999999977,0.5160309053178102,0.18315752285347922,40,0.8682414599649668,0.9133945825682496,False,0.951827334777657,0.935060545572126,True,0.18220688759220816,0.41490212095470824,0.07040389537289603,-0.07499999999999996,0.0743759621482963,-0.075,0.6938569483065729,0.6866532652973909,1.7592170614192215,0,1.0279185808454572,0.9111412482204946,0.6337724134789471,1.6671861797317529,0,,0,1
S0_null,1500388,0.8297027914230226,0.5433506589179764,1.2669658365116234,0.3873814869555624,-0.6148394183491999,0.3683535169299319,0.1035277823553061,40,0.2955828615603594,0.28328592769010896,True,0.8878436128887354,0.9891850382970008,True,0.6263921643613959,0.4543784000860164,0.018657058469403805,0.0,0.021043143355250853,0.0,0.3873814869555624,0.5433506589179764,1.2669658365116234,0,0.8509411833620865,0.5015360671558899,0.5314548717000405,1.3624880231606178,0,,0,1
S0_null,1500389,1.9095528288327686,1.2475460094447561,2.9228517253052053,0.002898396398791686,-0.06561673068715237,0.5271359902258566,0.9016108012639689,40,0.3143893322216611,0.34240255555850074,True,0.13621982342686786,0.2702531347541539,True,0.25012355184663526,0.13511898674532058,0.3238020872733648,0.19999999999999996,0.3290478502612913,0.2,0.002898396398791686,1.2475460094447561,2.9228517253052053,0,1.939022984961624,0.00547163894490322,1.2152760417424906,3.093791045875129,0,,0,1
S0_null,1500390,1.0447492736153343,,,,-0.061683972447825086,0.5151682434105932,0.9053404030217655,40,0.562787032479726,0.5875234044357307,False,0.19856516188957807,0.48007001888915846,False,0.7161434224200591,0.6733780027017433,0.02378497566717179,-0.02499999999999991,0.012390771509656994,-0.025,0.8649216088317542,0.6229296832276134,1.7522058654587234,1,1.0163461072415345,0.9575526199757156,0.5510053517607192,1.8746812647177258,1,0.0,0,1
S0_null,1500391,0.9937462999398476,0.5949524787021813,1.659849725810575,0.9808782587884105,-0.5438964672962583,0.5500591530277775,0.32918531804362317,40,0.8960268305566851,0.71379634372873,False,0.40741649445858374,0.43965357871959654,True,0.7361098888135389,0.8064238528243,0.04180111234769209,0.02499999999999991,0.0352330639291004,0.025,0.9808782587884105,0.5949524787021813,1.659849725810575,0,1.0353725013662591,0.8990928364011487,0.6050060864974223,1.7718767472101977,0,,0,1
S0_null,1500392,0.9805144356026311,,,,0.23425937307928552,0.4680125757587779,0.6196588569284601,40,0.750490108313182,0.9783455288893191,True,0.40075259082588965,0.49709926752654987,True,0.5257077348665928,0.6730858396361361,0.33302317414436405,-0.20000000000000007,0.32904785026129135,-0.2,0.9478141108744775,0.5358556065307488,1.7941560127541147,1,0.9504549309539542,0.8569851169386328,0.5393518213480029,1.6749078060344826,1,0.0,0,1
S0_null,1500393,0.9456447186367206,0.623934667531252,1.4332332861448687,0.7922203939684858,0.1500000000000008,0.5083725661037756,0.7695980332180135,40,0.2870431956378684,0.30279025096394585,False,0.967890302488355,0.9567151730893478,False,0.7759248491367428,0.6538394472390279,0.17148155696607265,0.125,0.1308595450857383,0.125,0.7922203939684858,0.623934667531252,1.4332332861448687,0,0.9481024322147698,0.8067639503304733,0.6185860576442592,1.4531498259026505,0,,0,1
S0_null,1500394,0.9285054945577282,0.5842240484139251,1.4756709446733942,0.7536611717398898,0.5736943673863224,0.5838339072488421,0.332170281228756,40,0.23488622285128846,0.1502670243112694,False,0.7321242682735405,0.6841814903484967,True,0.21517879110025862,0.3612587682170141,0.024836474664744524,0.0,0.03557148962562426,0.0,0.7536611717398898,0.5842240484139251,1.4756709446733942,0,0.9487341688881942,0.8395090874298847,0.570103596760683,1.5788297571359007,0,,0,1
S0_null,1500395,0.847793879508717,0.5319550792066245,1.3511563104245854,0.4874584078217411,0.8389701579871258,0.4162590825384741,0.05115925512288834,40,0.14497884418938314,0.12868671514684105,False,0.4563579235574797,0.4802568084181079,False,0.47568025209062237,0.49214415721637494,0.05769524144398646,-0.050000000000000044,0.04010243385614931,-0.05,0.4874584078217411,0.5319550792066245,1.3511563104245854,0,0.8684171237267745,0.5906698167805801,0.5193458687978421,1.4521118701253013,0,,0,1
S0_null,1500396,0.8384849429501368,0.5052076422132387,1.3916198822213122,0.4955573563262653,-0.23548767543342197,0.46043397420334814,0.612076821960068,40,0.11098849217256905,0.10536447682382905,False,0.7759604163384943,1.0,True,0.31547391794025914,0.6236947662952681,0.03991469457154304,-0.025000000000000022,0.007884793234706604,-0.025,0.4955573563262653,0.5052076422132387,1.3916198822213122,0,0.7710596501470313,0.33900435152861863,0.4525134501501433,1.3138459948264454,0,,0,1
S0_null,1500397,1.312394473008521,0.8252082224792212,2.087205635940792,0.2508067788017506,0.6708745247148296,0.5778310270338841,0.2530689057268485,40,0.49363870545706645,0.515220772545784,True,0.9357546299568338,0.3848737016882542,True,0.8441902397400837,0.604147435782474,0.11019967294741813,0.09999999999999998,0.11978503962277386,0.1,0.2508067788017506,0.8252082224792212,2.087205635940792,0,1.357671950239735,0.2105179729012795,0.8412646007356721,2.1910741553321667,0,,0,1
S0_null,1500398,0.6704451249671507,0.43082451086951296,1.0433405116273913,0.0764062601514779,0.4257494368393673,0.41001282124134875,0.3058313727424918,40,0.3441106518749699,0.4162450384419518,False,0.40067045734650597,0.48912945967404897,False,0.8956787871537957,0.9567233366445285,0.0436177928291714,0.025000000000000022,0.02319930679535069,0.025,0.0764062601514779,0.43082451086951296,1.0433405116273913,0,0.6274560035469096,0.04173898568827786,0.400623854010136,0.9827199065812455,0,,0,1
S0_null,1500399,0.7362579870279538,0.461029988903177,1.1757929777021476,0.19986905989037662,-0.539087236597882,0.5529810175759566,0.3359533005335672,40,0.4775980566135104,0.455870832172234,True,0.323822716940098,0.22698681479429084,True,0.7468309094718782,0.9349407216952129,0.04180111234769209,0.02499999999999991,0.03523306392910041,0.025,0.19986905989037662,0.461029988903177,1.1757929777021476,0,0.7156354153715602,0.17578377500962195,0.44088964980673623,1.1615923575400764,0,,0,1
S0_null,1500400,0.6524730980608222,0.43138906524470866,0.9868612303642743,0.04311292401001531,0.8326709062003136,0.4604273890406846,0.07866567917532001,40,0.17106540924461355,0.14328691755845036,False,0.3936696625293282,0.6839276699976699,True,0.04946157628871101,0.02008809638258436,0.03466446260523594,0.050000000000000044,0.024706122142071883,0.05,0.04311292401001531,0.43138906524470866,0.9868612303642743,0,0.6606898143407827,0.05101749274135455,0.4357114897182095,1.0018350240338292,0,,0,1
S0_null,1500401,0.9401031740237653,0.5716122573134208,1.5461424532136387,0.8077578905350483,-0.6323342175066294,0.490196225666762,0.20506854180348272,40,0.8126649757073506,0.8597390666110507,False,0.7109879489731268,0.8278948106877575,True,0.45466195579378943,0.6423260559512524,0.11778945169556221,0.125,0.08565825367350988,0.125,0.8077578905350483,0.5716122573134208,1.5461424532136387,0,0.9301173453522151,0.7798715530242569,0.5596304068636431,1.5458743226149299,0,,0,1
S0_null,1500402,0.994197102434229,0.6011552779706472,1.6442139239387652,0.9819107722704219,-0.29987230937614195,0.5781414861769892,0.607070106919282,40,0.03310990262426408,0.07121798710090402,True,0.6867423229088081,0.8280949566815112,True,0.6766573217164245,0.7961188287621211,0.07265838477177328,-0.04999999999999993,0.024706122142071883,-0.05,0.9819107722704219,0.6011552779706472,1.6442139239387652,0,1.0789914680380779,0.7854458351069222,0.6241640402349888,1.8652509805926232,0,,0,1
S0_null,1500403,0.9645109565761595,0.624441982037325,1.4897803352687649,0.8705996091689255,0.5596350364963488,0.5379977654819221,0.30498850653182996,40,0.5247853091998977,0.7653718273523469,True,0.9197583721139451,0.5967414303031273,False,0.8558054226718157,0.9566209589283353,0.13470324052337515,0.09999999999999998,0.09888517876815865,0.1,0.8705996091689255,0.624441982037325,1.4897803352687649,0,0.9603830666850776,0.8644831415630092,0.6037237886723602,1.5277443958332804,0,,0,1
S0_null,1500404,1.6382124314457667,0.9901682713556328,2.7103877675954617,0.054668479221853875,0.37496826605737477,0.44725135091070967,0.40719892176002526,40,0.6140206317302912,0.7654684791794176,False,0.7770146132489808,0.8918680580844629,True,0.5856465963806736,0.550124481865331,0.08814127606786902,0.09999999999999998,0.08733606889123377,0.1,0.054668479221853875,0.9901682713556328,2.7103877675954617,0,1.7043408646478038,0.0464113824818044,1.0085140197390166,2.880255233001245,0,,0,1
S0_null,1500405,0.7116794011590566,0.4558119443287168,1.1111766076688219,0.1345954622805728,-0.9601245114968623,0.5624974667745416,0.0962220350081924,40,0.9198313124249803,0.7244667828372168,True,0.9678772938347948,0.9134191000156,True,0.16902231442730897,0.1576021922316455,0.4999999999999998,-0.24999999999999994,0.5,-0.25,0.1345954622805728,0.4558119443287168,1.1111766076688219,0,0.6675404568283202,0.10634383559748549,0.4087364912466067,1.0902140402083853,0,,0,1
S0_null,1500406,1.2842560758052406,,,,0.435628239249195,0.5047497336640497,0.39366570366081205,40,0.7225890801402209,0.704380633141169,True,0.6673318948561897,0.6737421089836968,False,0.8219348146633682,0.859994831034723,0.18845145770727526,0.14999999999999997,0.13912737068907083,0.15,0.3134676436586896,0.7824177114788206,2.1079707732144324,1,1.235099281385619,0.4557475236320984,0.700644613239832,2.177238226132056,1,0.0,0,1
S0_null,1500407,1.1301205945629007,0.6864444268161196,1.8605622077507595,0.6305925250411375,0.06373963920038894,0.5468264480104951,0.9078368937747822,40,0.3042488147696438,0.506446590819065,True,0.5867548934620541,0.5776076258298005,False,0.7012577663254944,0.9240775997691622,0.21763256625945873,0.17499999999999993,0.2263787441837476,0.175,0.6305925250411375,0.6864444268161196,1.8605622077507595,0,1.006729546858944,0.9786522246308975,0.6159718488873395,1.6453745124059773,0,,0,1
S0_null,1500408,1.2719738633724484,0.7427872122755202,2.178170924814604,0.3807326531899836,0.8784496124031014,0.5239163968925268,0.10203211284158555,40,0.9652174695052357,0.9351522686066245,False,0.6288148031144584,0.7651781648087375,True,0.47055220975879675,0.682148006347883,0.2760483632696777,0.17499999999999993,0.2263787441837476,0.175,0.3807326531899836,0.7427872122755202,2.178170924814604,0,1.3618487300137976,0.27626791235419934,0.7810316737635986,2.3745925110862407,0,,0,1
S0_null,1500409,0.8034374938087221,0.5270936141651177,1.2246625440152397,0.3088571851780698,-0.22232003565857061,0.47349835456823425,0.641448683556897,40,0.8128711544586164,0.9135982606524111,False,0.03525489842985292,0.02577831293612293,False,0.06614934964955116,0.24869250673947807,0.038125643215939795,-0.050000000000000044,0.040102433856149304,-0.05,0.3088571851780698,0.5270936141651177,1.2246625440152397,0,0.8346625290350274,0.43671356276475526,0.5293174652892464,1.3161506714962752,0,,0,1
S0_null,1500410,1.2015749285277868,,,,0.6102359565625424,0.5711008411793179,0.292205405327748,40,0.14856414681850102,0.17456765062072932,True,0.7224961894331816,0.3994780837061762,False,0.7751279718798456,0.7336885504946271,0.12066531020474329,0.125,0.10220287084734073,0.125,0.5425374323078331,0.6564290706476351,2.199449069862362,1,1.1255982723858615,0.7277676398167037,0.5687866334595866,2.2274986722029864,1,0.0,0,1
S0_null,1500411,1.1238954664799343,0.7413685153459261,1.7037964162596815,0.5821656662451398,0.33326273375348814,0.5233119359091123,0.5281538391152516,40,0.7320459116328961,0.40805549470858304,True,0.11137499013285257,0.09436948593246572,False,0.046084971262169656,0.01438451923281733,0.061763229552468546,-0.07500000000000007,0.05494849062323593,-0.075,0.5821656662451398,0.7413685153459261,1.7037964162596815,0,1.1402735169800218,0.5395428933444835,0.7496906893586462,1.734346860621035,0,,0,1
S0_null,1500412,1.0049772836509323,0.6486041436383985,1.5571583230857025,0.9822706165620678,0.5773341162654162,0.5003540207214127,0.25596015400519684,40,0.5866790613812496,0.9675232777770522,False,0.24784798948370101,0.3144108531372184,False,0.8775033494755691,0.8919951407223846,0.09954727763482438,-0.09999999999999998,0.13806267595474211,-0.1,0.9822706165620678,0.6486041436383985,1.5571583230857025,0,0.9776732520424969,0.9222818398263009,0.621136576799943,1.5388644357152583,0,,0,1
S0_null,1500413,0.8528156315728322,0.564126257325889,1.2892406478339464,0.45019920790246604,-0.30687450039967884,0.505518637886607,0.5475259250981734,40,0.3314700447387663,0.40043569658111167,True,0.11158762132882961,0.08240166028393166,False,0.6275906617689275,0.6628793900052314,0.04861264691158491,0.04999999999999993,0.017521291143505167,0.05,0.45019920790246604,0.564126257325889,1.2892406478339464,0,0.7565448304767729,0.23761280058460799,0.47615328536813006,1.2020500500770843,0,,0,1
S0_null,1500414,0.7651221101649294,0.46095671304406893,1.2699930967428323,0.3004345681360163,0.2320507421833904,0.5341034071517242,0.6664721195708776,40,0.5859118147446838,0.5595039093892198,False,0.6287103481953247,0.8920964848624158,False,0.04953461343562671,0.07716155069371008,0.06571870952891884,-0.07499999999999996,0.0835237244810848,-0.075,0.3004345681360163,0.46095671304406893,1.2699930967428323,0,0.8175573099530302,0.44204838115962586,0.48918827908215395,1.3663449915679284,0,,0,1
S0_null,1500415,1.355670282476092,0.8017564774888689,2.2922694937807004,0.25617229034187616,0.81466015104398,0.6609343949566956,0.2255041972914489,40,0.2955828615603594,0.41587169047052963,True,0.3648389253991352,0.30125853920807144,True,0.9652050690731062,0.7545585307205753,0.028442332104092746,0.025000000000000022,0.029131773706320103,0.025,0.25617229034187616,0.8017564774888689,2.2922694937807004,0,1.4388244555696736,0.23038148452170448,0.7939607240906148,2.6074536826951324,0,,0,1
S0_null,1500416,0.9518199605026922,0.6179860653081982,1.4659897497195689,0.8226961100128583,0.874520345772719,0.48344811064226656,0.07859453411979163,40,0.27883929386259454,0.19773740237240156,True,0.22186498860252035,0.3774232641995521,False,0.41754341090418323,0.33365173172072904,0.0213720303601196,0.0,0.021043143355250853,0.0,0.8226961100128583,0.6179860653081982,1.4659897497195689,0,0.985848408808901,0.9526395093873528,0.615947159589026,1.5778903596203184,0,,0,1
S0_null,1500417,0.47205670246543124,,,,-0.3602721088435392,0.5372195336340134,0.5066251217762541,40,0.943368296969677,0.8597653633858183,True,0.7170533007596305,0.5877697996359793,True,0.0791826825796808,0.08963405939676088,0.021137269953443505,0.02499999999999991,0.012390771509656994,0.025,0.013852233028256746,0.26190595851523335,0.8508303194238923,1,0.33616964487091694,0.0014938324442364257,0.17632010359367367,0.6409367271758636,1,0.0,0,1
S0_null,1500418,0.9910728844374734,0.6363566596348789,1.5435140772012714,0.9683554364050866,0.13205546492658815,0.5495378363238228,0.8114220188227088,40,0.45594682398483544,0.3351864725938075,True,0.1351526534160222,0.21185946377910803,False,0.4672466236392754,0.623760863732708,0.0684347551073807,-0.07499999999999996,0.09226046032336352,-0.075,0.9683554364050866,0.6363566596348789,1.5435140772012714,0,1.0146594379621015,0.9526720424573374,0.6274881905081565,1.6407221532118774,0,,0,1
S0_null,1500419,0.5671775787565067,0.3658119232761461,0.8793874266401478,0.011264526290036528,-0.11514260135567289,0.639154815777989,0.85801926783928,40,0.18400308768883145,0.14685716521164827,True,0.6528726765278284,0.786049031192174,False,0.27420283493504594,0.8376241514462912,0.19172167330770443,-0.15000000000000002,0.17244622317316977,-0.15,0.011264526290036528,0.3658119232761461,0.8793874266401478,0,0.5224767949931007,0.007502777402252551,0.3246327347312529,0.8408948701129929,0,,0,1
S0_null,1500420,0.7630937760750436,0.4565494953224251,1.2754632675110669,0.3022524506343106,0.5500000000000012,0.5008149264050787,0.27920814726723253,40,1.0,0.7244294047211239,False,0.9678805474803831,0.9891620383714237,False,0.455626444734871,0.6146420102820114,0.030939380751675443,-0.025000000000000022,0.029131773706320103,-0.025,0.3022524506343106,0.4565494953224251,1.2754632675110669,0,0.749054702439418,0.2639265039365988,0.45118820052493264,1.2435674217406745,0,,0,1
S0_null,1500421,1.1896909902594006,0.7245177803027242,1.9535264568842101,0.49243774691244324,1.037375065754869,0.498630344661826,0.04446436571067924,40,0.9839305047198231,0.69430488107908,False,0.04179764753773643,0.052590547572895725,True,0.5862231942823554,0.6734946491180398,0.2184542576850955,0.1499999999999999,0.24333222343259678,0.15,0.49243774691244324,0.7245177803027242,1.9535264568842101,0,1.1213563840864669,0.6770506969992922,0.654116541511803,1.9223487869994291,0,,0,1
S0_null,1500422,0.9072364918142831,,,,-1.1771082251082237,0.3844226308780488,0.004082182032478897,40,0.14708835298367984,0.157090530208939,False,0.15571511179126066,0.1288490134307816,False,0.19924183841206433,0.4459573224479707,0.07378556806902907,-0.050000000000000044,0.040102433856149304,-0.05,0.6971377341060007,0.5490385562720894,1.4991261409182188,1,0.9335130976910346,0.8144363367989864,0.5180315146221627,1.6822271984674897,1,0.0,0,1
S0_null,1500423,1.203873197209213,0.7886513066106009,1.8377078219618475,0.38991796652264465,-0.41009976976208606,0.6007179246492624,0.4990596249176882,40,0.08136142661527689,0.02812600728172363,True,0.33394230249776624,0.7143384787169218,True,0.9403720132844143,0.7540505301796939,0.11645087147894125,0.09999999999999998,0.11978503962277386,0.1,0.38991796652264465,0.7886513066106009,1.8377078219618475,0,1.1992766494558775,0.5165091900978026,0.6840618620916467,2.1025356939683117,1,0.0,0,1
S0_null,1500424,0.9243016628513797,0.59424153663063,1.437687390204876,0.7269017014533484,-0.4692418327511798,0.42876192821675474,0.2808483100652817,40,0.6403363985463095,0.6349905436785424,False,0.024855487283920393,0.08679906132656093,True,0.12039893330984239,0.20102679216984876,0.012647335100570445,0.0,0.012415162210221016,0.0,0.7269017014533484,0.59424153663063,1.437687390204876,0,0.9530670384127319,0.8193395601522302,0.6309161584509352,1.4397107564006937,0,,0,1
S0_null,1500425,0.8400657275290558,,,,-0.36300992941739385,0.5282801767355338,0.49627036562427385,40,0.8811693519712692,0.6938252922223862,True,0.23072728934900888,0.17025690677813865,False,0.5861470703092361,0.6238599447954217,0.029666785866090346,0.0,0.030615155837911714,0.0,0.48231578761886307,0.5110933132237672,1.3807858727745617,1,0.8773919173069639,0.653526255198305,0.4888554177226557,1.574732627781438,1,0.0,0,1
S0_null,1500426,0.8157979533509868,,,,0.06494774319513086,0.5576195319702391,0.9079074177110812,40,0.1643868365488842,0.29001682162661135,False,0.42034493503392867,0.5414983725162262,False,0.284432482686656,0.3840859042469622,0.08511868977957948,0.10000000000000003,0.08733606889123373,0.1,0.42262174923665086,0.4907984605248088,1.3560073109846642,1,0.8282230651817458,0.4838858360992113,0.4829569002064829,1.4203202095379,1,0.0,0,1
S0_null,1500427,0.8753179782150309,0.5498142673669454,1.3935279756483667,0.5745984184289669,-0.4137557191167678,0.5238796712059608,0.43468209319549783,40,0.9478777812782534,0.7243047011279351,False,0.30417165436284266,0.37046734329024766,False,0.307428715431145,0.4066354259618864,0.041128586406040606,0.04999999999999993,0.055653255970699776,0.05,0.5745984184289669,0.5498142673669454,1.3935279756483667,0,0.9009496381505508,0.6826418487500583,0.5464462727828643,1.4854346912274567,0,,0,1
S0_null,1500428,0.8064755588268165,0.5016399456637894,1.2965531006993227,0.37461102064339036,-0.43772458560333916,0.4671805959647777,0.3548604198100291,40,0.602359011045632,0.43080056970186653,True,0.1273529210483305,0.10346475018473875,True,0.17524484626339198,0.21407777587279375,0.025443011255180985,-0.025000000000000022,0.017563739731861275,-0.025,0.37461102064339036,0.5016399456637894,1.2965531006993227,0,0.8580529114593896,0.5509132971370991,0.5188201501761682,1.4190944561693213,0,,0,1
S0_null,1500429,1.6496904833239576,1.0388457477166242,2.6197139438183425,0.03388194164080317,-0.01823286433457849,0.452013624097509,0.9680413494941831,40,0.11628529884486848,0.1583096050212438,False,0.17823609208812707,0.10087758398447262,True,0.961971351239799,0.5574494890643171,0.17164523399060108,0.125,0.1649384004605626,0.125,0.03388194164080317,1.0388457477166242,2.6197139438183425,0,1.6812579950715165,0.05129842603794634,0.997074890676411,2.834920899546797,0,,0,1
S0_null,1500430,0.7035984591387946,0.42227056494003906,1.1723544873954963,0.17716540562031058,0.03370701121033487,0.4411056087554965,0.9395007800191215,40,0.93576113722658,0.9028485995083391,False,0.809147126703901,1.0,False,0.7600645711070096,0.7748744722789945,0.11004944420947385,-0.09999999999999998,0.09888517876815865,-0.1,0.17716540562031058,0.42227056494003906,1.1723544873954963,0,0.6584595530285144,0.151029776240677,0.37224334314000684,1.1647461021524264,0,,0,1
S0_null,1500431,0.9343649200445359,0.5878447147583856,1.4851503839218245,0.7740108224233853,0.48178878221323784,0.5326427612904493,0.3715691656590266,40,0.35437697958630476,0.2381976361148288,False,0.5859565771946524,0.8174753055377955,False,0.6122153172863174,0.613765410966936,0.16966704481607917,0.125,0.11722504994521371,0.125,0.7740108224233853,0.5878447147583856,1.4851503839218245,0,0.8947181972251699,0.7014386715960939,0.49963740761971187,1.6022031982344218,1,0.0,0,1
S0_null,1500432,0.7353527655382244,0.4923170764304892,1.098364683397414,0.13318781715818237,0.013627865787660232,0.5564546626717862,0.9805929523134305,40,0.2117947314070049,0.10981320811970623,False,0.7401569137820876,0.9026198204952388,False,0.5449050384067906,0.5591510870153442,0.037469480964170215,0.025000000000000022,0.012390771509656994,0.025,0.13318781715818237,0.4923170764304892,1.098364683397414,0,0.6869448074943453,0.09145543282950522,0.4441639859754324,1.0624300561134294,0,,0,1
S0_null,1500433,0.9500600299012731,0.6225852780988834,1.449783816238341,0.8122118743278,-0.39681953478116716,0.45849078894620954,0.3923468532847062,40,0.19064755176024206,0.40814391943201944,True,0.9358066328171455,0.8494196995488836,False,0.8559070579756104,1.0,0.10323405915988365,0.09999999999999998,0.10968809608557809,0.1,0.8122118743278,0.6225852780988834,1.449783816238341,0,0.9372764290383181,0.7777474167283025,0.5977491330092112,1.469658517124581,0,,0,1
S0_null,1500434,0.9393657860367473,0.6135647979595714,1.438166079460411,0.7734695001896947,0.8462441314553992,0.44693169497272994,0.06613784340354395,40,0.7226354905523067,0.9891707444678289,True,0.406528123993268,0.2830125286547175,True,0.049290681856597435,0.06275957800666118,0.01456683661137494,0.025000000000000022,0.004275512018421891,0.025,0.7734695001896947,0.6135647979595714,1.438166079460411,0,1.0001746240650493,0.9994242780806821,0.6224370813123167,1.607149234288185,0,,0,1
S0_null,1500435,0.7906913490509252,0.4746798743137345,1.3170830348934444,0.36702362628306695,0.7325309043591421,0.48613650251999363,0.14034230281523336,40,0.8403741860492531,0.8072925229528275,False,0.5322492635451239,0.42177467196767904,False,0.8876736289814895,0.9891656257768894,0.04081018814161537,-0.04999999999999993,0.07061977533748845,-0.05,0.36702362628306695,0.4746798743137345,1.3170830348934444,0,0.8133101642649992,0.448329442474652,0.4767244145947721,1.3875383828601042,0,,0,1
S0_null,1500436,0.9963405768781504,0.6210694564231148,1.5983631699601637,0.9878704773854741,-0.14413211524947078,0.49140662924375744,0.7709277479715956,40,0.9107320148789074,0.7654684791794176,True,0.26815012270032224,0.1428156007847516,False,0.7929521663483217,0.8919291137032153,0.3410994775629307,0.19999999999999996,0.30909351773576077,0.2,0.9878704773854741,0.6210694564231148,1.5983631699601637,0,1.0668285232245418,0.7941260514758395,0.6562730672373268,1.7342218579173831,0,,0,1
S0_null,1500437,0.9716823711713035,0.6169096350820462,1.530478009667521,0.9013701210295901,0.1589261744966417,0.5503847619731229,0.7743807634245712,40,0.9678675269622267,1.0,False,0.3218333257555658,0.4479557393502487,False,0.6142631812540145,0.5497656657248655,0.07601956411004977,-0.09999999999999998,0.08733606889123373,-0.1,0.9013701210295901,0.6169096350820462,1.530478009667521,0,1.0137773669319787,0.95775131994294,0.6110571219885749,1.6819123985641917,0,,0,1
S0_null,1500438,0.8085521350986868,0.4886105974579436,1.337990945292414,0.40827151186159283,-0.2821232227488164,0.3880922207007501,0.4718318921561865,40,0.4896692730720036,0.40052455048763647,False,0.822638816806639,0.7551639980227738,True,0.6619538197436068,0.6244692245040268,0.05353465885358352,-0.050000000000000044,0.04010243385614931,-0.05,0.40827151186159283,0.4886105974579436,1.337990945292414,0,0.7961678167574494,0.40100442702978567,0.46770555571007344,1.3553039614377858,0,,0,1
S0_null,1500439,0.7332660963850127,0.45022628513696056,1.1942420641747975,0.21251965055665345,0.3126829681022083,0.46667272633762136,0.507001529163372,40,0.31414430829437323,0.20256198242514256,False,0.3130833971740671,0.40048012833804025,True,0.5981967480857066,0.837038594350693,0.08040297638926792,-0.07500000000000007,0.05494849062323593,-0.075,0.21251965055665345,0.45022628513696056,1.1942420641747975,0,0.767254102260263,0.3264156175646098,0.4520022646546902,1.302380327419215,0,,0,1
S0_null,1500440,0.6220781003657304,,,,-0.20000000000000173,0.6552616513708712,0.76190789179997,40,0.12609906351791428,0.13220794940526617,True,0.37994027854357293,0.28933315962481876,False,0.40578564295820574,0.2651989827807928,0.02585559534250765,0.0,0.02575178272878667,0.0,0.11704421223549502,0.3417320353645816,1.1324111376967614,1,0.588822193415122,0.09462688990733713,0.31506953604473426,1.100428749191951,1,0.0,0,1
S0_null,1500441,1.0032039738395322,,,,-0.9135389765662365,0.48761793992418984,0.06891851081584088,40,0.6145507438156248,0.5781824358436571,False,0.983933762820442,0.9028075382733256,False,0.14078603831733222,0.28170995447174796,0.04582253114559106,-0.050000000000000044,0.024706122142071883,-0.05,0.9893820183513177,0.6188529740424432,1.6262638386519332,1,1.0720045524309876,0.8120087443184112,0.5958283846472742,1.9287328197918534,1,0.0,0,1
S0_null,1500442,0.7266854948507698,0.4634424418702827,1.139455001780599,0.16418960839523022,-0.26094339622641616,0.5010893651372575,0.6056420748334805,40,0.7779801404930251,0.7244294047211239,False,0.887933956016326,0.9458706132684596,True,0.5696369772996843,0.8487202803204089,0.014639893739911957,-0.025000000000000022,0.017563739731861275,-0.025,0.16418960839523022,0.4634424418702827,1.139455001780599,0,0.7463568008252581,0.23738017867188244,0.45940005179369475,1.2125564025584195,0,,0,1
S0_null,1500443,1.1408528332263435,,,,0.3776891405043732,0.6104683314525468,0.5399127750777815,40,0.24818501184356523,0.1316421207287607,False,0.695012891155064,0.9459114492110101,True,0.7618078408533616,0.8383548592476702,0.11805475761162783,0.10000000000000003,0.15412438557420458,0.1,0.5495740820820053,0.7336099676551834,1.7741650801728697,1,1.4270424154605812,0.1816106235634717,0.8409362818913584,2.421646085888183,1,0.0,0,1
S0_null,1500444,0.8800695939825136,0.5779702688626119,1.3400732390209789,0.5515111641197951,0.21739323404674993,0.5446533139504259,0.6920841543186557,40,0.8719766440322128,0.38565857871224307,False,0.35466939531524566,0.3570957060977591,True,0.11994598500234091,0.3484313222745955,0.24605431020952884,-0.17499999999999993,0.2633115521089342,-0.175,0.5515111641197951,0.5779702688626119,1.3400732390209789,0,0.8480010566262889,0.5051552068388314,0.5221575296501166,1.3771816955721303,0,,0,1
S0_null,1500445,1.2235031847458961,0.7432853502151957,2.0139775964237034,0.4276207211660511,-0.5367872470876787,0.5153915934759321,0.3043952898133236,40,0.501516754757609,0.7144799585169828,True,0.21170205909362694,0.2172804291124123,False,0.24915783522953017,0.24739352347615873,0.06053818534105343,-0.10000000000000009,0.09888517876815865,-0.1,0.4276207211660511,0.7432853502151957,2.0139775964237034,0,1.1182205477153377,0.664368820142101,0.6750241005410091,1.8524037768882953,0,,0,1
S0_null,1500446,1.0942725819642682,0.6966490124713997,1.7188461652888738,0.6957783442437344,-0.5732433261736747,0.5295390045448058,0.2860205978389721,40,0.40924934760299614,0.5328023773302705,True,0.6810859602663536,0.6641515768011845,False,0.6943036488760806,0.8492721485623809,0.07086129008642082,-0.04999999999999993,0.040102433856149304,-0.05,0.6957783442437344,0.6966490124713997,1.7188461652888738,0,1.086375461572357,0.7406068335337918,0.6652156762010488,1.7741789403499493,0,,0,1
S0_null,1500447,1.156478303755247,0.7071889963307781,1.891208819701492,0.5623628572639826,0.050114416475973644,0.5579629076540508,0.9289172826402573,40,0.7602856010924157,0.4083427339334651,False,0.11598921836021123,0.09201402128474383,True,0.6278715303149647,0.9023431404803397,0.016952433175717308,0.0,0.01656628160682895,0.0,0.5623628572639826,0.7071889963307781,1.891208819701492,0,1.182751902821151,0.5086994581039288,0.7189664235778799,1.9457126476999125,0,,0,1
S0_null,1500448,0.7041286919875738,0.4658771051828737,1.0642231811016194,0.09599320482362705,-0.15000000000000036,0.6043341484247938,0.8053466453213965,40,0.3600821146225288,0.2602707938812676,True,0.10728819769365998,0.06326962634833103,False,0.25398480341261565,0.36105292179619397,0.22021175308037352,-0.14999999999999997,0.2189189255985675,-0.15,0.09599320482362705,0.4658771051828737,1.0642231811016194,0,0.6264403212695686,0.06682522644719932,0.37990244706952864,1.032969066504853,0,,0,1
S0_null,1500449,0.974663936640935,0.5998859060344197,1.5835841112991544,0.9174621420787525,1.1000000000000032,0.4966069954288104,0.03299490406723928,40,0.2664285829701688,0.3286295691298603,False,0.48079557152786734,0.5232868266689151,False,0.4782853695424597,0.5498790682402587,0.0213720303601196,0.0,0.04057201317469065,0.0,0.9174621420787525,0.5998859060344197,1.5835841112991544,0,1.0014874274336085,0.9956095122279093,0.5898326522508511,1.7004434452384791,0,,0,1
S0_null,1500450,0.9891395835308384,0.5963117479085333,1.6407476779371355,0.9662664498382245,0.1583341928829285,0.4768620075355533,0.7417375779486921,40,0.3976805450049494,0.5780568957506151,False,0.4199201363056082,0.5420317937982821,True,0.28569458507163137,0.1660856987974464,0.0749708454700332,-0.07499999999999996,0.08352372448108482,-0.075,0.9662664498382245,0.5963117479085333,1.6407476779371355,0,1.0326842497045694,0.9082565033527362,0.5975961877888809,1.784544114201479,0,,0,1
S0_null,1500451,1.1405268785354308,0.6802100806698435,1.9123526651954295,0.6180367554504791,0.07724394785847055,0.5746889425848138,0.8938068589754123,40,0.8247641266753114,1.0,False,0.07965953597212119,0.10247043485974945,True,0.7619491930592418,0.7026142356720912,0.05799628076305214,0.050000000000000044,0.0847078824846931,0.05,0.6180367554504791,0.6802100806698435,1.9123526651954295,0,1.1919286415079637,0.502984864586068,0.7130623782208038,1.9923837378601597,0,,0,1
S0_null,1500452,1.1096229580962909,,,,0.10049858889933894,0.4988085200095093,0.8414289799253208,40,0.47722753215916414,0.577859392853286,True,0.3140462296568983,0.550839564039217,True,0.7269465251487011,0.9782880441310986,0.04088094141730071,-0.04999999999999993,0.024706122142071883,-0.05,0.7432184023859965,0.5864352397840945,2.099572170300803,1,1.2532617228106038,0.48258493842554084,0.6581313598383022,2.38655235369441,1,0.0,0,1
S0_null,1500453,2.3085507337200633,1.428741092546946,3.7301415336623185,0.0006322872189723509,1.1042258134963974,0.43967937978715965,0.016518794722167784,40,0.9701885934664606,0.8707201004342322,False,0.7626988461155364,0.9459139983897503,True,0.419352315647767,0.47044641273477017,0.18290956469450828,0.125,0.08565825367350988,0.125,0.0006322872189723509,1.428741092546946,3.7301415336623185,0,2.4096844264419834,0.000603820552413521,1.457788032380637,3.9831435751016646,0,,0,1
S0_null,1500454,2.1746653876601063,1.3283673903112252,3.560136738360369,0.0020082601172454377,-0.7295644891122282,0.4663132355530781,0.1262051592526231,40,0.44376341140204223,0.36981118836997084,False,0.6009474941519317,0.6248628577726295,False,0.2534815719350282,0.28344527801780683,0.400588609193451,0.22499999999999998,0.4018423391082095,0.225,0.0020082601172454377,1.3283673903112252,3.560136738360369,0,2.2314193009955345,0.0020695700403224834,1.3389531654945512,3.718750009464512,0,,0,1
S0_null,1500455,1.1599819894374876,0.7436918930298548,1.8092952584671183,0.512904727218285,0.31930646672914914,0.458526187658067,0.4905454712842282,40,0.5627530026406009,0.4392435310940095,False,0.22384160329064173,0.39135722670622586,False,0.5584718593178792,0.6339646433250228,0.08591872544977443,0.10000000000000009,0.09888517876815865,0.1,0.512904727218285,0.7436918930298548,1.8092952584671183,0,1.1476261737802547,0.5929412324460969,0.6927073587002247,1.9013019252701064,0,,0,1
S0_null,1500456,0.8360172059777736,0.5403875865011203,1.2933768024100125,0.4211244142126337,0.08022209458165963,0.5164017222980584,0.877391211422292,40,0.575253130729813,0.7038753507969898,True,0.26834404604173756,0.25470637428579357,False,0.35369319267722144,0.327416463932223,0.3411440580715559,-0.2,0.3553395681026254,-0.2,0.4211244142126337,0.5403875865011203,1.2933768024100125,0,0.8662819139546228,0.5425083976915474,0.5458005893431864,1.37494236740925,0,,0,1
S0_null,1500457,1.6401938985485844,1.1600602757812968,2.3190484848075146,0.00510754019323922,-0.15672451193058579,0.5519365648562485,0.7780287649239613,40,0.23898171304236893,0.21684661844189923,True,0.6005455901721932,0.6834323757553975,False,0.7640787675599077,0.5135891226357807,0.020333452232662894,0.0,0.02575178272878667,0.0,0.00510754019323922,1.1600602757812968,2.3190484848075146,0,1.6444920560554537,0.04045858890982879,1.0218589434196397,2.6465043339341947,0,,0,1
S0_null,1500458,1.1302118811932378,,,,0.2758105646630228,0.545792273197843,0.6163173614469752,40,0.6537357167168083,0.4306042374918997,True,0.47208393087128453,0.5965854584987518,True,0.19537323538330942,0.31229187030510774,0.04877537487669102,0.04999999999999993,0.03231112320566666,0.05,0.6861940097071194,0.6151813827110841,2.076426452895878,1,1.164531093054823,0.6565060165866915,0.5855994565286886,2.3158024680048928,1,0.0,0,1
S0_null,1500459,0.8672496550941351,,,,-0.7370977951260674,0.5162138865978989,0.1617096244995464,40,0.444416686524409,0.44709881253014183,True,0.9793700367267368,0.8599686631565088,True,0.4871534850547108,0.5496332550827102,0.06657920945636915,-0.07500000000000007,0.03460576199081596,-0.075,0.5629846090373068,0.529278609874314,1.4210322318513875,1,0.8176378861415746,0.5315907379676962,0.4289060068773292,1.5586904872732836,1,0.0,0,1
S0_null,1500460,1.2335324249158368,0.7877566391413804,1.931563845627786,0.3589858228176912,0.08657600646290486,0.5987407641158835,0.8858139860455959,40,0.5132184316761981,0.5508771061382823,True,0.6722223122651105,0.423400886157406,False,0.13275463692371775,0.23281706728697305,0.025711790332652234,-0.04999999999999993,0.024706122142071883,-0.05,0.3589858228176912,0.7877566391413804,1.931563845627786,0,1.3446481939429067,0.2348258039617782,0.8249608884366341,2.191714529521966,0,,0,1
S0_null,1500461,0.9701452341967594,0.584788577088314,1.6094393979459505,0.9065772526545711,0.6342156481121033,0.6059955638320484,0.3020878789446833,40,0.7402622602613693,0.5499735053192967,True,0.8226540286123378,0.775868009183501,True,0.8399894841079916,0.9457732560121044,0.04582253114559106,0.050000000000000044,0.04010243385614931,0.05,0.9065772526545711,0.584788577088314,1.6094393979459505,0,1.0315897433293413,0.907588776471625,0.6101651574959639,1.7440809024716153,0,,0,1
S0_null,1500462,1.2240693592793037,,,,-0.13885224274406338,0.4665600310239497,0.767666637177279,40,0.12122849317407303,0.11589787768578763,False,0.19073742394154758,0.1885042087524159,False,0.09400621267456037,0.1343055787562174,0.15135544073138588,0.125,0.15457597185817973,0.125,0.5067776885461964,0.6648786077254121,2.2535629495621343,1,1.2433562131535276,0.47878963836424837,0.671488049024311,2.302251953752211,1,0.0,0,1
S0_null,1500463,1.2476673716349136,0.7698731417607744,2.021987501320165,0.36903835953883346,-0.21339466421342979,0.43909245312760875,0.6298399873401842,40,0.6725038792129815,0.3340420986145656,False,0.10025058847875738,0.2596856166072552,True,0.7756223893592353,0.5683805633124194,0.07130219316262154,0.07500000000000007,0.04481321300021269,0.075,0.36903835953883346,0.7698731417607744,2.021987501320165,0,1.2623724734691117,0.36715606437673665,0.7608003753740027,2.0946155040855907,0,,0,1
S0_null,1500464,1.155299756276757,,,,0.7500000000000024,0.49871946336348266,0.1411083524451204,40,0.22652913486310855,0.7344879021565662,False,0.6008610323549664,0.5046939604044798,True,0.6946799932584728,0.5859466790515346,0.05709618581602038,0.07500000000000007,0.05494849062323593,0.075,0.624667774763558,0.639073877806157,2.088518359465757,1,1.1862333928398556,0.5812102314514522,0.637486112645572,2.2073416728227597,1,0.0,0,1
S0_null,1500465,1.249469433164811,0.7747080819488186,2.015176943147385,0.3611125072785455,0.6779229480737001,0.5040865202560227,0.1868585459789439,40,0.6538204863235495,0.5779132846550866,True,0.39513527843961604,0.20151797897879153,False,0.9036061774432311,0.7343913940215042,0.019930973567121375,0.025000000000000022,0.0352330639291004,0.025,0.3611125072785455,0.7747080819488186,2.015176943147385,0,1.2001731703311096,0.48351059172666855,0.720404440836617,1.9994541359432059,0,,0,1
S0_null,1500466,1.4061797823278388,0.8815288122367393,2.2430821917327672,0.1525125842253847,-0.7912143514259485,0.47396359593031007,0.10348769403556779,40,0.4192663509128671,0.32883495174918975,False,0.01748662598019876,0.004550151796573777,True,0.7387756465908693,0.29952285560915903,0.14227654777971294,-0.125,0.1308595450857383,-0.125,0.1525125842253847,0.8815288122367393,2.2430821917327672,0,1.3180455687430315,0.25866421033918263,0.8162650346804544,2.1282843775897193,0,,0,1
S0_null,1500467,0.9117854384439634,0.5225275404764559,1.5910217574377015,0.7450892611742059,0.865848180865401,0.4647337609736792,0.07040030118168478,40,0.39024372614940905,0.7037419509810426,False,0.7508060042687157,0.7346083896103746,True,0.5613509391709719,0.2535618285822393,0.014443186156453246,0.0,0.02575178272878667,0.0,0.7450892611742059,0.5225275404764559,1.5910217574377015,0,0.9260670034239765,0.7846072196545467,0.533871619273498,1.6063788818699538,0,,0,1
S0_null,1500468,0.9688331207948946,0.6389578263334624,1.4690134110029887,0.8814848049888518,-0.46583126550868426,0.4817506230764578,0.339844729764702,40,0.4200957035169909,0.5148044614038421,True,0.9404291687537614,0.8071678695884834,False,0.7791249302039736,0.4388758967975728,0.03383318219254119,0.025000000000000022,0.05370801749285708,0.025,0.8814848049888518,0.6389578263334624,1.4690134110029887,0,1.0228175460171518,0.9184153094237484,0.6642225218976475,1.5750079197130178,0,,0,1
S0_null,1500469,1.2079915138592445,0.7713132821963182,1.8918946830537473,0.40906578062994225,0.2512041884816763,0.526642279375146,0.6361731388002754,40,0.9197583721139451,0.8812264904491884,False,0.935787146546408,0.6641069206185585,True,0.4084888846208182,0.3206967836902347,0.09672262768045782,-0.07499999999999996,0.0743759621482963,-0.075,0.40906578062994225,0.7713132821963182,1.8918946830537473,0,1.1697586643329194,0.5192440990303147,0.7261308465353734,1.8844197837218268,0,,0,1
S0_null,1500470,1.0478029419575081,0.6552435175063238,1.6755465347495229,0.8454262762141397,-0.6637258596325919,0.5202846480421608,0.21001353855301186,40,0.09470870705052331,0.05161232349542687,True,0.8226692365051227,0.8172205574549392,True,0.6863798648843331,0.2762573049788407,0.07075798274358597,0.07499999999999996,0.04481321300021269,0.075,0.8454262762141397,0.6552435175063238,1.6755465347495229,0,1.011604718100275,0.9628267078608657,0.6227135305857469,1.6433625662833158,0,,0,1
S0_null,1500471,0.7535847936325172,0.46581403388119075,1.2191346758329054,0.2490433033351528,0.3367520559599201,0.5891406527766233,0.5710501895710146,40,0.09659434751047219,0.090104052474279,True,0.5623781521046112,0.5690741234759775,True,0.5492463686130926,0.7544571823240745,0.07950028887490683,0.07499999999999996,0.05494849062323593,0.075,0.2490433033351528,0.46581403388119075,1.2191346758329054,0,0.8045419833955675,0.38711634176781184,0.49147438573501784,1.3170326304554634,0,,0,1
S0_null,1500472,1.2969334096800555,,,,0.41764860946355475,0.42395235142251314,0.33095823178341544,40,0.08243559618159658,0.0798774758518565,False,0.33286258593365436,0.39232172424810907,True,0.5398872010401358,0.6248956048506191,0.03159916221115676,0.0,0.005544304085089134,0.0,0.31179416027224993,0.7763134219065804,2.1666973952522324,1,1.4809541327002398,0.16569427705275172,0.8440152516971523,2.598561031630371,1,0.0,0,1
S0_null,1500473,1.1870455567945353,0.7647560562660876,1.8425184637117495,0.44464310650617356,1.3912941176470581,0.5481868771026766,0.01549149166421434,40,0.43242985842822024,0.3424708497214737,True,0.04266090923919369,0.04326757716809772,False,0.010213438753162628,0.044258075748398996,0.10627606741129524,-0.09999999999999998,0.07502426537113577,-0.1,0.44464310650617356,0.7647560562660876,1.8425184637117495,0,1.293036115779535,0.26963532956370284,0.8193085470708803,2.04067491140866,0,,0,1
S0_null,1500474,0.7802725141898625,0.4653629291985097,1.30828039407596,0.34674676405419613,-0.7513283466597867,0.47686173750048494,0.12363820158307146,40,0.6141442115865494,0.7042744726562589,True,0.722301642898255,0.9027298359040881,False,0.38039786319324753,0.5410970895462448,0.0655504364978882,0.07499999999999996,0.03460576199081596,0.075,0.34674676405419613,0.4653629291985097,1.30828039407596,0,0.7889423316552857,0.3765057779794104,0.46651953197744545,1.334199235001743,0,,0,1
S0_null,1500475,1.09036996101618,0.6772139458550815,1.7555850099708998,0.7218204146685776,-0.44674482521686765,0.5303209166017301,0.4049740279241405,40,0.30570132417514806,0.32851539053322,True,0.9701859920845864,0.9891845287773744,False,0.2574129060572016,0.37642853975886825,0.07135179124882049,0.07500000000000007,0.0835237244810848,0.075,0.7218204146685776,0.6772139458550815,1.7555850099708998,0,1.0982165021065577,0.7139504264933632,0.6654730544407288,1.8123641182027515,0,,0,1
S0_null,1500476,1.0076219779885647,0.645933072436908,1.5718378479912218,0.9733004336642659,0.8191765980498338,0.670136270130546,0.22928533908562504,40,0.23022868476326763,0.13892849628561998,False,0.7626288667171681,0.7041283152476174,False,0.45390075528891616,0.4954429901571905,0.1434105151871211,-0.125,0.08565825367350988,-0.125,0.9733004336642659,0.645933072436908,1.5718378479912218,0,1.0558498036029467,0.8210566578714001,0.6593001669517637,1.6909123698886372,0,,0,1
S0_null,1500477,1.2779764785154946,0.7984138211669529,2.045585680432939,0.3068001989430136,0.5000000000000004,0.4768089244086863,0.3011464829968248,40,0.13112173890885034,0.2603831854565798,False,0.04405825151566865,0.04158348184625884,True,0.08857277701954937,0.1604021724106418,0.33832650878423304,0.20000000000000007,0.32904785026129135,0.2,0.3068001989430136,0.7984138211669529,2.045585680432939,0,1.3363253915468838,0.24353772139184815,0.820912892913995,2.1753410958792463,0,,0,1
S0_null,1500478,0.9288889819209628,0.6247475636885383,1.3810934061750426,0.7154791148671086,-0.10846581434129954,0.5235332189254216,0.8370050284611876,40,0.7625354645120062,0.5685085747303202,False,0.831193733416755,0.6744088996328593,False,0.6806908472250113,0.8174498786445251,0.0580222578593697,-0.04999999999999993,0.0847078824846931,-0.05,0.7154791148671086,0.6247475636885383,1.3810934061750426,0,0.9453776033365546,0.7923537835543749,0.6222777025862329,1.4362378873225288,0,,0,1
S0_null,1500479,1.3566097307775904,0.9171499709891582,2.00664015684977,0.1267688540702967,0.8199660441426144,0.5160574521025246,0.12059170836932749,40,0.04974055321407609,0.07999146662412485,False,0.17865311964913733,0.27166026677335386,False,0.24494371496299416,0.3684245229652017,0.13120825075550666,0.125,0.1308595450857383,0.125,0.1267688540702967,0.9171499709891582,2.00664015684977,0,1.379568661198418,0.1583800330549643,0.882202428347135,2.157338984575893,0,,0,1
S0_null,1500480,1.124104280581003,0.6798673832868745,1.8586131129155021,0.6484007224755393,0.231687678779529,0.5041698749236975,0.6485331634940301,40,0.26810162007583305,0.23839667032246237,False,0.4720313309700591,0.36378192198486925,False,0.312471582964051,0.41288183126330513,0.03693467408653379,0.025000000000000022,0.0414069212922549,0.025,0.6484007224755393,0.6798673832868745,1.8586131129155021,0,1.196319192015197,0.5356521828595431,0.6784477990587294,2.109491122485025,0,,0,1
S0_null,1500481,1.3120304992421006,0.8553665503251634,2.0124986536907303,0.2134183128956465,-0.1767527675276761,0.41476363904951086,0.6724654152055157,40,0.23931654122149526,0.260090871798637,False,0.9404447281059352,0.9351736147813096,True,0.03269390316782055,0.19070081218003399,0.14341051518712117,0.125,0.08565825367350988,0.125,0.2134183128956465,0.8553665503251634,2.0124986536907303,0,1.3539573320808058,0.1777240338457624,0.8714151339126274,2.1037050950267067,0,,0,1
S0_null,1500482,0.9112435090681447,0.5766454239791384,1.4399918880633766,0.6905476909343418,-1.0191169563175215,0.43789411869336914,0.025527207280327636,40,0.058394580346790674,0.13209848142379904,True,0.5187240812654532,0.5238555310690132,True,0.30308967167361145,0.30729631063137874,0.4137942343603103,-0.22499999999999998,0.4076949647158248,-0.225,0.6905476909343418,0.5766454239791384,1.4399918880633766,0,0.9020786093986712,0.6768130311591304,0.5556396643767817,1.4645207491573817,0,,0,1
S0_null,1500483,1.0749998727523429,0.6678959954413559,1.7302465268621632,0.7658402127812756,-0.7287203242617242,0.4583517377138334,0.12037324060088371,40,0.5868306839955078,0.5781824358436571,False,0.6869230818706997,0.596724109002208,False,0.9650677831116365,0.9458603898228762,0.05613611572508109,-0.04999999999999993,0.024706122142071883,-0.05,0.7658402127812756,0.6678959954413559,1.7302465268621632,0,1.0249493552538083,0.9223139111077547,0.6246020306570628,1.681904843841254,0,,0,1
S0_null,1500484,1.1087575280986577,0.6736951502619416,1.8247767638485457,0.6846387532636584,-0.5775383910153571,0.5558383440104988,0.3055286846370942,40,0.3545232350445727,0.2268770262158174,True,0.9197827076676072,0.9783485955590373,True,0.8155174861758041,0.8171950239475684,0.04852387520394682,0.04999999999999993,0.047919065615694055,0.05,0.6846387532636584,0.6736951502619416,1.8247767638485457,0,1.0751216464606184,0.7818671183665289,0.6438467179882961,1.7952822036582978,0,,0,1
S0_null,1500485,1.0905965040907268,0.7219019296325192,1.6475932338072206,0.6803570464200037,-0.47632770687525827,0.5048314394207704,0.35152642174708404,40,0.6140515377913724,0.5504259825195849,False,0.9197340143988769,0.6346708746810984,False,0.526990973628878,0.5468255379828437,0.024836474664744528,0.0,0.02575178272878667,0.0,0.6803570464200037,0.7219019296325192,1.6475932338072206,0,1.0879667990221846,0.7294859525467543,0.6746632401991054,1.754463093950777,0,,0,1
S0_null,1500486,1.3287590685451727,0.8300231540265053,2.1271703731106446,0.23642731390798144,-0.5117313097245663,0.528696944308493,0.3393737441309975,40,0.1649005619428866,0.15827033609494512,True,0.7101979513967134,0.7855642682367558,False,0.09162375328777791,0.11139783243864096,0.3323106567592721,0.19999999999999996,0.34991342790371893,0.2,0.23642731390798144,0.8300231540265053,2.1271703731106446,0,1.410600543640691,0.21741979541981848,0.8165700356245635,2.436770646620035,0,,0,1
S0_null,1500487,1.1082763465248924,0.6847242350539745,1.7938264740545404,0.6756280628864271,-0.48395721925133817,0.5329170739857151,0.3696875505260281,40,0.2503162997393372,0.35612123304061116,True,0.27534779847776003,0.42298462527984104,True,0.558311624817503,0.4541642078854673,0.0886058496297587,-0.07499999999999996,0.024630214771563665,-0.075,0.6756280628864271,0.6847242350539745,1.7938264740545404,0,1.1258251920910625,0.6568448096453574,0.6674225632783461,1.8990702935199968,0,,0,1
S0_null,1500488,1.2570618928367752,0.8128851843700495,1.94394563070671,0.3036844153760704,0.8824500081287583,0.6128891242987243,0.15832629097733944,40,0.029345819926797835,0.049231508661708716,True,0.9553036899114847,0.7142741002108508,False,0.2434148228386266,0.7228836909324454,0.23569996804128854,0.17500000000000004,0.25269124788734765,0.175,0.3036844153760704,0.8128851843700495,1.94394563070671,0,1.2347790132719736,0.4423103612161663,0.712720490108273,2.139238639519522,1,0.0,0,1
S0_null,1500489,1.6539535447385938,0.9537989076011522,2.868070309530364,0.07320625339082282,0.632287792379536,0.4199040239195141,0.14061109073772912,40,0.3223400218319601,0.45599819501421035,True,0.7087842319735201,0.49785048928722275,False,0.4690607636498927,0.6335615507832543,0.08342923290375213,-0.09999999999999998,0.06198396713929165,-0.1,0.07320625339082282,0.9537989076011522,2.868070309530364,0,1.7634085410869178,0.057259541344995536,0.9826573611636455,3.1644902950667833,0,,0,1
S0_null,1500490,0.9395063316428187,0.6011269132925535,1.4683623835144635,0.7841725930171235,0.41025158387659566,0.5264731715660739,0.4407912899625857,40,0.7171355841257319,0.4083206530761896,False,0.37554447396184665,0.5143472798535238,False,0.17175811348585135,0.17834187027647552,0.07029098252415004,-0.07500000000000001,0.0743759621482963,-0.075,0.7841725930171235,0.6011269132925535,1.4683623835144635,0,0.8708893066529252,0.5684506845736375,0.541557718725342,1.4004937206463666,0,,0,1
S0_null,1500491,0.7672664091963008,0.4867356080893747,1.2094815602085316,0.25391375056484633,-0.5191077061739539,0.5104803935383896,0.3158045329011708,40,0.33843991740184065,0.3489784153797977,False,0.40046497983413387,0.1876283880462174,True,0.16783484732534226,0.246809288122377,0.025590695239942365,-0.025000000000000022,0.012390771509656994,-0.025,0.25391375056484633,0.4867356080893747,1.2094815602085316,0,0.7440594741167079,0.2714313337342297,0.4393318317613849,1.2601511226792306,0,,0,1
S0_null,1500492,0.5788930872253882,,,,-0.20000000000000157,0.5295203820193964,0.7078113491979849,40,0.42067470415946373,0.3635557881504261,False,0.919847494387904,0.8600144473193965,True,0.5038732015587482,0.46275124156681746,0.03466446260523594,-0.050000000000000044,0.047919065615694055,-0.05,0.0905341921442262,0.30614304576354834,1.0946425570488736,1,0.6002999140304569,0.13740633973456828,0.3039470335099124,1.1856012629030044,1,0.0,0,1
S0_null,1500493,0.9779421285155606,,,,0.0031948881789138905,0.42542985000667644,0.9940484579334021,40,0.3903263794183772,0.5964640223685373,True,0.824746661468171,0.47181296001959216,True,0.45337817700747285,0.3480429995708394,0.040880941417300705,-0.04999999999999993,0.04010243385614931,-0.05,0.9407371044808107,0.5351218384093935,1.7872019754758663,1,1.0276517296018188,0.9278232985220948,0.5610940281659468,1.8821588260448774,1,0.0,0,1
S0_null,1500494,1.1121765452969987,0.7614559883362723,1.6244361944166816,0.5822862625182503,-0.00895720559697688,0.45062509266663214,0.9842480691413763,40,0.4563579235574797,0.4081218168719015,False,0.8719251140598321,0.8812432187163868,False,0.8367950696293198,0.8384832302855912,0.034971785425681814,-0.050000000000000044,0.055653255970699776,-0.05,0.5822862625182503,0.7614559883362723,1.6244361944166816,0,1.0999883823253056,0.6172071994520605,0.7569877098440467,1.5984069827235627,0,,0,1
S0_null,1500495,0.7425051295310745,0.47322357967527773,1.1650177443783867,0.19517996805271243,-0.07588121680347726,0.4653905317212579,0.8713675690092235,40,0.3979196159294409,0.3703317491749476,True,0.985099495641054,0.8387015121406873,True,0.216440265266863,0.36869800632870053,0.1758672105832599,-0.14999999999999997,0.17244622317316977,-0.15,0.19517996805271243,0.47322357967527773,1.1650177443783867,0,0.7653400893894832,0.28144615615177415,0.4704392498552366,1.2451032787059062,0,,0,1
S0_null,1500496,1.107796058532699,0.7008058440999616,1.7511442257972034,0.6612476333178307,-0.3879138913022496,0.5783068395091092,0.5065296322087284,40,0.231981440621697,0.09994549832528811,False,0.743802949119835,0.8599228340431863,False,0.5866500610809526,0.2742655318728098,0.14227654777971294,0.125,0.1308595450857383,0.125,0.6612476333178307,0.7008058440999616,1.7511442257972034,0,1.0859110923967805,0.746925000158209,0.6582493748725698,1.7914227428148346,0,,0,1
S0_null,1500497,0.9490181133291262,0.6011342468642722,1.4982267008156753,0.8222814506563301,0.2801504702194342,0.5606588510544817,0.6202584958532734,40,0.9057809560712242,0.8170501316965547,True,0.7958537239266226,0.9458782770530303,True,0.7315743243588675,0.5765960555017529,0.04582253114559106,0.050000000000000044,0.024706122142071883,0.05,0.8222814506563301,0.6011342468642722,1.4982267008156753,0,0.9386168912632717,0.8031598510669917,0.5703751289904272,1.5446004283603934,0,,0,1
S0_null,1500498,1.5238817208763242,0.893142369772517,2.6000507621337623,0.12225178946930354,-0.3166082787867627,0.5444199154426155,0.5643952371225233,40,0.3698022569076965,0.48910896641446033,False,0.010796814335247871,0.016679698886001838,True,0.31895098736180794,0.614018887975122,0.09224314084399211,-0.09999999999999998,0.08733606889123377,-0.1,0.12225178946930354,0.893142369772517,2.6000507621337623,0,1.6512775459872702,0.07046409145987784,0.9589844593940053,2.8433386038443094,0,,0,1
S0_null,1500499,1.3983160737413978,0.8824822533878426,2.2156681730167644,0.1533999613329145,-0.06821855023519507,0.5085393666791483,0.8940141203382694,40,0.03320197418504299,0.05755963587709789,True,0.27875548922644267,0.7242797401021521,True,0.3855269799135712,0.6338519111935614,0.07953546895946462,-0.07499999999999996,0.06483499538239326,-0.075,0.1533999613329145,0.8824822533878426,2.2156681730167644,0,1.3344374200073823,0.27396642709460706,0.7958182482284291,2.23760039667352,0,,0,1
S0_null,1500500,1.3985244520975832,0.9851763549550108,1.9853000260081988,0.06059820781456895,-0.1276120366782877,0.48680580632695086,0.7946662908725731,40,0.22695334997944938,0.1508060009789199,True,0.7935243196609203,0.9457860961966789,True,0.9104748392332517,0.9674556169171104,0.04856826202062922,0.04999999999999993,0.07061977533748846,0.05,0.06059820781456895,0.9851763549550108,1.9853000260081988,0,1.4030456621559229,0.07557821989436955,0.9657208593702765,2.0384121467337755,0,,0,1
S0_null,1500501,0.864531644403956,0.5518691221666602,1.3543337254337173,0.5250363134932299,-0.24793305439330504,0.4932314087128528,0.6181746955511328,40,0.6136499742932804,0.902898714859532,False,0.49227738428870016,0.24871485094079326,False,0.32124082365275564,0.265628482502861,0.06873881800075764,-0.07499999999999996,0.0743759621482963,-0.075,0.5250363134932299,0.5518691221666602,1.3543337254337173,0,0.8661799449902036,0.5462074435997015,0.5432060324044593,1.3811843984541747,0,,0,1
S0_null,1500502,1.4110942300285836,0.9047786149945474,2.200744903803856,0.1288451819244836,0.5945945945945944,0.5831342089910482,0.31451419393592,40,0.8201731584801073,0.9350482864041991,True,0.07060917359576573,0.22738172303671267,True,0.1480022027466313,0.24638158782242014,0.05588422181992767,0.07499999999999996,0.05494849062323593,0.075,0.1288451819244836,0.9047786149945474,2.200744903803856,0,1.518647800942308,0.08018067145736986,0.9510140265267557,2.4250863593777106,0,,0,1
S0_null,1500503,1.1327182771354591,0.7207154622971984,1.780245828592528,0.5890437939833469,0.5432603311171933,0.5024679306731685,0.2866120745113173,40,0.06704234723502123,0.10961244031613017,True,0.40079364524921324,0.4475491875765637,True,0.5552165425939133,0.5755224298410715,0.22063823342874006,0.14999999999999997,0.2278018352655363,0.15,0.5890437939833469,0.7207154622971984,1.780245828592528,0,0.9073927734576729,0.7057794224249127,0.5478833138899213,1.502804747743485,0,,0,1
S0_null,1500504,0.6371424330516415,0.3970191259167487,1.0224960297758794,0.061792432254289716,-0.5775127579321067,0.578104295238237,0.32429469183119863,40,0.9038009885780418,0.9028668322490749,False,0.4936824876542105,0.5966894597285386,False,0.8872624934507093,0.8486063255163163,0.03570455296472182,0.02499999999999991,0.017563739731861275,0.025,0.061792432254289716,0.3970191259167487,1.0224960297758794,0,0.6164247773035239,0.04223840929282943,0.3864787554754055,0.9831834239020154,0,,0,1
S0_null,1500505,1.2288489719345865,0.8239252877728733,1.8327751535658194,0.3123102310403426,-0.21045237426243113,0.5587610957319034,0.7085917681016816,40,0.34089518664227525,0.32252663880620835,True,0.1627355975064062,0.11995425310084748,False,0.965192655368761,0.4961197214971167,0.015892180034476473,0.0,0.012415162210221016,0.0,0.3123102310403426,0.8239252877728733,1.8327751535658194,0,1.2706694528743991,0.28887649779597047,0.816170498905568,1.9782641747443708,0,,0,1
S0_null,1500506,1.327787971029785,0.782971650306418,2.2517046374813576,0.2927649812189941,0.1592806348552016,0.6158128905364404,0.7973380091256744,40,0.45515496267864286,0.29033524154054313,False,0.7321242682735405,0.8385962452475765,True,0.5156510697356635,0.7234396106695749,0.3185805296848142,0.19999999999999996,0.2960934199061347,0.2,0.2927649812189941,0.782971650306418,2.2517046374813576,0,1.2966359035031692,0.3519380028903577,0.7503589875933796,2.2406137516201228,0,,0,1
S0_null,1500507,0.9306107570325857,0.5887608238934802,1.470947702290476,0.7581815350662974,0.42498929336188507,0.4172439381265809,0.315024679335567,40,0.7110207256113203,0.4075241340379212,False,0.7934694374807945,0.6934675630487115,False,0.1598740465587637,0.3482715050056301,0.14001724382915756,0.125,0.1308595450857383,0.125,0.7581815350662974,0.5887608238934802,1.470947702290476,0,0.873895717243389,0.6271267679378045,0.5073010263180048,1.5054054397627241,0,,0,1
S0_null,1500508,0.8864668395916354,0.5772622254813558,1.3612937465989838,0.5818758618066647,-0.7648122686409301,0.509015756291077,0.14144750605796605,40,0.16711007330131677,0.1087586225182452,False,0.9357676425194102,0.7962416196112712,True,0.31779013268859957,0.3203291328486799,0.08405373763632872,0.07499999999999996,0.09226046032336352,0.075,0.5818758618066647,0.5772622254813558,1.3612937465989838,0,0.8461848005002931,0.5071557645440028,0.5165659425587931,1.3861322584506737,0,,0,1
S0_null,1500509,1.7244143905274332,1.114970711798803,2.666980359924187,0.014320740249590496,-0.3213832487309646,0.495143695503332,0.5203016004391906,40,0.5014048723572946,0.5240707190950895,False,0.41126093297394195,0.5238555310690132,True,0.4792309010604706,0.7335302501973633,0.3243840010373621,0.2,0.30909351773576077,0.2,0.014320740249590496,1.114970711798803,2.666980359924187,0,1.8415678125269137,0.016899785803610817,1.115870259233819,3.0392171312673506,0,,0,1
S0_null,1500510,0.7913891329372941,0.5069365752530784,1.2354538818166263,0.303223055190619,-0.0647768836869056,0.6001786379211634,0.9146349039507281,40,0.3485872006582117,0.36323881095069743,True,0.614730145166361,0.8920559814504998,False,0.6272400240913092,0.7963170730502128,0.12332611324857634,-0.09999999999999998,0.13806267595474211,-0.1,0.303223055190619,0.5069365752530784,1.2354538818166263,0,0.7636883669956329,0.2672708291643112,0.4743073540928577,1.229624455222502,0,,0,1
S0_null,1500511,0.599469519787746,0.39053240772657233,0.9201892033660778,0.019264049665803435,-0.029471032745590264,0.48748760840827055,0.952118675709443,40,0.8091281679832087,0.6938527580611276,False,0.17258330599600313,0.2715470620042263,True,0.3942909923010096,0.31445671404337394,0.32199889833971984,-0.20000000000000007,0.30909351773576077,-0.2,0.019264049665803435,0.39053240772657233,0.9201892033660778,0,0.5502950442318872,0.010153093931223564,0.3489871964438723,0.8677241996036322,0,,0,1
S0_null,1500512,1.0624853240854049,,,,0.5067936736161023,0.5278395254888727,0.3432232933479547,40,0.501089567963003,0.7444277636187805,False,0.5876983162461774,0.6837015380574862,True,0.6570322634461613,0.7031528446888189,0.33831018659163,0.20000000000000007,0.36021719990501117,0.2,0.7845733858410842,0.6805982410303087,1.6586511628180893,1,0.9001796395490281,0.6668072828256769,0.551302611351146,1.4698341106577706,1,0.0,0,1
S0_null,1500513,1.21221456044524,0.7376028523428827,1.9922159138727815,0.44770476909727075,-0.1796700372538571,0.6206052386491177,0.7738089813938259,40,0.251085976960123,0.13147773470822033,True,0.1303061036245708,0.32890337298256467,True,0.7163371597723519,0.5223015380687455,0.08031544046255722,-0.09999999999999998,0.07502426537113577,-0.1,0.44770476909727075,0.7376028523428827,1.9922159138727815,0,1.2588370061622198,0.4215735321298406,0.718082832431999,2.2068075387856116,0,,0,1
S0_null,1500514,1.5487769886262863,0.9896291786283132,2.42384744942855,0.05557616213867855,-0.26738669805768145,0.5647210231919431,0.63864933997814,40,0.2973336035363796,0.17513758386243994,False,0.30466191370454554,0.20266832703182536,True,0.05040578262503206,0.06269740801324963,0.04782325572160323,0.02499999999999991,0.029131773706320103,0.025,0.05557616213867855,0.9896291786283132,2.42384744942855,0,1.5851982386213126,0.06510838332048532,0.971575319767279,2.586370201674137,0,,0,1
S0_null,1500515,1.4322485722998515,0.940847057766564,2.1803075812603807,0.09382247403132539,-0.36022539857064495,0.5545327174655328,0.5199622635399075,40,0.24762308556238066,0.3285610685878876,False,0.6695098589970849,0.7136279140068124,True,0.15405807188173898,0.1491870816072565,0.030893746784618564,-0.024999999999999967,0.047582390994191696,-0.025,0.09382247403132539,0.940847057766564,2.1803075812603807,0,1.2630227174481372,0.2734020612579704,0.8316421561620294,1.918164408778814,0,,0,1
S0_null,1500516,0.9462016060832286,0.6009321852074727,1.4898477754946318,0.8113010305204913,-0.7921491658488712,0.4820733296971908,0.10881144581852469,40,0.23939848124846153,0.216542591218982,True,0.21707406123609607,0.24898284402019122,True,0.5316656318176922,0.3621713341614422,0.01683767542548934,0.0,0.021043143355250853,0.0,0.8113010305204913,0.6009321852074727,1.4898477754946318,0,0.918548990160145,0.7235829179475677,0.5736219755673001,1.4708855017100568,0,,0,1
S0_null,1500517,1.4160488656581667,0.9299970066249647,2.15612993982507,0.10487832416829085,-0.41175547359334436,0.45129776824718687,0.3674750118523518,40,0.9826004653394227,0.9891722786609496,True,0.7018645395546592,0.7244169419706792,True,0.5066069853755653,0.5228146433908423,0.009987448224357973,0.0,0.021043143355250853,0.0,0.10487832416829085,0.9299970066249647,2.15612993982507,0,1.4161497326670192,0.14326553943786585,0.8887345249473335,2.2565569459020565,0,,0,1
S0_null,1500518,0.9207334551487129,0.5699766794261631,1.4873417212149425,0.7357299321271509,-0.6841363636363635,0.5212331975042245,0.19742382630067273,40,0.6289886994162087,0.8280229845809034,True,0.06829917495033115,0.15017070861176854,False,0.10097344965148256,0.25787724324685724,0.02114511468373635,0.0,0.03557148962562426,0.0,0.7357299321271509,0.5699766794261631,1.4873417212149425,0,0.9229972667864941,0.7583604534998417,0.5539741338813909,1.5378406723187195,0,,0,1
S0_null,1500519,1.2355117047092918,0.8188744627665788,1.8641308794957352,0.31356742437761076,-0.5429746947442968,0.4706901621744819,0.2560734882332409,40,0.2957091868675982,0.5970182690691272,True,0.48951784152013444,0.49724164637211243,True,0.7102640318742675,0.5137490270501373,0.056136115725081086,0.04999999999999993,0.017521291143505167,0.05,0.31356742437761076,0.8188744627665788,1.8641308794957352,0,1.258408998378596,0.30747053017179204,0.8093066624835045,1.9567282472884604,0,,0,1
S0_null,1500520,1.1491700462858727,0.636164818696989,2.075864235915385,0.6449117668333366,-0.7641241241241263,0.5485428234801603,0.1719312939805436,40,0.6143710923882437,0.24343613806638265,True,0.0462848060891063,0.07320748659763929,True,0.32559054677857624,0.327416463932223,0.08069780594480143,-0.07500000000000007,0.05494849062323593,-0.075,0.6449117668333366,0.636164818696989,2.075864235915385,0,1.1739153200685783,0.5965962821182387,0.6483014958873452,2.125673297738588,0,,0,1
S0_null,1500521,0.7826418099020778,0.4958446631147976,1.23532276975418,0.2925961596923379,0.21923620933522048,0.46300081395141995,0.6386303219083126,40,0.43163563454585563,0.578146578627214,False,0.5880242708086292,0.523875105579823,True,0.6395252708321308,0.4883078232448915,0.01819282672525374,-0.025000000000000022,0.03523306392910041,-0.025,0.2925961596923379,0.4958446631147976,1.23532276975418,0,0.814477957456343,0.4209314690133138,0.4941304881529908,1.342508424569959,0,,0,1
S0_null,1500522,0.9625617229725953,0.635850302594273,1.4571433979849402,0.8568643836410483,0.2667311768500594,0.48377753520764055,0.5847076821746512,40,0.10824217256251893,0.2332634519693575,True,0.3866366987023606,0.5868169864737897,False,0.1154481321419532,0.3213617201602492,0.2508317222583926,-0.17500000000000004,0.2096956861192004,-0.175,0.8568643836410483,0.635850302594273,1.4571433979849402,0,0.9563060278064307,0.8435722441341732,0.6135832018842585,1.490459999573818,0,,0,1
S0_null,1500523,1.4029045449493223,0.8644578457681454,2.2767346862247533,0.170567684991776,-0.40053138492195345,0.5590352319380487,0.4782000590769434,40,0.6022571925356701,0.9027618535604942,True,0.5533105503352531,0.7858614523057685,False,0.8087096416519634,0.7436659271994588,0.019930973567121375,-0.025000000000000022,0.02319930679535069,-0.025,0.170567684991776,0.8644578457681454,2.2767346862247533,0,1.648161364253028,0.07496584820348029,0.9509352219069898,2.8565940350478414,0,,0,1
S0_null,1500524,0.8751571469813939,0.5647776374987754,1.3561089906189387,0.5506661767963761,-0.33768799102132463,0.5493377531497048,0.5425029084194486,40,0.26810162007583305,0.19809646270269599,False,0.4108935585429757,0.5509521622800355,False,0.4926726468099455,0.4535846473292888,0.0665242675003778,-0.07500000000000007,0.0743759621482963,-0.075,0.5506661767963761,0.5647776374987754,1.3561089906189387,0,0.8422456878265714,0.4799400212064414,0.5230731355332319,1.356173258523972,0,,0,1
S0_null,1500525,0.622965925520181,0.39545123163571577,0.9813764968033168,0.04124698073483904,-0.4760981595092033,0.6200032731913115,0.4474221076293929,40,0.5730913103106472,0.9350850430979554,True,0.7436561315091628,0.775816586734713,True,0.6425067953714804,0.4706362509367139,0.07288570848522631,0.09999999999999998,0.061983967139291614,0.1,0.04124698073483904,0.39545123163571577,0.9813764968033168,0,0.6622003608908912,0.12011971254134084,0.3937801799408518,1.1135891045351578,0,,0,1
S0_null,1500526,0.7697337709448259,0.5043811822299248,1.1746871195976776,0.22495516836298857,0.5588872832369959,0.5098391520005827,0.2800737789968105,40,0.21930375563126403,0.23225024265182992,True,0.6539334158650707,0.7550745817188123,False,0.6342747491053669,0.6340611882370853,0.023290036687014213,0.0,0.03557148962562426,0.0,0.22495516836298857,0.5043811822299248,1.1746871195976776,0,0.7492109325292511,0.2137809855417333,0.47524459575727146,1.1811118452108387,0,,0,1
S0_null,1500527,1.6630766871902518,1.011884079937854,2.733340826595047,0.04479576736852619,-0.05152913402725737,0.43015739512585033,0.9052965369585675,40,0.9518468339173016,0.8813601190178451,True,0.34085308793674063,0.27809833729261446,False,0.574081884522353,0.539790481718157,0.5,0.25,0.5,0.25,0.04479576736852619,1.011884079937854,2.733340826595047,0,1.6767338278427084,0.054353638184049334,0.990387484987191,2.8387236026800386,0,,0,1
S0_null,1500528,0.9186467453317961,0.6140996182764531,1.374226294224454,0.679649250218796,0.22539270788297827,0.4914015332959063,0.6491518916544528,40,0.872028111858379,0.9028805000700225,True,0.09726528828885277,0.11200891860626515,False,0.35276185941023275,0.5678673818720004,0.07288570848522623,-0.09999999999999998,0.04835169739931688,-0.1,0.679649250218796,0.6140996182764531,1.374226294224454,0,0.9182550338402209,0.6748098532462332,0.616517954462381,1.36766869653973,0,,0,1
S0_null,1500529,0.8661122219801882,0.560196545285747,1.3390842685058322,0.5179119066428143,0.38513513513513464,0.5414190133971409,0.48133199622449624,40,0.2194439030092632,0.21129799111427428,True,1.0,0.9891651135084895,False,0.3144925482408314,0.18235211247499827,0.01819282672525369,-0.02499999999999991,0.029131773706320103,-0.025,0.5179119066428143,0.560196545285747,1.3390842685058322,0,0.9604090280986098,0.8738978241898272,0.5831784511721261,1.5816522359483973,0,,0,1
S0_null,1500530,0.774317545619902,0.479479458866832,1.2504553643899676,0.2955818590229592,0.7262481089258672,0.5640187541984522,0.20587032947472722,40,0.5728191559972302,0.41571775552688517,False,0.35036251666935947,0.37803139095608906,False,0.5366929751215133,0.46226262342990765,0.03093938075167545,0.025000000000000022,0.029131773706320103,0.025,0.2955818590229592,0.479479458866832,1.2504553643899676,0,0.8021808482467756,0.3706445451823105,0.4951083460225638,1.2997036274249965,0,,0,1
S0_null,1500531,0.931461005624769,0.5982137214834565,1.4503505584057381,0.753318399268322,-0.24999999999999978,0.6155920988086807,0.6869988109744359,40,0.20385687171282663,0.2076629587355,False,0.9132804499590118,0.9351431137887039,False,0.4313421670159464,0.3473790330423253,0.017597945259275275,0.0,0.021043143355250853,0.0,0.753318399268322,0.5982137214834565,1.4503505584057381,0,0.8151119119640914,0.3869126635957514,0.5129816983230457,1.2951873940098189,0,,0,1
S0_null,1500532,1.245914468332157,0.7366390280589463,2.1072775175783724,0.41221107082306896,-0.2999999999999975,0.6326849331199799,0.6381653600329495,40,0.10689252781850701,0.09181391478220616,False,0.6148018358146565,0.7962887878327165,False,0.6662621042034388,0.44608689644520694,0.08512834898982986,0.07500000000000007,0.10851156076691325,0.075,0.41221107082306896,0.7366390280589463,2.1072775175783724,0,1.233327223397438,0.44696468162613556,0.7183668220796674,2.1174363754295755,0,,0,1
S0_null,1500533,0.7722098186930947,0.4663418535337222,1.2786928721226216,0.31509771487126337,-0.029516830776273206,0.4889361652649196,0.9521862606586688,40,0.8246592570416605,0.9566578985543338,True,0.39564020702970115,0.7042080643016028,False,0.35335051798460104,0.391671738280875,0.10535329322236003,0.10000000000000009,0.10968809608557809,0.1,0.31509771487126337,0.4663418535337222,1.2786928721226216,0,0.6939971775203679,0.16710447399941275,0.41333241975497603,1.1652414845458992,0,,0,1
S0_null,1500534,0.9750408865513313,0.6058794984972187,1.5691317049097515,0.9170746447152259,-0.2461776061776082,0.5302006924458637,0.6451460264619456,40,0.6674137616428415,0.6941407043090282,True,0.7602580057326189,0.7756105425420375,True,0.756353931663361,0.4468194660389525,0.016952433175717287,0.0,0.012415162210221016,0.0,0.9170746447152259,0.6058794984972187,1.5691317049097515,0,0.9108361258722224,0.7317895557765626,0.5339526325781438,1.5537379115225245,0,,0,1
S0_null,1500535,0.8362571224630289,0.5397899900212657,1.295551951310906,0.4233478214566406,0.03390819173218773,0.5017896867456356,0.9464881999455067,40,1.0,0.8279188651204075,False,0.14717033690886222,0.3219106225176883,True,0.7929201748317489,0.7648110460919935,0.042957108604514446,-0.025000000000000022,0.029131773706320103,-0.025,0.4233478214566406,0.5397899900212657,1.295551951310906,0,0.9056176748051532,0.6612583375135829,0.5812451408518057,1.4110111470653928,0,,0,1
S0_null,1500536,1.133944958893299,0.7136039417587253,1.8018835022554778,0.5947445026262668,0.1361046780917099,0.5629073948523722,0.8102789503567647,40,0.9197827076676072,0.9457629772930636,False,0.9404343565594124,0.8282466015501001,False,0.320391847253091,0.20153931832944316,0.15880764292463925,0.125,0.1649384004605626,0.125,0.5947445026262668,0.7136039417587253,1.8018835022554778,0,1.1525662929119391,0.5402332377542793,0.7316878292637314,1.8155407353071533,0,,0,1
S0_null,1500537,1.2534611479919242,0.7886808850006166,1.9921426769763846,0.3392293297892802,0.3831598125976079,0.4701740760140015,0.42032609782484387,40,0.11644121837669648,0.08285045890923223,False,0.20424223964033583,0.15072904498922754,True,0.09684899059060623,0.07858106031543352,0.7053850414860948,0.30000000000000004,0.7199689909503035,0.3,0.3392293297892802,0.7886808850006166,1.9921426769763846,0,1.2923748993964932,0.28857365162974447,0.8047710610346294,2.075413693980014,0,,0,1
S0_null,1500538,0.8524540460952723,0.5044814347192981,1.4404452784442632,0.5508872578302726,0.4000000000000019,0.5222320104938152,0.44856918985979927,40,0.9652174695052357,0.8176360961992923,True,0.11158762132882961,0.09839332649362324,False,0.45026834253823433,0.7643769301485157,0.046042864737170036,0.050000000000000044,0.03231112320566662,0.05,0.5508872578302726,0.5044814347192981,1.4404452784442632,0,0.8737954621037586,0.6216827227521677,0.511328175159672,1.4932064116253672,0,,0,1
S0_null,1500539,0.7299202310243684,,,,0.031200798314670403,0.6018200681811804,0.9589318376762705,40,0.5753863760243538,0.7757857162764709,False,0.05751185924643723,0.021106046747702365,True,0.15606926343164354,0.10168734570396594,0.14349213685030462,-0.125,0.10220287084734073,-0.125,0.21761792011591652,0.43912438575859714,1.213286168879626,1,0.7679555514518139,0.33603016673115516,0.443843479861548,1.328747082619367,1,0.0,0,1
S0_null,1500540,1.0842558559705366,,,,-0.9423503649635037,0.5286199744323009,0.0828484366672847,40,0.48075105972386833,0.18808742579656412,False,0.35442574198809573,0.5965854584987518,False,0.8091820523634206,0.7960147552751649,0.06359878844162965,-0.04999999999999993,0.09139198887083037,-0.05,0.7493777791872659,0.6520169595615994,1.8030370897052335,1,1.0583457811401404,0.8362618963997334,0.6098327245956933,1.8367262812925218,1,0.0,0,1
S0_null,1500541,1.1595400604762984,0.729644119014908,1.8427245787502964,0.5311114291760809,1.3240570566451775,0.458827419174061,0.006479873402977314,40,0.03791580439088123,0.03801519218693942,True,0.7226122882560231,0.6443307079824124,False,0.634226796313164,0.7229090327237182,0.037037762118154065,0.025000000000000022,0.047582390994191696,0.025,0.5311114291760809,0.729644119014908,1.8427245787502964,0,1.155767242131118,0.5775220347646199,0.6944581478765953,1.9235110453635869,0,,0,1
S0_null,1500542,0.847949674209381,0.5491510628544584,1.3093276124321316,0.4568269355075001,0.013650268706079105,0.5879048337445326,0.9816007512214096,40,0.8089382695542476,0.9028805000700225,True,0.8879113907026548,0.8492299114111264,False,0.45405141468225085,0.4475491875765637,0.15349349112599833,-0.125,0.10220287084734073,-0.125,0.4568269355075001,0.5491510628544584,1.3093276124321316,0,0.826803989453371,0.43008039294422695,0.5155079702109332,1.3260800540024544,0,,0,1
S0_null,1500543,0.9244122884877604,0.586808380886372,1.4562472298306335,0.7346335795181091,-0.42210311383358623,0.5499072486164511,0.4476020329977848,40,0.930517480048974,1.0,True,0.5564858210650594,0.3770394842559849,True,0.07822311781088281,0.18723146007634217,0.02279370761844094,-0.025000000000000022,0.017563739731861296,-0.025,0.7346335795181091,0.586808380886372,1.4562472298306335,0,0.9280003740579377,0.7618927032724485,0.5723080756111668,1.5047571945092941,0,,0,1
S0_null,1500544,0.8513595452638409,0.5430901435416319,1.33460915085875,0.4829451500671732,-0.18062919759632268,0.5206926552422779,0.7306304820787786,40,0.6539334158650707,0.6061516349666229,False,0.8959777528329079,0.6154292228295513,False,1.0,0.8164757130782375,0.08659181742461486,0.07499999999999996,0.0835237244810848,0.075,0.4829451500671732,0.5430901435416319,1.33460915085875,0,0.8305351166756566,0.45193082320438926,0.511957364556457,1.3473555178350771,0,,0,1
S0_null,1500545,0.9153091417384259,0.5804844975361797,1.4432613248172352,0.7033059587279924,-0.2336307753321446,0.4958755357043804,0.6403012343898263,40,0.4548796929223372,0.29040342295559163,False,0.9839353911277724,0.5964466654301078,False,0.9303688076294168,0.6341897963209557,0.08836428955515989,-0.07500000000000001,0.0743759621482963,-0.075,0.7033059587279924,0.5804844975361797,1.4432613248172352,0,0.9651136330270297,0.8883183604407849,0.5879568893611916,1.584205137330112,0,,0,1
S0_null,1500546,1.0537189402172638,0.631341161666207,1.7586745049891528,0.8413131479343308,0.536452353616534,0.5331738409107296,0.3208788819274624,40,0.6317385797650072,0.6843363024691491,True,0.2270595957633259,0.18380255697580694,False,0.530660056405516,0.6737566479557918,0.20292787737633514,-0.15000000000000002,0.15691990455744992,-0.15,0.8413131479343308,0.631341161666207,1.7586745049891528,0,1.0562346748865696,0.8442031000757597,0.6120535197616878,1.8227681933225797,0,,0,1
S0_null,1500547,1.3003021842600122,,,,-0.06511891279728022,0.5738978818660925,0.9102731642125541,40,0.08717976122371472,0.05578754485246324,True,0.7626055264948537,0.7039819411262441,True,0.7311002399693041,0.8378917016310254,0.05681897983403028,0.07500000000000007,0.06483499538239328,0.075,0.25861213292545104,0.8181396808178882,2.066622375168373,1,1.3047206087498069,0.2951145148380061,0.7858542736806624,2.1661724366828436,1,0.0,0,1
S0_null,1500548,0.7272850447080498,0.4528716338800487,1.1679767437059005,0.1876625743252991,0.6136898698358806,0.5125181732361463,0.23876540257110515,40,0.1082114066222191,0.08739642560009672,True,0.4317269675737343,0.5865156624760292,True,0.32449163165514094,0.5963598472576737,0.03327609947008255,-0.04999999999999993,0.03231112320566666,-0.05,0.1876625743252991,0.4528716338800487,1.1679767437059005,0,0.7710457002414013,0.2953331909075464,0.4737988201036283,1.2547761763752865,0,,0,1
S0_null,1500549,0.8443943503424403,0.5393871686290831,1.3218738975612103,0.459513731270598,1.0500000000000003,0.5274540776150476,0.05393913032354009,40,0.33340306650562057,0.6155126860893798,False,0.6406279110671387,0.7338101282795725,False,0.37742145989814424,0.38345355195511255,0.07504483818410154,-0.07499999999999996,0.0743759621482963,-0.075,0.459513731270598,0.5393871686290831,1.3218738975612103,0,0.7700960944934612,0.2740715938181465,0.48220777263936065,1.229859882821959,0,,0,1
S0_null,1500550,1.197858452100221,0.7480544109011321,1.9181290162295141,0.45231939100816954,0.6000000000000012,0.6322402837096796,0.3487751730288169,40,0.37554447396184665,0.3495241933030079,True,0.6576191766011901,0.5330532619292196,False,0.07706325919945427,0.09652345207202202,0.027915406461401077,0.025000000000000022,0.02319930679535069,0.025,0.45231939100816954,0.7480544109011321,1.9181290162295141,0,1.193819561088129,0.4805315463332598,0.7297564651300568,1.9529873492558283,0,,0,1
S0_null,1500551,1.076759831879056,0.700234200794867,1.655748511329657,0.7362188447166742,0.13682699210337412,0.5394234216941483,0.8011669927994299,40,0.7933838607020136,1.0,False,0.2764614670346399,0.5679775026150957,True,0.8440065416097426,0.9242461067596338,0.10329173301147371,-0.09999999999999998,0.09888517876815865,-0.1,0.7362188447166742,0.700234200794867,1.655748511329657,0,1.0753397763306702,0.7587012625657059,0.6765073095733098,1.7093024985764578,0,,0,1
S0_null,1500552,1.0223176424373384,0.626829792148135,1.6673319857005895,0.9295267013626238,0.4316289104638603,0.5414081026522025,0.43040177261349927,40,0.26201456314894755,0.48923188942465623,True,0.7507218826262558,0.7859108629882715,False,0.7362107424013369,0.713290161303529,0.0655504364978882,-0.07499999999999996,0.024630214771563675,-0.075,0.9295267013626238,0.626829792148135,1.6673319857005895,0,1.0698313510746074,0.7999852969994026,0.6346595792228287,1.8033906005856926,0,,0,1
S0_null,1500553,1.094692573945859,0.6639057299888745,1.805002995639594,0.7228990282710872,0.2633567662565903,0.5154434757463285,0.6124337635623669,40,0.9678838001375056,0.9136712337513314,False,0.13902908274801049,0.1008293916409015,False,0.2693372655763777,0.31489196211673476,0.18330085158727435,0.15000000000000002,0.18611765176727474,0.15,0.7228990282710872,0.6639057299888745,1.805002995639594,0,1.1741899601634926,0.5557631078586027,0.6882302083301265,2.0032861764292194,0,,0,1
S0_null,1500554,1.118177962868826,0.7228768902872342,1.7296471549237986,0.6157511178363949,1.2440383986036865,0.5129826531744967,0.02030259367451755,40,0.1705882171429317,0.2491390563049659,True,0.24296237107734242,0.35582578755677163,False,0.32947995508161276,0.27070785591302404,0.09667866412976014,-0.09999999999999998,0.02104314335525087,-0.1,0.6157511178363949,0.7228768902872342,1.7296471549237986,0,1.121374854896561,0.6452840368801163,0.6885285454666985,1.8263317817011304,0,,0,1
S0_null,1500555,1.1460797757460524,,,,0.28347947389398354,0.5315080782523008,0.5969813095368907,40,0.9404187890747286,0.7145313536655404,True,0.8102773392177629,0.5681974930851195,False,0.8245191375711103,0.7963453464911753,0.053481779532600006,0.050000000000000044,0.07061977533748846,0.05,0.6365807642296135,0.6422468600355568,2.0451619682522115,1,1.3029885814789213,0.44557001135206864,0.6505087627474235,2.6099252472693544,1,0.0,0,1
S0_null,1500556,1.4018682703465786,0.907996592125775,2.1643634617653777,0.12740358160259735,0.6649850421539303,0.5488750743766898,0.23336888040623927,40,0.48936627665543564,0.3622168638569403,True,0.14029698200103152,0.26510847519880476,False,0.7640787675599077,0.7854947471183542,0.020015996567095292,-0.050000000000000044,0.024706122142071883,-0.05,0.12740358160259735,0.907996592125775,2.1643634617653777,0,1.3790530036762294,0.1789617966848419,0.8630239581537725,2.203631972183989,0,,0,1
S0_null,1500557,1.0512559165377686,0.6748478001446975,1.637612216886097,0.8250733905411785,-0.2568504594820372,0.5157834124989246,0.6214443729950119,40,0.009820181865461942,0.010259099765209513,True,0.10223635268244796,0.15813286539387406,False,0.8354670432527381,0.9564389957025359,0.13010176394298734,-0.125,0.1308595450857383,-0.125,0.8250733905411785,0.6748478001446975,1.637612216886097,0,0.9845495201437398,0.9492704501189696,0.6094169169364212,1.5905987029178525,0,,0,1
S0_null,1500558,1.3742199929156207,0.8727294266171498,2.163878667697829,0.16997038835649447,-0.2397647058823522,0.47035270576458804,0.6132503378072545,40,0.6872236535481593,0.7145056595579811,True,0.7017780837567287,0.5486840767913106,True,0.07920143167905062,0.12482734902143731,0.15457542433077887,0.125,0.1308595450857383,0.125,0.16997038835649447,0.8727294266171498,2.163878667697829,0,1.5289115472457622,0.12044752948213365,0.8946790351081556,2.612747619618523,0,,0,1
S0_null,1500559,0.9352030801874182,0.5511854879780929,1.5867703708969858,0.803863120141924,-0.8291910112359533,0.52066332804414,0.11976594358279573,40,0.13992900223947197,0.1466666431085646,False,0.13511860432070427,0.1154169848908441,True,0.2745468424992574,0.3969853346947282,0.02948500075606024,-0.050000000000000044,0.01108296880350949,-0.05,0.803863120141924,0.5511854879780929,1.5867703708969858,0,0.9749123681715517,0.9293268045445905,0.5560586226253637,1.7092696470138504,0,,0,1
S0_null,1500560,1.1306807319386865,,,,-0.07991792875877768,0.5555013264635528,0.8863867651862722,40,0.32217124217585735,0.10979647938540117,False,0.05513540394535617,0.0780168015181879,True,0.4189728620841686,0.4712675940424743,0.030893746784618613,-0.025000000000000022,0.012390771509656994,-0.025,0.676929654660568,0.6256632790700224,2.0433337872691815,1,1.2701990314528695,0.41411392271087466,0.7068968666008657,2.2823776080122067,1,0.0,0,1
S0_null,1500561,1.1007771533289652,0.7163640834824713,1.691472770941439,0.6613334340826837,0.01562116698790969,0.4724004676273841,0.9737983963906218,40,0.2950816744308494,0.3422886868727315,False,0.27690003233013605,0.37080595951214934,False,0.1631855471055822,0.1737519457081731,0.027915406461401077,-0.025000000000000022,0.02319930679535069,-0.025,0.6613334340826837,0.7163640834824713,1.691472770941439,0,1.0663728861588295,0.7862501701530286,0.6701891239047784,1.6967615435315242,0,,0,1
S0_null,1500562,1.4072959331997401,0.8737035425546413,2.2667664111899466,0.16007137567906227,0.11940186354072668,0.48208734152343713,0.8057538102424571,40,0.8247641266753114,0.7448584036456896,False,0.4199301107928407,0.2538989465101792,True,0.17560789089946716,0.14978523436677665,0.2562805976117995,0.175,0.25269124788734765,0.175,0.16007137567906227,0.8737035425546413,2.2667664111899466,0,1.6402847483933698,0.045208576213450966,1.0106181771823761,2.6622656474606106,0,,0,1
S0_null,1500563,1.341762807802189,0.8609451841130714,2.0911057586736788,0.19408243518582913,-0.11908364859184406,0.5395059721254343,0.826518354665529,40,0.6010770819374865,0.6539007137829352,False,0.4894420757639363,0.38509824951394533,False,0.23825492867960552,0.35296493353001956,0.07955785428720794,0.07499999999999996,0.10058623154071397,0.075,0.19408243518582913,0.8609451841130714,2.0911057586736788,0,1.3758464208611703,0.2083180933523101,0.8369758313484169,2.261658345315461,0,,0,1
S0_null,1500564,1.2829589156909238,0.7905227225772264,2.082145816105917,0.31319814402717894,-0.04999999999999938,0.5049951429903918,0.9216641440930238,40,0.7225890801402209,0.8813545601627767,False,0.7019221350391329,0.7549178672762116,False,0.23100282504646552,0.10605864985589242,0.10549123921644644,0.10000000000000009,0.09888517876815865,0.1,0.31319814402717894,0.7905227225772264,2.082145816105917,0,1.26063815585161,0.36624059474693604,0.7627610890219781,2.083494534345809,0,,0,1
S0_null,1500565,0.913580866778822,0.5797894448025459,1.4395398323068584,0.6968415040566782,-0.521884870096792,0.4623157665086157,0.2662275683461665,40,0.024151944849469576,0.011313326193434082,True,0.04407969994283246,0.04344529105438245,False,0.5554052675723327,0.46268758315253833,0.030471780461411142,-0.050000000000000044,0.040102433856149304,-0.05,0.6968415040566782,0.5797894448025459,1.4395398323068584,0,0.9276665036872873,0.7537476393895364,0.5803111076171565,1.4829375670526175,0,,0,1
S0_null,1500566,1.2703909605216026,0.7980785344006351,2.0222235319072324,0.31296332770440316,0.6666963071450984,0.4394687369819552,0.13775234911577802,40,0.14856414681850102,0.12838002169602158,False,0.009919196798964976,0.06909148754039353,True,0.1831110405286045,0.3076637539140227,0.04856826202062922,0.04999999999999993,0.04010243385614931,0.05,0.31296332770440316,0.7980785344006351,2.0222235319072324,0,1.2397949026876243,0.3800002921963742,0.7672550418575245,2.0033643532780405,0,,0,1
S0_null,1500567,0.8336961324711089,0.5374179497211923,1.2933122938261927,0.41686069105349266,-0.477965179542981,0.425027225787387,0.2680217200461016,40,0.08336874889191662,0.18378187785796185,True,0.6872428648621585,0.8278386444303413,True,0.5692673473642621,0.46349228023956934,0.05004697972219608,0.050000000000000044,0.040102433856149304,0.05,0.41686069105349266,0.5374179497211923,1.2933122938261927,0,0.870265249881831,0.5686418387052525,0.5397107255555486,1.403273215243776,0,,0,1
S0_null,1500568,1.0980767900567958,0.7294207888017635,1.6530549380724222,0.6539525174385519,0.22410986775178166,0.5172342180466583,0.6673232966772361,40,0.6011493143674917,0.9243815292219091,False,0.14712934681229942,0.4154315608285648,True,0.5233112115642536,0.5864801694194917,0.061763229552468546,0.07500000000000007,0.04481321300021269,0.075,0.6539525174385519,0.7294207888017635,1.6530549380724222,0,1.0308765023105404,0.8889712100550788,0.6726597166112859,1.5798572989768114,0,,0,1
S0_null,1500569,1.4024377743422711,0.8235145044629034,2.3883388820029,0.21308851975298926,-0.7777661795407103,0.5303343128904604,0.15094474048188633,40,0.7602856010924157,0.9783547249918327,True,0.4107300655838739,0.13439807660125347,False,0.7305705239308187,0.4374200481253536,0.03383318219254119,-0.025000000000000022,0.007884793234706604,-0.025,0.21308851975298926,0.8235145044629034,2.3883388820029,0,1.4569824177858268,0.2961778506551768,0.7099294035835734,2.990153323727119,1,0.0,0,1
S0_null,1500570,1.6920047337311201,0.9673823018231522,2.95940913284548,0.06522557369188448,0.3130621822448152,0.5040185490524444,0.5383206468050681,40,0.41077095126879637,0.6344466072075621,True,0.5710604023910415,0.8280229845809034,False,0.9619172435971397,0.9132922018846351,0.06572733703374267,0.07499999999999996,0.06483499538239326,0.075,0.06522557369188448,0.9673823018231522,2.95940913284548,0,1.6993452272200322,0.11489820478870387,0.8738486222054876,3.3046618463357094,1,0.0,0,1
S0_null,1500571,1.3102759815887557,0.838650100165856,2.0471268620713796,0.23521211936215314,-1.0980392156862722,0.48926151127077777,0.03088203630589172,40,0.19824528548058462,0.20736330685556303,False,0.8616259560277182,0.634798842793298,False,0.2097892360110849,0.18285007218086746,0.21884644133736933,-0.15000000000000002,0.18611765176727474,-0.15,0.23521211936215314,0.838650100165856,2.0471268620713796,0,1.2184938281558453,0.42846569723135086,0.7471156756851598,1.9872788880949164,0,,0,1
S0_null,1500572,1.371097128400389,0.8370029311893841,2.2459985090332215,0.21007126372081808,0.03974008207934476,0.5649876493931894,0.9443034678250962,40,0.8227148367227574,0.9675156102895593,False,0.602359011045632,0.7139644768616713,False,0.5238762150408394,0.30089136538480143,0.2185503068628359,0.1499999999999999,0.24333222343259678,0.15,0.21007126372081808,0.8370029311893841,2.2459985090332215,0,1.3167962048313773,0.34360699782002474,0.7368172427449553,2.353300309040834,1,0.0,0,1
S0_null,1500573,1.101653728048817,0.7146585138255689,1.6982109819516928,0.6610534005942528,0.7706903405326635,0.5996606388090552,0.20670560358709633,40,0.7088568965831903,0.6943732101682093,True,0.1773147245516432,0.15251494295774992,False,0.40669597306530036,0.34089493552677674,0.08045945422914628,0.07500000000000007,0.09226046032336344,0.075,0.6610534005942528,0.7146585138255689,1.6982109819516928,0,0.9218116631581124,0.7481231101670658,0.5608306325159353,1.5151396750964399,0,,0,1
S0_null,1500574,1.4224826451912929,,,,0.32184379595944357,0.5875247170531024,0.5871216204818585,40,0.44427827775905815,0.3224582707436858,True,0.3159343710462871,0.41490212095470824,False,0.175659410635847,0.42274322880942294,0.4228989985340373,0.22499999999999998,0.42368090807721503,0.225,0.2586329834545774,0.7638406748275129,2.649056200532062,1,1.465760988891228,0.21293815269236588,0.7957820735522342,2.6998035617528506,1,0.0,0,1
S0_null,1500575,0.9354086330618534,0.6105868673438085,1.4330300201395538,0.7589941208459506,0.12023313905079291,0.5566717102561896,0.830185214069723,40,0.7792376621183653,0.7552533165092852,False,0.5562984612747348,0.4301015941964085,True,0.3368602731621392,0.24653923628522667,0.08404791792365765,0.07499999999999996,0.09226046032336344,0.075,0.7589941208459506,0.6105868673438085,1.4330300201395538,0,0.8780487476209793,0.5908614952838181,0.5465075371031072,1.41072089743808,0,,0,1
S0_null,1500576,0.8461300644739674,0.5455469862734128,1.3123270845967303,0.45557451553648565,-0.7515441807263377,0.5570440849946107,0.18548300508297993,40,0.8720409691192086,0.828326253632828,True,0.5593102550694831,0.5241488975760269,True,0.7596762936037293,0.8172205574549392,0.15397876100608604,-0.15000000000000002,0.13912737068907083,-0.15,0.45557451553648565,0.5455469862734128,1.3123270845967303,0,0.7844957919982724,0.31851379072965,0.48694251398299876,1.263873311510615,0,,0,1
S0_null,1500577,0.9806586355850508,0.6253581257478391,1.537824999711146,0.9321937479264489,0.2999999999999965,0.4358426246503102,0.4955434034730145,40,0.6356098353373475,0.9783618694216256,False,0.3756896645060658,0.4003690309246829,True,0.33207420159979095,0.10882562079179788,0.3028476057626802,0.20000000000000007,0.2800310090496965,0.2,0.9321937479264489,0.6253581257478391,1.537824999711146,0,1.019472193227029,0.9383636169663674,0.6253001211878411,1.6621195447536374,0,,0,1
S0_null,1500578,0.7752618465599072,0.4843332466629505,1.2409450205464356,0.28888914163717005,0.2554646279745909,0.6405478556789894,0.6923167903072749,40,0.5134021039282408,0.3158057345979607,True,0.055222067985311755,0.09521290077196874,False,0.09568639165546736,0.07939304871280022,0.059002270956056396,0.07499999999999996,0.03460576199081596,0.075,0.28888914163717005,0.4843332466629505,1.2409450205464356,0,0.8936553423382388,0.6710481765760312,0.5318977536021792,1.5014537389586053,0,,0,1
S0_null,1500579,1.1297540651256275,0.7065361316404425,1.8064812123683636,0.6104526014552515,0.3000000000000015,0.491983923653245,0.5457370577784346,40,0.9839418994097531,0.8707804913014858,False,0.9107242542140919,0.7445560193274596,False,0.1320051941357135,0.14634257123010705,0.031792698980408575,-0.025000000000000022,0.0352330639291004,-0.025,0.6104526014552515,0.7065361316404425,1.8064812123683636,0,1.0613832746311331,0.8266345784936802,0.6227974826892719,1.808829494304108,0,,0,1
S0_null,1500580,0.7766864779745402,0.5062133236682962,1.1916752421628851,0.24724158443277755,0.03608842105263266,0.4525881552277104,0.9368754538600471,40,0.8225626990256649,0.8494898097982967,False,0.09076608175048036,0.12497004136554854,False,0.5005071210858738,0.8170074507268039,0.3339228895976003,-0.2,0.2800310090496965,-0.2,0.24724158443277755,0.5062133236682962,1.1916752421628851,0,0.752981340437485,0.20005954338716492,0.4878844594403435,1.1621212524322262,0,,0,1
S0_null,1500581,1.0347669917226863,0.6526974008764596,1.6404887252821843,0.884427039623953,0.23081945967500817,0.6017701638038743,0.7034942977187718,40,0.3441106518749699,0.4004579136607005,True,0.5185965084451554,0.4158497070372613,True,0.02753189387562959,0.024963854702899083,0.1642263848155874,0.15000000000000002,0.17244622317316977,0.15,0.884427039623953,0.6526974008764596,1.6404887252821843,0,1.0016817607412585,0.9945427983003381,0.6188828196003472,1.6212541664182027,0,,0,1
S0_null,1500582,0.7368114419815641,0.4522584531471153,1.2004001191291267,0.2200177503001941,0.5196402877697837,0.5517735769187897,0.35242230430882154,40,0.9357936439415742,1.0,True,0.5626168042179465,0.6251899442014365,True,0.3931705510376782,0.33495804594378575,0.0749708454700332,0.07499999999999996,0.05494849062323593,0.075,0.2200177503001941,0.4522584531471153,1.2004001191291267,0,0.7121264173479799,0.19046476721399697,0.42837653470148757,1.1838277618036583,0,,0,1
S0_null,1500583,0.8021669557997403,,,,-0.5678588125292187,0.46243877183535553,0.22721464648805173,40,0.20442593618373706,0.22740364721865947,False,0.8123284770370853,0.7966180509089269,False,0.43681480381430693,0.5396746599826316,0.010529923874131975,0.0,0.030615155837911714,0.0,0.44954962040708757,0.4474638418663728,1.4380420600983086,1,0.7516451679769919,0.3667856206246119,0.39936155626648245,1.4146841369131982,1,0.0,0,1
S0_null,1500584,1.5603766257373757,0.9574584027558558,2.5429566518394284,0.07417934564404682,1.357891584306679,0.5115544855488121,0.011642791187769374,40,0.25094182247330465,0.25495262321237844,False,0.05824145355949686,0.02875081468278691,False,0.02262605867743746,0.031862049406760906,0.01759794525927526,0.0,0.04057201317469065,0.0,0.07417934564404682,0.9574584027558558,2.5429566518394284,0,1.6007278685512587,0.08354982593519149,0.9395089216514285,2.727307479584869,0,,0,1
S0_null,1500585,1.0707097410785096,0.7135425362914519,1.6066587362805032,0.7414323449489226,-0.030395314787705185,0.5103731462545341,0.9528305043405252,40,0.6006497585733939,0.523875105579823,False,0.4658044690398032,0.30187692598705673,False,0.43205618821832137,0.43915709268633063,0.14227654777971294,0.125,0.14326057979794618,0.125,0.7414323449489226,0.7135425362914519,1.6066587362805032,0,1.0250479770633016,0.9177648784095684,0.6408989805490364,1.6394523741970195,0,,0,1
S0_null,1500586,1.1828184985587131,0.7521570466544474,1.8600631434028674,0.4672829724621341,-0.7531456811345092,0.6511694429123508,0.25484712176778085,40,0.6266036517237044,0.9783710447304377,False,0.33355025411190464,0.21723707523430502,True,0.3571547224597337,0.31938445489779377,0.03991469457154303,0.025000000000000022,0.012390771509656994,0.025,0.4672829724621341,0.7521570466544474,1.8600631434028674,0,1.15979212537401,0.543443058847138,0.7189704941426927,1.8708942648383573,0,,0,1
S0_null,1500587,0.610163363041078,0.37085533271388577,1.0038936931906723,0.05181509061578842,-0.6364137626819579,0.6343989651967065,0.3222918607568208,40,0.17869100762203782,0.16290363512832373,True,0.9305750404571272,0.8281907790855565,False,0.2644869951218991,0.39781960072841227,0.05053522996140349,-0.04999999999999993,0.055653255970699776,-0.05,0.05181509061578842,0.37085533271388577,1.0038936931906723,0,0.6571748173478202,0.1259976417206304,0.3838290866136957,1.1251850253620947,0,,0,1
S0_null,1500588,0.9262483497414202,,,,-0.04999999999999982,0.5254291673026971,0.9247010159033638,40,0.9826128635682713,0.6840828550211284,True,0.9198313124249803,1.0,True,0.6133603957454782,0.9350053245782921,0.05769524144398646,0.050000000000000044,0.024706122142071883,0.05,0.7870136127702634,0.5240251863081284,1.6372037600769729,1,0.9216420229136006,0.7902141567745194,0.4976996457700153,1.706700066233901,1,0.0,0,1
S0_null,1500589,1.432146881161366,0.8906440752538415,2.3028780477045916,0.13831703213791605,-0.4901690140845053,0.4765708056147645,0.3103761174481013,40,0.9057283595955855,1.0,False,0.33364832779784814,0.3144796412566119,False,0.8639417715305239,0.9239983368333496,0.005412095907153663,0.0,0.005544304085089134,0.0,0.13831703213791605,0.8906440752538415,2.3028780477045916,0,1.4220316963150217,0.17626416980842474,0.8536839173010163,2.368762142922673,0,,0,1
S0_null,1500590,1.1194828126004364,0.6814942963830023,1.8389614914744012,0.6558158309690254,0.10427509293680293,0.5396848734046378,0.8478475162397938,40,0.5460472148986117,0.7656614251733264,False,0.5011435232163578,0.3928804369016302,False,0.35311123450600557,0.3354602897134825,0.21892251233324073,-0.15000000000000002,0.1982587753374821,-0.15,0.6558158309690254,0.6814942963830023,1.8389614914744012,0,1.115485246621668,0.6814896144010304,0.6619209831939079,1.8798427108724656,0,,0,1
S0_null,1500591,1.5049771024575742,0.8634469573098306,2.623156014097647,0.1492954558255047,0.5022337599613627,0.4581308610499307,0.2800461945197124,40,0.8089192485272092,0.7756827225986668,False,0.21070615482115573,0.20659149200186577,False,0.5120370010514878,0.5577313209409855,0.12570536512692518,0.09999999999999998,0.08733606889123373,0.1,0.1492954558255047,0.8634469573098306,2.623156014097647,0,1.4337300424470916,0.2152316600674029,0.8109877759401483,2.5346643877984207,0,,0,1
S0_null,1500592,0.8392473581930842,0.500874304217273,1.406213339961115,0.5057490175530606,0.589411123227918,0.5528325049576293,0.2932565727868873,40,0.45626664733925115,0.5330146904071456,True,0.4089645091649422,0.5684902943220806,False,0.8149364556382039,0.9238099968063479,0.05588422181992767,-0.07499999999999996,0.04481321300021269,-0.075,0.5057490175530606,0.500874304217273,1.406213339961115,0,0.8310950368949418,0.5042050202658874,0.4829031726248649,1.430346702004333,0,,0,1
S0_null,1500593,1.2762052376825475,0.7995045671839979,2.0371363411030257,0.30670483095604073,0.524626865671644,0.5309916612157046,0.3295634890526633,40,0.6723162484711958,0.9674787306053252,False,0.9678610107623294,0.978340414876125,False,0.9130954680519029,0.9566926994694885,0.15457542433077873,0.12499999999999994,0.1649384004605626,0.125,0.30670483095604073,0.7995045671839979,2.0371363411030257,0,1.342668450709186,0.25283807625396026,0.8102638864260786,2.2249030207694855,0,,0,1
S0_null,1500594,1.0965532156562696,0.7348285114639962,1.636339548625448,0.6517686722308751,-0.29612817857553764,0.547802520422065,0.5920403335550602,40,0.64051139094935,0.6054527659806529,True,0.5063914994733786,0.41571775552688517,False,0.47967937411969597,0.4796542182180996,0.056123658042937445,-0.04999999999999993,0.06323483829154,-0.05,0.6517686722308751,0.7348285114639962,1.636339548625448,0,0.9007058572800728,0.6448768211992768,0.5773573065125085,1.4051455349877948,0,,0,1
S0_null,1500595,0.980789735488167,0.6286982060253903,1.5300640212103607,0.931872216833534,-0.30000000000000016,0.6067187302197375,0.6239024200049427,40,0.1452244341960882,0.08269120687948076,False,0.2037779089561459,0.39880733305355576,True,0.4765462117850495,0.7442876278467383,0.14815624362147495,-0.125,0.1649384004605626,-0.125,0.931872216833534,0.6286982060253903,1.5300640212103607,0,1.0043623362309908,0.9873369962919196,0.5787756451222942,1.7428924505388064,1,0.0,0,1
S0_null,1500596,0.8832438032857067,0.5790363104514668,1.3472723591968723,0.5644080517610164,-0.23289908256880887,0.48134853337799777,0.6313458767950699,40,0.5133419229425481,0.5509896763304315,True,0.23939848124846153,0.39310350347476264,True,0.3731591010329174,0.19006637992169917,0.10549123921644646,-0.10000000000000009,0.09888517876815865,-0.1,0.5644080517610164,0.5790363104514668,1.3472723591968723,0,0.9521457950923493,0.8313892623393665,0.6062689455680419,1.4953456246429102,0,,0,1
S0_null,1500597,0.8537321475930361,0.5562757387409873,1.3102469316447902,0.4693287831925267,-0.3636335062077647,0.4952127341164715,0.46739565246617976,40,0.11679200122963673,0.07353310610112639,True,0.18311344368751215,0.3636462695024114,True,0.6781350021467702,0.9241099541143253,0.06359878844162965,-0.04999999999999993,0.055653255970699776,-0.05,0.4693287831925267,0.5562757387409873,1.3102469316447902,0,0.8846561728070323,0.6150411833649093,0.5486983993354891,1.4263146111477405,0,,0,1
S0_null,1500598,0.6657812041894133,0.4087833852019565,1.0843508515712144,0.10213989758059652,0.03470888661899951,0.408632676127246,0.932767763912574,40,0.8227300289806458,1.0,True,0.17198334483967315,0.28869342933475217,False,0.7399106062685177,0.9349345589877832,0.08031544046255722,0.09999999999999998,0.06198396713929165,0.1,0.10213989758059652,0.4087833852019565,1.0843508515712144,0,0.6946471589398755,0.15434435362800436,0.4207516616502412,1.1468396191964605,0,,0,1
S0_null,1500599,1.0834044179284583,0.7041259313969798,1.666981828744983,0.7155816165945128,0.36650252221955315,0.4245522560769258,0.3935515065165165,40,0.3903263794183772,0.20264706086901396,True,0.8960048042545357,0.9351705666183404,False,0.8718606140105291,1.0,0.08393441151597987,0.07499999999999996,0.0743759621482963,0.075,0.7155816165945128,0.7041259313969798,1.666981828744983,0,1.1073582568539266,0.6647719290637382,0.6981899116839115,1.7563162808598676,0,,0,1
S0_null,1500600,0.8447932769411717,0.5028703644995388,1.4192040954237972,0.5239688904250761,-0.636893851766172,0.4335347517572263,0.1502650021564613,40,0.5879591414841547,0.8387465635211696,True,0.4213249580048759,0.3848961671922081,True,0.011072046396865726,0.013961210664064643,0.09667866412976024,-0.10000000000000003,0.10968809608557809,-0.1,0.5239688904250761,0.5028703644995388,1.4192040954237972,0,0.8511493964390463,0.5634057961894363,0.4926895702290684,1.4704092370409394,0,,0,1
S0_null,1500601,1.257206869625382,0.8260019893628331,1.9135173200399698,0.28551298406653824,0.28127945166357543,0.5036617950734018,0.5798884705710888,40,0.5859643604931581,0.7552533165092852,True,0.07298804429223825,0.048771724000107305,True,0.7933079676835155,0.8705323492904411,0.022957752549093352,0.025000000000000022,0.047582390994191696,0.025,0.28551298406653824,0.8260019893628331,1.9135173200399698,0,1.2932813420621543,0.2706621295077559,0.8183857911163439,2.0437508176242383,0,,0,1
S0_null,1500602,0.8147987751629816,0.5019851645447998,1.3225431564478942,0.4072387487912562,0.20662278191184946,0.47553515821345055,0.66644479676248,40,0.6725351197252938,0.48077462719762787,True,0.6433840306584759,0.4639565329119226,False,0.6625205835400574,0.9350053245782921,0.08272033021578641,0.10000000000000009,0.07502426537113577,0.1,0.4072387487912562,0.5019851645447998,1.3225431564478942,0,0.8022245872935603,0.36860969599611626,0.4962089235518054,1.2969623437074957,0,,0,1
S0_null,1500603,0.5491436366237068,0.33703731051323205,0.8947339782207009,0.016104340467025424,0.4000000000000039,0.5627234792641848,0.48164750597663786,40,0.26222289543489563,0.8177036705354462,False,0.6406279110671387,0.5780030586897201,False,0.8615120190702183,0.785960239491685,0.049041929639187375,-0.025000000000000022,0.05370801749285708,-0.025,0.016104340467025424,0.33703731051323205,0.8947339782207009,0,0.5562475122986829,0.038186101983064324,0.3194543927653418,0.9685617163065724,0,,0,1
S0_null,1500604,1.8634263628466565,1.0897024736519223,3.186519158862693,0.022978770237025152,-0.36334856760673595,0.5911163029467512,0.5425266334023123,40,0.1357026985419035,0.13900316622803743,False,0.5061758988808247,0.6449707321510907,False,0.40669597306530036,0.4215096917715696,0.04279509941283224,-0.04999999999999993,0.03231112320566666,-0.05,0.022978770237025152,1.0897024736519223,3.186519158862693,0,1.8572213471561143,0.025849654835104676,1.0774431359654395,3.2013486533019333,0,,0,1
S0_null,1500605,1.3291244738876749,0.8466835515731677,2.0864605953485644,0.21623014820535036,-0.23512035010940746,0.42422948479328754,0.5827566351660728,40,0.6290581897124387,0.5240511685030096,False,0.9652545914043686,0.6255324682971444,True,0.5997755134499346,0.5129278608239662,0.04173357659711863,-0.02499999999999991,0.047582390994191696,-0.025,0.21623014820535036,0.8466835515731677,2.0864605953485644,0,1.3994160639225472,0.16462622429971407,0.8711794196862561,2.2479471802372863,0,,0,1
S0_null,1500606,0.7084400787803927,0.42074409464728973,1.192856540608376,0.19477001494074486,-0.40000000000000074,0.4432291429849843,0.37264627925103816,40,0.7958871213522352,0.6446433460122369,False,0.36449834270772996,0.3495696155846437,False,0.5851554768702436,0.3835213941862802,0.1648000532175307,0.125,0.18325136952942586,0.125,0.19477001494074486,0.42074409464728973,1.192856540608376,0,0.6871245074162747,0.17551958335039464,0.3992608459429039,1.182535411347539,0,,0,1
S0_null,1500607,2.081562860459249,1.3024425570961478,3.3267524302213283,0.0021801642142004612,-0.35000000000000164,0.5230126714587782,0.5075224749449643,40,0.27059312230982435,0.23793204580678484,False,0.8878662191526087,1.0,True,0.9825024194299397,0.6046986202333744,0.0760383010801091,0.07500000000000007,0.05494849062323593,0.075,0.0021801642142004612,1.3024425570961478,3.3267524302213283,0,2.3270228772243415,0.0010271496268844,1.4054586018321216,3.8528601725205887,0,,0,1
S0_null,1500608,0.8008096601923121,,,,0.11093366093365953,0.5896442699569308,0.8517976357035206,40,0.588089369387326,0.5241098131120712,True,0.19845857051467675,0.10607517131363202,True,0.3216550451775748,0.2598207679499043,0.04235932091205489,0.050000000000000044,0.06323483829154,0.05,0.4255471244988896,0.45836575297933374,1.3990925536843948,1,0.7466870553532217,0.3363656688734986,0.40692884926389317,1.3701205005263704,1,0.0,0,1
S0_null,1500609,0.808585994346869,0.48707243553108603,1.342328702179631,0.41132450113634145,-0.024573278399058734,0.5812802584559955,0.9665072591452861,40,0.4431661512838879,0.5152405704063254,False,0.6162823129123078,0.703808673397634,True,0.2658121240971625,0.32088039840801486,0.1252760382497514,-0.10000000000000009,0.09888517876815865,-0.1,0.41132450113634145,0.48707243553108603,1.342328702179631,0,0.8228281306156413,0.4541820726878786,0.49377906443561065,1.371151961062372,0,,0,1
S0_null,1500610,1.0069714386391968,0.7064462052192374,1.4353413901068561,0.9693569054476484,0.4139800215453939,0.5310765210317393,0.44063654151891235,40,0.3603670518510862,0.3287893265863433,True,0.11175768372209406,0.15821142569102953,True,0.03385174822897902,0.00876591051939546,0.15783382287467676,0.15000000000000002,0.06695386012941199,0.15,0.9693569054476484,0.7064462052192374,1.4353413901068561,0,0.9276827049503275,0.6963009773108779,0.6363522533391043,1.352388078376703,0,,0,1
S0_null,1500611,1.144416617313471,0.7519017868325143,1.7418357249827099,0.5290665015420185,-0.5522763636363617,0.4699110141069304,0.24739111168645767,40,0.7934657825277764,0.9459267388792693,False,0.16481498744990153,0.2485584045334488,True,0.6694381625406685,0.8918068988684683,0.04295710860451441,-0.024999999999999967,0.05370801749285708,-0.025,0.5290665015420185,0.7519017868325143,1.7418357249827099,0,1.2743007815793785,0.2876643133319444,0.8151141549185787,1.9921657256657748,0,,0,1
S0_null,1500612,0.9763159957324934,0.6179998141333775,1.5423838352763821,0.9181770946603196,0.24625816172777548,0.556998130020329,0.6609783413993733,40,0.21787707790698652,0.14339996284467674,False,0.9132291846161681,0.5588905725649828,True,0.004735035825785497,0.002715886209981661,0.23843770058809474,-0.17500000000000004,0.1649384004605626,-0.175,0.9181770946603196,0.6179998141333775,1.5423838352763821,0,0.8293089368881184,0.48526769534475744,0.4902604332697998,1.40283258882533,0,,0,1
S0_null,1500613,1.0132656667812328,0.639670810218074,1.6050557491088193,0.9552198797338642,-0.1454926624737939,0.5010994848018007,0.7731720520325261,40,0.6538487290534086,0.8813545601627767,False,0.19106301404569426,0.21168680875708834,True,0.5717645454777713,0.5140883057436252,0.10801161754986509,-0.10000000000000003,0.06198396713929166,-0.1,0.9552198797338642,0.639670810218074,1.6050557491088193,0,1.0193444258374753,0.9348524820975317,0.6438785459028538,1.6137562978262405,0,,0,1
S0_null,1500614,0.7560189647519603,0.5060910089770354,1.1293713283307139,0.17198903582599423,0.21456087647994426,0.5250809154601505,0.6851707820283246,40,0.9553192662425823,0.724566383555426,False,0.6809807400315375,0.28367275225651123,True,0.034284167396226625,0.01940652863754478,0.6780011016602803,-0.3,0.6801073714133126,-0.3,0.17198903582599423,0.5060910089770354,1.1293713283307139,0,0.7670617461438243,0.2573167358905706,0.4847933774128876,1.2136793731324005,0,,0,1
S0_null,1500615,0.8700054282033591,0.573608835809705,1.3195568091883705,0.5123209190484153,0.08791334093500477,0.5914561618809758,0.882645811653628,40,0.8102108220559133,0.8175684466708091,True,0.33142787710420785,0.39169418529351485,False,0.840150114284219,0.9674925752018464,0.07294032531187596,0.09999999999999998,0.04835169739931688,0.1,0.5123209190484153,0.573608835809705,1.3195568091883705,0,0.8165685877180581,0.3814759918101758,0.5186810797007086,1.2855380397384346,0,,0,1
S0_null,1500616,1.1349106744169857,0.7258377598948952,1.774531872097876,0.5789470336554228,0.8340893564694623,0.5122835580791627,0.11197367009177518,40,0.7935476070071992,0.8281349021616081,False,0.7364932008777235,0.880822879230293,False,0.9129921874511525,0.5397325817033647,0.41591933522540403,0.22499999999999998,0.39471393165154905,0.225,0.5789470336554228,0.7258377598948952,1.774531872097876,0,1.1094335759187153,0.6681926239648649,0.6900330631132283,1.7837447582911221,0,,0,1
S0_null,1500617,1.6095866309587765,1.0383735753303478,2.495026052388707,0.033308755869511555,0.36716428084526265,0.6224192363419515,0.5588441211111972,40,0.0011532062764529586,0.003545899599904387,False,0.07984279208799494,0.06300832579389154,True,0.613214467073579,0.7651350635499004,0.07140519696322625,0.07500000000000007,0.10851156076691325,0.075,0.033308755869511555,1.0383735753303478,2.495026052388707,0,1.7760330578941694,0.033295477035662165,1.0465305716229483,3.014048044331157,0,,0,1
S0_null,1500618,0.8870766547502836,,,,0.7196006594614415,0.5100699604637599,0.1666600573836415,40,0.872053822505649,0.541612832906437,False,0.27690003233013605,0.12865064238356544,False,0.7931392230258493,0.859785076263784,0.03541820189721716,0.0,0.01656628160682895,0.0,0.65936273770741,0.5140341979958478,1.5308417114483697,1,0.8279475515455207,0.5050931784462062,0.46930849832830274,1.460653601100328,1,0.0,0,1
S0_null,1500619,1.0878785347076407,0.6713673399891993,1.7627901087602544,0.7323287269562189,0.08401132674908585,0.5922401910711377,0.8879653421326679,40,0.4991472413605187,0.3928581171098263,True,0.7472776112985211,0.28387730917158893,False,0.7754534186510151,0.6422623667047553,0.04180111234769209,-0.02499999999999991,0.0352330639291004,-0.025,0.7323287269562189,0.6713673399891993,1.7627901087602544,0,1.0885220417133668,0.7367426159953591,0.6638440395992019,1.7848774179116107,0,,0,1
S0_null,1500620,0.9820931049869063,0.6140603212137462,1.5707037786717546,0.9398835803901359,-0.33670621737066964,0.4972795982360406,0.5025565417446488,40,0.7618549862187101,0.7237916419213574,True,0.7942763349028523,0.9135617046407757,True,0.47187343818483685,0.2838318659795638,0.09213418660298771,-0.09999999999999998,0.06198396713929165,-0.1,0.9398835803901359,0.6140603212137462,1.5707037786717546,0,1.031473897857704,0.905419564631828,0.6186678897528906,1.7197246205661743,0,,0,1
S0_null,1500621,1.6068308680864676,1.0797364472945483,2.391236718094389,0.01937739955415051,0.017969847363986574,0.4949364394701009,0.9712324438511899,40,0.23474389030669407,0.36351053355636853,True,0.7647205378339126,0.8382034419423257,False,0.5864196920939189,0.8482485501172841,0.15457542433077887,0.125,0.08565825367350988,0.125,0.01937739955415051,1.0797364472945483,2.391236718094389,0,1.6025573976130365,0.040960493703877936,1.0195624877962879,2.5189139884846385,0,,0,1
S0_null,1500622,1.9012203966070977,1.2653722007319295,2.8565816400771524,0.0019811643475282138,0.5500000000000003,0.6058576443623327,0.3698567735364702,40,0.12356059331318461,0.1692750495150338,True,0.052260191553026775,0.1090265829274786,False,0.21554260577407913,0.20100541961766294,0.4178051746193232,0.22499999999999998,0.42368090807721503,0.225,0.0019811643475282138,1.2653722007319295,2.8565816400771524,0,1.9121269903161013,0.0033472166672761042,1.2400887623842642,2.948361228647568,0,,0,1
S0_null,1500623,1.692996676288854,1.065951614053385,2.688900422999463,0.025711375283790413,0.20000000000000162,0.5450396376047579,0.7157498149597377,40,0.5564858210650594,0.5590022778315065,False,0.5253282928136168,0.7035415131211921,True,0.4192101057061456,0.43049507802244924,0.12347850944721549,0.09999999999999998,0.06198396713929165,0.1,0.025711375283790413,1.065951614053385,2.688900422999463,0,1.6122961300705103,0.05559647486472401,0.9886415547115701,2.6293643016034567,0,,0,1
S0_null,1500624,1.2328545142615683,0.7996062739341671,1.9008483335890707,0.34332948954099995,0.3290689367781872,0.49089463082363166,0.5068004329052972,40,0.03106015053631936,0.04925291382643308,True,0.3134077545844637,0.37051252256915357,False,0.2764614670346399,0.3480429995708394,0.05621085601946059,-0.04999999999999993,0.017521291143505167,-0.05,0.34332948954099995,0.7996062739341671,1.9008483335890707,0,1.149679714427139,0.5342208777738764,0.7405677196020227,1.7847975421823365,0,,0,1
S0_null,1500625,1.0343439854608716,0.6829923487641355,1.5664413842922094,0.8733050336163224,-0.5218374975408211,0.5919753497506339,0.38372784093738965,40,0.0908642450709177,0.09250650572195537,False,0.1019105856206425,0.15386028403251575,True,0.5396441881862417,0.9346928388948277,0.18925664088265573,-0.14999999999999997,0.20912510240144702,-0.15,0.8733050336163224,0.6829923487641355,1.5664413842922094,0,1.10008026971376,0.7141806379708566,0.6520894473078189,1.8558444777932968,1,0.0,0,1
S0_null,1500626,0.8958253126132087,0.5812080622926279,1.3807499289548861,0.6182196527920312,-0.12428509843368313,0.5086368758832507,0.808310231241903,40,0.4442321189262741,0.704048501717149,False,0.9304597762329376,0.9458986979084552,False,0.3306094937311559,0.3746994801811846,0.18605158631530028,-0.1499999999999999,0.13912737068907083,-0.15,0.6182196527920312,0.5812080622926279,1.3807499289548861,0,0.9011532093537926,0.6857952122122859,0.5442728686803844,1.492040396387129,0,,0,1
S0_null,1500627,0.8312272237844562,0.5222921129941159,1.3228970539101335,0.43557326379485584,0.1667906112014887,0.4805363962106452,0.7304883163925034,40,0.48075105972386833,0.4890884707172718,False,0.15033314220696622,0.07323461864081247,True,0.9678251006643463,0.9026106356856833,0.414265239943036,-0.22499999999999998,0.4204709077529054,-0.225,0.43557326379485584,0.5222921129941159,1.3228970539101335,0,0.8415177221344771,0.4899257118032728,0.5156262892891621,1.3733824115962963,0,,0,1
S0_null,1500628,1.1018494785758097,0.7133828526809074,1.70185233479509,0.6619089044120037,0.2999999999999967,0.6413477411304739,0.6426962628010732,40,0.12726266362043934,0.17092287748343815,False,0.05804745495337945,0.059258126910731686,False,0.7357201366272508,0.6242719439023885,0.10535329322236003,0.10000000000000009,0.07502426537113578,0.1,0.6619089044120037,0.7133828526809074,1.70185233479509,0,1.2998839506779194,0.2975456839600692,0.7935874295368679,2.1291898313159168,0,,0,1
S0_null,1500629,1.2135757794939483,0.7625682337138431,1.9313237917106916,0.41419144674650477,-0.062288990338677186,0.5237762454594623,0.9059797762227013,40,0.6006497585733939,0.5065066982389267,False,0.285864935741026,0.43961045736801574,True,1.0,0.7848559751116861,0.050421923320952806,0.04999999999999993,0.04010243385614931,0.05,0.41419144674650477,0.7625682337138431,1.9313237917106916,0,1.16663711902023,0.5536916964211287,0.7005141570095533,1.9429188601783836,0,,0,1
S0_null,1500630,0.9893973263564062,0.611099874683964,1.6018773852759436,0.965415524931182,0.19347994825355697,0.5037008523303932,0.7030906260802187,40,0.1296688273867813,0.04270590182775854,False,0.39734538019341736,0.7241423332537635,True,0.628116771061854,0.49603783687242586,0.030834080808223883,-0.025000000000000022,0.017563739731861296,-0.025,0.965415524931182,0.611099874683964,1.6018773852759436,0,0.9233148762603497,0.7607749361685787,0.5524481185383346,1.5431500843540455,0,,0,1
S0_null,1500631,1.1405319351024268,0.7434174985465404,1.7497746522401119,0.5470595687322,-0.4895086848635214,0.4850841807130835,0.31947063275141796,40,0.6405405315801269,0.5236400533047657,False,0.5499442213880708,0.8384907720027232,True,0.10429336558590359,0.04339542509417173,0.12713360451233066,-0.09999999999999998,0.08733606889123373,-0.1,0.5470595687322,0.7434174985465404,1.7497746522401119,0,1.1369494648979466,0.6248195514870651,0.6797339299987273,1.9017059891863095,0,,0,1
S0_null,1500632,0.7071530708621986,0.4438144690471331,1.126744395475603,0.14487134364534338,0.7500000000000018,0.47173458419412406,0.12037196228292175,40,0.8371606313421366,0.6351500645742465,True,0.06990124883384036,0.2073418924778876,True,0.342541245575393,0.3268650833201048,0.20658916179668346,-0.15000000000000002,0.1982587753374822,-0.15,0.14487134364534338,0.4438144690471331,1.126744395475603,0,0.7535388021389238,0.2675997906333627,0.45691375988221444,1.2427306336218455,0,,0,1
S0_null,1500633,0.8232515114296856,0.5534263429851045,1.2246309913901285,0.3371153740398882,0.1120774856691068,0.554631969433891,0.8409647604033978,40,0.04630601798643219,0.04073467607826381,True,0.9811086531571888,0.8706414655792721,False,0.4200523610303758,0.39144713545272636,0.10745863013409228,-0.09999999999999998,0.04835169739931688,-0.1,0.3371153740398882,0.5534263429851045,1.2246309913901285,0,0.7926624209699521,0.24142233681083047,0.5373414329291247,1.1693006999161,0,,0,1
S0_null,1500634,1.9006506405475105,1.1223662796753624,3.218622051313363,0.016871711306549384,0.8138322382455874,0.48535192631438395,0.10201440742968966,40,0.501031391870011,0.3029269619232019,True,0.20460952918478825,0.3630574765736657,True,0.5638370766530683,0.5754310705648669,0.28318781561940376,0.175,0.2810242618506591,0.175,0.016871711306549384,1.1223662796753624,3.218622051313363,0,1.8294562075703782,0.03477593688715216,1.0441515148831004,3.2053873098986974,0,,0,1
S0_null,1500635,0.963382575398168,,,,0.7613170518970785,0.5139577584189314,0.1469977396009087,40,0.7474506915229033,0.6843081717226827,True,0.7108567309012748,0.5324543351443269,False,0.6421676730778509,0.5590767011492008,0.07953546895946462,-0.07499999999999996,0.0835237244810848,-0.075,0.8955980103456332,0.5441219047482978,1.7056949526965541,1,1.0434737360005581,0.888017517584762,0.5685077272155299,1.9152553001450543,1,0.0,0,1
S0_null,1500636,1.0781414708159334,0.7113547510786699,1.6340497189771266,0.7228633278870529,-0.56465060240964,0.46126843820403307,0.22864250933203067,40,0.6148018358146565,0.5782541229818449,True,0.4663495727254977,0.48882180461533453,True,0.7219273219932527,0.586958559202255,0.06511438214236642,0.050000000000000044,0.07061977533748846,0.05,0.7228633278870529,0.7113547510786699,1.6340497189771266,0,1.0953179612831951,0.6787889677349475,0.7118705139069437,1.6853085116915008,0,,0,1
S0_null,1500637,1.1544557800275719,0.6786081031481879,1.9639732296978365,0.5962459792847317,0.1388335952505675,0.4718165272545274,0.7702088564562031,40,0.8091281679832087,0.956768153781789,False,0.15746860409931085,0.1189867464805896,False,0.6618780356595815,0.74411213370374,0.13985918486371482,-0.125,0.10220287084734073,-0.125,0.5962459792847317,0.6786081031481879,1.9639732296978365,0,1.1574829987205946,0.5976881994416938,0.6723933661199102,1.9925343702577438,0,,0,1
S0_null,1500638,1.2912646125334486,,,,0.8000000000000004,0.5370869342938428,0.1448268504056032,40,0.8786793944744581,0.9675294078594084,False,0.3758347573028773,0.5596892673806452,False,0.09387237041278314,0.21008528661914527,0.025759100079365178,0.025000000000000022,0.0414069212922549,0.025,0.2452676783500133,0.8330477131016374,2.0015231701112994,1,1.4048944353073318,0.2956870216927288,0.7343403405611518,2.6877569777104537,1,0.0,0,1
S0_null,1500639,1.3412924472856687,0.8515594432073735,2.11267157389442,0.20524311568662057,0.10000000000000209,0.43562106894067815,0.8197000975218102,40,0.7471785484807836,0.6156627835296957,True,0.6869100618316482,0.49711961468779853,False,0.726068318915624,0.5861069419974502,0.04850907917215664,-0.04999999999999993,0.04010243385614931,-0.05,0.20524311568662057,0.8515594432073735,2.11267157389442,0,1.3885117429203848,0.17364546238122736,0.8653709492588079,2.2279056881665733,0,,0,1
S0_null,1500640,0.9268035664167524,0.5770859081823593,1.488452305876404,0.7531582081317216,-0.5785543449375494,0.5975251954992878,0.3392059779847845,40,0.9358066328171455,0.8920661115793044,True,0.7650991206849344,0.8178217451105745,False,0.45539726119497914,0.5755224298410715,0.059530512964150524,-0.050000000000000044,0.055653255970699776,-0.05,0.7531582081317216,0.5770859081823593,1.488452305876404,0,0.9339695919464478,0.787341801806017,0.5685726332280906,1.534191319986869,0,,0,1
S0_null,1500641,0.8861640483760944,0.5743922152965776,1.3671611482910497,0.5848630863406747,-0.41100880299504083,0.4638171948421087,0.381263394623579,40,0.07406689727325949,0.06528510241640101,False,0.29535344354413595,0.16618578282225005,True,0.28339620121943254,0.3464139822463709,0.018688368568581432,0.0,0.01656628160682895,0.0,0.5848630863406747,0.5743922152965776,1.3671611482910497,0,0.8520606376293244,0.51024237007194,0.5290661287643257,1.372243072700451,0,,0,1
S0_null,1500642,1.1319620043927696,0.6792993502099894,1.8862641028477376,0.6342489629688539,0.2852538175815098,0.5199168795953117,0.5865395120657382,40,0.19797848733094614,0.12200038947509545,False,0.2041962993207237,0.20198712541338737,True,0.9403407681505386,0.9674756516254128,0.04244461887277111,-0.050000000000000044,0.017521291143505167,-0.05,0.6342489629688539,0.6792993502099894,1.8862641028477376,0,1.053005119596075,0.8491722924110163,0.6183851668441828,1.7930892287636946,0,,0,1
S0_null,1500643,0.6945474329450705,0.45178561341890267,1.0677545328635818,0.09667646886632392,-0.3169895157264122,0.4450579577465494,0.4807815959765877,40,0.3937022656852126,0.3083054664771938,False,0.6724101040821536,0.559818879625912,True,0.6692035121720001,0.47067840987281406,0.581827268870235,-0.275,0.5923050352841753,-0.275,0.09667646886632392,0.45178561341890267,1.0677545328635818,0,0.6699029603591762,0.0743929462561361,0.4314026577816534,1.0402577921184826,0,,0,1
S0_null,1500644,0.8041778063972496,0.5063273719948502,1.2772407341005252,0.35586010228481224,0.17950564421953952,0.4160038440442385,0.6686088213965741,40,0.4218115308461453,0.3783909507669889,True,0.3647416698091558,0.40790065845577483,False,0.06020613812578968,0.10240519988800327,0.021137269953443494,0.02499999999999991,0.012390771509656994,0.025,0.35586010228481224,0.5063273719948502,1.2772407341005252,0,0.7961811990319496,0.35141905426947107,0.4929554906983723,1.2859264449897851,0,,0,1
S0_null,1500645,0.7855391540159053,0.5039472636192447,1.2244768590672424,0.2865154338721888,-0.24079365079364856,0.508222886209085,0.63842976089693,40,0.6431147987258404,0.9132798917878312,False,0.34005175024878176,0.30883134104836774,True,0.035818966055786536,0.016783080618083243,0.05186380079635164,-0.07500000000000007,0.05494849062323593,-0.075,0.2865154338721888,0.5039472636192447,1.2244768590672424,0,0.7957980307814191,0.3400851174696208,0.4977425050594484,1.2723335848521644,0,,0,1
S0_null,1500646,0.9577676757950138,0.5684916171112019,1.613601490659003,0.8711997243301224,0.08782883198877656,0.4394129835783967,0.8426707852471091,40,0.06995799095945188,0.1669655593698809,True,0.2109051362781651,0.4976883451610308,True,0.3124092255702591,0.3016251751682826,0.006373426321298247,0.0,0.005544304085089134,0.0,0.8711997243301224,0.5684916171112019,1.613601490659003,0,1.0341813748060464,0.9059904703476817,0.5920348838005457,1.8065339480165583,0,,0,1
S0_null,1500647,0.9549303694047091,0.6301924720755223,1.447005559124059,0.8278346210320564,0.18005199306758968,0.45634622884065346,0.6954392330621,40,0.07579501190716526,0.026137258317008017,True,0.750932027277819,0.9136226055759431,False,0.19658020925316722,0.2715470620042263,0.010568468752884209,0.0,0.012415162210221016,0.0,0.8278346210320564,0.6301924720755223,1.447005559124059,0,1.0006640115973937,0.997764085284225,0.629015745027457,1.5918972967242342,0,,0,1
S0_null,1500648,0.8286816407934053,0.5442209414255025,1.2618280729685105,0.3810639340496409,-0.7869210263245581,0.5073977144513461,0.12943910921752722,40,0.8274613916921185,0.7143256064941365,True,0.2852929038198553,0.20719195197622708,False,0.03214359170636159,0.021095615355839772,0.10323405915988365,-0.09999999999999998,0.034464729198532246,-0.1,0.3810639340496409,0.5442209414255025,1.2618280729685105,0,0.8382186449775907,0.475448512626476,0.5162546690018648,1.3609765469947357,0,,0,1
S0_null,1500649,1.1161277990327125,0.7199330521975673,1.7303570935811754,0.623350437857247,0.3174619803987855,0.6585803128368053,0.6326169147955069,40,0.6539334158650707,0.6741919166426358,False,0.26608778196614835,0.3354830933038344,False,0.8614141344963563,0.7033406682788816,0.0867845490434701,0.07499999999999996,0.06483499538239326,0.075,0.623350437857247,0.7199330521975673,1.7303570935811754,0,1.0915141022630226,0.702514164309008,0.6964214672610136,1.7107500148218764,0,,0,1
S0_null,1500650,0.6409820245813603,0.40302314699457065,1.019440096431867,0.06029405880086209,0.11877697841726548,0.5626330638162446,0.8339605667677674,40,0.40703996075926097,0.6446589563263916,False,0.9826004653394227,0.989180960122452,True,0.23331677584641808,0.23535216881690058,0.07967934749788902,-0.07499999999999996,0.05494849062323596,-0.075,0.06029405880086209,0.40302314699457065,1.019440096431867,0,0.6882637774418561,0.1494747813127363,0.4141314398139096,1.1438567126209824,0,,0,1
S0_null,1500651,0.8041511385816226,0.5064719012222223,1.2767915695255685,0.35545554420812286,0.313420700210443,0.44684426173844477,0.48743614568264354,40,0.9839353911277724,0.9351461658254706,False,0.8812310783571384,0.6940722192955043,True,0.18916127259520787,0.2709576243112899,0.046060635838996236,-0.025000000000000022,0.05370801749285708,-0.025,0.35545554420812286,0.5064719012222223,1.2767915695255685,0,0.7917471912850028,0.3384278858648181,0.4908498898422148,1.2770984121218771,0,,0,1
S0_null,1500652,1.041737574198754,,,,-0.23252505010020008,0.557346202547838,0.6789427263106323,40,0.9132599547277199,0.7449860127678984,False,0.26247268506803334,0.17780659697088153,True,0.017505878381010764,0.12500570900738606,0.4212778884571454,-0.22499999999999998,0.4168185470958629,-0.225,0.8735977978989793,0.6215216325379916,1.7460650067255201,1,1.121056359208611,0.6796939036810586,0.6431676071141785,1.954027762935763,1,0.0,0,1
S0_null,1500653,1.137056278034746,,,,-0.28279497532525905,0.5728802970513119,0.6244801202901459,40,0.8562106793029811,0.8707684198983542,True,0.6870734758408701,0.6842096549274048,False,0.9128781523920801,1.0,0.03392123698374555,0.025000000000000022,0.02319930679535069,0.025,0.6045726408616834,0.6912947089345384,1.870254412059531,1,1.080536906777315,0.7910899130529586,0.6005252695289869,1.9442312691082033,1,0.0,0,1
S0_null,1500654,0.8415826173231882,0.5449182793503582,1.2997569151560198,0.43673082560822185,0.6685296981499493,0.5778409173714547,0.25471015735500135,40,0.7021809026766279,0.9351979846165671,True,0.3541330086984106,0.3219563077109997,True,0.25477435931328674,0.5042681351358702,0.045855542694803096,0.07499999999999996,0.08352372448108482,0.075,0.43673082560822185,0.5449182793503582,1.2997569151560198,0,0.8507457209313737,0.4777526030343666,0.5444898944113964,1.3292593473483096,0,,0,1
S0_null,1500655,1.1006173917149988,0.7055313248201751,1.7169452302550516,0.6726126469894034,0.3647272727272731,0.4967784845482547,0.46746347278597833,40,0.9587193750796515,0.8812822238696845,True,0.028245104413039283,0.027884340315700473,False,0.4435847071021536,0.4469914207818042,0.09256130011982663,0.07499999999999996,0.130061792597919,0.075,0.6726126469894034,0.7055313248201751,1.7169452302550516,0,1.0517480134796287,0.8426487364166046,0.6390951220972564,1.73084388475431,0,,0,1
S0_null,1500656,1.2737038047897775,0.7509865663021026,2.1602535319963865,0.36942587933552307,0.010181724449027402,0.33586039627555103,0.975978494323936,40,0.5270892568655381,0.3222758604158821,True,0.2785039150720833,0.3559621954471591,False,0.8644879420589408,0.8810756172529371,0.0650632441390171,0.050000000000000044,0.07061977533748845,0.05,0.36942587933552307,0.7509865663021026,2.1602535319963865,0,1.4019286149897232,0.23897005153497286,0.7989364391697724,2.460025285076976,0,,0,1
S0_null,1500657,1.0135492486627922,0.6414896632076265,1.6014008305733485,0.9540144483058286,-0.36285602809207956,0.5494304281928895,0.5130738730502775,40,0.3487589116503035,0.5142078832559432,False,0.10718141187650439,0.12036048378756398,True,0.3790655230043011,0.32140751002996526,0.056123658042937445,-0.04999999999999993,0.09139198887083047,-0.05,0.9540144483058286,0.6414896632076265,1.6014008305733485,0,1.0002645298405732,0.9991608170790927,0.6110209745383608,1.6374710056608182,0,,0,1
S0_null,1500658,0.8467615619681366,0.5560536581037204,1.2894531532656077,0.4382227550043952,0.2713573664077896,0.5338645852793782,0.6142681517261027,40,0.9037718421917509,0.7964489151518284,True,0.1727331472266478,0.24312469194147635,True,0.3632776609360936,0.5058242047229764,0.04963790712848129,-0.025000000000000022,0.0771286500976318,-0.025,0.4382227550043952,0.5560536581037204,1.2894531532656077,0,0.8542462305668813,0.5069682401194481,0.5364151763030385,1.3603951839451187,0,,0,1
S0_null,1500659,0.7916870995484917,0.49860987687996083,1.2570317850771264,0.322060723820472,0.281393090051339,0.5430241552759091,0.6074064644485111,40,0.575319768979316,0.9243566375468623,False,0.5374761951407092,0.6644636729990683,True,0.09414004427934966,0.14912915283805198,0.03820106160921162,0.050000000000000044,0.017521291143505167,0.05,0.322060723820472,0.49860987687996083,1.2570317850771264,0,0.7959010341900511,0.3636142096226219,0.48638041747940697,1.3023930106141928,0,,0,1
S0_null,1500660,1.1468352814575213,0.6500396055099829,2.0233092747693417,0.6362234652550056,0.2652357320099258,0.564686369859507,0.641322690314532,40,0.9652257290982087,0.9023755413820103,True,0.041486291467626245,0.02759670399384582,False,0.6425406547128997,0.7857427269809337,0.12527603824975136,-0.10000000000000009,0.1463463022859083,-0.1,0.6362234652550056,0.6500396055099829,2.0233092747693417,0,1.1113464584008523,0.7132865270564757,0.6328304597975992,1.9516932718364115,0,,0,1
S0_null,1500661,1.184943774353525,0.7637234155103495,1.8384819947427034,0.4489293869207551,-0.4889058039961909,0.5310954738917664,0.36324302154378113,40,0.4549977159221147,0.5236400533047657,True,0.22456600223428524,0.19249203880525645,True,0.21077384525623666,0.19710282464904183,0.0408101881416154,0.04999999999999999,0.040102433856149304,0.05,0.4489293869207551,0.7637234155103495,1.8384819947427034,0,1.3727158121845693,0.16498551388257565,0.8777598740300876,2.1467701552246514,0,,0,1
S0_null,1500662,1.0945471737215764,0.7010163969434196,1.7089949974431,0.6910772067791937,0.09999999999999787,0.4351936808839767,0.8195262047327618,40,0.331560575495098,0.31562325488791754,False,0.3042066284950665,0.663524767218211,True,0.7621607504945361,0.8375858217568477,0.2672125237579684,-0.175,0.25269124788734765,-0.175,0.6910772067791937,0.7010163969434196,1.7089949974431,0,1.2072523762160001,0.4363951712478459,0.751290129447317,1.9399407003408269,0,,0,1
S0_null,1500663,0.8741220451374082,0.5316312189723925,1.437254477402848,0.5959289930500116,-0.3076083835773754,0.4608491963863993,0.508606546693381,40,0.27690003233013605,0.28305811509074785,False,0.22241433063369975,0.16604565801978877,False,0.8399894841079916,0.8380744021525571,0.34002461254174127,-0.2,0.36463285160804565,-0.2,0.5959289930500116,0.5316312189723925,1.437254477402848,0,0.8618011755454239,0.5720596715087737,0.5144520090744187,1.443674537315371,0,,0,1
S0_null,1500664,1.0353366403511568,,,,-0.5908762169680116,0.4647132785967199,0.21149081387307395,40,0.710692456919171,0.9566906546769101,False,0.8665395546198502,0.8921824034490977,True,0.18152672353743105,0.3189685449226961,0.2662874670407003,-0.175,0.2810242618506591,-0.175,0.9007098313712778,0.591786320956506,1.8113327748452686,1,1.0631227870296038,0.8412076664524057,0.5754207070333156,1.9641803753095641,1,0.0,0,1
S0_null,1500665,1.3080961535468816,0.857971230553181,1.994374037251689,0.2119966617404262,0.37768853464132357,0.6039356465134292,0.5355609610242408,40,0.17089195409166802,0.17086238279741417,True,0.06699279382802838,0.08735162619140222,False,0.7572228200077611,0.8381275735613903,0.08482561246228319,-0.07500000000000007,0.0743759621482963,-0.075,0.2119966617404262,0.857971230553181,1.994374037251689,0,1.4241649203874192,0.11067983614235881,0.9223162334022103,2.199078414764941,0,,0,1
S0_null,1500666,0.8259328517520592,0.572121345360572,1.1923433396342926,0.3073134531822739,0.04430044182621484,0.4737451636338546,0.9260020552691486,40,0.134505331544849,0.2075773723655393,False,0.018531097202706386,0.044227920468187604,True,0.18236366545091143,0.19179773195691785,0.08807207708641179,-0.09999999999999998,0.09888517876815865,-0.1,0.3073134531822739,0.572121345360572,1.1923433396342926,0,0.8281714578863488,0.329976021108345,0.5667381493063195,1.2102025679709305,0,,0,1
S0_null,1500667,0.9501911372800236,0.6012451964331047,1.5016555686793889,0.8268013700236899,-0.3606998654104955,0.6184430504340471,0.5632710927910068,40,0.30461293126083755,0.4475491875765637,False,0.3153010226910403,0.3019912744173997,True,0.4802160349523533,0.48681895311724865,0.02550655029291358,0.025000000000000022,0.03523306392910041,0.025,0.8268013700236899,0.6012451964331047,1.5016555686793889,0,0.9304558125411577,0.7649240718799668,0.5801079181251544,1.4923913155497504,0,,0,1
S0_null,1500668,1.2161460978557843,0.767948851938038,1.9259242690412732,0.40411722053027743,-0.09317358892439032,0.5366625961955969,0.8631131013450734,40,0.12717239174638184,0.1930170915410332,True,0.8879113907026548,0.6147763442909515,False,0.49050886206931243,0.383747378478019,0.042957108604514446,0.025000000000000022,0.0352330639291004,0.025,0.40411722053027743,0.767948851938038,1.9259242690412732,0,1.376818049170193,0.19430574680918034,0.8495051471980664,2.231449623081378,0,,0,1
S0_null,1500669,1.08350689195555,0.6797198983589808,1.7271631855261025,0.7360209935575833,0.6754280821917804,0.5962957740709806,0.26462461695757034,40,0.19760605980769452,0.1470856856127954,False,0.5133286597506505,0.5327251012878929,False,0.35413233464468286,0.40701360274302734,0.2517981526748451,-0.17499999999999993,0.24051773093342974,-0.175,0.7360209935575833,0.6797198983589808,1.7271631855261025,0,1.2011219190972782,0.5646479596337639,0.6345511665775903,2.273565853352697,1,0.0,0,1
S0_null,1500670,1.3316887365595445,0.8467046419623571,2.0944669524540025,0.21506363137546713,-0.13871420222092495,0.5436700010226094,0.8000247448410718,40,0.5133286597506505,0.6061346333939497,False,0.8561818456426022,0.8283023696436356,False,0.584303068439251,0.36205746891604706,0.07782541111146853,0.07499999999999996,0.06483499538239326,0.075,0.21506363137546713,0.8467046419623571,2.0944669524540025,0,1.1755326436415348,0.5143328723833677,0.722999310168369,1.9113116386584794,0,,0,1
S0_null,1500671,1.6752771506519775,1.0594116574849897,2.6491624022330273,0.027327955978507158,0.05491047496515544,0.4340861563848695,0.900023669520918,40,0.5415776570790494,0.624616981748995,False,0.18487700530463458,0.2493397740979174,True,0.5263012847238787,0.9349684322247407,0.02114511468373635,0.0,0.012415162210221016,0.0,0.027327955978507158,1.0594116574849897,2.6491624022330273,0,1.6229976255113026,0.04680430787299185,1.0068690571661334,2.6161508029943326,0,,0,1
S0_null,1500672,0.889250509874805,0.5618380954273935,1.4074632456367349,0.6163534750994487,-0.023881511746678963,0.5779337714412953,0.9672611952808647,40,0.7473023588224185,0.8813490005262743,False,0.8664703540047195,0.5957679996347519,True,0.15205203084339003,0.23544150873921998,0.04188215556549286,0.02499999999999991,0.0771286500976318,0.025,0.6163534750994487,0.5618380954273935,1.4074632456367349,0,0.8907250641318447,0.6237771599113573,0.5609558630278425,1.4143557312873647,0,,0,1
S0_null,1500673,1.1894114300071994,0.6958943146413464,2.03292298854444,0.5259123298112458,0.3632170780989191,0.5419325361664405,0.5068758705970553,40,0.29473883027237135,0.38455893412906705,True,0.47785692745000774,0.8814655890347607,True,0.3942909923010096,0.5326477871767159,0.050421923320952806,-0.04999999999999993,0.055653255970699776,-0.05,0.5259123298112458,0.6958943146413464,2.03292298854444,0,1.2189557904258659,0.4780496518746409,0.7053923227934827,2.106421024159289,0,,0,1
S0_null,1500674,0.9152850107081107,0.5207334251123485,1.6087821722721218,0.7583732053266476,-0.015179750550259191,0.529407378577536,0.9772794140350531,40,0.4207688229118334,0.5061858738052201,True,0.07649864540158328,0.40754630191284213,False,0.2132850658001577,0.21527988730306857,0.10346468072500398,-0.09999999999999998,0.04835169739931688,-0.1,0.7583732053266476,0.5207334251123485,1.6087821722721218,0,0.9689816847723255,0.9129364099995328,0.5508158254355537,1.7046088040077019,0,,0,1
S0_null,1500675,0.9046571265874557,0.5601701795168673,1.46099265296722,0.682008495330458,-0.10000000000000109,0.45548447987404816,0.8274311389184343,40,0.365081876508742,0.2721126073266521,True,0.0498203143407355,0.045978586801623075,False,0.10601812091739554,0.16892147419592385,0.01878236472991378,0.0,0.01656628160682895,0.0,0.682008495330458,0.5601701795168673,1.46099265296722,0,0.9142107829294985,0.7181177442081375,0.5617490219520048,1.4878198678839443,0,,0,1
S0_null,1500676,0.7627430628440752,0.5013869718274833,1.1603352552146848,0.2057832872739469,0.1497959183673483,0.5432971687264327,0.7843000162743512,40,0.6146942848745901,1.0,True,0.9478963070138199,0.8919596027549633,True,0.3475542021545093,0.2769634141627969,0.1100682275049664,-0.09999999999999998,0.07502426537113578,-0.1,0.2057832872739469,0.5013869718274833,1.1603352552146848,0,0.7839686658075838,0.2894035670606141,0.49974635568693404,1.229837620573152,0,,0,1
S0_null,1500677,1.2474129227831585,0.7805540523608626,1.9935057607093694,0.3553750772976566,-0.2482077051926308,0.5120215933363561,0.6307040698650738,40,0.030249700495472796,0.15813286539387406,True,0.16963353843156692,0.24817810357798853,True,0.31478159773825154,0.3525499566098037,0.06102110708894703,0.07499999999999996,0.015385690519042095,0.075,0.3553750772976566,0.7805540523608626,1.9935057607093694,0,1.2808468467292697,0.3501267126854013,0.7620812750176086,2.1527476117798674,0,,0,1
S0_null,1500678,0.8310102527105199,0.5336460423394077,1.2940750709639537,0.412693236709865,-0.07979412886008852,0.5026995274102342,0.8747438504214724,40,0.9850877894163802,0.7648218682798653,False,0.1647293943917989,0.47218954765166543,True,0.8664010456380101,0.6528547449012956,0.2572824497445272,0.17499999999999993,0.2263787441837476,0.175,0.412693236709865,0.5336460423394077,1.2940750709639537,0,0.9492230533899395,0.8339795823568792,0.5830959521532929,1.5452420853884532,0,,0,1
S0_null,1500679,0.850870383235754,0.5503838958959014,1.3154098702130108,0.4674899589978475,0.2362185856224448,0.5163782154950934,0.6500206402614584,40,0.21719464596067017,0.13559902721419517,False,0.39024372614940905,0.37082851520320703,False,0.4425269872790414,0.5318919731733327,0.04303587365611594,0.025000000000000022,0.059747121331570514,0.025,0.4674899589978475,0.5503838958959014,1.3154098702130108,0,0.8623937821063961,0.5379665279406931,0.5383938595920386,1.3813735468293071,0,,0,1
S0_null,1500680,0.8032311694211359,0.5128157107931024,1.2581133883980131,0.33854222343880047,0.2760678642714587,0.5723532718593721,0.6324070062521767,40,0.647236742644139,0.7041416112318057,True,0.3374350412399527,0.363102824129407,True,0.5002443717041003,0.4467764527253766,0.0749708454700332,0.07499999999999996,0.05494849062323593,0.075,0.33854222343880047,0.5128157107931024,1.2581133883980131,0,0.8151095162271315,0.47939985904897503,0.4568200021181082,1.4544098777711805,1,0.0,0,1
S0_null,1500681,1.154590503224993,0.7670825227876836,1.7378563460066185,0.49082357217205563,-0.5499999999999989,0.4927749966019135,0.27156364376273245,40,0.2192570257133326,0.19773740237240156,True,0.512850468099408,0.415321376564987,True,0.8515663144071834,1.0,0.03321231561217198,-0.04999999999999993,0.04010243385614931,-0.05,0.49082357217205563,0.7670825227876836,1.7378563460066185,0,1.3799729263590843,0.19216084193726646,0.8504992241894043,2.2390676244285035,0,,0,1
S0_null,1500682,0.7743583842965875,0.4739421832876794,1.2651984323717607,0.3073089250052411,0.46318687756297733,0.4856632435476134,0.34641483953447977,40,0.8361116600929401,0.7952530330226353,True,0.8404061194472789,0.8383926472020728,False,0.08854681058762388,0.08837530250909872,0.1984813899505234,-0.15000000000000002,0.2189189255985675,-0.15,0.3073089250052411,0.4739421832876794,1.2651984323717607,0,0.725998882578578,0.2152916928298082,0.43749940228849643,1.2047430802151815,0,,0,1
S0_null,1500683,0.842624181642888,0.5257561468552727,1.3504654500688054,0.47676120546994427,0.07127982646420872,0.5196052425380943,0.8916317218165899,40,0.29575128130841544,0.3147545994622847,True,0.058394580346790674,0.06826563722519913,True,0.23679590910825132,0.24075561899689613,0.14349213685030462,-0.125,0.10220287084734073,-0.125,0.47676120546994427,0.5257561468552727,1.3504654500688054,0,0.8481212657121984,0.5128210719345616,0.5178481063414575,1.389036036908793,0,,0,1
S0_null,1500684,1.195862206742832,0.7598336006516814,1.8821047348910387,0.43952204138540796,-0.507280139778683,0.5020480284214278,0.3188557758804332,40,0.670033053728423,0.8494196995488836,False,0.20479301868859234,0.15783813106598754,False,0.8077737911128815,0.9457732560121044,0.01958538583222699,-0.024999999999999967,0.029131773706320103,-0.025,0.43952204138540796,0.7598336006516814,1.8821047348910387,0,1.1956749106131856,0.44567922614610467,0.7553514030465902,1.892679997817743,0,,0,1
S0_null,1500685,1.514339692707262,0.9327184855496382,2.45864614075635,0.09329335051837183,1.1603191489361666,0.4483546017227958,0.013716094251782706,40,0.5416736965494992,0.4472705115488529,False,0.6723475426241788,0.5505200780075135,False,0.07307267852422449,0.06467722546077583,0.1667802119691533,0.125,0.1649384004605626,0.125,0.09329335051837183,0.9327184855496382,2.45864614075635,0,1.6260455791905892,0.08715523121714527,0.9315834763496755,2.8382042970165435,0,,0,1
S0_null,1500686,1.7897711703527457,1.174055498582721,2.728389625612014,0.00681199032128192,0.5871792141412002,0.4731482316367837,0.22241498023404582,40,0.9621589275690345,1.0,False,0.5868306839955078,0.5783257737526073,False,0.5180852096754476,0.3981119231906315,0.04081018814161537,0.04999999999999993,0.024706122142071883,0.05,0.00681199032128192,1.174055498582721,2.728389625612014,0,1.753646350941726,0.011417378295313776,1.134846660165984,2.70985995916086,0,,0,1
S0_null,1500687,1.0803104343360186,0.6619855759683935,1.7629849907651143,0.7572153944315538,-0.15083926413320947,0.45938521964652296,0.744497918206375,40,0.4329313764986331,0.4724192938406774,False,0.7274135342889856,0.7341859645383765,True,0.9621482836066155,0.9891342437974642,0.022142213160009618,0.0,0.04557867741325277,0.0,0.7572153944315538,0.6619855759683935,1.7629849907651143,0,1.1542954059028743,0.5825123816528448,0.6920418641579603,1.925313991964449,0,,0,1
S0_null,1500688,0.9671426991145644,0.6054837919224008,1.5448225252749324,0.8888011650661402,0.45941186175039195,0.5535723652209416,0.4119158750898842,40,0.9678642693577645,0.6940036883091087,True,0.588089369387326,0.5325704349657507,False,0.6616503777578258,0.9783117092914966,0.17243062125335348,-0.1499999999999999,0.17244622317316977,-0.15,0.8888011650661402,0.6054837919224008,1.5448225252749324,0,1.0309141349836604,0.9086607253303952,0.6128229935899104,1.7342429458844744,0,,0,1
S0_null,1500689,1.6195401112602543,1.064306661968037,2.4644308503441907,0.02439012509542354,0.6805467800729064,0.5282580817158692,0.2056452322762028,40,0.7762358507788084,0.9028668322490749,True,0.343670339870058,0.30887701626938724,True,0.4554889687789071,0.4551474432749988,0.6970603623418241,0.29999999999999993,0.6801073714133126,0.3,0.02439012509542354,1.064306661968037,2.4644308503441907,0,1.7461365460056726,0.019767656120480395,1.0927203509067747,2.7902773429326793,0,,0,1
S0_null,1500690,1.2287262498536415,0.7709516605470468,1.9583175889498727,0.38641916725450276,1.0039273691727044,0.545643633619223,0.07381666710710709,40,0.9107552847357627,0.9135413756855502,False,0.5418655957872518,0.4889859556506555,False,0.3768107105856414,0.9782467021631402,0.07953546895946462,0.07499999999999996,0.04481321300021269,0.075,0.38641916725450276,0.7709516605470468,1.9583175889498727,0,1.2887880161510212,0.4024449340651563,0.7029133506288023,2.3629862046134615,1,0.0,0,1
S0_null,1500691,0.9151097680550354,0.5494676958733733,1.5240675546151277,0.7332086655870355,0.1500000000000003,0.44181517041319857,0.7361463577815838,40,0.5014794689067039,0.5065868076507152,True,0.8960048042545357,0.9458731682250423,True,0.3635852115869689,0.595698199863318,0.7437879471457703,-0.325,0.7594822690665703,-0.325,0.7332086655870355,0.5494676958733733,1.5240675546151277,0,0.8907131896666388,0.6525951849601358,0.5381461017399201,1.4742650437883213,0,,0,1
S0_null,1500692,1.1407192456854156,0.7070677961896847,1.8403332813194908,0.5895265465368762,0.39999999999999547,0.5650737043450088,0.4834601587414221,40,0.9255689234514919,0.7757342371696304,False,0.9255948183958725,0.7965898908878649,True,0.4799031821528891,0.6933158385899947,0.05769524144398646,-0.050000000000000044,0.024706122142071883,-0.05,0.5895265465368762,0.7070677961896847,1.8403332813194908,0,1.1524551853347293,0.579141240041276,0.6980063065946293,1.9027807365875808,0,,0,1
S0_null,1500693,1.177438083059064,0.7215328532728845,1.9214099997654304,0.513287298655163,0.09968808484092084,0.53077818183302,0.8520479457629979,40,0.12104875863861309,0.5783794879829517,True,0.12566066753017519,0.2124630165745126,True,0.9677529178692684,0.9349068051162329,0.1160973425605691,0.09999999999999998,0.08733606889123373,0.1,0.513287298655163,0.7215328532728845,1.9214099997654304,0,1.0989298323939598,0.7147456809945101,0.6626219990188841,1.8225274414576143,0,,0,1
S0_null,1500694,0.8274549779822585,0.5212750884841758,1.3134748920740045,0.4217613077402299,0.9537282941777305,0.5593629834831045,0.09657363897913888,40,0.3831857706619618,0.48935472478403075,False,0.824606751579234,0.9459088996717929,False,0.3961439091520741,0.5767410085135136,0.010885586307210399,-0.02499999999999991,0.007884793234706604,-0.025,0.4217613077402299,0.5212750884841758,1.3134748920740045,0,0.8532960076619803,0.5135114244744861,0.5301727080358537,1.3733526182238613,0,,0,1
S0_null,1500695,0.6746860697421614,0.4127236954225079,1.1029201806262472,0.11657874630021653,0.34999999999999953,0.5617935208840482,0.537102893734387,40,0.05842010676409961,0.06331941112480792,True,0.2755115635273493,0.40627885017848087,False,0.2508456784907218,0.21170839577583656,0.018782364729913764,0.0,0.012415162210221016,0.0,0.11657874630021653,0.4127236954225079,1.1029201806262472,0,0.6262898349332828,0.0636802665733296,0.38192956771783004,1.0269929078403932,0,,0,1
S0_null,1500696,1.0386051023368428,0.6360828659604398,1.6958491044580528,0.8796466002857579,0.1871846689895475,0.6132375359268879,0.7618939252054644,40,0.08573263071534791,0.17975860578944647,False,0.5563453233512877,0.8069983096651567,True,0.9131263805843115,0.7336398727440281,0.057007286170112664,-0.07500000000000007,0.0835237244810848,-0.075,0.8796466002857579,0.6360828659604398,1.6958491044580528,0,1.0119273619192888,0.9639326730309334,0.6052820699429308,1.6917682459972412,0,,0,1
S0_null,1500697,0.9121939621268444,0.5476383415163332,1.5194294508976667,0.7240708065473028,0.8172024748271247,0.5102686661546644,0.11776769450674886,40,0.8665164997033008,0.9783506392818364,False,0.354474493806324,0.2600458728908078,True,0.9399619541049941,0.734016429159398,0.031234391438187147,0.025000000000000022,0.0352330639291004,0.025,0.7240708065473028,0.5476383415163332,1.5194294508976667,0,0.8371296414209033,0.5339767303396815,0.47806464633382717,1.4658813236236237,0,,0,1
S0_null,1500698,1.527805785052246,1.0152923140357082,2.2990329824923856,0.04207752027748175,0.8999999999999995,0.48492818257773584,0.07143964400611445,40,0.7650195708514412,0.796674335889687,True,0.45456459580328146,0.39169418529351485,False,0.24722907508606629,0.4548273975579401,0.0436177928291714,-0.025000000000000022,0.05370801749285708,-0.025,0.04207752027748175,1.0152923140357082,2.2990329824923856,0,1.7814620094884284,0.012865660135989627,1.1302661347101703,2.807840378287849,0,,0,1
S0_null,1500699,0.7461482783087482,0.5030713665791535,1.1066764880873254,0.14539676350226888,-1.0624103444792403,0.5282889237675032,0.051649632077686976,40,0.3339912623884139,0.28405900256532435,True,0.19111569075500145,0.254302952171909,False,0.4980217023228871,0.775196744555213,0.10474889579044823,0.07500000000000001,0.06483499538239326,0.075,0.14539676350226888,0.5030713665791535,1.1066764880873254,0,0.7993138621921388,0.2794723557012433,0.5326186007910448,1.1995500144824376,0,,0,1
S0_null,1500700,0.5146871705325059,0.3160665972171171,0.8381236291438472,0.007590161503722916,-0.9049125653506402,0.5733890217954609,0.12303616768816103,40,0.43276758066778476,0.5686364729042941,True,0.6790011752236758,0.6842800334637436,True,0.9838961745567013,0.8065949297206472,0.042444618872771116,-0.050000000000000044,0.03231112320566666,-0.05,0.007590161503722916,0.3160665972171171,0.8381236291438472,0,0.4970541425671196,0.013296277487388692,0.285795646116908,0.8644737035009642,0,,0,1
S0_null,1500701,0.5551855918767393,0.34831769780588834,0.8849135239728685,0.013361087067383695,0.05000000000000049,0.4790764072515016,0.917441431876374,40,0.9038688939507324,1.0,True,0.21086534994043105,0.25984328672737456,False,0.2252055352094262,0.3412613260435776,0.07029098252414996,-0.07499999999999996,0.04481321300021269,-0.075,0.013361087067383695,0.34831769780588834,0.8849135239728685,0,0.5489082228083417,0.018843595313509202,0.3327414499308475,0.905508577693673,0,,0,1
S0_null,1500702,1.1209404889399948,0.6807005076724872,1.8459036912450661,0.6537156208270042,-0.07269155206286537,0.5379196340154885,0.8932379479473869,40,0.8959531878954607,0.8070876074507047,True,0.29522846592598506,0.18351293984896677,True,0.3859619122190985,0.30210557054682097,0.21117668511104673,0.14999999999999997,0.20912510240144702,0.15,0.6537156208270042,0.6807005076724872,1.8459036912450661,0,1.1070406689838177,0.7135742885800778,0.643200644445229,1.905375955960346,0,,0,1
S0_null,1500703,0.6803034526674847,0.41858727858642214,1.105654212125674,0.12003491462010428,-1.1363373957665166,0.4864825256469364,0.025028577039696374,40,0.13621982342686786,0.19282816559004234,True,0.4809735057899752,0.4083427339334651,False,0.1698495614438844,0.17762112752662107,0.24605431020952884,-0.17499999999999993,0.2096956861192004,-0.175,0.12003491462010428,0.41858727858642214,1.105654212125674,0,0.6852603271891994,0.171044734676702,0.3988678796058844,1.1772863648069016,0,,0,1
S0_null,1500704,1.4145050224902693,0.8774356594059092,2.280309031439306,0.15464597067148425,0.5915450643776816,0.49707412616367713,0.24160527218706146,40,0.31329439663711844,0.16622580926396813,False,0.5275307805322712,0.3079848188238393,False,0.5854600666633176,0.6724697402538029,0.1374675480931581,0.125,0.11722504994521371,0.125,0.15464597067148425,0.8774356594059092,2.280309031439306,0,1.317497198251186,0.2740495771836521,0.803838706315948,2.1593870185164623,0,,0,1
S0_null,1500705,0.7792261811987506,0.48715010957268245,1.2464195933327515,0.2979419700686957,0.11345180287219725,0.5301118604664011,0.8317105449100265,40,0.1271272503965692,0.08930046583910495,True,0.42048633204288777,0.4795709398462047,False,0.9838961745567013,0.7848960656186204,0.14921113660555044,0.125,0.15457597185817973,0.125,0.2979419700686957,0.48715010957268245,1.2464195933327515,0,0.763770275383938,0.25621005748761316,0.47965426970480535,1.216178131634408,0,,0,1
S0_null,1500706,0.9284226139356855,0.5989961258714444,1.4390219115576808,0.7397684792665049,-0.22258629314657652,0.4565554437064577,0.6287563177878356,40,0.16460096999947205,0.24343613806638265,True,0.3600821146225286,0.27780372663355135,False,0.25780187770406404,0.33372066733715866,0.0314778296355171,0.025000000000000022,0.02319930679535069,0.025,0.7397684792665049,0.5989961258714444,1.4390219115576808,0,0.9666690136444979,0.8929340358449173,0.5900517385831783,1.5836729575345523,0,,0,1
S0_null,1500707,0.6727771153775638,0.4278115505185648,1.0580103469088407,0.08619133985440441,-0.8999999999999992,0.43925123412763883,0.047609653601894,40,0.02504285271636567,0.053641564096017905,True,0.903830108496317,0.881387901578081,True,0.24114252921552082,0.45448540321842057,0.16191862293297332,0.125,0.10220287084734073,0.125,0.08619133985440441,0.4278115505185648,1.0580103469088407,0,0.6080003508677764,0.05796489891552538,0.36350722911670114,1.0169383083621186,0,,0,1
S0_null,1500708,0.9323776730713561,0.6091769766606325,1.427053481251725,0.7471343997756594,0.14771428571428458,0.4988710424248247,0.7688115008625138,40,0.8372306504854534,0.8599490276163644,True,0.36479030297545467,0.4311055803456687,True,0.8442085738831913,0.9782467021631402,0.08031544046255717,-0.09999999999999998,0.034464729198532246,-0.1,0.7471343997756594,0.6091769766606325,1.427053481251725,0,0.8770722535145982,0.5769055903864841,0.5532432132336987,1.3904476719902024,0,,0,1
S0_null,1500709,1.1681777056045812,0.7606952566247273,1.7939367177424104,0.4775599730976766,0.1642926033088502,0.5682715175953982,0.7741114709750512,40,0.5377954686242674,0.5970182690691272,True,0.04724134420733991,0.025483990666561325,False,0.7788045830991386,0.6734509213372043,0.07123732386823943,0.07500000000000007,0.10851156076691325,0.075,0.4775599730976766,0.7606952566247273,1.7939367177424104,0,0.9871666648116917,0.9563040615556396,0.6219177817014698,1.5669242025036887,0,,0,1
S0_null,1500710,1.5867521056008427,0.9592425754302136,2.624760732184453,0.07218962591476683,0.0768137192400884,0.5460383194403526,0.8888900935743014,40,0.8812207973057495,1.0,True,0.11164224652688391,0.12466677854434106,True,0.9477226277683093,0.891934197004346,0.3358693726529944,0.19999999999999996,0.2960934199061347,0.2,0.07218962591476683,0.9592425754302136,2.624760732184453,0,1.5946226748144372,0.09381077775108736,0.9238710378545517,2.7523554379812434,0,,0,1
S0_null,1500711,0.9308906444788974,0.5743841856910727,1.5086720936366564,0.7712851035616803,-0.22708029197080148,0.5109163174325558,0.6593012398710549,40,0.8404380336894042,0.9891794296171555,False,0.6473147843885203,0.9783301759705894,True,0.20373653988950713,0.3696525096991181,0.06394098939861087,-0.07499999999999996,0.0835237244810848,-0.075,0.7712851035616803,0.5743841856910727,1.5086720936366564,0,0.9151737060977583,0.737286406097254,0.5452254115768504,1.5361406393558255,0,,0,1
S0_null,1500712,1.7219444936744288,1.0971758372855043,2.7024773409443177,0.018115546930157607,-0.2500000000000031,0.5213548423233655,0.6343911941301281,40,0.4113017109886036,0.4391138587740452,False,0.9652339828099119,0.9567192554443624,False,0.9825735112670789,0.9023616592307601,0.08486275670010256,0.07500000000000007,0.10851156076691325,0.075,0.018115546930157607,1.0971758372855043,2.7024773409443177,0,1.7655790743471942,0.031567461888702596,1.0514917360109264,2.9646162314111635,0,,0,1
S0_null,1500713,1.1142507977444167,0.7343189243560406,1.6907569709753125,0.6111164998277876,-0.8054266538830285,0.5636544030296884,0.16141100809437864,40,0.25472647171402363,0.2903806978324911,True,0.5454771958710665,1.0,True,0.6855597181184911,0.5303301282242929,0.12930966868751784,0.09999999999999998,0.13806267595474211,0.1,0.6111164998277876,0.7343189243560406,1.6907569709753125,0,1.2874143484391265,0.28943590593705015,0.8067222932946095,2.054530683412831,0,,0,1
S0_null,1500714,0.6562575400966718,0.4046011411704742,1.0644407914615228,0.08784223316740092,-0.012540959189753398,0.5621685715849138,0.982321997344754,40,0.7169434779109711,0.8070161791411448,True,0.9173835940294711,0.6150110921813325,False,0.4535764423162971,0.5759601387891053,0.05416490416222889,-0.07499999999999996,0.03460576199081596,-0.075,0.08784223316740092,0.4046011411704742,1.0644407914615228,0,0.6325324106201321,0.10175560084640964,0.3654551110805351,1.0947917770309863,0,,0,1
S0_null,1500715,1.1673121615318454,,,,0.11863523896340578,0.5610644552569254,0.8336990841623059,40,0.5627530026406009,0.5328410010853338,True,0.007406252514525635,0.01578191401782635,False,0.5369426098249208,0.5960120155295086,0.15358621631720834,0.125,0.15457597185817973,0.125,0.5331497295468844,0.7096779115162646,1.9200508573654826,1,1.4826104581518946,0.163547445442696,0.8460850929616971,2.59800555394123,1,0.0,0,1
S0_null,1500716,0.6776640293710635,0.43134504123373996,1.0646431343917453,0.09137450559619542,0.615060471037554,0.4786589409714398,0.20679023068964586,40,0.13084839065726658,0.260180847546541,True,0.8105427102943268,0.7137704507902217,False,0.8242202649954596,0.8489332538533079,0.018688368568581432,0.0,0.008700382961356227,0.0,0.09137450559619542,0.43134504123373996,1.0646431343917453,0,0.6558851601630965,0.08370428956788462,0.4066842579067036,1.0577870545971773,0,,0,1
S0_null,1500717,0.9684855071493917,0.5640466823846902,1.662919412260111,0.9075758637842256,0.19162924281984345,0.6100912938825218,0.7552098450961829,40,0.4110160912031825,0.5066268478732274,False,0.1552459346853244,0.10339957934928377,False,0.6137583991437405,0.33273064589494206,0.04306559838320709,0.04999999999999993,0.047919065615694055,0.05,0.9075758637842256,0.5640466823846902,1.662919412260111,0,0.9151344896453324,0.7392536253485518,0.5428577788485455,1.542708176559211,0,,0,1
S0_null,1500718,1.4479007548677703,0.9252476968759737,2.2657895858860773,0.10525063381624371,-1.4500000000000006,0.5834959493233681,0.01760186647148755,40,0.354279423017697,0.385479434825993,True,0.5013675616527337,0.5779671559182387,False,0.4899562850371977,0.9891409546239143,0.028442332104092746,-0.025000000000000022,0.017563739731861275,-0.025,0.10525063381624371,0.9252476968759737,2.2657895858860773,0,1.315239213580015,0.26322002607787154,0.8138217124388215,2.125593557530719,0,,0,1
S0_null,1500719,1.182857665444,0.7539528652083141,1.855755606569715,0.4648728176464374,0.3235612903225781,0.47784804488050303,0.502540650811088,40,0.19763674629950045,0.21760539075985608,True,0.4437699085571454,0.7755795869014038,False,0.19622728978516735,0.1154169848908441,0.10589421080055864,-0.09999999999999998,0.10968809608557809,-0.1,0.4648728176464374,0.7539528652083141,1.855755606569715,0,1.1873741236313065,0.4801071983644618,0.7371556787087971,1.9125638588835416,0,,0,1
S0_null,1500720,1.2181435729692685,0.8009222915055504,1.8527062863701704,0.3563502574856173,-1.3862680130430207,0.47774872762832327,0.006218210947324014,40,0.7781115581306569,0.5330725441333767,False,0.983927244636252,0.8072302264931736,True,0.8609380824092336,0.74411213370374,0.08272033021578641,0.10000000000000009,0.07502426537113577,0.1,0.3563502574856173,0.8009222915055504,1.8527062863701704,0,1.2159017746707765,0.3960708095069001,0.7741532254232671,1.9097215862392378,0,,0,1
S0_null,1500721,1.1312082351602541,0.7263866781625276,1.761640335325728,0.5854057719955443,0.2693472236477461,0.5422849694456265,0.6223463954156035,40,0.36488753708392696,0.2539438648788296,False,0.0984448609621446,0.08721722503647962,True,0.07307267852422449,0.06381704816337588,0.13470324052337515,-0.09999999999999998,0.1463463022859083,-0.1,0.5854057719955443,0.7263866781625276,1.761640335325728,0,1.1430078636811611,0.5947830038002633,0.6984808641583139,1.8704406140192482,0,,0,1
S0_null,1500722,1.062420871071816,0.6868585835365704,1.6433340637271057,0.785558629831457,-0.43335188534854396,0.5314903382701984,0.42008845847394627,40,0.0729630417751015,0.06496843012093367,True,0.07637937404942254,0.10916053034891099,True,0.13892513850164243,0.1693873804827548,0.0883642895551598,-0.07499999999999996,0.09226046032336344,-0.075,0.785558629831457,0.6868585835365704,1.6433340637271057,0,1.1357019908192634,0.5836799910853636,0.7204657305178127,1.7902572701463817,0,,0,1
S0_null,1500723,1.2047720825751154,0.7541979060993966,1.9245290383517573,0.4356704056212677,0.9881787286630119,0.5425008062615926,0.07661981371350704,40,0.04984025831218151,0.10400224488574197,True,0.1124692601027466,0.17554414446579059,False,0.025724823694855254,0.07954976891773702,0.41888154885049156,0.22500000000000003,0.41261191108917944,0.225,0.4356704056212677,0.7541979060993966,1.9245290383517573,0,1.26455564704446,0.3591959286680315,0.7656585777091874,2.0885300981756965,0,,0,1
S0_null,1500724,0.9095901795311236,0.5959284133852892,1.38834510339843,0.6605126436263634,-0.5840609325654841,0.5539059460222433,0.29851839347703074,40,0.3864922830559425,0.36314816237549263,True,0.9038592019866114,1.0,False,0.6124147632697574,0.38145381884003826,0.02963344331928748,-0.02499999999999991,0.02319930679535069,-0.025,0.6605126436263634,0.5959284133852892,1.38834510339843,0,0.8230797607453962,0.420133391978347,0.5127067313417056,1.3213407414719296,0,,0,1
S0_null,1500725,0.8251555755624586,0.48525468651298487,1.4031430150105157,0.47801397587045846,0.22472868217054276,0.5287961300887565,0.6733114313779158,40,0.23202214646605746,0.20710624036580905,True,0.44560390935155925,0.2956747139911844,False,0.006595721860573066,0.012559906731133183,0.07141947461484091,-0.09999999999999998,0.09888517876815865,-0.1,0.47801397587045846,0.48525468651298487,1.4031430150105157,0,0.8153733972950722,0.45105097483954426,0.47954799780563495,1.3863758790751342,0,,0,1
S0_null,1500726,1.378132281894399,0.8348518629171667,2.2749528039178673,0.20978761616352515,0.20026560424966844,0.5349030554563646,0.710246896837354,40,0.6807963540832085,0.8069178355601342,False,0.24272357316961923,0.1427024141084403,True,0.3496470768299903,0.7134591868236867,0.04104014033728834,0.04999999999999993,0.03231112320566666,0.05,0.20978761616352515,0.8348518629171667,2.2749528039178673,0,1.5105930234818554,0.12484575774410948,0.892001407443948,2.558170047209756,0,,0,1
S0_null,1500727,1.1976029001109068,0.8016652625715325,1.7890917485352265,0.37858296579683337,-0.7349818110313624,0.541741611811828,0.18309642956870775,40,0.025415696177596706,0.04211496277132774,True,0.1384024744606729,0.252751085382772,True,0.43307610496101145,0.3847388585863307,0.17148155696607265,-0.125,0.1913872014243856,-0.125,0.37858296579683337,0.8016652625715325,1.7890917485352265,0,1.2697943292444618,0.29153344813175175,0.8146588683378964,1.979205899852337,0,,0,1
S0_null,1500728,1.626069529820176,1.0047337366972755,2.6316446031773606,0.04779465852096894,1.1207180570221762,0.36813018807953507,0.004278066465920989,40,0.8091092036123655,0.9458986979084552,True,0.8227148367227574,0.6942228257133145,True,0.5556408383160694,0.48779230670064755,0.13628442276665592,0.125,0.14326057979794618,0.125,0.04779465852096894,1.0047337366972755,2.6316446031773606,0,1.5538730558349445,0.13697633524338904,0.8638314990981792,2.795130156946736,1,0.0,0,1
S0_null,1500729,0.9987671563583507,0.6158237391524319,1.619839848968912,0.9960105684251087,-0.33788242351529624,0.5257649012773198,0.524414315163598,40,0.7936293343328789,0.6643894431719991,True,0.3489304929277808,0.18827503987832062,True,0.21683275163487037,0.2534943562229658,0.12702769262417377,-0.09999999999999998,0.06198396713929165,-0.1,0.9960105684251087,0.6158237391524319,1.619839848968912,0,1.0868053917767986,0.7580544461510317,0.6399213065473399,1.8457675147088453,0,,0,1
S0_null,1500730,1.1745903671000935,0.6545794558081305,2.1077082671056773,0.5895884538263472,-0.04600359227660428,0.49327553709286737,0.9261990387093674,40,0.40920190240888776,0.2376883756207413,False,0.45599254703314207,0.497180641516315,True,0.9055832638595093,0.5871176554368793,0.036880102732542046,0.025000000000000022,0.05370801749285708,0.025,0.5895884538263472,0.6545794558081305,2.1077082671056773,0,1.1390132822505958,0.7348801936743636,0.5263695515335459,2.464715623013377,1,0.0,0,1
S0_null,1500731,0.7528333627366777,0.4754758768640911,1.1919807073859499,0.22592213354140833,-0.011778144434573923,0.5212929460323777,0.9820954637868683,40,0.7626988461155364,0.775888568260355,True,0.8089952985768285,0.9136428773001853,True,0.5528636951745629,0.3556437810626939,0.05353465885358352,0.050000000000000044,0.04010243385614931,0.05,0.22592213354140833,0.4754758768640911,1.1919807073859499,0,0.7971237738548478,0.3358155172058116,0.5023345246931729,1.2649067097920497,0,,0,1
S0_null,1500732,1.1760964472000426,0.7269119546435884,1.9028478542422094,0.5087893603523023,-0.19399727148703794,0.5211578746664505,0.7118357385341368,40,0.10728819769365998,0.10403481080686759,True,0.6288843908969298,0.6352775311756269,True,0.8613324052809216,0.9891051927248181,0.09497589894975277,0.09999999999999998,0.06198396713929165,0.1,0.5087893603523023,0.7269119546435884,1.9028478542422094,0,1.1176845901214627,0.6584390991296823,0.6824806525422287,1.830409167412532,0,,0,1
S0_null,1500733,1.3935377247825882,0.867699619443214,2.238041076517174,0.16979208849733252,0.09582909858494065,0.4994115871660935,0.8488822857882128,40,0.6433167796785276,0.6743944475658741,True,0.3140462296568983,0.4392867355966307,True,0.6719714208179037,0.9566106811479969,0.08857587149417616,0.09999999999999998,0.07502426537113577,0.1,0.16979208849733252,0.867699619443214,2.238041076517174,0,1.4028435634475322,0.16244638464993744,0.8724529306514619,2.2556747697972472,0,,0,1
S0_null,1500734,2.1250708600046364,1.3573670624250491,3.3269749097733126,0.0009809416723287458,-0.6984378764757879,0.4597775477748329,0.13724262502599907,40,0.19740224803117634,0.12911940439609576,True,0.9198232177673267,0.9783075991698105,True,0.24621339448191715,0.24223298500683366,0.04279509941283224,-0.04999999999999993,0.03231112320566662,-0.05,0.0009809416723287458,1.3573670624250491,3.3269749097733126,0,2.1153801955981524,0.0009689264506844679,1.3554879994924505,3.301271109448727,0,,0,1
S0_null,1500735,1.0273275947221068,0.6670069590635844,1.5822953157178377,0.9026265329934687,-0.014577523177808582,0.4953131994033098,0.9766790923573329,40,0.009419795182295639,0.001645504091229411,False,0.012550388393456445,0.006406485346881037,True,0.7928732159922122,0.827613428304134,0.07122587513949757,-0.07500000000000007,0.06483499538239326,-0.075,0.9026265329934687,0.6670069590635844,1.5822953157178377,0,1.1954232863826475,0.49980139787064204,0.7118029898666598,2.00762971492096,0,,0,1
S0_null,1500736,0.8404102379303546,0.5489582737403238,1.286599367937124,0.4236084754356245,0.9880091533180795,0.539165001839102,0.0749375089753893,40,0.9678479664608032,0.8702766669934393,True,0.8082014355127496,0.6546942356262231,True,0.38171101821044995,0.4957714388981711,0.31854979312718024,0.19999999999999996,0.25948985749882625,0.2,0.4236084754356245,0.5489582737403238,1.286599367937124,0,0.779175635468211,0.2576694628418935,0.5058213832382655,1.2002550525257472,0,,0,1
S0_null,1500737,0.9934389907525208,0.6085859140780112,1.6216626207041644,0.9789955875783292,-0.18222718570516871,0.5695194045696246,0.7507935384001762,40,0.7507849818386696,0.8704412078209234,True,0.7321242682735405,0.7041283152476174,False,0.13076044372759651,0.13089284025989634,0.07123732386823943,-0.07500000000000007,0.06483499538239326,-0.075,0.9789955875783292,0.6085859140780112,1.6216626207041644,0,1.088374766304173,0.7429455996448423,0.656113046425485,1.805420023852847,0,,0,1
S0_null,1500738,1.2789250888125212,,,,0.5745517996441751,0.5342098229704556,0.2891067731020976,40,0.647236742644139,0.881393455748387,True,0.8869969853411879,0.663464888170349,False,0.022961596823803682,0.009506619577642723,0.045895781384414816,-0.07499999999999996,0.06483499538239328,-0.075,0.3602032349296582,0.7471871637614146,2.189075859601352,1,1.2110448524680508,0.5292949271138834,0.6579065394608088,2.2292370522587417,1,0.0,0,1
S0_null,1500739,0.9101044022513233,0.5512578524549778,1.5025455316573226,0.712692631320834,-0.08496661530559768,0.6331066681535239,0.8939671726444999,40,0.039974228582390026,0.07353310610112639,True,0.11135175760072559,0.07903689034743386,False,0.0398332149847979,0.02624373037169721,0.05353465885358352,-0.050000000000000044,0.024706122142071883,-0.05,0.712692631320834,0.5512578524549778,1.5025455316573226,0,0.8845564071337264,0.6422326174536168,0.5271954656207969,1.484155476337354,0,,0,1
S0_null,1500740,1.3461044809846372,,,,0.15802406586447137,0.4183894367034213,0.7078144202035117,40,0.6579115075536063,0.5412309667748032,True,0.8246592570416605,0.7650164126459998,True,0.5060032168588442,0.4796750316452836,0.019289031262108965,0.025000000000000022,0.012390771509656994,0.025,0.20024100360631272,0.848582312367445,2.135322934874355,1,1.2423163422322316,0.43726490303783694,0.7102148602664043,2.1730746292725485,1,0.0,0,1
S0_null,1500741,0.4866408870715733,,,,-0.46655209663164293,0.4886009014180204,0.3458389758949614,40,0.6404822432462667,0.5233064708178394,True,0.9255948183958725,0.6066267899454987,False,0.048209316899986476,0.09190627407068597,0.40824611591270094,-0.2250000000000001,0.40769496471582484,-0.225,0.006213719552353183,0.2941140291983209,0.8051957045888506,1,0.48979624527697757,0.013555282170646289,0.2802637707141293,0.8559806402238304,1,0.0,0,1
S0_null,1500742,0.9247698398899858,0.587498075407439,1.4556630780059256,0.7354488203508038,0.14890219560878076,0.6323599315819319,0.8151419401700725,40,0.7474012763024985,0.704407155420363,True,0.270426013709846,0.6255650408179889,False,0.4098695444152469,0.6437816044788829,0.07127592370039093,-0.04999999999999993,0.09139198887083047,-0.05,0.7354488203508038,0.587498075407439,1.4556630780059256,0,0.8949686675287171,0.6293813045368546,0.5702772409690763,1.4045254804435732,0,,0,1
S0_null,1500743,0.7339445897837006,0.44216689530149395,1.21826094761225,0.2315494268847088,-1.1723512336719903,0.492459051843077,0.022546425457394437,40,0.7474259875363838,0.7448351814095517,False,0.46825925790912803,0.7342222514158867,True,0.6595341304799669,0.8278065247291524,0.040827876351004724,0.04999999999999993,0.040102433856149304,0.05,0.2315494268847088,0.44216689530149395,1.21826094761225,0,0.7656356680122075,0.3263019595930221,0.44920689338145403,1.3049621116003582,0,,0,1
S0_null,1500744,1.1032348664262799,0.6952536631582356,1.750623168196959,0.6766459269759297,-0.29999999999999893,0.49337962376482153,0.546868180769343,40,0.25481358681851884,0.2528638289808396,True,0.20429082561000145,0.10991357319107141,False,0.07563408695526996,0.1658253605390363,0.045916963505995834,-0.050000000000000044,0.017521291143505167,-0.05,0.6766459269759297,0.6952536631582356,1.750623168196959,0,1.1082123277476223,0.6647586272491903,0.6963097912240485,1.763776093415053,0,,0,1
S0_null,1500745,1.0810648670413638,0.7192072090403099,1.624985445169055,0.7077694125907836,0.6234042553191455,0.4982718666920517,0.2187394122587612,40,0.2509898821654266,0.45553076718128893,False,0.37157661260222363,0.34100949510493817,True,0.03009123075822655,0.07183805257283872,0.12011413689871021,0.09999999999999998,0.09888517876815865,0.1,0.7077694125907836,0.7192072090403099,1.624985445169055,0,1.1508231010162326,0.5454378873692176,0.7298561041072609,1.8145957845383491,0,,0,1
S0_null,1500746,0.7618802845356605,0.4516132108969429,1.2853068819915432,0.30807262272600744,0.48805768364127855,0.49065681322000754,0.3263418731103543,40,0.6289886994162087,0.9675615339396071,False,0.4217710289342266,0.9350758597750355,False,0.5550748419748521,0.7755899068713052,0.13591376133975885,0.09999999999999998,0.12922584838072265,0.1,0.30807262272600744,0.4516132108969429,1.2853068819915432,0,0.8114601648827501,0.46257914231027253,0.4647163421196836,1.416923700569922,0,,0,1
S0_null,1500747,0.7238806247245532,0.4610589810069772,1.1365208800556466,0.16033492545824568,-0.5864855426735558,0.6021557991028681,0.3363932153127582,40,0.5060464041791519,0.4892114083459267,False,0.07273804038043098,0.09813994122800118,False,0.8087096416519634,0.5399447757418632,0.15903307773936645,0.125,0.1649384004605626,0.125,0.16033492545824568,0.4610589810069772,1.1365208800556466,0,0.7225752318742609,0.1942902355046413,0.44238140319450076,1.1802371481890366,0,,0,1
S0_null,1500748,0.6289696538661411,0.42144680430224324,0.938677957564448,0.023223210668292305,-0.6202063412179175,0.4244507568202094,0.15240241604238097,40,0.4590307363712942,0.4806918788713037,False,0.08692379540684665,0.26553811793935334,False,0.6822236922060787,0.8700685729279222,0.04782325572160323,0.02499999999999991,0.017563739731861275,0.025,0.023223210668292305,0.42144680430224324,0.938677957564448,0,0.6296206441327238,0.02324241183966128,0.422236535737263,0.938862751007364,0,,0,1
S0_null,1500749,1.230171124942312,0.7421636161879883,2.039066539551991,0.42171641274246785,-0.7438998211091242,0.4854030733473423,0.13389592821252919,40,0.5381797816095824,0.6844347009692281,False,0.3798987045455947,0.31514359229571887,True,0.44175447446890026,0.46285728942141224,0.050591877447829094,-0.04999999999999993,0.047919065615694055,-0.05,0.42171641274246785,0.7421636161879883,2.039066539551991,0,1.1718839742630365,0.5611125549495934,0.6864089360539143,2.0007199455029556,0,,0,1
S0_null,1500750,1.78234286765155,1.0933157584818416,2.9056071617219925,0.02046253467490003,-0.835379542584538,0.5663760876811822,0.1486837041779807,40,0.04416551653097701,0.046050508609146494,False,0.10300391864541403,0.13072822348091911,True,0.8558490069851615,0.9133331977112324,0.1460722188182305,0.125,0.15457597185817973,0.125,0.02046253467490003,1.0933157584818416,2.9056071617219925,0,1.8094607354078105,0.01740357316837731,1.109894036594762,2.949964631784045,0,,0,1
S0_null,1500751,1.3159261242433615,0.8217958342991142,2.107167610484469,0.25307305852330053,0.18582451881394135,0.3361169716884361,0.583686571040528,40,0.5881544372443146,0.615479307287127,True,0.4216900001399264,0.34895564612579855,False,0.4194895576599832,0.6731297140068702,0.33385670401128237,-0.2,0.30909351773576077,-0.2,0.25307305852330053,0.8217958342991142,2.107167610484469,0,1.3067922488492174,0.31405867397924114,0.7761956792788992,2.200097252845941,0,,0,1
S0_null,1500752,1.4112497335587895,0.8788852213034902,2.2660818070372586,0.1539661272169064,0.5662012826837672,0.3846644324014064,0.14949372191935367,40,0.47770329006121814,0.34875062003266266,False,0.19687860514782796,0.21177314801823743,True,0.511532331741351,0.8492580734561213,0.06834576368542836,0.050000000000000044,0.0847078824846931,0.05,0.1539661272169064,0.8788852213034902,2.2660818070372586,0,1.3205933180212548,0.24341915533641323,0.8276540092409443,2.1071204780386537,0,,0,1
S0_null,1500753,0.8737589308810204,0.517821048678757,1.4743600540038528,0.613162364924684,0.18350372208436777,0.5656191213702809,0.7474397385793857,40,0.887900102933057,0.9891610127437352,True,0.6811122490831447,0.7655328474368788,True,0.5697753446453968,0.5320084891487027,0.18666720342484394,-0.15000000000000002,0.18611765176727474,-0.15,0.613162364924684,0.517821048678757,1.4743600540038528,0,0.9584749996667393,0.9023768679478926,0.4784232150663943,1.920212682109636,1,0.0,0,1
S0_null,1500754,0.6385309107694023,0.3859665325154753,1.0563654867968502,0.08072796986217252,-0.09696823869104909,0.5431003005192551,0.8592684651526706,40,0.432103220322559,0.35689209771148556,True,0.7626288667171681,1.0,False,0.9432570207232711,0.8807608533586939,0.2562847510702577,0.175,0.2633115521089342,0.175,0.08072796986217252,0.3859665325154753,1.0563654867968502,0,0.5944460673715822,0.04158234913533717,0.36044558787368913,0.9803591413008769,0,,0,1
S0_null,1500755,1.3422480384478204,0.8806576993086046,2.0457776025026098,0.171023976604049,-0.48705882352941265,0.45413719931518653,0.2904443847312151,40,0.7780458784827948,0.8067655539124249,True,0.7224961894331816,0.644892864972954,True,0.7760704621616801,0.8699948885205344,0.02269020116585148,0.025000000000000022,0.0414069212922549,0.025,0.171023976604049,0.8806576993086046,2.0457776025026098,0,1.2933301948013227,0.25470231552001266,0.8307739291171068,2.013427400836313,0,,0,1
S0_null,1500756,0.5425068416628802,,,,0.6999999999999993,0.4951730287524512,0.1658243846333731,40,0.30437533067037537,0.3929027543041196,False,0.0302064558333421,0.029982023048614845,True,0.5864892991614519,0.6741919166426358,0.06555043649788822,-0.07499999999999996,0.05494849062323596,-0.075,0.05029067178805426,0.29407414180345876,1.000814527404911,1,0.494142658090839,0.04125145081884978,0.2514701990201833,0.9709976271402319,1,0.0,0,1
S0_null,1500757,1.2666145323380895,0.7286079616978511,2.201886965099257,0.40218672532044086,-0.5999999999999995,0.5515588169188542,0.2837075246009805,40,0.3239207820582992,0.5967414303031273,False,0.07984279208799494,0.16606567892057644,True,0.04048382041977641,0.041400247431264844,0.1158495449099538,-0.10000000000000009,0.08733606889123373,-0.1,0.40218672532044086,0.7286079616978511,2.201886965099257,0,1.2403014077854027,0.44690140932365874,0.7120610929041852,2.1604151630869284,0,,0,1
S0_null,1500758,1.0884157313564733,0.6984819949444062,1.696033416521403,0.7081367137946155,-0.5279682539682524,0.5314262557181639,0.32692292012479685,40,0.4580696629506058,0.3276229014937665,True,0.9826169904252867,0.9028440397186744,True,0.33083702860783204,0.2704805916689892,0.06506324413901707,0.050000000000000044,0.1040398515326273,0.05,0.7081367137946155,0.6984819949444062,1.696033416521403,0,1.0357365038244322,0.8830509055846972,0.6487409110496888,1.653587876273604,0,,0,1
S0_null,1500759,0.9241591863617021,0.6516709536926143,1.310585038196406,0.6581290191139761,0.33116997792494735,0.48826072653333313,0.5018241417421742,40,0.23590670250259949,0.26354246255021585,True,0.30466191370454554,0.11570899528033703,True,0.6155267267315336,0.6139682323741615,0.017782577730797975,0.0,0.008700382961356227,0.0,0.6581290191139761,0.6516709536926143,1.310585038196406,0,0.8945380397429309,0.633206753855448,0.5598370212960742,1.4293415299591883,1,0.0,0,1
S0_null,1500760,1.0961373165361286,0.6850654415330726,1.7538718841432317,0.7018977888476546,-1.6342852426543408,0.4950392884816401,0.002138241512492657,40,0.17880464791874917,0.23813126119203942,True,0.27709471690172904,0.26051799474287096,False,0.7213271319816073,0.8492510344242774,0.028442332104092746,-0.025000000000000022,0.007884793234706604,-0.025,0.7018977888476546,0.6850654415330726,1.7538718841432317,0,1.1508403396655824,0.5932480275554702,0.6872668380432622,1.9271022754021236,0,,0,1
S0_null,1500761,1.1009231445642693,0.6841257215470042,1.7716506368106262,0.6920326541747781,-0.38640465209544606,0.5311262178026287,0.4714866160561381,40,0.17673967008165303,0.3217735146723121,False,0.6808227144821565,0.6345908264315145,True,0.5682632850852434,0.5776076258298005,0.3238020872733648,0.19999999999999996,0.32904785026129135,0.2,0.6920326541747781,0.6841257215470042,1.7716506368106262,0,1.0856369330196924,0.7613223729312754,0.6388864310473008,1.8447841322977547,0,,0,1
S0_null,1500762,1.1810847719502988,0.6876934683262859,2.0284637018989837,0.546418251237925,-0.738875334030439,0.5220855347099841,0.16536083648294655,40,0.7627221588367212,0.8387690750611823,False,0.6395751409486876,0.5596707420506504,False,0.37457403129744093,0.3909746827210765,0.08042494118138666,0.07500000000000007,0.10851156076691315,0.075,0.546418251237925,0.6876934683262859,2.0284637018989837,0,1.202719432017225,0.5227960438528436,0.6828059461218605,2.1185141113192256,0,,0,1
S0_null,1500763,0.7940866856391211,0.4974446371363851,1.2676258164914926,0.3339498188501143,0.7381491508737393,0.40756010638162893,0.07824373383889872,40,0.16119196187058638,0.0925988326757107,False,0.7110534911102282,1.0,False,0.47708739933134725,0.24174136832049498,0.0776758692101819,0.07499999999999996,0.0743759621482963,0.075,0.3339498188501143,0.4974446371363851,1.2676258164914926,0,0.7771145017614262,0.3009630821543585,0.48191658401470366,1.2531358514723452,0,,0,1
S0_null,1500764,0.7457332474279501,,,,0.10000000000000228,0.49102296675920476,0.8397379499537564,40,0.3239207820582992,0.28308090531813923,True,0.5710147045972608,0.5507832333445348,False,0.4578554056002977,0.4065686156780166,0.11784115542491615,-0.10000000000000003,0.13806267595474211,-0.1,0.2545893203008817,0.4462705855938906,1.2461454872257876,1,0.767137477514503,0.32617395770157476,0.44726976026040577,1.31576055815775,1,0.0,0,1
S0_null,1500765,1.4415386868567592,0.9147717273461614,2.2716419010164217,0.1150112797830213,-0.21577825159914765,0.4101123529556294,0.6019277776270043,40,0.26648534149242553,0.40794490946772155,False,0.6148734865800252,0.5963424769237947,True,0.8680393535085125,0.8702461276197411,0.1434105151871212,0.125,0.1649384004605626,0.125,0.1150112797830213,0.9147717273461614,2.2716419010164217,0,1.5862455039176857,0.05575696771895839,0.9887202959704972,2.5448802952196643,0,,0,1
S0_null,1500766,0.5996567910391146,0.41080904784313915,0.8753173011336192,0.00804826418312125,-0.18727151136870201,0.4909013772214738,0.7050254425956852,40,0.37134933793231806,0.3493878718519373,False,0.46490535746675055,0.6052303980222764,False,0.5063676981439458,0.5040039835356305,0.05004697972219608,-0.050000000000000044,0.04010243385614931,-0.05,0.00804826418312125,0.41080904784313915,0.8753173011336192,0,0.5251842309191157,0.009248859474997062,0.323365423727488,0.8529621789079884,0,,0,1
S0_null,1500767,1.448524385222439,0.9478864437913895,2.2135804434458404,0.08678604323520725,-0.29012043658260966,0.5293960132988149,0.5869684173893776,40,0.492095277566453,0.46374565619182373,False,0.903830108496317,0.6937153549811124,False,0.6625582666834811,0.9349037191599314,0.07188930166548234,-0.07500000000000007,0.03460576199081596,-0.075,0.08678604323520725,0.9478864437913895,2.2135804434458404,0,1.4265883789024192,0.1650409582911918,0.8639059600161966,2.3557591879343875,0,,0,1
S0_null,1500768,0.7504710741018576,0.4476453770376003,1.2581540253822145,0.27621380322076505,-0.022130299896585548,0.5399721940004738,0.9675288964571376,40,0.8559360571845638,0.838791577176485,False,0.16651782778271673,0.2062478701596313,True,0.6308046843818359,0.9133577673134206,0.03991469457154303,0.025000000000000022,0.047582390994191696,0.025,0.27621380322076505,0.4476453770376003,1.2581540253822145,0,0.7382222428197274,0.25549346769130776,0.437511149518913,1.2456187239868963,0,,0,1
S0_null,1500769,0.5983242218054585,0.382790978434985,0.9352150248230329,0.0242036748855135,0.06169766832591106,0.4835174446904558,0.8991551532493653,40,0.8371886498403884,0.7859108629882715,False,0.31983494520067013,0.41494629459040266,True,0.6304373130834647,0.7237790924998357,0.19146649218399878,-0.15000000000000002,0.1982587753374821,-0.15,0.0242036748855135,0.382790978434985,0.9352150248230329,0,0.6149253823796379,0.045158249074033166,0.3821206028658506,0.989565134826016,0,,0,1
S0_null,1500770,1.2520277930006967,0.8117987383676915,1.9309879658080815,0.3092660677802467,-0.25863044454423106,0.4555435799014518,0.5736405514419469,40,0.667631778406222,0.6842096549274048,True,0.1927360039401259,0.28417249648445386,False,0.27774774762273047,0.3411011018164851,0.3342489196422605,0.19999999999999996,0.3369373044645227,0.2,0.3092660677802467,0.8117987383676915,1.9309879658080815,0,1.220065030094846,0.4069845027262995,0.7624373029163712,1.9523686366951163,0,,0,1
S0_null,1500771,1.0461038939832876,0.6682243677833417,1.6376735266885885,0.8437495650228746,-0.7115380380931419,0.5158880601366882,0.17609843193635533,40,0.3125339436814393,0.35666564844971227,False,0.2766077363058439,0.22141568182207672,True,0.12940124416046997,0.15366556913999882,0.06359878844162965,-0.04999999999999993,0.07061977533748846,-0.05,0.8437495650228746,0.6682243677833417,1.6376735266885885,0,1.1182510191553132,0.6412101348305976,0.6988590811787203,1.7893240218511353,0,,0,1
S0_null,1500772,1.4035837765180599,0.9155067708652499,2.151865480844885,0.11993329855882158,0.2873824130879341,0.6099535857621781,0.6402966063314883,40,0.6141442115865494,0.5416509674555844,True,0.19069249078230455,0.10323663355533477,True,0.177282029330612,0.3766323807960562,0.033510046592498344,-0.04999999999999993,0.040102433856149304,-0.05,0.11993329855882158,0.9155067708652499,2.151865480844885,0,1.4076618446282037,0.12563431454212048,0.9087842428682454,2.180398575758927,0,,0,1
S0_null,1500773,1.3003581266424857,0.8244610457256296,2.0509534880898133,0.2586031062727523,0.7924229588054608,0.565510331448133,0.16947091092198494,40,0.10300249497097984,0.06323229053360924,False,0.075948482007546,0.06660469537486687,True,0.6869100618316482,0.6713905740622832,0.1981750852495109,0.1499999999999999,0.15691990455744992,0.15,0.2586031062727523,0.8244610457256296,2.0509534880898133,0,1.2927045272972095,0.3387091432374968,0.7639737118276853,2.187359288707589,0,,0,1
S0_null,1500774,1.2299904812576512,0.7372945013335181,2.0519298343445427,0.427905194537166,0.3098174302445739,0.49129664554018704,0.5321704437459623,40,0.7763274368260216,1.0,False,0.7438909187552948,0.7041681978287494,True,0.8243611009718503,0.88074392039769,0.057635012735358405,-0.050000000000000044,0.06323483829154,-0.05,0.427905194537166,0.7372945013335181,2.0519298343445427,0,1.3590925933067757,0.2878191417504321,0.7718713544259757,2.3930576858303154,0,,0,1
S0_null,1500775,1.2391934299395513,0.8005644038911096,1.918147183838837,0.3360054292251091,-0.17384394494504574,0.5524470175805789,0.7547724850276649,40,0.3269717835731263,0.37836849593244937,False,0.822638816806639,0.8814489545730871,True,0.7757940485984566,0.7748536329093265,0.022651406543288507,-0.025000000000000022,0.017563739731861275,-0.025,0.3360054292251091,0.8005644038911096,1.918147183838837,0,1.158982514085464,0.5512279716118651,0.7133952261630307,1.8828840153310678,0,,0,1
S0_null,1500776,1.0597550348400584,0.6905501250778464,1.6263565714976116,0.7905575575613875,-0.06358142137660883,0.5742085427876457,0.9124298733815567,40,0.125693648443225,0.18433979186979454,False,0.22230454103767516,0.18394727711957126,False,0.04651451042604776,0.12164808721090341,0.057635012735358405,0.050000000000000044,0.017521291143505167,0.05,0.7905575575613875,0.6905501250778464,1.6263565714976116,0,0.9765574878226196,0.9184034221729953,0.6202944397214372,1.5374384581791496,0,,0,1
S0_null,1500777,1.0791172246936687,0.6689610288125576,1.740750110208372,0.7549638273966426,-0.7319881999332063,0.5187847771024392,0.16660768837562545,40,0.23920497463396373,0.3215905821655045,False,0.2665988228712135,0.4152111314519643,True,0.47716450327726867,0.3277375113554857,0.10323405915988365,-0.09999999999999998,0.04835169739931688,-0.1,0.7549638273966426,0.6689610288125576,1.740750110208372,0,1.0619096771444934,0.8403873603840236,0.58321118720306,1.933522859568366,1,0.0,0,1
S0_null,1500778,1.1300769427657096,0.6866985054734634,1.8597301237610504,0.630420130431729,-0.5994172970762628,0.48199989126702447,0.2214670969049693,40,0.7321764678850193,0.8814766747866497,False,0.9198313124249803,0.9028303564965167,False,0.9170494165447564,1.0,0.11360827839130402,-0.09999999999999998,0.0750242653711357,-0.1,0.630420130431729,0.6866985054734634,1.8597301237610504,0,0.9248836866077559,0.7772823615803925,0.5383980416457628,1.5888056188658422,0,,0,1
S0_null,1500779,1.0777975544267897,0.6643436961427989,1.7485641469512427,0.761534555075184,-0.012956569144103147,0.4983289588363441,0.9793970391526907,40,0.5595091741435549,0.5154779573943533,False,0.23498107302322868,0.13565438725145307,False,0.027349705483250348,0.03609340469932062,0.04235932091205489,0.050000000000000044,0.03231112320566666,0.05,0.761534555075184,0.6643436961427989,1.7485641469512427,0,1.0385665060947105,0.8828159998394616,0.6279273113201693,1.7177472107624323,0,,0,1
S0_null,1500780,1.1243659999264595,,,,0.8420716112531936,0.47848262035396816,0.08669449670291335,40,0.5272365678319999,0.5057437269123842,True,0.8720409691192086,0.978314790350044,True,0.6627088733385158,0.5755589571206383,0.10346468072500398,0.09999999999999998,0.09888517876815865,0.1,0.6092513776615026,0.7097112849208453,1.7812861774230124,1,1.1143053117688255,0.6688742067431213,0.6704853088844227,1.8519068373058984,1,0.0,0,1
S0_null,1500781,1.3040839401666735,0.8222475090489904,2.0682761629373454,0.2592082800140786,0.5215504772924495,0.4664455311338909,0.2707155160763736,40,0.501442174774275,0.5507268815829705,False,0.8225779304211256,0.9891814701465818,False,0.5504738309205166,0.7230735851985277,0.08440562517637834,0.07499999999999996,0.10851156076691325,0.075,0.2592082800140786,0.8222475090489904,2.0682761629373454,0,1.3807084589643523,0.24307071633493615,0.803289185925996,2.3731874921957954,0,,0,1
S0_null,1500782,0.9517587317247472,0.5819636578262446,1.5565313593598227,0.8438229452023813,-0.36538461538461553,0.45587003598635645,0.42795377867588097,40,0.861642209791348,0.9351614195489254,True,0.7472528565059671,0.7962510558762033,False,0.7262257625654784,0.5864979170853797,0.050421923320952806,-0.04999999999999993,0.055653255970699776,-0.05,0.8438229452023813,0.5819636578262446,1.5565313593598227,0,0.9560037343271164,0.8715429217743493,0.5541265370068886,1.6493401398605643,0,,0,1
S0_null,1500783,1.0189337694650837,0.6053037793021838,1.7152148426253493,0.9437231602851671,-0.4212362696532401,0.5275086992461252,0.42965382718766243,40,0.3865885711336453,0.2843086237949396,True,0.951827334777657,0.9891789193043642,True,0.29943336888813066,0.37660974132649705,0.07496732160761845,-0.07499999999999996,0.07437596214829625,-0.075,0.9437231602851671,0.6053037793021838,1.7152148426253493,0,1.0732497685165097,0.8062274497779214,0.6100915307700442,1.8880200880134868,0,,0,1
S0_null,1500784,1.028239226762104,0.656938165106446,1.6093994284546027,0.9030348343400154,-1.337313432835821,0.5382448072950448,0.017620420121620683,40,0.7320981570268298,0.913675282393072,False,0.5711517544036618,0.5325704349657507,True,0.5233648567330575,0.47938341909903315,0.03312728395555736,0.04999999999999993,0.024706122142071883,0.05,0.9030348343400154,0.656938165106446,1.6093994284546027,0,0.9694843962313578,0.895273380839328,0.611140761649622,1.537943553297042,0,,0,1
S0_null,1500785,1.1077634336884856,0.7110258377467665,1.7258723380659378,0.6509820372104411,0.35000000000000064,0.4766706782714445,0.4674185381413633,40,0.7322547101530132,0.684378484510263,False,0.08565067358219977,0.05539470915918503,False,0.4869229496817,0.859415725897545,0.06073818167777286,0.07499999999999996,0.0743759621482963,0.075,0.6509820372104411,0.7110258377467665,1.7258723380659378,0,1.1339287055230667,0.6113249183269349,0.6983273907219328,1.8412485694997012,0,,0,1
S0_null,1500786,0.7238398776768166,0.4574262687796456,1.1454177520521602,0.16753707022111142,0.345246277205039,0.5561904206591609,0.5385798793472022,40,0.4652577161498248,0.7243421299679531,True,0.020391024084492712,0.027965645069848805,False,0.43200135703940556,0.5487221584798874,0.17243062125335348,-0.1499999999999999,0.1982587753374821,-0.15,0.16753707022111142,0.4574262687796456,1.1454177520521602,0,0.7266404406681799,0.202488894785385,0.44468392275767177,1.187374454061792,0,,0,1
S0_null,1500787,0.9692005074795297,0.6108691105226322,1.537726507229859,0.894324032083756,-0.21975000000000017,0.48796879078671956,0.6550958264413483,40,0.06125637461635624,0.14336228412813126,True,1.0,0.7652965710714666,True,0.5054407591192985,0.7033004503514001,0.0580222578593697,-0.04999999999999993,0.06323483829154,-0.05,0.894324032083756,0.6108691105226322,1.537726507229859,0,1.0250662474515908,0.922339849814226,0.6231392524889359,1.6862375584069673,0,,0,1
S0_null,1500788,1.1353712005871648,0.7049771618713593,1.8285241463722235,0.6015571246007769,-0.122412013139372,0.6174426291033269,0.8439296971619535,40,0.3037787498972545,0.26040565826119666,True,0.7769372995405999,0.7443343653675147,False,0.45516779265231455,0.7037953325173134,0.09238834902939588,0.09999999999999998,0.10968809608557809,0.1,0.6015571246007769,0.7049771618713593,1.8285241463722235,0,1.1583711092236755,0.5531061147558083,0.7126236757765193,1.882934390612203,0,,0,1
S0_null,1500789,0.9284947228675244,0.5780782716537012,1.4913247784363792,0.7589441630707678,0.35000000000000053,0.5681021150147113,0.5416094229073999,40,0.5860328058669461,0.5593925828072972,True,0.8664472632020159,0.744707345728262,True,0.3304733106308486,0.3136068862521523,0.338277536616101,0.20000000000000007,0.3290478502612913,0.2,0.7589441630707678,0.5780782716537012,1.4913247784363792,0,0.916021924439364,0.7248471878211167,0.5620662929762608,1.492877577857236,0,,0,1
S0_null,1500790,0.8885241661915908,0.5696950070069972,1.3857856997099591,0.6022243937608294,-0.4680613384787229,0.5543722835848709,0.40392313211744685,40,0.6871936352828847,0.9783352972379765,False,0.2244446224408112,0.2837182232518193,False,0.3919692108261509,0.36151009892911234,0.06657920945636915,0.07500000000000007,0.04481321300021269,0.075,0.6022243937608294,0.5696950070069972,1.3857856997099591,0,0.8669858121682821,0.5813825711655657,0.5219882548371054,1.4400025125769624,0,,0,1
S0_null,1500791,1.1576504471136284,0.7502923728201359,1.786176437680052,0.5082303881833569,-0.21147672552166819,0.53435423648455,0.6945540286752683,40,0.5730136047572167,0.6942501848351497,False,0.5254366681696573,0.6742642924297637,False,0.7776725892543012,0.6527465334950182,0.04903051980254758,0.025000000000000022,0.047582390994191696,0.025,0.5082303881833569,0.7502923728201359,1.786176437680052,0,1.1510234222816718,0.5638753235577728,0.713882138559248,1.8558454499433545,0,,0,1
S0_null,1500792,1.2333099819920483,0.7699360011956731,1.9755583702010358,0.3830170875234158,-0.5733515856719147,0.49098631466334036,0.2503758784888734,40,0.5563453233512877,0.532937518894466,False,0.8442085738831913,0.806855174958897,False,1.0,0.92422465768556,0.13748601180769648,0.125,0.15457597185817973,0.125,0.3830170875234158,0.7699360011956731,1.9755583702010358,0,1.3729815635843685,0.27012620738394233,0.7816139490110109,2.4117767810154853,0,,0,1
S0_null,1500793,0.801347550903928,0.5048959595932404,1.2718618264583963,0.3474076479978999,-0.6911350017624243,0.4561130421457048,0.13820098226149224,40,0.9811086531571888,0.9244205951120861,False,0.7770146132489808,0.8176867839930715,True,0.011540136682483677,0.024888434402928664,0.057519563823543084,0.07500000000000007,0.05494849062323591,0.075,0.3474076479978999,0.5048959595932404,1.2718618264583963,0,0.7555398383735282,0.26225846733777647,0.4628229004606728,1.233388509516942,0,,0,1
S0_null,1500794,0.9817105014833418,0.5945864029957507,1.620883867957475,0.9424818753434516,-0.7352240228789351,0.5583880906488847,0.19604031732345845,40,0.15550809676304206,0.14302303869479593,True,0.3500261204927373,0.4315621970523197,False,0.13812147747306064,0.13102084061192407,0.08393441151597987,0.07499999999999996,0.11605282048989775,0.075,0.9424818753434516,0.5945864029957507,1.620883867957475,0,0.9988230519074851,0.996492693685948,0.5908114464922689,1.688605552490489,0,,0,1
S0_null,1500795,1.0282670008694872,,,,0.5999999999999999,0.4901017584145609,0.2286016054865524,40,0.2860396533698215,0.2545719650199789,True,0.3440128778025603,0.4804433993352647,False,0.9475975023918874,0.9455743579366437,0.02563495478498268,0.04999999999999993,0.017521291143505167,0.05,0.9180272639308107,0.5966534578503536,1.7721057527874398,1,0.9646215049218865,0.8951083146387775,0.5570919822456781,1.670271117539466,1,0.0,0,1
S0_null,1500796,1.198724812673372,0.7559545720876244,1.9008300625136665,0.4409591131092119,-0.014615016738402542,0.46190055062676594,0.9749283789782945,40,0.19746978236350365,0.10055626221385217,False,0.6010224412056477,0.40838688842050674,True,0.8391136348194295,0.9349160603525353,0.4096716870919677,0.22499999999999998,0.40769496471582484,0.225,0.4409591131092119,0.7559545720876244,1.9008300625136665,0,1.3033819920462886,0.24191171818381652,0.8362614594378291,2.031427609174481,0,,0,1
S0_null,1500797,1.1813295848357155,,,,-0.21630352166202,0.5445833181518521,0.6935087553252582,40,0.7473765578177056,0.7141194141833291,True,0.44392236233162763,0.5055423619507666,False,0.6717828742648027,0.7229723568198552,0.039086231534451524,0.07499999999999996,0.03460576199081596,0.075,0.5279555044943375,0.6958368129035883,2.005555846039268,1,1.3013602572613472,0.3633105008903718,0.7291926714906265,2.3224842834985755,1,0.0,0,1
S0_null,1500798,0.9751471770655721,0.5441312821821834,1.7475782923661691,0.9326193328807384,0.06407317301394089,0.5188931991305309,0.9023949927942698,40,0.44427827775905815,0.30885417971776385,True,0.4991982244031813,0.5874881691931798,False,0.2639193864264735,0.3912672792826394,0.1641849546231281,-0.15000000000000002,0.15691990455744992,-0.15,0.9326193328807384,0.5441312821821834,1.7475782923661691,0,0.982299001169072,0.9522784513301226,0.5472970631605255,1.7630486122574756,0,,0,1
S0_null,1500799,0.8800586957393512,0.5237061976953582,1.4788889483354544,0.6294881446101559,0.30000000000000027,0.6435619671799888,0.643836982346701,40,0.1529951979503445,0.12861456726658585,False,0.3866848152963023,0.17495448625456655,True,0.6003844894573123,0.8068730842115681,0.059127930119571834,-0.04999999999999999,0.07061977533748846,-0.05,0.6294881446101559,0.5237061976953582,1.4788889483354544,0,0.9161429888949034,0.7497560837703208,0.5348520139808275,1.5692527169419497,0,,0,1
S0_null,1500800,1.4325231608817477,0.8877056249716362,2.3117152226316047,0.14098981255087453,0.019240986717267594,0.5201575432089307,0.9706912884086795,40,0.5456810188918035,0.5602624019474942,True,0.2946898147059408,0.45510480254754937,False,0.6804795196890684,0.7962604908305105,0.36082613990096846,-0.20000000000000007,0.3438277487425906,-0.2,0.14098981255087453,0.8877056249716362,2.3117152226316047,0,1.5547215483680825,0.08653472185547902,0.9386271580919143,2.5752068562279438,0,,0,1
S0_null,1500801,0.9288611771758274,0.6041195891916943,1.428166048412465,0.7367050481455792,0.7094887348353542,0.5766105346010414,0.22629529827938263,40,0.4588175994702902,0.34854540870399897,False,0.17679103220049297,0.15483252277446827,False,0.6140470877747211,0.43047323874872756,0.05186380079635164,0.07500000000000007,0.05494849062323593,0.075,0.7367050481455792,0.6041195891916943,1.428166048412465,0,0.9705358002208336,0.9020015557906034,0.6029330941432266,1.562262461059297,0,,0,1
S0_null,1500802,1.0375335961323802,0.6294942765605003,1.710064734798156,0.8850850134858821,-1.1114168937329736,0.46957730703262296,0.023284378544029,40,0.4564035447089755,0.4889449325441291,False,0.45612964815519286,0.4636612368350792,False,0.09148192105683221,0.05628950153585529,0.0749708454700332,-0.07499999999999996,0.05494849062323593,-0.075,0.8850850134858821,0.6294942765605003,1.710064734798156,0,1.0197662370506437,0.9422058391980563,0.6007412267537484,1.7310667753700009,0,,0,1
S0_null,1500803,1.0116938208495654,0.6272783840178056,1.6316908301372925,0.9619781215026463,-0.4516625044595085,0.532228034770386,0.4015465902843763,40,0.8615446012011063,0.7861672484578733,True,0.16288557055597275,0.2896524284899935,False,0.26529091054432474,0.23688948658653664,0.20925929133632307,0.15000000000000002,0.2278018352655363,0.15,0.9619781215026463,0.6272783840178056,1.6316908301372925,0,1.0843116156696262,0.7478666089888817,0.661931180325279,1.7762143782051634,0,,0,1
S0_null,1500804,0.7333760185029442,0.4379455279752317,1.2280988163113489,0.2384534569484399,-0.7902514609527167,0.5588571940830933,0.1657072262205312,40,0.3223821981680358,0.3997903544192738,False,0.09249345638918108,0.08241613751706944,True,0.47092313898748805,0.40304124057137325,0.038125643215939795,-0.050000000000000044,0.03231112320566666,-0.05,0.2384534569484399,0.4379455279752317,1.2280988163113489,0,0.6793771984880446,0.17999658037323552,0.3860883154719768,1.1954606221668072,0,,0,1
S0_null,1500805,0.9655373157197765,0.5836496482071439,1.597297815412168,0.8913866471991959,0.7753578732106368,0.5546596484476813,0.17046847746380528,40,0.8665049677637773,0.8071411266729496,True,0.6432831399489009,0.5412883071198935,False,0.60073123459915,0.8920407809079115,0.1160973425605691,-0.09999999999999998,0.11978503962277386,-0.1,0.8913866471991959,0.5836496482071439,1.597297815412168,0,0.9850550603184699,0.956675727032718,0.5721741044373745,1.6958710020845225,0,,0,1
S0_null,1500806,1.0565297997676544,0.6579899838939405,1.696462324838376,0.8199625350736209,-0.024174833398665996,0.44863830853949904,0.9573167646728553,40,0.03261788848372651,0.1918187922563679,True,0.009020203715865595,0.07786255542074917,False,0.4069754134386494,0.4371144347119069,0.06099766051891281,0.050000000000000044,0.047919065615694055,0.05,0.8199625350736209,0.6579899838939405,1.696462324838376,0,1.053699810414945,0.8391104506493615,0.6359446244966067,1.745880455153396,0,,0,1
S0_null,1500807,1.7809853530176554,1.1563894068385294,2.7429417883852394,0.008808400108292784,0.3775190709324818,0.4885200949970269,0.4445608030021297,40,0.6578790632425155,0.7758782894289367,True,0.9518029275093225,0.9132223752648239,False,0.18387993034272332,0.27778105063366976,0.03476688618481797,-0.050000000000000044,0.01108296880350949,-0.05,0.008808400108292784,1.1563894068385294,2.7429417883852394,0,1.7339212194244114,0.010007420304706102,1.1405973817225596,2.63588435616937,0,,0,1
S0_null,1500808,1.0277167649769723,,,,-0.4500000000000006,0.5360333882292266,0.406580541978956,40,0.8226692365051227,0.765382572343328,False,0.3857687194539974,0.6446121192242111,True,0.5040164385244601,0.6518304347608852,0.06572733703374267,-0.07499999999999996,0.0743759621482963,-0.075,0.9248243601958255,0.5741063975638443,1.8397317178429053,1,1.074826895544686,0.8181842324773362,0.572072084945304,2.0194183316892333,1,0.0,0,1
S0_null,1500809,0.8440772777476211,,,,-0.6693126713050825,0.4532911161515857,0.1482540919455514,40,0.2195372992919471,0.3493878718519373,False,0.46875517631204866,0.45536049929123545,True,0.9839158186989269,0.6625175635119929,0.03383318219254119,0.025000000000000022,0.047582390994191696,0.025,0.479059549252696,0.5224328581055696,1.3637473978825896,1,0.805880942099771,0.49768269298027873,0.42591037210777094,1.524837466684848,1,0.0,0,1
S0_null,1500810,0.9893510268440491,0.6207762723583199,1.5767604174026637,0.9640902082635634,-0.5786827747466889,0.4133002137818028,0.16979803871517568,40,0.7781334383966498,0.7550074551907223,False,0.910770787867792,0.8707442669397756,False,0.029081873434380904,0.05523307589420039,0.2422281152887698,-0.17500000000000004,0.25269124788734765,-0.175,0.9640902082635634,0.6207762723583199,1.5767604174026637,0,1.1151795803028577,0.6736035747434568,0.67149038556557,1.8520376807435608,0,,0,1
S0_null,1500811,1.0554039099460666,0.6398093209861823,1.740952150263377,0.8327611639423237,0.5499999999999987,0.3962426931323615,0.17342736970919123,40,0.6146942848745901,0.5689283872344527,False,0.9850916945563079,0.881437861040622,True,0.41963642956231584,0.4143934211248673,0.050421923320952806,0.04999999999999993,0.06323483829154,0.05,0.8327611639423237,0.6398093209861823,1.740952150263377,0,0.9743562325774561,0.9193378968166427,0.5893297661520176,1.610931811846822,0,,0,1
S0_null,1500812,0.9876665284685776,0.6325356816122661,1.542182045716004,0.9564692189796419,0.23224276908487274,0.5437004307671088,0.6717441240622278,40,0.10239919806352166,0.2843313047478738,True,0.4453336014204209,0.4384641708058057,True,0.15440653110764646,0.19152383028685094,0.24844373481225157,-0.17500000000000004,0.24051773093342974,-0.175,0.9564692189796419,0.6325356816122661,1.542182045716004,0,0.9833725457121248,0.9416122607390421,0.6278521284887055,1.5402059175749707,0,,0,1
S0_null,1500813,0.9756541625434294,0.6008412646213717,1.5842804097154912,0.9206232542985492,0.37015183547953234,0.5014537751884794,0.4650751919923139,40,0.1556429647605584,0.08279254898958716,False,0.9826128635682713,0.7441940758979617,True,0.7758376742179303,0.9891579341127414,0.1100682275049664,0.09999999999999998,0.08733606889123377,0.1,0.9206232542985492,0.6008412646213717,1.5842804097154912,0,0.8626358620436684,0.5780506410656823,0.512515979280623,1.451936447968535,0,,0,1
S0_null,1500814,0.8214529494976414,0.5276550876430022,1.2788371874752331,0.383810162043723,-0.9531983631272876,0.5385945187715946,0.08500355482260444,40,0.15856799734035043,0.1792869734350211,False,0.575286453756637,0.7343672505501266,True,0.42980117999984424,0.415321376564987,0.09720961071435971,-0.10000000000000003,0.0750242653711357,-0.1,0.383810162043723,0.5276550876430022,1.2788371874752331,0,0.8264251117622996,0.4357297244093369,0.5116829750429793,1.334768789784264,0,,0,1
S0_null,1500815,1.2770942986990237,0.7999464386616966,2.038848814050787,0.30547449653281955,0.7592275398824535,0.5556190721794623,0.18004391253264918,40,0.44388263714321485,0.7758988456780799,True,0.10417060003711207,0.1746898526752767,True,0.25036446615380914,0.16474210428530378,0.1276803498122321,0.10000000000000003,0.15412438557420458,0.1,0.30547449653281955,0.7999464386616966,2.038848814050787,0,1.2690271911502218,0.3210966892101874,0.792645049089621,2.0317164835991264,0,,0,1
S0_null,1500816,0.9988876593651537,0.6386126711548983,1.5624127129008691,0.9961093328352184,0.08419983267598807,0.5789827265178457,0.8851629660393118,40,0.7048676487741771,0.7346083896103746,True,0.8091660797772467,0.9567151730893478,True,0.7467064048742855,0.9674185322894334,0.07229401582130102,-0.050000000000000044,0.06323483829154,-0.05,0.9961093328352184,0.6386126711548983,1.5624127129008691,0,0.8898047467264248,0.6279741060096808,0.5548925996631394,1.4268571752038668,0,,0,1
S0_null,1500817,1.0572813274911104,,,,-0.7540631863490403,0.45381876336434673,0.1050452072177864,40,0.7367870436916688,0.8493424650048841,True,0.4443244253000125,0.2959714695211604,True,0.6692035121720001,0.7031125503878879,0.09255887019881613,0.07499999999999996,0.10851156076691325,0.075,0.8389635778955455,0.609562783048046,1.833845235550176,1,1.0467283839149175,0.8757125437269918,0.5821229055794731,1.8821460196665545,1,0.0,0,1
S0_null,1500818,1.2933139548394936,0.8464170082639887,1.9761665579159604,0.23440213324551729,-0.22541986315571105,0.5361456420305525,0.6765921800075225,40,0.09598415455135853,0.20179528271336544,False,0.3864922830559425,0.5046737076388674,True,0.49848305679086913,0.5397132768755557,0.12007334116178042,0.09999999999999998,0.10968809608557809,0.1,0.23440213324551729,0.8464170082639887,1.9761665579159604,0,1.3038172673857107,0.2905103598602168,0.7972128357863558,2.13235335712621,0,,0,1
S0_null,1500819,0.9987641188823635,0.576383132252757,1.73067133534613,0.9964822105335577,-1.138135489403406,0.5900152842420429,0.061429136071853005,40,0.967890302488355,0.8389413509094725,True,0.8090712579089976,0.8492721485623809,False,0.9034003465953168,1.0,0.05621085601946059,-0.04999999999999993,0.06323483829154,-0.05,0.9964822105335577,0.576383132252757,1.73067133534613,0,1.0350984306758968,0.9020446019754987,0.5975952391101382,1.7929004300354496,0,,0,1
S0_null,1500820,0.8742425115615817,0.5280789782658751,1.447321329721055,0.601300567816826,0.8742685671417847,0.4775001306878749,0.07517386519574737,40,0.22391914727300932,0.166565868609573,False,0.6675500722926956,0.5060453181651394,False,0.1315180491318244,0.11755936519613978,0.05271450531386742,-0.025000000000000022,0.0352330639291004,-0.025,0.601300567816826,0.5280789782658751,1.447321329721055,0,0.8287626211715957,0.4825603650899494,0.4906267912804212,1.3999388016677659,0,,0,1
S0_null,1500821,0.782300957722576,0.4913563425874173,1.2455212956669621,0.30081485816260556,0.41370652288825416,0.5713080520760954,0.47353447076630745,40,0.8879677784487371,0.7145441981202538,True,0.21086534994043105,0.15107524006099043,False,0.4181551197325558,0.19621239346296981,0.11360827839130402,0.09999999999999998,0.06198396713929166,0.1,0.30081485816260556,0.4913563425874173,1.2455212956669621,0,0.7690088588353035,0.27976530538644495,0.4776214505540978,1.2381659665434008,0,,0,1
S0_null,1500822,0.7580792018951099,0.48761275801852183,1.1785665302959476,0.21862193104140726,0.33947268828056015,0.543230584969513,0.5358622956609389,40,0.07766180238744226,0.12103107460840976,False,0.2193504784858621,0.2900395790230431,True,0.7595928458631822,0.9565116413173028,0.41993244041217054,-0.22499999999999998,0.38576694837153475,-0.225,0.21862193104140726,0.48761275801852183,1.1785665302959476,0,0.8071332334967983,0.37984281570071665,0.5003369338784058,1.3020507032433446,0,,0,1
S0_null,1500823,0.778392742842286,,,,0.23635065363067065,0.5773450192777504,0.6846247400074975,40,0.8878436128887354,0.881371234384412,False,0.7271336164813648,0.7551193021091257,False,0.7314428856721482,0.6832478161684692,0.04852387520394682,0.04999999999999993,0.05565325597069985,0.05,0.40373274311884183,0.4270688786964757,1.418729606237958,1,0.7706119198610555,0.41223717329861453,0.408011230383501,1.4554568276803865,1,0.0,0,1
S0_null,1500824,1.2790455730921737,0.819716811747042,1.9957594557076501,0.27827323289694483,-0.07764366780760329,0.5141776339435009,0.8807916454841153,40,0.15873687484972476,0.18875403905168942,True,0.11636058364437955,0.2429465712519543,True,0.027989835911952775,0.025546961755702455,0.09947708726311458,-0.09999999999999998,0.09888517876815865,-0.1,0.27827323289694483,0.819716811747042,1.9957594557076501,0,1.2182215335330442,0.42695961633019797,0.74855133278951,1.9825810732754587,0,,0,1
S0_null,1500825,1.0349571716709236,0.6816204907517341,1.5714556145631136,0.8718971930595243,0.19999999999999807,0.4920139253138093,0.6867224563186831,40,0.25132607058989065,0.32154482722809163,True,0.657781674994091,0.5878225414234948,True,0.09609754919236313,0.14565553664976014,0.05047550815200871,0.050000000000000044,0.040102433856149304,0.05,0.8718971930595243,0.6816204907517341,1.5714556145631136,0,0.9263918154479347,0.7307888502323411,0.5993040933130124,1.4319972202837723,0,,0,1
S0_null,1500826,0.7496885311773078,0.46912745357189334,1.1980388048056503,0.22838724176767888,-0.18091360476663498,0.5277525974742725,0.7336888792480868,40,0.588089369387326,0.7550745817188123,False,0.19856516188957807,0.24334718786620724,False,1.0,0.8705019901752039,0.24593970544756216,-0.17499999999999993,0.2096956861192004,-0.175,0.22838724176767888,0.46912745357189334,1.1980388048056503,0,0.6821950655373219,0.12525977068191327,0.41837640295538103,1.1123717880740605,0,,0,1
S0_null,1500827,1.3031568569159253,0.8084959709010235,2.100465376264553,0.27696475261742504,0.7999999999999982,0.51660200535617,0.129994506990729,40,0.9256206863321941,0.9029442070340769,False,0.7943610407723114,0.9135128910367344,True,0.7930426117921454,0.8811427429492995,0.024836474664744524,0.0,0.02575178272878667,0.0,0.27696475261742504,0.8084959709010235,2.100465376264553,0,1.281489266752482,0.33777633502196147,0.7717425620355517,2.1279307655007402,0,,0,1
S0_null,1500828,1.1691034627220855,0.6897400219866364,1.9816204120097476,0.5617022653165764,-0.1423028600990306,0.6195857024084697,0.8196099201756394,40,0.9198313124249803,0.9675355344718587,False,0.4928926856149368,0.3697431973666184,True,0.7220023071797999,0.6133757774926036,0.09947708726311458,0.09999999999999998,0.09888517876815865,0.1,0.5617022653165764,0.6897400219866364,1.9816204120097476,0,1.102819813049448,0.719949770038264,0.6458678370588777,1.883065652553231,0,,0,1
S0_null,1500829,0.869473487114277,0.5735736895601341,1.318024446648546,0.5099108908475732,-0.2138661362040717,0.5337526431587313,0.6909572196027864,40,0.8788079856827672,0.9566517485030441,True,0.3599563934718153,0.42300655573107293,False,0.7012867442561344,0.7234773926515603,0.0375322286820896,-0.025000000000000022,0.012390771509656994,-0.025,0.5099108908475732,0.5735736895601341,1.318024446648546,0,0.8160165188124843,0.39339703826091643,0.5115868802631092,1.301602884406226,0,,0,1
S0_null,1500830,1.008048220783878,0.6657408899292973,1.5263614279925934,0.969791468681409,-0.41544984488107417,0.4048573539513362,0.3114767842477931,40,0.4076445037541745,0.6840546565420003,False,0.040014540625786355,0.028856639061997418,True,0.40578564295820574,0.6826350452953553,0.05658964876895109,-0.07499999999999996,0.0743759621482963,-0.075,0.969791468681409,0.6657408899292973,1.5263614279925934,0,1.1437718416060385,0.6058160614035066,0.6867011496216888,1.9050703881471265,0,,0,1
S0_null,1500831,0.9143729984618084,0.5640726644447303,1.4822168011617232,0.7164497009756662,0.9500000000000014,0.49002471993094265,0.06019723339168233,40,0.9839076423799422,0.9028941621229633,False,0.21042737167083692,0.19299610493587793,True,0.431495138021299,0.5057236013764039,0.012647335100570445,0.0,0.021043143355250853,0.0,0.7164497009756662,0.5640726644447303,1.4822168011617232,0,0.955873990641838,0.8712370366546173,0.5538661729542894,1.6496676103397991,0,,0,1
S0_null,1500832,1.2454331470968703,0.795443991461165,1.9499848393327663,0.3373080469723788,0.5698801283133557,0.4727152897624573,0.23564588113951596,40,0.6812173394627226,0.8707925593226195,False,0.4684848450056527,0.3785480687857069,True,0.6606202063671975,0.8484706691525434,0.016705858489746397,0.0,0.021043143355250853,0.0,0.3373080469723788,0.795443991461165,1.9499848393327663,0,1.0930663548293527,0.7210050317459311,0.6707215837557085,1.7813562065047521,0,,0,1
S0_null,1500833,0.9251342740848221,0.5736679855928039,1.4919316513750158,0.7496138136990089,-0.5992768332910434,0.44168102994006964,0.18306262585093763,40,0.5323324628626255,0.4473563021457103,True,0.575253130729813,0.7345602143033546,False,0.678279850653995,0.6058623094609628,0.042761286344390616,0.04999999999999993,0.04010243385614931,0.05,0.7496138136990089,0.5736679855928039,1.4919316513750158,0,0.9743812265409367,0.9175113547313174,0.5962552435666297,1.592302600068163,0,,0,1
S0_null,1500834,0.8541820315409326,0.5773069976589216,1.2638456591833405,0.43040274219898766,0.3815476851337869,0.454373479858375,0.40645725274411953,40,0.15806094876732457,0.5417843639789754,True,0.8200302749514319,0.978326076340744,True,0.5048763949725585,0.4692606556548482,0.012157489987437244,-0.025000000000000022,0.029131773706320103,-0.025,0.43040274219898766,0.5773069976589216,1.2638456591833405,0,0.8294555448148316,0.3800142241197112,0.5463711161881296,1.2592109656601511,0,,0,1
S0_null,1500835,1.1297068154051755,0.717473062999848,1.7787949883955065,0.5985192132735874,0.07876438219109638,0.5499359722220879,0.8868899486155528,40,0.48124006883821413,0.5063864616467909,True,0.5322492635451239,0.4807953081776508,False,0.6454670203384831,0.9025554721985717,0.09667866412976021,-0.10000000000000003,0.10968809608557809,-0.1,0.5985192132735874,0.717473062999848,1.7787949883955065,0,1.1790605001460392,0.5090262046100694,0.7231253797379255,1.922465594429085,0,,0,1
S0_null,1500836,0.835242053387122,,,,0.049999999999999795,0.5144363616438536,0.9230971206812623,40,0.019506779113924577,0.017563576889027866,True,0.7321242682735405,0.7039952568336915,True,0.5986418432550045,0.7337493601927768,0.2506676318852518,-0.17500000000000004,0.2263787441837476,-0.175,0.533508507401353,0.46781956617623915,1.4912358058224562,1,0.8505926817919972,0.6089292191254506,0.4509306504835936,1.6044771175837946,1,0.0,0,1
S0_null,1500837,1.5643146125399785,0.9900006927105603,2.4717964593601947,0.0552493214934954,-1.154408647732089,0.5942533118245396,0.05970183770097339,40,0.25460223111388214,0.17883527344286232,True,0.259400627181416,0.2376662137040383,False,0.9196526615280511,0.7649192008151056,0.3185459506374075,0.19999999999999996,0.32904785026129135,0.2,0.0552493214934954,0.9900006927105603,2.4717964593601947,0,1.6153023173433214,0.06554454690583257,0.9696301250027586,2.690924620774629,0,,0,1
S0_null,1500838,1.0398770225336298,0.6969429646868956,1.5515533935825083,0.8481145208584433,-0.7613227572338273,0.535995464019708,0.16386650102742847,40,0.8664588101005632,0.9458910427967779,True,0.19819194290759545,0.328195396922776,True,0.33673623251750706,0.46323855019233495,0.03565773365068651,0.02499999999999991,0.0414069212922549,0.025,0.8481145208584433,0.6969429646868956,1.5515533935825083,0,1.0698668331533208,0.7623665203852461,0.6905850604282036,1.6574569973636362,0,,0,1
S0_null,1500839,1.3003735742038753,0.8118232675480823,2.082930485097989,0.2745346403689435,0.49519480519480563,0.46657662006694356,0.2954158842108852,40,0.13040665769928794,0.10956224054283685,True,0.6005389945021454,0.663749029791684,True,0.04365116916414175,0.03765278250368772,0.264357719130486,-0.17500000000000004,0.2885162008632458,-0.175,0.2745346403689435,0.8118232675480823,2.082930485097989,0,1.3141833167436663,0.2776799068003608,0.8024564294651916,2.1522387092822206,0,,0,1
S0_null,1500840,1.0340894362260993,0.637381252390585,1.6777100959648612,0.8920027606640444,0.4117180743730171,0.46302013114340457,0.3796398710507001,40,0.6871636083836543,0.5780210066557154,False,0.4456579243744325,0.2839000277902072,False,0.8215796556276727,0.8809691019218415,0.08040861366323528,0.09999999999999998,0.08733606889123377,0.1,0.8920027606640444,0.637381252390585,1.6777100959648612,0,1.0228848037991995,0.9334351428058845,0.6014964873361864,1.739483677580541,0,,0,1
S0_null,1500841,1.1031888286020617,0.7060718158338757,1.723656948571263,0.6662284247295509,-0.29922288943836195,0.5720007163639831,0.6040122688235696,40,0.32685698685967457,0.2069347487787584,False,0.6870434143644453,0.6829347487967268,False,0.49165680827834923,0.3764511983012828,0.005936106869637265,0.0,0.005544304085089134,0.0,0.6662284247295509,0.7060718158338757,1.723656948571263,0,1.1553986841307142,0.5573438789553775,0.7131793548291695,1.871823841017875,0,,0,1
S0_null,1500842,0.7184233845034653,0.42501130033816265,1.2143963207348851,0.21693851603546255,0.293645569620254,0.5051794714253772,0.5645831342243842,40,0.6007235503042403,0.8171354041304244,True,0.7936984765305012,0.8707925593226195,False,0.7310738282870519,0.7752693244217306,0.045916963505995834,-0.050000000000000044,0.047919065615694055,-0.05,0.21693851603546255,0.42501130033816265,1.2143963207348851,0,0.7152063130252223,0.17085152994917197,0.4426864002700615,1.1554908167024753,0,,0,1
S0_null,1500843,1.126562303954003,0.6725053327407786,1.8871859640395596,0.6507434697055293,0.3720921935207628,0.5331195095825593,0.4895701175349453,40,0.3540353461327491,0.32922241034232325,False,0.9826211143451534,0.5782720390827865,False,0.551740699852353,0.9674509882627712,0.10323405915988365,0.09999999999999998,0.09888517876815865,0.1,0.6507434697055293,0.6725053327407786,1.8871859640395596,0,1.1744624787276208,0.5397616895416298,0.7024305875102693,1.9636988173139043,0,,0,1
S0_null,1500844,1.6785302061550966,1.1001464428757974,2.560989649350848,0.016272380596056412,0.7435759395382571,0.47128918910419765,0.12313591122757993,40,0.18457051169414584,0.21708528909190872,False,0.7603958873554953,0.5678490202692115,False,0.3855753499394723,0.35484576058083805,0.04279509941283224,0.04999999999999993,0.024706122142071883,0.05,0.016272380596056412,1.1001464428757974,2.560989649350848,0,1.7088315604446516,0.06722781360581023,0.9609178285829004,3.038870978466583,1,0.0,0,1
S0_null,1500845,0.9366151200151126,0.6049669302390281,1.4500757631401684,0.7690428681501968,-0.2280219780219772,0.4110377173427991,0.5824058871824305,40,0.07005087863234634,0.030968605715131797,True,0.6010541708056925,0.6446121192242111,True,0.5055707258803323,0.6055211115863974,0.4138439880459605,0.22499999999999998,0.41261191108917944,0.225,0.7690428681501968,0.6049669302390281,1.4500757631401684,0,0.9477735840505612,0.8181800184408297,0.5999193321829125,1.4973259210626115,0,,0,1
S0_null,1500846,0.6729921694713714,0.3886228512985196,1.1654447458671826,0.15750835079813308,0.4186817325800375,0.49123268149803695,0.39952638852286954,40,0.9107320148789074,0.6644042930720646,True,0.9622331847310976,0.8919900660168621,True,0.16813457696019973,0.17819783529693656,0.053693271026311565,0.050000000000000044,0.055653255970699776,0.05,0.15750835079813308,0.3886228512985196,1.1654447458671826,0,0.5942392282161791,0.10519641671370761,0.3166034359028384,1.115339318235726,0,,0,1
S0_null,1500847,1.1808735796703551,,,,-0.00667347633639559,0.6127744887677518,0.9913692481919951,40,0.5322908687119121,0.5874529249571633,True,0.5728191559972302,0.5970355526380564,True,0.8489994138173719,0.8699518480166823,0.07123732386823943,0.07500000000000007,0.06483499538239328,0.075,0.5272902865613557,0.6967950930032152,2.001251767077304,1,1.219045851684177,0.46328802723675483,0.7095683905560255,2.0943334120956223,1,0.0,0,1
S0_null,1500848,1.0893025810896868,0.6719943069352297,1.7657591752232247,0.7285372212452627,0.3846615880457058,0.5829287365999685,0.5134193861544465,40,0.43276758066778476,0.4896818580071465,False,0.640278011060166,0.346644127008477,False,0.008119436419681693,0.020555655909332345,0.4142190701883284,-0.22499999999999998,0.4204709077529054,-0.225,0.7285372212452627,0.6719943069352297,1.7657591752232247,0,1.0624647097122155,0.8268214470175659,0.6174092114872183,1.8283356295652415,0,,0,1
S0_null,1500849,0.9703497824228319,0.6435409570681224,1.4631216395887694,0.8857779452307082,0.7499999999999983,0.5567131303367728,0.1861112609451002,40,0.39003695024012597,0.37764869723931216,False,1.0,0.9459318325547089,False,0.32897008190749066,0.3616242459769672,0.07122587513949757,0.07500000000000007,0.0835237244810848,0.075,0.8857779452307082,0.6435409570681224,1.4631216395887694,0,0.9675355957441216,0.8719012792505948,0.6478058128894113,1.445070591226295,0,,0,1
S0_null,1500850,1.5507722671960296,0.9836928362106594,2.444761755070159,0.05886901801538615,0.2404898266767145,0.5377633711981171,0.6573349941015606,40,0.24286687567443443,0.30873996518723335,True,0.5727802345140396,0.8492369534020101,False,0.3368602731621392,0.6436714789381948,0.025987391726102153,0.0,0.008700382961356227,0.0,0.05886901801538615,0.9836928362106594,2.444761755070159,0,1.6523793344861788,0.03919912644978998,1.0251845079864865,2.6632839686580376,0,,0,1
S0_null,1500851,1.4643176706364125,0.9510634615581199,2.254556427838348,0.08325671849131643,0.31942367317162246,0.5551590522626667,0.5685217977742986,40,0.021775061359618687,0.028917166017024456,False,0.5626849192485883,0.5598558907968115,False,0.9825547772054636,0.8596337313890189,0.031439786536198826,-0.025000000000000022,0.05370801749285708,-0.025,0.08325671849131643,0.9510634615581199,2.254556427838348,0,1.3648745705474101,0.20005831169320976,0.8481241635463014,2.196473904879232,0,,0,1
S0_null,1500852,1.2485013144054096,0.7715616512479565,2.0202605061446977,0.36608072365626143,0.09999999999999865,0.6897405190318548,0.8855119430069257,40,0.07399830862572156,0.07810093933346379,False,0.4654922412835366,0.43971824243801694,False,0.9552412212847758,0.80678348810051,0.031439786536198826,-0.025000000000000022,0.0414069212922549,-0.025,0.36608072365626143,0.7715616512479565,2.0202605061446977,0,1.2880635296903464,0.3255006882136706,0.777653506168085,2.133479298117828,0,,0,1
S0_null,1500853,0.8625758448514469,0.5527837234291814,1.3459822650087636,0.514931502067375,0.14999999999999747,0.49864404963956066,0.7652389228275479,40,0.22476819421804617,0.1887124131378649,False,0.9702067840931907,0.828118927311053,True,0.8781609058360866,0.9132100353996998,0.07140519696322625,-0.07500000000000007,0.04481321300021269,-0.075,0.514931502067375,0.5527837234291814,1.3459822650087636,0,0.8375812073147616,0.4477390575025656,0.5300406811400872,1.3235630845124498,0,,0,1
S0_null,1500854,0.9010055959306186,0.5652344409489768,1.4362378246720648,0.6612503045086782,0.3583640889194075,0.5530265063022002,0.5209827569456789,40,0.4683495267176734,0.31491484835161965,True,0.3042697835998994,0.2435250607564169,True,0.08461088249748414,0.03953568880256361,0.028557744658745016,-0.025000000000000022,0.02319930679535069,-0.025,0.6612503045086782,0.5652344409489768,1.4362378246720648,0,0.8822723720297696,0.638058445010607,0.5235505728716975,1.4867800338321733,0,,0,1
S0_null,1500855,1.0501849085064439,0.6503414358567119,1.6958604838115907,0.8412728574652188,0.07865876481597023,0.5326069637305796,0.8833922102980979,40,0.2509898821654266,0.5149235158856115,False,0.32208680773304543,0.22154684538728608,True,0.7267277651074049,0.9132141492729661,0.053852520950153526,-0.02499999999999991,0.0414069212922549,-0.025,0.8412728574652188,0.6503414358567119,1.6958604838115907,0,1.0646226576277047,0.8117637212663544,0.6358834288416071,1.7824358234952558,0,,0,1
S0_null,1500856,1.6148838716470404,1.1012526627106263,2.3680759259067456,0.014136838612979352,-0.2615342465753432,0.5000524919370748,0.604083027769129,40,0.6628592788593962,0.7140677963645676,False,0.21404792797314653,0.13866706145557928,True,0.42044410293050083,0.4314535764890761,0.17561591501591392,-0.14999999999999997,0.15691990455744992,-0.15,0.014136838612979352,1.1012526627106263,2.3680759259067456,0,1.693950304144258,0.01614563215919294,1.102565100704283,2.6025380551928414,0,,0,1
S0_null,1500857,1.1327176355632709,0.7497644134657243,1.7112698587350357,0.553880557999122,-0.22365175332527137,0.5537855478531781,0.6886405787613624,40,0.9358131242995446,1.0,False,0.10395918339133764,0.04732044823117918,False,0.6941962702174402,0.5231295867268209,0.06371607321727613,-0.07499999999999996,0.06483499538239326,-0.075,0.553880557999122,0.7497644134657243,1.7112698587350357,0,1.205030096417367,0.411609656269909,0.7720539996100922,1.880823794715132,0,,0,1
S0_null,1500858,1.4832329909407613,0.9169066408898118,2.399350170787406,0.10817287031149635,0.5076023391812869,0.40716003067684325,0.22034611404808316,40,0.4564035447089755,0.4808986764920241,True,0.16233625699794518,0.10242150901753812,False,0.9037134698545566,0.8810700183100291,0.2540675024953846,0.17500000000000004,0.2263787441837476,0.175,0.10817287031149635,0.9169066408898118,2.399350170787406,0,1.4132352566046495,0.1898058958990405,0.8426902350212603,2.3700688669544405,0,,0,1
S0_null,1500859,0.7696758580539714,0.4966114078934803,1.1928862628910513,0.24159555061553106,-0.014369781312128682,0.5460265335084841,0.9791459253063617,40,0.9553075855214375,0.9136388240971364,False,0.2118410574098465,0.09983295367495001,False,0.9678251006643463,0.6833330375650608,0.02497883288771597,0.025000000000000022,0.012390771509656994,0.025,0.24159555061553106,0.4966114078934803,1.1928862628910513,0,0.7961057680409668,0.3439075813645539,0.4964781646704792,1.2765604592676312,0,,0,1
S0_null,1500860,1.298924000636123,0.8512863377901362,1.9819460086818512,0.22507827220696985,-0.34152165864494655,0.44720507449981434,0.4499003811086616,40,0.5753863760243538,0.559892892686259,False,0.7935476070071992,0.838724042549867,True,0.584976456367219,0.4707416296589607,0.02862478226935878,0.025000000000000022,0.029131773706320103,0.025,0.22507827220696985,0.8512863377901362,1.9819460086818512,0,1.213784196123358,0.3936577905976403,0.777692063854213,1.8944157247244426,0,,0,1
S0_null,1500861,0.7670497279109451,0.5089283395038595,1.1560867010507536,0.20514664265778304,-0.26257448004497125,0.5225112787143031,0.6182769373216341,40,0.8244489517621734,0.9243779747727495,False,0.16460096999947205,0.32830973004813857,True,0.8716794941507332,0.8385058522684607,0.04782325572160323,0.02499999999999991,0.02319930679535069,0.025,0.20514664265778304,0.5089283395038595,1.1560867010507536,0,0.7326057757207365,0.15992403441201763,0.4746892464995505,1.1306580601460712,0,,0,1
S0_null,1500862,1.166413313975305,0.7532480668607392,1.8062044615514252,0.4902356963335843,0.14993954050785996,0.498812194037975,0.7654073480342731,40,0.8225169812945601,0.8919596027549633,False,0.5457624718626392,0.2837864148461898,True,0.6622942197102402,0.7542766971173916,0.1252760382497514,0.10000000000000009,0.14634630228590825,0.1,0.4902356963335843,0.7532480668607392,1.8062044615514252,0,1.1493540365706707,0.5634004862710384,0.7167815247389611,1.8429809583364813,0,,0,1
S0_null,1500863,0.8086500401026449,0.5220781901986865,1.252522897210377,0.3414119509033843,-0.5741388174807194,0.49859422819925114,0.25690720832565767,40,0.8664934328350338,0.97834655125734,True,0.8087096416519634,0.9783628894770551,True,0.3066781253084966,0.24799896192438198,0.029666785866090346,0.0,0.01656628160682895,0.0,0.3414119509033843,0.5220781901986865,1.252522897210377,0,0.8148365028197601,0.39402202643222495,0.5088357859141788,1.3048581579903291,0,,0,1
S0_null,1500864,1.2233143494135053,0.7750271327174233,1.9308975573976637,0.3867338390852566,0.48413526451454725,0.5273492440998339,0.3645364779127468,40,0.8787794451956213,0.9675493066799703,False,0.5275307805322712,0.4973229520225404,True,0.2847769935650015,0.2947365101896495,0.1100682275049664,0.09999999999999998,0.08733606889123377,0.1,0.3867338390852566,0.7750271327174233,1.9308975573976637,0,1.2888260265280556,0.3254407837659812,0.777245128416586,2.137128257130482,0,,0,1
S0_null,1500865,0.8419857631843969,0.515774866791775,1.3745144850018827,0.491562443237607,0.5264930114358306,0.5545078884808364,0.3485385278099708,40,0.1980852321779929,0.17005486766966238,False,0.17869100762203782,0.23797632764249566,False,0.32214942429747906,0.21006358917271017,0.040827876351004724,0.04999999999999993,0.06323483829154,0.05,0.491562443237607,0.515774866791775,1.3745144850018827,0,0.8554690598911681,0.5412929595085045,0.5184170400227801,1.4116575188171308,0,,0,1
S0_null,1500866,0.6455200533242553,0.39606967102228874,1.052077878541475,0.07904376794584228,-0.8716635569085747,0.5119694830393102,0.09703713571981239,40,0.7221895052686023,0.8283978458478243,False,0.2512780682405583,0.4471846816867565,False,0.4578554056002977,0.2943005538020519,0.04235932091205489,-0.050000000000000044,0.047919065615694055,-0.05,0.07904376794584228,0.39606967102228874,1.052077878541475,0,0.5574483055683668,0.024024570339185165,0.33557111014826896,0.9260291007880324,0,,0,1
S0_null,1500867,1.1512125347773574,0.7224993528677087,1.834313477193068,0.553551710688045,0.24250645994832137,0.5195913250399016,0.643433007746922,40,0.6579439426527619,0.8921924980307868,True,0.7937160633795738,0.5683256665684879,False,0.8867531634662109,1.0,0.11082254836885101,0.07499999999999996,0.12322937104739672,0.075,0.553551710688045,0.7224993528677087,1.834313477193068,0,1.2562212525397618,0.39271873530893453,0.7445449206091416,2.119538783558511,0,,0,1
S0_null,1500868,0.7445641565324594,0.46988801945314157,1.1798040389241644,0.20914665368039054,0.334910746375944,0.5480846936252425,0.5448981471283464,40,0.055145181938977314,0.046297274097826656,True,0.07406689727325949,0.08016245800586252,False,0.8561096855389451,0.9350666725536094,0.03755613355375243,0.025000000000000022,0.03523306392910041,0.025,0.20914665368039054,0.46988801945314157,1.1798040389241644,0,0.7068879955895131,0.1747203316281234,0.4283442884056724,1.1665630938338016,0,,0,1
S0_null,1500869,0.8116572020747145,0.5164836090597783,1.2755243382825443,0.3655725973713696,-0.5744324525493112,0.4213312550103156,0.18100327768139102,40,0.24656760264118838,0.17003465788108163,False,0.15510259109309923,0.19173454329385287,False,0.45651060741169613,0.4687926694293436,0.02550655029291358,0.025000000000000022,0.0017697072376828072,0.025,0.3655725973713696,0.5164836090597783,1.2755243382825443,0,0.8083832899364739,0.4288107315219689,0.4772817063989065,1.3691778559439347,0,,0,1
S0_null,1500870,0.9449186942789325,0.5871841102937019,1.5205986046713695,0.8154475552834036,-0.17143539653891193,0.48945276150304845,0.7281302676763223,40,0.8371886498403884,0.9459623644079963,True,0.22476819421804617,0.23815338784389783,False,0.3668694385695831,0.8919900660168621,0.19566510997973946,0.15000000000000002,0.17244622317316977,0.15,0.8154475552834036,0.5871841102937019,1.5205986046713695,0,0.970209761944837,0.908184187767592,0.5803013203649987,1.622100362585756,0,,0,1
S0_null,1500871,1.586951536704978,1.0158596283992911,2.4790976129434386,0.042448058302904,-0.06830039525691567,0.5078939236153488,0.8937537288280315,40,0.5730136047572167,0.4803604945365467,True,0.8491681306805786,0.935060545572126,True,0.5062479251843537,0.19553238388140004,0.14225982278923685,0.125,0.14326057979794618,0.125,0.042448058302904,1.0158596283992911,2.4790976129434386,0,1.716684798316061,0.029271689884608383,1.0560139803180648,2.790689092848785,0,,0,1
S0_null,1500872,0.8072085149666657,0.5256395893886243,1.2396052348198399,0.327794339443198,-0.38167938931297773,0.47450218031843566,0.42631675824485976,40,0.4004238596567483,0.6159458234025887,True,0.7322286370119708,0.5685634020903749,False,0.38866709363390795,0.40596633212321276,0.060752571871456905,0.07499999999999996,0.08352372448108482,0.075,0.327794339443198,0.5256395893886243,1.2396052348198399,0,0.7821942776187089,0.3044870996563608,0.4894229851305578,1.2501004377149214,0,,0,1
S0_null,1500873,0.8876090421490319,0.5259096073171367,1.498070772511347,0.6552698550894955,0.148543528632904,0.38834937121826146,0.7042792039597021,40,0.10022096024112563,0.06898657511655029,False,0.11162299625198369,0.07542376715722252,False,0.026752924231303366,0.008318087840533934,0.059530512964150524,-0.050000000000000044,0.03231112320566666,-0.05,0.6552698550894955,0.5259096073171367,1.498070772511347,0,0.9120619422684315,0.7285130924751317,0.5423717594775603,1.533739491406688,0,,0,1
S0_null,1500874,0.644029453172898,0.391806451452446,1.0586194663630328,0.08268694853829354,-1.0500000000000005,0.6401784911892572,0.10944601339450315,40,0.6472757699780861,0.49762750104170017,True,0.6005146243423352,0.2958573739288659,False,0.22329824227244777,0.21994720799216527,0.13459750125304093,0.09999999999999998,0.17484386089981557,0.1,0.08268694853829354,0.391806451452446,1.0586194663630328,0,0.6170775290192301,0.06992634986135002,0.3661065856471992,1.0400923986312123,0,,0,1
S0_null,1500875,1.0673695984671767,0.6623759779401027,1.7199866807896296,0.7888341820288609,-0.4250864197530879,0.627505302263965,0.5023518225475662,40,0.8445374857322931,0.849433729436365,True,0.9038785829843282,0.6741774357035404,False,0.521260003257806,0.7438423398889918,0.06106474540833981,-0.050000000000000044,0.07061977533748845,-0.05,0.7888341820288609,0.6623759779401027,1.7199866807896296,0,1.1315298527519977,0.6389634763885331,0.6752510177011792,1.8961242176691673,0,,0,1
S0_null,1500876,0.7648019241989674,0.4824208259569296,1.2124724965971199,0.25407883060695935,-0.21463441093512747,0.46926476465206035,0.650069194596166,40,0.8226236010863478,0.6940036883091087,False,0.7769888509432576,0.9891784089193649,True,0.7930800893527343,0.8705505545142012,0.049160583905598555,0.025000000000000022,0.05370801749285708,0.025,0.25407883060695935,0.4824208259569296,1.2124724965971199,0,0.8103853781330806,0.4096801305247214,0.4916159806203328,1.3358484812947404,0,,0,1
S0_null,1500877,0.8845628926685974,0.5724172230783408,1.3669251719547766,0.5806839534908805,0.5160512933893462,0.5110749755030236,0.31917934861841224,40,0.10223635268244796,0.10622385076375072,False,0.1707618107897192,0.22725014443317104,True,0.4761112731823063,0.41468110617257803,0.006373426321298247,0.0,0.012415162210221016,0.0,0.5806839534908805,0.5724172230783408,1.3669251719547766,0,0.7536946055671465,0.24701644081462504,0.466956469109319,1.216506454112384,0,,0,1
S0_null,1500878,0.7489655260635639,0.49324816164747853,1.1372558538445767,0.1749644257748708,-0.13534321163973795,0.5948490063078589,0.8212678826511487,40,0.409106978578639,0.5418605386489221,True,0.043638515452222644,0.035526419401049114,False,0.09647332012115038,0.08363438362360025,0.06115417675370837,-0.050000000000000044,0.06323483829154,-0.05,0.1749644257748708,0.49324816164747853,1.1372558538445767,0,0.7304885614015861,0.1834561172060708,0.45989095554583365,1.1603044850169442,0,,0,1
S0_null,1500879,0.807001008976137,,,,-0.14177908113392057,0.44640460304188245,0.7525722062336262,40,0.9518517050035954,0.9028303564965167,False,0.572546483095669,0.7448003361692836,True,0.4319043447842923,0.41452625027879164,0.2614326931499485,-0.17500000000000004,0.2096956861192004,-0.175,0.3346998106711636,0.5176434595099275,1.2581065529255726,1,0.8238478366402054,0.4354897119722363,0.500983606492304,1.3547853645130663,1,0.0,0,1
S0_null,1500880,1.7384312393788834,1.1207378726430903,2.6965655822098116,0.013553756036212145,-0.7195549850235331,0.4085191528096096,0.08643763585549831,40,0.31316781885125544,0.5869762456060879,True,0.15216248299692792,0.1669056318861195,False,0.7166408049645294,0.9566394405423952,0.025751088260463174,0.0,0.01656628160682895,0.0,0.013553756036212145,1.1207378726430903,2.6965655822098116,0,2.0117061213998957,0.0028806122374115347,1.270344864986913,3.1857188000043624,0,,0,1
S0_null,1500881,0.8839649973527108,0.5189587459804104,1.5056960164888988,0.6499093515498873,-0.06852938561394173,0.5622701163757651,0.9036537514673791,40,0.10725260388435029,0.12217646482365417,False,0.5193604406671627,0.532628452697041,False,0.7084444102624998,0.4889244173289834,0.05961707830956438,-0.04999999999999999,0.07778202948547527,-0.05,0.6499093515498873,0.5189587459804104,1.5056960164888988,0,1.0893589695078214,0.755309056833561,0.6359168839536539,1.8661290404323192,0,,0,1
S0_null,1500882,1.1731427314722969,0.720979831629751,1.9088798438304198,0.5202942572131358,0.9499999999999986,0.4759527497644153,0.053334176996764564,40,0.9305010079038696,0.9458808309246061,False,0.4457659079148423,0.30828257689386396,False,0.48441862395547775,0.43001404481813,0.03747545677598052,0.025000000000000022,0.029131773706320103,0.025,0.5202942572131358,0.720979831629751,1.9088798438304198,0,1.125403816146863,0.6338862791669266,0.692085222343658,1.8300257085521456,0,,0,1
S0_null,1500883,1.1861856667493291,0.6978205499033183,2.0163298948368493,0.5281865689001195,0.02285714285713991,0.5277022612759135,0.9656837728659816,40,0.6522347773357781,0.7962510558762033,False,0.7110207256113203,0.5588533187165112,False,0.6865310417095971,0.8486348383565979,0.09224314084399211,0.09999999999999998,0.06198396713929165,0.1,0.5281865689001195,0.6978205499033183,2.0163298948368493,0,1.404792588797935,0.20999158209721192,0.8257015173955276,2.3900188820850694,0,,0,1
S0_null,1500884,1.016137898559446,0.6307579405964252,1.6369769802857694,0.9475354203790503,-0.40763403263403564,0.5863262806976373,0.4912521456256014,40,0.779443889885012,0.78641290651502,True,0.23931654122149526,0.18345084835565162,False,0.08375860394196318,0.1527101817377233,0.03143978653619881,-0.025000000000000022,0.029131773706320103,-0.025,0.9475354203790503,0.6307579405964252,1.6369769802857694,0,1.0701094621281486,0.7964249184401998,0.6395124221174298,1.7906364619855994,0,,0,1
S0_null,1500885,0.902423702630933,,,,-0.016319772942284816,0.5590243733810668,0.9768673166066435,40,0.29575128130841544,0.25488548597317173,False,0.24656760264118838,0.12875885360873984,True,0.7170185746915014,0.6541301744845565,0.08294156996716745,0.10000000000000009,0.07502426537113577,0.1,0.6981868298675301,0.5303136264604917,1.535635703923955,1,1.0216823884162949,0.9386842917514838,0.5833517178482676,1.7893748674475165,1,0.0,0,1
S0_null,1500886,0.6660346810453358,,,,0.2906027426384621,0.4699276973979435,0.5401009418595797,40,0.09474215155603803,0.10115063410138841,False,0.71042903568191,0.9351095129206644,True,0.39423458440784864,0.5857505501479421,0.050591877447829094,0.04999999999999993,0.040102433856149304,0.05,0.13028853860567877,0.391295439449196,1.1336758664491349,1,0.6738502119913938,0.15651130802348356,0.3877480083927803,1.1710546498562007,1,0.0,0,1
S0_null,1500887,1.431167379046407,0.9214640117929606,2.22281070191895,0.11052008856212728,0.23421308515071448,0.4917496516193246,0.636671824348842,40,0.07640919125628293,0.13950688875777464,True,0.6148018358146565,0.6249119751827505,True,0.628116771061854,0.7137186438409693,0.05369327102631161,0.050000000000000044,0.047919065615694055,0.05,0.11052008856212728,0.9214640117929606,2.22281070191895,0,1.3344191985488911,0.24606511509563334,0.819573878113985,2.1726834456383344,0,,0,1
S0_null,1500888,0.8751013582196328,0.552664552689387,1.3856549753938148,0.5693800004445968,0.14238410596026568,0.5341746294641616,0.7912957896332319,40,0.1644296725174642,0.28940160780246993,True,0.49359491202713845,0.6253857869717194,True,0.02109398101846083,0.04459007868193214,0.5829700466310697,-0.27499999999999997,0.5873880889108207,-0.275,0.5693800004445968,0.552664552689387,1.3856549753938148,0,0.9411997114290831,0.8022904229241488,0.5856891627947554,1.5125034797760506,0,,0,1
S0_null,1500889,1.1964958838411468,0.7563086721976671,1.8928811114764619,0.44335775275429234,0.3825491051942368,0.5014448941632601,0.45036365073442886,40,0.8787937179592977,0.8282306578264402,True,0.2194906046801689,0.22659138885390506,False,0.6943544730304549,0.6537781482093672,0.03327609947008255,0.04999999999999993,0.04010243385614931,0.05,0.44335775275429234,0.7563086721976671,1.8928811114764619,0,1.1395320989194484,0.594760377658222,0.7042361230760099,1.8438892324863172,0,,0,1
S0_null,1500890,0.9156646303623744,0.5787076867371972,1.4488173122839771,0.7066670373494779,0.31903743315508315,0.48843338005221976,0.5176755221636377,40,0.7650792407982665,0.6259390165575694,True,0.6148376661804031,0.4557646292129858,False,0.5267449993446764,0.8918425876845464,0.588442076062988,-0.27499999999999997,0.5831814529041373,-0.275,0.7066670373494779,0.5787076867371972,1.4488173122839771,0,0.8402650418768121,0.4647525512514252,0.5269539178869935,1.3398616399539776,0,,0,1
S0_null,1500891,1.230865370847175,0.774848009226011,1.9552603131343183,0.37903536730011245,-1.0387467226009466,0.6137053556799766,0.09894072910069944,40,0.9404395430099405,0.6934399935138043,False,0.10824217256251893,0.11565747295251416,True,0.29726583940846374,0.3539302493162907,0.09960965405812593,0.09999999999999998,0.04835169739931688,0.1,0.37903536730011245,0.774848009226011,1.9552603131343183,0,1.2662742030985996,0.3511987918826486,0.7708627285028811,2.080072492993804,0,,0,1
S0_null,1500892,1.0354891149726726,0.6828349912755144,1.5702735227788815,0.869606521747509,-0.4802899247156833,0.45872715178665385,0.30188872727260396,40,0.07929551941222376,0.05263508643014999,True,0.8372026536674979,0.5685085747303202,False,0.389041578191368,0.24243385976438692,0.05587887430437496,-0.07499999999999996,0.04481321300021269,-0.075,0.869606521747509,0.6828349912755144,1.5702735227788815,0,0.9904789434831335,0.9667307053038466,0.6318405294027317,1.5526837735636128,0,,0,1
S0_null,1500893,0.8724117277717242,0.548048647883684,1.3887493851005335,0.5649903208987633,-0.27146707739699527,0.4910864543797892,0.5837326145491416,40,0.6146942848745901,0.775868009183501,True,0.8719508868221137,1.0,False,0.2947214716749387,0.2482228713329494,0.050995168614125015,0.07499999999999996,0.04481321300021269,0.075,0.5649903208987633,0.548048647883684,1.3887493851005335,0,0.9552017332127868,0.8526533907832597,0.5889087212524681,1.5493238904532323,0,,0,1
S0_null,1500894,1.0258585628998198,0.6865535681655542,1.5328531375735466,0.9008438156008415,-0.677836285303973,0.5874980377344126,0.25599396737443486,40,0.4720313309700591,0.3995673522728156,True,0.8811075292464076,0.9891676741241351,False,0.6043084682480997,0.47936257110648683,0.027866293024891176,-0.025000000000000022,0.047582390994191696,-0.025,0.9008438156008415,0.6865535681655542,1.5328531375735466,0,1.1297286236696025,0.6238628531364219,0.6938203254312909,1.8395061608278083,0,,0,1
S0_null,1500895,0.9960324922773524,0.6081288482498481,1.6313659983856583,0.9874003705535593,0.35843162953254915,0.5755517885794685,0.5372608234816407,40,0.14745716303084003,0.2843539837208452,True,0.983933762820442,0.828118927311053,False,0.11165435621351882,0.16524398264022933,0.06106474540833987,-0.050000000000000044,0.06323483829154,-0.05,0.9874003705535593,0.6081288482498481,1.6313659983856583,0,0.9715352733157464,0.9124637393567294,0.5805744377519393,1.6257704885380981,0,,0,1
S0_null,1500896,0.8791730392987429,0.5607443286936109,1.3784271966344293,0.5746452828165224,0.26014148831378026,0.5182715000328029,0.6186833523934172,40,0.4602110981447485,0.5065066982389267,True,0.6871035286667854,0.4785685108195227,False,1.0,0.5398869335438922,0.02114511468373635,0.0,0.008700382961356227,0.0,0.5746452828165224,0.5607443286936109,1.3784271966344293,0,0.886384151109373,0.6197806899683913,0.5504468275649811,1.4273437941562728,0,,0,1
S0_null,1500897,1.4499760867087885,0.9431175204893941,2.229235070234256,0.0904376828863528,0.3800491380028326,0.4421031784838149,0.3955237925364491,40,0.24681503143772787,0.2548407188326499,True,0.6163659930557868,0.5874352994654153,False,0.9621376306573199,0.7430396722673089,0.03690132453870612,-0.025000000000000022,0.012390771509656994,-0.025,0.0904376828863528,0.9431175204893941,2.229235070234256,0,1.4154133079425784,0.15318521945434088,0.8787111100286038,2.2799243226089834,0,,0,1
S0_null,1500898,1.0927829823099078,0.7045312228846344,1.694991801125157,0.6919728214778893,0.10256704216927537,0.5614889937424022,0.8560544123805862,40,0.06128571025593719,0.12847024327937648,True,0.5276776826828944,0.5240316155212279,False,0.628116771061854,0.7548842464724562,0.06843475510738067,-0.07499999999999996,0.05494849062323591,-0.075,0.6919728214778893,0.7045312228846344,1.694991801125157,0,1.0604843776984512,0.7918264661784188,0.6856689705096347,1.6401896012686326,0,,0,1
S0_null,1500899,1.1852830635393394,0.785512004200511,1.7885098295131667,0.41804787738198823,0.690219484020023,0.49524486546074253,0.17172550657846564,40,0.1668880867238196,0.1255760942068633,False,0.9839321340178759,0.9025094309517784,True,0.7942198061480289,0.6235128190615179,0.5787247489046855,0.275,0.5831814529041373,0.275,0.41804787738198823,0.785512004200511,1.7885098295131667,0,1.273452322544916,0.2724674224664688,0.826956274519872,1.9610236571898354,0,,0,1
S0_null,1500900,0.8622574837615529,0.5149166042635539,1.4438997735684964,0.573150638607226,-0.6109392265193365,0.5053793066020897,0.23438053181811744,40,0.7169709456019275,0.7142354522256755,False,0.3314700447387663,0.48031902744135924,True,0.41954318801599166,0.4073467037017703,0.056123658042937445,0.04999999999999993,0.09783463763934608,0.05,0.573150638607226,0.5149166042635539,1.4438997735684964,0,0.8362610981943419,0.560403396270845,0.45806443634587474,1.5267123331643138,0,,0,1
S0_null,1500901,1.0049359258233486,0.6289929693543743,1.6055763167703325,0.9835679336612863,0.139129385813745,0.43748522506529347,0.7522572280900939,40,0.970209380036796,0.9459241915016402,False,0.84451926747294,0.7966180509089269,True,0.8808903874098204,0.74460260994055,0.02109220208124573,-0.02499999999999991,0.023199306795350663,-0.025,0.9835679336612863,0.6289929693543743,1.6055763167703325,0,0.952365672000779,0.8588450717216197,0.5561691515366187,1.630799498137533,0,,0,1
S0_null,1500902,1.057052073430682,0.6340091006372212,1.7623707369832453,0.831531268285278,-0.37305236270753483,0.624532263988089,0.5539248031762661,40,0.15038157263545582,0.18869159831069104,False,0.4005471955060781,0.2778717429358356,True,0.040385459064714434,0.042952046217386845,0.4150619877177179,-0.22500000000000003,0.4018423391082095,-0.225,0.831531268285278,0.6340091006372212,1.7623707369832453,0,0.929531664681613,0.7841720338061078,0.5510091224582886,1.5680849561817876,0,,0,1
S0_null,1500903,1.7776038195247077,,,,0.8000000000000026,0.5028851396974208,0.12015909332256022,40,0.3059882978747235,0.3845139291263291,False,0.5130345531939009,1.0,False,0.8099217705327811,0.8489474201291954,0.18330085158727444,0.15000000000000002,0.23590419354219272,0.15,0.034974028453262224,1.043618966367817,3.027805589032531,1,1.8815249377972343,0.03371454014124019,1.0525680832220605,3.3633321663298266,1,0.0,0,1
S0_null,1500904,0.8837218735180254,0.5773125763729692,1.352758248643577,0.56932394558036,0.2609373814041734,0.4114274543949874,0.5298362808821109,40,0.09270684496456087,0.20721337631892722,True,0.6539334158650707,0.5322024907091787,True,0.6138306318414388,0.6638684536009688,0.2028554942061364,0.15000000000000002,0.23590419354219264,0.15,0.56932394558036,0.5773125763729692,1.352758248643577,0,0.8214102257113791,0.417177733743336,0.5106915502165174,1.3211786226287876,0,,0,1
S0_null,1500905,0.8967802891545748,0.5683021905134248,1.4151184008099738,0.6397135397526955,0.8974051460968142,0.48161517608362153,0.07036883096653498,40,0.44376341140204223,0.34927420803094245,True,0.411179352143593,0.3629894377778825,True,0.5723513983264502,0.5590580988320792,0.04852387520394682,0.04999999999999993,0.04010243385614931,0.05,0.6397135397526955,0.5683021905134248,1.4151184008099738,0,0.8964830616902594,0.6685142437740152,0.5436393465934602,1.4783364834307033,0,,0,1
S0_null,1500906,1.0899544763320983,0.6597173980102853,1.8007722155871613,0.7366837943923896,0.31972767574414285,0.5234040417821729,0.5450255189135662,40,0.16655486949768705,0.1963609626511842,False,0.36459570581722645,0.5061858738052201,True,0.8269142349715373,0.462496474108279,0.1547437998318977,0.12499999999999994,0.1308595450857383,0.125,0.7366837943923896,0.6597173980102853,1.8007722155871613,0,1.0769017495597482,0.7771057954489744,0.644774976204421,1.7986389376208773,0,,0,1
S0_null,1500907,0.9949626464558285,0.6447048957307355,1.5355097726074105,0.9818010260771995,-0.8846794338051633,0.5006646144701119,0.08547483654348359,40,0.6722849453632003,0.6740905095613954,True,0.6868628636128575,0.9891630637080204,False,0.8079608943401737,0.6344145353511861,0.19172167330770443,0.15000000000000002,0.1982587753374821,0.15,0.9818010260771995,0.6447048957307355,1.5355097726074105,0,1.0736353749669416,0.7667739675221468,0.6713513980948163,1.7169740342413173,0,,0,1
S0_null,1500908,1.2846565195481239,0.8527897026389679,1.9352278388335304,0.2308285366299856,0.700000000000001,0.5028961138672232,0.17225249525713762,40,0.017411469309583802,0.04073467607826381,True,0.37140617888925986,0.5969318179787777,True,0.05490440239695941,0.10382553600485753,0.1156262906540386,0.10000000000000009,0.11978503962277386,0.1,0.2308285366299856,0.8527897026389679,1.9352278388335304,0,1.2296518884244183,0.3718946517787146,0.7811097190704474,1.9357636063024952,0,,0,1
S0_null,1500909,1.1001014683673787,,,,1.1297921256825378,0.6118196424214013,0.07281418873394972,40,0.8811590548807635,0.892061046871416,True,0.09454147400724097,0.100861520103244,True,0.9244558854191309,0.9134068438950526,0.0776758692101819,-0.07499999999999996,0.0743759621482963,-0.075,0.7381936376312356,0.6201330323464961,1.9515542272030704,1,1.1034707001868074,0.7465051189320795,0.5985238890227721,2.0344176874190483,1,0.0,0,1
S0_null,1500910,1.3592943890208238,0.8602930369008219,2.1477347331319883,0.18843810421884866,0.11965743556907349,0.44293191721726394,0.7885470932050266,40,0.06992961948725666,0.09011921211324495,True,0.34034730355909204,0.21699852092098437,False,0.17781858807375572,0.20175263580391734,0.03272590735405599,0.0,0.012415162210221016,0.0,0.18843810421884866,0.8602930369008219,2.1477347331319883,0,1.3728112667882544,0.2138221324267059,0.8330048736624299,2.2624246673789554,0,,0,1
S0_null,1500911,1.1622930202490376,0.7507757458703244,1.7993722790732831,0.5000184564261476,-0.2843262330561589,0.47496954977581274,0.5530737952948708,40,0.7322025562572074,0.8705384185517427,False,0.12609906351791428,0.09246034057786044,False,0.9546068805569519,0.6039574348070526,0.15998186890183577,-0.125,0.14326057979794618,-0.125,0.5000184564261476,0.7507757458703244,1.7993722790732831,0,1.0993043373133118,0.6829863343264351,0.6978844425860105,1.7316190937827394,0,,0,1
S0_null,1500912,0.9037521540087168,0.5569792176000251,1.466424473420709,0.681961402363045,0.3140667761357406,0.6126062734793104,0.6112272591491236,40,0.09741230274587206,0.15766118954995778,False,0.7581810875840258,0.4546778529065407,True,0.795081030595973,0.652421292276984,0.03755613355375243,-0.025000000000000022,0.017563739731861296,-0.025,0.681961402363045,0.5569792176000251,1.466424473420709,0,0.9569985575882581,0.8653916501268791,0.5757101148774358,1.5908114440910652,0,,0,1
S0_null,1500913,1.3889001342741398,0.895082506598374,2.155157283005969,0.14278311041789266,0.0829337728498658,0.43920154749569584,0.851259188743827,40,0.9305586092250409,0.891893510498761,False,0.1503104077101831,0.1316238581260017,False,0.7295285153855288,0.8488481724220691,0.09760257759129691,0.09999999999999998,0.09888517876815865,0.1,0.14278311041789266,0.895082506598374,2.155157283005969,0,1.4664122072201773,0.11932489322822945,0.9058453073218575,2.373876360680093,0,,0,1
S0_null,1500914,1.3242703343303408,0.8652687685077597,2.026759756291453,0.19584211214281422,-0.5831101267126804,0.5149735219590061,0.2647886960875825,40,0.6009589593685324,0.8919951407223846,True,0.6725351197252938,0.6542828954575459,True,0.02434321587282407,0.027670363482764446,0.26721252375796817,0.17499999999999993,0.20969568611920042,0.175,0.19584211214281422,0.8652687685077597,2.026759756291453,0,1.5552298001041536,0.07199796113116361,0.9612902955069794,2.516138717343833,0,,0,1
S0_null,1500915,1.2763501932805934,,,,0.3850273495773238,0.5296140527225031,0.4718033382383666,40,0.11628529884486848,0.10390454056281075,True,0.5373696245831008,0.587082316539113,True,0.3845086466792257,0.4635978965390031,0.10745863013409239,0.10000000000000003,0.07502426537113577,0.1,0.4146352446507904,0.7014885011506012,2.322304375931126,1,1.4443230961135303,0.24621980444877845,0.7679687300035039,2.7163465444191406,1,0.0,0,1
S0_null,1500916,0.5442804700866424,0.3415995769705099,0.8672177897436646,0.010485691935722661,-0.13829935772130508,0.5866416927193245,0.8149286248957288,40,0.1906413097656916,0.31496061436052525,True,0.8106309202087256,0.9567212961887674,True,0.6520518747935276,0.7748848897947382,0.05769524144398646,-0.050000000000000044,0.055653255970699776,-0.05,0.010485691935722661,0.3415995769705099,0.8672177897436646,0,0.524299113994117,0.006957302036923641,0.3280452013207976,0.837962450992233,0,,0,1
S0_null,1500917,1.0856415860919904,,,,-1.2080434013444965,0.45391181343441495,0.011443270634724799,40,0.5275307805322712,0.4154315608285648,False,0.21415675755736718,0.18668756474232995,False,0.05378408886239828,0.13014251144787203,0.028475833591005605,-0.025000000000000022,0.0414069212922549,-0.025,0.7391815612031464,0.6613337702664284,1.782182774331195,1,1.1121169320345905,0.6939243884795391,0.6466932619489955,1.912504959137144,1,0.0,0,1
S0_null,1500918,0.999451037989014,0.6527815498039385,1.5302245868274549,0.9979840641900296,-0.38736812881731647,0.5322352360170567,0.47130855558678214,40,0.24693866530401987,0.227491327992982,False,0.8561529946303104,0.9891829997863016,False,0.06358372346029162,0.04426812850560204,0.10549123921644644,0.10000000000000009,0.06198396713929165,0.1,0.9979840641900296,0.6527815498039385,1.5302245868274549,0,0.9563222810354346,0.8518307224272377,0.5985215752830092,1.5280189436318539,0,,0,1
S0_null,1500919,0.8468988786615556,0.5414181108257384,1.3247390442560414,0.46661977220089035,-0.7126258992805752,0.5521830346382642,0.20486261751980592,40,0.6431147987258404,0.9459369247909557,True,0.8090712579089976,0.7448700123876268,True,0.7466814819159394,0.9027435616290536,0.05353465885358352,-0.050000000000000044,0.047919065615694055,-0.05,0.46661977220089035,0.5414181108257384,1.3247390442560414,0,0.853529863273268,0.5060190032148058,0.5351970137457069,1.3612057032990632,0,,0,1
S0_null,1500920,1.0538283010207667,0.6818989638496097,1.6286197030756075,0.8133820134855896,0.03160986503544039,0.48794230190071647,0.9486963469598196,40,0.7935752425371635,0.6064572885530528,False,0.513041707882518,0.6252062761331608,True,0.6426083446066801,0.5042884371889741,0.03565773365068651,0.02499999999999991,0.059747121331570514,0.025,0.8133820134855896,0.6818989638496097,1.6286197030756075,0,1.0330368329885915,0.9046822335291863,0.5987275036521702,1.7823886355671197,1,0.0,0,1
S0_null,1500921,0.9366610060806595,0.5991615464173625,1.4642692702126485,0.7740794050374763,0.668795854198209,0.5769587324784179,0.25381153711070487,40,0.9403772160354532,0.8813378789082349,True,0.36984402538731265,0.3349123337761186,False,0.28426005571373536,0.3832046114889244,0.022651406543288507,-0.025000000000000022,0.02319930679535069,-0.025,0.7740794050374763,0.5991615464173625,1.4642692702126485,0,1.064059712441086,0.8046738671940137,0.6505051481665935,1.7405289947839824,0,,0,1
S0_null,1500922,1.4686543675667125,0.9738031421187561,2.214970930038075,0.06675222207586547,-0.21500870574579412,0.5890783876933635,0.7171957248151601,40,0.16323528876788984,0.2901305884212939,True,0.33374636040659544,0.38518800198215897,False,0.21083116999636842,0.16810985702803005,0.05004697972219608,-0.050000000000000044,0.047919065615694055,-0.05,0.06675222207586547,0.9738031421187561,2.214970930038075,0,1.5721652768025942,0.04514121319367313,1.0098437555415385,2.4476099832476588,0,,0,1
S0_null,1500923,0.8256779240416011,0.4777963866913116,1.4268505439537789,0.49250989650187826,0.3578986796516517,0.5747635238861051,0.537308383032791,40,0.09888904389024497,0.12791063331646166,False,0.18483870811855208,0.18760750833870898,True,0.36381559357947724,0.43876763399528873,0.10082221495785981,-0.07499999999999996,0.06483499538239326,-0.075,0.49250989650187826,0.4777963866913116,1.4268505439537789,0,0.770270529845785,0.3587807823613376,0.4411039414663318,1.345072291071769,0,,0,1
S0_null,1500924,0.8236157174527545,0.5406331072482591,1.2547194038631455,0.3662692018619076,0.276361506929532,0.5034129047267314,0.5863200245057391,40,0.06963570715978706,0.03407599831829759,False,0.10771899902505679,0.07487212037336273,True,0.23240936220031772,0.16542450235721018,0.016705858489746397,0.0,0.008700382961356227,0.0,0.3662692018619076,0.5406331072482591,1.2547194038631455,0,0.8154090474956853,0.3538740108744002,0.5296835579458828,1.2552625143137859,0,,0,1
S0_null,1500925,1.571891708858783,0.9787294743645915,2.5245418770933616,0.061342124047788056,-0.17354568933710657,0.45021413019249074,0.7020938600186235,40,0.16086288440029106,0.1291013824666354,True,0.9678870518066629,0.8177036705354462,True,0.6531689931691045,0.6638236845605417,0.12066531020474329,0.125,0.028168320723525268,0.125,0.061342124047788056,0.9787294743645915,2.5245418770933616,0,1.4858558783240674,0.11952102175372349,0.9025296314375196,2.4461996750552397,0,,0,1
S0_null,1500926,1.0583656622683935,0.6677297553880206,1.6775317649546684,0.809257845061233,0.954877595059156,0.5163802627853016,0.07243421173992737,40,0.026690601486444032,0.04067783559891269,True,0.454682820199414,1.0,False,0.9809504815587574,0.7953200245523491,0.26139434127361827,-0.17500000000000004,0.2096956861192004,-0.175,0.809257845061233,0.6677297553880206,1.6775317649546684,0,1.1925570588036736,0.47658651065444113,0.7343318323719766,1.9367161762668288,0,,0,1
S0_null,1500927,0.9237881376382132,0.5582843361626426,1.528584034986189,0.7576924472969225,-0.48517055655296204,0.45328992966706977,0.2914028001149193,40,0.6007604308886881,0.7344758443889331,False,0.4439549285491148,0.24343613806638265,True,0.27436243003108796,0.34824866479265004,0.131481112558766,0.125,0.08565825367350988,0.125,0.7576924472969225,0.5582843361626426,1.528584034986189,0,0.942470097490619,0.832085785600593,0.5450031380766367,1.6298069178072767,0,,0,1
S0_null,1500928,1.3295840853214504,0.8613862705383081,2.052266097572378,0.198360587618729,0.7238201190849265,0.5906113922907665,0.22811442418402747,40,0.762512096734471,0.870465531031271,False,0.627266001685545,0.43874597405705895,False,0.24540832941480006,0.1828915375192468,0.21075938324424273,0.14999999999999997,0.15691990455744992,0.15,0.198360587618729,0.8613862705383081,2.052266097572378,0,1.5474153296320325,0.07195919068897838,0.9617856057406913,2.4896340599068973,0,,0,1
S0_null,1500929,1.588370622885387,0.9029511620813285,2.7940838237916505,0.10833974628705824,-0.43796255986068844,0.5353301568073205,0.4185283000248427,40,0.6140824364524813,0.807007245023511,False,0.7935223603362292,0.8812989286029909,False,0.05624552431106494,0.05549865420930718,0.09256130011982663,0.07499999999999996,0.12322937104739655,0.075,0.10833974628705824,0.9029511620813285,2.7940838237916505,0,1.6611536486778489,0.07570262516432893,0.9488430706404918,2.9082063513970207,0,,0,1
S0_null,1500930,1.0039927889915512,0.6226615810183823,1.6188593468355887,0.9869566020242396,-0.21644895984518506,0.5354429040375478,0.6883614186036795,40,0.9358131242995446,0.8177374295499052,True,0.924529846036952,0.935103398059299,True,0.6282217263038367,0.9566250679959473,0.01440823891881132,0.0,0.01656628160682895,0.0,0.9869566020242396,0.6226615810183823,1.6188593468355887,0,0.9838244890722156,0.9443012476770807,0.6226316682184421,1.5545476960202218,0,,0,1
S0_null,1500931,1.5558185285825872,0.9101397969936038,2.659559885060051,0.10614477942053059,-0.4111690245718512,0.5482339949917404,0.4580045239501423,40,0.021655347164667244,0.01365590866512341,True,0.11679200122963673,0.13209848142379904,False,0.7758069571629906,0.6529319769752095,0.04582253114559106,0.050000000000000044,0.03231112320566666,0.05,0.10614477942053059,0.9101397969936038,2.659559885060051,0,1.5192658453927088,0.1332076092145935,0.8801401634622738,2.622501284223872,0,,0,1
S0_null,1500932,1.0137540440931114,0.6315217066462284,1.6273348185810546,0.9548875786428589,0.5887985196660628,0.4506625161980829,0.19943990833088895,40,0.08243559618159658,0.10929445581049782,False,0.0189996946091165,0.03639403638525064,True,0.49192239113189573,0.4544640075458565,0.32224773069310686,-0.20000000000000007,0.3290478502612913,-0.2,0.9548875786428589,0.6315217066462284,1.6273348185810546,0,1.0355873785318135,0.9020147884890307,0.5934991510316924,1.8069802066441805,0,,0,1
S0_null,1500933,1.2717803999694353,0.79509912565424,2.034243698124474,0.3157634574253364,-0.863764044943819,0.518234114608217,0.10400969984790522,40,0.2706348831990335,0.2326691620187249,True,0.139963581128157,0.06498109412314196,False,1.0,0.8703376811078821,0.050261271049613754,0.050000000000000044,0.024706122142071883,0.05,0.3157634574253364,0.79509912565424,2.034243698124474,0,1.2315692423826026,0.3822542657904082,0.7718714081491678,1.9650459684985975,0,,0,1
S0_null,1500934,0.716629221025808,0.46400063900387417,1.1068033042596053,0.13299304377974042,0.1643749438303228,0.5588834130362286,0.7703151682708462,40,0.2512780682405583,0.5325897765920433,False,0.6721909822664781,0.5421268531699719,True,0.304896026779948,0.40694691685623896,0.07949069364025053,0.07499999999999996,0.10851156076691315,0.075,0.13299304377974042,0.46400063900387417,1.1068033042596053,0,0.7423760423267393,0.20325698641133294,0.4691652055623033,1.174686830324901,0,,0,1
S0_null,1500935,1.0653551356391513,0.6847089015207349,1.6576118150529757,0.7789529386723344,-0.6171257905832767,0.40983332681336265,0.14060961320439566,40,0.49333191529357767,0.5061055708463265,True,0.5867169826174317,0.6644933511646842,False,0.9254715760653734,0.6345748104817058,0.03142941182963725,-0.025000000000000022,0.05370801749285708,-0.025,0.7789529386723344,0.6847089015207349,1.6576118150529757,0,1.0458497549993582,0.8502264154254116,0.6567300842140273,1.665527035115616,0,,0,1
S0_null,1500936,1.180163458969871,0.7852385319297742,1.773710450077978,0.42550872875414303,0.734116874589625,0.48029720541880194,0.1349023439815006,40,0.9701885934664606,0.967555422037803,False,0.8879565077073955,0.8386489044460324,True,0.9253084781607605,0.9565405979672729,0.0655504364978882,0.07499999999999996,0.0835237244810848,0.075,0.42550872875414303,0.7852385319297742,1.773710450077978,0,1.0461066614149692,0.8342671749950074,0.6858033650689501,1.5957039623839535,0,,0,1
S0_null,1500937,0.8241944077457325,0.5267637050131373,1.2895657299365328,0.397252256666202,0.2849738610903661,0.459154125794798,0.5386347335872756,40,0.24693866530401987,0.6441270511688054,True,0.5409036977712626,0.7341254533868162,False,0.24978592615949613,0.48822544395694134,0.12590958027522478,-0.09999999999999998,0.1809989660385074,-0.1,0.397252256666202,0.5267637050131373,1.2895657299365328,0,0.8066325862237197,0.38447565817345963,0.4969977255457645,1.309173253144099,0,,0,1
S0_null,1500938,0.9280685476627839,0.579840356582722,1.485428220686518,0.7557505564416389,-0.6499999999999988,0.5338097223138527,0.23106113946734289,40,0.46241642442589703,0.38229690706849895,False,0.3487589116503035,0.2843993357278768,False,0.8809525493026648,0.9456676212220649,0.3488471220649789,0.19999999999999996,0.34991342790371893,0.2,0.7557505564416389,0.579840356582722,1.485428220686518,0,0.9765708156433136,0.9215143703762958,0.6093718340569854,1.5650387902192775,0,,0,1
S0_null,1500939,0.7370162970058151,0.4559786824859935,1.1912684581890498,0.21292540552400485,-0.6743191537249597,0.5993872235881361,0.2678282945055739,40,0.9198151206572287,0.6547550503591619,True,0.537582692611596,0.48929331805427845,False,0.7784638685937881,0.978257059791517,0.2662874670407003,-0.175,0.2810242618506592,-0.175,0.21292540552400485,0.4559786824859935,1.1912684581890498,0,0.7933956262947832,0.34273123218150114,0.4918799411901789,1.2797363078083164,0,,0,1
S0_null,1500940,1.2955075482950629,0.8188280279074419,2.049685343549573,0.26870307668820803,0.4873215940685838,0.5194109696707839,0.3542160310811205,40,0.16323528876788984,0.23280132950555565,False,0.8422411963158534,0.7040884165473671,False,0.4544068455552862,0.43829054632077824,0.5861464245474304,0.275,0.5923050352841752,0.275,0.26870307668820803,0.8188280279074419,2.049685343549573,0,1.346553651013504,0.2252755614428461,0.8324508405621719,2.1781547290327685,0,,0,1
S0_null,1500941,1.5585306108421755,0.9602749593464371,2.5295022444251525,0.07250897682499388,-0.5758942324148542,0.5006709224116307,0.2574231930497763,40,0.9056888543832581,0.8178048913584008,False,0.9518517050035954,0.9459190956661397,False,0.7765754362337616,0.693577766936957,0.07130219316262154,-0.07500000000000007,0.0743759621482963,-0.075,0.07250897682499388,0.9602749593464371,2.5295022444251525,0,1.5989443166783313,0.06286569699962706,0.9751273754563323,2.6218348414652057,0,,0,1
S0_null,1500942,1.1313288345790697,0.7504603320373343,1.7054931184375546,0.5557241850286212,-0.2828329054581983,0.49918626356029705,0.5744153174346726,40,0.6949623944418379,0.8705808794954966,True,0.420316278368155,0.7441706718713461,False,0.49817562707547836,0.4795292858556508,0.03163350123421398,0.025000000000000022,0.0414069212922549,0.025,0.5557241850286212,0.7504603320373343,1.7054931184375546,0,1.05562028303033,0.8148207588424506,0.6710994092476487,1.6604606807719948,0,,0,1
S0_null,1500943,0.5825817790183094,0.3777530114790117,0.8984747147753599,0.014513454687075876,-0.7000000000000004,0.4435041374277276,0.12300015474190312,40,0.08934430574074137,0.08751588824804261,False,0.1836030231013469,0.19272316150906144,False,0.9552020451293045,0.713692729823878,0.05588422181992767,-0.07499999999999996,0.04481321300021269,-0.075,0.014513454687075876,0.3777530114790117,0.8984747147753599,0,0.6267678002047526,0.060759452266657146,0.38463320789454425,1.0213311469487314,0,,0,1
S0_null,1500944,0.9801760220542154,,,,0.4499999999999998,0.42427948956833517,0.29573647305771067,40,0.23194072919949826,0.2225070007612806,True,0.6399563719649213,0.5681791733139838,False,0.7014893541696271,0.8067565849457674,0.1731324716404018,-0.15000000000000002,0.13912737068907086,-0.15,0.9396322761832557,0.5761575307870747,1.667504081561818,1,1.0857508125881277,0.7817014303345349,0.5980196635469518,1.9712643227210962,1,0.0,0,1
S0_null,1500945,0.8003111150656407,0.47803059175882345,1.3398679748528604,0.3968758424201152,-0.25245725142495457,0.5324131432716188,0.6381612579596748,40,0.47785692745000774,0.5876466570160472,True,0.11624829577099718,0.34891010076648143,False,0.656704895961086,0.558704209420086,0.11360827839130402,-0.09999999999999998,0.15412438557420458,-0.1,0.3968758424201152,0.47803059175882345,1.3398679748528604,0,0.7901881533875477,0.3359480744994373,0.48911615866015373,1.2765828867000577,0,,0,1
S0_null,1500946,1.0281926980233957,0.6613258218460498,1.5985769636479297,0.9017288391109427,-0.31561204116111247,0.4957252417235757,0.5282611312091217,40,0.22436367564803217,0.2272720781905574,False,0.1309655569884591,0.23759971786787026,False,0.9651802283685076,0.9241135464888409,0.0884545658501381,0.07499999999999996,0.10058623154071403,0.075,0.9017288391109427,0.6613258218460498,1.5985769636479297,0,1.0614544573873155,0.8027957279359272,0.6646902345060285,1.6950535852910615,0,,0,1
S0_null,1500947,1.0272607004514085,,,,-0.3625953244155501,0.5407131996928793,0.5066480962006427,40,0.434563064772572,0.6061686343452806,False,0.5253644261147148,0.5065066982389267,False,0.6936406217837584,0.6018492683646943,0.02963344331928748,-0.02499999999999991,0.029131773706320103,-0.025,0.9179826253271393,0.6077494970623879,1.7363478732481636,1,1.0269413075014873,0.9303159285414883,0.5574556239307846,1.8918249341831155,1,0.0,0,1
S0_null,1500948,1.1570599912390007,0.719148705332835,1.861628635911096,0.5476903790576295,0.8923900997414133,0.5592975580892129,0.11909545370882055,40,0.4809735057899752,0.5059046436234897,False,0.831310207979425,1.0,False,0.8089788078273296,0.5236204500276707,0.34002461254174127,0.2,0.3369373044645227,0.2,0.5476903790576295,0.719148705332835,1.861628635911096,0,1.1808087335194335,0.4930743314568885,0.7341481822636404,1.8992204827867532,0,,0,1
S0_null,1500949,1.1144143768238872,0.6821526420483024,1.820588716834192,0.665323762736451,0.29999999999999793,0.48841154934385855,0.5428180441446495,40,0.8811281475411601,0.7042213495481418,False,0.743744252337134,0.7852658437264735,True,0.2649691109681338,0.2948052770370948,0.3462273515879401,0.19999999999999996,0.32904785026129135,0.2,0.665323762736451,0.6821526420483024,1.820588716834192,0,1.019961982704865,0.9475610059842212,0.5659506719599423,1.8381857248450668,0,,0,1
S0_null,1500950,1.0900965033612655,0.6413019072732458,1.8529656206591356,0.7499517227172843,0.6789510673811805,0.47039703483190165,0.1573336770888745,40,0.5593898548485744,0.4804019518332495,False,0.386781015575805,0.4319310512711224,True,0.6779899580887946,0.6143224046712321,0.21763771226092415,0.175,0.24051773093342968,0.175,0.7499517227172843,0.6413019072732458,1.8529656206591356,0,1.111320193334049,0.7211489776479372,0.622477637877023,1.9840593411903762,0,,0,1
S0_null,1500951,0.9591880881816482,0.6328903639910513,1.4537143253496816,0.8442842751047716,-0.04886630179827822,0.44689562031591834,0.9135188715581094,40,0.4218115308461453,0.2436361754484786,False,0.9254975727097745,0.7862164478633435,False,0.5700516814575651,0.6442054220177338,0.049160583905598555,-0.025000000000000022,0.06567411311702892,-0.025,0.8442842751047716,0.6328903639910513,1.4537143253496816,0,1.1056446490482104,0.6569963191984398,0.7097569532981064,1.7223502838379332,0,,0,1
S0_null,1500952,0.9395106239363133,0.6280830835045677,1.4053558130622406,0.7613597330970729,0.1060132082029892,0.6059255422946113,0.8620643781730498,40,0.42067470415946373,0.30901399112218086,True,0.12559470005615925,0.1392830765534869,False,0.0953155538870754,0.08984632482384033,0.26445095553550085,-0.17500000000000004,0.2263787441837476,-0.175,0.7613597330970729,0.6280830835045677,1.4053558130622406,0,0.8878332053795752,0.5781542907259576,0.5837416295553357,1.3503367939939757,0,,0,1
S0_null,1500953,0.9178414910716378,0.5683780666217768,1.4821701473100624,0.7258758944742505,-0.4527877171296596,0.457031977135162,0.3282605675735236,40,0.8616584578289358,0.6351978801720367,False,0.1310826977020157,0.10039556671957837,True,0.7168823476432508,0.5035763926994044,0.20658916179668346,-0.15000000000000002,0.1724462231731697,-0.15,0.7258758944742505,0.5683780666217768,1.4821701473100624,0,0.9486890489695733,0.8445824596064954,0.5602840640103416,1.6063475109264955,0,,0,1
S0_null,1500954,1.5179396166911612,1.0310820577717594,2.2346821599242244,0.034422739397909,0.13227573182247188,0.5627223817924095,0.8154552380626906,40,0.21070615482115573,0.24281290837687564,False,0.07890313753126443,0.1323173946627545,True,0.008189092041780347,0.005854618363584121,0.10147431231452597,0.125,0.08565825367350988,0.125,0.034422739397909,1.0310820577717594,2.2346821599242244,0,1.4204194010613973,0.12443230291188018,0.9077891924564793,2.222532821141011,0,,0,1
S0_null,1500955,1.1390371410532538,0.7113537335705792,1.8238543603145985,0.5878215757312362,-0.13966861598440322,0.5523945021479527,0.8017896823351197,40,0.9057546688407057,0.8708407976187337,True,0.2764614670346399,0.36335206935630904,True,0.7360772116950076,0.8596732599007426,0.045994580760046144,0.025000000000000022,0.0771286500976318,0.025,0.5878215757312362,0.7113537335705792,1.8238543603145985,0,1.121378533559304,0.6448157703957791,0.6889967778532878,1.8251026070768934,0,,0,1
S0_null,1500956,0.8825432792132819,0.5715284494263769,1.362806419288961,0.5730077008446217,-0.16814207650273016,0.5066166737668947,0.7418435252212369,40,0.17857733189202063,0.43088776463162826,False,0.6403363985463095,0.44733485817601204,False,0.8761869317543262,0.8046506843245264,0.05709618581602038,0.07500000000000007,0.04481321300021269,0.075,0.5730077008446217,0.5715284494263769,1.362806419288961,0,0.8375007480557265,0.47290015456299006,0.516042924068352,1.3592037992967367,0,,0,1
S0_null,1500957,1.6966445309642544,1.0068231608978206,2.859094601959654,0.047088508290875665,-0.8824499112351025,0.5974355632265826,0.14812051854313418,40,0.7366986276184188,0.578558387964361,False,0.5131816724903671,0.8278948106877575,True,1.0,0.9458143125266557,0.025759100079365178,-0.025000000000000022,0.0352330639291004,-0.025,0.047088508290875665,1.0068231608978206,2.859094601959654,0,1.660953934326325,0.1175214773309968,0.8747851628101,3.1536519927841713,1,0.0,0,1
S0_null,1500958,0.9417368979963694,0.6191459555060971,1.4324060056612788,0.7790612018127212,0.4328094575799719,0.5600387035110638,0.4445376685604528,40,0.21414188073451923,0.2528412838877764,True,0.04994000024230181,0.07581002044264576,False,0.35290916834353914,0.5961338585097846,0.08810173576758508,0.09999999999999998,0.04835169739931688,0.1,0.7790612018127212,0.6191459555060971,1.4324060056612788,0,1.0154682303280118,0.9514773288893649,0.6193712402212902,1.6648750536706924,0,,0,1
S0_null,1500959,1.1291563174112096,0.675919374143657,1.8863107611983652,0.6426817652877046,-0.37761297798377425,0.4672890653347227,0.424202390512525,40,0.13812147747306064,0.08751588824804261,True,0.2626806690239226,0.4239036039967885,False,0.21943614353375884,0.117960040560341,0.16480005321753097,-0.12500000000000006,0.17446361933638296,-0.125,0.6426817652877046,0.675919374143657,1.8863107611983652,0,1.2286039536576026,0.43087995693779535,0.7360925971034684,2.0506491722411866,0,,0,1
S0_null,1500960,1.4101019216780213,0.8762121311588001,2.2692991329512684,0.15688659773628713,0.36322615642568434,0.5974811131321328,0.5469481945343775,40,0.7762969206363532,0.9891768773309492,True,0.33364832779784814,0.32821826796782305,True,0.41939969628269824,0.6055552711183254,0.12330569393436698,0.125,0.15457597185817973,0.125,0.15688659773628713,0.8762121311588001,2.2692991329512684,0,1.466140621014688,0.15249909881999968,0.86803162908739,2.476370962253179,0,,0,1
S0_null,1500961,0.529502292735636,0.32991640704460795,0.8498294477800432,0.008436482435901081,-0.5657097447104393,0.6436124599526444,0.3850956356037718,40,0.8275420114863485,0.775868009183501,True,0.9518370873078706,0.8812599399176184,True,0.24298757186524123,0.25290891372843516,0.7004273548704718,-0.3,0.6909064822642392,-0.3,0.008436482435901081,0.32991640704460795,0.8498294477800432,0,0.4679863228082663,0.0021190191130526616,0.2883427092102801,0.759551711695558,0,,0,1
S0_null,1500962,1.6489666857870757,1.1088243411207706,2.4522289329319977,0.013505802839283427,1.0375765961652532,0.5165989076453361,0.05193343945502061,40,0.8959687310002313,0.704048501717149,False,0.4716099728209824,0.3553477048740801,False,0.9621056177615148,0.9238970967708008,0.18330085158727435,0.15000000000000002,0.11855986920469756,0.15,0.013505802839283427,1.1088243411207706,2.4522289329319977,0,1.6521234500936566,0.019955048573721986,1.082447481706476,2.5216113857517577,0,,0,1
S0_null,1500963,1.5761859378547722,0.931086130387073,2.6682409173663917,0.09024427037844016,0.28797474502185283,0.5255134103608244,0.5869916220280017,40,0.7321764678850193,0.6640920312720058,True,0.3541330086984106,0.4316490496045037,True,0.7771201979549531,1.0,0.0776758692101819,0.07499999999999996,0.06483499538239326,0.075,0.09024427037844016,0.931086130387073,2.6682409173663917,0,1.5444892862080088,0.13916779426231451,0.868141718717796,2.7477623800115456,0,,0,1
S0_null,1500964,1.1167169465967703,0.7249277444970263,1.720249705274633,0.6165402006744316,-0.9846068834859474,0.522746570730672,0.06750710458852523,40,0.14729328479948597,0.30816809709548376,True,0.9357806471783245,0.6437816044788829,True,0.7623014759517316,0.859994831034723,0.046614280048104514,-0.025000000000000022,0.007884793234706604,-0.025,0.6165402006744316,0.7249277444970263,1.720249705274633,0,1.4477269599883344,0.14526231707191944,0.8799372315900658,2.381889611477973,0,,0,1
S0_null,1500965,1.1570155168831506,0.7227385423198751,1.8522395415794757,0.5435352038889829,0.06896227778580877,0.5858746296334089,0.9069355073801927,40,0.7935476070071992,0.9244028453966568,True,0.7322025562572074,0.6741484680402634,True,0.7357424962673158,0.7036618245870943,0.04850907917215664,-0.04999999999999993,0.03231112320566666,-0.05,0.5435352038889829,0.7227385423198751,1.8522395415794757,0,1.1757786094047076,0.4988770544302017,0.7353676115094914,1.87995135588838,0,,0,1
S0_null,1500966,1.360712731128823,,,,0.5178099838969394,0.6888798236427481,0.4570047811250487,40,0.6629719512744012,0.6346228520298667,False,0.3753507343377749,0.24263459466696058,False,0.600254227773936,0.7334448946377399,0.08657804614804585,0.07499999999999996,0.10058623154071403,0.075,0.2185521932169164,0.8268104929610222,2.2393754704602498,1,1.2825787059231495,0.4251305768369013,0.6868192790986769,2.395110601796544,1,0.0,0,1
S0_null,1500967,1.1290032946008397,0.735168893983009,1.7338171536525995,0.5793363085993908,0.39075994814002335,0.5495409647876086,0.4815021220850321,40,0.3648389253991352,0.6541607348399779,True,0.6948866023724733,0.86013197213224,False,0.6593733367448587,0.5944003722110633,0.03991469457154303,0.025000000000000022,0.06567411311702892,0.025,0.5793363085993908,0.735168893983009,1.7338171536525995,0,1.076266446955606,0.7669534245228518,0.6619439371484975,1.7499208011970735,0,,0,1
S0_null,1500968,1.226374046092235,0.8056662732611587,1.8667695928747363,0.3411290084892038,-0.7598703471350914,0.41565646097903325,0.0756030917278907,40,0.9478839587189071,0.8387540684154365,False,0.793787829705156,0.8810924093384281,True,0.5558760372140232,0.5039226219868196,0.028557744658745016,0.025000000000000022,0.029131773706320103,0.025,0.3411290084892038,0.8056662732611587,1.8667695928747363,0,1.2675681298274015,0.33518072473592553,0.7826291126124818,2.052989005725509,0,,0,1
S0_null,1500969,1.0592942690714096,0.6412338961306392,1.7499142750540508,0.8220447737147012,-0.7500000000000004,0.48608624515313276,0.13135685877372527,40,0.7649399401733172,0.8921723060312945,False,0.055716404912798445,0.05256828052530695,False,0.6670311994212721,0.8919900660168621,0.1100682275049664,0.09999999999999998,0.08733606889123377,0.1,0.8220447737147012,0.6412338961306392,1.7499142750540508,0,0.9815496885376452,0.9458429702916078,0.573525901305499,1.6798540203246282,0,,0,1
S0_null,1500970,1.0240563217892122,0.6055370324099789,1.7318368556630797,0.9293394321014102,-0.46769208124816,0.4155412354613609,0.2676247382713077,40,0.21939719427817805,0.18295372649823327,True,0.06390129307795385,0.08726202590448169,False,0.7789931911721085,0.9566106811479969,0.20864145955163482,-0.1499999999999999,0.20912510240144702,-0.15,0.9293394321014102,0.6055370324099789,1.7318368556630797,0,1.0729745831731126,0.8051626294132621,0.6131072606442088,1.8777700576010772,0,,0,1
S0_null,1500971,1.221582402319822,0.7823894613469844,1.9073155242765458,0.37861945152295773,0.19999999999999873,0.6177373756856364,0.7479411219235832,40,0.0065842291106208905,0.005463169068690811,True,0.9652133375010897,0.9351186819726227,True,0.28412912959730763,0.33993038373413265,0.07037275046154277,-0.07499999999999996,0.024630214771563675,-0.075,0.37861945152295773,0.7823894613469844,1.9073155242765458,0,1.380975062777809,0.19689497845626336,0.8458010927271016,2.2547761411198586,0,,0,1
S0_null,1500972,0.8961668860305352,0.5382850985585654,1.4919883343757236,0.6733707300518468,-0.2212431871269133,0.5627629152969162,0.6964740900770654,40,0.8720409691192086,0.7552309960482937,True,0.7780458784827948,0.9243566375468623,False,0.896712475472887,0.9129289121215195,0.01207263293320194,-0.025000000000000022,0.004275512018421891,-0.025,0.6733707300518468,0.5382850985585654,1.4919883343757236,0,0.9042192038058158,0.699055889325946,0.54273754809647,1.5064599296636378,0,,0,1
S0_null,1500973,1.3096171148361833,0.8018131180766276,2.1390233569463013,0.28122658723356064,0.8518308204425307,0.4728885063118175,0.07980414059209974,40,0.5011061544137912,0.8282226842995484,False,0.5372274166724813,0.31464007130062965,False,0.5686391838058118,0.8278306161899738,0.02269020116585148,0.025000000000000022,0.0352330639291004,0.025,0.28122658723356064,0.8018131180766276,2.1390233569463013,0,1.3264995070337129,0.3172105323804729,0.7625271076181092,2.307591329647432,0,,0,1
S0_null,1500974,1.099478853288251,0.6926021460304603,1.74537973316485,0.6875293728671092,-0.5999999999999992,0.5044501885747433,0.24185391509558407,40,0.7321764678850193,0.6841251386047765,False,0.721796524146211,0.5960120155295086,True,0.5173456141013679,0.785464931652289,0.026723988432030842,0.0,0.050562110507688995,0.0,0.6875293728671092,0.6926021460304603,1.74537973316485,0,1.0254050163684925,0.9203039476581147,0.6272740698933645,1.6762297344323733,0,,0,1
S0_null,1500975,1.343603400890108,,,,0.8352829871331268,0.5468493341637732,0.13515447836458414,40,0.7650394658836551,0.8067296705518594,False,0.29537217933130333,0.36330677296656144,True,0.6395819398192388,0.5774815740663488,0.034453524226587734,-0.025000000000000022,0.05370801749285708,-0.025,0.27727975246892284,0.7812703853978554,2.310685433141237,1,1.4604629773500981,0.23286006837214915,0.7761416909966677,2.748147835572811,1,0.0,0,1
S0_null,1500976,1.2938315693801807,0.8484241648226077,1.9730698385692356,0.23150124770320013,0.3499999999999996,0.45943938983545896,0.4510094027189973,40,0.8719766440322128,0.7035816332077865,True,0.878722303679446,0.9675110071895108,True,0.9678316387265934,0.8487984751555658,0.3427507256893235,0.19999999999999996,0.32904785026129135,0.2,0.23150124770320013,0.8484241648226077,1.9730698385692356,0,1.3616442549184762,0.17813121539486276,0.8688109399322054,2.134037443286762,0,,0,1
S0_null,1500977,1.4466968514535952,0.9606575959415575,2.1786449082874593,0.0770909639966624,0.1787968026924689,0.5866855142681268,0.7622585611436632,40,0.12095142958496749,0.07784853347666541,False,0.26790752235795334,0.43898409815999784,False,0.35399645550249237,0.36130448591772324,0.058046149327576645,-0.04999999999999993,0.017521291143505167,-0.05,0.0770909639966624,0.9606575959415575,2.1786449082874593,0,1.141437787124403,0.5604990456054978,0.7311515174895763,1.7819565311837418,0,,0,1
S0_null,1500978,0.8236926432187832,0.523897966595261,1.2950414274405833,0.4008465309747379,1.1427023581899278,0.5703669981188935,0.052493567184179274,40,0.7110862454761527,0.8600275202628708,True,0.29522846592598506,0.6063894268261167,True,0.11721949434485042,0.06477849932051512,0.07265838477177336,-0.04999999999999999,0.055653255970699776,-0.05,0.4008465309747379,0.523897966595261,1.2950414274405833,0,0.7859371000231732,0.3465553488076406,0.47595243563215384,1.2978127202404541,0,,0,1
S0_null,1500979,0.8165860905694129,0.5323310475303261,1.2526281275627644,0.3533187349582593,-0.00698005698005888,0.5283961604844923,0.9895313100172525,40,0.2946898147059408,0.47069948561678476,False,0.016493420925603675,0.057465413776489165,True,0.6803736986658593,0.4958739490983286,0.07949069364025053,-0.07499999999999996,0.04481321300021269,-0.075,0.3533187349582593,0.5323310475303261,1.2526281275627644,0,0.7441291884758735,0.21016191412716845,0.46870303116639234,1.181405308525059,0,,0,1
S0_null,1500980,1.0482137322026464,0.6669672151870677,1.6473853637169082,0.8382480048633631,-0.5288946459412791,0.566114623805333,0.35623050099164777,40,0.7088326810853274,0.8919545230382828,False,0.02377202757451103,0.1187780556273689,True,0.7774079544512491,0.8067206965882786,0.27615264789076527,0.17499999999999993,0.30709826412016655,0.175,0.8382480048633631,0.6669672151870677,1.6473853637169082,0,1.084514377602692,0.722066649832702,0.6935568478712522,1.6958544044904191,0,,0,1
S0_null,1500981,1.3408201050278357,0.839388102436574,2.141796564459528,0.21971106810728225,1.144761904761904,0.5154567951230874,0.03256318093787373,40,0.2952773775482632,0.3424936099364495,True,0.27694871692336887,0.21149245946728423,False,0.30368316469401135,0.28867055236252215,0.1648523774241142,0.125,0.18325136952942586,0.125,0.21971106810728225,0.839388102436574,2.141796564459528,0,1.4986352128368774,0.08916184748088059,0.9399678306205431,2.389345069045545,0,,0,1
S0_null,1500982,0.9658959909656778,0.6061557295079445,1.5391342850473562,0.8839471099199714,0.6635188411112132,0.5652711772344563,0.24797315463786246,40,0.837146616667884,0.9891784089193649,True,0.4339825777634698,0.48031902744135924,False,0.6417935240545303,0.9566003960588657,0.0314778296355171,-0.025000000000000022,0.02319930679535069,-0.025,0.8839471099199714,0.6061557295079445,1.5391342850473562,0,0.9257178686871306,0.7682781073021159,0.5539663140019768,1.54694166548832,0,,0,1
S0_null,1500983,0.9416852270488097,0.5786606930835493,1.532454299110192,0.8089077213752836,-0.00947672023073709,0.6135175374923926,0.9877589312309167,40,0.37140617888925986,0.4720222734703742,True,0.2786297322064706,0.1464188443026396,True,0.6714048052110155,0.8174668310871376,0.2816498616410968,0.17500000000000004,0.24051773093342968,0.175,0.8089077213752836,0.5786606930835493,1.532454299110192,0,1.0115799553928821,0.9649529280760067,0.6052835448658401,1.6906027180690606,0,,0,1
S0_null,1500984,0.892800805338016,0.5401421132170707,1.4757102964342945,0.6583091935326724,-0.1499999999999988,0.6196766685878988,0.8100690224095011,40,0.4007115281925314,0.44782744986787526,False,0.9652339828099119,0.9242389590921973,True,0.04146026206493326,0.08470792446387419,0.5,0.25,0.5,0.25,0.6583091935326724,0.5401421132170707,1.4757102964342945,0,0.9472676114464359,0.833511299594442,0.5716073214260882,1.5698118167149189,0,,0,1
S0_null,1500985,0.8764297249018995,0.53884860280924,1.4255007040698369,0.5950957264797831,-1.6102362204724414,0.5925641111742047,0.00995004895768041,40,0.11598921836021123,0.3024709671066399,True,0.8085950195406805,0.8811091943129749,True,0.35920056972510817,0.3561893574411027,0.31854979312718024,-0.19999999999999996,0.31989262858668743,-0.2,0.5950957264797831,0.53884860280924,1.4255007040698369,0,0.8622024140746628,0.5516118484405647,0.5292073155416978,1.4047292639468478,0,,0,1
S0_null,1500986,0.959717716686491,0.6209991718426547,1.483187317285673,0.8531321102420075,0.6204308313699096,0.6027032073985807,0.30996806694066953,40,0.6948866023724733,0.7863049213007347,False,0.02058194314346461,0.0799772176222292,False,0.12594861128868268,0.15132206980422294,0.05877694495181925,0.07499999999999996,0.05494849062323593,0.075,0.8531321102420075,0.6209991718426547,1.483187317285673,0,1.0422731817149595,0.8593965412815311,0.6592154887761207,1.6479184785828962,0,,0,1
S0_null,1500987,0.7759493389837075,0.5026540117893143,1.197836608377891,0.25217267761024953,-1.1320088200882004,0.4562880455586763,0.017776245278507293,40,0.8372026536674979,0.8072836271556071,False,0.9256012879101239,0.8175853661098353,True,0.20514741819647542,0.11698406264206679,0.03642105382067912,0.0,0.04557867741325277,0.0,0.25217267761024953,0.5026540117893143,1.197836608377891,0,0.7368242637709964,0.1792471192517392,0.4718531867598431,1.150590927253805,0,,0,1
S0_null,1500988,1.102539028507284,0.6606696325458757,1.8399397361394196,0.7087072150394484,-0.40455686095585586,0.5535433238403279,0.46947418482799896,40,0.31414430829437323,0.30910526537208194,False,0.5133419229425481,0.44712028350475885,True,0.49745611039346915,0.6149608250795623,0.04294923204619876,0.025000000000000022,0.059747121331570494,0.025,0.7087072150394484,0.6606696325458757,1.8399397361394196,0,1.114550729376218,0.6963073834081004,0.6465248950687638,1.9213851436006006,0,,0,1
S0_null,1500989,1.0493604478294845,0.6427442931903637,1.713212176498878,0.8472365287270048,-0.6366637452527046,0.6033719216350454,0.2981863383600477,40,0.4849154398938481,0.6353730437115872,False,0.7762663919567887,0.6544354146865364,True,0.21114545623072556,0.17910225484527298,0.6881377954110708,-0.3,0.6909064822642392,-0.3,0.8472365287270048,0.6427442931903637,1.713212176498878,0,1.1850495294766616,0.5254708081826923,0.7016511655530991,2.0014822981243663,0,,0,1
S0_null,1500990,1.1200481169677377,0.7006349488357535,1.790529842120484,0.635755268987905,-0.33495544597283433,0.5307555794337668,0.5318600284066602,40,0.4937700183690844,0.7449396315960743,True,0.5891974450661692,0.4316707566492478,False,0.5991047503793507,0.37597486734267427,0.07135179124882049,-0.07500000000000007,0.024630214771563675,-0.075,0.635755268987905,0.7006349488357535,1.790529842120484,0,0.9838607642333136,0.9507353846511699,0.5871731911141446,1.648545979357541,0,,0,1
S0_null,1500991,0.7187443557932611,0.4615346983971388,1.1192949322743109,0.14393526163864867,-0.2999999999999996,0.5170304563694873,0.565272275348132,40,0.6676045497183721,0.9028303564965167,False,0.17668830079885178,0.20618340039679384,True,0.639516382715984,0.9891692096223782,0.08272033021578641,-0.10000000000000009,0.07502426537113577,-0.1,0.14393526163864867,0.4615346983971388,1.1192949322743109,0,0.7070580088226533,0.12276063945690442,0.45526497663445303,1.0981100095509129,0,,0,1
S0_null,1500992,0.9116950938671416,0.589651384134789,1.4096260375968426,0.6775510721715869,-0.16012149141181298,0.6087253412791026,0.7939760317676472,40,0.1904227686946166,0.3487734098523615,False,0.626995465496448,0.5060453181651394,False,0.24343650973688302,0.4218629196208431,0.3020540132387302,0.19999999999999996,0.31989262858668743,0.2,0.6775510721715869,0.589651384134789,1.4096260375968426,0,1.0387057430520972,0.8808784926909611,0.6321010311083767,1.7068626177646995,0,,0,1
S0_null,1500993,1.1686223317940243,0.7108837809257604,1.9210990474268876,0.5389357211875364,0.3000000000000016,0.43374401487386144,0.4934732671116309,40,0.036463299930088,0.050871969022052876,True,0.11160594143962078,0.15450221158756303,True,0.2653479075622712,0.18607991549875957,0.05681897983403028,-0.07500000000000007,0.05494849062323593,-0.075,0.5389357211875364,0.7108837809257604,1.9210990474268876,0,1.1955235957107415,0.5200468842306607,0.6938238474922659,2.0599993399867578,0,,0,1
S0_null,1500994,1.1531640891773063,0.7317175502744031,1.8173507196450867,0.5391815559419825,-0.2717837837837853,0.49301249120755974,0.5847614786971058,40,0.17071841979682512,0.23762188482775115,False,0.4549977159221147,0.6939625476289151,False,0.7777386006515914,0.5220245698599657,0.08334184191988608,-0.09999999999999998,0.06198396713929165,-0.1,0.5391815559419825,0.7317175502744031,1.8173507196450867,0,1.1508173643639297,0.5473669281359015,0.7282641793890746,1.818544209098045,0,,0,1
S0_null,1500995,0.534811834904757,0.32070779623873885,0.8918514052626069,0.016456348059811162,-1.0120210105052512,0.4263956135402273,0.022928483134453958,40,0.5134755151699562,0.540349065489435,False,0.18378088517307944,0.2963134480486582,True,0.5059481147108931,0.4875443112520832,0.585734760056964,-0.275,0.6052860683484511,-0.275,0.016456348059811162,0.32070779623873885,0.8918514052626069,0,0.5563521476156966,0.035887086843280125,0.32171936353232666,0.9621047013090224,0,,0,1
S0_null,1500996,0.9361708652600773,,,,0.3,0.43659876599617436,0.49628558013653956,40,0.5064345860483808,0.38597171566065647,False,0.7271958949081071,0.8703193859136505,True,0.7929942553975983,0.9134435966526583,0.2131410430679816,0.15000000000000002,0.2278018352655363,0.15,0.8200189257679568,0.5228895185075976,1.6761014668322667,1,1.0063899387272621,0.9836127401527528,0.5396264597128051,1.876892228951294,1,0.0,0,1
S0_null,1500997,1.4651531779619242,0.8582756321135351,2.5011473640532738,0.16155713627507273,-0.515947768382742,0.5829459269637735,0.38183491984675894,40,0.4810179611405351,0.39987948764033154,False,0.824746661468171,0.8387690750611823,False,0.9514223081718065,0.7963264988386338,0.03686494460255542,-0.024999999999999967,0.029131773706320103,-0.025,0.16155713627507273,0.8582756321135351,2.5011473640532738,0,1.5485697507865057,0.1098699611233797,0.9059244995686945,2.6470950660818717,0,,0,1
S0_null,1500998,1.063081722491787,0.6519581600763641,1.7334590130196867,0.8062935048079067,0.4606616003576237,0.5140887196265377,0.3760063157292967,40,0.20649581331284206,0.30910526537208194,True,0.7506587354833018,0.8487842669310383,True,0.29306697515295954,0.3688346197389428,0.020333452232662894,0.0,0.01656628160682895,0.0,0.8062935048079067,0.6519581600763641,1.7334590130196867,0,1.114285425060757,0.6628696376144211,0.6850304963603115,1.8125207784176658,0,,0,1
S0_null,1500999,1.5269497678542285,0.9476121934661565,2.4604744531850025,0.08205230978868988,-0.18229990509332494,0.5442985153073369,0.7395720941349907,40,0.7779582148499722,0.7348008290262104,True,0.6948613258057862,0.9028212311359338,False,0.7265398377140817,0.7443927512648273,0.08404791792365765,-0.07499999999999996,0.10058623154071403,-0.075,0.08205230978868988,0.9476121934661565,2.4604744531850025,0,1.4295268286643101,0.1689147816540495,0.8591900150060585,2.378457521828428,0,,0,1
S0_null,1501000,0.8436530036070788,0.5509871767513425,1.2917730584798255,0.4341234467622308,-0.5103296703296696,0.5721873500532852,0.37821432735551475,40,0.716888518548254,0.9459165472080986,False,0.7937160633795738,0.6736548343730094,True,0.2201004580047068,0.20609742072787174,0.021606031593733876,0.0,0.02575178272878667,0.0,0.4341234467622308,0.5509871767513425,1.2917730584798255,0,0.7963748850888491,0.3348795487835885,0.5013524598730353,1.2650041804140912,0,,0,1
S0_null,1501001,1.3780955674004176,0.8710880066956865,2.18020151613928,0.1706010830576533,0.0077074321667311985,0.46293865367675474,0.9868061464893054,40,0.1309265043897365,0.18361640160685477,False,0.431916321723703,0.5507456678450612,True,0.7933104244659637,0.8387390575789817,0.20318102944440758,-0.15000000000000002,0.2278018352655363,-0.15,0.1706010830576533,0.8710880066956865,2.18020151613928,0,1.3072213385314841,0.2566352386876082,0.8228542251328916,2.076707605938425,0,,0,1
S0_null,1501002,0.8630027361260674,0.5351191057271477,1.3917905651098765,0.545694511720699,-0.35396428165169136,0.4442908439378062,0.43071088401604274,40,0.793486247766319,0.6937291036056662,False,0.17277059821742557,0.3783011173152999,True,0.39479797564715313,0.2955833346058112,0.08657804614804585,0.07499999999999996,0.03460576199081596,0.075,0.545694511720699,0.5351191057271477,1.3917905651098765,0,0.8748923684945797,0.6207534492616789,0.5152544331970365,1.4855508407772355,0,,0,1
S0_null,1501003,0.6496383920003534,0.4421879524318995,0.9544132490262743,0.027971133873441478,0.5195380241648913,0.5337209058437132,0.33666273632089794,40,0.07759137814689553,0.044892364370302924,True,0.3863959510312718,0.2542805227319951,False,0.4213249580048759,0.2769634141627969,0.33273124427732875,-0.2,0.231943448223008,-0.2,0.027971133873441478,0.4421879524318995,0.9544132490262743,0,0.49776244682685183,0.0018683305119685646,0.3207052310215242,0.7725706646001839,0,,0,1
S0_null,1501004,0.9828334819278534,0.6206519361129456,1.556366132116026,0.9411447672679697,-0.5856394913986495,0.5805249841390087,0.3196177795224534,40,0.3043331658555145,0.21112503034983343,True,0.1770504681159183,0.17895851995757694,True,0.8272593465627113,0.8277261467666087,0.05588422181992767,0.07499999999999996,0.04481321300021269,0.075,0.9411447672679697,0.6206519361129456,1.556366132116026,0,1.1470466154694159,0.5812208920057897,0.7044926125219682,1.8676078565959613,0,,0,1
S0_null,1501005,1.080562899544918,0.7268746921934882,1.6063514006099284,0.7017028526708198,0.2732339207712007,0.5351247238612417,0.6126652550874192,40,0.1906026068749873,0.31576012752811866,False,0.21743567534433172,0.16254723503052115,False,0.6462568382301558,0.6536401064680921,0.08944926676915568,0.07500000000000001,0.10058623154071403,0.075,0.7017028526708198,0.7268746921934882,1.6063514006099284,0,1.1080755977123657,0.677152245386299,0.6835346235427257,1.7962974924105928,0,,0,1
S0_null,1501006,1.0307368997673987,0.6766386206341876,1.5701417627423395,0.8878884211922392,-0.5863517915309431,0.4800389922763443,0.22963515402787188,40,0.4808400720317739,0.55957808051319,True,0.47785692745000774,0.4155196644642203,False,0.6483036451746864,0.902564672622775,0.03143978653619887,-0.025000000000000022,0.03523306392910041,-0.025,0.8878884211922392,0.6766386206341876,1.5701417627423395,0,0.9456002310492225,0.8021570612833648,0.6104939558685268,1.46464971252378,0,,0,1
S0_null,1501007,1.0514005232866153,0.6974970709847105,1.5848712580351467,0.8108058297497557,-0.2128950403690872,0.4582121207743994,0.6449253911218861,40,0.9518370873078706,0.7859799805317279,False,0.3407688674737981,0.41545359038411367,False,0.38210907359167035,0.6635546947788344,0.04083896125258583,0.07499999999999996,0.015385690519042126,0.075,0.8108058297497557,0.6974970709847105,1.5848712580351467,0,0.9632170218205025,0.8658207731733382,0.6236371692961257,1.4877032300238207,0,,0,1
S0_null,1501008,1.362942684224207,0.8391712793244305,2.213627666065676,0.2108013294961616,-0.03280539174389305,0.6165068216757527,0.9578494840971744,40,0.6049138663321312,0.6249610733572561,False,0.8879226750631726,0.9891727899137741,False,0.7424426343395258,0.8597324901056504,0.12025177404773903,0.09999999999999998,0.07502426537113577,0.1,0.2108013294961616,0.8391712793244305,2.213627666065676,0,1.564733767413134,0.11164440076506835,0.9013316163196196,2.7164161542233978,0,,0,1
S0_null,1501009,1.2067282602948726,0.804224593681813,1.8106796355576567,0.3640795052450886,0.031477967531095385,0.5185722817156903,0.9519238650103286,40,0.027633101028727666,0.03416921673300666,False,0.7019221350391329,0.9348450024727288,True,0.33535919796605385,0.13771351076513355,0.032813824187274736,0.0,0.012415162210221016,0.0,0.3640795052450886,0.804224593681813,1.8106796355576567,0,1.2788337991272665,0.27612407201269884,0.8214550383453394,1.9908769311154306,0,,0,1
S0_null,1501010,1.29392674413303,0.7808754419818539,2.144063353988292,0.3172861576205235,-0.19648253296121476,0.5494643673924889,0.7226825568545359,40,0.7227745822560927,0.8280949566815112,True,0.9850773606881666,0.8707201004342322,True,0.06653851267762269,0.1409824109371546,0.41156612726824887,-0.22499999999999998,0.41261191108917944,-0.225,0.3172861576205235,0.7808754419818539,2.144063353988292,0,1.3243596102468873,0.3356278588854186,0.7475663936487282,2.3461840876670483,0,,0,1
S0_null,1501011,1.30183353352262,0.7756780677102983,2.18488909194859,0.31806297270923534,0.11498491911159969,0.4783535746770902,0.8113653568539273,40,0.9850968966403241,0.9243281597968278,False,0.32343005326661545,0.34183264781487355,False,0.1828015427675067,0.47000267265639917,0.15880764292463925,0.125,0.11722504994521371,0.125,0.31806297270923534,0.7756780677102983,2.18488909194859,0,1.1621306333859447,0.6549756862231612,0.591764156779196,2.2822396280380746,1,0.0,0,1
S0_null,1501012,0.7894963357854766,,,,-0.584035446489434,0.5024732967598569,0.2525475378960541,40,0.8788079856827672,0.9783322249133274,False,0.7366543861759112,0.4385509238442088,False,0.6939535458954018,0.9674664094359329,0.08393441151597987,0.07499999999999996,0.09226046032336352,0.075,0.40681929294916946,0.4464288231605811,1.3962012125603516,1,0.8046405657648324,0.48378455791917085,0.43204064892570987,1.498577603020125,1,0.0,0,1
S0_null,1501013,1.2111639968661725,,,,0.6384892086330927,0.41194291073269884,0.129666801474672,40,0.5381228230942857,0.5964813770760586,False,0.910770787867792,1.0,True,0.5040481036381907,0.7646159909706105,0.058046149327576645,0.04999999999999993,0.06323483829154,0.05,0.4418404019240001,0.7355486422707596,1.994318448846869,1,1.195471633494603,0.4988095929899005,0.7043999700481193,2.0288933663535302,1,0.0,0,1
S0_null,1501014,1.191274191146251,0.7327554446222515,1.9367091829972594,0.4802557114873204,-0.5065684749794152,0.5098206233134781,0.32686140190723895,40,0.07396401547262924,0.07284125726523877,False,0.07773222851881732,0.030841837200243624,True,0.4195417702119786,0.557505898292114,0.05353465885358352,-0.050000000000000044,0.024706122142071858,-0.05,0.4802557114873204,0.7327554446222515,1.9367091829972594,0,1.233385995535466,0.39763838653006023,0.7585911494181335,2.0053503328503877,0,,0,1
S0_null,1501015,0.8096147233405648,0.5050295724039963,1.2978962739343787,0.3804343688509082,-0.8072057646116886,0.4645305912151941,0.0905853019090655,40,0.5252921513260214,0.4071024831726555,True,0.1926736091936998,0.09989726624259729,True,0.9649922115619496,0.7233387830099824,0.03142941182963724,0.025000000000000022,0.0352330639291004,0.025,0.3804343688509082,0.5050295724039963,1.2978962739343787,0,0.7667460695412349,0.29075073754053027,0.4684446454704546,1.2550032129548845,0,,0,1
S0_null,1501016,1.4846525817721559,0.8378793117045391,2.6306811228918265,0.17575412872521468,-0.633489200623465,0.5587409859950049,0.2641798219125065,40,0.07990387916718375,0.14697143989003442,True,0.983940273080858,0.9566003960588657,True,0.0972482092348531,0.12778419200740204,0.038125643215939795,0.050000000000000044,0.024706122142071883,0.05,0.17575412872521468,0.8378793117045391,2.6306811228918265,0,1.526075830706525,0.1744147322277716,0.8291934501088806,2.8086418685058403,0,,0,1
S0_null,1501017,0.8355795229995373,0.5269470321078968,1.3249778378354609,0.44506842714375205,-1.0031865828092235,0.43542245552431036,0.026943167911296383,40,0.5728969672181214,0.6939076675958554,True,0.4323832296501422,0.5147846105434957,False,0.7787290045873427,0.8490606070566582,0.26641342664328604,-0.175,0.25269124788734765,-0.175,0.44506842714375205,0.5269470321078968,1.3249778378354609,0,0.7423864999199078,0.22772143097809205,0.45753507852053293,1.2045802412472244,0,,0,1
S0_null,1501018,1.2870951161422945,0.8317002386503315,1.991840041654516,0.2572885142851382,0.236109839816933,0.5174353963252388,0.650835928474629,40,0.15661088556655367,0.13498966755622405,False,0.28564889726789056,0.3703317491749476,False,0.8442269015561163,0.4883284119249972,0.040934007120836224,-0.04999999999999993,0.0847078824846931,-0.05,0.2572885142851382,0.8317002386503315,1.991840041654516,0,1.3615468270086482,0.18410110092061704,0.8634789688509176,2.1469078333248715,0,,0,1
S0_null,1501019,0.8962556891877245,0.5660060807030846,1.4191972273576057,0.6404516492698473,0.6267497182922244,0.6052109464219718,0.30711521180082996,40,0.5860915647947087,0.5419747299429558,False,0.31616427042102624,0.20151797897879153,True,0.8396019874808608,1.0,0.07496732160761845,-0.07499999999999996,0.05494849062323593,-0.075,0.6404516492698473,0.5660060807030846,1.4191972273576057,0,1.041158236696506,0.8702021449394408,0.6418118140178558,1.688984917642571,0,,0,1
S0_null,1501020,0.8610967362687337,0.5472000391932914,1.3550576317680858,0.5179679681709273,-0.7642514970059924,0.4433242908287674,0.09307146797313823,40,0.26586034307987216,0.22226724392995545,True,0.793527160003021,0.967537065583182,False,0.8369218886580945,0.8598507258698027,0.0580222578593697,-0.04999999999999993,0.040102433856149304,-0.05,0.5179679681709273,0.5472000391932914,1.3550576317680858,0,0.8702068851160436,0.5768132960109127,0.5340293072813843,1.4180121064111575,0,,0,1
S0_null,1501021,1.1414993119052688,0.7132403319572633,1.826902687211297,0.5812507555168236,-0.13179518563851564,0.5054406017686912,0.7957287750648079,40,0.0759229028157116,0.09753794997892128,False,0.8372306504854534,0.9136712337513314,False,0.8366255164765408,0.7036083708935676,0.049041929639187375,0.025000000000000022,0.05370801749285708,0.025,0.5812507555168236,0.7132403319572633,1.826902687211297,0,1.075740468474167,0.7612403239422644,0.6717102858072242,1.7227926681550516,0,,0,1
S0_null,1501022,1.0277543032023226,0.6902839191945124,1.5302093506443792,0.8927660231832928,-0.5381055990716563,0.5881813278890381,0.3661873071669526,40,0.18400308768883145,0.20749176323576368,True,0.6470414118723063,0.7651566171446633,True,0.024853212951609176,0.009016565135262725,0.5,0.25,0.5,0.25,0.8927660231832928,0.6902839191945124,1.5302093506443792,0,1.0134120054031337,0.9524079029912387,0.6542980997906015,1.5696268918156395,0,,0,1
S0_null,1501023,1.3144293972917096,0.8226342117506709,2.100234363931726,0.25286441602076115,-0.9419325961032132,0.6098249253884374,0.13095526789915435,40,0.365081876508742,0.4159376262330221,False,0.6538769648850811,0.6444245858352258,False,0.5700056621108627,0.5135091117899642,0.12990775414233097,-0.125,0.06754405692028337,-0.125,0.25286441602076115,0.8226342117506709,2.100234363931726,0,1.4137913288097836,0.18020419667136134,0.8520077625708602,2.3459949653351853,0,,0,1
S0_null,1501024,0.9355831110883444,0.6139954040584173,1.4256063676829493,0.7566725501973567,-0.31011730205278565,0.5366078775154279,0.5668179025156663,40,0.872105197346406,0.9351217374596585,True,0.808976294576234,0.7341617650329856,True,0.1344371447071746,0.1487620945794557,0.036880102732542046,-0.025000000000000022,0.029131773706320103,-0.025,0.7566725501973567,0.6139954040584173,1.4256063676829493,0,0.9995397334124282,0.9983762293935768,0.6415701199704921,1.5572415977167686,0,,0,1
S0_null,1501025,1.0350517802054164,0.6186807376599468,1.7316397981914404,0.895608161985478,-0.013830133420110524,0.5060132935682115,0.9783421714825763,40,0.3757380396273473,0.4006799524015512,False,0.2468562486893452,0.15354869751622696,True,0.7759509817922807,0.8706111831755451,0.04051248025163627,-0.025000000000000022,0.0352330639291004,-0.025,0.895608161985478,0.6186807376599468,1.7316397981914404,0,1.0417738447095588,0.8755139747843014,0.6243222025988372,1.7383535921087512,0,,0,1
S0_null,1501026,0.8509760529561308,0.5238201106462803,1.3824597948546473,0.5145231378184193,1.171574618096355,0.5667241898536868,0.04575661397223569,40,0.4589241989113886,0.43212604245489095,True,0.3157618034593912,0.15434668186551154,False,0.6864507202503982,0.5058242047229764,0.03528039009188203,-0.04999999999999993,0.047919065615694055,-0.05,0.5145231378184193,0.5238201106462803,1.3824597948546473,0,0.8139019590762904,0.4375686456055289,0.48393887626277743,1.3688431152791338,0,,0,1
S0_null,1501027,0.7778792371519283,0.464448562029033,1.3028269588102221,0.33977530333962724,0.5787252005065424,0.5023585065614394,0.2567038262118665,40,0.3440128778025603,0.4478702227927336,False,0.0378822224976828,0.05743008607066275,True,0.14897491976279165,0.28967521822535647,0.28392933142019633,0.17499999999999993,0.3014567018742099,0.175,0.33977530333962724,0.464448562029033,1.3028269588102221,0,0.8518885371644346,0.5772988163361841,0.48479899959551476,1.4969380719796235,0,,0,1
S0_null,1501028,1.3369608935947972,0.8361254356907416,2.1377945876328175,0.22527731016458297,0.7381791483113083,0.49525439081564304,0.14456801518638537,40,0.8561962646406936,0.9783537037811987,False,0.4776648597955915,0.7549850674188086,False,0.2400384567875129,0.20499917582009608,0.4252282245054935,0.22500000000000003,0.4265311862876639,0.225,0.22527731016458297,0.8361254356907416,2.1377945876328175,0,1.264127061042902,0.3461761783578826,0.7762613712663624,2.0586071722904653,0,,0,1
S0_null,1501029,0.9158436219062493,0.6031320212713751,1.3906897830068259,0.6799825131432443,-0.06560232220609574,0.6064060798797573,0.9144357343448365,40,0.2950327250475929,0.39241121888758335,False,0.9652463523653436,0.5506329151296494,True,0.7933633650125864,0.8387015121406873,0.03762187470509962,0.025000000000000022,0.029131773706320103,0.025,0.6799825131432443,0.6031320212713751,1.3906897830068259,0,0.9292176360646638,0.7585796040738341,0.5818363165115495,1.484000552510136,0,,0,1
S0_null,1501030,0.9252283827478919,0.5917860795995294,1.4465489976066683,0.7332271812709534,0.6239684921230306,0.5175079269195976,0.23558050878597295,40,0.6811122490831447,0.8067924533225169,True,0.15295360050058024,0.17936904046788416,False,0.39323708964869075,0.30146483804417556,0.02021308751541064,0.0,0.030615155837911714,0.0,0.7332271812709534,0.5917860795995294,1.4465489976066683,0,0.8894255249643566,0.6441037736212084,0.5410036656355315,1.462241043281696,0,,0,1
S0_null,1501031,1.1560368861814363,0.712184849332497,1.8765090038978594,0.5574278428387153,-0.9253031596925708,0.5604690150425157,0.1072140879205869,40,0.011881457097298497,0.023318803130692362,False,0.0118557117014536,0.02795085663261353,True,0.9195792320558118,0.9675064021321034,0.14921113660555044,-0.125,0.15457597185817973,-0.125,0.5574278428387153,0.712184849332497,1.8765090038978594,0,1.2227365447778002,0.4451551361849073,0.7297053647325122,2.0488881268992816,0,,0,1
S0_null,1501032,0.8720651553486676,0.5652915971037576,1.3453191929079895,0.535990350472042,1.0782065754197834,0.5109431528607297,0.041660908162180675,40,0.31299894629002134,0.3090596324774443,True,0.7365436849858136,0.9136914712657495,False,0.49249641171676817,0.6625326628429875,0.06358822596273746,-0.04999999999999993,0.06323483829154,-0.05,0.535990350472042,0.5652915971037576,1.3453191929079895,0,0.8824062807433227,0.6004921498592224,0.5524955689757557,1.4093159982056462,0,,0,1
S0_null,1501033,0.7788519896341237,0.4907905107779549,1.2359864513180816,0.2887996805783707,0.5718736383442254,0.562365551194496,0.31580128120625844,40,0.7627221588367212,0.9783771551225394,False,0.8869743120400594,0.9350574814309178,True,0.05724432179550585,0.09615868483718899,0.056123658042937445,0.04999999999999993,0.07061977533748845,0.05,0.2887996805783707,0.4907905107779549,1.2359864513180816,0,0.7149190644009383,0.18273708441715286,0.4363794445112842,1.1712496431089263,0,,0,1
S0_null,1501034,1.0041799944160887,0.5875843507486385,1.716140771790003,0.9878282875440919,-0.9011111111111101,0.6018822632178066,0.14283580936664314,40,0.152620675701799,0.1219123328313907,False,0.6161147887153238,0.5149235158856115,True,0.4642772440299471,0.6327188452267885,0.09942248238625276,-0.09999999999999998,0.12922584838072262,-0.1,0.9878282875440919,0.5875843507486385,1.716140771790003,0,1.0177960079514252,0.9514566030737769,0.5767961307205521,1.795970289377232,0,,0,1
S0_null,1501035,0.830332219477082,0.5067237451381742,1.360606447431699,0.4605805264198911,0.08966903073286092,0.6489538257052914,0.8908515798914947,40,0.25132607058989065,0.10678530494094497,True,0.9433524404365607,1.0,False,0.7788423433329366,0.5322024907091787,0.08681469146630375,0.125,0.08565825367350988,0.125,0.4605805264198911,0.5067237451381742,1.360606447431699,0,0.8314437537200413,0.4826633411488209,0.496611343052247,1.3920316667582504,0,,0,1
S0_null,1501036,1.2313580580121737,0.7822118760070906,1.9384040482373952,0.36867107439558267,-0.5844899135446682,0.44286090677437573,0.1950082774822802,40,0.422772867833933,0.5596707420506504,True,0.25550882029402855,0.2223326507859108,False,0.3258213111457894,0.3537696506792357,0.17149065320422133,0.125,0.1308595450857383,0.125,0.36867107439558267,0.7822118760070906,1.9384040482373952,0,1.4600962336371683,0.1152533765690464,0.9116399399823638,2.3385120791468257,0,,0,1
S0_null,1501037,0.750263993551673,0.4778695216078427,1.1779283561047822,0.21186902041163336,0.3098207561379751,0.4478154835848029,0.49335099926103754,40,0.058037369675659686,0.026890017821554268,True,0.8683513092058257,0.9891850382970008,False,0.6394281915827332,0.5212305921818534,0.07689941116553974,-0.09999999999999998,0.08733606889123373,-0.1,0.21186902041163336,0.4778695216078427,1.1779283561047822,0,0.7639419130796483,0.2642811786569662,0.47615330397514893,1.225670895670719,0,,0,1
S0_null,1501038,0.7851715089302876,0.5244297828870775,1.1755516535349233,0.24018868946712013,-0.2179390083812973,0.43573535138143765,0.6199217451639263,40,0.9107940274245708,0.8707321853811659,True,0.6269352665165208,0.7755795869014038,False,0.49805275661296566,0.773677313964721,0.04279509941283224,0.04999999999999993,0.04010243385614931,0.05,0.24018868946712013,0.5244297828870775,1.1755516535349233,0,0.814957313257413,0.36024879836911305,0.5257263880737287,1.263310036357922,0,,0,1
S0_null,1501039,1.4330486193750995,0.9290442740600877,2.2104741429793866,0.10370945487623835,-0.2999999999999994,0.41664485481078917,0.47602603316579334,40,0.562514572296267,0.7043275671787341,False,0.2663718125548853,0.3088998507035282,False,0.6299457787772544,1.0,0.335762799399553,0.19999999999999996,0.32904785026129135,0.2,0.10370945487623835,0.9290442740600877,2.2104741429793866,0,1.5141940484839984,0.0930000452250841,0.933138541520353,2.4570666781470116,0,,0,1
S0_null,1501040,0.9402732381157561,0.6161902618282361,1.4348064503543507,0.775175153016151,0.23579278763594833,0.5902245943825635,0.6918240481514263,40,0.809147126703901,0.7549626735109539,False,0.6405987916361712,0.43900573106468566,False,0.37901831988077994,0.37670028491240826,0.014548159703345567,0.0,0.012415162210221016,0.0,0.775175153016151,0.6161902618282361,1.4348064503543507,0,0.979025932784939,0.9301596766550332,0.6094339266544687,1.5727574969892621,0,,0,1
S0_null,1501041,0.9594458543678561,0.594443894037041,1.5485672520110112,0.8654088473279375,-0.6151724137931016,0.4655947745312067,0.19452703186531586,40,0.759453572993533,0.9674417250261713,True,0.16464378277059788,0.11212768382581809,True,0.9621695625572055,0.8376394757259975,0.028442332104092746,-0.025000000000000022,0.0414069212922549,-0.025,0.8654088473279375,0.594443894037041,1.5485672520110112,0,0.9708876380051713,0.909029286430756,0.5848940341343793,1.6116129599890792,0,,0,1
S0_null,1501042,1.5638498133763907,0.9538918719038937,2.5638401068625245,0.07625999438716317,-1.2526384763236065,0.49206636333465364,0.015205613170245536,40,0.7171355841257319,0.9243424026914971,True,0.4486773310299753,0.6843363024691491,False,0.34703593936942456,0.36034242937328864,0.11004944420947385,0.09999999999999998,0.10968809608557809,0.1,0.07625999438716317,0.9538918719038937,2.5638401068625245,0,1.7915786657012516,0.040477294831695924,1.0256179362685784,3.129580716064369,0,,0,1
S0_null,1501043,0.9858823654907705,0.639174693745237,1.5206547569811695,0.9487272526253988,-0.21669841269840995,0.5413972236571922,0.6912683964260097,40,0.6718143212349464,0.7756827225986668,False,0.2541047150659588,0.0573476666419442,False,0.3413571193180409,0.3584751866113558,0.02862478226935875,-0.025000000000000022,0.012390771509656994,-0.025,0.9487272526253988,0.639174693745237,1.5206547569811695,0,0.9409078392373688,0.7890756303404314,0.6021927350134121,1.4701398912071173,0,,0,1
S0_null,1501044,0.9226895847294551,,,,-0.7422850122850121,0.5298280179423864,0.16954820877086457,40,0.7508690396679506,0.7450786992937737,True,0.6577167033555883,0.6937840796157595,True,0.6260591017726014,0.7235151591643199,0.13395044041958828,0.125,0.08565825367350988,0.125,0.7704627414006406,0.5302546325915486,1.6055608333063027,1,0.889450482501016,0.7122318979415798,0.47005813466535656,1.6830304646988086,1,0.0,0,1
S0_null,1501045,0.7442332102590371,0.46431736871934687,1.192897592394961,0.2197481808464855,0.1415297450424955,0.4561609132777205,0.7581021114474805,40,0.1399981575377498,0.1039208252989834,False,0.26238944718838375,0.3636236526429977,False,0.3037787498972545,0.39842626963240635,0.04374980260016889,-0.025000000000000022,0.06567411311702892,-0.025,0.2197481808464855,0.46431736871934687,1.192897592394961,0,0.6866712089699002,0.1444800196405171,0.4144670695628607,1.137647315926678,0,,0,1
S0_null,1501046,1.3428338392554762,0.8231376679344957,2.190645368440481,0.2377939075629094,-0.7097955010224928,0.5090038663449008,0.1714899350711262,40,0.6290581897124387,0.7860588901186871,True,0.8518224937940174,0.77577542329028,True,0.4194324996066613,0.2478197071904653,0.28392933142019644,0.17499999999999993,0.2726804591866725,0.175,0.2377939075629094,0.8231376679344957,2.190645368440481,0,1.3632059720047625,0.2356206782701793,0.8169362578889284,2.274755838248166,0,,0,1
S0_null,1501047,1.307852342079278,0.8918978420170697,1.9177955905958077,0.1693816068378703,-0.5078070175438598,0.5750537117499861,0.3829054873769936,40,0.5377600262062954,0.6938252922223862,False,0.09450802530779669,0.10113457421257703,True,0.634226796313164,0.6728662028600153,0.3342489196422605,0.19999999999999996,0.30909351773576077,0.2,0.1693816068378703,0.8918978420170697,1.9177955905958077,0,1.377639150495046,0.16529828709875194,0.8761740848587091,2.166110207748,0,,0,1
S0_null,1501048,0.8003958032995352,0.48721114839997215,1.3148989797203599,0.3793569725043494,0.3460950764006787,0.5289164441612028,0.516935041280338,40,0.25964205610745295,0.3083970035657573,False,0.8401821823118045,0.3288121402687084,False,0.060624090213199346,0.04997822306052878,0.10611248154454349,-0.09999999999999998,0.08733606889123373,-0.1,0.3793569725043494,0.48721114839997215,1.3148989797203599,0,0.6769005483692764,0.1654125855062062,0.38999296399495764,1.1748785098301189,0,,0,1
S0_null,1501049,0.7237190182071935,0.4610018825530747,1.1361541831762108,0.15995413430798533,-0.2710112359550578,0.4773675820350636,0.5736540308735988,40,0.8443550144206554,0.9783588083895123,True,0.21094491764015133,0.221896340986798,True,0.6396632245716887,0.8174498786445251,0.07318365071006994,-0.07499999999999996,0.03460576199081596,-0.075,0.15995413430798533,0.4610018825530747,1.1361541831762108,0,0.6472151625450586,0.07646184226660192,0.3999508746183351,1.047347294909562,0,,0,1
S0_null,1501050,0.830454646425201,0.5274321172275236,1.3075709598315988,0.42248220394331126,-0.6352891052951932,0.597747604188828,0.29475814482385615,40,0.9358131242995446,0.9242960838508898,False,0.5501529499651694,0.4720431913207114,False,0.1713732777041046,0.346644127008477,0.06521663906258922,0.050000000000000044,0.09139198887083037,0.05,0.42248220394331126,0.5274321172275236,1.3075709598315988,0,0.8826333953682783,0.5860188728800799,0.5631888740839042,1.3832689999186198,0,,0,1
S0_null,1501051,1.5879314452878939,1.0170394518530737,2.4792806909700604,0.04192226625214898,0.16353798838136413,0.5894970926205113,0.7830021945888587,40,0.4113017109886036,0.39252303323686866,False,0.1302725814406582,0.3153949622406065,True,0.726445728610078,0.7946857646113077,0.031502040927463615,0.025000000000000022,0.007884793234706604,0.025,0.04192226625214898,1.0170394518530737,2.4792806909700604,0,1.5377129946877361,0.07645238096948587,0.95529316578199,2.475220527821874,0,,0,1
S0_null,1501052,2.0178531701860467,1.2689324857671083,3.20878491338205,0.0030136583367060383,-0.3898705934850517,0.42198588709320467,0.3615274097710189,40,0.6008610323549664,0.5685634020903749,False,0.30417165436284266,0.1285063278022949,False,0.6612318099515014,0.6826350452953553,0.023206366893013666,0.0,0.012415162210221016,0.0,0.0030136583367060383,1.2689324857671083,3.20878491338205,0,2.2447407770778547,0.0015703495726643324,1.3597274535943777,3.705787614242906,0,,0,1
S0_null,1501053,1.3674997139408325,0.8879254196135273,2.1060952038541783,0.15546735630863798,0.700000000000002,0.5742108543052598,0.23053489755510329,40,0.025326520788925142,0.02421276705428381,False,0.808053727872876,0.8281269152930719,True,0.6254817134398787,0.5388420553380135,0.5908556867391317,0.275,0.6142330516284654,0.275,0.15546735630863798,0.8879254196135273,2.1060952038541783,0,1.3465265762064662,0.20398949393087473,0.8508288568484573,2.1310205993086684,0,,0,1
S0_null,1501054,1.099677945116905,0.7315278492150802,1.653103958070896,0.6477762532993583,-0.31714667175281264,0.5881361949178879,0.5929514452217386,40,0.7508900408448551,0.7759399412185226,True,0.930566826299238,0.6543439273335907,False,0.710889552159734,0.8061528048229025,0.356087883712354,-0.20000000000000007,0.34382774874259053,-0.2,0.6477762532993583,0.7315278492150802,1.653103958070896,0,0.9843976799625883,0.9466519881775272,0.6210472931152269,1.5603301118260158,0,,0,1
S0_null,1501055,1.0685171213751263,0.6918707200776474,1.6502054582446448,0.7650513261495573,0.03453758542141372,0.6046592240807122,0.9547576859854295,40,0.6949897499379625,0.45553076718128893,False,0.6434512436957017,0.5782362046079392,False,0.33271496556199565,0.3986056813275356,0.025751088260463174,0.0,0.01656628160682895,0.0,0.7650513261495573,0.6918707200776474,1.6502054582446448,0,1.0695899860498632,0.78314631816697,0.6624431777626534,1.7269748963556208,0,,0,1
S0_null,1501056,1.0803464147493278,0.673420471485553,1.7331643828513543,0.7486220039217923,-0.793422144371716,0.5866056012348845,0.1844033920462148,40,0.9305750404571272,0.9567008757444965,True,0.7226818776960366,0.7345361168155662,False,0.015241232641917311,0.051934344358454725,0.030823552606476408,0.025000000000000022,0.017563739731861296,0.025,0.7486220039217923,0.673420471485553,1.7331643828513543,0,1.1637880446924596,0.5554202371857084,0.7029355933703894,1.926780526897347,0,,0,1
S0_null,1501057,1.1010250455160397,0.7233575431649616,1.675874071278113,0.6534175621003965,0.6150292831807287,0.5151932564542752,0.24016059918183266,40,0.45255683361931076,0.3203291328486799,True,0.7367207399846993,0.5782182839605916,False,0.8957189496949839,0.7961282820928202,0.05047550815200871,-0.050000000000000044,0.024706122142071883,-0.05,0.6534175621003965,0.7233575431649616,1.675874071278113,0,1.2290013924929886,0.3638016306629652,0.7875531913814,1.9178951203287296,0,,0,1
S0_null,1501058,0.9446400340856312,0.6129180880812687,1.455895675702401,0.7963733018136456,-0.7835897682469463,0.5538497598306801,0.16548674457700296,40,0.1970151232357138,0.260180847546541,True,0.9057415169718909,0.713835169975263,True,0.7468557883778122,0.9026473593399189,0.028557744658745016,0.025000000000000022,0.029131773706320103,0.025,0.7963733018136456,0.6129180880812687,1.455895675702401,0,0.9774999744341093,0.9146806996427784,0.6446319530680943,1.4822507563750122,0,,0,1
S0_null,1501059,1.5114531279749437,0.9595866270554039,2.3807027876945823,0.07474938558023381,0.6281566129636584,0.5005347765492139,0.21735840917885962,40,0.758082482109776,0.6346708746810984,False,0.43282219473061434,0.734824854548177,False,0.2040646562037023,0.1517722280139167,0.5,0.25,0.5,0.25,0.07474938558023381,0.9595866270554039,2.3807027876945823,0,1.4869833429561543,0.11450403709044651,0.9085078096872721,2.433792465680812,0,,0,1
S0_null,1501060,1.0803498140276147,0.6914743683680648,1.6879233331874373,0.7342568641610495,0.5121881198454951,0.47942865511027233,0.2922924008986093,40,0.05085108774671711,0.031024116837974264,False,0.056849794007245484,0.030152704025483097,True,0.5066069853755653,0.8487487288397702,0.02791517659548431,0.0,0.02575178272878667,0.0,0.7342568641610495,0.6914743683680648,1.6879233331874373,0,1.1351812721232517,0.6136340012734957,0.6939135638302816,1.8570562498682337,0,,0,1
S0_null,1501061,1.1285777393413003,0.727397190916939,1.7510209410228004,0.5893796716150881,0.07059652418975944,0.5165112308596567,0.8920251057052271,40,0.35956830493793657,0.2272282090794424,False,0.6670585690150376,0.49626292464290356,False,0.40607984708818157,0.48859584146445123,0.07496732160761842,-0.07499999999999996,0.06483499538239326,-0.075,0.5893796716150881,0.727397190916939,1.7510209410228004,0,1.2177695651652167,0.4163567365252314,0.7572252335425946,1.958416925575504,0,,0,1
S0_null,1501062,1.1281828042383988,0.7527114732446833,1.6909486370556097,0.5591309779137,0.888423133959467,0.43680849071072064,0.04917904748322615,40,0.19716758539983958,0.08943694079611507,False,0.6652375908683246,0.8491664890591688,False,0.02566601619722684,0.08423733942831867,0.12565542043774292,-0.09999999999999998,0.08733606889123373,-0.1,0.5591309779137,0.7527114732446833,1.6909486370556097,0,1.1162773336894294,0.6568988524435839,0.68704390204432,1.8136760722292238,0,,0,1
S0_null,1501063,1.0881503200402836,0.7416318673899549,1.5965752970822373,0.6658257053080623,0.34406094830104156,0.48554113859670983,0.48300540035899375,40,0.22718876758291562,0.16600561314655082,False,0.3045639391600561,0.4890064635429908,True,0.6624451794285515,0.6437029537774839,0.2540675024953846,0.17500000000000004,0.2633115521089342,0.175,0.6658257053080623,0.7416318673899549,1.5965752970822373,0,0.8482976918492448,0.43427547429543956,0.5616188839659468,1.2813119261858528,0,,0,1
S0_null,1501064,1.1189990607633618,0.7096793197531734,1.7644009951209887,0.6284397281488958,0.2,0.5645525955773653,0.7251529978577317,40,0.4811512595514137,0.7446375361839856,False,0.7937160633795738,0.945827123575282,False,0.8085184902483027,0.8385435344612332,0.07585519764137358,0.07500000000000007,0.024630214771563665,0.075,0.6284397281488958,0.7096793197531734,1.7644009951209887,0,1.127281885623732,0.6205958278721782,0.7014731535310079,1.8115653368325575,0,,0,1
S0_null,1501065,1.4287089240537698,0.8786810227807467,2.3230377540317204,0.15029379839318935,-0.1796349413298557,0.5587147380912095,0.7496297745691121,40,0.3940338990014881,0.43097492032185414,False,0.13542501378879532,0.13879779636883802,True,0.9354861173247403,0.7124536562376839,0.06555043649788822,-0.07499999999999996,0.0835237244810848,-0.075,0.15029379839318935,0.8786810227807467,2.3230377540317204,0,1.3143105239049604,0.2880694308008871,0.7938008820239184,2.1761277826285936,0,,0,1
S0_null,1501066,0.862199829173639,0.562095350389483,1.3225310348359027,0.49696964214294104,0.14579766536965044,0.4484773585407631,0.7469404816887976,40,0.7433617378677676,0.7862754423578535,False,0.4995037994983359,0.4297730801280737,True,0.1154916094996816,0.13717047247357353,0.07096450403517769,-0.09999999999999998,0.08733606889123377,-0.1,0.49696964214294104,0.562095350389483,1.3225310348359027,0,0.9354108824111056,0.7825164689659045,0.5822533988029642,1.5027709940929395,0,,0,1
S0_null,1501067,1.205806559013361,0.7645137985011801,1.9018223877844078,0.4208256915341111,-0.14885306881587113,0.5940804597052753,0.8035401255368008,40,0.05589021498634079,0.12881295127011413,True,0.4322899383032043,0.3556892965493117,True,0.0023734688089173082,0.0022372374088567644,0.037475456775980506,-0.025000000000000022,0.047582390994191696,-0.025,0.4208256915341111,0.7645137985011801,1.9018223877844078,0,1.384078020065484,0.18151115598829415,0.8591927328715291,2.2296184457077244,0,,0,1
S0_null,1501068,1.2982873778579185,0.8197246370051019,2.0562394240868707,0.26585150397043633,0.5182184517497334,0.4917407617103678,0.2987875124687614,40,0.2871692678263065,0.3351636399873955,True,0.6576191766011901,0.8706898732325832,True,0.7616189791118213,0.7443927512648273,0.3932159052584488,0.22499999999999998,0.4018423391082095,0.225,0.26585150397043633,0.8197246370051019,2.0562394240868707,0,1.2385020137235652,0.37377813621117684,0.7730101881500663,1.984304038305312,0,,0,1
S0_null,1501069,0.8584642235826337,,,,-0.8399004403599439,0.5510898107850446,0.13599340553187175,40,0.6789652240033419,0.8072302264931736,False,0.7780458784827948,0.8919596027549633,True,0.6941764776072943,0.5048963528855488,0.04389107208161564,0.04999999999999999,0.03231112320566666,0.05,0.6443549188990907,0.4421443287401713,1.6667879135105075,1,0.8578523458305931,0.6295460204128873,0.4533100871055287,1.6234155563269754,1,0.0,0,1
S0_null,1501070,1.0119705699365606,,,,-0.06719713546847284,0.5264926451412894,0.8991316326960516,40,0.9107397735202051,0.596724109002208,True,0.5363356578161782,0.5232082259823035,False,0.5692377874336307,0.7034076618648353,0.06377831061985896,-0.04999999999999993,0.07061977533748846,-0.05,0.9633250909938513,0.6015775596463228,1.7023315082095203,1,1.0937767458477035,0.7515669264019971,0.6193705986618367,1.9315536971595455,1,0.0,0,1
S0_null,1501071,1.0833717306468469,0.6519284104822877,1.8003423196366934,0.7573071470009571,-0.4052149400986598,0.5637037067693019,0.47675267908899965,40,0.5860471321761965,0.9027755657379982,True,0.657781674994091,0.7343913940215042,False,0.5360582777231562,0.5117793605118008,0.10761711253536646,-0.10000000000000003,0.10968809608557809,-0.1,0.7573071470009571,0.6519284104822877,1.8003423196366934,0,1.021632240642125,0.9381659001784617,0.5949272464632182,1.754386677235463,0,,0,1
S0_null,1501072,1.4241240759627782,0.8692253694209827,2.333260688292882,0.1604453476535962,0.35377690537430545,0.5161610491830281,0.4973634356755911,40,0.9839370189401181,0.8813323169263316,True,0.6316171681050211,0.6059985417715543,True,0.30368316469401135,0.3846039295732072,0.580413314293963,0.27499999999999997,0.5873880889108207,0.275,0.1604453476535962,0.8692253694209827,2.333260688292882,0,1.3920228514281674,0.21500839257080395,0.8252399950629862,2.3480776870858144,0,,0,1
S0_null,1501073,1.3092028983630049,0.7536754996190831,2.274204521638789,0.33894783933556794,0.14648221343873669,0.49443450644482023,0.7686865023137494,40,0.647236742644139,0.4313448949039753,True,0.4717680986851045,0.568032531589862,True,0.5553581087164343,0.7964865373335823,0.022058679036898583,0.025000000000000022,0.017563739731861296,0.025,0.33894783933556794,0.7536754996190831,2.274204521638789,0,1.3688722987942141,0.3201226471787523,0.737121183333072,2.542066912163973,0,,0,1
S0_null,1501074,0.8458856831435728,0.5479731539642262,1.3057621231458743,0.44990078478537376,-0.18686554351325568,0.5488386512035244,0.7354248651073344,40,0.4487408968112142,0.7863147449053463,True,0.15287039349776804,0.085163784906147,True,0.11171707226912989,0.14605643295377455,0.035860639416836516,-0.02499999999999991,0.05370801749285708,-0.025,0.44990078478537376,0.5479731539642262,1.3057621231458743,0,0.8136366823892603,0.3948154798159541,0.5059646733550266,1.3084009334874749,0,,0,1
S0_null,1501075,1.1855268273001907,0.7028793740764601,1.9995946816552435,0.5234216683850359,1.1291864057672496,0.4476911775606953,0.01609336213834583,40,0.6624451794285515,0.7757960078457233,False,0.29524568588953215,0.22755707182607254,True,0.6012347023164673,0.913156501754754,0.07029098252415004,0.07500000000000001,0.12322937104739655,0.075,0.5234216683850359,0.7028793740764601,1.9995946816552435,0,1.1204612796982305,0.6777943415776875,0.6551968098202069,1.9161165934973052,0,,0,1
S0_null,1501076,1.5649950560991974,0.9837578714050126,2.4896466872655822,0.05864684884418416,-0.6730216144684608,0.4474990676662795,0.14107996843674486,40,0.28708522654138235,0.30894551322052766,True,0.9553036899114847,0.9675798489413668,True,0.7502365251474473,0.47133060591530707,0.05681897983403028,-0.07500000000000007,0.03460576199081596,-0.075,0.05864684884418416,0.9837578714050126,2.4896466872655822,0,1.6329712431015377,0.0732275429303866,0.9549064075332278,2.7925198320588205,0,,0,1
S0_null,1501077,0.9059915780866077,0.5929119088893091,1.3843890251782764,0.6481166201570085,-0.14911856696047798,0.5261849518336351,0.778453196921839,40,0.7016049465056707,0.8600340553613568,False,0.7021234569417001,0.40823230554551826,True,0.6945074983580521,0.7752693244217306,0.04173357659711863,-0.02499999999999991,0.0352330639291004,-0.025,0.6481166201570085,0.5929119088893091,1.3843890251782764,0,0.8084664211693234,0.3380090020205727,0.5233225590503691,1.248977218456627,0,,0,1
S0_null,1501078,1.2015138689501499,0.8015196106275934,1.8011232141272062,0.3741059737133572,0.21704663212435277,0.49294734765896675,0.6622786719827445,40,0.6162823129123078,0.7965711110421524,True,0.1159521993331418,0.21699852092098437,False,0.17247088594322457,0.14223050914722948,0.019430038904768302,-0.025000000000000022,0.02319930679535069,-0.025,0.3741059737133572,0.8015196106275934,1.8011232141272062,0,1.2385109095085578,0.3298362356745339,0.8054603732406207,1.90438825289482,0,,0,1
S0_null,1501079,1.1406266862912344,0.7267462572066623,1.7902111288201008,0.5672384949624778,0.6142922723794966,0.5185688841756968,0.24373267879885782,40,0.3435571593909714,0.23762188482775115,False,0.8720023857057637,1.0,True,0.6125909023101772,0.9675156102895593,0.07598125746089085,0.09999999999999998,0.08733606889123373,0.1,0.5672384949624778,0.7267462572066623,1.7902111288201008,0,1.3210610818236042,0.2663282050820772,0.8085457433862068,2.1584460696064105,0,,0,1
S0_null,1501080,0.8569327265905128,0.5575429801454298,1.317088949286576,0.4814078900848341,-0.8110455764075069,0.4235155770094584,0.06324335540129378,40,0.5011061544137912,0.5325704349657507,True,0.20392052140554717,0.11910845179920669,False,0.7043143999128513,0.8490818012945827,0.06521663906258922,-0.050000000000000044,0.07061977533748845,-0.05,0.4814078900848341,0.5575429801454298,1.317088949286576,0,0.8051175940643859,0.350775849518316,0.5106401941369899,1.269415035703453,0,,0,1
S0_null,1501081,0.9590592908079717,0.5831034795152913,1.5774125101254328,0.869214321064185,0.8210382513661226,0.4182627115287869,0.05720026830844223,40,0.5460065698895659,0.48923188942465623,False,0.6148018358146565,0.5327444238662276,False,0.778577614923855,0.7139257031868542,0.017272302433497765,-0.025000000000000022,0.0017697072376828072,-0.025,0.869214321064185,0.5831034795152913,1.5774125101254328,0,0.9511749365362744,0.8505407370565118,0.5651101200380257,1.6009866534223578,0,,0,1
S0_null,1501082,0.7772069080297617,0.4738865296996512,1.2746734503553603,0.3180274343982543,0.08430026047833683,0.5196535403822368,0.8720121874483227,40,0.36829265902215547,0.32883495174918975,False,0.6672499676815375,1.0,False,0.505657314049713,0.3921426197639515,0.13803986396983564,0.09999999999999998,0.11978503962277386,0.1,0.3180274343982543,0.4738865296996512,1.2746734503553603,0,0.8843726552118445,0.6165660201694709,0.5467032171818184,1.4306025073679751,0,,0,1
S0_null,1501083,1.1614514688645867,0.770409531106405,1.7509771881851153,0.47485181583693536,0.37822813688212964,0.4222595986692989,0.3761907785279816,40,0.7582139293017673,0.6740180180169242,False,0.7319413291388317,0.43872431165851256,False,0.46545317487387716,0.5046534524135609,0.41421965478747846,0.22499999999999998,0.39471393165154905,0.225,0.47485181583693536,0.770409531106405,1.7509771881851153,0,1.2127668251706951,0.42745400854359983,0.7531126282086703,1.9529660201463004,0,,0,1
S0_null,1501084,0.917146862294052,0.6026403323038418,1.3957883698227582,0.6864682267275268,0.09129930394431518,0.5587182281455164,0.8710861262056381,40,0.9358131242995446,0.9243744198223135,False,0.3602077646634376,0.5057839706833771,False,0.5852827008909853,0.5496332550827102,0.045916963505995834,0.050000000000000044,0.017521291143505167,0.05,0.6864682267275268,0.6026403323038418,1.3957883698227582,0,0.9160657159432559,0.719429560315758,0.5677965319550835,1.4779526620867323,0,,0,1
S0_null,1501085,1.3377471464934088,0.86092121915635,2.078665722404802,0.19565962837900996,-0.34095947869073484,0.46762178049860503,0.4705095874577762,40,0.8879565077073955,0.9675401271560392,False,0.29522846592598506,0.6061686343452806,False,0.2527614103540231,0.3341338550515983,0.03565773365068651,-0.02499999999999991,0.029131773706320103,-0.025,0.19565962837900996,0.86092121915635,2.078665722404802,0,1.3666712651636463,0.19863256184167644,0.8488172061234558,2.200462400561119,0,,0,1
S0_null,1501086,1.1193016452566125,0.7301862633417517,1.7157761464047019,0.6050652324124584,0.5339679358717435,0.5939230906201044,0.37443876503081824,40,0.07755616674366551,0.04057367770897633,False,0.6405405315801269,0.714196788566424,True,0.20922981930814133,0.19162920297057784,0.22242731789575454,0.15000000000000002,0.15691990455744992,0.15,0.6050652324124584,0.7301862633417517,1.7157761464047019,0,1.0877418616092336,0.7234612894206549,0.6826572865924861,1.7332010962675395,0,,0,1
S0_null,1501087,0.8896171256448908,0.5853136718154128,1.3521273606782633,0.5839725398672015,-0.3084347369342555,0.5411829746297135,0.5721718625550626,40,0.4088219392479562,0.7551193021091257,False,0.4438161805559899,0.4807539437774542,False,0.49967995288663525,0.4384641708058057,0.05587887430437496,-0.07499999999999996,0.0743759621482963,-0.075,0.5839725398672015,0.5853136718154128,1.3521273606782633,0,0.9033020696032178,0.6516846873289684,0.5808595661891017,1.4047364913050575,0,,0,1
S0_null,1501088,1.0748971991970842,0.7207016131657992,1.6031655372137104,0.723254248442545,-0.02430446826448307,0.4319787121333529,0.9554349385272405,40,0.7168060194940282,0.5594853607855822,True,0.014676422890564575,0.027077703680662094,False,0.7397695444305721,0.6729980379456486,0.10596926150594504,-0.09999999999999998,0.11978503962277386,-0.1,0.723254248442545,0.7207016131657992,1.6031655372137104,0,1.0107188121048292,0.9598139015807721,0.6676033213410288,1.530178901882308,0,,0,1
S0_null,1501089,1.011916273895432,0.6199692662903226,1.65165372067799,0.9622031010331611,-0.20000000000000173,0.5695936429781576,0.7274842635143134,40,0.3602531208258344,0.39312579700656614,False,0.36984402538731265,0.45553076718128893,True,0.49626737186258085,0.5224003396414598,0.05877694495181925,0.07499999999999996,0.03460576199081596,0.075,0.9622031010331611,0.6199692662903226,1.65165372067799,0,0.9800390682436256,0.9393074609336439,0.5832239114844519,1.6468401867117877,0,,0,1
S0_null,1501090,1.1643739372523125,0.725077269940484,1.8698237028775382,0.5288767957488725,-0.5144110060189179,0.531967515160211,0.33982409350802195,40,0.967844702902958,0.63497458010604,False,0.9107009600697374,0.6935639979435531,True,0.2655188268900811,0.24238923301972426,0.035663732816781486,0.0,0.01656628160682895,0.0,0.5288767957488725,0.725077269940484,1.8698237028775382,0,1.3063269562610136,0.3018812619795559,0.7865644354208601,2.169549041129844,0,,0,1
S0_null,1501091,1.1370959783503314,0.7009180020961724,1.8447054578619422,0.6027558005104161,-0.11128942743501802,0.49752705804098546,0.824232784184154,40,0.9404084039681161,0.7652535349680512,False,0.9037718421917509,0.9459394703695935,False,0.4471452404240953,0.5136091192361725,0.10305710515248441,0.125,0.14326057979794618,0.125,0.6027558005104161,0.7009180020961724,1.8447054578619422,0,1.1274919415151199,0.6439126165751554,0.6778641774029646,1.8753581035243758,0,,0,1
S0_null,1501092,1.2458572085434128,,,,0.8146703486365217,0.48515383542926116,0.10153992613262096,40,0.7936984765305012,0.8073014175184672,False,0.31610681599939383,0.2774179692843335,True,0.008636216760319582,0.013864221685435853,0.06364857518324991,0.07499999999999996,0.0743759621482963,0.075,0.4756316088291366,0.6720228502238412,2.30968364180263,1,1.2841234042653804,0.4733784165327288,0.6385425904216906,2.5824008329548316,1,0.0,0,1
S0_null,1501093,1.4634404511390844,0.9509452804855537,2.252135846277752,0.0834020957682066,0.09853495793443601,0.5213465394885866,0.8511250564930583,40,0.983940273080858,0.9783485955590373,False,0.6136181781969661,0.8278466715478585,True,0.012154334827295445,0.0042959735168660255,0.19844151661825107,0.15000000000000002,0.15691990455744992,0.15,0.0834020957682066,0.9509452804855537,2.252135846277752,0,1.4923728541810732,0.09743613627315402,0.9295219139097588,2.3960454321389837,0,,0,1
S0_null,1501094,0.8728861255833942,0.5628205138583494,1.353771174779446,0.5437315560252902,0.09999999999999831,0.5208804406216768,0.8488055884309963,40,0.8088431075794528,0.6930809120497815,True,0.2971980570861732,0.3634199965171756,False,0.652006104136561,0.6433562720784882,0.025514562435123705,0.025000000000000022,0.02319930679535069,0.025,0.5437315560252902,0.5628205138583494,1.353771174779446,0,0.9388129589430776,0.7870048976169794,0.5938488245424556,1.4841652209356955,0,,0,1
S0_null,1501095,1.012385418294633,0.6402172760027774,1.6009006216994879,0.9580131355824902,0.3601199040767345,0.58473771267517,0.541753520013942,40,0.3598539013955463,0.20749176323576368,True,0.04851087951103143,0.018066596538003084,False,0.4674901387987096,0.42177467196767904,0.06073818167777286,0.07499999999999996,0.06483499538239326,0.075,0.9580131355824902,0.6402172760027774,1.6009006216994879,0,0.9910664210554154,0.9719785546952028,0.6006892057508121,1.6351428351636597,0,,0,1
S0_null,1501096,0.7875928099786781,0.5221670289891222,1.187938724379,0.25483842222611475,-0.2534464475079546,0.48135171404703825,0.6016619851132646,40,0.21801395384895594,0.14676191420474122,False,0.17793250005999361,0.10877537259618196,False,0.46721789863489527,0.6439544532390307,0.11644126467267576,-0.125,0.10220287084734073,-0.125,0.25483842222611475,0.5221670289891222,1.187938724379,0,0.7835333936391881,0.24618321368194018,0.5188043106902593,1.1833451771650234,0,,0,1
S0_null,1501097,0.6246253391692723,,,,0.7612776797961993,0.5080524732417276,0.14250735803787987,40,0.5500138296574033,0.7967774037912929,False,0.6405696651414503,0.7859404929892888,False,0.3706090500946223,0.43900573106468566,0.16398893455676317,-0.125,0.17446361933638296,-0.125,0.07152748386376323,0.3736519828665977,1.0441716683506093,1,0.6398497132877531,0.12569295433077712,0.3592704384950273,1.1395528597048388,1,0.0,0,1
S0_null,1501098,1.3270600933823415,0.8305188770762008,2.120467746197138,0.23666892538612205,0.5349263371797655,0.5386115771502201,0.3270839850727132,40,0.25557549355967557,0.26580912143120483,False,0.9652009326475172,0.935023747225561,True,0.5309959620538984,0.8812766540578563,0.013543383038998632,0.0,0.008700382961356227,0.0,0.23666892538612205,0.8305188770762008,2.120467746197138,0,1.2973067888773835,0.3185476638114644,0.7778860117587278,2.1635623716413552,0,,0,1
S0_null,1501099,0.9678287228035484,0.5905421496637229,1.5861567835876507,0.8967757897377232,-0.03181121419927346,0.5113328293413222,0.9507285966607665,40,0.2954986096847081,0.1979908967788533,True,0.44368388573265927,0.6155794177039893,True,0.9254390419586294,0.6342379894905912,0.03842734334436419,0.050000000000000044,0.005813098297592855,0.05,0.8967757897377232,0.5905421496637229,1.5861567835876507,0,0.982778265718538,0.9567823886578206,0.5160186872497362,1.8717405850484166,1,0.0,0,1
S0_null,1501100,1.3075251519697977,,,,-0.07901888843592908,0.5412570237028287,0.8847206463613579,40,0.5500834058416157,0.6641664582445037,False,0.6145866440733911,0.9243886366168704,True,0.17797046284603046,0.13915247177867,0.16468162746422532,0.15000000000000002,0.11855986920469756,0.15,0.41184031797713105,0.6800035040350776,2.5141370785428374,1,1.4701050381317278,0.278378509296948,0.7234852703184244,2.987218830577001,1,0.0,0,1
S0_null,1501101,0.8159967622218893,0.5204618467465789,1.2793458735137984,0.3754738025829555,0.5102911723925423,0.4775365591374345,0.29217647066471203,40,0.6403947576746318,0.6739744998985429,True,0.5014048723572946,0.532937518894466,False,0.3386958180124524,0.13857365796505416,0.3339228895976001,-0.19999999999999996,0.3369373044645227,-0.2,0.3754738025829555,0.5204618467465789,1.2793458735137984,0,0.7499270719560186,0.2968548372944717,0.43672214465481973,1.2877538273151565,0,,0,1
S0_null,1501102,0.8352464060154785,0.5354845315110269,1.3028136532593895,0.42736191037960936,-0.8362427745664748,0.4810090394768581,0.09043594256981319,40,0.08705178018081038,0.16650587964753072,False,0.9652463523653436,0.9351370084222835,False,0.8874457768578853,0.956524058395784,0.05912793011957187,-0.050000000000000044,0.03231112320566666,-0.05,0.42736191037960936,0.5354845315110269,1.3028136532593895,0,0.8250883688104435,0.4262055687629036,0.5138368382147452,1.3248774041026758,0,,0,1
S0_null,1501103,0.9570671758394821,0.6237329483996201,1.4685412746265625,0.8407932915092355,-1.0358119546815985,0.5813367414192758,0.08299512956262188,40,0.4894420757639363,0.28362727331300375,True,0.3599144706085008,0.35655233776726036,False,0.009185280719851368,0.012294866317543373,0.5,0.25,0.5,0.25,0.8407932915092355,0.6237329483996201,1.4685412746265625,0,0.8945800872533252,0.6445459939654078,0.5572922487634584,1.436003343462689,0,,0,1
S0_null,1501104,0.8343523724451767,0.5335444834105513,1.3047532174917584,0.4272730451149239,-0.1520947586082883,0.4720646427812123,0.7491217971975613,40,0.9701781838510629,0.7343913940215042,False,0.6870734758408701,0.5323768875480869,False,0.4189891264106209,0.5774635575008421,0.19146649218399878,-0.15000000000000002,0.13912737068907083,-0.15,0.4272730451149239,0.5335444834105513,1.3047532174917584,0,0.8606780704323906,0.5393813203203388,0.5330392433209931,1.3897039480771174,0,,0,1
S0_null,1501105,1.248051075809415,0.82200137827657,1.8949256400212,0.2983456595341242,-0.6865478841870835,0.6197352629444203,0.2750944161419857,40,0.8088811894269107,0.8921015445837905,False,0.49333191529357767,0.5967933808679088,True,0.8437667598809379,0.7544684494545496,0.5963368983046907,0.275,0.6052860683484511,0.275,0.2983456595341242,0.82200137827657,1.8949256400212,0,1.2655784850898248,0.2734858000033371,0.8302548602871961,1.9291532980225021,0,,0,1
S0_null,1501106,1.0935371800223441,0.689259830215043,1.7349387149373465,0.7041633822215139,0.22240204429301502,0.41417963150074866,0.5945029015512451,40,0.29524568588953215,0.5596336844146135,False,0.8616584578289358,0.7342826965551961,False,0.2264071912199498,0.1524563540434297,0.049633405729963526,-0.025000000000000022,0.08263841299728802,-0.025,0.7041633822215139,0.689259830215043,1.7349387149373465,0,1.1312222695030112,0.603919705213168,0.709968941154609,1.8024222593997565,0,,0,1
S0_null,1501107,0.8200267699810248,0.5164161116120712,1.3021357939169964,0.4003551831550637,-0.1514182980423504,0.42710874160250467,0.7249624057637483,40,0.7626522000591348,0.8387315505886288,True,0.29513061436991117,0.335300602122368,False,0.2942314617028643,0.5048356609336232,0.29105205871226164,-0.175,0.2726804591866725,-0.175,0.4003551831550637,0.5164161116120712,1.3021357939169964,0,0.7814491002962214,0.3591378855287264,0.4613097365339147,1.3237585248948651,0,,0,1
S0_null,1501108,1.3685567903793985,0.8469107299092962,2.211505442485246,0.20006298982918536,0.7546043498380377,0.5376169841336377,0.16877276288499843,40,0.694714457226957,0.7044336705691328,True,0.3042207238211241,0.34292562645052105,True,0.37009506389504043,0.5316197663480948,0.08040861366323528,0.09999999999999998,0.04835169739931688,0.1,0.20006298982918536,0.8469107299092962,2.211505442485246,0,1.4259190686459216,0.20194609075271608,0.8268118875340108,2.4591387968456306,0,,0,1
S0_null,1501109,1.4767355503569863,0.9318478017062465,2.3402404144701787,0.09701772332064729,0.35128177625227874,0.5523452012368082,0.5287025669673426,40,0.19724582454404915,0.21745378424259654,False,0.9433365705767977,0.8175091915424956,False,0.9029747362022654,0.9891316593954788,0.026928157321385347,0.0,0.021043143355250853,0.0,0.09701772332064729,0.9318478017062465,2.3402404144701787,0,1.4110911849490186,0.14862842055202094,0.8843350937152042,2.2516106692946356,0,,0,1
S0_null,1501110,1.2715947731197357,0.7423371919974302,2.178192450084098,0.38159558780053204,-0.19971368161395575,0.592430871466296,0.7379397220991569,40,0.43288793401334236,0.3027674585178265,True,0.43298594421800585,0.4634288809557522,False,0.17586541793388966,0.3077325887039769,0.08440562517637837,0.07499999999999996,0.10058623154071403,0.075,0.38159558780053204,0.7423371919974302,2.178192450084098,0,1.298574962370504,0.3667993176801191,0.7362850420130578,2.2902773201599955,0,,0,1
S0_null,1501111,0.9889451065749487,0.6273628262242431,1.558926322913749,0.9618171333783093,0.4535089293726987,0.4605054849774764,0.33111536683102816,40,0.7473023588224185,0.5415556133542352,True,0.6145148335547985,0.6441740798784754,True,0.0632876476980589,0.0986908234384373,0.26144730139243727,-0.17500000000000004,0.2810242618506592,-0.175,0.9618171333783093,0.6273628262242431,1.558926322913749,0,0.9820003521837214,0.9444237834128852,0.5892853901617979,1.636430679919252,0,,0,1
S0_null,1501112,0.8754239882379773,0.5772339639642046,1.327654308349067,0.5312159412275177,-0.49154751892346565,0.48373162074234877,0.31615337512236097,40,0.3601658892136673,0.3287665107017709,True,0.1846088379117119,0.3219106225176883,False,0.7759248491367428,0.9782228233321353,0.20864145955163482,0.1499999999999999,0.1982587753374821,0.15,0.5312159412275177,0.5772339639642046,1.327654308349067,0,0.8755874752303264,0.5669824981199815,0.555598911395014,1.3798684825628647,0,,0,1
S0_null,1501113,1.3772786467781672,0.8201734083179791,2.3127992832165534,0.2261302370104098,-0.07402017850213377,0.5470671187728278,0.8931052210250916,40,0.032743515517874695,0.04726807755553361,True,0.4935511073596881,0.559466809851918,False,0.6123719433340327,0.5774635575008421,0.1100682275049664,0.09999999999999998,0.1463463022859083,0.1,0.2261302370104098,0.8201734083179791,2.3127992832165534,0,1.4251508854816022,0.2039924948150097,0.8250096559628515,2.4618560906642886,0,,0,1
S0_null,1501114,1.2169423375865953,0.788623914498413,1.877889607180695,0.3750352405098025,-1.165483750466942,0.6818780347522652,0.09578534331165449,40,0.20465541126184073,0.166565868609573,False,0.3796237604639866,0.3777838435402361,True,0.924413524458293,0.7741731880045124,0.08393441151597987,-0.07499999999999996,0.09226046032336344,-0.075,0.3750352405098025,0.788623914498413,1.877889607180695,0,1.2107415838589832,0.4160657937863774,0.7636565238634717,1.9195739669310226,0,,0,1
S0_null,1501115,1.2619483347643778,0.8029767589081247,1.9832623820645334,0.3131402725626131,2.220446049250313e-16,0.5209288724692654,0.9999999999999997,40,0.1771829513738843,0.14317384487164175,True,0.37180364974669,0.724653445700371,True,0.23014389164441273,0.3470578032028522,0.042761286344390595,0.04999999999999993,0.047919065615694055,0.05,0.3131402725626131,0.8029767589081247,1.9832623820645334,0,1.3310589113784983,0.2830780024764187,0.789636010225361,2.2437145755985313,0,,0,1
S0_null,1501116,1.0038377186427787,0.6218028973678507,1.6205941941338393,0.9874942433510975,-0.2374639175257734,0.5893033360494363,0.6892988449405353,40,0.48556213389134073,0.5230902526259915,False,0.46304416042115915,0.34920598239699596,True,0.32313513144832995,0.4633866024653428,0.04890849624446493,-0.04999999999999993,0.047919065615694055,-0.05,0.9874942433510975,0.6218028973678507,1.6205941941338393,0,0.959377304373876,0.8752110569957157,0.5717547127002099,1.6097896382889696,0,,0,1
S0_null,1501117,1.1449704616705951,0.7124579175497909,1.840048830682772,0.5759594312584905,0.07786885245901543,0.5731202316349411,0.8926619594220506,40,0.40929678165537653,0.49774916741572495,True,0.37994027854357293,0.38516556743367625,False,0.14005781855950422,0.2105189257885638,0.23843770058809474,-0.17500000000000004,0.2263787441837476,-0.175,0.5759594312584905,0.7124579175497909,1.840048830682772,0,1.2337246746079868,0.4289645874227823,0.7331364171888528,2.076116445794429,0,,0,1
S0_null,1501118,0.8757789652625564,0.5385441056335551,1.4241893801698031,0.5928888996651012,-0.2076572308421183,0.48716845306109624,0.672392882516035,40,0.7322547101530132,0.6161286349844974,True,0.044036805380464145,0.11862149353332359,True,0.4926726468099455,0.23682281395888305,0.19845656902164316,-0.12499999999999994,0.17446361933638296,-0.125,0.5928888996651012,0.5385441056335551,1.4241893801698031,0,0.829829446811541,0.47343419679263776,0.49832161695473565,1.3818724441530652,0,,0,1
S0_null,1501119,0.9269721655880853,0.6331709628850006,1.3571017089283834,0.6966023443767204,-0.2865336474746001,0.4686426461559384,0.5446655323973866,40,0.2511340120662142,0.4640618794155782,True,0.48079557152786734,0.40052455048763647,False,0.013196992221851264,0.0046648105963302865,0.10323405915988365,0.09999999999999998,0.10968809608557809,0.1,0.6966023443767204,0.6331709628850006,1.3571017089283834,0,0.8591920917344127,0.4987019023530658,0.5535352684199761,1.3336296576117401,0,,0,1
S0_null,1501120,1.2423465053825682,0.7230027240245567,2.1347427722607826,0.4320629432532337,0.45105965104595147,0.4033401761263386,0.27064271761247655,40,0.694506793698692,0.9351583696652807,True,0.8682414599649668,0.6840828550211284,True,0.6129248082693703,0.6232311094770009,0.18648651953271406,-0.15000000000000002,0.11855986920469758,-0.15,0.4320629432532337,0.7230027240245567,2.1347427722607826,0,1.2042353736521443,0.5010067271008961,0.7008493279971161,2.069179176213874,0,,0,1
S0_null,1501121,0.9639936444278644,0.6331487717531921,1.4677178381379854,0.8642459234817553,-0.7396066160035757,0.4533182978601646,0.11126040798062377,40,0.49924919204448737,0.5777695275069039,True,0.5325402685435644,0.6347188784477531,True,0.2841782934852085,0.4143491251266933,0.11019967294741813,-0.09999999999999998,0.13806267595474211,-0.1,0.8642459234817553,0.6331487717531921,1.4677178381379854,0,1.0077572095211529,0.9742967702735481,0.6298137674787765,1.6124998305567908,0,,0,1
S0_null,1501122,0.9003105726646018,0.5600088637944359,1.447404103141477,0.6646418556272882,-0.5741297232966365,0.5255460115792343,0.28170016947625515,40,0.011881457097298497,0.011144728753253194,False,0.019707016989991322,0.0038482540329747767,False,0.4762356505055251,0.47122557378202423,0.15134158207392623,0.125,0.11722504994521371,0.125,0.6646418556272882,0.5600088637944359,1.447404103141477,0,0.9356031802785737,0.7884665414532355,0.5753271717621551,1.5214878662279825,0,,0,1
S0_null,1501123,2.0083148923261653,1.2752018840710562,3.1628942500168975,0.0026208473941010534,0.2452043369474548,0.435759038110342,0.5770288302493929,40,0.6948866023724733,0.734872886021278,False,0.6007235503042403,0.6942912097670422,True,0.21006857744428598,0.18309879198514933,0.11377114739075911,0.09999999999999998,0.08733606889123377,0.1,0.0026208473941010534,1.2752018840710562,3.1628942500168975,0,2.2424911189498986,0.0007250212556408618,1.4039396254148422,3.5818964915127647,0,,0,1
S0_null,1501124,0.8981814276428649,0.5828900470733017,1.3840172447842878,0.6264201170766499,0.27071803604370726,0.48283916692816514,0.5783957357635044,40,0.15034599161806694,0.07324818486333365,False,0.3442083842607908,0.6350862812569225,True,0.8560229498776971,0.9131812218969264,0.012941158412622856,0.0,0.01656628160682895,0.0,0.6264201170766499,0.5828900470733017,1.3840172447842878,0,0.9754596802795856,0.9281590932143975,0.5606462733172087,1.6971870377755798,1,0.0,0,1
S0_null,1501125,1.0635706257882578,0.6845227615949936,1.6525125817640884,0.7839908262442192,0.2673364556579515,0.506631717000202,0.6008758545717954,40,0.5062621726804636,0.6155126860893798,False,0.9305339404873341,0.8921975442585034,True,0.9430405511563195,0.7438658340862939,0.2002882939717393,0.14999999999999997,0.17244622317316977,0.15,0.7839908262442192,0.6845227615949936,1.6525125817640884,0,1.1288558783008587,0.631462464334436,0.687945107289927,1.852350689714778,0,,0,1
S0_null,1501126,1.123532530958616,0.6736213913951796,1.8739389280791567,0.6554075982614866,0.07338916026982933,0.532349673238443,0.8910994273042557,40,0.3039533604921545,0.2967459582114712,False,0.6528272284410972,0.6941680854535314,True,0.6464927583287315,0.7436423779729384,0.04173357659711863,0.02499999999999991,0.0414069212922549,0.025,0.6554075982614866,0.6736213913951796,1.8739389280791567,0,1.1391228767737216,0.627681453668188,0.6729089057488831,1.92834560117039,0,,0,1
S0_null,1501127,1.0359890819303084,0.6212296679443895,1.7276595649885786,0.8922142803424249,0.3101464009760042,0.6139488892385687,0.6164379042525251,40,0.3677550923510903,0.3768360288653635,False,0.4425269872790414,0.4547633218137165,True,0.8490838429762071,0.9673517707470418,0.042957108604514446,-0.025000000000000022,0.0414069212922549,-0.025,0.8922142803424249,0.6212296679443895,1.7276595649885786,0,1.0313762877684367,0.914284143511688,0.5876283495586829,1.8102207760566398,0,,0,1
S0_null,1501128,0.944347129452715,0.6083912978510633,1.4658189623282503,0.7985243787041554,-0.5725920802351733,0.6843094819251191,0.4081082325014505,40,0.1648577770171592,0.1546771143249796,True,0.07607638294690393,0.060926171287313084,False,0.7788800842406672,0.6141707355833773,0.4178629769115129,0.22499999999999998,0.4168185470958629,0.225,0.7985243787041554,0.6083912978510633,1.4658189623282503,0,0.8691003402866692,0.5832298090251138,0.5265215609792134,1.4345763924304404,0,,0,1
S0_null,1501129,0.9705753404172374,0.5953955296783237,1.5821692378761771,0.9046497945294415,0.4603920007959381,0.5136088601732732,0.3758417517543147,40,0.3758830998648378,0.2904715862364694,False,0.9702015901694435,0.7347287132832088,True,0.6780625045890777,0.8174244411232539,0.12527603824975136,-0.10000000000000009,0.061983967139291614,-0.1,0.9046497945294415,0.5953955296783237,1.5821692378761771,0,0.9735991694120746,0.9173350210673122,0.5874286421333389,1.6136348735694117,0,,0,1
S0_null,1501130,1.1184051644106323,0.6842583771911188,1.828008473809312,0.6553076322396889,-0.36757830129072944,0.4444426048062462,0.4135083488602575,40,0.8517969355232449,0.8812264904491884,True,0.07303805072825319,0.03212961516078101,False,0.005401408317418355,0.01018737834546164,0.270969358757345,0.17500000000000004,0.2810242618506591,0.175,0.6553076322396889,0.6842583771911188,1.828008473809312,0,1.2294790966726792,0.42609297917929545,0.7392216560220725,2.0448790113772475,0,,0,1
S0_null,1501131,1.2456890751013956,0.7753694706268485,2.0012927134885294,0.36377195278159014,0.14999999999999863,0.4346226148949521,0.7319532601648536,40,0.3648389253991352,0.615596095195803,False,0.42004052134295733,0.5063062555575928,True,0.14413582438098277,0.24635905949759962,0.06555043649788822,0.07499999999999996,0.05494849062323593,0.075,0.36377195278159014,0.7753694706268485,2.0012927134885294,0,1.2398126434759102,0.37798643343042093,0.7687953665375388,1.9994077199575175,0,,0,1
S0_null,1501132,0.935877344527381,,,,0.20858205485820647,0.4513075002027391,0.6466636952683418,40,0.19776489525608631,0.17809491840386116,True,0.3978240207697825,0.3996565821356951,True,0.07019050571459574,0.19701812337857694,0.08042494118138666,-0.07500000000000007,0.0743759621482963,-0.075,0.7892816202846576,0.5686893778932797,1.5401490480520061,1,0.877769765845561,0.6418566537676667,0.5001091689607412,1.5406231472093925,1,0.0,0,1
S0_null,1501133,1.4658867563191122,0.9710366294079014,2.2129175329483024,0.06874462433321898,0.025402040463428116,0.5145881107038611,0.960894869632339,40,0.3978718238818989,0.3706480041702749,False,0.1613015948480616,0.13948824168503685,False,0.07124571175870843,0.06630846382295731,0.1460722188182305,0.125,0.11722504994521371,0.125,0.06874462433321898,0.9710366294079014,2.2129175329483024,0,1.3566961118143555,0.2082391775510073,0.8436143102401599,2.1818315757211395,0,,0,1
S0_null,1501134,0.7546028349873672,,,,0.11310218978101894,0.5610875518053786,0.84135180400215,40,0.10219563734792067,0.2029446616716759,False,0.03629087900731702,0.025225008933885476,True,0.47118761827625344,0.5048558940393748,0.18330085158727435,0.15000000000000002,0.17244622317316977,0.15,0.2526884545507807,0.4620454258191906,1.2324014193223538,1,0.7370588829805033,0.2654463213560972,0.42687218349885786,1.272642767508698,1,0.0,0,1
S0_null,1501135,0.8889314031472625,0.5491685189034986,1.4389008333527888,0.6318451044652896,0.8366981313812362,0.4402903911462628,0.06520293057597686,40,0.49960553493782556,0.5325317445631542,True,0.04986020375690691,0.19259711396710766,True,0.7778704472933141,0.7439480129242128,0.07094961537419843,0.10000000000000009,0.08733606889123373,0.1,0.6318451044652896,0.5491685189034986,1.4389008333527888,0,0.864920215903898,0.5536748225556338,0.535071696962823,1.3981060559277214,0,,0,1
S0_null,1501136,0.9406235226958148,0.6166303334985329,1.434850936425412,0.7763227295454593,0.5323910038949631,0.4603080891182764,0.2548502131106764,40,0.27694871692336887,0.20603292098467196,False,0.1649005619428866,0.22167795291247083,True,0.6779375412591095,0.5955410185893846,0.27349747996937857,-0.17500000000000004,0.2096956861192004,-0.175,0.7763227295454593,0.6166303334985329,1.434850936425412,0,0.9249508925311912,0.7334366612283003,0.5903725769620417,1.4491427735290188,0,,0,1
S0_null,1501137,0.808761337341281,0.4993846521267089,1.309801769022116,0.3882180536562364,0.12728595411303778,0.5461409161416075,0.8169960295842342,40,0.31419333280720185,0.14277787492857633,False,0.45511566354255184,0.2607425300778299,True,0.26126325268163564,0.45506215197004296,0.017118217794095964,-0.025000000000000022,0.02319930679535069,-0.025,0.3882180536562364,0.4993846521267089,1.309801769022116,0,0.7804045276818992,0.33283626387390564,0.47248434139644024,1.2889976946672979,0,,0,1
S0_null,1501138,1.0116562662612718,0.650760058168161,1.5726970151588977,0.9589419517063175,0.06878680800942177,0.5261198073741997,0.8966864166840818,40,0.9198232177673267,0.9240307925743784,True,0.3700527477984986,0.33614342887590276,False,0.5478056278476598,0.713290161303529,0.16383942060850298,0.125,0.18325136952942586,0.125,0.9589419517063175,0.650760058168161,1.5726970151588977,0,1.0134316218087778,0.953938997062804,0.6444294469093574,1.593725514883911,0,,0,1
S0_null,1501139,0.8910744375988998,0.6127356129822915,1.2958503415161267,0.546122857830803,0.32257016248153747,0.5455695178097064,0.5579453838147448,40,0.8082178264353856,0.5782003610393236,False,0.15253740418840864,0.3083054664771938,True,0.1836599758682943,0.3903882595172562,0.042761286344390595,0.04999999999999993,0.04010243385614931,0.05,0.546122857830803,0.6127356129822915,1.2958503415161267,0,0.8733245129367003,0.5791746007315963,0.5411107156061934,1.4095002795161706,0,,0,1
S0_null,1501140,1.0203520296242161,0.6716976610935346,1.5499804817889349,0.924752236397136,-0.44226559855579356,0.5212548036280155,0.4016359201105634,40,0.07752095582272762,0.09181391478220616,False,0.5131918842029626,0.7654470113143002,True,0.3311534397480258,0.24232227995038813,0.21882107828953604,0.15000000000000002,0.25017331520170877,0.15,0.924752236397136,0.6716976610935346,1.5499804817889349,0,1.0170460064664313,0.94045145394527,0.6527482736368516,1.5846577019746855,0,,0,1
S0_null,1501141,1.241862774388486,0.8086351353321101,1.9071928525322728,0.3223759093345725,-0.5450435979807273,0.5519138028256348,0.32978646235827885,40,0.6316576519666053,0.5868346909927311,True,0.2952773775482632,0.37798640357108126,True,0.3706090500946223,0.4208678498295698,0.02563495478498268,0.04999999999999993,0.024706122142071883,0.05,0.3223759093345725,0.8086351353321101,1.9071928525322728,0,1.1979088152134356,0.42249808637668895,0.7705323584816712,1.8623300031080932,0,,0,1
S0_null,1501142,1.0636848778599741,0.643555576940583,1.7580851754353581,0.80969790815528,-0.4646250424160173,0.4464748563204726,0.3047896210872075,40,0.6725038792129815,0.8388065733539836,True,0.32229783806668066,0.43175756046832414,True,0.8396343864337616,0.8595215522847545,0.2423009343611109,-0.17500000000000004,0.2263787441837476,-0.175,0.80969790815528,0.643555576940583,1.7580851754353581,0,1.0986602714749545,0.7265861484850984,0.6483607334768392,1.8617018733453874,0,,0,1
S0_null,1501143,0.7654292609786633,0.46425006854174733,1.2619964826341379,0.29471187848143443,-0.7329356037894238,0.4917610849166277,0.14458757829058014,40,0.9839256138502307,0.7446258956941518,False,0.24272357316961923,0.11226339259437904,True,0.5409036977712626,0.7027356780473457,0.15903307773936645,0.125,0.04807484422904318,0.125,0.29471187848143443,0.46425006854174733,1.2619964826341379,0,0.7845098837187805,0.3685492090045981,0.4622274457125317,1.331499813265564,0,,0,1
S0_null,1501144,1.3614014921955948,,,,-0.15252352437981054,0.5669940468338484,0.7894211957299018,40,0.43200979361811476,0.3560758052539499,True,0.056763412432073904,0.02897773350544634,True,0.40724700418160076,0.2641563228614565,0.13746754809315817,0.125,0.06754405692028337,0.125,0.16724268792569796,0.8738106394298074,2.1210705607359177,1,1.3104161400682817,0.2899961452987204,0.787086980941438,2.181703549584209,1,0.0,0,1
S0_null,1501145,0.8893570941652713,0.5622756133818922,1.4067052209231872,0.6162075788961445,-0.6100270392068472,0.5399255862863814,0.2658171359844586,40,0.5195720050168753,0.7040351931874287,False,0.43436976365621416,0.755175168179322,False,0.275106554806013,0.23145487646803253,0.06173036523367037,0.07500000000000007,0.05494849062323596,0.075,0.6162075788961445,0.5622756133818922,1.4067052209231872,0,0.9710747942370812,0.9085319582019193,0.5885601606664305,1.6021917877262373,0,,0,1
S0_null,1501146,1.2314631181882523,0.7927173222048269,1.913041848562117,0.35423936573448345,-0.3401671697237061,0.5573449171139412,0.5453707054226556,40,0.9198313124249803,0.828206733914353,True,0.2758485988385042,0.5318531153182166,True,0.1252647499209942,0.0749686458830593,0.018657058469403805,0.0,0.02575178272878667,0.0,0.35423936573448345,0.7927173222048269,1.913041848562117,0,1.3274142126740256,0.22056595896780795,0.8437303782171666,2.0883786307804098,0,,0,1
S0_null,1501147,0.9569106095433013,0.6223822381855086,1.4712468616169017,0.8409422828305533,0.46704916659686724,0.5820469287445491,0.42743123286104057,40,0.8445010428076558,0.935130901331338,True,0.30838072467684874,0.6439701543157105,True,0.7600092180503795,0.9674987226829691,0.012941158412622856,0.0,0.003066739371709653,0.0,0.8409422828305533,0.6223822381855086,1.4712468616169017,0,1.0096426348226277,0.967564492663682,0.6357481197965519,1.60343101034698,0,,0,1
S0_null,1501148,0.7091543265640236,0.47743107736313023,1.0533454622644354,0.0886594508889073,-0.15000000000000308,0.48876379150878607,0.7606426040230546,40,0.386781015575805,0.2023279028862781,True,0.647236742644139,0.7967493099057605,False,0.14286555324652844,0.07604038122906631,0.059639101960663674,-0.125,0.08565825367350988,-0.125,0.0886594508889073,0.47743107736313023,1.0533454622644354,0,0.6890476202948377,0.1811233016831926,0.39625349867197224,1.1981891002229814,1,0.0,0,1
S0_null,1501149,1.1436384620180742,0.7054831522103102,1.8539194418879164,0.5860757757519723,0.4500000000000002,0.46551328035431894,0.33998300879374244,40,0.0544630834937208,0.0243201332532801,True,0.3313013288057979,0.7242422858571658,False,0.0033268041086555473,0.0090263668090453,0.08346199815994847,-0.09999999999999998,0.08733606889123373,-0.1,0.5860757757519723,0.7054831522103102,1.8539194418879164,0,1.069795045832895,0.7985669316827873,0.6371927639045863,1.7960992417358626,0,,0,1
S0_null,1501150,0.9378819382830905,0.6137741758134441,1.4331370800862875,0.7668847602988395,-0.5000000000000013,0.6153359600383626,0.4216655782105294,40,0.8227148367227574,0.8282386302432049,True,0.3979196159294409,0.4080776045106074,False,0.057654468633521146,0.0396956733937438,0.04081018814161537,-0.04999999999999993,0.024706122142071883,-0.05,0.7668847602988395,0.6137741758134441,1.4331370800862875,0,0.8984459735444643,0.6373389939271147,0.575615379820583,1.4023342594318153,0,,0,1
S0_null,1501151,0.9785800100318944,0.6354539622255063,1.5069838146578243,0.9217009338303308,0.3594656840165821,0.49281734494501017,0.47034376611211726,40,0.18483870811855208,0.18436043851573414,False,0.7780896713918112,0.935103398059299,False,0.7267277651074049,0.8704776875005211,0.03083408080822389,0.025000000000000022,0.0352330639291004,0.025,0.9217009338303308,0.6354539622255063,1.5069838146578243,0,1.1222919043965043,0.6398028343811559,0.6922346190362485,1.819526334044812,0,,0,1
S0_null,1501152,0.8996455656718053,0.566349582137922,1.4290857967576647,0.6542386477713802,0.49306003873466636,0.42955980378901415,0.25840783557269775,40,0.4442321189262741,0.4239036039967885,False,0.07990387916718375,0.09007373292322284,True,0.29385714895502857,0.264065467772185,0.08069780594480143,-0.07500000000000007,0.09226046032336344,-0.075,0.6542386477713802,0.566349582137922,1.4290857967576647,0,0.8964063257239877,0.6627704606108317,0.5483319185680796,1.4654341167962006,0,,0,1
S0_null,1501153,1.1315849283430282,0.7045579221272741,1.8174296389811713,0.6090918168573334,-0.11771972956361432,0.562862433319591,0.8354824750880795,40,0.2949837662175069,0.3626262099006622,True,0.040480642949763876,0.036402888639767914,False,0.9353870364864991,0.8278707461659258,0.1156262906540386,0.10000000000000009,0.10968809608557809,0.1,0.6090918168573334,0.7045579221272741,1.8174296389811713,0,1.057347255122893,0.8245402547338994,0.6458441490122661,1.7310417995204026,0,,0,1
S0_null,1501154,0.7020117320156333,0.42440076766530893,1.161214845577842,0.16824212618976697,0.10042684721813233,0.540795963389321,0.8536928479406047,40,0.10289784940261262,0.07748398888493113,False,0.11666446478102341,0.1466666431085646,True,0.6783883589679881,0.4464966257216558,0.1058942108005586,-0.09999999999999998,0.07502426537113577,-0.1,0.16824212618976697,0.42440076766530893,1.161214845577842,0,0.6868854478849407,0.1806070934145464,0.3963724387514993,1.190323979139962,0,,0,1
S0_null,1501155,1.01473084406064,0.6586191880534681,1.5633900508292315,0.9471311071229315,-0.24962852897473864,0.6272653786333248,0.6929443057326536,40,0.41122014669317153,0.4640197481565791,False,0.6005020527330203,0.3488873246604517,True,0.05958334631367688,0.09734778977620719,0.15135544073138588,-0.125,0.15457597185817973,-0.125,0.9471311071229315,0.6586191880534681,1.5633900508292315,0,0.979134036483579,0.9327689951855058,0.599899588250126,1.5981065501263498,0,,0,1
S0_null,1501156,0.707143195357482,0.4755767212554558,1.0514633630938122,0.0868911309855001,-0.14843940502316394,0.5746791335947393,0.7976071129826487,40,0.13084839065726658,0.1505173460824564,True,0.6289539396576465,0.7143384787169218,True,0.4401107380167202,0.7139773979197721,0.12464626452558292,-0.125,0.1308595450857383,-0.125,0.0868911309855001,0.4755767212554558,1.0514633630938122,0,0.6626115830184186,0.054448277996706186,0.4356184332145878,1.0078868947538187,0,,0,1
S0_null,1501157,0.971612401394841,0.6115651318466679,1.5436306116630232,0.9029579793299295,-0.22333069411454387,0.5205624870079376,0.670397834118052,40,0.8446102947853842,0.7243795435787621,False,0.506547195871654,0.654511598785483,False,0.16005734623194479,0.24994047841558675,0.19787249468565754,-0.1499999999999999,0.17244622317316977,-0.15,0.9029579793299295,0.6115651318466679,1.5436306116630232,0,0.9833169110608572,0.9500994745417916,0.5805850444379951,1.6654100150206836,0,,0,1
S0_null,1501158,0.862872575112601,0.5466995093833091,1.3618982056913154,0.5264605203220696,-0.2666536094012335,0.5853988095204821,0.6514061079275876,40,0.466193996626848,0.26042812922945713,True,0.117683817774218,0.30764080471851174,True,0.9850812740247543,0.9027938396210122,0.22926981251076814,-0.14999999999999997,0.24333222343259678,-0.15,0.5264605203220696,0.5466995093833091,1.3618982056913154,0,0.8967813941772979,0.6758150956043558,0.5381881175294762,1.494304394222401,0,,0,1
S0_null,1501159,1.106077632717278,0.7185890886764901,1.7025136463604698,0.6468276621129372,-0.10795968471378742,0.4986457658985074,0.8297828406664549,40,0.8959867723188395,0.7863442075944899,False,0.5593102550694831,0.4977694366440485,True,0.25321794947084963,0.5034132127744853,0.10745863013409228,-0.09999999999999998,0.08733606889123377,-0.1,0.6468276621129372,0.7185890886764901,1.7025136463604698,0,1.2091380108962235,0.39679524574016745,0.779303982076406,1.876051916863854,0,,0,1
S0_null,1501160,0.6799893773726429,0.44427499351374966,1.04076430159314,0.0757367194377343,0.4366219051615621,0.48963404944905725,0.37829978358975663,40,0.24281911609447027,0.2265694055521461,True,0.872028111858379,0.5970528339917055,True,0.16027719694819786,0.1571496003273345,0.06364857518324991,-0.07499999999999996,0.06483499538239326,-0.075,0.0757367194377343,0.44427499351374966,1.04076430159314,0,0.6462857951389417,0.04914444712904644,0.41836912946792837,0.9983655570610003,0,,0,1
S0_null,1501161,1.3286806652792094,0.8614262833460962,2.0493829180941288,0.19868136038247663,0.27483660130719173,0.6073113080071608,0.6535177284466678,40,0.5867548934620541,0.5972600376150197,False,0.09871822323700986,0.10617429368427983,True,0.9403251271533124,0.891781385216538,0.41591933522540403,0.22499999999999998,0.4076949647158248,0.225,0.19868136038247663,0.8614262833460962,2.0493829180941288,0,1.2157632048797338,0.4460544515590529,0.7355444262695173,2.0095049565338488,0,,0,1
S0_null,1501162,0.7938154657213982,0.5250337002918005,1.200195327020461,0.2736188772506448,-0.26564803932044256,0.42016850658798865,0.5311166975709997,40,0.3220023435259547,0.48962056786039254,True,0.27000778642606016,0.18328521809393705,False,0.9356567829979902,1.0,0.03142941182963725,-0.025000000000000022,0.029131773706320103,-0.025,0.2736188772506448,0.5250337002918005,1.200195327020461,0,0.9218081203406947,0.711317350854529,0.5989334793991433,1.4187388749390055,0,,0,1
S0_null,1501163,1.5977586248417923,0.9666367995526827,2.640942931655069,0.06760630170715583,0.7698585494383572,0.5013486657421254,0.13315066139958442,40,0.7582139293017673,0.7347287132832088,False,0.7226818776960366,0.6252552591563796,False,0.680267772574851,0.6834890985328366,0.41888813471181546,0.22500000000000003,0.4290842673562604,0.225,0.06760630170715583,0.9666367995526827,2.640942931655069,0,1.5484643481356457,0.12036709167191328,0.8918104315233639,2.688622775303715,0,,0,1
S0_null,1501164,1.268970860749594,0.8542805037462098,1.8849628879157363,0.23805311391283746,-0.5372381041065286,0.5945148644406302,0.37202291005162347,40,0.6163241598074642,0.7863343880519127,False,0.7437148888207729,0.6152286897102625,True,0.3435723778674088,0.3349351909788034,0.040810188141615356,-0.04999999999999993,0.040102433856149304,-0.05,0.23805311391283746,0.8542805037462098,1.8849628879157363,0,1.1893437625719756,0.43019657578294235,0.7730384732653642,1.8298424133973075,0,,0,1
S0_null,1501165,0.9508864924544065,0.5844687733206592,1.547020410337949,0.8392850663178782,0.13246510605561101,0.45678191447992494,0.7734380645203565,40,0.12119080978854621,0.21632524735197345,True,0.8614467857449657,0.8813545601627767,False,0.5707810925958421,0.3682420104201014,0.0515941960814619,0.04999999999999999,0.07061977533748846,0.05,0.8392850663178782,0.5844687733206592,1.547020410337949,0,0.9146142414015507,0.7347059376430158,0.5458165581336196,1.5326013806450858,0,,0,1
S0_null,1501166,1.3720589593271282,0.88454669179558,2.128260503748401,0.15788039806979415,0.42426675230143307,0.49105098471305475,0.3931560881287957,40,0.08230558938468278,0.043040736634926864,False,0.9517491006663467,0.838791577176485,True,0.42129407423180876,0.4961197214971167,0.025161915288383907,-0.025000000000000022,0.007884793234706604,-0.025,0.15788039806979415,0.88454669179558,2.128260503748401,0,1.430860884971254,0.2125382117742198,0.8077333036824625,2.5347015689544765,1,0.0,0,1
S0_null,1501167,0.9532906231965912,0.6079010237242594,1.4949193648450823,0.8349253017399243,0.5457831325301254,0.4626530827636209,0.2456566618769144,40,0.7507429210196825,0.6256789779210823,True,0.8959957894590432,0.9350972814689358,True,0.13864784553006468,0.19559619309580967,0.4162656503131904,-0.22499999999999998,0.4168185470958629,-0.225,0.8349253017399243,0.6079010237242594,1.4949193648450823,0,0.9478178576712181,0.8387347049084563,0.5583867755487981,1.6088466465516225,1,0.0,0,1
S0_null,1501168,0.6912861188517555,0.4107931557441419,1.163301996235701,0.16442583297176117,0.3297240936798194,0.5743170513400676,0.5693639642100143,40,0.8720795176631425,0.9028303564965167,False,0.6576516947647031,0.9567457626268333,True,0.45539726119497914,0.355757552447618,0.02585559534250765,0.0,0.03557148962562426,0.0,0.16442583297176117,0.4107931557441419,1.163301996235701,0,0.6625685448881984,0.16692377913227363,0.3695961904835998,1.1877748958961314,0,,0,1
S0_null,1501169,1.1846923306410682,0.8121030631480284,1.7282238941930206,0.3790271979955082,0.03031867807612998,0.527591197055513,0.9544830361135799,40,0.371633394141033,0.31562325488791754,False,0.46291878648926876,0.21632524735197345,True,0.3666759828964373,0.39889689275791984,0.4137942343603103,-0.22499999999999998,0.4018423391082095,-0.225,0.3790271979955082,0.8121030631480284,1.7282238941930206,0,1.0881779192258692,0.6767588628112502,0.7314071343377402,1.6189768027938711,0,,0,1
S0_null,1501170,1.1647378345923685,0.7737391347514373,1.7533224860943994,0.4649350123494773,0.2243741588156118,0.5384950198456786,0.6793280025457582,40,0.005068668908398947,0.007775475390533616,False,0.18335499828394497,0.18741953478383777,True,0.25026812510314256,0.13437957836538034,0.15998186890183577,-0.125,0.15457597185817973,-0.125,0.4649350123494773,0.7737391347514373,1.7533224860943994,0,1.2481486518012688,0.32300908704841347,0.8041791615747028,1.9372238568614146,0,,0,1
S0_null,1501171,0.8923217317233724,0.5559431677941095,1.4322292619678,0.6369811481898171,-0.9693770178165728,0.5235360994153692,0.07207731144095983,40,0.9553114801129756,0.8813378789082349,False,0.8104543770163695,0.8493213804054363,True,0.855689301636245,0.9566024536618112,0.14910958547288838,-0.125,0.1308595450857383,-0.125,0.6369811481898171,0.5559431677941095,1.4322292619678,0,0.8243683210959246,0.4867752557585159,0.4783300201776961,1.4207411204800677,0,,0,1
S0_null,1501172,0.8433772156887794,0.5260897084339551,1.3520225097356229,0.4793048363181258,0.8887826471890201,0.5023710307892352,0.08510729725055287,40,0.9433445071736766,0.9783209485299075,False,0.7627221588367212,0.5970701131305456,False,0.018978706630708175,0.014808085060911937,0.1100932698087879,0.09999999999999998,0.15412438557420458,0.1,0.4793048363181258,0.5260897084339551,1.3520225097356229,0,0.8119987920595257,0.43435005518108694,0.4817290918029747,1.368698817500101,0,,0,1
S0_null,1501173,1.0558970371059986,,,,0.7500000000000002,0.578814835202911,0.2030866735904464,40,0.9131675460273913,0.7757857162764709,False,0.5408071766927307,0.6839559024449859,False,0.2410464297675099,0.321933466202842,0.05769524144398646,0.050000000000000044,0.024706122142071883,0.05,0.8434822323341317,0.6070671847794845,1.8365653438741176,1,1.05242074985642,0.8682859130052922,0.566661855649081,1.9545861851944573,1,0.0,0,1
S0_null,1501174,1.2568915468608006,,,,-0.2371766869755132,0.48083852818091666,0.6247464778467844,40,0.6790011752236758,1.0,False,0.5191909895421416,0.5058845375444871,False,0.9677857883984239,0.6533789106936937,0.04612424180033881,-0.025000000000000022,0.047582390994191696,-0.025,0.33103949828374823,0.7856762792849987,2.0107217211747885,1,1.271562051821804,0.3721011452133627,0.7423509185628037,2.1780400767382995,1,0.0,0,1
S0_null,1501175,0.9168433770983258,0.5561812245386024,1.5113810769617588,0.7335327355407848,0.23562231759656704,0.5173748882968182,0.6514693016806892,40,0.5132419123926578,0.4082543960442677,False,0.6525541652667943,0.8170757259497152,False,0.6939981711961144,0.6434666894030039,0.024836474664744524,0.0,0.021043143355250853,0.0,0.7335327355407848,0.5561812245386024,1.5113810769617588,0,0.9100294704024479,0.7368441918408735,0.5250997559550161,1.577135825353355,0,,0,1
S0_null,1501176,0.832053484028305,0.5541114120746802,1.2494111927626834,0.37539259284317594,0.5728741721854298,0.453271245916864,0.21418300611792573,40,0.5592704390908607,0.6448617037833635,False,0.3693422747844033,0.26542511992769224,False,0.7458800441345728,0.45459234445024577,0.01452828713195796,-0.025000000000000022,0.007884793234706604,-0.025,0.37539259284317594,0.5541114120746802,1.2494111927626834,0,0.7866732937390185,0.39211484094879145,0.4489873047502326,1.378334898414242,1,0.0,0,1
S0_null,1501177,1.0382254401234912,0.6472725623218357,1.6653140072136399,0.8763434690849203,-1.012784532406983,0.4914010485417278,0.046382163544332305,40,0.5014048723572946,0.7346445038923476,True,0.01685225045509288,0.0176864456320679,True,0.8717960164169345,1.0,0.22884599959517443,0.14999999999999997,0.17244622317316977,0.15,0.8763434690849203,0.6472725623218357,1.6653140072136399,0,0.9800774176001651,0.9371591211789462,0.5942866447495885,1.6163105009612848,0,,0,1
S0_null,1501178,0.967691921032219,0.5958761351891868,1.5715139417921422,0.8943907367723974,0.03746223564954765,0.5055780523345169,0.9413317017732228,40,0.10296761431955304,0.03815132659782262,False,0.7321764678850193,0.6249610733572561,True,0.7433617378677676,0.7643442744993402,0.2662874670407003,0.175,0.28851620086324586,0.175,0.8943907367723974,0.5958761351891868,1.5715139417921422,0,0.8681998750600322,0.5898849600729104,0.5193067094764005,1.4514948667123084,0,,0,1
S0_null,1501179,0.8498949157177544,0.547847371940913,1.318471904325925,0.46787316049562133,0.9000000000000019,0.5254457644293657,0.09511301442158082,40,0.21202629374935833,0.15413273538501074,False,0.6005137394989017,0.3430391801563403,True,0.08235434893525562,0.2056671796173556,0.09947708726311458,-0.09999999999999998,0.07502426537113577,-0.1,0.46787316049562133,0.547847371940913,1.318471904325925,0,0.8156106927440256,0.41368400547623607,0.5003150884904425,1.3296037185796308,0,,0,1
S0_null,1501180,1.4142851270297951,0.928237304135657,2.154839513156826,0.10666742436175926,0.2670112140419343,0.5575125283406798,0.634804614547097,40,0.32411679150980177,0.5148044614038421,False,0.5060895802863894,0.7337615171375262,False,0.6867015203115527,0.7128989589612887,0.030607922493560768,0.050000000000000044,0.040102433856149304,0.05,0.10666742436175926,0.928237304135657,2.154839513156826,0,1.5526252616790792,0.12998919204774567,0.8734051938330603,2.760053661490811,1,0.0,0,1
S0_null,1501181,1.1523005638229453,0.7354098568683263,1.8055191632064527,0.5361216976841159,0.21134347275031828,0.5265636161013817,0.6904612145690956,40,0.26810162007583305,0.3558030448296823,True,0.06725913065927369,0.1422493944347796,True,0.506547195871654,0.5855541434660434,0.03657000862900375,-0.050000000000000044,0.03231112320566666,-0.05,0.5361216976841159,0.7354098568683263,1.8055191632064527,0,1.0872486399041874,0.7327035479408945,0.6727388352979786,1.7571597519710742,0,,0,1
S0_null,1501182,1.3965196718235888,0.900551294828683,2.1656369881310034,0.13569444833459943,1.1676048665335026,0.5789937690166796,0.05103778013761272,40,0.20101460866543308,0.38478381582836185,True,0.4219734553234191,0.3567562556778472,True,0.6400734312097245,0.6346228520298667,0.08334184191988608,0.09999999999999998,0.11978503962277386,0.1,0.13569444833459943,0.900551294828683,2.1656369881310034,0,1.3144672872241596,0.2976112161974327,0.7857664789323455,2.1989029762762464,0,,0,1
S0_null,1501183,0.9360705612443966,0.5918769211915952,1.4804228113242446,0.7775800490661984,-0.7761480882055429,0.48760692399188127,0.11994978392701833,40,0.808976294576234,0.5874352994654153,False,0.8081686410576544,0.9352010289139263,False,0.5500403280497205,0.9781978222609785,0.2662874670407003,-0.175,0.28851620086324586,-0.175,0.7775800490661984,0.5918769211915952,1.4804228113242446,0,1.0219554623878866,0.9357711769207069,0.6026059208360549,1.7331276228674442,0,,0,1
S0_null,1501184,1.0805163136458187,0.6652242940284453,1.7550704544846727,0.7543578334725027,-0.13782941058137066,0.4989431172839409,0.7838988442945888,40,0.3315965022766971,0.3019455413233354,False,0.7936632893366116,0.713381212169772,True,0.15965397810408322,0.331504608583312,0.09238834902939588,-0.09999999999999998,0.07502426537113577,-0.1,0.7543578334725027,0.6652242940284453,1.7550704544846727,0,1.0952999658141298,0.732500632064297,0.6498925156811709,1.8459698891208387,0,,0,1
S0_null,1501185,0.8002223540849542,,,,0.9396470142897722,0.6020326209652826,0.12708674459642538,40,0.8877303761291514,0.9028257941375736,False,0.7048282338474721,0.9674941123991511,True,0.7420243076334034,1.0,0.02550655029291358,-0.025000000000000022,0.02319930679535069,-0.025,0.44640397796210246,0.4453439797123157,1.437890361492984,1,0.7953371465501382,0.4545128457281377,0.43080783650698923,1.4683139977474706,1,0.0,0,1
S0_null,1501186,0.64663134538108,0.4014141045669601,1.0416477449899793,0.07309658871488145,-0.18695345971007482,0.46265218330934305,0.6884722862275676,40,0.8372166538820021,0.6740760151157846,False,0.7937399938111088,0.9028485995083391,True,0.07869388528622669,0.31491484835161965,0.191443279353023,-0.15000000000000002,0.20912510240144702,-0.15,0.07309658871488145,0.4014141045669601,1.0416477449899793,0,0.6369478119874011,0.10295330992867303,0.37038501454047723,1.0953534815626318,0,,0,1
S0_null,1501187,1.2355374551093894,,,,-0.28388074785245115,0.5269541971982054,0.593306798076208,40,0.711184441838975,0.8601775963561142,False,0.45594682398483544,0.49713995940618716,True,0.20820360004541305,0.210648902546837,0.05895220731585739,-0.07499999999999996,0.05494849062323593,-0.075,0.4595419821867543,0.6968411442441946,2.190675472576911,1,1.1709719627243818,0.6148357573457246,0.6240410918141496,2.197251680174534,1,0.0,0,1
S0_null,1501188,1.2859384868244927,0.8581053034384669,1.9270802607445314,0.2230296044688519,-0.7805868405453449,0.5597508477308409,0.17147618075829757,40,0.2571092900261567,0.3623988889850751,True,0.431916321723703,0.9459190956661397,False,0.6148936607927611,0.5221037523758965,0.040827876351004724,0.04999999999999993,0.03231112320566666,0.05,0.2230296044688519,0.8581053034384669,1.9270802607445314,0,1.307693094711896,0.2109288637029333,0.858966673298596,1.9908353642990761,0,,0,1
S0_null,1501189,0.8954837738452924,,,,0.34697766097240357,0.5057777439297814,0.4969720957390879,40,0.3541330086984106,0.12801898881369156,False,0.9478716016403996,0.9675294078594084,False,0.5122887552700449,0.5585736153928207,0.02798946775586114,0.0,0.030615155837911714,0.0,0.6545468578617425,0.5457597603676562,1.4693116778708737,1,0.8917578785367115,0.7086781365112693,0.4818003989865909,1.6505426637357943,1,0.0,0,1
S0_null,1501190,0.9875477621955919,0.6432871473305822,1.5160423873918076,0.9543090891327999,0.16577053846762074,0.4338516228085487,0.7045801934479167,40,0.4324462709819058,0.4718757798307095,True,0.2430101069034475,0.32220742070851505,False,0.275106554806013,0.157090530208939,0.09972657174424784,-0.09999999999999998,0.09888517876815865,-0.1,0.9543090891327999,0.6432871473305822,1.5160423873918076,0,1.0926998560229537,0.708504786598512,0.6865344993180419,1.739159469099685,0,,0,1
S0_null,1501191,0.9932226908520325,0.6297907454173458,1.5663795011303796,0.976659679641185,0.23871871871871875,0.5330662010564555,0.6568928974546376,40,0.5730136047572167,0.9675767985953364,False,0.6949371366879084,0.6446745645879063,True,0.694092316166385,0.8491523843313779,0.15135544073138588,0.125,0.11722504994521371,0.125,0.976659679641185,0.6297907454173458,1.5663795011303796,0,0.9564074913586202,0.8571369722472957,0.5886993314846378,1.5537902637328862,0,,0,1
S0_null,1501192,0.9684462614165807,0.6002442206209869,1.5625109397662396,0.8954838707209106,-0.4541445783132505,0.5151604171301856,0.38370617836033577,40,1.0,0.9131358854982667,True,0.8959408988988655,1.0,True,0.7317055703685228,0.44669039651904674,0.2735176194429674,-0.17500000000000004,0.2726804591866725,-0.175,0.8954838707209106,0.6002442206209869,1.5625109397662396,0,1.0662029599148668,0.8044343399633882,0.6419106765222933,1.7709453874331111,0,,0,1
S0_null,1501193,0.812286220604406,0.5274722828992631,1.2508882941813277,0.34528405105754556,-0.37223506107626325,0.498957225226274,0.4603655211833302,40,0.09722455822615668,0.09176773358193725,False,0.6140515377913724,0.5782720390827865,False,0.39116445994801097,0.43080056970186653,0.034270338815231276,0.025000000000000022,0.03523306392910041,0.025,0.34528405105754556,0.5274722828992631,1.2508882941813277,0,0.7443136709072743,0.19807502250672537,0.4747472050355239,1.1669428167734193,0,,0,1
S0_null,1501194,0.8180035401722103,0.5380012300083251,1.2437328288708833,0.3473779769776969,-0.053627161535218626,0.5316353519465552,0.9201966478688105,40,0.16126505382928813,0.3357110066310116,True,0.716750980072496,0.9134966014488625,False,0.005628636406407843,0.014149167932463513,0.18327319377366127,-0.15000000000000002,0.17244622317316977,-0.15,0.3473779769776969,0.5380012300083251,1.2437328288708833,0,0.840484950565438,0.4593549077996445,0.530414632541874,1.3318164861736128,0,,0,1
S0_null,1501195,0.7391813787067674,0.4734982855901328,1.1539410537587458,0.18355589858297083,-0.5915666406858897,0.49778496006502854,0.24224878078363146,40,1.0,0.9027527088850081,False,0.5455179822766112,0.7858317894738996,False,0.34743913451494257,0.21021544031334016,0.025987391726102153,0.0,0.04057201317469065,0.0,0.18355589858297083,0.4734982855901328,1.1539410537587458,0,0.7106696670297409,0.1727986807596632,0.43492155832231416,1.1612470478225327,0,,0,1
S0_null,1501196,1.1585126885683978,0.732347476491639,1.8326705459594772,0.5294911593728162,-0.10591577879249092,0.5000186350281013,0.8334071409060992,40,0.6011634039422069,0.6739744998985429,False,0.019543834563407466,0.027869565953252424,True,0.005589645101793647,0.00860728198158904,0.13395044041958828,0.125,0.14326057979794618,0.125,0.5294911593728162,0.732347476491639,1.8326705459594772,0,1.2404149519184497,0.43281435959759473,0.7240499987713476,2.1250317734324637,0,,0,1
S0_null,1501197,0.8895031354457802,0.5769607386643957,1.3713512461861037,0.5960070004552992,-0.6695722097137349,0.5869092535549253,0.26126529871611337,40,0.9108095103784667,0.9243352822495483,True,0.4722941755398442,0.5150623030763237,False,0.26529091054432474,0.15801499689940723,0.05053522996140345,-0.04999999999999993,0.03231112320566666,-0.05,0.5960070004552992,0.5769607386643957,1.3713512461861037,0,0.8536627975544953,0.5228652938854114,0.5254167214867255,1.3869755988475494,0,,0,1
S0_null,1501198,1.6291058265575706,1.0339324730843336,2.5668850367052465,0.03539470503656555,-0.7944072056975291,0.4592092611067465,0.09197486183104624,40,0.8372446434794041,0.8814600449922301,True,0.7780458784827948,0.7960526186134768,True,0.8365830455611742,0.6340290150677239,0.1803697671538493,0.125,0.11722504994521371,0.125,0.03539470503656555,1.0339324730843336,2.5668850367052465,0,1.7209503528587722,0.026830387494121408,1.0642656123436411,2.7828298524865214,0,,0,1
S0_null,1501199,1.2357279561494618,0.8016611524507674,1.904824222729323,0.33772309613905527,-0.3912534225737744,0.551476786277417,0.48248320143965645,40,0.6872236535481593,0.5965854584987518,False,0.36493613803355796,0.4002356346948307,True,0.003676166721673596,0.012126106001431382,0.07122587513949757,0.07500000000000007,0.024630214771563665,0.075,0.33772309613905527,0.8016611524507674,1.904824222729323,0,1.1836966964786395,0.47166469843420833,0.7478328035077544,1.873597765011542,0,,0,1
S0_null,1501200,1.1579108799461582,0.7599108678014267,1.7643616675423588,0.4950500121205754,-0.43737053734616843,0.4909300506754799,0.3787386556723028,40,0.9404239795923969,0.8071322098953038,True,0.6867015203115527,0.703554888291656,False,0.5000940448584756,0.40692468335558063,0.07585519764137363,0.07500000000000007,0.0743759621482963,0.075,0.4950500121205754,0.7599108678014267,1.7643616675423588,0,1.1395443913669805,0.5588337060808968,0.7353981608591328,1.765793673428406,0,,0,1
S0_null,1501201,0.8671027118953682,0.5695392175090378,1.3201322926710852,0.5061002234647402,-0.7931612559872258,0.4728196498377199,0.10187152378519132,40,0.872053822505649,0.7758782894289367,False,0.9198151206572287,0.956713131478602,False,0.5122230281553507,0.334110919317416,0.011987912738211082,0.0,0.008700382961356227,0.0,0.5061002234647402,0.5695392175090378,1.3201322926710852,0,0.8139307825578388,0.3722859223201187,0.5178071730150579,1.279401586767804,0,,0,1
S0_null,1501202,0.9044320190604376,0.5407896482306643,1.5125978830734519,0.7018542426069917,0.07812642110049967,0.5198241518411488,0.8813490577459042,40,0.6949553790276981,0.734149662803049,False,0.519445099652506,0.40801126785965935,True,0.046899934462677206,0.15677534783810462,0.3426945423228332,0.19999999999999996,0.31989262858668743,0.2,0.7018542426069917,0.5407896482306643,1.5125978830734519,0,0.8990785324549511,0.6787439050728052,0.5434500986344596,1.4874267380804416,0,,0,1
S0_null,1501203,0.7286575088029045,0.43275874574143536,1.2268770310469517,0.23373602811458216,0.7347616941280568,0.6216183839467545,0.24474118103327253,40,0.4548796929223372,0.5688736982070561,False,0.17637993465574242,0.217258752928288,True,0.9810714776280657,0.8704046973016621,0.037469480964170215,0.025000000000000022,0.05370801749285708,0.025,0.23373602811458216,0.43275874574143536,1.2268770310469517,0,0.7983644019028123,0.39029256372058896,0.4776150385055554,1.3345176906908083,0,,0,1
S0_null,1501204,0.993679037541662,0.650423118174937,1.5180856923110695,0.9766044403248542,0.218851570964248,0.48448354522831394,0.6541066517941149,40,0.14511919744161153,0.2223762475932416,False,0.1351526534160222,0.08747109017507096,True,0.7786722698497466,0.8919494426050494,0.1106629396565126,-0.125,0.1308595450857383,-0.125,0.9766044403248542,0.650423118174937,1.5180856923110695,0,1.0390553639486435,0.8712547747534791,0.6537555123523225,1.651437011162989,0,,0,1
S0_null,1501205,0.6803688531292581,0.404996100806949,1.1429783530905524,0.14565360159047727,-0.7799915243976268,0.5986020065808418,0.2006184656536992,40,0.5729358569653564,0.8177121120474402,True,0.8518097163115469,0.9459471049485805,False,0.8786793944744581,0.7858218991243203,0.07603830108010909,0.07500000000000007,0.0743759621482963,0.075,0.14565360159047727,0.404996100806949,1.1429783530905524,0,0.6839867863048091,0.1689711701256258,0.3981149104231772,1.1751328864882031,0,,0,1
S0_null,1501206,1.1119010893049197,,,,-0.19012507106310683,0.5081835174578456,0.7104455195485447,40,0.2573351613353031,0.19512797849040564,False,0.054294773065365,0.05017416446560015,False,0.8866897393567406,0.9566988321099037,0.10323405915988365,-0.09999999999999998,0.07502426537113577,-0.1,0.6834449559811955,0.6595740063063594,1.8744280711135517,1,1.020106081928146,0.94828365117214,0.5505230961409499,1.8902320823255074,1,0.0,0,1
S0_null,1501207,0.7950186756702855,0.5214126413273353,1.2121967220732184,0.2864973096264357,-0.023201094391246624,0.5471196474782737,0.9664031550988228,40,0.5379518219180597,0.6840405544741689,False,0.8720666720196457,0.7964865373335823,False,0.7463818317130587,0.9242210810682532,0.06083890369916264,0.07499999999999996,0.04481321300021269,0.075,0.2864973096264357,0.5214126413273353,1.2121967220732184,0,0.8439290907357003,0.46372393800263145,0.536022426470571,1.3287061791044084,0,,0,1
S0_null,1501208,0.6195362785943477,0.37891401721058515,1.0129612077169965,0.05631018360987099,0.45172919467187866,0.4761170449039255,0.34888993731150253,40,0.0328496716482027,0.09013437166092382,True,0.3602914918830409,0.38527771639632014,False,0.2487221851492024,0.4771807889488152,0.03782808849178665,-0.025000000000000022,0.059747121331570494,-0.025,0.05631018360987099,0.37891401721058515,1.0129612077169965,0,0.5478324709807081,0.03388390012786951,0.3141882160154184,0.9552249287608556,0,,0,1
S0_null,1501209,0.7702429311395177,0.5218934034095171,1.1367726993568992,0.18868848357822487,0.8657488091088632,0.4443617421984837,0.05899473872521696,40,0.4341762680923993,0.4478916055929566,False,0.04392960915410176,0.04043174819156741,True,0.14655509390329655,0.19720867114740293,0.03995135682444043,-0.024999999999999967,0.029131773706320103,-0.025,0.18868848357822487,0.5218934034095171,1.1367726993568992,0,0.8720619563793217,0.5406791765008414,0.56244541277636,1.352117091701693,0,,0,1
S0_null,1501210,0.8207971948443353,0.5633939779649219,1.1958026912142043,0.3036761958532652,0.6000000000000006,0.4748729143387498,0.2143144557647935,40,0.05199663263237017,0.11548570424631381,False,0.4456579243744325,0.45599819501421035,True,0.8419888756655312,0.9673018205301788,0.13628442276665592,-0.125,0.1308595450857383,-0.125,0.3036761958532652,0.5633939779649219,1.1958026912142043,0,0.8515970055442145,0.43794121574298883,0.567480100653215,1.2779610404260688,0,,0,1
S0_null,1501211,1.4995916997954721,,,,0.10000000000000048,0.6055876363723003,0.8697414650358504,40,0.47801043110414165,0.43180094776812794,False,0.4658824417765691,0.9136671845398953,True,0.895082297146429,1.0,0.046042864737170036,0.050000000000000044,0.06323483829154,0.05,0.17100867718681506,0.8332195913660134,2.698898692970891,1,1.4994152285133444,0.18595326752336147,0.8158896285030502,2.755576182066052,1,0.0,0,1
S0_null,1501212,1.1728270400466394,0.6813039016240274,2.0189569773279143,0.565126285742473,0.09999999999999859,0.4644468105363747,0.8307081711754539,40,0.6675228235494093,0.6447369771165368,True,0.12598395440254068,0.13268204778690512,False,0.5842580597894764,0.5217272874552288,0.14790824068324224,0.15000000000000002,0.15691990455744992,0.15,0.565126285742473,0.6813039016240274,2.0189569773279143,0,1.1825373184335086,0.5872766530666719,0.6454842174356573,2.166427112723801,0,,0,1
S0_null,1501213,0.8079893922079471,0.5214264448909643,1.2520401761692097,0.3400337550872644,0.17152194211017724,0.44375316180734764,0.7013214986415065,40,0.6873136565815477,0.5691469364735394,True,0.6273260411504213,0.8070965304147605,False,0.39124607374600173,0.4030185765565014,0.29105205871226164,-0.175,0.30709826412016655,-0.175,0.3400337550872644,0.5214264448909643,1.2520401761692097,0,0.7742840410530281,0.2591659285973863,0.49650163536194564,1.2074799628653088,0,,0,1
S0_null,1501214,1.2572920072999738,0.8062482466908706,1.9606655866955294,0.3125095992600697,0.5962069446381253,0.46897623093126334,0.21155797298883694,40,0.5326648200670738,0.3491832359599938,False,0.33350120185675347,0.44761343863719383,True,0.5123390598039707,0.47892419136089426,0.04294923204619876,0.025000000000000022,0.05370801749285708,0.025,0.3125095992600697,0.8062482466908706,1.9606655866955294,0,1.194265104982726,0.4690600502000257,0.7385526793590403,1.9311677837486174,0,,0,1
S0_null,1501215,1.0913858768824514,0.712735428329255,1.671199557247527,0.6875008332926302,0.3499999999999989,0.3523578286592105,0.3270116214309624,40,0.3801064937160792,0.4397397921302342,True,0.16494334222683416,0.15883936920040875,True,0.3487178501896665,0.46323855019233495,0.13395044041958828,-0.125,0.1308595450857383,-0.125,0.6875008332926302,0.712735428329255,1.671199557247527,0,1.1646505816630068,0.49592635827930476,0.7510275021298881,1.8060736438029839,0,,0,1
S0_null,1501216,0.9219804584513317,0.5829495959153665,1.4581843296955281,0.7283660945569663,0.6500000000000006,0.48308330541537303,0.1866444468640388,40,0.11252662632887579,0.07748398888493113,True,0.7650394658836551,0.9028075382733256,False,0.4761734727715904,0.34849978100493717,0.03690132453870612,0.025000000000000022,0.0414069212922549,0.025,0.7283660945569663,0.5829495959153665,1.4581843296955281,0,0.9158488869352441,0.7341596867835157,0.5514327688427253,1.521090568231636,0,,0,1
S0_null,1501217,0.6850178887681992,0.42020159986543354,1.1167247056715508,0.1292145125373025,-0.06880434782608486,0.4567234918050382,0.8810719329351692,40,0.7650991206849344,0.7042744726562589,True,0.3698022569076965,0.3640529768812689,True,0.4055205866448518,0.6828777277910256,0.13647368619640002,-0.125,0.14326057979794618,-0.125,0.1292145125373025,0.42020159986543354,1.1167247056715508,0,0.6151047276363418,0.06690010388841605,0.36576219736388776,1.0344257243844244,0,,0,1
S0_null,1501218,0.9964091725663806,0.6809531009338277,1.4580023761003456,0.9852226579527487,-0.290802387938882,0.4734733539210679,0.5428484587404718,40,0.6289191701527344,0.3495469055810412,True,0.7320197774782379,0.9783516609262346,True,0.678352201713118,0.6536401064680921,0.02585559534250765,0.0,0.02575178272878667,0.0,0.9852226579527487,0.6809531009338277,1.4580023761003456,0,1.004473332355377,0.983104683938432,0.6645583259749684,1.5182515002469774,0,,0,1
S0_null,1501219,0.904930099583082,0.5665671243987884,1.4453688713414485,0.6758501932408529,-0.5054262491918331,0.4577493038966701,0.276655035889512,40,0.7087842319735201,0.7040751133967159,False,0.8959235866000274,0.9351614195489254,False,0.6938493443066314,0.567407642089051,0.018657058469403805,0.0,0.02575178272878667,0.0,0.6758501932408529,0.5665671243987884,1.4453688713414485,0,0.8814192305515819,0.6277278837921697,0.5292038220750289,1.4680541363814943,0,,0,1
S0_null,1501220,0.9093031267269431,0.5791846476361668,1.4275795804497844,0.6795084651112078,0.4872615997722726,0.5533748315167305,0.38425761782370954,40,0.7793314736775008,0.43941629034295226,True,0.12923236625133355,0.12073116203310778,True,0.6344184946765422,0.8593030229017008,0.011987912738211082,0.0,0.005544304085089134,0.0,0.6795084651112078,0.5791846476361668,1.4275795804497844,0,0.8735171356804602,0.5711842007458517,0.5470346854335336,1.3948515636127905,0,,0,1
S0_null,1501221,1.4171738386422508,0.9159673102492027,2.1926346786170803,0.11739889706277254,0.1079006017383572,0.5103109257504724,0.833703591739568,40,0.10672604065961915,0.5502941501244987,False,0.856167422306533,0.7653288326260835,True,0.4828470842740279,0.9455509669767148,0.0665242675003778,0.07500000000000007,0.06483499538239326,0.075,0.11739889706277254,0.9159673102492027,2.1926346786170803,0,1.282331729714094,0.29865460357301266,0.8022917513253536,2.049596873350747,0,,0,1
S0_null,1501222,0.8120480612646594,0.5302535088689102,1.2435977184013602,0.3383557353108394,-0.26233628786876323,0.6057200361516987,0.6674577895845613,40,0.6538204863235495,0.6348467962613842,False,0.21170205909362694,0.22731594091680152,False,0.985042001520446,0.9025278552805798,0.05053522996140352,-0.04999999999999999,0.047919065615694055,-0.05,0.3383557353108394,0.5302535088689102,1.2435977184013602,0,0.78007558743682,0.3162456332140333,0.47994685736895965,1.2678860435731556,0,,0,1
S0_null,1501223,0.7057946127889848,0.41904099392474903,1.1887763790752404,0.19023705957713466,0.78449879435067,0.610210197661163,0.20656400783576828,40,0.8247641266753114,0.8281588560889054,False,0.6472757699780861,0.5141082414053292,False,0.12013475280181114,0.16076047497269663,0.03842734334436419,-0.050000000000000044,0.047919065615694055,-0.05,0.19023705957713466,0.41904099392474903,1.1887763790752404,0,0.6769085529908999,0.16992768613846,0.3877139223661639,1.1818125754057829,0,,0,1
S0_null,1501224,1.1024789414320604,0.7040319430039514,1.7264270866958864,0.6698502361857582,-0.21913230170947162,0.44794547854399874,0.627591826589054,40,0.43282219473061434,0.4397613393829046,True,0.8090522765708539,0.989171255937994,False,0.9477475454570223,0.8380439949571833,0.11562629065403855,-0.10000000000000009,0.12922584838072262,-0.1,0.6698502361857582,0.7040319430039514,1.7264270866958864,0,1.0805316952221435,0.7485682574378217,0.6729004195220482,1.7350988504494214,0,,0,1
S0_null,1501225,1.425441977795044,0.8880033670958895,2.288149918513583,0.14209063434671024,-0.011927137718992897,0.4928763311375133,0.9808238800840087,40,0.4779720677177939,0.635181943723315,False,0.9678316387265934,0.859785076263784,True,0.3641084593689967,0.4310620368011674,0.49999999999999983,0.24999999999999994,0.5,0.25,0.14209063434671024,0.8880033670958895,2.288149918513583,0,1.466284971822991,0.12737742606710983,0.896446462432333,2.39834915825354,0,,0,1
S0_null,1501226,0.6799262962535606,0.4312489380435496,1.0720021026240751,0.096781596125075,0.03732899970893644,0.4369945719390338,0.9323863837465833,40,0.34904480845753494,0.2658316928451969,True,0.7781334383966498,0.9459623644079963,True,0.8078562525456189,0.7535963172887649,0.2072914152067735,-0.17500000000000004,0.1649384004605626,-0.175,0.096781596125075,0.4312489380435496,1.0720021026240751,0,0.681516647385314,0.12798760320327246,0.4159555645152599,1.1166215343328552,0,,0,1
S0_null,1501227,0.713471007771023,0.4440071650072331,1.1464699650094763,0.16297755776290745,-0.5176604202157866,0.45954623779001,0.2672240800255967,40,0.10678975173909977,0.17889690191371121,True,0.8561096855389451,0.859791645376049,True,0.02713520236638889,0.013828191804290506,0.04173357659711863,-0.02499999999999991,0.03523306392910041,-0.025,0.16297755776290745,0.4440071650072331,1.1464699650094763,0,0.6450932097492394,0.10027580164829156,0.3824628884874262,1.0880670041225644,0,,0,1
S0_null,1501228,1.041452370860474,0.6667718068883743,1.6266780172252864,0.8583144497399551,-1.5597000090358732,0.5660549056869718,0.009042316009465923,40,0.3955281068354378,0.21610775206750366,True,0.048814511865831106,0.15720866205029624,True,0.8559360571845638,0.9027115258944922,0.26144730139243727,-0.17500000000000004,0.2633115521089342,-0.175,0.8583144497399551,0.6667718068883743,1.6266780172252864,0,1.0555174072840323,0.8261541087080578,0.6517305284955974,1.7094749261651814,0,,0,1
S0_null,1501229,0.6974118919164286,0.4328061319953648,1.1237903325077228,0.13873774197589867,0.14188285009977578,0.49998241165717466,0.7781642466971662,40,0.9826169904252867,0.9566701908081291,True,0.6412697068858548,0.6643151641400875,False,0.04326628795699123,0.08645554162391766,0.05004697972219608,-0.050000000000000044,0.04010243385614931,-0.05,0.13873774197589867,0.4328061319953648,1.1237903325077228,0,0.629746164772604,0.07642698416084011,0.37757493929114205,1.05033515410303,0,,0,1
S0_null,1501230,0.8965760001833571,0.5282849263994284,1.521619270084964,0.685825020822586,-0.6202315227070343,0.5088647943956564,0.2306140768267487,40,0.5537560765420277,0.7344275968956999,False,0.6148018358146565,0.4551474432749988,True,0.8614467857449657,0.577211084479132,0.09947708726311456,0.09999999999999998,0.11978503962277386,0.1,0.685825020822586,0.5282849263994284,1.521619270084964,0,0.9100528600747337,0.7362272216747403,0.525893799495651,1.5748354685384571,0,,0,1
S0_null,1501231,0.9902750243432188,0.6107912947492694,1.605531434825898,0.9683821900025713,0.3677835289767985,0.5181139667052722,0.4822467505496897,40,0.5500138296574033,0.7445909646760571,False,0.9038398092608829,0.7039286603380348,True,0.5860328058669461,0.48871913079468066,0.4243527246638325,-0.22499999999999998,0.4018423391082095,-0.225,0.9683821900025713,0.6107912947492694,1.605531434825898,0,1.0013555622526096,0.9959671085778928,0.592188417938095,1.6932329840990905,0,,0,1
S0_null,1501232,1.2951653338014149,0.8330816522854299,2.013552017715309,0.2506383596872054,-0.6499999999999972,0.5303398597739565,0.22808265384637116,40,0.9553114801129756,0.9457809612174741,False,0.10790368541795604,0.04159313103479567,False,0.7939932243397056,0.6731735707436699,0.03527926054571749,0.050000000000000044,0.06323483829154,0.05,0.2506383596872054,0.8330816522854299,2.013552017715309,0,1.303526602468196,0.2644568995581963,0.8183272198972424,2.0764085099792293,0,,0,1
S0_null,1501233,1.1352993218589202,0.712396471380773,1.809251732697606,0.5935506440570055,0.6266451122099653,0.550408968390556,0.2622265673522816,40,0.8275218671318506,0.9457835288894564,False,0.09827397910362708,0.15817214741258978,True,0.935774145836325,0.8384832302855912,0.23147089878453073,0.175,0.24051773093342974,0.175,0.5935506440570055,0.712396471380773,1.809251732697606,0,1.0173953893177625,0.9437806579866392,0.6299749797311054,1.64307061630742,0,,0,1
S0_null,1501234,1.1594449453371447,0.7352504507980543,1.8283736919966698,0.524388647173059,-0.9499999999999994,0.4672885302695667,0.04927339516365004,40,0.03388158869102983,0.046245842176788766,False,0.965250472617403,0.881393455748387,True,0.4176530284743384,0.5054617477105254,0.016705858489746397,0.0,0.021043143355250853,0.0,0.524388647173059,0.7352504507980543,1.8283736919966698,0,1.2299412932543559,0.45713795268242297,0.712785616653449,2.1223149703197337,0,,0,1
S0_null,1501235,1.367383623022603,0.827159172881728,2.2604330989844033,0.22244286897993104,0.8873079208761354,0.4817039789823696,0.07349836101371995,40,0.9850786654758455,0.9028805000700225,True,0.5254005512323752,0.65409960604161,True,0.24338379914708552,0.14200382669454975,0.03476688618481797,0.050000000000000044,0.01108296880350949,0.05,0.22244286897993104,0.827159172881728,2.2604330989844033,0,1.364036408861532,0.2716519534068679,0.7842141411778791,2.3725602829671946,0,,0,1
S0_null,1501236,0.9836849179519849,0.6120124891557556,1.5810723391299004,0.945834115520027,0.5751984710379292,0.4695864838555235,0.22835249596594237,40,0.02892316972915383,0.01961967541988687,False,0.04493965638406746,0.02262520439970652,True,0.5183836634182658,0.4969160330669775,0.2183902007743956,-0.1499999999999999,0.24333222343259678,-0.15,0.945834115520027,0.6120124891557556,1.5810723391299004,0,1.0901815558522931,0.7372709800456576,0.6582846647124598,1.8054435845618002,0,,0,1
S0_null,1501237,0.7163680030624382,0.42989744679148106,1.1937338070783696,0.20044906813472096,0.3896418882257202,0.5212558097908874,0.4594827385636772,40,0.6868628636128575,0.9566988321099037,False,0.4685750006353021,0.4976477848450125,False,0.23718943872948162,0.4871301933550257,0.02251366758612555,0.0,0.04557867741325277,0.0,0.20044906813472096,0.42989744679148106,1.1937338070783696,0,0.773741821185804,0.31846116735025765,0.4674429363555263,1.2807475721412662,0,,0,1
S0_null,1501238,1.1604285358455504,0.6886605890297512,1.955381806735673,0.5762431137823671,-0.4092493869282454,0.5748297774409962,0.4809617403041469,40,0.1774903485860274,0.12240528697791728,False,0.23056118036780393,0.17460838909358434,True,0.3683352997847015,0.40692468335558063,0.19597248303556342,0.15000000000000002,0.20912510240144702,0.15,0.5762431137823671,0.6886605890297512,1.955381806735673,0,1.2467349104518484,0.4748165170651118,0.6719397979039661,2.313224996923797,1,0.0,0,1
S0_null,1501239,0.8194217869259879,0.5179018386500158,1.2964851923275915,0.3949035559063371,0.6999999999999987,0.5131325003739283,0.18075509022366626,40,0.985098196310672,0.967527875664251,True,0.7944456421178256,0.7344034632902456,True,0.5123773721921236,0.7335668060742679,0.05564970176162468,0.025000000000000022,0.007884793234706604,0.025,0.3949035559063371,0.5179018386500158,1.2964851923275915,0,0.8655640400163574,0.5429204729319346,0.5436371353289402,1.378127171014756,0,,0,1
S0_null,1501240,1.037655349242408,0.6838600812620248,1.5744867310054749,0.8620624430336586,-0.2873331862799171,0.573304868567318,0.6192081252883297,40,0.5731301472598336,0.455019491538766,True,0.8879113907026548,0.8600340553613568,False,0.8718347866921685,0.5865688850013832,0.036765621470748265,0.050000000000000044,0.03231112320566666,0.05,0.8620624430336586,0.6838600812620248,1.5744867310054749,0,1.0895205410165045,0.6962009822756021,0.7084749501924106,1.6755073824057034,0,,0,1
S0_null,1501241,1.061314668630649,0.6599463234756151,1.706788545950895,0.8060758452866525,0.047454702329594145,0.4637348591815939,0.919046118891655,40,0.43268730337873096,0.49797199549418303,True,0.35036251666935947,0.5236596541820063,False,0.8235109682894248,0.8919138594947726,0.1955908522314766,-0.15000000000000002,0.17244622317316977,-0.15,0.8060758452866525,0.6599463234756151,1.706788545950895,0,1.1512690633327798,0.5946807942199157,0.6852046202258258,1.9343425555862597,0,,0,1
S0_null,1501242,0.604753622367284,0.3689355962373967,0.9913029468997607,0.04608577657501721,-0.004556664709337577,0.5682891640700971,0.9936455361256623,40,0.955272488315608,0.7757239370938698,True,0.12562768473423955,0.14693335154713805,False,0.8443915600809218,0.9891553665820235,0.03755613355375243,0.025000000000000022,0.007884793234706604,0.025,0.04608577657501721,0.3689355962373967,0.9913029468997607,0,0.6592061478073967,0.10743990494123337,0.39689623706331617,1.094877463496193,0,,0,1
S0_null,1501243,1.0859342871160123,0.6761255310923617,1.7441336286013887,0.7330890489488537,-0.2509680048909752,0.5909306763292356,0.6735152811800307,40,0.23488622285128846,0.17965612913722162,False,0.5862878803499507,0.49720097890901804,False,0.9193165096549747,0.9129870137504145,0.10596926150594504,0.09999999999999998,0.13806267595474211,0.1,0.7330890489488537,0.6761255310923617,1.7441336286013887,0,1.1249930719381815,0.6360853459961124,0.6906867817969787,1.8323926926994838,0,,0,1
S0_null,1501244,0.6394289930522529,0.3938240542564218,1.0382033111913478,0.07055181989099805,0.7666419483256579,0.5878634441891698,0.20024913106342465,40,0.6811385314085108,0.8068641302078957,False,0.8105647743270398,0.8811874303189947,False,0.2937416835590474,0.24162952043546282,0.055830744407851636,-0.07499999999999996,0.04481321300021269,-0.075,0.07055181989099805,0.3938240542564218,1.0382033111913478,0,0.6495395011489692,0.09701771583505198,0.39019376541436457,1.0812616729147768,0,,0,1
S0_null,1501245,0.7298111525105162,,,,0.07580316412695376,0.4720024628874082,0.873282820170487,40,0.37964909064477614,0.7345843052339669,False,0.575319768979316,0.45529660830544405,True,0.37009506389504043,0.5137290475434976,0.03327609947008255,-0.04999999999999993,0.047919065615694055,-0.05,0.26958369657800985,0.4132014518249589,1.289018506533126,1,0.6857375580808661,0.20781123653075437,0.37793922605487174,1.2442106194460936,1,0.0,0,1
S0_null,1501246,1.0130447394714723,0.624580820566569,1.6431174483390056,0.9581120691313945,-0.3011670153033119,0.5729891005920038,0.602297454876086,40,0.11154509981109814,0.07583761298891462,False,0.7781334383966498,0.5148441558825555,True,0.27812610258252823,0.24185317291617392,0.2562847510702577,-0.175,0.25269124788734765,-0.175,0.9581120691313945,0.624580820566569,1.6431174483390056,0,1.0957344292414941,0.7208536927132676,0.6636107876718281,1.8092441559568586,0,,0,1
S0_null,1501247,1.115174799088372,0.7097096464348683,1.7522867820226542,0.6363642940127342,0.3639578374702497,0.5502745963458829,0.5124466512322056,40,0.8879565077073955,0.7140419769767403,True,0.31329439663711844,0.1583292380813761,False,0.8516817594305892,0.97834655125734,0.1362276150167422,0.125,0.15457597185817973,0.125,0.6363642940127342,0.7097096464348683,1.7522867820226542,0,1.1781902245149343,0.49038869881748637,0.7393249393249031,1.8775671309155229,0,,0,1
S0_null,1501248,0.9505263591386042,0.6084167127230474,1.485002532842266,0.8236146859876191,-0.2370253164556957,0.5572928618654661,0.673070259214622,40,0.6316981225175099,0.8283421707566515,False,0.6289191701527344,0.4154315608285648,False,0.8122245736766076,0.9457526927267955,0.09511915333442382,0.07499999999999996,0.10058623154071403,0.075,0.8236146859876191,0.6084167127230474,1.485002532842266,0,0.93296835448556,0.7890141158161105,0.5612519614532272,1.550871997342734,0,,0,1
S0_null,1501249,0.9046856190334907,0.5954258482100642,1.374572621841002,0.6388346216603675,-0.12811813663160165,0.4519756206526779,0.7784024193911935,40,0.7768857123819252,0.6641813377131047,False,0.09467526184161087,0.041824868836549074,False,0.2839148581641884,0.17834187027647552,0.028442332104092746,0.025000000000000022,0.0352330639291004,0.025,0.6388346216603675,0.5954258482100642,1.374572621841002,0,0.9148891780541872,0.7506500283797265,0.5214456212257843,1.6051955832959972,1,0.0,0,1
S0_null,1501250,0.9601461791118302,,,,-0.8499999999999981,0.5765825752452969,0.1488851150907233,40,0.17643134692346274,0.5233850233372407,True,0.7936280841356094,0.4476562604429747,False,0.9035768535740886,0.6634349366760373,0.02550655029291358,-0.025000000000000022,0.017563739731861275,-0.025,0.8651502591412196,0.5933988378735461,1.5535599775803748,1,0.9651011804070265,0.8902043613086652,0.5754411863933471,1.618619435742573,1,0.0,0,1
S0_null,1501251,0.9753528816463262,0.5921418898451346,1.6065629877740848,0.9219234599225685,0.5683200748713126,0.48941805660969767,0.25299101055932266,40,0.5376536503626794,0.5067669126796357,False,0.5590313176702397,0.5593368880347879,True,0.666619845158591,0.82814288791692,0.017118217794095964,0.025000000000000022,0.007884793234706604,0.025,0.9219234599225685,0.5921418898451346,1.6065629877740848,0,1.0505601635109487,0.8518881584152047,0.6259754332200691,1.7631309450576167,0,,0,1
S0_null,1501252,0.8464841149984755,0.5393458440857221,1.3285267047146623,0.4686253564599232,-0.31350649350649334,0.37045148318685456,0.402835676272531,40,0.7474259875363838,0.744404423647452,True,0.8878436128887354,0.8814655890347607,True,0.9810581473684463,0.8488836404840168,0.41998910030289455,0.22499999999999998,0.4168185470958629,0.225,0.4686253564599232,0.5393458440857221,1.3285267047146623,0,0.7840247143171444,0.3069728135856503,0.49158405622560886,1.2504367155023643,0,,0,1
S0_null,1501253,0.8000852566440434,,,,-0.22298489899980467,0.5670216733240494,0.6963870175077777,40,0.15646324004320436,0.48902696899534326,False,0.6262711534125789,0.6159790812403263,True,0.9035866311704349,0.9458091855617289,0.018688368568581432,0.0,0.005544304085089134,0.0,0.409050222776501,0.4659835262286387,1.3737318636132996,1,0.8763161647635047,0.6612037381987138,0.47867164342056595,1.6042939480146026,1,0.0,0,1
S0_null,1501254,0.9728143679448442,,,,0.3451193058568306,0.49835413985389326,0.4929357589009774,40,0.3936730566381438,0.6543134154286724,True,0.8247291910384491,0.9351064557060554,True,0.8082883505048448,0.6436872173982058,0.018688368568581446,0.0,0.01656628160682895,0.0,0.9181971963409791,0.5672990501046598,1.6681991522907251,1,1.030661704125572,0.9151793816075635,0.5829579899313352,1.8221957099792883,1,0.0,0,1
S0_null,1501255,1.1178245429486768,0.7241804612267531,1.7254424493885496,0.615032913905194,-0.34526261585993634,0.5097774507339099,0.5024407194253828,40,0.34898765788776187,0.2433249460164998,False,0.22712475870523086,0.2105189257885638,True,0.710363067964428,0.42953181591027223,0.05004697972219608,-0.050000000000000044,0.055653255970699776,-0.05,0.615032913905194,0.7241804612267531,1.7254424493885496,0,1.1557840977028049,0.5381472717343733,0.7289431827309552,1.8325665321377032,0,,0,1
S0_null,1501256,0.7006261083895405,0.42769125091354815,1.1477366972285719,0.157715681888576,0.2510034190575304,0.5936700149623185,0.6748887353696955,40,0.37559288167717697,0.27156970678977166,True,0.7793502216461452,0.6839417871658344,False,0.238372569287725,0.16062117269419485,0.18605158631530028,0.1499999999999999,0.18611765176727474,0.15,0.157715681888576,0.42769125091354815,1.1477366972285719,0,0.6722532888729096,0.11879970190309164,0.4081540608238204,1.1072399561290085,0,,0,1
S0_null,1501257,1.128253366960499,0.7146090762935792,1.7813315031766275,0.6045427607563076,0.7144548286604365,0.5122947647452384,0.17144888137950104,40,0.35978865454660247,0.4391138587740452,False,0.569429749876758,0.624123779802291,False,0.1833360631977452,0.12268282330489781,0.2131554540555511,0.15000000000000002,0.17244622317316977,0.15,0.6045427607563076,0.7146090762935792,1.7813315031766275,0,1.0732944815247587,0.776276766525293,0.6589450689232417,1.7481897936559088,0,,0,1
S0_null,1501258,0.8209277352967752,0.5039923466807824,1.3371678181580402,0.4279493437516483,0.3342266462480861,0.5150565895346191,0.5204027093205865,40,0.5592704390908607,0.6933158385899947,False,0.3220445793510246,0.5783794879829517,True,0.4768172701834624,0.3133997225622104,0.15134158207392623,0.125,0.1649384004605626,0.125,0.4279493437516483,0.5039923466807824,1.3371678181580402,0,0.8108300048998313,0.40576078717277275,0.49457549441740367,1.329312317870324,0,,0,1
S0_null,1501259,0.638433506378139,0.40573900083143494,1.0045801395257599,0.05235465215462986,0.3999999999999998,0.5322960957511331,0.4571284424007249,40,0.39772838133541355,0.5325704349657507,False,0.7770146132489808,0.7755073072368968,False,0.40591804167911627,0.3612359058297727,0.3543027815301032,-0.19999999999999996,0.31989262858668743,-0.2,0.05235465215462986,0.40573900083143494,1.0045801395257599,0,0.6063229342137744,0.05081716645918046,0.3669741277952886,1.0017804327575834,0,,0,1
S0_null,1501260,0.9305798643745381,0.5945058301157718,1.4566364871656452,0.7529821290884686,0.037745779543199465,0.5189339007288191,0.9424070654025757,40,0.02347018367758511,0.04028048961807117,True,0.7944738193759208,0.7442525578891033,True,0.5584718593178792,0.6337874461635576,0.042761286344390595,-0.04999999999999993,0.017521291143505167,-0.05,0.7529821290884686,0.5945058301157718,1.4566364871656452,0,0.945535617682698,0.8246458700195867,0.5761463862023615,1.55175425155333,0,,0,1
S0_null,1501261,1.1238189959669378,0.7232759130836305,1.7461788963931697,0.6036499140799387,-0.5305904761904778,0.46785051440904984,0.26404612273388356,40,0.983933762820442,0.8388215653475904,False,0.7321242682735405,0.924317472345479,False,0.3664730570901137,0.41419401183582116,0.04632610538445765,0.050000000000000044,0.055653255970699776,0.05,0.6036499140799387,0.7232759130836305,1.7461788963931697,0,1.2630341304433372,0.36925342252428917,0.7586410785676224,2.102779904400552,0,,0,1
S0_null,1501262,1.056353744440894,0.6581610843996338,1.6954561122558498,0.8203397290878968,-1.1820995532865366,0.5180409647584169,0.028344657512803694,40,0.4326069926831083,0.3927911433944393,True,0.6725038792129815,0.6840546565420003,True,0.14774079571242038,0.18670849941319934,0.02857990236201552,0.050000000000000044,0.017521291143505167,0.05,0.8203397290878968,0.6581610843996338,1.6954561122558498,0,0.9150554988513658,0.7418980713669983,0.539528630350843,1.5519594677183821,0,,0,1
S0_null,1501263,1.342097044620653,0.9159689253971222,1.966468978626718,0.13113868701469253,0.4172291296625241,0.479037451070097,0.38938466623726314,40,0.6788932853593027,0.5776256240596548,True,0.26247268506803334,0.29040342295559163,False,0.6272739252168035,0.806459906733089,0.10596926150594503,0.09999999999999998,0.09888517876815865,0.1,0.13113868701469253,0.9159689253971222,1.966468978626718,0,1.3529591955548919,0.13557921715706683,0.9096526608432567,2.0123049858829085,0,,0,1
S0_null,1501264,0.8195721091301732,0.5307961323325545,1.2654546654519478,0.36932721696025317,-0.0842067772463605,0.541251838731373,0.8772115092893649,40,0.9256012879101239,0.7655650117046975,False,0.7626988461155364,0.8594289672759924,True,0.5052673121553222,0.46100318339302815,0.2572885202505267,-0.17499999999999993,0.1649384004605626,-0.175,0.36932721696025317,0.5307961323325545,1.2654546654519478,0,0.792634683947249,0.33165299667672166,0.4958015630143467,1.2671798337553357,0,,0,1
S0_null,1501265,1.3198327035026032,0.8451074534087607,2.0612270761650016,0.22244100438913428,-0.4374072289156635,0.7022240377294008,0.5371784640262385,40,0.7935576196508062,0.7651458410887879,True,0.34089518664227525,0.3928581171098263,True,0.16133313736444688,0.3472414185693763,0.414265239943036,0.22499999999999998,0.4018423391082095,0.225,0.22244100438913428,0.8451074534087607,2.0612270761650016,0,1.376402771269949,0.19024713483814104,0.8533684393897348,2.2200077965320455,0,,0,1
S0_null,1501266,1.265643630141263,0.7586859674398588,2.111352874922039,0.3669187641653011,0.18984518982676257,0.46861740013557235,0.6877239061457422,40,0.059167829466570676,0.14689525998749411,False,0.694506793698692,0.6544963659890621,True,0.7939648489673692,0.6429135769163374,0.03314854041679858,0.04999999999999993,0.0556532559706997,0.05,0.3669187641653011,0.7586859674398588,2.111352874922039,0,1.3023400169078976,0.32388816005358156,0.770533394474912,2.201188854112521,0,,0,1
S0_null,1501267,1.0452449480455142,0.6768678290227405,1.6141068530204354,0.8417959811706599,-0.306134845110347,0.46653537291151614,0.5157635605704717,40,0.28708522654138235,0.40576517362766573,True,0.7320720381478538,0.9459216437639586,False,0.9651387087029217,0.8069267820979061,0.016630486230993242,-0.025000000000000022,0.017563739731861296,-0.025,0.8417959811706599,0.6768678290227405,1.6141068530204354,0,1.0713193842568096,0.770731529821989,0.6740556840866928,1.7027157402277415,0,,0,1
S0_null,1501268,0.7264773194513219,0.4412608199026549,1.1960483955806624,0.20904525366044624,-0.04727183237237942,0.5036281670169201,0.9257247835576294,40,0.7626755265241323,0.4161353027854384,False,0.30461293126083755,0.3624443718687571,True,0.7575214311307408,0.9457860961966789,0.09505291294716607,-0.09999999999999998,0.07502426537113578,-0.1,0.20904525366044624,0.4412608199026549,1.1960483955806624,0,0.7058923711498001,0.22704465513873384,0.4011622571150005,1.2421009973145227,0,,0,1
S0_null,1501269,0.8268111338923143,0.5567082288796115,1.2279621813819586,0.3459985479611972,0.5366336633663371,0.614242854655664,0.38794377888595594,40,0.4324462709819058,0.5066068289685204,False,0.585913748781291,0.6155627380479068,False,0.060574682629770504,0.036296699754190455,0.4115613420937665,0.22500000000000003,0.40769496471582484,0.225,0.3459985479611972,0.5567082288796115,1.2279621813819586,0,0.8171082124370141,0.3828316934641499,0.51912205729498,1.2861442149290638,0,,0,1
S0_null,1501270,0.9849034168128608,0.6309086936800764,1.5375200091021994,0.9466286154282199,-0.09999999999999876,0.5314116105326859,0.8517653689678041,40,0.8616747001438427,0.8813267541622616,False,0.04560403594256761,0.04194085044438016,True,0.5111781388387069,0.6927205672503316,0.056123658042937466,-0.04999999999999993,0.03231112320566666,-0.05,0.9466286154282199,0.6309086936800764,1.5375200091021994,0,0.9345821137020878,0.7834008243662086,0.5769259840355813,1.513961498392129,0,,0,1
S0_null,1501271,0.9230503387781952,0.5763566433233138,1.4782894199079952,0.7389603103777247,0.251930225907919,0.5511118715731138,0.6502497925174142,40,0.34406177005130667,0.3287436926146675,False,0.32411679150980177,0.2171286641129787,True,0.7469055242049003,0.6232974508167286,0.037657735201740525,0.025000000000000022,0.02319930679535069,0.025,0.7389603103777247,0.5763566433233138,1.4782894199079952,0,0.8719093356103504,0.5738414908369398,0.5407730042027012,1.4058133146741225,0,,0,1
S0_null,1501272,0.9138670023611627,,,,-0.06868435599778744,0.4436930467902645,0.8778191751074065,40,0.6007973012920432,0.46452467823063115,True,0.5012555797832544,0.4804226768083557,False,0.31181355874019834,0.38993604491458744,0.03570455296472182,0.02499999999999991,0.004275512018421891,0.025,0.7556594507807214,0.5109841849076188,1.6344006774995694,1,0.9191212638527992,0.7842737087799787,0.49499914960458463,1.706637068651931,1,0.0,0,1
S0_null,1501273,1.0373736262412623,0.6839770006805959,1.5733629045276696,0.8629216592302306,0.8999999999999984,0.5278300132525974,0.09656071310539631,40,0.7170807365200277,0.6255324682971444,True,0.7020947216181295,0.9783751189006236,True,0.23374563460019548,0.2770543877942392,0.04104014033728834,0.04999999999999993,0.040102433856149304,0.05,0.8629216592302306,0.6839770006805959,1.5733629045276696,0,1.1342810469200326,0.596789984682403,0.7111924730398163,1.809065115527418,0,,0,1
S0_null,1501274,0.760030855126249,0.4927207041945657,1.1723617372405684,0.21465959071597307,-0.13275177774102753,0.5346859498657462,0.8052907074415712,40,0.2956401836264332,0.3427665569246824,True,0.3044659259760667,0.20719195197622708,False,0.6840377240741569,0.9134354334174095,0.10610279526868148,0.125,0.11722504994521371,0.125,0.21465959071597307,0.4927207041945657,1.1723617372405684,0,0.7660003234856297,0.2510950085380135,0.4858720960959735,1.207635713791204,0,,0,1
S0_null,1501275,1.0105272716581235,0.6269702690334273,1.6287301283665283,0.9657013614564616,0.38556679743960476,0.5435338752585606,0.4825411887977042,40,0.808037294842535,0.838791577176485,True,0.910638753096949,0.8706898732325832,False,0.45424705685303046,0.6142887158393221,0.11367809193465915,0.09999999999999998,0.08733606889123377,0.1,0.9657013614564616,0.6269702690334273,1.6287301283665283,0,0.9982463349700071,0.9947715222201889,0.5905335351444959,1.6874498838363547,0,,0,1
S0_null,1501276,0.9692227612918327,0.6184231756013144,1.519012867027114,0.8915356845637974,0.43973936334603736,0.613839778973838,0.47825747510382005,40,0.7273203240269314,0.7650919385574257,True,0.8372026536674979,0.6545420583463637,True,0.9403407681505386,0.6738728899048001,0.061604210455325215,0.025000000000000022,0.09320571772923981,0.025,0.8915356845637974,0.6184231756013144,1.519012867027114,0,0.9592770120213683,0.8612913336563175,0.6017403909079854,1.5292514840230458,0,,0,1
S0_null,1501277,1.748755179512144,1.2244996300235482,2.4974647626571684,0.002113190037027402,-0.2166438423163431,0.3558004351502217,0.5463169531942833,40,0.5254005512323752,0.6159125569486916,False,0.6003911661239218,0.7242547723001801,True,0.3039724782845429,0.5769039036723862,0.030607922493560768,0.050000000000000044,0.047919065615694055,0.05,0.002113190037027402,1.2244996300235482,2.4974647626571684,0,1.7634166509057632,0.01358695634123343,1.1238598132913917,2.7669271984952077,0,,0,1
S0_null,1501278,1.1534478673510997,0.7729306881830634,1.721295328335694,0.4845971341519484,-0.08836575580955502,0.5254911754835925,0.8673745053115424,40,0.4548403351578574,0.5970701131305456,False,0.06701468912630783,0.07999146662412485,False,0.23034862394610123,0.24174136832049498,0.02585559534250765,0.0,0.03557148962562426,0.0,0.4845971341519484,0.7729306881830634,1.721295328335694,0,1.1871723071259563,0.43761779803575074,0.7697793175114336,1.83088588475337,0,,0,1
S0_null,1501279,0.7358988287552212,0.4474922319357991,1.2101820937106258,0.22693277730398786,0.1131310792033331,0.5856021530234368,0.8478686400757202,40,0.4113832422303888,0.4884107420923288,False,0.5751864612516051,0.7756724154251966,False,0.4550759253048655,0.558816055481703,0.030823552606476408,-0.025000000000000022,0.029131773706320103,-0.025,0.22693277730398786,0.4474922319357991,1.2101820937106258,0,0.7109174325038884,0.1899808215441654,0.42680069187344244,1.1841677051165278,0,,0,1
S0_null,1501280,1.3576004012951135,0.8739897142850271,2.1088106867532135,0.1736529757295624,0.7302698282910889,0.5886115312747925,0.22253901773772253,40,0.409106978578639,0.31566888767550794,False,0.4438161805559899,0.5118602197541102,True,0.8301344902219341,0.6240413908453908,0.03383318219254119,-0.025000000000000022,0.02319930679535069,-0.025,0.1736529757295624,0.8739897142850271,2.1088106867532135,0,1.4522864874575732,0.11143751498420068,0.9173073778530699,2.2992685904131993,0,,0,1
S0_null,1501281,1.0716832780275214,0.6768268271451523,1.6968964620510014,0.767800812632346,-0.08290434782608525,0.5782463846007486,0.8867743797089809,40,0.8811796463856939,1.0,False,0.930517480048974,0.9025692718577325,True,0.7100656548083459,0.46194325118236723,0.022285104203023577,0.0,0.030615155837911714,0.0,0.767800812632346,0.6768268271451523,1.6968964620510014,0,1.041732695946516,0.8743884403795386,0.6274993012201228,1.7294154873063563,0,,0,1
S0_null,1501282,1.2239874500554428,0.7578342443874502,1.9768772511780082,0.40862912140815255,-0.18605391073795735,0.5250241924100185,0.7250718185352626,40,0.8562394956288327,0.7447189750898975,True,0.034515374851265414,0.019037948821897348,True,0.886769002859815,0.7960620811547487,0.18592078421073968,0.1499999999999999,0.18611765176727474,0.15,0.40862912140815255,0.7578342443874502,1.9768772511780082,0,1.1455505769807073,0.6084908336373328,0.681091350399235,1.926740258339222,0,,0,1
S0_null,1501283,1.2107214857415418,0.7696087416117064,1.9046645870555552,0.40814654317234533,-0.25758188153309947,0.5902585222297626,0.6650910084160856,40,0.12205122180252859,0.23286739115504462,False,0.6871936352828847,0.8174244411232539,True,0.44403069663556705,0.4691969111425772,0.15349349112599828,0.125,0.1649384004605626,0.125,0.40814654317234533,0.7696087416117064,1.9046645870555552,0,1.1563411191250221,0.5568675784791234,0.7122369520681542,1.87735946568995,0,,0,1
S0_null,1501284,0.7350786663339378,0.44855569723715066,1.2046233032541407,0.22198877433336706,0.211503017004935,0.6430219299831867,0.7440704461550101,40,1.0,0.615362413191977,True,0.7780239723062353,0.6941133158170771,True,0.7163371597723519,0.8373937653506014,0.0255145624351237,0.025000000000000022,0.017563739731861296,0.025,0.22198877433336706,0.44855569723715066,1.2046233032541407,0,0.697203059190862,0.1825765757274206,0.4102234751489353,1.1849446343084498,0,,0,1
S0_null,1501285,0.9582519102351289,0.6179393191519676,1.4859820293187271,0.848907340567165,-1.4136126684370993,0.4819508188049036,0.005730510238978442,40,0.856282687653342,0.967563061375435,True,0.3044596388528644,0.2957432269057796,False,0.6866518260846044,0.7756414853803619,0.02562276057530248,0.025000000000000022,0.029131773706320103,0.025,0.848907340567165,0.6179393191519676,1.4859820293187271,0,0.9025788548973045,0.6610346750380424,0.5708346550704652,1.4271183118816906,0,,0,1
S0_null,1501286,1.0905536258139878,0.6668478612557849,1.7834760818402764,0.7297853161141586,0.4546549835706485,0.5153507123492314,0.3833512809048812,40,0.7945019850520476,0.8814156646298964,False,0.5252921513260214,0.6937703383856269,False,0.4193217492974257,0.38291003248732425,0.05186380079635164,0.07500000000000007,0.05494849062323593,0.075,0.7297853161141586,0.6668478612557849,1.7834760818402764,0,1.0418747090411804,0.8922477651313234,0.5669259207743952,1.9147173723453963,1,0.0,0,1
S0_null,1501287,1.3968381731072705,0.8376768154917696,2.329247802691309,0.20017791001565188,-0.5411368735976075,0.5922022918913714,0.3667539635167949,40,0.7649996707664394,0.8174837788083865,False,0.6269352665165208,1.0,False,0.982567273287513,0.8491453304835779,0.0580222578593697,0.04999999999999993,0.07778202948547527,0.05,0.20017791001565188,0.8376768154917696,2.329247802691309,0,1.343180372259404,0.31770784818814324,0.752990274897545,2.395958583486871,0,,0,1
S0_null,1501288,0.7907974363853532,0.4986150405326025,1.2541951897914254,0.31854777902078457,-0.3269236941346376,0.5769913238351028,0.5744067133999597,40,0.7582139293017673,0.967527875664251,False,0.6431821637479074,0.5967933808679088,False,0.7427698965147203,0.8067206965882786,0.1100932698087879,-0.09999999999999998,0.07502426537113577,-0.1,0.31854777902078457,0.4986150405326025,1.2541951897914254,0,0.8748226924209989,0.573426323471617,0.5492013605184183,1.3935048202581055,0,,0,1
S0_null,1501289,0.8511688241833423,0.5542040397971405,1.3072592677722874,0.46167838215417545,-0.8472890249234788,0.5561422456760254,0.13613314219652295,40,0.028909196902917662,0.011271064473403885,True,0.8444828117326861,0.644189751981188,True,0.11680649248939838,0.06135624927137305,0.05588422181992767,-0.07499999999999996,0.05494849062323593,-0.075,0.46167838215417545,0.5542040397971405,1.3072592677722874,0,0.8942789237744947,0.65565622751111,0.5472429508261742,1.4613889357549632,0,,0,1
S0_null,1501290,1.7188747091719754,1.096466146239914,2.694593240259123,0.018203761218094024,0.7531394750386013,0.4569365316909081,0.1077713368527473,40,0.9518517050035954,0.7959768708450214,False,0.6784967577157197,0.5780927757325913,True,0.10230465480134693,0.053868207398813574,0.018939243014402404,0.0,0.030615155837911714,0.0,0.018203761218094024,1.096466146239914,2.694593240259123,0,1.9389834978823943,0.008885673325673126,1.1807340081912838,3.1841693209290245,0,,0,1
S0_null,1501291,0.8396645625683891,0.5137375646053779,1.3723671894126148,0.48570074905294824,-0.3381663337188503,0.4860842772859192,0.4909668464671519,40,0.10721700861145153,0.11529670973096594,True,0.27059312230982435,0.22263769806733658,False,0.3929068492880623,0.55008675188505,0.03991469457154303,-0.025000000000000022,0.059747121331570514,-0.025,0.48570074905294824,0.5137375646053779,1.3723671894126148,0,0.8209903320804096,0.4439070904932405,0.4955001506931548,1.3602924730226782,0,,0,1
S0_null,1501292,0.7861010161002296,0.4656010404788149,1.3272195587843212,0.36779120896286976,0.2107603305785095,0.545628662500993,0.7015086516733818,40,0.6720969384209414,0.48027755054388777,False,0.019779919301812908,0.010723566455955721,True,0.7932356991153768,1.0,0.05004697972219608,0.050000000000000044,0.03231112320566662,0.05,0.36779120896286976,0.4656010404788149,1.3272195587843212,0,0.7457097671423121,0.2692494545074082,0.4430998221259588,1.254983705801094,0,,0,1
S0_null,1501293,0.8235700552064873,0.5297063551487693,1.2804596909967665,0.3886635525675065,-0.2043695110050967,0.3734172242281821,0.587462109593437,40,0.06682111029781818,0.015055632648617291,True,0.007418261562183608,0.025135560284572527,False,0.5403236628194541,0.8063967991681362,0.1160973425605691,0.09999999999999998,0.1463463022859083,0.1,0.3886635525675065,0.5297063551487693,1.2804596909967665,0,0.8029042589604728,0.37351072379431105,0.4951011728762368,1.302067707316892,0,,0,1
S0_null,1501294,1.4588856076875276,,,,0.3499999999999987,0.5344873929022801,0.5166257679397054,40,0.002899250446552986,0.0038365694163206196,False,0.13598151202381245,0.6160289518497412,True,0.35870930897560105,0.5580875406841852,0.6722162033755945,0.3,0.6709521497387086,0.3,0.22374634297794155,0.7864401121716359,2.7063055194892036,1,1.471477669053489,0.28856244935627307,0.7118533495340502,3.0417030866545334,1,0.0,0,1
S0_null,1501295,0.8740446197343374,0.537888939898649,1.4202820333701034,0.586785744055125,0.8090775532009598,0.4525748977344588,0.08201410209904364,40,0.6575215665858508,0.9242425331788063,True,0.012994460015674027,0.03204035252975773,False,0.28506639768009556,0.5056027970231995,0.24601433921866517,0.175,0.1896316470891107,0.175,0.586785744055125,0.537888939898649,1.4202820333701034,0,0.9071622070657032,0.6989569173683591,0.5536430737259758,1.4864148202739573,0,,0,1
S0_null,1501296,0.8955607883492342,0.5391617410900129,1.4875482893264182,0.6700689609649142,-0.03796410130317285,0.5259103580535606,0.942841586046928,40,0.16093603586572858,0.12566516623945692,False,0.5709232653964722,0.8492791846372565,True,0.7930140026341558,0.8064418822966833,0.05763501273535832,0.050000000000000044,0.07778202948547527,0.05,0.6700689609649142,0.5391617410900129,1.4875482893264182,0,0.8795948825652415,0.6328869617555094,0.5195932957033683,1.4890245194323157,0,,0,1
S0_null,1501297,0.8944113636543448,0.5985832443336934,1.3364418316194344,0.5860288710627419,1.2191744611630737,0.49136992263244206,0.017764919425666537,40,0.8665280286548951,0.9783649291552058,True,0.18364749695836868,0.2660121965833431,False,0.9354927065185598,0.9782477385921258,0.019898534437953756,0.025000000000000022,0.007884793234706604,0.025,0.5860288710627419,0.5985832443336934,1.3364418316194344,0,0.8456684746353491,0.44060584369652267,0.552301327153587,1.294864114627057,0,,0,1
S0_null,1501298,1.092063646172209,0.7130986344246819,1.6724236307830196,0.6854784053573644,0.2581954417733383,0.5605498806592981,0.6477736192449113,40,0.3864922830559425,0.4159815712978975,False,0.6288843908969298,0.8919087733230456,True,0.3818817044943429,0.702167671457469,0.03747545677598052,-0.025000000000000022,0.029131773706320103,-0.025,0.6854784053573644,0.7130986344246819,1.6724236307830196,0,1.0709438072096809,0.7665496553922386,0.6811741628074917,1.683740665491008,0,,0,1
S0_null,1501299,1.141596037412498,0.6920566794520653,1.8831427415276982,0.604059458640657,-0.1910736508654809,0.5080956072646375,0.7090211600437925,40,0.9839370189401181,1.0,False,0.07009973386533332,0.06699126081692075,False,0.2856773072605886,0.202791505453627,0.019289031262108916,-0.024999999999999967,0.03523306392910041,-0.025,0.604059458640657,0.6920566794520653,1.8831427415276982,0,1.1845871880513386,0.5177551091692474,0.7089964715419788,1.9792013958031278,0,,0,1
S0_null,1501300,0.9169859415539605,0.5885634208608796,1.4286705343965993,0.7016669670244104,0.23057767807066853,0.5342633357482143,0.6685507488583774,40,0.6431821637479074,0.9891794296171555,True,0.5193180945373932,0.5778953230038663,False,0.4912132537690861,0.43663319667204425,0.04852387520394682,-0.04999999999999993,0.03231112320566666,-0.05,0.7016669670244104,0.5885634208608796,1.4286705343965993,0,0.8955157245113775,0.6627614391900032,0.5453530677263133,1.4705123346800295,0,,0,1
S0_null,1501301,1.43230415834551,,,,-0.8000000000000003,0.48856239761357817,0.11001332871413724,40,0.8664241604165686,0.9783363210558081,False,0.24790418765917732,0.22694290415727159,False,0.8679656293377077,0.9891264850544176,0.037469480964170215,0.025000000000000022,0.05370801749285708,0.025,0.246875216213426,0.7719176217625413,2.6576607971840347,1,1.5223974673296334,0.19388231329814457,0.8002911160021047,2.8960636975577616,1,0.0,0,1
S0_null,1501302,0.7115971338211895,,,,-0.2716981132075483,0.6100398943533174,0.6586419234497598,40,0.9518224562903829,0.6743221583950467,False,0.6289539396576465,0.838791577176485,True,0.7236736098317631,0.8704533711386074,0.08807207708641179,-0.09999999999999998,0.08733606889123373,-0.1,0.2418821780645133,0.39876935891159776,1.269832973738556,1,0.6268451227183188,0.13176961073317503,0.339350229944262,1.1579034672829995,1,0.0,0,1
S0_null,1501303,0.6418822478957986,0.3832379947016151,1.0750834360370563,0.0920206338855286,0.06886586695747021,0.6473833990610618,0.9158589389593511,40,0.46874139374030044,0.8918731500054945,False,0.7320459116328961,0.42975115940360653,False,0.9678152860920056,0.8489686620729682,0.14251057551116023,-0.125,0.15457597185817973,-0.125,0.0920206338855286,0.3832379947016151,1.0750834360370563,0,0.5934213662961234,0.049465345689313434,0.35257897084235573,0.9987802651287726,0,,0,1
S0_null,1501304,0.6295546471189581,0.3754616735448483,1.055604557362987,0.07930031091013051,0.3857768721344878,0.6170914406999176,0.5357071759829907,40,0.22690624440046114,0.2155851450050179,False,0.2557087922025303,0.24354728713167006,True,0.16313565020478304,0.20596840838933572,0.07040389537289603,0.07499999999999996,0.05494849062323593,0.075,0.07930031091013051,0.3754616735448483,1.055604557362987,0,0.6207689759365853,0.07735733823011284,0.36571846583038675,1.0536906322473656,0,,0,1
S0_null,1501305,1.5019014914514062,0.9417010725741753,2.3953546998283604,0.08768138464600388,0.05512143611404463,0.5964860585589262,0.9268706335988398,40,0.25468506432683313,0.13273672390695548,False,0.048442550910540574,0.1621310335760363,True,0.7759509817922807,0.7650595792247682,0.04852387520394682,-0.04999999999999993,0.047919065615694055,-0.05,0.08768138464600388,0.9417010725741753,2.3953546998283604,0,1.7488383956352245,0.034082071129506855,1.0428683069556008,2.9327151986968913,0,,0,1
S0_null,1501306,0.6981934512797752,0.4534366091135604,1.0750655893509449,0.1028273792733182,0.2734850191484566,0.47622038493147867,0.5692518990302862,40,0.18397968564101042,0.3932149472896087,False,0.7626522000591348,0.8600928300886383,True,0.3795565738230038,0.4463026548044978,0.17861899355556157,-0.15000000000000002,0.1982587753374821,-0.15,0.1028273792733182,0.4534366091135604,1.0750655893509449,0,0.6762762994280261,0.08863701777913889,0.431095653458402,1.0609005901568354,0,,0,1
S0_null,1501307,0.5856075875795949,,,,0.07463366336633559,0.5749969253202908,0.897429040594029,40,0.6273260411504213,0.8495528253688229,False,0.9839370189401181,0.7651350635499004,True,0.8866579873157212,0.6835316206377166,0.1158495449099538,-0.10000000000000009,0.12922584838072262,-0.1,0.051120032324340405,0.3419992938881481,1.002739633558867,1,0.6461177898203326,0.16492892221330466,0.3461055691237112,1.2061874629156648,1,0.0,0,1
S0_null,1501308,1.1121204491731966,0.6966136412295318,1.7754632127016694,0.6561426763294392,0.14999999999999947,0.5451240267514171,0.7847189727128672,40,0.6576842036813781,0.3920306013820658,True,0.2545608052857873,0.2967687014203392,True,0.35399645550249237,0.3269340760353666,0.04392398628124929,-0.050000000000000044,0.055653255970699776,-0.05,0.6561426763294392,0.6966136412295318,1.7754632127016694,0,1.0628357488894806,0.7997089831005527,0.6637744615335948,1.7018127309501665,0,,0,1
S0_null,1501309,0.9899709200519081,0.5887181560889095,1.6647056191696814,0.969678164483363,-0.16584752035528738,0.5873207726372155,0.7792259526045952,40,0.28674878762589084,0.21196732544156738,False,0.33772189294027544,0.6542523674166638,True,0.34864445207770733,0.34884176559387203,0.08830926356835143,-0.09999999999999998,0.10968809608557809,-0.1,0.969678164483363,0.5887181560889095,1.6647056191696814,0,0.9497305197304462,0.856004208790732,0.5440820489688969,1.657816246312193,0,,0,1
S0_null,1501310,0.8785361436109865,0.55571423770115,1.3888896545528742,0.5794618677707379,-0.3768781627092262,0.5974200258870717,0.5320209504468926,40,0.26766470380724716,0.38523286394439105,False,0.4561753258702116,0.4556158422333799,True,0.731363929779015,0.470910106620941,0.022651406543288507,0.025000000000000022,0.02319930679535069,0.025,0.5794618677707379,0.55571423770115,1.3888896545528742,0,0.8445805680771378,0.495781085521522,0.5194616149122436,1.3731839186885955,0,,0,1
S0_null,1501311,0.967415719751069,0.636230918550155,1.470996060603586,0.8768733840565637,1.027726465364122,0.4649155552560769,0.033328577494453046,40,0.9198394046314271,0.9028212311359338,False,0.3697604804233122,0.33534623830507604,True,0.7616426113904609,0.8596337313890189,0.05353465885358352,0.050000000000000044,0.0021658521005858554,0.05,0.8768733840565637,0.636230918550155,1.470996060603586,0,0.9397889174904553,0.7966846872085773,0.5859518440109045,1.507296578149254,0,,0,1
S0_null,1501312,0.7181661257746575,0.48864513461374376,1.0554951797849639,0.09197797956228085,0.16694698354661863,0.5449032314729592,0.7610334743945996,40,0.07057579342585346,0.12463109024421926,True,0.3085164265478171,0.3560758052539499,True,0.6159470455762568,0.5147250434726878,0.1100932698087879,0.09999999999999998,0.12922584838072265,0.1,0.09197797956228085,0.48864513461374376,1.0554951797849639,0,0.6903916344446624,0.08555596992023212,0.45255377470653174,1.0532242477046188,0,,0,1
S0_null,1501313,1.3907343007311679,0.874531048890396,2.2116331920796264,0.16345897326002057,-0.14929897688518218,0.4401755978448867,0.7363913929930516,40,0.5751531147941551,0.8815265222087846,True,0.10739497032467349,0.08744122451214151,False,0.8877190335799583,0.9133659525384431,0.12332611324857634,-0.09999999999999998,0.1463463022859083,-0.1,0.16345897326002057,0.874531048890396,2.2116331920796264,0,1.3508481059906001,0.24118334115865858,0.8169518096571932,2.233657584067418,0,,0,1
S0_null,1501314,0.8276513303726172,0.5255078130203178,1.3035138730488838,0.4143690442233815,1.084834962459271,0.5527319394142964,0.05723579256742469,40,0.019457414876312088,0.05367555073189334,True,0.6163659930557868,0.6839135509400713,True,0.37003787937126675,0.3212701142002191,0.02983229174705068,0.02499999999999991,0.007884793234706604,0.025,0.4143690442233815,0.5255078130203178,1.3035138730488838,0,0.8727758694157108,0.5462133799206035,0.5609923691622475,1.3578397142404695,0,,0,1
S0_null,1501315,1.1939515219622414,0.772859242072237,1.8444758879686312,0.4243794366831001,0.40538234674531515,0.4759642373817923,0.39985555660775907,40,0.2511340120662142,0.20665588044579808,False,0.6140515377913724,0.6447525751215795,True,0.09995391858315539,0.14571282915173892,0.03392123698374555,0.025000000000000022,0.0414069212922549,0.025,0.4243794366831001,0.772859242072237,1.8444758879686312,0,1.3451276133654182,0.22346277013151372,0.8345546211591955,2.1680645584646516,0,,0,1
S0_null,1501316,1.2179451359102766,0.7939999015460392,1.868250047889319,0.3664022650815367,-0.375669882100749,0.5267973571591763,0.4802451421071211,40,0.9678544905965298,0.7968803151441948,False,0.861577160346924,0.978326076340744,False,0.7467811296572368,0.7442291699037399,0.046042864737170036,0.050000000000000044,0.06323483829154,0.05,0.3664022650815367,0.7939999015460392,1.868250047889319,0,1.0628908948358187,0.7949720315171466,0.6709660817075367,1.6837468914223321,0,,0,1
S0_null,1501317,1.2489987131280191,0.8112990740450751,1.9228393514828237,0.3124870986518913,0.4323448941820224,0.4817839905842563,0.3753167385899667,40,0.36795683469359053,0.31415846361953037,False,0.762558825395657,0.734572260588122,True,0.44288858053674773,0.6827778670582557,0.06099766051891281,0.050000000000000044,0.040102433856149304,0.05,0.3124870986518913,0.8112990740450751,1.9228393514828237,0,1.2035249845082023,0.38175695519027475,0.7946386182379047,1.8228064369026353,0,,0,1
S0_null,1501318,1.0131259851568633,0.6066402253363803,1.6919818682167267,0.9602527835689599,-0.43285144566300865,0.46663278350384735,0.35962377359939984,40,0.6811385314085108,0.43173586316665324,True,0.7226586870315017,0.7141065123472667,False,0.8784641631887535,0.44541646780406763,0.02550655029291358,-0.025000000000000022,0.02319930679535069,-0.025,0.9602527835689599,0.6066402253363803,1.6919818682167267,0,1.0253122626236226,0.9266093782480697,0.6023617188739984,1.7452391195302297,0,,0,1
S0_null,1501319,0.8188282699493962,0.5240957149074672,1.2793077993142894,0.37994892285350235,0.016297903109182554,0.6072244998291038,0.9787315964315889,40,0.7793127209305029,0.9459445604483212,True,0.27704605920687775,0.2171286641129787,False,0.7600645711070096,0.7138869137529746,0.02562276057530248,0.025000000000000022,0.012390771509656994,0.025,0.37994892285350235,0.5240957149074672,1.2793077993142894,0,0.7420346613981671,0.23952342403176008,0.4513373898100137,1.219964157961894,0,,0,1
S0_null,1501320,0.8635919710511412,0.5364837966421181,1.3901465377555535,0.5459894561014005,-0.3489172878949257,0.4805405812403971,0.47234999397554744,40,0.26222289543489563,0.4152331853451261,False,0.8561241262486957,0.7239421017827028,False,0.8441535520280872,0.9024217724910333,0.13774435639493982,-0.125,0.15457597185817973,-0.125,0.5459894561014005,0.5364837966421181,1.3901465377555535,0,0.805357017545223,0.3853439585356099,0.4940042641798917,1.31294398194334,0,,0,1
S0_null,1501321,0.8966510931085211,0.5156511912159898,1.5591609143319962,0.6991482948333452,-0.28540528825314215,0.4763692778623541,0.5527397923028112,40,0.6010770819374865,0.6342219272120113,False,0.37998184445711647,0.5874705481995928,False,0.16440064375465901,0.15294435123739364,0.1916521075647348,-0.15000000000000002,0.1724462231731697,-0.15,0.6991482948333452,0.5156511912159898,1.5591609143319962,0,0.8449389150910128,0.5492311520255356,0.4868087857486278,1.4665342761579157,0,,0,1
S0_null,1501322,0.9832073890257261,0.6066187091673902,1.5935821879968348,0.9452023520921389,-0.13496932515337268,0.5319898078110818,0.8011267795711612,40,0.9518175763206637,0.7243670740666563,True,0.20909998914222971,0.21185946377910803,True,0.7933634695979077,0.9132757872569625,0.040512480251636285,-0.025000000000000022,0.029131773706320103,-0.025,0.9452023520921389,0.6066187091673902,1.5935821879968348,0,1.1029112719605068,0.7069684406921106,0.6618349360118575,1.837940561354334,0,,0,1
S0_null,1501323,1.6423669500137519,1.0210866637873364,2.6416652906743474,0.040754516219840976,-0.19483094928478595,0.4942857212859346,0.6957207107213914,40,0.09885488166660601,0.1055298039959066,False,0.6872536631836093,0.7447422290486417,False,0.14770943658200092,0.08228584285075381,0.15668556972125827,0.125,0.1649384004605626,0.125,0.040754516219840976,1.0210866637873364,2.6416652906743474,0,1.8069584614661172,0.025621808455683973,1.07474728033958,3.0380154862381676,0,,0,1
S0_null,1501324,1.2796347143685047,0.8030780887715816,2.0389860277743255,0.29957384653576413,-0.5626235992089657,0.538657190751781,0.3030337320779837,40,0.27620328978060316,0.16224999236528348,True,0.3221290286739966,0.5875234044357307,True,0.7933633650125864,0.7859701106943433,0.15349349112599833,0.125,0.08565825367350988,0.125,0.29957384653576413,0.8030780887715816,2.0389860277743255,0,1.4823905974199154,0.12423565789110787,0.8974009371600643,2.4487180615981705,0,,0,1
S0_null,1501325,1.311241784383382,0.8278669315916236,2.0768494929581887,0.24814206276928719,0.39695624603677987,0.5381728535861592,0.4654099559471798,40,0.43280770679189173,0.27224816037133126,True,0.9358196138130138,0.9351278471389146,True,0.48488733322387767,0.5494438954907176,0.0795354689594646,0.07499999999999996,0.09226046032336352,0.075,0.24814206276928719,0.8278669315916236,2.0768494929581887,0,1.3251673249219431,0.25108105388911717,0.8193512369933861,2.143242555518292,0,,0,1
S0_null,1501326,0.7356186929626806,0.46776322305398427,1.156856364002072,0.18378265457582077,-0.18736705949984012,0.5261033747642494,0.7237576411196496,40,0.14721132327269534,0.2436806092986078,False,0.11167854988733787,0.221896340986798,True,0.33286258593365436,0.355529951884318,0.05004697972219608,-0.050000000000000044,0.07061977533748845,-0.05,0.18378265457582077,0.46776322305398427,1.156856364002072,0,0.6777868672455242,0.14342673273035433,0.40256275550566545,1.1411762045235614,0,,0,1
S0_null,1501327,0.6766801690783161,0.41270506846074206,1.109499461520219,0.12160080994527751,-0.8171551621007301,0.4832440017029739,0.09924928104362633,40,0.9358131242995446,0.8707563451116443,True,0.3042488147696438,0.29603990220371357,True,0.9432330903578953,0.7130034360044943,0.27929489294802157,0.17500000000000004,0.2633115521089342,0.175,0.12160080994527751,0.41270506846074206,1.109499461520219,0,0.7103290944596716,0.23328561609243925,0.4047688451499577,1.2465569632686684,0,,0,1
S0_null,1501328,0.8004319320820055,,,,0.7375421927740993,0.4863739551782179,0.13791380456691452,40,0.8662156944093452,0.9136023195691515,True,0.44413976736722416,0.40763494917079424,True,0.8951829356342221,0.9134762265146826,0.06106474540833987,-0.050000000000000044,0.04010243385614931,-0.05,0.4038550393502299,0.4694801174022217,1.3646824522445695,1,0.8766539448545607,0.6575445223058124,0.48301930195627957,1.5910795612441715,1,0.0,0,1
S0_null,1501329,1.0259384350206167,0.6697588771492108,1.571535232101242,0.9063097488405419,-0.12209382545705205,0.48102529270847405,0.8010398519782419,40,0.5881869596596828,0.4089380077436654,True,0.9678544905965298,0.7757445358268263,True,0.7618785484099303,0.8703376811078821,0.023206366893013662,0.0,0.02575178272878667,0.0,0.9063097488405419,0.6697588771492108,1.571535232101242,0,1.0929638310620848,0.7083696377287405,0.6859865538223198,1.741389724556205,0,,0,1
S0_null,1501330,1.6861837953018217,1.1126943468708546,2.555253200965939,0.013760450172869702,0.020370370370371232,0.5129632565777934,0.9685369045721919,40,0.9404499118479861,0.935130901331338,False,0.8812207973057495,0.9891829997863016,False,0.4531796992989834,0.4632597079071413,0.03865366312105766,0.050000000000000044,0.03231112320566666,0.05,0.013760450172869702,1.1126943468708546,2.555253200965939,0,1.9376460125447563,0.0027769302666753393,1.2561830641020852,2.9887937333514962,0,,0,1
S0_null,1501331,1.1785922444035144,0.8087592366008535,1.7175441289626532,0.3924169567437569,0.311207272727269,0.5368290060513947,0.5656210420211889,40,0.6724101040821536,0.6841955735786813,True,0.5014048723572946,0.6644191410043706,True,0.8366538120320309,0.870465531031271,0.04357120003708529,0.025000000000000022,0.0352330639291004,0.025,0.3924169567437569,0.8087592366008535,1.7175441289626532,0,0.9962887729616976,0.9849750933438055,0.6765922996995394,1.467044953911409,0,,0,1
S0_null,1501332,0.9391777458490114,,,,0.3179566982408648,0.47868587998129053,0.5106626769179545,40,0.5593500603204593,0.5690377032021563,False,0.18480040678555587,0.15444389462654953,False,0.9825547772054636,0.8276698151803328,0.09371579420450338,0.125,0.08565825367350988,0.125,0.8365200716316571,0.5097896853507553,1.7302328070665882,1,0.9440500857100355,0.8613232342439541,0.4868280544030397,1.8306885896745901,1,0.0,0,1
S0_null,1501333,0.635860294596419,0.39007624685373987,1.0365109834433086,0.06935113605834244,1.1874109423309611,0.518645283416349,0.027856050579632037,40,0.47770329006121814,0.7445443676916781,False,0.28679086646233587,0.3287893265863433,True,0.6166752870543275,0.7964583226529278,0.04852387520394682,0.04999999999999993,0.03231112320566666,0.05,0.06935113605834244,0.39007624685373987,1.0365109834433086,0,0.6048080813406886,0.06909781078435637,0.3516847933057788,1.040115530207073,0,,0,1
S0_null,1501334,1.060176495734784,0.669186167063094,1.6796136223815772,0.8034291833999091,0.5359773743751675,0.4425434631021944,0.23352496632550793,40,0.9518565746119383,0.9783557460579472,True,0.5071441242755926,0.4002356346948307,False,0.22928459998972728,0.21062724343763917,0.11562629065403855,0.10000000000000009,0.13806267595474211,0.1,0.8034291833999091,0.669186167063094,1.6796136223815772,0,1.0808234641821977,0.7375753876714601,0.6859724300803465,1.702953806160956,0,,0,1
S0_null,1501335,0.8202270048081732,,,,-0.1382574331953315,0.48775236933646515,0.7784056467274781,40,0.14175527478525357,0.08998277209834933,True,0.7472776112985211,0.8387015121406873,False,0.22087368650897188,0.21628176041167224,0.0375322286820896,0.025000000000000022,0.0352330639291004,0.025,0.5545590115679424,0.4186873002293505,1.6068611086317939,1,0.7848252057991981,0.49678093123251743,0.38415007013339364,1.603411404933152,1,0.0,0,1
S0_null,1501336,0.9946502769557979,0.6331561769609076,1.5625357683422374,0.9814296818182449,0.1743126630543867,0.5878174472218789,0.7684743335231665,40,0.6948866023724733,0.3356654417868462,True,0.12586882223406595,0.23717822600337513,False,0.39363587555860735,0.4142826627297046,0.09238834902939588,-0.09999999999999998,0.10968809608557809,-0.1,0.9814296818182449,0.6331561769609076,1.5625357683422374,0,1.0996562179796476,0.7186162569305088,0.6558921728585034,1.8436624917647466,0,,0,1
S0_null,1501337,1.0626972236845493,0.691925421132477,1.6321490072997722,0.781192021960063,-0.5368832437713735,0.5170876363277069,0.30587632941438947,40,0.7769888509432576,0.8492510344242774,False,0.5753530764008792,0.4891909248319769,True,0.5686937049334944,0.6243706229512671,0.04173357659711863,0.02499999999999991,0.02319930679535069,0.025,0.781192021960063,0.691925421132477,1.6321490072997722,0,1.1522566452365048,0.5522952801885419,0.7220579194995584,1.8387657563701807,0,,0,1
S0_null,1501338,0.951175393828844,0.6018381128425977,1.5032857017848535,0.8302751599166827,-0.10763693622764436,0.45061556090369403,0.8125272884462992,40,0.8562250896316372,0.9891722786609496,False,0.031168047508239528,0.04179588514345902,True,0.019387502694613024,0.036822694819321634,0.07782541111146853,0.07499999999999996,0.0835237244810848,0.075,0.8302751599166827,0.6018381128425977,1.5032857017848535,0,0.8809307447913836,0.6981666331573683,0.45696052112154983,1.6982626315595393,1,0.0,0,1
S0_null,1501339,0.7700355422599157,0.47442378749245534,1.2498419176609097,0.2902928054436559,-0.17201143038577332,0.4722540920956099,0.7177559539427433,40,0.6675773143481063,0.796674335889687,False,0.9826190527521459,0.7543782689749673,False,0.9172726506928264,0.9783034867105259,0.02798946775586114,0.0,0.012415162210221016,0.0,0.2902928054436559,0.47442378749245534,1.2498419176609097,0,0.7189985115795955,0.18920160527545282,0.4393913565487035,1.1765339758028956,0,,0,1
S0_null,1501340,0.9489760234886229,0.5961279970910107,1.5106747167568306,0.8252638993290164,0.21325902024054022,0.519995915154632,0.6840854126071207,40,0.2860884564342624,0.2903125103711842,True,0.9107862829233113,0.870695920369056,True,0.5691247870056393,0.6532711879355448,0.10106992503794089,-0.07499999999999996,0.0743759621482963,-0.075,0.8252638993290164,0.5961279970910107,1.5106747167568306,0,0.8428502057827014,0.49916440701901177,0.5133485593048301,1.383848179782469,0,,0,1
S0_null,1501341,0.9147522642246553,0.5360894339575105,1.56088080066591,0.7438044572279304,0.34999999999999876,0.5321839697505296,0.5148229244224459,40,0.627266001685545,0.775888568260355,True,0.80802085759151,0.8706354107994374,True,0.9053443825223656,0.8700869744623503,0.022142213160009618,0.0,0.04057201317469065,0.0,0.7438044572279304,0.5360894339575105,1.56088080066591,0,0.926368325600826,0.7832132460528408,0.5372318430772755,1.5973704569724112,0,,0,1
S0_null,1501342,1.5071237046003283,0.9733733897922752,2.3335565619406915,0.06591863736257757,0.14411764705882235,0.5072474653013973,0.7779046788505413,40,0.5999071306914048,0.9134599161972892,True,0.4772030426301942,0.5239533796874372,False,0.005531860757063623,0.014398416730922865,0.18327319377366127,0.15000000000000002,0.2278018352655363,0.15,0.06591863736257757,0.9733733897922752,2.3335565619406915,0,1.5688537780710237,0.042511087229707124,1.0153280173308048,2.4241448428048313,0,,0,1
S0_null,1501343,0.9698165931818381,0.6295521474110136,1.493989383212725,0.8894356806393311,-0.4842731675285234,0.5139817465200935,0.3522022830120304,40,0.7046704162279701,0.7962793568084641,False,0.6574564469278008,0.7965711110421524,False,0.08382010324769208,0.09988118843506318,0.05353465885358352,0.050000000000000044,0.03231112320566666,0.05,0.8894356806393311,0.6295521474110136,1.493989383212725,0,0.9208581588293874,0.6974062124993379,0.6077114693275643,1.3953657146226695,0,,0,1
S0_null,1501344,0.9092723832607124,0.5820242121569192,1.4205186823700544,0.6760620704804425,0.5000199760287669,0.4646990317242159,0.28888997522652726,40,0.44388263714321485,0.4722313417034486,False,0.2511340120662142,0.23810913286238722,True,0.4960597817343756,0.5863025675159583,0.3358693726529944,-0.19999999999999996,0.3369373044645227,-0.2,0.6760620704804425,0.5820242121569192,1.4205186823700544,0,0.9048643573352506,0.6859435185575649,0.5573698329889692,1.4690057780574937,0,,0,1
S0_null,1501345,0.7528718650620152,0.4839633065259776,1.1711963232723561,0.20801283085026145,0.05819531696173652,0.4702968137088837,0.9021895950187643,40,0.1017127053026423,0.2602258243897644,False,0.25925566826756863,0.2168249120414638,False,0.8271580574887557,0.8488410758125318,0.08404791792365765,0.07499999999999996,0.04481321300021269,0.075,0.20801283085026145,0.4839633065259776,1.1711963232723561,0,0.7318945163619083,0.1960451230347544,0.45599516804249846,1.1747264458528375,0,,0,1
S0_null,1501346,0.9391710299981723,0.5913749780230124,1.4915108964138561,0.7902971509797787,0.425575020855677,0.5865561083429137,0.472679915752603,40,0.9107862829233113,0.9244383323308787,True,0.5863373018547446,0.5969491126311803,False,0.9193577297965668,0.7727507373925608,0.043065598383207115,0.04999999999999993,0.055653255970699776,0.05,0.7902971509797787,0.5913749780230124,1.4915108964138561,0,0.975676803479839,0.9191514500393485,0.6064708866302984,1.5696470281333348,0,,0,1
S0_null,1501347,0.8222709222813377,0.5193573913927706,1.3018577974142476,0.4038741068662278,-0.19605673061157525,0.4967374498910836,0.6953385795161162,40,0.9198394046314271,0.6832193937625285,True,0.837146616667884,0.8491523843313779,True,0.6780262374601962,0.6140020049837084,0.12332611324857634,-0.09999999999999998,0.09888517876815865,-0.1,0.4038741068662278,0.5193573913927706,1.3018577974142476,0,0.8229192175554951,0.4606621200721035,0.490332535646115,1.3810954594922034,0,,0,1
S0_null,1501348,1.339052325025811,0.8571353810116579,2.0919228967549093,0.19960098679572524,-0.302095527979398,0.4294424696036586,0.48617265964517603,40,0.19751521434520147,0.14573192505311125,False,0.214374303800544,0.2487371933807525,True,0.3329609478986356,0.2692957067366686,0.05004697972219608,-0.050000000000000044,0.07778202948547527,-0.05,0.19960098679572524,0.8571353810116579,2.0919228967549093,0,1.2995793345109863,0.2734104182003032,0.8131109818155268,2.0770921614131956,0,,0,1
S0_null,1501349,0.8068521046150289,0.5081934753018391,1.2810284869065607,0.3628631915451618,-0.5897999759007129,0.46799238038171315,0.21546008380342535,40,0.913270204159575,0.6840546565420003,False,0.09885488166660601,0.019533154261705474,True,0.3495627587658283,0.33477514354946236,0.0350368145876246,-0.04999999999999993,0.047919065615694055,-0.05,0.3628631915451618,0.5081934753018391,1.2810284869065607,0,0.735932464899292,0.24436677371823967,0.4391820162598421,1.2331939215204841,0,,0,1
S0_null,1501350,0.9848372381888034,0.6020741701114912,1.6109383758212787,0.9514753491293324,0.24999999999999978,0.4953739500808606,0.6167837673981353,40,0.9404187890747286,0.9783863110083261,True,0.3373776283613068,0.37046734329024766,True,0.7355102885048139,0.8274277667291954,0.0485682620206292,-0.04999999999999993,0.047919065615694055,-0.05,0.9514753491293324,0.6020741701114912,1.6109383758212787,0,0.9988933121818276,0.9967164875406967,0.5895030695395506,1.6925914396017228,0,,0,1
S0_null,1501351,0.7194541836984627,0.4519120339028734,1.1453873400336776,0.16519261436141952,0.06668561434193254,0.5696915858768714,0.9074490619197012,40,0.600280187463688,0.6943185505591689,False,0.7367870436916688,0.828358083454359,True,0.35447167347669484,0.6422305093485261,0.6672908581505763,-0.29999999999999993,0.6909064822642392,-0.3,0.16519261436141952,0.4519120339028734,1.1453873400336776,0,0.6473935210556679,0.09511879514306876,0.38852226233871645,1.0787499500851387,0,,0,1
S0_null,1501352,0.7827183250307296,0.5129077056096313,1.1944604645990455,0.25596091183723935,0.025332878115397417,0.5410812434399029,0.9629092917714808,40,0.8226844404866703,0.7239922004950748,True,0.4339825777634698,0.6059134130796588,False,0.7763938431121098,0.9565157815255269,0.025987391726102184,0.0,0.003066739371709653,0.0,0.25596091183723935,0.5129077056096313,1.1944604645990455,0,0.8371128955456787,0.45002554460596,0.5277543838918337,1.3278108553476171,0,,0,1
S0_null,1501353,0.8203321670734892,0.5276149677364188,1.2754468798005574,0.37912761159229624,0.08066276803118755,0.568883383623922,0.8880140334477222,40,0.9553153736865427,0.9674771912246782,False,0.34864445207770733,0.3919633614973017,True,0.4662683287196764,0.3877288759642419,0.4096716870919677,-0.22499999999999998,0.4265311862876639,-0.225,0.37912761159229624,0.5276149677364188,1.2754468798005574,0,0.8243474582866193,0.49260560680751764,0.468974945813476,1.4490086049370414,1,0.0,0,1
S0_null,1501354,1.4841590683844117,0.9333080752141314,2.360129735041998,0.09524888221263768,0.35059523809523885,0.5440214542032783,0.5232585271071774,40,0.5193180945373932,0.4461948065884208,False,0.1839276702616548,0.13926442087726987,True,0.2422453828360861,0.15218283371643265,0.06099766051891281,0.050000000000000044,0.0847078824846931,0.05,0.09524888221263768,0.9333080752141314,2.360129735041998,0,1.7126547873679865,0.044351358880444954,1.013683560319024,2.8935917829932625,0,,0,1
S0_null,1501355,1.2523084989863045,0.7541473437099686,2.0795360345875085,0.38457655044758543,0.09509760670563727,0.5549483922534344,0.8648721360312044,40,0.3437682600622095,0.25367424637338165,False,0.13116077726510658,0.06106053393493516,False,0.9552138087756628,0.9891517689726513,0.08042494118138664,0.07500000000000007,0.10851156076691325,0.075,0.38457655044758543,0.7541473437099686,2.0795360345875085,0,1.0702041024965705,0.8084692375001213,0.6183165521311367,1.8523470171595524,0,,0,1
S0_null,1501356,0.7722314107124251,0.49400549332383553,1.2071553044451315,0.2568007223840266,-0.01705845963501451,0.4269851393505777,0.9683470339235384,40,0.018540441888258444,0.011248044167214753,False,0.5712430483673425,0.6941133158170771,True,0.9838961745567013,0.7538577966936298,0.04244461887277111,-0.050000000000000044,0.06323483829154,-0.05,0.2568007223840266,0.49400549332383553,1.2071553044451315,0,0.7921358085982935,0.36951225420439626,0.4761789343139647,1.3177381317123722,0,,0,1
S0_null,1501357,0.7136332993192742,0.46874135991806753,1.0864679958822703,0.1156614771291452,0.04138464823315913,0.48848207529451804,0.9329400308122757,40,0.903830108496317,0.9459063497720139,True,0.26810162007583305,0.17027710481097924,False,0.6619916927145051,0.7032333841436033,0.06845503352122952,0.07499999999999996,0.05494849062323593,0.075,0.1156614771291452,0.46874135991806753,1.0864679958822703,0,0.7442889983673988,0.18056986700536215,0.483062638979688,1.1467790476630904,0,,0,1
S0_null,1501358,0.9221151903615237,0.5889187525475319,1.4438263692865532,0.7230100923918252,-0.09999999999999809,0.568220092697423,0.8612629498004044,40,0.15593147851935202,0.31594250441054983,True,0.007869960811292414,0.001428287406436049,False,0.526990973628878,0.5484172364842528,0.07135179124882049,-0.07500000000000007,0.0743759621482963,-0.075,0.7230100923918252,0.5889187525475319,1.4438263692865532,0,0.9584861581181519,0.8582504819797032,0.6018801504212877,1.5263764964853073,0,,0,1
S0_null,1501359,1.0205247058967641,,,,0.43612781571705156,0.5528676428051271,0.43522730454969444,40,0.586527272426373,0.5878225414234948,False,0.045679537702719,0.03929056128787882,False,0.9106153919436627,0.9674587015898602,0.046082653581253095,0.025000000000000022,0.047582390994191696,0.025,0.9460435146400583,0.558213270498512,1.8657218134846427,1,1.0168784854338841,0.9573674741076423,0.5419869406029256,1.9078722690033916,1,0.0,0,1
S0_null,1501360,0.9567245657170947,0.6060867791163198,1.510215906674472,0.8493524815077333,0.06155584631854427,0.5611376455263551,0.9132414768945971,40,0.06998636324836882,0.1289571857579112,True,0.4685299284736154,0.4143934211248673,False,0.33668756529130495,0.3144108531372184,0.07130219316262154,0.07500000000000007,0.03460576199081596,0.075,0.8493524815077333,0.6060867791163198,1.510215906674472,0,1.033114410899598,0.8982393339220855,0.6270631744062332,1.7021018448724485,0,,0,1
S0_null,1501361,1.3229724076218619,0.8069920426742173,2.168864002089503,0.2671221678889242,0.93181436811746,0.5334430475981227,0.08897086235273517,40,0.09258029188763688,0.11545134541553626,True,0.030984050098456638,0.01765435909378516,False,0.27334086490691234,0.4136835056756497,0.014443186156453246,0.0,0.02575178272878667,0.0,0.2671221678889242,0.8069920426742173,2.168864002089503,0,1.5648318129656262,0.08742426192977797,0.9364002633128374,2.615012723518655,0,,0,1
S0_null,1501362,1.1585597652545552,0.7097681643416377,1.89112557747886,0.5560582799639221,0.1398828737434279,0.46267557975043827,0.7640900372865942,40,0.45626664733925115,0.2776449536773282,False,0.11158762132882961,0.12429194332624724,False,0.677480757562446,0.956474326148977,0.06511438214236642,0.050000000000000044,0.06323483829154,0.05,0.5560582799639221,0.7097681643416377,1.89112557747886,0,0.9878720713843238,0.9670745935378882,0.5534482003344243,1.763292804695121,0,,0,1
S0_null,1501363,0.7346464683190603,0.46937480826921196,1.1498389430054747,0.17730073733160034,0.040997382559578965,0.5029373853976362,0.9354710661614933,40,0.6867423229088081,0.6828492057642565,True,0.07626010948329345,0.1393203857563856,True,0.06329083223334526,0.04562958598989758,0.02747073893032276,0.050000000000000044,0.047919065615694055,0.05,0.17730073733160034,0.46937480826921196,1.1498389430054747,0,0.5721766669318012,0.023436638511831354,0.35304453432901506,0.9273224943232865,0,,0,1
S0_null,1501364,1.4664426792752168,0.9068348634604452,2.371384491542187,0.11848383583262101,0.5852119700748128,0.45097329886499793,0.20243498384953182,40,0.11635929899035671,0.24891586951233236,False,0.4896314276715791,0.3286980498315739,True,0.48977169740656845,0.5584615858578449,0.023625197476433515,0.0,0.021043143355250853,0.0,0.11848383583262101,0.9068348634604452,2.371384491542187,0,1.6843223045267193,0.03385767075752566,1.0405583688598523,2.7263647195828686,0,,0,1
S0_null,1501365,0.9269529437029839,0.6279399041650569,1.3683503057225228,0.7026612791139415,0.6234350909651589,0.4023001112509399,0.12973138027619383,40,0.6316171681050211,1.0,False,0.4895935739481312,0.24898284402019122,True,0.45466195579378943,0.43900573106468566,0.037469480964170215,-0.025000000000000022,0.029131773706320103,-0.025,0.7026612791139415,0.6279399041650569,1.3683503057225228,0,0.797100977041402,0.3115195410624346,0.513782408813652,1.2366518524202825,0,,0,1
S0_null,1501366,1.0332048369612845,,,,0.5636615414000588,0.5253814911174818,0.2902810641819621,40,0.1773147245516432,0.23813126119203942,True,0.14434439095470117,0.19701812337857694,False,0.27587558011184576,0.33854543448100327,0.049382891440996474,-0.07499999999999996,0.015385690519042095,-0.075,0.9015252915963095,0.6078347048470253,1.756254170101816,1,1.0157567264495526,0.9559871458378728,0.5748362861949045,1.7948792588533307,1,0.0,0,1
S0_null,1501367,1.311963610203564,0.8915634085336546,1.9305957355621952,0.16832107019910936,0.17521793275217767,0.6256988106197031,0.7810099156197513,40,0.397584839096917,0.3706480041702749,True,0.37985712246068626,0.41569575511933576,False,0.7097009036948861,0.9565901036522753,0.10955553777696783,0.125,0.04807484422904318,0.125,0.16832107019910936,0.8915634085336546,1.9305957355621952,0,1.2060340237399338,0.3510091249124584,0.8135410190626122,1.787885346081599,0,,0,1
S0_null,1501368,1.0504682952653102,0.6361193115261027,1.7347117425349947,0.8474412829391756,-0.5887589231960076,0.5614191480043959,0.3011194405434234,40,0.1166210614953714,0.08464910228683721,True,0.6287799945786918,0.7042877489657811,False,0.4304258933027668,0.41390562487282445,0.15880764292463925,0.125,0.06754405692028337,0.125,0.8474412829391756,0.6361193115261027,1.7347117425349947,0,1.0872395553403693,0.7695645873270526,0.6212821112480322,1.902661978021773,0,,0,1
S0_null,1501369,0.9328118653166758,0.6209500824517882,1.4013010073851395,0.7376441587678906,0.1906524080627774,0.6310737558989465,0.7642614896598953,40,0.743744252337134,0.9458935948617142,False,0.4681237696783883,0.2707987077124815,True,0.19154855275316918,0.14957307945148074,0.0950384371906948,0.07499999999999996,0.06483499538239326,0.075,0.7376441587678906,0.6209500824517882,1.4013010073851395,0,0.8947161720165905,0.6140459301499773,0.5806473158769226,1.378663099921577,0,,0,1
S0_null,1501370,0.8681750267902052,0.5137333675603302,1.4671577217605194,0.5974615716915148,0.47417391304347745,0.4602031167873174,0.3095306155906154,40,0.7651189955273551,0.6066606640381791,False,0.7111189887153913,0.6641515768011845,False,0.8309366378526781,0.6821192872146586,0.07178262597553092,0.07500000000000007,0.06483499538239326,0.075,0.5974615716915148,0.5137333675603302,1.4671577217605194,0,0.9116178065256533,0.7447833150583278,0.5222143803399097,1.5913905408612348,0,,0,1
S0_null,1501371,0.8761523245522063,,,,-0.3359771754636216,0.4953868483625559,0.5018572843345633,40,0.9702041874708385,0.6942638616454861,True,0.47770329006121814,0.3016709669022132,True,0.9300937447694367,0.8488481724220691,0.0665242675003778,-0.07500000000000007,0.06483499538239326,-0.075,0.6135061568473279,0.5181708589680437,1.4814474464021843,1,0.9287096061874968,0.7864284804859974,0.5367156895285918,1.6069989185195757,1,0.0,0,1
S0_null,1501372,0.8176564804153982,0.5024733168984916,1.3305425332672096,0.4177308183811196,-0.5365000950028518,0.4801450282480239,0.27103897425738593,40,0.285893188936721,0.17462875665951183,True,0.6719400189226693,0.9028805000700225,True,0.912857370532737,0.8914943936359113,0.02021308751541064,0.0,0.0004018182923931481,0.0,0.4177308183811196,0.5024733168984916,1.3305425332672096,0,0.8600521321733815,0.5688082006169819,0.5120472281484225,1.4445731358232692,0,,0,1
S0_null,1501373,0.7477337114135726,0.47430905000227874,1.1787793279121066,0.2106636998506879,-0.16263500174196,0.5502887391604092,0.7692299827545974,40,0.14833638418395478,0.5212902766414218,True,0.5065637787722713,0.24902748489538795,False,0.677735659119902,0.42157597020816995,0.19556963114746376,0.15000000000000002,0.18611765176727474,0.15,0.2106636998506879,0.47430905000227874,1.1787793279121066,0,0.6870393948293151,0.1569059853826676,0.4085713281845293,1.1553016511091168,0,,0,1
S0_null,1501374,0.8553924920118733,0.5633965872494211,1.2987233716883588,0.4634815494915414,0.08933231005372311,0.5809776570948206,0.8786329667799855,40,0.9056361034282647,0.8813545601627767,False,0.35548662323351166,0.3351636399873955,True,0.9432809208502909,0.7858515660643077,0.03503681458762459,0.04999999999999993,0.017521291143505167,0.05,0.4634815494915414,0.5633965872494211,1.2987233716883588,0,0.8853834586730975,0.5988156811126549,0.5625657099271535,1.3934440991674448,0,,0,1
S0_null,1501375,0.5894895202508998,0.3614437860181166,0.961416153570886,0.03420674251448943,0.09382445141065843,0.3859025379573687,0.8092476461137955,40,0.8446102947853842,1.0,True,0.9702067840931907,0.9242853828012453,True,0.31245954427653966,0.6935639979435531,0.06359878844162965,-0.04999999999999993,0.011082968803509494,-0.05,0.03420674251448943,0.3614437860181166,0.961416153570886,0,0.5633246373078966,0.04288210576967354,0.32322515900545584,0.9817758245505783,0,,0,1
S0_null,1501376,0.835605209834635,0.5138463562541911,1.358842109522285,0.4690964679813867,-0.1499999999999977,0.5587295747116499,0.7898317233210385,40,0.09344782215861432,0.1466666431085646,False,0.7603683300552027,0.515161364538121,True,0.7777166033842033,0.7545922856539409,0.028442332104092746,0.025000000000000022,0.029131773706320103,0.025,0.4690964679813867,0.5138463562541911,1.358842109522285,0,0.8463824573899036,0.5217727620506538,0.5081086690687288,1.409862314473666,0,,0,1
S0_null,1501377,1.0843097291442896,,,,-0.08605614582318,0.5541298758033805,0.877429281688559,40,0.8445010428076558,0.967527875664251,False,0.045041474951855676,0.045978586801623075,True,0.19592142174513594,0.11792520883321332,0.07178262597553092,-0.07500000000000007,0.024630214771563675,-0.075,0.7834416495651281,0.6000910849557485,1.959248551082312,1,0.9621854199257531,0.9116618932400613,0.4786400903444747,1.9342315886063872,1,0.0,0,1
S0_null,1501378,0.9755742942960242,0.6460310782874299,1.4732189141955463,0.9063929516102158,-0.27089694656488694,0.5235539970521984,0.6079432783403667,40,0.8226692365051227,0.8387390575789817,True,0.23190001219860845,0.11166948677208866,False,0.3298198827786445,0.43813849523572035,0.014155535435657106,0.024999999999999967,0.012390771509656994,0.025,0.9063929516102158,0.6460310782874299,1.4732189141955463,0,1.1459893210315404,0.5294542815641257,0.7494225924308308,1.7524045007217253,0,,0,1
S0_null,1501379,0.9573692601856523,0.6140872969404408,1.4925498457873458,0.8475128750733988,0.206545924967654,0.5707810791567,0.7195111389914277,40,0.05804745495337945,0.08192391924003085,True,0.5729747361434683,0.7447538536464731,False,0.17759065777104333,0.2595503989290374,0.021137269953443505,-0.02499999999999991,0.007884793234706604,-0.025,0.8475128750733988,0.6140872969404408,1.4925498457873458,0,0.728465219798708,0.22246463213668566,0.43788984589950414,1.2118608856213742,0,,0,1
S0_null,1501380,1.0699455639017088,0.6382679381019788,1.7935782786100702,0.7975653118427496,-0.12611711199545178,0.5000392126945746,0.8022711373273973,40,1.0,0.8598507258698027,True,0.9479024778706793,0.9459699892929869,True,0.4475294393360243,0.5860001206287011,0.025247419226471588,-0.025000000000000022,0.0352330639291004,-0.025,0.7975653118427496,0.6382679381019788,1.7935782786100702,0,1.0526545182115103,0.8484156133270203,0.6219642618211746,1.7815839313122774,0,,0,1
S0_null,1501381,0.7594576412228832,0.4745356241757984,1.2154533388586033,0.25147980947931214,-0.6499999999999997,0.4850573182858813,0.1884016867656653,40,0.33766455094132886,0.2545943710603461,False,0.8076416317398722,0.6055552711183254,False,0.8953958344265324,0.9674833474360723,0.1293981121522539,-0.09999999999999998,0.1463463022859083,-0.1,0.25147980947931214,0.4745356241757984,1.2154533388586033,0,0.7686783383024107,0.29917740191992004,0.467786486296902,1.2631112806459637,0,,0,1
S0_null,1501382,0.990292300862908,0.6094146773885721,1.6092143453956498,0.9685863440830415,0.4001749475157469,0.5879134812615421,0.500318132831572,40,0.3902023872854721,0.24296884236666205,False,0.5861803873075235,0.9351461658254706,True,0.7928902746212244,0.9458731682250423,0.0183136653767048,0.02499999999999991,0.02319930679535069,0.025,0.9685863440830415,0.6094146773885721,1.6092143453956498,0,1.0400550035389902,0.8793684262214896,0.6263113775006469,1.7271192081855027,0,,0,1
S0_null,1501383,0.9177710187946854,0.5921358392430514,1.422483807121322,0.7011374915568704,0.3102282138584715,0.6168121121002194,0.6179774269608685,40,0.9057546688407057,0.714196788566424,True,0.21070615482115573,0.19769513460716126,False,0.024015125859125658,0.043205349795289685,0.053481779532600006,-0.050000000000000044,0.047919065615694055,-0.05,0.7011374915568704,0.5921358392430514,1.422483807121322,0,0.9531468194226392,0.8523280788164429,0.5750862625996992,1.5797436288403672,0,,0,1
S0_null,1501384,0.983715711286404,0.5941319753298199,1.6287569779332602,0.9491150727734903,-0.16302338227297197,0.5426198001546485,0.7655250729914657,40,0.024123254105427566,0.09282963038124098,True,0.12598395440254068,0.2550644826991614,False,0.651960315447434,0.9564847011075616,0.018939243014402415,0.0,0.02575178272878667,0.0,0.9491150727734903,0.5941319753298199,1.6287569779332602,0,1.0681239462588972,0.8101572764325613,0.6238778586927809,1.8287053285753685,0,,0,1
S0_null,1501385,0.6621901966827367,0.4284824923913478,1.0233693660048733,0.06346020120810128,0.08468468468468449,0.46377472672683145,0.8561097101969366,40,0.518809073978113,0.41569575511933576,True,0.28687500357986984,0.4552540020239766,True,0.7467811296572368,0.5765416598963866,0.2595429299473733,-0.17500000000000004,0.2726804591866725,-0.175,0.06346020120810128,0.4284824923913478,1.0233693660048733,0,0.6049911892918136,0.06116762952316388,0.3575008081034117,1.023814018945794,0,,0,1
S0_null,1501386,0.7909820613126429,0.5249067293931636,1.1919310351416237,0.2623906274097011,0.3211250713877771,0.5608712919779026,0.5704145916931364,40,0.46862006149535307,0.5875234044357307,False,0.5728969672181214,0.6061176296267907,True,0.8866579873157212,0.7131599381099647,0.2028554942061364,-0.15000000000000002,0.15691990455744992,-0.15,0.2623906274097011,0.5249067293931636,1.1919310351416237,0,0.8876591111026431,0.6065057277332411,0.5640399328601348,1.3969555196704841,0,,0,1
S0_null,1501387,0.9105987646800092,0.5655688664522244,1.4661169654514625,0.6999383406194923,-0.27879513948314205,0.4359339451667787,0.5264149448174253,40,0.8811796463856939,1.0,True,0.11666446478102341,0.10273133334002513,True,0.24728539572268593,0.1774149402592422,0.018823035256222663,-0.02499999999999991,0.017563739731861296,-0.025,0.6999383406194923,0.5655688664522244,1.4661169654514625,0,0.9350434679325257,0.7998955467079325,0.5562868593636462,1.5716824372292928,0,,0,1
S0_null,1501388,0.8915157099131333,0.5750602418502787,1.3821165213310822,0.607723098245107,0.7381614110101562,0.6293182860242512,0.2483105094667138,40,0.4075888305012898,0.40814391943201944,False,0.23914917529175062,0.3929696921797863,True,0.4998669660380769,0.5863913969445311,0.143410515187121,-0.12499999999999994,0.1649384004605626,-0.125,0.607723098245107,0.5750602418502787,1.3821165213310822,0,0.9213259794694713,0.7371686333267891,0.5709313938742094,1.4867663077438018,0,,0,1
S0_null,1501389,1.090079035631867,0.6784197715049672,1.751529589546169,0.7214961535487356,-0.054958089514470176,0.5989855471926734,0.9273900949599642,40,0.6949371366879084,0.8280389861923456,True,0.7769630797088496,0.8598179125955906,True,0.5719212745892159,0.9240307925743784,0.08040297638926792,-0.07500000000000007,0.05494849062323593,-0.075,0.7214961535487356,0.6784197715049672,1.751529589546169,0,1.1177467636987455,0.6460675265555658,0.69505272109464,1.7975008079838937,0,,0,1
S0_null,1501390,1.596153052973018,0.9895120156676404,2.5747080663756337,0.05527031196527804,-0.12050976655550238,0.5841861113993441,0.8376979972555866,40,0.6725038792129815,0.7345602143033546,True,0.06377221157780567,0.06629558689957728,True,0.5240948694869436,0.9457192274369327,0.07122587513949757,-0.07500000000000007,0.0743759621482963,-0.075,0.05527031196527804,0.9895120156676404,2.5747080663756337,0,1.5112960266346207,0.1237053776671776,0.8933106322428513,2.556798942812392,0,,0,1
S0_null,1501391,0.6653502746449392,0.4432397274471157,0.9987619803843393,0.049305398896845536,-1.5344624033731578,0.5240268031328886,0.005803967431240939,40,0.6148376661804031,0.9027344117914169,True,0.06446738074900257,0.05564884912941866,False,0.3300642883887349,0.36931209468587345,0.6861060566547945,-0.30000000000000004,0.7039065800938653,-0.3,0.049305398896845536,0.4432397274471157,0.9987619803843393,0,0.7320454344399202,0.15358774694128605,0.4769572158150578,1.1235609826524258,0,,0,1
S0_null,1501392,0.797534725131877,0.4899754921392153,1.2981499034046708,0.362738338897054,0.38401657409856405,0.4850232043665912,0.4335538957178155,40,0.06177104329489539,0.07564447354687624,False,0.872028111858379,0.7237665413688534,True,0.5212012146339924,0.3333987939664246,0.041411622925190815,-0.04999999999999993,0.03231112320566666,-0.05,0.362738338897054,0.4899754921392153,1.2981499034046708,0,0.7693616497984842,0.31845169802017903,0.4596460945638518,1.2877676002932277,0,,0,1
S0_null,1501393,1.3652334608554684,0.8586151672520618,2.1707774026454274,0.188261898381351,-0.18270726828184047,0.4474030563994526,0.6853537941760154,40,0.3438661384714371,0.8599686631565088,False,0.6629719512744012,0.9783679875911708,True,0.9356109678280323,0.8069267820979061,0.020333452232662894,0.0,0.01656628160682895,0.0,0.188261898381351,0.8586151672520618,2.1707774026454274,0,1.3393466916637256,0.322109878110119,0.7429505550576105,2.4144938694223956,1,0.0,0,1
S0_null,1501394,1.472792621321127,0.9563237921605416,2.2681837712282067,0.07887273448161325,0.14833483348334855,0.5795170306350939,0.7993972660179522,40,0.9621961108479483,0.7041416112318057,True,0.3696351029173479,0.4716453323854888,False,0.6570976248354676,0.5318725454461372,0.014548159703345567,0.0,0.012415162210221016,0.0,0.07887273448161325,0.9563237921605416,2.2681837712282067,0,1.506862293736078,0.07246585646272259,0.9633019834759889,2.357136195329086,0,,0,1
S0_null,1501395,1.1992745559351758,0.7527525093987852,1.9106671084527298,0.44443686603677324,-0.6197466896948758,0.5233951486991825,0.24392886149915222,40,0.750932027277819,0.6547398496826569,False,0.08235537941486347,0.10343216530275429,False,0.03624715708552774,0.02874326057082437,0.01878236472991377,0.0,0.01656628160682895,0.0,0.44443686603677324,0.7527525093987852,1.9106671084527298,0,1.3449944558716425,0.2363073986599128,0.8235459606149839,2.196610963855102,0,,0,1
S0_null,1501396,1.0213400533301087,0.63985759554149,1.6302619704835708,0.9294777967646093,0.5836021748980524,0.43895104688533676,0.19180987872287855,40,0.9553309378099653,0.8175599851858426,True,0.9701781838510629,0.92434952112362,True,0.45764089795468743,0.3681278626629201,0.06080533211328155,0.07499999999999996,0.0743759621482963,0.075,0.9294777967646093,0.63985759554149,1.6302619704835708,0,0.9626165085955951,0.8759552836464849,0.5966149084692062,1.5531468112292417,0,,0,1
S0_null,1501397,0.6784724077683486,0.4337250525448206,1.0613286122212433,0.08927546389421628,-0.40950865327232744,0.43911677182795766,0.3570861675755664,40,0.3801064937160792,0.3090596324774443,True,0.00123738209097261,0.015747417115210657,False,0.30190394700800605,0.9891512547361204,0.026993869661072808,-0.02499999999999991,0.02319930679535069,-0.025,0.08927546389421628,0.4337250525448206,1.0613286122212433,0,0.6756777344183181,0.11637245289706381,0.41420368831302684,1.1022123019910175,0,,0,1
S0_null,1501398,0.9183565264525342,0.6144372313193432,1.3726035251266089,0.6778694485691651,0.22420783901486852,0.5367393258754432,0.6785646286970961,40,0.02928818574115968,0.030028542460274907,True,0.7780458784827948,0.6347348755088653,True,0.7222402584043348,0.7035950029542675,0.04613048694995385,0.07499999999999996,0.03460576199081596,0.075,0.6778694485691651,0.6144372313193432,1.3726035251266089,0,0.8878235518478714,0.5953368113272177,0.5723196591566818,1.3772559558363502,0,,0,1
S0_null,1501399,0.7387700390080302,0.4780963290582368,1.1415715565334217,0.17268507400585797,0.0802637889688238,0.49532643512516156,0.8721543059365391,40,0.9255494844908805,0.849412683134338,True,0.9678870518066629,0.7242422858571658,True,0.8101442348923346,0.7755279656934579,0.28392933142019644,-0.17499999999999993,0.31228600812697016,-0.175,0.17268507400585797,0.4780963290582368,1.1415715565334217,0,0.703178023278441,0.12694611904157924,0.44737523679338315,1.105245198562785,0,,0,1
S0_null,1501400,1.1480119715270234,0.7134759756323384,1.8471981282919987,0.5695001782656575,-0.4651084550686144,0.44838489641290313,0.3063291515354906,40,0.05669863869392625,0.10954550659135133,True,0.12513911851619489,0.17844471764116843,False,0.3002643389579952,0.5046331947280688,0.06102110708894703,-0.07499999999999996,0.05494849062323596,-0.075,0.5695001782656575,0.7134759756323384,1.8471981282919987,0,1.0858119304779816,0.7548521437660022,0.6476267154567531,1.820473924607656,0,,0,1
S0_null,1501401,0.6148924151918207,0.37106852716241095,1.018929536147228,0.059134549794940316,-0.21164037854889511,0.5566261013474323,0.7059561427398738,40,1.0,1.0,True,0.09216569222802272,0.1966579041848463,False,0.03895051395339827,0.028803488366179453,0.0944476140379316,-0.10000000000000009,0.07502426537113577,-0.1,0.059134549794940316,0.37106852716241095,1.018929536147228,0,0.5958807689562823,0.04788164625526878,0.35679265015728795,0.9951827501362487,0,,0,1
S0_null,1501402,0.9479847095062912,0.6202206665330449,1.4489601168584192,0.8050865564017329,-0.6379565314810662,0.5243385109401605,0.2314272633166033,40,0.4563122911024289,0.6745677456506776,True,0.38974712089484065,0.35514249976513923,True,0.9850682175802471,0.8279028299526461,0.052056716658718784,0.07500000000000007,0.024630214771563665,0.075,0.8050865564017329,0.6202206665330449,1.4489601168584192,0,0.903985354993912,0.6627350021054765,0.5743223806827362,1.4228759831229632,0,,0,1
S0_null,1501403,1.183101617254149,0.8018287759864321,1.7456712438729791,0.396902559136348,0.46520347259902284,0.5320931472976238,0.3876003573228819,40,0.779200103989349,0.8174244411232539,False,0.6628216963110628,0.6641664582445037,False,0.13994890969119866,0.1474265422197697,0.05353465885358352,-0.050000000000000044,0.005813098297592855,-0.05,0.396902559136348,0.8018287759864321,1.7456712438729791,0,1.2344413097329099,0.3564937682057189,0.7889309339781788,1.9315320030501557,0,,0,1
S0_null,1501404,1.1511909825491202,,,,0.9777065161621357,0.4850446861551939,0.051136914137475786,40,0.6724101040821536,0.5326671192751542,True,0.1469653491122344,0.14307959671360357,True,0.01935883422508072,0.008049955128795689,0.02279370761844094,-0.025000000000000022,0.0414069212922549,-0.025,0.5484179757527448,0.7192007967679613,1.8426574111958003,1,1.1760884292864489,0.5224393532160662,0.7074316105806213,1.9552193778367126,1,0.0,0,1
S0_null,1501405,1.2439880336007811,,,,-0.24004359608813686,0.538591757889607,0.6584200989660994,40,0.14525950774328542,0.23280132950555565,True,0.627266001685545,1.0,False,0.2210942525345877,0.4703830885703827,0.41155792393701185,-0.22499999999999998,0.4204709077529054,-0.225,0.3448388750834202,0.7838930481527132,1.9741292914750568,1,1.3016924283654487,0.2507745734634615,0.8238232995969182,2.0567555917549063,1,0.0,0,1
S0_null,1501406,1.1409120959801455,0.6652392665189121,1.9567101286207722,0.6319543403336121,-0.33483626008542866,0.6131296979495027,0.5882683500505362,40,0.64051139094935,0.8177036705354462,False,0.3441106518749699,0.38583757092037807,False,0.9354068891746239,0.8809522575356484,0.15361270252671724,-0.125,0.15457597185817973,-0.125,0.6319543403336121,0.6652392665189121,1.9567101286207722,0,1.2937920328228554,0.37702852216776406,0.7305853160712307,2.2911736485444156,0,,0,1
S0_null,1501407,1.5534010715647553,0.9241057137257355,2.6112325173380526,0.09649054015380062,-0.013396754336879813,0.4751467606267345,0.9776581709432828,40,0.7937512235915551,0.9029169194044188,False,0.0507338339713877,0.02440076823817269,True,0.010507272565540455,0.02718541107076587,0.04180111234769209,0.02499999999999991,0.017563739731861275,0.025,0.09649054015380062,0.9241057137257355,2.6112325173380526,0,1.5535433777169807,0.16627516231238218,0.826018970662926,2.9218421273198123,1,0.0,0,1
S0_null,1501408,1.0775024928753416,0.7024285570010429,1.6528536754106542,0.7323932000449398,0.6187972395662213,0.40957581671317683,0.13932729143045094,40,0.29439552244379363,0.46389329562871573,False,0.2596903165205271,0.5683256665684879,False,0.06282934665167746,0.14485268701833642,0.02788140377124799,0.025000000000000022,0.012390771509656994,0.025,0.7323932000449398,0.7024285570010429,1.6528536754106542,0,1.0387858325247796,0.8736867885419678,0.649805933794373,1.66061273025504,0,,0,1
S0_null,1501409,0.6110149583520684,0.37380175099484547,0.9987627889285302,0.04942561182435985,-0.5215455594002304,0.5692078300750176,0.36546129409101125,40,0.08565067358219977,0.040384465112944,True,0.7933633650125864,0.634606840280749,False,0.970128588832241,0.956713131478602,0.7247961765584597,-0.325,0.7273195408133275,-0.325,0.04942561182435985,0.37380175099484547,0.9987627889285302,0,0.564743400828811,0.03368088414916545,0.333313540602857,0.9568621430825764,0,,0,1
S0_null,1501410,0.5502085611401467,0.3232252441022146,0.9365897815090746,0.027712289417237735,0.41700977198696887,0.40899189544610876,0.3145371712511073,40,0.5414815576250815,0.3288577610281107,False,0.6674955681155154,0.9351431137887039,False,0.8086141375329204,0.7130425855250545,0.0749708454700332,-0.07499999999999996,0.10058623154071403,-0.075,0.027712289417237735,0.3232252441022146,0.9365897815090746,0,0.4726209132773725,0.012085706679760756,0.26321772276310396,0.8486150754680422,0,,0,1
S0_null,1501411,1.1474273041855534,0.7100906422330747,1.8541145877519942,0.57433833968551,0.1812897196261683,0.4614481696142989,0.6966690147724198,40,0.6599618049908138,0.8273387597714102,True,0.6432831399489009,0.7759399412185226,False,0.5985491932337849,0.6433247054650559,0.07782541111146853,0.07499999999999996,0.10851156076691315,0.075,0.57433833968551,0.7100906422330747,1.8541145877519942,0,1.1484995434921388,0.5893939983994323,0.694651087115481,1.8988686923084999,0,,0,1
S0_null,1501412,0.811848125845635,0.519273531348935,1.269268198066845,0.3606131593974611,0.15188143142374644,0.5304925165087548,0.7762433154270088,40,0.3831857706619618,0.30310912670038337,True,0.55004862175862,0.2545719650199789,False,0.18222157493333113,0.19563872586677789,0.15457542433077873,-0.12499999999999994,0.1308595450857383,-0.125,0.3606131593974611,0.519273531348935,1.269268198066845,0,0.7686382955813602,0.39569130424379045,0.41359259771320006,1.4284705110798521,1,0.0,0,1
S0_null,1501413,1.1319850480660287,0.7011849280445708,1.8274639082995203,0.61193322254842,0.5000000000000043,0.571505894990165,0.3872822767948953,40,0.2864896180055927,0.23702278632115759,True,0.585913748781291,0.5685634020903749,False,0.9240720515632984,0.7741416337747654,0.03842734334436419,0.050000000000000044,0.017521291143505167,0.05,0.61193322254842,0.7011849280445708,1.8274639082995203,0,1.176628679702617,0.5500950562176992,0.6901894942094101,2.0059057135961953,0,,0,1
S0_null,1501414,1.090390941126151,0.7190904823623187,1.6534114046178008,0.6837043222497643,0.20199152542372928,0.4508756894190447,0.6567667751616852,40,0.5458031820307039,0.5154384168964858,True,0.8870215326929553,0.6254346998454419,True,0.5861470703092361,0.5408864756800837,0.2462253740997635,0.19999999999999996,0.25948985749882614,0.2,0.6837043222497643,0.7190904823623187,1.6534114046178008,0,0.9701118249025025,0.8886392754421367,0.6344025313072743,1.4834697315541312,0,,0,1
S0_null,1501415,0.917213761486435,0.5774190442999582,1.4569680244613918,0.7143730028397064,0.05000000000000182,0.49439120203227394,0.9199897712065234,40,0.08689179864445089,0.09204480514854925,False,0.2663718125548853,0.16272547478486699,True,0.4187353341703791,0.8491594371898311,0.04852387520394682,0.04999999999999993,0.055653255970699776,0.05,0.7143730028397064,0.5774190442999582,1.4569680244613918,0,1.0072402025214038,0.9759808815364491,0.6297652170619422,1.6109699267109117,0,,0,1
S0_null,1501416,0.9346299949043123,0.5765846833410316,1.5150128898900488,0.7838417148575049,0.38009314545020206,0.507475477264413,0.4585997323225054,40,0.04996882141144558,0.20904214313573533,True,0.10765742799605518,0.11865628835977934,False,0.8865944030741788,0.9456908622263249,0.24593970544756236,-0.17499999999999993,0.2810242618506592,-0.175,0.7838417148575049,0.5765846833410316,1.5150128898900488,0,0.929631535204365,0.7700093635003481,0.5699943939073172,1.5161812124540799,0,,0,1
S0_null,1501417,0.9872467471828542,0.5951633202177867,1.637628037067998,0.960354698364633,-0.5426080952791931,0.4763543495735001,0.2619890026842738,40,0.7438322823977076,0.5418034111841781,True,0.4081552807340051,0.5686182086635944,True,0.015794034444171812,0.01186622302938554,0.24474483663378163,-0.17500000000000004,0.18963164708911073,-0.175,0.960354698364633,0.5951633202177867,1.637628037067998,0,0.970280066140133,0.9105757147402813,0.5731106952164424,1.6426903469204197,0,,0,1
S0_null,1501418,1.1177842312990662,,,,-0.640935446463085,0.5305191299960405,0.23466304878401315,40,0.1382619960653411,0.2321619736986691,True,0.4216900001399264,0.7552533165092852,True,0.024676671415327252,0.07037782951407684,0.34002461254174127,0.2,0.3290478502612913,0.2,0.7026628968499271,0.622296799321905,2.007790477312943,1,1.1496635333113052,0.6976083200234473,0.5592124395550755,2.3635494247542774,1,0.0,0,1
S0_null,1501419,1.7929892700518353,1.1555367374375731,2.782092873697744,0.00918954211843949,-0.582721662877555,0.4932804339463192,0.24501359871394637,40,0.7171355841257319,0.6939625476289151,False,0.25079759419674386,0.16258685072635493,True,0.6931519394817265,0.7752796872381646,0.5848796549854807,-0.2749999999999999,0.5795290922470946,-0.275,0.00918954211843949,1.1555367374375731,2.782092873697744,0,1.764770546106542,0.021000193031923957,1.0894260401914688,2.858766878619697,0,,0,1
S0_null,1501420,1.2610710803363245,0.7854172459794753,2.024783995769534,0.3369760366926231,0.15932533246837455,0.5173374572728391,0.7598309205283336,40,0.20385687171282663,0.14294761736273992,True,0.23161483691744766,0.16676576522319453,False,0.043565574343449015,0.06196432549647348,0.02114511468373635,0.0,0.012415162210221016,0.0,0.3369760366926231,0.7854172459794753,2.024783995769534,0,1.1224000289523095,0.6627869620316968,0.6679635964415259,1.886003715926198,0,,0,1
S0_null,1501421,1.305425831567002,0.8330601898514468,2.0456344241180027,0.2448358099055089,-0.16365492598264553,0.5841992354930685,0.7809338800081452,40,0.06374528110781504,0.0710312285954571,False,0.3979196159294409,0.2871331478347533,True,0.1970151232357138,0.13436107946284045,0.07525615751848791,0.07499999999999996,0.0835237244810848,0.075,0.2448358099055089,0.8330601898514468,2.0456344241180027,0,1.3009238734325335,0.282024468681223,0.8055580600154963,2.1009074435108377,0,,0,1
S0_null,1501422,1.088691205514947,0.6544059214066024,1.8111824819952342,0.7435101221318137,-0.1051004016064262,0.47510497705884874,0.8261412542664324,40,0.856287680138486,0.9675294078594084,False,0.2194439030092632,0.38599406483969423,False,0.01513718674677407,0.01084127111086769,0.08511868977957947,0.10000000000000003,0.06198396713929165,0.1,0.7435101221318137,0.6544059214066024,1.8111824819952342,0,1.1904404052255688,0.5919649243382115,0.6199548433988403,2.285889647420516,1,0.0,0,1
S0_null,1501423,0.9300854333209985,0.5593466030919597,1.5465525462996135,0.7799695414646355,0.7128584403788757,0.4553571455765939,0.12598108178375048,40,0.29746907723744287,0.23795418756413111,True,0.1529951979503445,0.3424708497214737,False,0.1062680391087343,0.09172155135097104,0.03312728395555737,-0.04999999999999993,0.040102433856149304,-0.05,0.7799695414646355,0.5593466030919597,1.5465525462996135,0,0.9788535326432493,0.9397339624836712,0.562449756605597,1.703537475330528,0,,0,1
S0_null,1501424,0.990808030479721,0.6084822351712359,1.6133594319098548,0.9703872474884029,-0.7659630032644199,0.4994218733024485,0.1336109198231072,40,0.7319674862349309,0.5415937620866516,True,0.17612276585137898,0.19646704332320652,False,0.5992026224493587,0.4627300245714623,0.5000000000000002,-0.25000000000000006,0.5,-0.25,0.9703872474884029,0.6084822351712359,1.6133594319098548,0,0.979747287588931,0.9414765211961361,0.5673921733806766,1.6917835539015182,0,,0,1
S0_null,1501425,1.1690100426173933,0.7601570637828451,1.797765941869499,0.4770019755992104,0.11069494584837525,0.5332904841493378,0.8367032271803047,40,0.21775675755370283,0.24354728713167006,False,0.11663257692304302,0.11238211766343781,True,0.5856894462609754,0.45388538673843515,0.03762187470509962,-0.025000000000000022,0.0352330639291004,-0.025,0.4770019755992104,0.7601570637828451,1.797765941869499,0,1.1451959230383737,0.561820066095942,0.7243666428079524,1.8105108996459087,0,,0,1
S0_null,1501426,0.7518263008495174,0.45503224998340935,1.2422037925216904,0.26553641810187567,0.1531795441912185,0.6014331235452283,0.800372146083379,40,0.7793502216461452,0.8596798447400098,False,0.45612964815519286,0.5877346272412425,False,0.11261251775062842,0.17788899770165167,0.02705231708789376,-0.02499999999999991,0.029131773706320103,-0.025,0.26553641810187567,0.45503224998340935,1.2422037925216904,0,0.7121877181856333,0.19272343666104408,0.42736008893115107,1.186847717116074,0,,0,1
S0_null,1501427,0.8894555462301702,0.524201966331406,1.5092106087588555,0.6641077777876013,-0.32343338599262705,0.48033422293142014,0.504908767843246,40,1.0,0.9243992939526832,False,0.8720409691192086,1.0,True,0.3592426273843943,0.24145047372756911,0.11644126467267583,-0.125,0.14326057979794618,-0.125,0.6641077777876013,0.524201966331406,1.5092106087588555,0,0.7956648368082693,0.42668496655857835,0.4528518148318238,1.3979904944584103,0,,0,1
S0_null,1501428,0.8133483119234426,,,,-0.8720617420066128,0.4945573450732002,0.08610455894288485,40,0.45511566354255184,0.514466668057499,False,0.3864441225389744,0.32851539053322,False,0.16831531951463274,0.25821721619206206,0.09669811431255221,0.07499999999999996,0.11605282048989775,0.075,0.5263863395039241,0.422876200438871,1.5643715012151462,1,0.8365127836272389,0.5805094369747044,0.43743609655922683,1.5996705408536134,1,0.0,0,1
S0_null,1501429,1.318645022886055,0.8310380865167013,2.092352594416525,0.24029281602081876,1.3948917748917733,0.4539026424091956,0.003963536994687616,40,0.32187559137264254,0.30231117189325385,True,0.3222556468702219,0.24316920489433547,True,0.16391533479839504,0.24243385976438692,0.13010176394298734,0.125,0.1649384004605626,0.125,0.24029281602081876,0.8310380865167013,2.092352594416525,0,1.3823737020136706,0.1816653387229138,0.8595429844478252,2.2232245351250106,0,,0,1
S0_null,1501430,1.1024192753768725,0.6802792004379061,1.7865139165509443,0.6922000498837938,0.21995393882130465,0.6024656515489297,0.7171232459273629,40,0.13989442087223203,0.1502862849122161,False,0.9256142218775516,0.9136631347586299,True,0.3317778734388005,0.29939416674257413,0.08659181742461486,-0.07499999999999996,0.09226046032336352,-0.075,0.6922000498837938,0.6802792004379061,1.7865139165509443,0,1.1878029210429846,0.4896675291478897,0.7289342354616044,1.9355323300802252,0,,0,1
S0_null,1501431,1.1315567818363936,0.7384456443488616,1.73394041974338,0.5703263255165776,0.21399350398267836,0.47112243207223337,0.6523235512694429,40,0.014605895269102153,0.0038985653773469246,True,0.34089518664227525,0.3227543914185578,False,0.9701495010853798,0.9348171337926171,0.13774435639493982,0.125,0.06754405692028337,0.125,0.5703263255165776,0.7384456443488616,1.73394041974338,0,1.1088484881441465,0.6648124240796845,0.6948480134855894,1.769516420564767,0,,0,1
S0_null,1501432,0.6022059443034045,0.3731447849150107,0.9718801227168551,0.03782347252605802,-0.47391412880678996,0.37953541624361486,0.21962931440961056,40,0.49333191529357767,0.7655328474368788,True,0.7934043502952264,0.8814156646298964,False,0.7433322427159216,0.8167935969552825,0.5,-0.25,0.5,-0.25,0.03782347252605802,0.3731447849150107,0.9718801227168551,0,0.5747690507382865,0.03781628663699968,0.3408172140509435,0.96931565680016,0,,0,1
S0_null,1501433,0.9781801979114036,0.6744525305496347,1.4186862028766258,0.9074147450159636,-0.09859772604223016,0.49463597752423016,0.8430929749993541,40,0.43276758066778476,0.615479307287127,False,0.023759804747618508,0.040583143947443216,False,0.32541732648102895,0.2699115876387681,0.2572885202505266,-0.17499999999999993,0.2263787441837476,-0.175,0.9074147450159636,0.6744525305496347,1.4186862028766258,0,0.8340768197666254,0.41833903087923185,0.5375071069730255,1.2942789634722358,0,,0,1
S0_null,1501434,0.838586765796909,0.5442324636296711,1.292145931684514,0.42484626896164945,0.5638297872340434,0.43965748187020687,0.20766857280909304,40,0.9403407681505386,0.9029214689410434,True,0.25070140099462257,0.30176252522073943,True,0.20942311044040607,0.26865552291074524,0.05186380079635164,0.07500000000000007,0.03460576199081596,0.075,0.42484626896164945,0.5442324636296711,1.292145931684514,0,0.759588783444251,0.23683771042621748,0.4816284002275047,1.1979673949081364,0,,0,1
S0_null,1501435,0.860593440255227,,,,-0.3999999999999974,0.43646425406923156,0.36536312264229187,40,0.7507008389072145,0.7445909646760571,False,0.5711060856572914,0.7448467933197844,True,0.6157790830193903,0.6434193802245947,0.05621085601946059,0.04999999999999993,0.07061977533748846,0.05,0.5632521734044836,0.5111887755031645,1.4488210713964356,1,0.7993077280742981,0.45122361565253766,0.4406967842564109,1.4497333926257303,1,0.0,0,1
S0_null,1501436,0.9518972892840576,0.588249421879128,1.540347369066385,0.8408934449712324,0.07527828112865664,0.7132708721248149,0.9165178013473251,40,0.047682799792883014,0.05592629228806762,True,0.5274817829226435,0.8386639404677512,False,0.5215536246421817,0.7307952335076049,0.06099766051891281,0.050000000000000044,0.04010243385614931,0.05,0.8408934449712324,0.588249421879128,1.540347369066385,0,0.8876706326949135,0.6189035463410548,0.555065866001196,1.4195777481789709,0,,0,1
S0_null,1501437,1.0361148969350515,0.643307813601616,1.6687720201010092,0.8840031702772655,-0.5499999999999999,0.5847697355682095,0.35304037072605166,40,0.8080701566843389,0.8600471228128953,True,0.18716425482398558,0.2837409557695103,False,0.4772030426301942,0.49703821138082094,0.0781740777507515,0.07499999999999996,0.09226046032336344,0.075,0.8840031702772655,0.643307813601616,1.6687720201010092,0,1.0482385915302086,0.8612696631364318,0.6180073357224471,1.7779791294689724,0,,0,1
S0_null,1501438,0.719070163903008,0.4458673569526887,1.1596765104074769,0.17622975543739594,-0.3625225225225245,0.5601362693983657,0.5214952555665124,40,0.6289539396576465,0.7342343437417365,False,0.7650991206849344,0.7965241386661894,True,0.5862294066377602,0.44969591425304745,0.14910958547288833,-0.125,0.11722504994521371,-0.125,0.17622975543739594,0.4458673569526887,1.1596765104074769,0,0.6976418137638415,0.1553722484481077,0.42454935686077094,1.146401690278181,0,,0,1
S0_null,1501439,1.7785792232982673,1.1603783413628062,2.7261315906957373,0.008226960276768589,-0.7676470588235308,0.4948570001381689,0.12935425423636862,40,0.7651189955273551,0.9783649291552058,False,0.5061758988808247,0.4078342638033772,False,0.4912576608782512,0.3077325887039769,0.060752571871456905,0.07499999999999996,0.05494849062323593,0.075,0.008226960276768589,1.1603783413628062,2.7261315906957373,0,1.7043575794107444,0.028971305774890148,1.056189647367546,2.750296564385838,0,,0,1
S0_null,1501440,0.8971787526678751,0.5590005100118801,1.4399445077815358,0.653077373415482,-0.40702657106706064,0.6038799749698567,0.5044886512585511,40,0.1911683593939747,0.19733564282269078,False,0.35437697958630476,0.31591971479387626,True,0.39244163647536223,0.1310574065230401,0.578368873796387,-0.275,0.5795290922470946,-0.275,0.653077373415482,0.5590005100118801,1.4399445077815358,0,0.980838528620157,0.9356946170599882,0.6130294144408109,1.5693279907348419,0,,0,1
S0_null,1501441,1.465175405769395,0.9645067116593337,2.225737720350613,0.07336394989350752,-0.6731550112794116,0.5017351833226658,0.18788493784313484,40,0.1250666898430363,0.21604247394083642,False,0.8247291910384491,0.6942638616454861,True,0.6425406547128997,0.4064795010890576,0.11014960625782019,-0.09999999999999998,0.13806267595474211,-0.1,0.07336394989350752,0.9645067116593337,2.225737720350613,0,1.4137497672133155,0.1454366882679274,0.8870120509239653,2.253282130962876,0,,0,1
S0_null,1501442,1.0797174443533644,0.675640613512028,1.7254583817587617,0.7484603912208749,0.9505800981704597,0.5396454783401453,0.08641772130524819,40,0.003268865610812911,0.0014929370712855842,True,0.125297753379587,0.23826399594148817,False,0.5993825609505312,0.5400989157622691,0.09667866412976014,0.09999999999999998,0.04835169739931688,0.1,0.7484603912208749,0.675640613512028,1.7254583817587617,0,1.115584192641272,0.6623399905516683,0.6828077375583437,1.8226625482033847,0,,0,1
S0_null,1501443,0.8444211194821857,0.5611086256144265,1.2707825089068006,0.4174329708944604,-0.207561436672969,0.4355071127622063,0.6364517487079949,40,0.6141191591573439,0.532628452697041,False,0.6872536631836093,0.8922278067514557,True,0.37462265719744914,0.4887396704502409,0.02862478226935878,0.025000000000000022,0.012390771509656994,0.025,0.4174329708944604,0.5611086256144265,1.2707825089068006,0,0.7889056115314488,0.2886675690377276,0.5091084303374025,1.2224744805214545,0,,0,1
S0_null,1501444,1.5978444491177464,1.0174877600185026,2.509226139024972,0.041825473077746984,-0.35000000000000003,0.4701987216264168,0.46135670939873247,40,0.856268294637518,0.9351278471389146,True,0.4993001442920897,0.559818879625912,False,0.420062399081788,0.6340611882370853,0.14910958547288833,0.125,0.11722504994521371,0.125,0.041825473077746984,1.0174877600185026,2.509226139024972,0,1.625316865514425,0.045250373507269744,1.0103271520500372,2.6146529942954615,0,,0,1
S0_null,1501445,1.044776094186339,0.6414155855764047,1.7017938315333265,0.860318766091978,-1.2523688467760556,0.5769134636906472,0.03643436948763735,40,0.21197999481350316,0.14326807401302002,False,0.8091281679832087,0.5147846105434957,True,0.526251906641475,0.8809016814391193,0.02562276057530248,0.025000000000000022,0.012390771509656994,0.025,0.860318766091978,0.6414155855764047,1.7017938315333265,0,1.1255055302785333,0.674256439658667,0.6484977556753382,1.9533802354772534,0,,0,1
S0_null,1501446,1.284837443680239,0.8054768691178323,2.049478166257902,0.29280392836098557,-0.387917808219179,0.4934611094437439,0.4368052224900808,40,0.716888518548254,0.5777515475817875,False,0.8245541989256858,0.9351186819726227,True,0.8152429442570095,0.9129870137504145,0.038706169808693625,0.02499999999999991,0.06567411311702892,0.025,0.29280392836098557,0.8054768691178323,2.049478166257902,0,1.2731225880255608,0.3935673780047442,0.7227628122748749,2.2425629772502425,1,0.0,0,1
S0_null,1501447,1.1107924749368283,,,,0.32978445460483846,0.5298809030401126,0.5375124714999507,40,0.07900776848447963,0.05252375120056421,False,0.8665049677637773,0.7140936087657146,True,0.014500383090159325,0.009237444504117655,0.05696021572155375,-0.07500000000000007,0.0743759621482963,-0.075,0.7205974329034054,0.615778582776582,2.003739585765937,1,1.2081602900105224,0.5399699042665626,0.6508273284690695,2.2427627459833674,1,0.0,0,1
S0_null,1501448,0.8970562206496416,0.5416772444886286,1.4855891976150968,0.6729570678938549,0.5618976466193505,0.5764740418015672,0.3360317167603405,40,0.218272122085172,0.20714909901909584,True,0.9038592019866114,0.7652427722440004,True,0.4802606827254362,0.5757414528518707,0.011838448072602708,0.0,0.005544304085089134,0.0,0.6729570678938549,0.5416772444886286,1.4855891976150968,0,0.9604775828167985,0.8826866907010682,0.5621869588044891,1.6409437690539213,0,,0,1
S0_null,1501449,1.1515649165104542,0.6789675845916712,1.9531149749000793,0.6005912132071205,-0.06335498274812157,0.4389280089462027,0.886015141105096,40,0.3700944683002695,0.19801201263352275,False,0.1451542790447931,0.09535342554353772,False,0.5126405634934661,0.6929563206530456,0.06317922588389968,-0.09999999999999998,0.06198396713929165,-0.1,0.6005912132071205,0.6789675845916712,1.9531149749000793,0,1.1178322277919241,0.7048891510476154,0.6280905539765838,1.9894406651701393,0,,0,1
S0_null,1501450,0.9840521130265396,0.6231198100123378,1.554048748879969,0.9450238551565889,-0.1500000000000008,0.4526345320592906,0.7422172455883025,40,0.760340763248236,0.8707563451116443,True,0.8496917484609217,0.9132264873836926,True,0.8506852621334271,0.7857130147890034,0.5,-0.25,0.5,-0.25,0.9450238551565889,0.6231198100123378,1.554048748879969,0,0.9522923734684416,0.848195871885639,0.5772963829417248,1.570875535275441,0,,0,1
S0_null,1501451,0.9705056121096848,0.5733617425892528,1.6427345481457116,0.9112272542880477,0.28287233158900216,0.48090300520202545,0.5599644046190003,40,0.4684848450056527,0.3345920977917056,False,0.5589116117482338,0.5235616257924097,False,0.7469800730374896,0.539848360040451,0.06099766051891281,-0.050000000000000044,0.03231112320566666,-0.05,0.9112272542880477,0.5733617425892528,1.6427345481457116,0,0.9629567463450188,0.8953638710867309,0.5486667471258645,1.690070885813433,0,,0,1
S0_null,1501452,1.0319508575818641,0.6593998364486227,1.6149876199535858,0.8905298224132225,-0.20736483610047163,0.5079691527172139,0.6854626338752964,40,0.46871014932909294,0.24795415884563443,False,0.6674955681155154,0.7548281810520232,False,0.5532547662517007,0.4061672917530518,0.02214221316000963,0.0,0.030615155837911714,0.0,0.8905298224132225,0.6593998364486227,1.6149876199535858,0,0.9114192628046118,0.6946870608112355,0.5735492283613115,1.4483239302485924,0,,0,1
S0_null,1501453,0.8639744835281553,,,,0.15798919336163758,0.46940756993934535,0.7383415273831564,40,0.9255430014520222,0.9136023195691515,False,0.05326098221230591,0.07532721649778322,True,0.06679806847513828,0.22154684538728608,0.023290036687014213,0.0,0.021043143355250853,0.0,0.533749722988994,0.5394327097572971,1.3837720529101545,1,0.9448795223025347,0.8448032900821003,0.5279988418867669,1.6909077081993542,1,0.0,0,1
S0_null,1501454,0.9039840526433404,0.5890399876865288,1.3873203594258572,0.6441432891824141,-0.9237221494102251,0.5121899904076622,0.07946136586673638,40,0.2659172206827535,0.11876066169734459,True,0.9839386462577298,0.7754349577105236,True,0.05337790217147971,0.05776114005903327,0.05353465885358352,0.050000000000000044,0.0847078824846931,0.05,0.6441432891824141,0.5890399876865288,1.3873203594258572,0,0.9111686921277253,0.671769339919005,0.5925416848971844,1.4011307671253668,0,,0,1
S0_null,1501455,0.9327286170868957,0.5533646295926942,1.57216892191535,0.7937579985402732,-1.2221373200442964,0.49618223032662834,0.01855036268034693,40,0.6266941795791029,0.5065267292139175,False,0.935787146546408,1.0,True,0.5615569572139681,0.6636145259911336,0.5,-0.25,0.5,-0.25,0.7937579985402732,0.5533646295926942,1.57216892191535,0,0.9657583156567333,0.8997282443938674,0.5616967304715726,1.6604852292394352,0,,0,1
S0_null,1501456,0.6161650083964799,0.4014418549531884,0.9457392468867148,0.026748450361830826,-0.1283604581072914,0.4001035502960259,0.7501533207703281,40,0.0477798462606429,0.03333473025910798,False,0.6405696651414503,0.5874881691931798,False,0.09948000679289365,0.062448796650828725,0.15358621631720837,-0.125,0.06754405692028337,-0.125,0.026748450361830826,0.4014418549531884,0.9457392468867148,0,0.5678040632460407,0.01237874481857848,0.36440387287676523,0.8847366294258462,0,,0,1
S0_null,1501457,0.7893894668134335,0.5107475531197023,1.2200464329389638,0.28704411255112516,0.12557866979197296,0.5312504306092312,0.8144390965489363,40,0.04851087951103143,0.0249913000193944,True,0.23842280906646873,0.21628176041167224,False,0.29360907284345616,0.4457627938731601,0.1979229553764147,-0.1499999999999999,0.2278018352655363,-0.15,0.28704411255112516,0.5107475531197023,1.2200464329389638,0,0.8105407597255441,0.3410299230391143,0.5260026429008425,1.2489981410612603,0,,0,1
S0_null,1501458,1.1587335399039849,0.7119209749233433,1.8859725500333686,0.5533225770292169,-1.0079259128282185,0.5158279164696424,0.058292165496583184,40,0.8225779304211256,0.6158459981775838,True,0.2856977740411857,0.3492514684321154,True,0.7776065190231334,0.605828229372479,0.1743307959649955,0.125,0.18325136952942586,0.125,0.5533225770292169,0.7119209749233433,1.8859725500333686,0,1.1073680683090674,0.7173777966257002,0.6374711570100331,1.9236384661890755,0,,0,1
S0_null,1501459,0.6662160091290089,0.4261192834083148,1.041595130991725,0.07487480259203466,-0.22724675324675458,0.456005377475208,0.6211923769401618,40,0.930542166320817,0.9350911631487597,True,0.5065207256930606,0.6158459981775838,True,0.6532825600625944,0.7857922198542883,0.037469480964170215,0.025000000000000022,0.059747121331570514,0.025,0.07487480259203466,0.4261192834083148,1.041595130991725,0,0.6089192735035375,0.03721715480003866,0.38183978397827456,0.9710425607855785,0,,0,1
S0_null,1501460,1.0971579332523445,0.7137124100090467,1.6866114608870224,0.6725587494182036,0.37239150507848573,0.553489241806139,0.5052506266034313,40,0.6140824364524813,0.7653288326260835,False,0.411179352143593,0.744730602863237,False,0.012772073544225195,0.039959524339196466,0.045916963505995834,-0.050000000000000044,0.03231112320566666,-0.05,0.6725587494182036,0.7137124100090467,1.6866114608870224,0,1.1202358172783182,0.6353231257230582,0.7006871496535236,1.790996576623047,0,,0,1
S0_null,1501461,1.0681550734242926,0.6657846187009521,1.71370024003894,0.7845718053887802,-0.34999999999999937,0.5132142739121254,0.49950106926333826,40,0.3651304345549774,0.2435695117883424,False,0.8091281679832087,0.7654147984642714,True,0.7934517874856463,0.7036751834965892,0.053851844242503,-0.050000000000000044,0.047919065615694055,-0.05,0.7845718053887802,0.6657846187009521,1.71370024003894,0,1.0736611904498994,0.7758739531787724,0.6582144876066609,1.7513263132050056,0,,0,1
S0_null,1501462,1.0775176469909373,0.6428199048046745,1.8061735034942294,0.7769587923852597,-0.07600787468971915,0.4945670556530327,0.8786927530507053,40,0.6675228235494093,0.5969664050659447,True,0.24689745997775514,0.2321840433972271,False,0.2310980838227632,0.4547419582930201,0.17528770306307878,0.15000000000000002,0.15691990455744992,0.15,0.7769587923852597,0.6428199048046745,1.8061735034942294,0,1.1376139531355782,0.6208072086598939,0.6825748625792052,1.8960052256811377,0,,0,1
S0_null,1501463,1.038261720541795,0.6470944344018512,1.6658888456348073,0.8763097525519113,-0.04999999999999788,0.5612805088924248,0.9294971821417989,40,0.5131918842029626,0.5691105345651595,False,0.47747463486775077,0.3630574765736657,True,0.7037580310325283,0.5407906468580406,0.15457542433077887,-0.125,0.08565825367350988,-0.125,0.8763097525519113,0.6470944344018512,1.6658888456348073,0,1.2199537947547148,0.42685023234674135,0.7470790383713248,1.992141640837602,0,,0,1
S0_null,1501464,0.6658185605724012,0.43290233235463715,1.0240516681705873,0.06406031624079454,-0.2815680166147463,0.5954544291236747,0.6390890186940704,40,0.6578790632425155,0.7141194141833291,True,0.9652545914043686,0.9783199225309253,True,0.7108567309012748,0.9783096545227149,0.17424497762310873,-0.12499999999999994,0.18325136952942586,-0.125,0.06406031624079454,0.43290233235463715,1.0240516681705873,0,0.6566814197801626,0.06457499496624719,0.4204006918294487,1.0257606504116672,0,,0,1
S0_null,1501465,0.8984050946458721,0.5561000581567724,1.4514145471607136,0.6615638937124046,0.3299556681443938,0.5023998531672778,0.5154002623715208,40,0.6790143730351892,0.5505200780075135,False,0.05066350500346291,0.08237270585247396,False,0.025380474621687264,0.020040657664115644,0.05830888223771985,0.04999999999999993,0.055653255970699776,0.05,0.6615638937124046,0.5561000581567724,1.4514145471607136,0,0.8349694751119479,0.4907122014283244,0.4999285236994768,1.394547402915973,0,,0,1
S0_null,1501466,0.7096277498267551,0.44002746438431184,1.1444093473319512,0.15949784429414926,-0.5178961444172054,0.5301078184712311,0.3349318102708397,40,0.7935884828022404,0.7758988456780799,True,0.1160131254246709,0.12497004136554854,False,0.6148513454673694,0.8592498923275973,0.062072975168069,-0.07500000000000007,0.06483499538239326,-0.075,0.15949784429414926,0.44002746438431184,1.1444093473319512,0,0.6688413314363604,0.11100454598843443,0.4078506817503302,1.0968443762744824,0,,0,1
S0_null,1501467,1.0986896953084786,0.7197106510725971,1.6772282649673826,0.6627855349394327,-0.01808040007693934,0.4411081524152444,0.9675253805647394,40,0.1773586384389897,0.3423797863303468,False,1.0,0.8597785062281349,False,0.617672431484322,0.8706232986888001,0.03820106160921162,0.050000000000000044,0.03231112320566666,0.05,0.6627855349394327,0.7197106510725971,1.6772282649673826,0,1.1257447312672355,0.6154027326101468,0.7091742832646151,1.7870095262648868,0,,0,1
S0_null,1501468,0.9965994137384424,0.643231014319214,1.5440959303167399,0.9878341001122223,-0.21237890204520982,0.5739557881422594,0.7134723954360855,40,0.13511860432070427,0.09825080354133696,True,0.23927556254919546,0.1884208920791044,True,0.896919553040414,0.9783301759705894,0.23966587093926825,0.17499999999999993,0.24051773093342974,0.175,0.9878341001122223,0.643231014319214,1.5440959303167399,0,1.0195020578335054,0.9372924003563992,0.6301124069845121,1.6495222668299248,0,,0,1
S0_null,1501469,0.648162714574155,0.39926711948395255,1.0522151313314514,0.07941834495194894,1.169091567137166,0.5962195858916342,0.05745800064165427,40,0.7222635541054618,0.6839417871658344,True,0.16951388706812065,0.22661337055559716,False,0.3359376799162882,0.24586298583757904,0.09213418660298771,-0.09999999999999998,0.07502426537113577,-0.1,0.07941834495194894,0.39926711948395255,1.0522151313314514,0,0.6477824379422839,0.10456657610619899,0.383462258995633,1.0942982707229802,0,,0,1
S0_null,1501470,1.005703887725997,,,,0.12771392081736854,0.5955792215440802,0.8313841532733249,40,0.7793502216461452,0.734656538712452,False,0.8223948943867527,0.6447525751215795,False,0.4971983971900732,0.5477863903878781,0.02550655029291358,-0.025000000000000022,0.029131773706320103,-0.025,0.9851693245889986,0.54375603129932,1.860099477646841,1,1.00259906491553,0.9932188411035267,0.5426945449143562,1.8522479991541627,1,0.0,0,1
S0_null,1501471,0.8387911959097281,0.5877081609741944,1.1971429308883883,0.33276228422311394,0.610605794556628,0.4754504202383042,0.20703164645172722,40,0.7627221588367212,0.8815043755646831,True,0.14196573092294673,0.12502354201101892,True,0.15537891206166737,0.12796481369382154,0.0435996734768325,0.025000000000000022,0.03523306392910041,0.025,0.33276228422311394,0.5877081609741944,1.1971429308883883,0,0.8107561837098708,0.32160029589953476,0.5354617976165454,1.2275863420129878,0,,0,1
S0_null,1501472,1.0768468274907625,0.6333250777584427,1.8309697982924407,0.7845644210799704,-0.014665771257360238,0.6902271088836546,0.9831622006215759,40,0.18235549713383614,0.2546391777452489,True,0.10808833160497151,0.06715883325197865,False,0.35369319267722144,0.23700057391261165,0.07779218544797131,0.07499999999999996,0.0743759621482963,0.075,0.7845644210799704,0.6333250777584427,1.8309697982924407,0,1.077781162567977,0.7925122003755694,0.6168046609798766,1.883274086387421,0,,0,1
S0_null,1501473,1.154987051912065,0.718693858296322,1.856138152128898,0.5516515860112037,0.6741758241758218,0.5885960384353431,0.25939973412876743,40,0.04846532504814964,0.02050237230645519,True,0.015560979357644781,0.0356914655092009,False,0.5123339273947775,0.4541213396637698,0.3323106567592721,0.19999999999999996,0.31989262858668743,0.2,0.5516515860112037,0.718693858296322,1.856138152128898,0,1.162690598877268,0.5492773168223999,0.7099135699049105,1.9042450884530262,0,,0,1
S0_null,1501474,1.1873844145598176,0.7398080734815793,1.9057398783235449,0.47676594160602315,0.6982818465810506,0.530249227404679,0.1959727127794568,40,0.3441595232769864,0.40059116570556796,False,0.5856465963806736,0.31578293213416053,True,0.42018302791511875,0.38401824230369286,0.11616366634454507,0.09999999999999998,0.13806267595474211,0.1,0.47676594160602315,0.7398080734815793,1.9057398783235449,0,1.065877294284467,0.8046153763084205,0.642961074933707,1.7669722954664313,0,,0,1
S0_null,1501475,1.3397986453969133,0.855220240989985,2.098945188819993,0.20155336661536427,0.022303826826442386,0.5378526195857388,0.9671455444141027,40,0.5274327701871351,0.6741050020762207,False,0.13586231401163845,0.1428156007847516,True,0.600132072506667,0.42206133249222055,0.14227654777971285,0.125,0.11722504994521371,0.125,0.20155336661536427,0.855220240989985,2.098945188819993,0,1.3219917493663251,0.25970694845197007,0.8136089902739352,2.148036964051016,0,,0,1
S0_null,1501476,0.981513850372189,0.6501155701668027,1.4818433562901199,0.9292592494648501,-0.06160919540229848,0.4123165052492762,0.8820320885989503,40,0.7781553121929792,0.9674602435973484,False,0.12382392497934132,0.09554077162766361,False,0.8761455035374797,0.8811706784625953,0.16948003086057953,0.15000000000000002,0.15691990455744992,0.15,0.9292592494648501,0.6501155701668027,1.4818433562901199,0,0.9751668070884746,0.9088413730833654,0.634068721546586,1.4997590471386508,0,,0,1
S0_null,1501477,0.6624516776962797,0.42336142673464916,1.036566388835583,0.07142801307076216,0.11903457566232478,0.6260573296443613,0.8502437206801419,40,0.5860026853061794,0.7448003361692836,False,0.34881611981468286,0.3423797863303468,True,0.8957333362960659,0.9566394405423952,0.038125643215939795,0.050000000000000044,0.047919065615694055,0.05,0.07142801307076216,0.42336142673464916,1.036566388835583,0,0.7179468262891455,0.17662176972680033,0.44396998560631723,1.1609966035760824,0,,0,1
S0_null,1501478,0.9320121148245809,0.6032097362941622,1.4400407186998423,0.7511051569628892,-0.23950849435870614,0.49974762471672224,0.6345750559095543,40,0.5193180945373932,0.6741484680402634,False,0.513041707882518,0.5139087753045537,False,0.18347461903474627,0.27009380015583884,0.07122587513949757,-0.07500000000000007,0.015385690519042095,-0.075,0.7511051569628892,0.6032097362941622,1.4400407186998423,0,0.8843110387836393,0.6171257705269064,0.54609793114101,1.4319886026315571,0,,0,1
S0_null,1501479,0.8037972773066031,0.47774467802252707,1.3523752178251227,0.410628861002715,0.2999999999999985,0.5733778751987411,0.6039441440948874,40,0.4329313764986331,0.3097659930164858,False,0.9851020932825134,0.9675600062879807,False,0.5866500610809526,0.2517796161478607,0.32194354785856305,-0.20000000000000007,0.32904785026129135,-0.2,0.410628861002715,0.47774467802252707,1.3523752178251227,0,0.797109887490329,0.3918865034964849,0.47432892105222174,1.3395433939076458,0,,0,1
S0_null,1501480,1.0795730262641816,0.7024452618220507,1.6591725823790267,0.7269462259738765,0.23247695626593412,0.44832289832060357,0.6071634971393733,40,0.12121093996939791,0.2025194349267061,False,0.6161985781519002,0.43101848346108707,True,0.8876395393621359,1.0,0.031198512802227685,-0.050000000000000044,0.024706122142071883,-0.05,0.7269462259738765,0.7024452618220507,1.6591725823790267,0,1.0541340072145402,0.8244892923337233,0.6615319915131797,1.6797350988641433,0,,0,1
S0_null,1501481,0.5323174070059915,0.3282422610467499,0.8632703811445673,0.010588814505783105,0.5645492931889124,0.4910734153300218,0.2576761512671754,40,0.411179352143593,0.27195437516394017,False,0.8246592570416605,0.9675706953193767,False,0.19040441258394158,0.030470378415861348,0.2735176194429674,0.17500000000000004,0.29529134434887006,0.175,0.010588814505783105,0.3282422610467499,0.8632703811445673,0,0.4610260004705274,0.005032040040764287,0.26838304248453865,0.7919463582431637,0,,0,1
S0_null,1501482,0.9468495547135954,0.5884796929851398,1.5234579713593834,0.8219235728797861,0.5867415558612232,0.502852029379234,0.250745531324075,40,0.8952080500390898,0.8277824231532507,True,0.8444828117326861,0.6942501848351497,True,0.7010546846391593,0.7747180358415207,0.12702769262417377,0.09999999999999998,0.09888517876815865,0.1,0.8219235728797861,0.5884796929851398,1.5234579713593834,0,0.9446366626551478,0.819559829624446,0.5790770574617675,1.5409666346368256,0,,0,1
S0_null,1501483,0.9238228320048321,0.6022375965459097,1.4171294350075803,0.7166371857217281,-0.14124594719777583,0.5598801495060561,0.8022216972779981,40,0.48066200219675903,0.5151415570586153,False,0.8372306504854534,0.4974854463281293,True,0.1578917939821849,0.21099524797966485,0.05612365804293742,0.04999999999999993,0.03231112320566666,0.05,0.7166371857217281,0.6022375965459097,1.4171294350075803,0,0.7855904647812604,0.32375415212687086,0.48644197380514664,1.2687070844804371,0,,0,1
S0_null,1501484,1.368063743717686,0.8921701820403523,2.097804258145672,0.15076075709629394,-0.08234365129501231,0.48254938859352375,0.8654342621172609,40,0.18366747910098957,0.3559621954471591,True,0.38023107030487313,0.3857928370769864,False,0.24462622942116297,0.2764169138485879,0.15474379983189782,-0.125,0.11722504994521371,-0.125,0.15076075709629394,0.8921701820403523,2.097804258145672,0,1.363830123986332,0.1737932367954379,0.872101549950796,2.1328165363282716,0,,0,1
S0_null,1501485,0.8724556880502218,0.5670870978443621,1.3422610574365292,0.5347553869614629,-0.5672142427109317,0.5052306075675527,0.26880430835207747,40,0.7087357586902165,0.6544354146865364,True,0.7508480331811173,0.6845049293727867,True,0.7221236919707517,0.859600765434181,0.0381256432159398,-0.050000000000000044,0.03231112320566666,-0.05,0.5347553869614629,0.5670870978443621,1.3422610574365292,0,1.0220499932188847,0.9270432438425038,0.6407971644024282,1.6301354729196489,0,,0,1
S0_null,1501486,0.9104112682778829,0.5336084389236186,1.5532900474349236,0.7305881254054298,-0.40491626148028104,0.5098775427396769,0.43217569149432156,40,0.21779686951651234,0.16183348235519035,True,0.9107862829233113,0.7345963482412607,False,0.9356371599035842,0.8597522168473678,0.5,-0.25,0.5,-0.25,0.7305881254054298,0.5336084389236186,1.5532900474349236,0,0.8986950294823784,0.6958973613117339,0.5260227586568075,1.5353950807730532,0,,0,1
S0_null,1501487,1.0885502441481603,0.68509405011852,1.7296043277999955,0.719493129961689,-0.28144845585037015,0.5828700320852582,0.6320353476053014,40,0.9107320148789074,1.0,True,0.6579115075536063,0.6256138837089954,False,0.5685717298124043,0.5221235419084149,0.03991469457154303,0.025000000000000022,0.0352330639291004,0.025,0.719493129961689,0.68509405011852,1.7296043277999955,0,1.0787300701974145,0.7720989405968174,0.6459338568439471,1.8015135017597477,0,,0,1
S0_null,1501488,1.2688944372333246,0.7474400784267092,2.154143374584314,0.3778160393639055,-0.19911694510740008,0.5242538874502701,0.7062577883507933,40,0.1623951455163909,0.19761058304632195,True,0.14721132327269534,0.20633380986217442,True,0.6468849139038682,0.5497089325188171,0.10801161754986509,0.10000000000000003,0.12922584838072265,0.1,0.3778160393639055,0.7474400784267092,2.154143374584314,0,1.3374147346651175,0.3089666931883642,0.7638705665342931,2.3415984996184114,0,,0,1
S0_null,1501489,1.4787387376835746,0.9249810329540697,2.3640141542606,0.10221811695624639,1.1832536673809135,0.5109118457506117,0.026206107796472245,40,0.32208680773304543,0.16636586954982435,True,0.06099194203773343,0.08202525684725386,True,0.584654240539987,1.0,0.4011715558450841,0.22499999999999998,0.4076949647158248,0.225,0.10221811695624639,0.9249810329540697,2.3640141542606,0,1.7261402337336709,0.028764507993056333,1.0582347039352575,2.815594778203778,0,,0,1
S0_null,1501490,0.9025183467321457,0.5650516024970754,1.4415309373312348,0.6677095418617538,0.16440172786176988,0.5044094904479627,0.7463142736377326,40,0.13033962372942995,0.1392084495505858,False,0.7171081643074422,0.48906797258200707,True,0.10668290493870845,0.13834941686760244,0.058046149327576645,0.04999999999999993,0.03231112320566666,0.05,0.6677095418617538,0.5650516024970754,1.4415309373312348,0,0.8214709987551637,0.4400908066065158,0.49861926520667493,1.3533664839767057,0,,0,1
S0_null,1501491,0.6218097737034001,0.4427109596178945,0.873363051609995,0.006122203347510606,-0.3825376232485722,0.5406017716156897,0.48361841180579473,40,0.7626988461155364,0.8815099133900245,False,0.19740224803117634,0.1544633345049557,True,0.6625582666834811,0.7132380932947038,0.10535329322236003,-0.10000000000000009,0.11978503962277386,-0.1,0.006122203347510606,0.4427109596178945,0.873363051609995,0,0.8053461991443637,0.27628303654623654,0.5454138729100836,1.1891565885842394,0,,0,1
S0_null,1501492,0.6696675425505692,0.41390894256729543,1.0834620164622473,0.10238146213763491,0.3332745314222696,0.5352748810349527,0.5373509183938618,40,0.1303061036245708,0.17977909764544964,False,0.5494560630591843,0.49772889575943313,True,0.7599815271577279,0.754254108483695,0.03383318219254119,-0.025000000000000022,0.017563739731861275,-0.025,0.10238146213763491,0.41390894256729543,1.0834620164622473,0,0.6746992435827504,0.13081118436278233,0.4049774234207031,1.1240603622939245,0,,0,1
S0_null,1501493,0.8412017021440911,0.5377632673670858,1.3158583834754247,0.44873821917978785,0.14999999999999658,0.4917828097409617,0.7620657215719302,40,0.24697986466920185,0.272157799315653,True,0.1770511309215237,0.4463673340331862,False,0.40719908720531917,0.327416463932223,0.029666785866090346,0.0,0.030615155837911714,0.0,0.44873821917978785,0.5377632673670858,1.3158583834754247,0,0.7370275589965222,0.2299613693703414,0.4478443517083977,1.212942891091923,0,,0,1
S0_null,1501494,1.0900928365784848,,,,0.4082450674974023,0.4632966439033872,0.3839119354961372,40,0.23488622285128846,0.17434350939341647,False,0.6672772834541071,1.0,False,0.10127947350472823,0.1052156570180977,0.020333452232662894,0.0,0.03557148962562426,0.0,0.7341410832048959,0.6545352513699157,1.8154902885255735,1,1.2036832381439202,0.5020006900577024,0.6921350293582414,2.093310230421415,1,0.0,0,1
S0_null,1501495,1.8435927283380213,1.1046292488511373,3.0769003731485154,0.019245604909353852,-0.15000000000000058,0.5412879848043038,0.7832328030360866,40,0.9850929955880026,0.9242461067596338,False,0.040456841892242405,0.011171470828548883,True,0.7005889399071659,0.7231241578223246,0.05631720284849988,0.07499999999999996,0.06483499538239326,0.075,0.019245604909353852,1.1046292488511373,3.0769003731485154,0,1.8922751777619944,0.017928215756121003,1.1159389450270736,3.208692880852291,0,,0,1
S0_null,1501496,0.7647292584466042,0.4583377941367843,1.2759385025747294,0.3044290032047785,0.46454373373294455,0.5430569451099656,0.3978223513816401,40,0.1703276783068005,0.5418224560305815,True,0.3052414742935683,0.5874881691931798,False,0.1417420610991552,0.17003465788108163,0.08834304407426709,-0.07499999999999996,0.05494849062323596,-0.075,0.3044290032047785,0.4583377941367843,1.2759385025747294,0,0.6825736547831851,0.15212488284768086,0.40472695548268345,1.1511632420144275,0,,0,1
S0_null,1501497,0.4366451252848909,,,,0.623162495033767,0.54656175385261,0.26155070629340144,40,0.23931654122149526,0.19756829924985253,True,0.04996553555153945,0.03097653401896964,False,0.5683856648361235,0.8376088228269971,0.07585519764137363,-0.07500000000000007,0.10851156076691315,-0.075,0.0015419801138487634,0.2669292955252133,0.7142676679976816,1,0.37916775247415013,0.0011623862399651374,0.21667694072363072,0.6635140040105757,1,0.0,0,1
S0_null,1501498,0.6968630175777148,0.42438378965258194,1.144289855333696,0.15349180757776462,0.9813936156999161,0.5182422593790713,0.06610453221295,40,0.6273260411504213,0.8384379577875747,False,0.42062762796327846,0.5774815740663488,False,0.5186390438918813,0.5869231796059886,0.009266818003429936,0.0,0.012415162210221016,0.0,0.15349180757776462,0.42438378965258194,1.144289855333696,0,0.6545215368215006,0.1227418266514402,0.382085601160933,1.1212106419648598,0,,0,1
S0_null,1501499,0.6521312078403882,0.407382703764978,1.043920393057993,0.07492784697771704,-0.18670932808269528,0.5600472788123949,0.7407283660326504,40,0.0206113522500745,0.04334654098257537,False,0.36822553540073233,0.6058452705179711,False,0.7362378451942373,0.4875236288941902,0.5962414050513417,-0.275,0.5873880889108207,-0.275,0.07492784697771704,0.407382703764978,1.043920393057993,0,0.6528134370100814,0.1480344022664653,0.3638638864470564,1.1712219855127728,1,0.0,0,1
S0_null,1501500,1.1308591809561546,0.6654007791658921,1.9219131194224142,0.6494815580000823,-0.5913904433921642,0.5806041938133274,0.31501788668247677,40,0.6812173394627226,0.8386714569025762,False,0.23915259188554372,0.1068678416441164,True,0.7396282529533917,0.7748536329093265,0.09255887019881613,-0.07499999999999996,0.13657080547236872,-0.075,0.6494815580000823,0.6654007791658921,1.9219131194224142,0,1.0497698796189308,0.8588439174667,0.6146459961949293,1.7929292747001806,0,,0,1
S0_null,1501501,0.8739337329567397,0.5315873671188337,1.436753799736116,0.5952420012928834,-0.027895242671791665,0.44709604659441765,0.9505864548425168,40,0.46631069126748337,0.8071322098953038,True,0.9701963935283411,0.9567233366445285,False,0.1640439818290622,0.26476880315450246,0.014443186156453246,0.0,0.012415162210221016,0.0,0.5952420012928834,0.5315873671188337,1.436753799736116,0,0.9064585267401863,0.7190317095570135,0.530855249549746,1.5478175291605387,0,,0,1
S0_null,1501502,0.843398334050355,0.5583285596509586,1.2740182059173175,0.418365646261047,-0.4500000000000004,0.5475956915578917,0.4164695977454994,40,0.03281427510741337,0.021185125794772747,False,0.049720616628780225,0.04899616781028423,True,0.39902085875330107,0.7436423779729384,0.05613611572508103,-0.04999999999999993,0.07778202948547527,-0.05,0.418365646261047,0.5583285596509586,1.2740182059173175,0,0.8559140081455698,0.5342304626332828,0.5240377836548784,1.397969406385941,0,,0,1
S0_null,1501503,1.340356928205851,0.8442501865101726,2.127990877225323,0.21420550652409365,-0.14999999999999816,0.5370832834502598,0.7815803856369273,40,0.8559795231897182,0.4807953081776508,True,0.8960145676382226,0.8813490005262743,True,0.36381559357947724,0.3019684089165263,0.0438709188714228,-0.07499999999999996,0.03460576199081596,-0.075,0.21420550652409365,0.8442501865101726,2.127990877225323,0,1.4112618775789936,0.14853013955193098,0.8843969663315099,2.251997873047008,0,,0,1
S0_null,1501504,0.7762163829459147,0.4904206823830076,1.2285613041969763,0.27955621195363134,0.1307977736549168,0.533151292980055,0.8075569435709075,40,0.3865885711336453,0.7038886808792422,True,0.6002431740992074,0.5590022778315065,True,0.18189312593016915,0.2416071456619716,0.024836474664744524,0.0,0.02575178272878667,0.0,0.27955621195363134,0.4904206823830076,1.2285613041969763,0,0.792148647994938,0.31871653721725746,0.5010653307680726,1.2523306682550306,0,,0,1
S0_null,1501505,0.8010370085458837,0.4923912094431577,1.3031513901025729,0.37158153386094306,0.3499999999999981,0.601181494433472,0.5639717652503469,40,0.5863373018547446,0.8382792037546746,False,0.824746661468171,0.7966086655345075,False,0.762019774894483,0.558816055481703,0.06698267093296104,-0.050000000000000044,0.09139198887083037,-0.05,0.37158153386094306,0.4923912094431577,1.3031513901025729,0,0.7470021791838665,0.27641757482347706,0.44177737305946324,1.2631073697618662,0,,0,1
S0_null,1501506,1.3614693514090697,,,,-3.3306690738754696e-16,0.5556650739327373,0.9999999999999996,40,0.965209204024005,0.9243566375468623,True,0.7223389919650491,0.7036083708935676,True,0.7399458359197004,0.5123445407765139,0.07037275046154277,0.07499999999999996,0.10851156076691325,0.075,0.2703720350419261,0.7790727158829936,2.3792372098737684,1,1.5186112519115642,0.18860930557767905,0.8075552131931737,2.8557553672565437,1,0.0,0,1
S0_null,1501507,0.627861954101554,0.38632291565225213,1.0204174213757227,0.060327332058005646,-1.2296425457715767,0.4696804605205403,0.012738987583893588,40,0.6148018358146565,0.44752776566067565,True,0.762582179388811,1.0,False,0.7012577663254944,0.5769581604752163,0.09224314084399209,-0.09999999999999998,0.10968809608557809,-0.1,0.060327332058005646,0.38632291565225213,1.0204174213757227,0,0.6335842072945779,0.14219629012129878,0.3421213305194974,1.1733525855390103,1,0.0,0,1
S0_null,1501508,0.7087605848543431,0.4480724639378254,1.1211167993415805,0.1412043418768875,0.6730133544889612,0.5721846974413097,0.2470206834357329,40,0.5194874125176617,0.5880157556448984,True,0.3540841827199219,0.5960990574367682,True,0.8957696548882048,0.8597127550378802,0.056123658042937445,0.04999999999999993,0.040102433856149304,0.05,0.1412043418768875,0.4480724639378254,1.1211167993415805,0,0.748262453520512,0.26583031854028405,0.4489621077900431,1.2470912124512117,0,,0,1
S0_null,1501509,0.9589218206351575,0.6201389470043497,1.482782306339801,0.850392318638175,0.8532143302958417,0.5781090191232647,0.14843884379960653,40,0.7626755265241323,0.6742932292620174,False,0.43214991673961467,0.3346607567621923,True,0.5854983229408816,0.4378340293662465,0.20919631375643277,0.15000000000000002,0.18611765176727474,0.15,0.850392318638175,0.6201389470043497,1.482782306339801,0,0.9607762289855701,0.869693294547023,0.5956643656739894,1.5496830352429471,0,,0,1
S0_null,1501510,1.0667541541390675,0.6766859280584835,1.681672956666844,0.7808149380117193,0.667776405188387,0.4429446596791726,0.14015268132463252,40,0.9678870518066629,0.615596095195803,False,0.0523721921592135,0.02793607075147276,False,0.6135414583653135,0.42252352018970074,0.143410515187121,0.12499999999999994,0.1308595450857383,0.125,0.7808149380117193,0.6766859280584835,1.681672956666844,0,1.1367561704776794,0.6127133843752516,0.6920378691170113,1.867259941667424,0,,0,1
S0_null,1501511,0.9183128118652237,0.5953999569246329,1.4163561999426892,0.6998949353727542,0.9850487122600565,0.4743559593949524,0.04483833335209449,40,0.9839353911277724,0.9675691689617789,True,0.5074417851698669,0.4807332579166572,False,0.6895166451394379,0.5492353255629325,0.1032917330114737,-0.09999999999999998,0.12922584838072262,-0.1,0.6998949353727542,0.5953999569246329,1.4163561999426892,0,0.9659478537832704,0.9042321663877727,0.5415569510511522,1.7229125291762262,1,0.0,0,1
S0_null,1501512,0.9697531187700699,0.6354666082308515,1.4798906806172296,0.8867492194500117,-0.24273453093812236,0.5531921252286958,0.6633662403620546,40,0.0074122557695894715,0.040583143947443216,True,0.8401982090903934,0.7225281747390269,False,0.7933079676835155,0.8704168709040605,0.031439786536198826,-0.025000000000000022,0.02319930679535069,-0.025,0.8867492194500117,0.6354666082308515,1.4798906806172296,0,0.9552800553011042,0.8475199751600385,0.599240803615369,1.5228602233866233,0,,0,1
S0_null,1501513,0.5894674735997657,0.39059133873580953,0.8896047299889452,0.011834227510124041,0.09447072738024787,0.446771436603392,0.8336949713622209,40,0.2701751555290355,0.34831717854888533,True,0.6006128474176513,0.5325510909562828,False,0.37418462956728316,0.16914436943104982,0.27088604411626027,0.17500000000000004,0.2263787441837476,0.175,0.011834227510124041,0.39059133873580953,0.8896047299889452,0,0.6405020549189978,0.04863882608659838,0.411336255295999,0.9973418999019347,0,,0,1
S0_null,1501514,1.6377670405125428,1.0037316904255071,2.6723086503845734,0.04828238184128297,0.11012008005336615,0.5507172094877923,0.8426087219721003,40,0.1416745805401692,0.08237270585247396,False,0.4435645344083119,0.43188769316598596,True,0.9810126129310034,0.9349283945287471,0.02550655029291358,0.025000000000000022,0.029131773706320103,0.025,0.04828238184128297,1.0037316904255071,2.6723086503845734,0,1.6026851181839716,0.08677494110078214,0.9341584235492615,2.749640235849053,0,,0,1
S0_null,1501515,0.9315155108200147,0.5609537786536076,1.5468674602405983,0.7839651383629793,0.3974354531277091,0.5055034017268061,0.4367468539081754,40,0.9839435252446653,0.8705748162041355,True,0.14175527478525357,0.20234918974396865,False,0.3641502655959049,0.5588905725649828,0.09256130011982663,-0.07499999999999996,0.0743759621482963,-0.075,0.7839651383629793,0.5609537786536076,1.5468674602405983,0,0.9456047671761336,0.8327078714168055,0.5627609225157177,1.5888956392157025,0,,0,1
S0_null,1501516,0.9369903908074958,0.5996906082214185,1.464006573438658,0.775000408419478,-0.9129097214453532,0.44723928631773946,0.04841047171696839,40,0.15489082634450016,0.15030554466670337,False,0.79357230570278,0.7243546028631807,False,0.028477115575973044,0.04579375248000799,0.07601956411004977,0.09999999999999998,0.07502426537113577,0.1,0.775000408419478,0.5996906082214185,1.464006573438658,0,0.8874587332294109,0.6146185153209439,0.557573782314432,1.4125179988125944,0,,0,1
S0_null,1501517,1.2628276665504867,0.8091614791208714,1.970847298783891,0.3041707706919785,0.32656794425087043,0.47124989031596276,0.49264767959987504,40,0.9107940274245708,1.0,False,0.38562370890243913,0.45553076718128893,False,0.5858039939720733,0.32737056448804147,0.13998212855302766,0.125,0.1308595450857383,0.125,0.3041707706919785,0.8091614791208714,1.970847298783891,0,1.2374404307330127,0.37737841887619594,0.7710635365310116,1.9859048535763795,0,,0,1
S0_null,1501518,1.4443040039971256,0.9302554257133133,2.2424099857978126,0.1014492695456755,-0.5952076372315027,0.5868634369285005,0.31706524258453406,40,0.4896692730720036,0.7857526282994125,True,0.8683513092058257,0.9891676741241351,False,1.0,0.9782549894494466,0.02791517659548431,0.0,0.030615155837911714,0.0,0.1014492695456755,0.9302554257133133,2.2424099857978126,0,1.5047303985469678,0.09222407649108234,0.9351735237991469,2.4211694564586668,0,,0,1
S0_null,1501519,0.8246034364585688,0.5303529555623958,1.2821099991763554,0.391771860816134,0.25,0.4951857430351549,0.6166503373811018,40,0.7506797898603124,0.4396320192647024,False,0.5134918243089018,0.3857928370769864,False,0.7760293249505877,0.7750617666557598,0.0375322286820896,-0.025000000000000022,0.05370801749285708,-0.025,0.391771860816134,0.5303529555623958,1.2821099991763554,0,0.8940169145456281,0.6333158149172124,0.5642292191337499,1.4165630144443473,0,,0,1
S0_null,1501520,1.176242542149072,0.7983311053058391,1.73304849174238,0.4116946792052577,0.016826215022089364,0.538727798084362,0.9752514059457986,40,0.20063552794368067,0.34868223685099364,False,0.10833446361427525,0.1837198332865767,True,0.4799031821528891,0.5952261073999392,0.02601335825420066,0.0,0.003066739371709653,0.0,0.4116946792052577,0.7983311053058391,1.73304849174238,0,1.070320697487968,0.7611597333966158,0.6905642860474166,1.658913469197957,0,,0,1
S0_null,1501521,0.9364469775062438,0.6060066891449578,1.4470680891623224,0.7674474435182909,0.7999999999999982,0.5678040203758091,0.1672029241118838,40,0.2384787477251601,0.28919620853461614,False,0.5457217508179415,0.5322800243184012,False,0.7617370702961554,0.8703376811078821,0.03686494460255547,-0.025000000000000022,0.029131773706320103,-0.025,0.7674474435182909,0.6060066891449578,1.4470680891623224,0,0.8018069024897873,0.3452799987249565,0.5068165073878399,1.268495203902848,0,,0,1
S0_null,1501522,0.7678542318564917,0.4832494442737443,1.2200740805113781,0.2635428666887071,0.33015427769985806,0.5726404852248747,0.5677365498730419,40,0.2786297322064706,0.41558571667360233,True,0.8082014355127496,0.9028303564965167,False,0.2651296265188384,0.44461314034902766,0.06173036523367037,-0.07500000000000007,0.03460576199081596,-0.075,0.2635428666887071,0.4832494442737443,1.2200740805113781,0,0.7660765112870103,0.25466136823765584,0.48433732158665393,1.211703486370042,0,,0,1
S0_null,1501523,0.9419192581981739,0.5899134655038644,1.503969549511472,0.8021082338244988,-0.2595531843947996,0.5668686978411782,0.6497222544558864,40,0.2545608052857873,0.393014305491147,False,0.9197340143988769,0.9351583696652807,True,0.19624078573251258,0.2538315554237446,0.19566510997973946,-0.15000000000000002,0.2278018352655363,-0.15,0.8021082338244988,0.5899134655038644,1.503969549511472,0,0.9389331468747787,0.8146025833921069,0.5545063318811324,1.5898744587990732,0,,0,1
S0_null,1501524,0.7421644775460102,0.47314191114861265,1.1641499067245702,0.1942088420677931,0.30222482435597103,0.4095200643528873,0.46517115236331447,40,0.6469240578705053,0.989171255937994,False,0.9358196138130138,0.9891814701465818,True,0.31898368351680906,0.2806999987745389,0.04357120003708529,0.025000000000000022,0.06567411311702892,0.025,0.1942088420677931,0.47314191114861265,1.1641499067245702,0,0.6283819891517597,0.09735665241727508,0.3628030537775409,1.088369902565484,0,,0,1
S0_null,1501525,1.1852264517277584,0.7557920486672592,1.8586617103901621,0.45913640005248335,0.6069283276450492,0.6118034080437298,0.32762573198828193,40,0.7651785898104478,0.9891886029192218,True,0.33155435732294114,0.3859493641172328,True,0.6797631834606833,0.8810139853535099,0.6692001805556889,-0.29999999999999993,0.6709521497387086,-0.3,0.45913640005248335,0.7557920486672592,1.8586617103901621,0,1.426329897275318,0.17631603034163523,0.8524744769860849,2.386484323910882,0,,0,1
S0_null,1501526,1.2151486082428131,,,,-0.25000000000000033,0.6608860857293528,0.7073843470908929,40,0.43242985842822024,0.5594853607855822,False,0.8665164997033008,0.9135820192630313,False,1.0,0.9458680579500369,0.20296405996605976,-0.15000000000000002,0.20912510240144702,-0.15,0.4705774462810972,0.7074543433011709,2.0871822388202474,1,1.2088292756592534,0.5193194946154788,0.6701501460693354,2.1805086908683426,1,0.0,0,1
S0_null,1501527,1.3292158994940553,0.7935198873923295,2.2265540354305546,0.2795819392060436,-0.23530548785612443,0.5525568034600924,0.6726853073426974,40,0.24305783481476062,0.16238873304538592,False,0.5697798265513438,0.9027892721162679,True,0.22191996715524598,0.28294413404387,0.2763572768650539,0.17499999999999993,0.2885162008632458,0.175,0.2795819392060436,0.7935198873923295,2.2265540354305546,0,1.5259363748107566,0.10994193373197672,0.9088474850031353,2.562016024022514,0,,0,1
S0_null,1501528,0.9708147713647891,,,,-0.06240609933848698,0.5117556799983227,0.9036024138711547,40,0.935787146546408,0.7758782894289367,False,0.46862006149535307,0.44767766767683936,False,0.5854983229408816,0.7540958135053263,0.07827081506374592,-0.125,0.04807484422904318,-0.125,0.900940394442663,0.6018097029817518,1.5660786385304357,1,0.979065769706431,0.9314969228301696,0.5970424355099311,1.605530401858515,1,0.0,0,1
S0_null,1501529,1.4615830976065096,0.9374077248022992,2.27886446280307,0.09398606777768655,0.15000000000000235,0.48194134060760757,0.7573641559996972,40,0.39547203400960584,0.2479765612685345,True,0.05819042342995281,0.1431361478898863,True,0.7105608361249489,0.8276214869606873,0.07601956411004977,-0.09999999999999998,0.10968809608557809,-0.1,0.09398606777768655,0.9374077248022992,2.27886446280307,0,1.5060323933276887,0.07322563764685253,0.9622076931977325,2.3572182864331217,0,,0,1
S0_null,1501530,0.9082455358596548,0.6247096190162555,1.3204694281928877,0.6142292001921594,0.0801168451801364,0.5751571591115507,0.8899720467993599,40,0.84451926747294,0.8919545230382828,False,0.6011202499200775,0.4394378742360162,False,0.05212024829843642,0.04145809033355056,0.022063051028672214,0.025000000000000022,0.012390771509656994,0.025,0.6142292001921594,0.6247096190162555,1.3204694281928877,0,0.7380028423666032,0.16773314633689862,0.47929293655844324,1.1363576506093012,0,,0,1
S0_null,1501531,1.2841047146153253,0.8018457212976673,2.0564116940460413,0.29796988945842473,-0.6324428044280425,0.535931465245937,0.24549939216263894,40,0.38076271382577975,0.4158497070372613,True,0.79357230570278,0.8070519032102148,False,0.0761110385142741,0.060437883538063945,0.12930966868751784,-0.09999999999999998,0.13806267595474211,-0.1,0.29796988945842473,0.8018457212976673,2.0564116940460413,0,1.388014002905912,0.1891308071247887,0.8508682093474086,2.264255323089961,0,,0,1
S0_null,1501532,1.1041416744998311,0.7131122151933919,1.7095890539985636,0.6569430213227623,0.10166534496431334,0.4957089122860353,0.8386253158052459,40,0.6948866023724733,0.8280949566815112,False,0.21775675755370283,0.2779624040537271,True,0.7261313289424269,0.8371546665640625,0.040880941417300705,-0.04999999999999993,0.04010243385614931,-0.05,0.6569430213227623,0.7131122151933919,1.7095890539985636,0,1.1402907216149667,0.5843462862376869,0.712426064571986,1.8251198186893376,0,,0,1
S0_null,1501533,0.8462821589253536,0.5472906817266828,1.3086162736332223,0.4529532133116039,-0.33604742393862647,0.501481815349333,0.506949436270042,40,0.5178365449479688,0.3027674585178265,True,0.8870215326929553,0.6839559024449859,False,0.05121924693658306,0.019993865204200358,0.030803637299484342,0.0,0.021043143355250853,0.0,0.4529532133116039,0.5472906817266828,1.3086162736332223,0,0.7757941532963931,0.2813174047818562,0.48884486582369846,1.2311811177043774,0,,0,1
S0_null,1501534,0.8895660340348494,0.5325685469562768,1.4858701916045707,0.6548228343836622,0.3142695356738381,0.47031284009500623,0.5081444465572867,40,0.5419135332035621,0.8281109382152924,True,0.7604234351545746,0.6738583664459641,False,0.9378638845614709,0.9241422671314317,0.042957108604514446,0.025000000000000022,0.0414069212922549,0.025,0.6548228343836622,0.5325685469562768,1.4858701916045707,0,0.9824476052747871,0.9485524402977967,0.5737256245692106,1.6823430151562424,0,,0,1
S0_null,1501535,0.9576088911727809,0.6250041079116166,1.4672140180282467,0.8422848835829898,-1.119411764705879,0.49864696758252547,0.030838612642741736,40,0.5064345860483808,0.7756105425420375,False,1.0,0.7861081643208387,False,0.8783633291397595,0.7853555018390066,0.07188930166548227,-0.07500000000000007,0.09226046032336344,-0.075,0.8422848835829898,0.6250041079116166,1.4672140180282467,0,0.9136154446008815,0.6912491582655288,0.5849694946110106,1.4269003568610286,0,,0,1
S0_null,1501536,1.3748696739258766,0.9673936401882879,1.9539787546185805,0.075877194452682,0.7498413202158055,0.5416638382759803,0.1745505250417647,40,0.4547615944645763,0.4085192940919872,True,0.8561096855389451,0.7862950963414898,False,0.7934522778243802,0.891684268470409,0.1804375562480463,0.125,0.18325136952942586,0.125,0.075877194452682,0.9673936401882879,1.9539787546185805,0,1.4880884847939044,0.05849409835458868,0.9858178031595131,2.2462643010494605,0,,0,1
S0_null,1501537,0.901635179866006,0.5686455468484198,1.4296181550661238,0.6597393400329405,-0.13547168278215604,0.5803116582427273,0.8167015330952337,40,0.25094182247330465,0.30228833565540136,True,0.2706348831990335,0.2783473662511158,False,0.21072736334713482,0.3122687365479251,0.2574563962589092,-0.17499999999999993,0.1896316470891107,-0.175,0.6597393400329405,0.5686455468484198,1.4296181550661238,0,0.8954655209726065,0.6660123810177063,0.5423865437862718,1.478389367208776,0,,0,1
S0_null,1501538,1.2562663160278382,0.7814144596335018,2.0196773137860347,0.3463020548958885,-0.057064569930903586,0.6372956484565243,0.9291343246598129,40,0.9518468339173016,0.7240422719612681,True,0.8104985590937566,0.9133454851246899,False,0.10957014621553102,0.36888013855997925,0.06657920945636915,-0.07500000000000007,0.09226046032336344,-0.075,0.3463020548958885,0.7814144596335018,2.0196773137860347,0,1.359545629440321,0.21570353041464418,0.8360159415271728,2.210919943887459,0,,0,1
S0_null,1501539,0.6419083115987151,0.39905658243250314,1.032551018173487,0.06756673028614597,0.17591526594520168,0.5633140263015397,0.7565761556845081,40,0.9057151967079446,0.9135860804690079,True,0.16308544706722972,0.2166729249003957,True,0.06386230720648427,0.05349432912847045,0.12464626452558296,-0.125,0.1308595450857383,-0.125,0.06756673028614597,0.39905658243250314,1.032551018173487,0,0.6006699160003792,0.06352321274599299,0.35059885586842376,1.0291087433648354,0,,0,1
S0_null,1501540,0.8978596644954769,0.5280052738146164,1.5267877369932707,0.6908130950772307,-0.8520439137913616,0.5231399274049419,0.11186044129765475,40,0.6433504099135676,0.7862754423578535,True,0.7170533007596305,0.8707563451116443,False,0.8784929268897284,0.9457372549017083,0.050421923320952806,-0.04999999999999993,0.04010243385614931,-0.05,0.6908130950772307,0.5280052738146164,1.5267877369932707,0,0.8888928867875145,0.6690315266294254,0.5179961565679357,1.5253598972945557,0,,0,1
S0_null,1501541,0.9270090408644008,0.566463836892357,1.5170355208529127,0.76296256445874,0.11683738796414966,0.5558283641338915,0.834661684750243,40,1.0,0.5962382079847206,True,0.6141911903046768,0.8600405895446271,True,0.15199574670291763,0.12115452617227115,0.07122587513949757,-0.07500000000000007,0.0743759621482963,-0.075,0.76296256445874,0.566463836892357,1.5170355208529127,0,0.9937153157841695,0.9806132432185741,0.5976166753445419,1.652347013668467,0,,0,1
S0_null,1501542,0.8234436553544419,0.5385517024924061,1.2590424473740214,0.369886988874522,0.35820317899101806,0.535295202530048,0.5075416632359512,40,0.39558416450661904,0.7039819411262441,False,0.7935067069237305,0.6643597374668538,True,0.9055568107673924,0.9028212311359338,0.4252093725030796,-0.22500000000000003,0.40769496471582484,-0.225,0.369886988874522,0.5385517024924061,1.2590424473740214,0,0.6905229400123535,0.13352942806075419,0.4256839992157441,1.1201312042777596,0,,0,1
S0_null,1501543,1.1679560306862489,0.6651208386954253,2.0509375293247154,0.5888882699354688,0.07372566178079243,0.47947183719555214,0.8786311807947215,40,0.29513061436991117,0.2326691620187249,True,0.386732920919456,0.30272186737772566,True,0.3829595503103569,0.6049733534235171,0.4097006715423109,0.22499999999999998,0.39471393165154905,0.225,0.5888882699354688,0.6651208386954253,2.0509375293247154,0,1.1668104082189847,0.5985415906336178,0.6570260257911203,2.07213485506734,0,,0,1
S0_null,1501544,0.8931657186947812,0.5653986945175845,1.4109424177787064,0.6281713187524065,-0.5120318630364998,0.5089908827719344,0.32096170683967995,40,0.6006128474176513,0.42300655573107293,True,1.0,0.8601450121816847,False,0.33564861837676807,0.3393543283928764,0.08395305996405537,-0.09999999999999998,0.07502426537113577,-0.1,0.6281713187524065,0.5653986945175845,1.4109424177787064,0,0.826748839082998,0.48713311419522287,0.4834125096771207,1.4139345367409195,0,,0,1
S0_null,1501545,0.6034730810722867,0.39180207364941083,0.929499316291907,0.021922984390984782,0.37590876118320177,0.5661215948334357,0.5108026228305937,40,0.31326017647988613,0.5865334055919238,True,0.01225267872375545,0.010649512921531263,False,0.24474654229794335,0.3252958490267447,0.14577672915574044,-0.125,0.11722504994521371,-0.125,0.021922984390984782,0.39180207364941083,0.929499316291907,0,0.6022298839250543,0.022107767580668587,0.3900701803471118,0.9297835398995268,0,,0,1
S0_null,1501546,0.8017495490702261,0.5131321252948269,1.25270336380709,0.33182687327499283,0.08540967896502216,0.3995785040937089,0.831915999086627,40,1.0,0.9567274166903904,True,0.2118873766446252,0.4637878511480148,False,0.7213036000083718,0.6934675630487115,0.08807207708641186,-0.10000000000000003,0.08733606889123373,-0.1,0.33182687327499283,0.5131321252948269,1.25270336380709,0,0.8197224012628355,0.4095014542783194,0.5111012556698578,1.3146999888533768,0,,0,1
S0_null,1501547,0.7471643093272169,0.4635534703389433,1.2042936594223526,0.23141512820737975,-0.3499999999999978,0.6007497685264303,0.563692971016767,40,0.6404239266117642,0.6843363024691491,True,0.48929044417050715,0.49772889575943313,False,0.04767038065616145,0.05616036712691078,0.06843475510738067,-0.07499999999999996,0.015385690519042095,-0.075,0.23141512820737975,0.4635534703389433,1.2042936594223526,0,0.7198798455921915,0.2237201297752971,0.42395661766848497,1.2223585397482055,0,,0,1
S0_null,1501548,0.8527756318063843,0.5677278479507012,1.2809417061851203,0.4429584021894727,-0.23684777921518163,0.5192214741444015,0.6509416595977227,40,0.8224407064924744,0.6643597374668538,True,0.930542166320817,0.8387990757883423,False,0.18947895706632822,0.30807647498117396,0.038125643215939795,-0.050000000000000044,0.040102433856149304,-0.05,0.4429584021894727,0.5677278479507012,1.2809417061851203,0,0.8318613791287652,0.40856868183483164,0.5375763358858939,1.2872466808749075,0,,0,1
S0_null,1501549,1.0766059515794821,0.6775003698873916,1.7108188076251751,0.754767795038392,-0.39306376360808515,0.5071323942370375,0.44322303549940517,40,0.8312403521842914,0.9136185495177253,False,0.7474012763024985,0.9244312389420195,True,0.4057194112557454,0.36799080666485784,0.05053522996140349,0.04999999999999993,0.07778202948547527,0.05,0.754767795038392,0.6775003698873916,1.7108188076251751,0,1.0373906514800986,0.881301723401233,0.6407422504532375,1.679582332860138,0,,0,1
S0_null,1501550,1.1155103043222363,0.7262935397790249,1.7133062197244469,0.6175821536373924,-0.35158626684050387,0.49457515001599855,0.48161276388046126,40,0.2870431956378684,0.40052455048763647,False,0.9850734442704362,0.9458910427967779,True,0.16971906211445809,0.17869143312681868,0.1648000532175306,0.12499999999999994,0.20598613645065186,0.125,0.6175821536373924,0.7262935397790249,1.7133062197244469,0,1.087727826075794,0.7335446714562903,0.6702730997741894,1.765178736873327,0,,0,1
S0_null,1501551,1.2772356623115175,0.7917262446174751,2.060473488369105,0.3159344595042781,0.5649014276002713,0.4358615228119409,0.2029823521964122,40,0.236367057426063,0.19282816559004234,True,0.052099070911261945,0.02691886417978622,True,0.0379493939701886,0.04432845550436025,0.0381256432159398,-0.050000000000000044,0.07061977533748845,-0.05,0.3159344595042781,0.7917262446174751,2.060473488369105,0,1.2409122345105212,0.3845877412188936,0.762834801615354,2.018606348972452,0,,0,1
S0_null,1501552,0.7485979407764558,,,,0.5000000000000013,0.5644630835716177,0.3814476420547484,40,0.3940338990014881,0.4886574971460541,True,0.6699895488967582,0.765522123073036,False,0.8076581665674948,1.0,0.016705858489746397,0.0,0.021043143355250853,0.0,0.2796984566986868,0.43875488773359256,1.2772481688569095,1,0.7333224016964734,0.2773031512141526,0.4149560093853518,1.295948805817842,1,0.0,0,1
S0_null,1501553,1.188464137198906,0.7034315288344937,2.0079381539070402,0.5187505801685688,0.10896173927929542,0.46425064928848175,0.815732098189676,40,0.7769115104333468,0.8175007218104628,True,0.6725663513123683,0.7448584036456896,True,0.32367707297600323,0.6720127626738004,0.020333452232662894,0.0,0.021043143355250853,0.0,0.5187505801685688,0.7034315288344937,2.0079381539070402,0,1.3972818749896845,0.2601245814708899,0.7805812706887452,2.501208665245059,0,,0,1
S0_null,1501554,0.9117828045802411,0.5906348769136325,1.4075495965839764,0.6767685412133905,-0.9304384485666091,0.5870834337248534,0.12151168371269747,40,0.8517329819443333,0.9459801507872747,False,0.575286453756637,0.6542371003689553,True,0.0008766124638860677,0.0024081846363331314,0.13774435639493982,-0.125,0.15457597185817973,-0.125,0.6767685412133905,0.5906348769136325,1.4075495965839764,0,0.9935217133514167,0.9768815820932641,0.6401316364351398,1.5420037672216333,0,,0,1
S0_null,1501555,0.8685082838072928,0.5558519580891619,1.3570279425387828,0.5358162749346963,0.14999999999999858,0.5653564661829805,0.7922361545888447,40,0.28708522654138235,0.870714056689649,False,0.23920497463396373,0.37751346581507605,True,0.7934522778243802,0.8172970938374584,0.038125643215939795,-0.050000000000000044,0.040102433856149304,-0.05,0.5358162749346963,0.5558519580891619,1.3570279425387828,0,0.8700033679815978,0.5737308450612693,0.5355664509872203,1.41328094563075,0,,0,1
S0_null,1501556,0.6705383731105536,0.41097984123386844,1.09402375664915,0.10955848400309563,0.9748893974065598,0.5505772305902479,0.08485484443338462,40,0.43238484889364515,0.3928134703566397,False,0.585913748781291,0.9567110895789399,True,0.24524434664679085,0.24236691705708469,0.06843475510738067,0.07499999999999996,0.10058623154071403,0.075,0.10955848400309563,0.41097984123386844,1.09402375664915,0,0.6574395726091611,0.12028438729409155,0.3873171586692195,1.115950538100614,0,,0,1
S0_null,1501557,1.0284852871223076,0.6859025814502759,1.5421752511712028,0.8919086495777385,-0.3748957938613114,0.4288571157839899,0.3876623807413389,40,0.3026406900077052,0.2966094559663778,True,0.37994027854357293,0.4639143771726213,False,0.20493115386899952,0.3006845933103669,0.036880102732542046,0.025000000000000022,0.047582390994191696,0.025,0.8919086495777385,0.6859025814502759,1.5421752511712028,0,1.0235039763815152,0.9185019646651535,0.6558791178553122,1.597185153712832,0,,0,1
S0_null,1501558,1.3197001432798168,0.8322976614666864,2.0925307721082413,0.23820847794249078,0.19363867684478353,0.4966716880843842,0.6988660857056123,40,0.024137597962143546,0.03778858075421665,True,0.9850864870209605,0.892061046871416,False,0.16828723577445404,0.24647168333035618,0.034453524226587734,0.025000000000000022,0.02319930679535069,0.025,0.23820847794249078,0.8322976614666864,2.0925307721082413,0,1.3926537546749587,0.19552767332675913,0.8434075703436082,2.2995815411285734,0,,0,1
S0_null,1501559,0.9518358882501325,0.6135652856088638,1.4766017234203033,0.8256127549797772,0.3841622035195107,0.5089677840969048,0.4551545745539812,40,0.5881219071545305,0.43029843592544825,True,0.2393723084716407,0.27750878647257515,True,0.651960315447434,0.3898907697495897,0.3426945423228332,-0.19999999999999996,0.34991342790371893,-0.2,0.8256127549797772,0.6135652856088638,1.4766017234203033,0,0.9065007970371951,0.6841898562237392,0.5648640330419414,1.4547637076550333,0,,0,1
S0_null,1501560,0.9386704508962482,0.6025149233880572,1.4623740942899117,0.7796347092856503,-0.0848384118190208,0.48593311644126014,0.8623547030940079,40,0.47735112674934776,0.5966721317548409,True,0.12100235864388555,0.0821989803209821,False,0.7767565877812028,0.7544346434110691,0.1733051411701047,0.125,0.18325136952942586,0.125,0.7796347092856503,0.6025149233880572,1.4623740942899117,0,1.0092434947459303,0.9731166612297684,0.5910059807062058,1.7234553709082006,0,,0,1
S0_null,1501561,0.8987881708397076,0.5512804768385309,1.4653524113062264,0.6687469383571006,0.15000000000000235,0.7252736961984114,0.8372856086027776,40,0.2857954999235539,0.3565750044965589,False,0.028895226236033154,0.01975842092557615,True,0.23808466555704233,0.643545496296793,0.06099766051891281,0.050000000000000044,0.04010243385614931,0.05,0.6687469383571006,0.5512804768385309,1.4653524113062264,0,0.9577728992068764,0.8822038667813454,0.5412739966376693,1.6947589061242279,0,,0,1
S0_null,1501562,0.7277745596092854,0.4680748144191776,1.1315622915360786,0.15821626254145837,-0.939468853261533,0.5120628297513554,0.07460426833421747,40,0.5623440272215634,0.6162282407570199,False,0.8443550144206554,0.8706475195090495,True,0.16555350974455085,0.4418957031621299,0.04850907917215664,-0.04999999999999993,0.03231112320566666,-0.05,0.15821626254145837,0.4680748144191776,1.1315622915360786,0,0.867022733690332,0.5385211997779101,0.5502424226065521,1.366176779272753,0,,0,1
S0_null,1501563,1.1259994502983641,0.7227211154157229,1.7543070695297351,0.5998898217856812,-0.005760604895551635,0.48717970045346204,0.9906292466317568,40,0.5194027757039361,0.5067669126796357,True,0.7627221588367212,0.6841392293649913,False,0.3593267188614647,0.2709349277079651,0.30217910752350396,-0.19999999999999996,0.30909351773576077,-0.2,0.5998898217856812,0.7227211154157229,1.7543070695297351,0,1.1943282625314011,0.49270030562120604,0.7190859813946862,1.9836570807773175,0,,0,1
S0_null,1501564,1.5378382356221192,0.9572522356494753,2.470557237546472,0.07518400280117073,0.13766590389016153,0.5183775849969282,0.7920440064940858,40,0.8878662191526087,0.7650164126459998,False,0.48057289941275194,0.4473134117536077,False,0.23863353742294668,0.261944516543394,0.05088155416794524,0.07499999999999996,0.024630214771563665,0.075,0.07518400280117073,0.9572522356494753,2.470557237546472,0,1.5688416465150457,0.06353205183305698,0.9749522628327164,2.524497050439019,0,,0,1
S0_null,1501565,0.7835752732878171,0.4935074793698816,1.2441355695196958,0.30117288846562096,-0.1118034538009608,0.5197267707930684,0.8308553920937931,40,0.6868929770794905,0.9783720634888631,True,0.5503338841329202,0.539848360040451,False,0.9551352089233192,1.0,0.2540675024953846,-0.17500000000000004,0.2726804591866726,-0.175,0.30117288846562096,0.4935074793698816,1.2441355695196958,0,0.7592800899570518,0.25378418468477315,0.4731496060734158,1.2184439078149325,0,,0,1
S0_null,1501566,0.8934679777195177,,,,0.35310957551826255,0.37516989934166045,0.3527076284573997,40,0.19763674629950045,0.21241994379768658,False,0.35173728339452537,0.3700150342195747,True,0.9194810121940021,0.7227949399170117,0.07547528768533063,-0.050000000000000044,0.07061977533748845,-0.05,0.6757159563812083,0.5203651490645219,1.534086263550333,1,0.8602999436871592,0.6083224829317718,0.47730969402282947,1.5505991233287835,1,0.0,0,1
S0_null,1501567,0.8544077749704836,0.5454439615252952,1.3383824873385421,0.49199504887626466,-0.21337795475726606,0.5201251628201101,0.6839932551676352,40,0.7321503718917,0.9352162439676194,False,0.05237340696680328,0.047425224279259916,False,0.16026971475648,0.20185924271406408,0.019867633542746527,-0.050000000000000044,0.01108296880350949,-0.05,0.49199504887626466,0.5454439615252952,1.3383824873385421,0,0.8576724390261775,0.546171545506968,0.5209242118128863,1.4121094700227474,0,,0,1
S0_null,1501568,0.9464009616784098,0.6264157507873889,1.4298407713087962,0.7935876444576075,0.6862269968205014,0.4768336909552221,0.15851969016477305,40,0.32396979951459626,0.43863763745207285,False,0.14429675999854816,0.13883514277459502,True,0.1431521465951752,0.14147447798859003,0.014031675830079556,0.025000000000000022,0.017563739731861296,0.025,0.7935876444576075,0.6264157507873889,1.4298407713087962,0,0.9169913027410223,0.6856282389965713,0.6027573820889389,1.3950439667590886,0,,0,1
S0_null,1501569,0.7350814069236895,0.4729530313198824,1.1424911968466651,0.17134167530469135,-0.5929824561403507,0.4299741371816118,0.17614031170130193,40,0.39040900009257173,0.3636462695024114,True,0.21082555862640617,0.07547894127234762,True,0.18387993034272332,0.06844909220490078,0.042444618872771074,-0.050000000000000044,0.07061977533748846,-0.05,0.17134167530469135,0.4729530313198824,1.1424911968466651,0,0.7410109139053777,0.18076610258580916,0.47774337268474437,1.1493559218648208,0,,0,1
S0_null,1501570,0.9221853683105489,0.580166903154822,1.465829658502805,0.7318937069603246,0.40299656851009424,0.5647355355192764,0.4799504721613124,40,0.23190001219860845,0.38565857871224307,True,0.06997513614263798,0.0775961510358552,True,0.08308732191367352,0.060584319375926544,0.046614280048104514,0.025000000000000022,0.059747121331570514,0.025,0.7318937069603246,0.580166903154822,1.465829658502805,0,0.8817335500866115,0.6057454716058368,0.5467271790858182,1.422014641101836,0,,0,1
S0_null,1501571,1.9932272214341897,1.2641720816029274,3.142732555229893,0.0029877559540966736,0.35000000000000053,0.516027064795729,0.5018276670865275,40,0.20397528004205123,0.15440501219578434,False,0.12085155674339498,0.15789709475450453,True,0.6142991616660765,0.7137186438409693,0.2752462099562471,0.175,0.22637874418374768,0.175,0.0029877559540966736,1.2641720816029274,3.142732555229893,0,1.980723936643129,0.006193639443620781,1.2142152033834102,3.231113646295048,0,,0,1
S0_null,1501572,1.320749604212291,0.826853737537814,2.1096591063629906,0.24431293333958348,0.543627973020945,0.4339984959917585,0.21820951179672465,40,0.5726244426516055,0.4161133484018271,False,0.7937336457326202,0.7143899502276507,True,0.07010858465571476,0.03505849112538439,0.06657920945636915,0.07500000000000007,0.05494849062323593,0.075,0.24431293333958348,0.826853737537814,2.1096591063629906,0,1.3636031703304268,0.23257377552447345,0.8195035231177771,2.2689513268486103,0,,0,1
S0_null,1501573,0.8252841760654509,0.537303007271878,1.2676161533549604,0.3805008692368059,-0.5952299202943001,0.4745481342022241,0.21759617807535386,40,0.19751521434520147,0.10041163729995609,True,0.8719251140598321,0.9565798039195444,True,0.9357090236307415,0.8278466715478585,0.10535329322236003,-0.10000000000000009,0.07502426537113577,-0.1,0.3805008692368059,0.537303007271878,1.2676161533549604,0,0.7878350971494319,0.28803194498948625,0.5074383403080692,1.223171548140476,0,,0,1
S0_null,1501574,1.3346178297030562,0.8603644414733681,2.0702909900727593,0.1975519021321962,-0.8314367580843208,0.5440125543912772,0.13493271507093227,40,0.07602160122348199,0.14285332360416217,True,0.7762663919567887,0.8280309859449211,False,0.4324060696422286,0.3544571241297175,0.10745863013409238,0.10000000000000003,0.13806267595474211,0.1,0.1975519021321962,0.8603644414733681,2.0702909900727593,0,1.3411979161700258,0.24122199897405883,0.8208657811686791,2.191359283825699,0,,0,1
S0_null,1501575,0.7580722803750575,0.4786885994161569,1.200516542432707,0.23766776517453625,0.1724440727576826,0.484348075610251,0.7238376879432946,40,0.04999598261772016,0.07763821310019182,True,0.2189764978169616,0.4722731259653331,True,0.0749486841607675,0.25335936269080095,0.05634785399208835,-0.04999999999999993,0.0847078824846931,-0.05,0.23766776517453625,0.4786885994161569,1.200516542432707,0,0.8301592029045396,0.46326936852945866,0.5048324113110519,1.3651348184585415,0,,0,1
S0_null,1501576,0.8259570836756841,0.49763076783900523,1.3709061982573187,0.4595119229138298,0.009943502824857842,0.586546567437438,0.9865654991146019,40,0.7473765578177056,0.7551528263378285,True,0.10830370105951513,0.11562312260800453,True,0.6135776404688685,0.6244692245040268,0.044039183278905894,-0.050000000000000044,0.03231112320566666,-0.05,0.4595119229138298,0.49763076783900523,1.3709061982573187,0,0.8088318666188036,0.41722789114390746,0.48444318563859706,1.350434907234115,0,,0,1
S0_null,1501577,1.0724940897152988,0.6412210478354117,1.7938331506072012,0.7897154088280035,0.3157293095564666,0.533733223638122,0.557749922367736,40,0.7650991206849344,0.9135332400864523,True,0.4722941755398442,0.4633866024653428,True,0.22258869312234486,0.4136612801983409,0.010568468752884235,0.0,0.012415162210221016,0.0,0.7897154088280035,0.6412210478354117,1.7938331506072012,0,1.068248583536341,0.805935948715673,0.6308492550559496,1.808918734676465,0,,0,1
S0_null,1501578,0.8381333324769081,0.5261730423023894,1.3350503095617403,0.45724084497021045,0.1998140111593312,0.5167090443640346,0.7011897242560329,40,0.6947348487788824,0.4228749363308184,True,0.9245087366013007,0.945855275927337,True,0.6280801914334422,0.692845445416216,0.04782325572160323,-0.02499999999999991,0.08263841299728811,-0.025,0.45724084497021045,0.5261730423023894,1.3350503095617403,0,0.8987044600354829,0.7034865066823301,0.5185262541634827,1.5576254818391972,0,,0,1
S0_null,1501579,2.021377422531667,1.1866899373709072,3.4431628310366906,0.009601857710369185,0.9693827160493834,0.4837398572755883,0.05243951417154583,40,0.5065207256930606,0.3430391801563403,False,0.7604234351545746,0.9027389870330215,True,0.716888518548254,0.7037953325173134,0.09511915333442382,0.07499999999999996,0.09226046032336352,0.075,0.009601857710369185,1.1866899373709072,3.4431628310366906,0,2.0214736924370906,0.012495262894852241,1.163647573318705,3.511678263171228,0,,0,1
S0_null,1501580,1.0277389388060645,0.5729906448564309,1.8433936676276275,0.9268663896770704,0.11840939299955888,0.5458101039749367,0.8294449905223453,40,0.47224163759820514,0.5966894597285386,True,0.1841537888335849,0.2539887760313606,True,0.8613814601541872,0.7849961939415064,0.06680734845129138,0.07500000000000007,0.05494849062323593,0.075,0.9268663896770704,0.5729906448564309,1.8433936676276275,0,1.03784475506607,0.904172370564763,0.5668916969373667,1.9000485303229933,0,,0,1
S0_null,1501581,1.814576611838576,1.165425178250499,2.8253107463959632,0.008349017096019894,0.4781454405540586,0.48931905342025367,0.3348335463035176,40,0.16260306421431792,0.32220742070851505,True,0.5377806320290002,0.4475491875765637,True,0.1722084420609613,0.15809357963521564,0.09671171378020128,0.10000000000000003,0.10968809608557809,0.1,0.008349017096019894,1.165425178250499,2.8253107463959632,0,1.9532091342217754,0.007535456893826035,1.1953504631333385,3.191554309526227,0,,0,1
S0_null,1501582,0.7060626271195779,0.46175633395557253,1.0796266271963368,0.10819450242843895,-0.13751299183371463,0.4965489859558821,0.7833694890905771,40,0.21393906073122115,0.1740376451054918,False,0.0941065873835227,0.1501514429333407,True,0.286032397465417,0.42230356608109065,0.056123658042937445,-0.04999999999999993,0.055653255970699776,-0.05,0.10819450242843895,0.46175633395557253,1.0796266271963368,0,0.7074938660810323,0.16073675621771555,0.4362425064806109,1.1474066903302391,0,,0,1
S0_null,1501583,0.6828087694213149,0.451736713265676,1.032078646493476,0.07027071271701768,-0.07402108433734961,0.5982788955947452,0.90220398668916,40,0.808053727872876,0.9137157375065857,False,0.28682732924443766,0.27166026677335386,True,0.5435065282654867,0.3821831711280608,0.09669811431255221,0.07499999999999996,0.0743759621482963,0.075,0.07027071271701768,0.451736713265676,1.032078646493476,0,0.6713348147599796,0.10058334517388383,0.417224816624935,1.0802100343756997,0,,0,1
S0_null,1501584,1.081005985309716,0.7119039775032624,1.6414769086889596,0.7147476133304483,-0.11967847411443977,0.6081618011271693,0.845071027967037,40,0.831193733416755,0.7245788260574819,False,0.43282219473061434,0.48098132726893694,False,0.4321110038425483,0.4865071523450736,0.22548806917301698,0.15000000000000002,0.23590419354219264,0.15,0.7147476133304483,0.7119039775032624,1.6414769086889596,0,0.9701464335223796,0.9042641465023882,0.5920310704982982,1.5897545743401966,0,,0,1
S0_null,1501585,0.8043180915471374,,,,-0.7631844380403467,0.5446701784872003,0.16949063045913948,40,0.7366986276184188,0.6744811311552701,False,0.8879113907026548,0.849433729436365,False,0.17637993465574242,0.09184470167397656,0.14799294087140072,-0.125,0.1649384004605626,-0.125,0.4037805917727225,0.47730749345697315,1.3553686067330653,1,0.8902273933521451,0.6863258676454315,0.49940686790980165,1.5868920970019376,1,0.0,0,1
S0_null,1501586,1.100733577290523,0.7214531381030787,1.6794083276988676,0.6561241240072166,-1.8613707165109066,0.5212619695332219,0.0010079112475073078,40,0.5729358569653564,0.8070340436553991,True,0.02164391650784845,0.06318251314827689,False,0.8491681306805786,0.934776815825347,0.07037275046154277,-0.07499999999999996,0.007635680626078106,-0.075,0.6561241240072166,0.7214531381030787,1.6794083276988676,0,1.1455391506247903,0.588412074684994,0.7002938265259171,1.8738705039342518,0,,0,1
S0_null,1501587,0.833513684195394,0.5135211140895773,1.352904569411316,0.46118890729931705,0.29317111459968426,0.6262136265371943,0.6424130650307626,40,0.5194874125176617,0.5687825037927258,True,0.6434512436957017,0.4480198511520024,False,0.7427995858332597,0.7858120074047363,0.016919683306434393,0.0,0.012415162210221016,0.0,0.46118890729931705,0.5135211140895773,1.352904569411316,0,0.8136035423906134,0.4120853736381783,0.49698290874590256,1.3319386090377543,0,,0,1
S0_null,1501588,0.7994249633644052,0.5201547292168103,1.2286349352478922,0.30728618805599994,0.2999999999999981,0.506294830545032,0.5570932228679871,40,0.8226083814497854,0.978347573480568,False,0.08695579194355967,0.08420792735151615,False,0.7577347258202104,0.8270953118449133,0.07123732386823933,-0.07500000000000001,0.0743759621482963,-0.075,0.30728618805599994,0.5201547292168103,1.2286349352478922,0,0.7761610819735074,0.3087961799726894,0.4764567360967583,1.2643876757950707,0,,0,1
S0_null,1501589,1.1263144562983034,0.6833124062364483,1.856521618645354,0.6408518928025071,-0.2317362184440992,0.4789234551890025,0.6313304597747179,40,0.24587219023338835,0.23286739115504462,True,0.40796584808308334,0.5153395236655833,True,0.8664241604165686,0.6731735707436699,0.02495037074465916,-0.025000000000000022,0.0352330639291004,-0.025,0.6408518928025071,0.6833124062364483,1.856521618645354,0,1.2821437106713995,0.35063799296743736,0.7608139072969158,2.1607024780274933,0,,0,1
S0_null,1501590,0.8385583633543496,0.517376570530729,1.3591263478170217,0.47485210400417577,-0.43027418126428235,0.48269127059601274,0.37847150342263347,40,0.742888592178581,0.5146257166930417,True,0.39007832174504053,0.4638089449471975,False,0.48467917393926885,0.6441740798784754,0.10329173301147371,-0.09999999999999998,0.10968809608557809,-0.1,0.47485210400417577,0.517376570530729,1.3591263478170217,0,0.8498839882205337,0.5268676419628886,0.5135282277528268,1.4065493470425183,0,,0,1
S0_null,1501591,0.7952507286504952,0.5067577767200268,1.2479802984228192,0.319032734131654,0.41568856069438975,0.48213454670654843,0.3941402672317246,40,0.23056118036780393,0.19274416490959012,False,0.16981050508552142,0.12807315867301045,False,0.09936141069456031,0.15391868115166596,0.41585741223782907,-0.22500000000000003,0.4290842673562604,-0.225,0.319032734131654,0.5067577767200268,1.2479802984228192,0,0.7080884665019532,0.17338449407452916,0.430789132900054,1.163885618510747,0,,0,1
S0_null,1501592,1.2106552306064204,0.777849634839985,1.8842794567824128,0.39703160571224716,0.4741345291479797,0.6029233120182236,0.4366452826491321,40,0.8682964189422145,0.9891686978621858,False,0.9553153736865427,0.8920559814504998,False,0.8780593144827941,0.504308736773015,0.13774435639493982,0.125,0.08565825367350988,0.125,0.39703160571224716,0.777849634839985,1.8842794567824128,0,1.2953902836637026,0.27176574340950277,0.8164800107862058,2.05520767788854,0,,0,1
S0_null,1501593,1.0141185804916357,0.6175767456615988,1.665277234810104,0.9558173088872352,-0.899999999999999,0.5225353583069721,0.09335288947412308,40,0.1910243076468241,0.33445471928755244,True,0.6288843908969298,0.6841251386047765,True,0.8306783641236353,0.7138998453159333,0.050421923320952806,-0.04999999999999993,0.04791906561569391,-0.05,0.9558173088872352,0.6175767456615988,1.665277234810104,0,1.1970516927693544,0.4908391653575426,0.7176304614305064,1.9967557568635048,0,,0,1
S0_null,1501594,1.1595067734347857,0.7966371343330517,1.6876641819700413,0.4396513361898732,-0.2368065463701211,0.5644292215334084,0.6772399966907187,40,0.7227514148259429,0.724653445700371,True,0.5881544372443146,0.532434976825614,False,0.7313375956784379,0.5864801694194917,0.016610342622085914,-0.025000000000000022,0.012390771509656994,-0.025,0.4396513361898732,0.7966371343330517,1.6876641819700413,0,1.08404309956178,0.7174688328992265,0.7001857599304259,1.6783395335321873,0,,0,1
S0_null,1501595,0.8900075437894095,0.5660069101834772,1.3994766031130004,0.6138528858732913,1.082036446469247,0.5710947427180388,0.0659715271254711,40,0.7651587300879816,0.6447369771165368,True,0.7626988461155364,0.7142869793912765,False,0.48447076518230203,0.32769167406452215,0.025590695239942365,-0.025000000000000022,0.029131773706320103,-0.025,0.6138528858732913,0.5660069101834772,1.3994766031130004,0,0.821704561755093,0.4284107560405157,0.5054050468433076,1.335954975175512,0,,0,1
S0_null,1501596,1.1733873747468835,0.7477130823676668,1.841398744630179,0.48677773134297453,-0.5403770993979098,0.5209720089876715,0.30635189406449126,40,0.6011202499200775,0.4224575597536241,False,0.7937639159180282,0.8811259721815945,False,0.7926628626165207,0.9891378588648768,0.11360827839130402,0.09999999999999998,0.11978503962277386,0.1,0.48677773134297453,0.7477130823676668,1.841398744630179,0,1.1838719944795317,0.48617672312800453,0.7361985801986829,1.9037701742574646,0,,0,1
S0_null,1501597,0.8042093248760803,0.5113804526527733,1.2647191242110016,0.3455357921409672,0.06248363731564832,0.5333192984470833,0.9073670135097911,40,0.4936824876542105,0.4633443141296041,True,0.43436976365621416,0.63497458010604,False,0.726068318915624,0.5678490202692115,0.12332611324857634,-0.09999999999999998,0.09888517876815865,-0.1,0.3455357921409672,0.5113804526527733,1.2647191242110016,0,0.7968283619442483,0.41423424218688293,0.4566855832566804,1.3903119819788314,1,0.0,0,1
S0_null,1501598,0.6350628560198108,0.39225590223805695,1.0281676548267118,0.06475232289214462,0.7750399330645765,0.4979379758672293,0.12810279008340894,40,0.9478963070138199,0.77577542329028,False,0.8247815866624718,0.8493705640413983,False,0.1764353437009344,0.17377236004623087,0.1032836191513619,-0.07499999999999996,0.0835237244810848,-0.075,0.06475232289214462,0.39225590223805695,1.0281676548267118,0,0.6151311232647633,0.06051887169478826,0.37034547364219905,1.0217116874352266,0,,0,1
S0_null,1501599,0.9857731158739156,0.6096879552199759,1.5938458807656133,0.9533894587276585,-0.1455670103092781,0.6251703890989686,0.8171660325906098,40,0.6811648072451189,0.43077876483489164,True,0.014430859895073372,0.007285538096791266,True,0.6531121679382489,0.7750825483076044,0.41205908565185023,-0.22499999999999998,0.40769496471582484,-0.225,0.9533894587276585,0.6096879552199759,1.5938458807656133,0,1.0239279982504534,0.9338727163727506,0.5774791074754412,1.8155263662863645,1,0.0,0,1
S0_null,1501600,1.0114703366484146,0.6342686648827035,1.6129950895632785,0.9617973937227157,-0.18898440915051662,0.45455283851647205,0.6799879497262304,40,0.7106595685403921,0.34078031903159434,False,0.6356098353373475,0.39958966336596224,True,0.31553152235411475,0.1487620945794557,0.03314854041679858,-0.04999999999999993,0.047919065615694055,-0.05,0.9617973937227157,0.6342686648827035,1.6129950895632785,0,0.9102322487326443,0.7407955461863722,0.5142311658039838,1.611187344776192,1,0.0,0,1
S0_null,1501601,1.110112154124626,0.7036242117085304,1.7514306276397802,0.6534181930501872,-0.21174916733662663,0.6372021039297432,0.7415299208830027,40,0.6811648072451189,1.0,False,0.7603958873554953,0.8279749529337914,False,0.10528890725960338,0.12271862840183896,0.058046149327576645,0.04999999999999993,0.040102433856149304,0.05,0.6534181930501872,0.7036242117085304,1.7514306276397802,0,1.0710618209100002,0.7942559904415117,0.6393549545696913,1.7942668872928877,0,,0,1
S0_null,1501602,0.7439653124989245,0.4544056464254112,1.2180402918749265,0.23966961072482085,-0.7370052455889359,0.42738668308988925,0.0929737722511504,40,0.837258632865405,0.9351979846165671,True,0.8404539836329871,0.8387690750611823,True,0.4188067046371494,0.5752664758213282,0.06843475510738067,-0.07499999999999996,0.06483499538239326,-0.075,0.23966961072482085,0.4544056464254112,1.2180402918749265,0,0.7127301523516751,0.20563439163457375,0.4218611410527669,1.2041504197413213,0,,0,1
S0_null,1501603,0.6958967312516756,0.43927123709859256,1.1024447304253475,0.1224710692009404,-0.14525237746890962,0.5899639550650191,0.8068839279022967,40,0.14147278482173406,0.2780303794364216,False,0.9056888543832581,0.7548281810520232,False,0.73568201955191,0.8596600874407759,0.019847579642667774,0.025000000000000022,0.012390771509656994,0.025,0.1224710692009404,0.43927123709859256,1.1024447304253475,0,0.7147800264000833,0.16901292345742336,0.44295888341687056,1.1534038604203445,0,,0,1
S0_null,1501604,0.7897909148506312,0.4842606333220983,1.2880867166538943,0.34436246230012846,0.6119952718676142,0.5133254877926052,0.24076674356217972,40,0.28655719556460246,0.10343216530275429,True,0.4856139331850541,0.6940722192955043,True,0.5117415971640262,0.5405412127704392,0.034270338815231276,0.025000000000000022,0.0414069212922549,0.025,0.34436246230012846,0.4842606333220983,1.2880867166538943,0,0.7334017010411391,0.23447315337414032,0.43989981352711505,1.2227285362485885,0,,0,1
S0_null,1501605,0.8770505547060671,0.6015216880020188,1.2787862696442602,0.49533060665555484,-0.3880576897155942,0.6099346492226283,0.5285440081515038,40,0.5243132254390028,0.3358476477424158,False,0.286032397465417,0.21008528661914527,True,0.5692377874336307,0.5052600411986156,0.028442332104092746,-0.025000000000000022,0.029131773706320103,-0.025,0.49533060665555484,0.6015216880020188,1.2787862696442602,0,0.8377317593961543,0.3988342350467975,0.555231971654195,1.263966299725373,0,,0,1
S0_null,1501606,1.0530147014629825,0.6738215330898538,1.6455988819658436,0.8205931647027481,-1.1685256410256415,0.47499625429778086,0.01868398034955723,40,0.12726266362043934,0.15047884435643696,True,0.379315818308934,0.290766751071574,True,0.3410601341862002,0.6038536829293706,0.06873881800075764,0.07499999999999996,0.09226046032336344,0.075,0.8205931647027481,0.6738215330898538,1.6455988819658436,0,1.0227409751379015,0.9267423392738642,0.6332750584757518,1.6517295103073717,0,,0,1
S0_null,1501607,0.8871940317935061,0.6265437060912861,1.2562782809844968,0.5000490385335308,0.44999999999999807,0.5141608131393183,0.38710455661641463,40,0.7507849818386696,0.7449512292603087,False,0.37914898729389523,0.5685999421146968,False,0.4799479095561905,0.5679408050067367,0.11360827839130402,0.09999999999999998,0.11978503962277386,0.1,0.5000490385335308,0.6265437060912861,1.2562782809844968,0,0.8638350893706148,0.49284698088136947,0.5685279100597184,1.3125319767494894,0,,0,1
S0_null,1501608,0.7348262186034533,0.5028948154223478,1.0737226851176938,0.1113042910931235,-0.08888997078870653,0.6143268166736053,0.8857370643727486,40,0.13246547245661217,0.2544150723590719,True,0.7473518320784598,0.8813767908962763,True,0.6391042707127212,0.47128860046865584,0.021459727149567374,0.0,0.021043143355250853,0.0,0.1113042910931235,0.5028948154223478,1.0737226851176938,0,0.7379497638306471,0.13913726540777616,0.49333038693537584,1.1038644047868962,0,,0,1
S0_null,1501609,0.7734080607754591,0.4758885129781239,1.2569331096671228,0.2997180917549067,-0.06497922176048215,0.5548142778583295,0.9073993037590219,40,0.42643498438261274,0.3560076462871542,True,0.5880242708086292,0.7861180150773805,False,0.30420368722040303,0.7543444256794626,0.06657920945636915,-0.07500000000000007,0.04481321300021269,-0.075,0.2997180917549067,0.4758885129781239,1.2569331096671228,0,0.7849263170779207,0.34818176143753343,0.47326126226319437,1.3018376367742355,0,,0,1
S0_null,1501610,0.8875018865496794,0.5485372919279984,1.4359271652448182,0.6268645140691076,0.28636983752945594,0.5114035313940216,0.5788756967325152,40,0.940398013429192,0.6642557054505932,True,0.1771829513738843,0.13572819120676244,True,0.07293560052788521,0.1269344910186636,0.08042494118138666,-0.07500000000000007,0.0743759621482963,-0.075,0.6268645140691076,0.5485372919279984,1.4359271652448182,0,0.86669668124542,0.5740675364926484,0.5262685431010645,1.427338090275276,0,,0,1
S0_null,1501611,1.4457234951236175,0.9329870392610609,2.2402416500960727,0.09903392122792387,-0.25079149951208857,0.36979855904833503,0.5018746110359549,40,0.21902327013693335,0.2964273382530448,False,0.29513061436991117,0.18394727711957126,True,0.8218269473544804,0.8487202803204089,0.06843475510738067,-0.07499999999999996,0.03460576199081596,-0.075,0.09903392122792387,0.9329870392610609,2.2402416500960727,0,1.4015186044781442,0.1535677056979912,0.8815630847222964,2.2281495592764418,0,,0,1
S0_null,1501612,1.5358606322334456,,,,-0.48867212369258706,0.47898011062174106,0.31424202754723146,40,0.5869821405712912,0.8071589565192538,False,0.2752906674300294,0.4636823453559771,True,0.6659308592214797,0.46289969124837205,0.08657804614804585,0.07499999999999996,0.04481321300021269,0.075,0.13169783169876959,0.8740779123418073,2.6986929292432302,1,1.629830016126423,0.07125160059980966,0.9566440424160146,2.776733835876954,1,0.0,0,1
S0_null,1501613,1.2748760900824243,0.7925490256266938,2.0507362857189384,0.316674253043685,-0.10117248566961745,0.510093567439508,0.8438640395103438,40,0.13835565279758288,0.2225070007612806,True,0.6578790632425155,0.2222018230973457,True,0.9054242109820612,0.967435545139537,0.01683767542548934,0.0,0.030615155837911714,0.0,0.316674253043685,0.7925490256266938,2.0507362857189384,0,1.3216582265830967,0.27660456401669986,0.7996984690038994,2.1842988771387266,0,,0,1
S0_null,1501614,0.9248018560041449,0.5438044148576264,1.5727317570465598,0.7729191621994069,-0.4500000000000002,0.5212602537806197,0.3935384695874492,40,0.16141119805950133,0.06119493207736305,True,0.5564858210650594,0.40032457513484454,False,0.7261628176661661,0.5406180047079052,0.14341051518712117,0.125,0.15457597185817973,0.125,0.7729191621994069,0.5438044148576264,1.5727317570465598,0,0.9541215612360129,0.8611490517457834,0.5637078487956736,1.6149286471003517,0,,0,1
S0_null,1501615,0.7825019451749454,0.5011530137285674,1.2218010815639033,0.2806753705666343,-0.980523894175467,0.45018145330930776,0.03584915585065284,40,0.4439549285491148,0.4391138587740452,False,0.8561818456426022,0.9135820192630313,False,0.2843750197444822,0.27634852183564673,0.18858776405488237,-0.15000000000000002,0.2278018352655363,-0.15,0.2806753705666343,0.5011530137285674,1.2218010815639033,0,0.8677767071549903,0.5450138999974952,0.548221191050483,1.3735996086503237,0,,0,1
S0_null,1501616,0.9955233057776748,0.6209838416356319,1.5959620619694441,0.985134278673347,0.19063424252382544,0.5500430792301603,0.7308698133341666,40,0.30865205373923854,0.18349224388778418,False,0.3976326975934873,0.43104026135579787,True,0.14651009863626752,0.32161345636150585,0.029571788126099334,0.0,0.04057201317469065,0.0,0.985134278673347,0.6209838416356319,1.5959620619694441,0,0.9067089797646795,0.6861574842922304,0.5638535175454045,1.4580403392086747,0,,0,1
S0_null,1501617,0.7939913135787098,,,,-0.819833741873601,0.4845134406309468,0.09903795028156628,40,0.1361801127012163,0.08966438406534298,True,0.8079715204962582,0.860060186605279,False,0.31547391794025914,0.22139381577784156,0.03995135682444048,-0.025000000000000022,0.03523306392910041,-0.025,0.3838191712335951,0.4674676375435566,1.3485900528883246,1,0.756281209062934,0.3094997825991756,0.43689031124079214,1.3091644572233525,1,0.0,0,1
S0_null,1501618,1.3182816683526548,,,,0.3500000000000014,0.44604546711649995,0.4376404615289252,40,0.6010224412056477,0.6341576569816292,True,0.2041962993207237,0.27778105063366976,True,0.4995780001906731,0.539790481718157,0.19566510997973946,0.15000000000000002,0.1982587753374822,0.15,0.2965428561926811,0.7770969406538826,2.2363574815419343,1,1.3130219778206291,0.3584391513522572,0.7256285558797347,2.3759080321058033,1,0.0,0,1
S0_null,1501619,0.4837371352803443,0.2859032628878176,0.8184643074222328,0.006798244365065662,-0.4652505682433167,0.6592022195545222,0.48474638514260315,40,0.9245509377742263,0.9782715356470579,True,0.935774145836325,0.978365948777995,False,0.38426546291144337,0.6107189724962012,0.22019331166344927,-0.14999999999999997,0.2189189255985675,-0.15,0.006798244365065662,0.2859032628878176,0.8184643074222328,0,0.46784814343211345,0.007184891536383425,0.2688898014973442,0.8140207776345778,0,,0,1
S0_null,1501620,1.215066519192743,0.7689106674406729,1.9201016562526523,0.40406238248107007,-0.908476821192054,0.5119224951805988,0.08418628137570171,40,0.22728288317784962,0.09847249891463787,False,0.07315449759983494,0.10944509560891992,True,0.20116140187900866,0.4789868839669773,0.05053522996140346,0.04999999999999993,0.047919065615694055,0.05,0.40406238248107007,0.7689106674406729,1.9201016562526523,0,1.2341728341243752,0.38570947568604164,0.7672025044956772,1.9853722785900716,0,,0,1
S0_null,1501621,1.1107710589408712,0.7534900754078371,1.637463299981498,0.5957312074626213,-0.28515143146460664,0.42446966315676005,0.505895155782735,40,0.3405581817462573,0.12182426356229716,True,0.7168335271852959,0.47751821029876007,True,0.08637982129348726,0.07700735633947696,0.010684368055268574,0.0,0.005544304085089134,0.0,0.5957312074626213,0.7534900754078371,1.637463299981498,0,1.0803604389142576,0.7350148541303929,0.6905252004110212,1.69027673034419,0,,0,1
S0_null,1501622,0.9282772422623488,0.5973187834701568,1.442610984868256,0.7407491863190832,-0.7884529804426725,0.5062710259859992,0.12789526716532143,40,0.7172904403620357,0.5961338585097846,False,0.18470850820479023,0.260315756022625,True,0.33645708850790645,0.4873787830713967,0.03755613355375243,-0.025000000000000022,0.06567411311702892,-0.025,0.7407491863190832,0.5973187834701568,1.442610984868256,0,0.8223388566255205,0.4339749225227406,0.5037900479733919,1.342307570061179,0,,0,1
S0_null,1501623,0.8721998807598506,,,,-0.49089833583090114,0.48098079552709866,0.3140620822147956,40,0.38018955284558764,0.43160562820394077,True,0.19033281441564576,0.2964045643142994,False,0.5067264998519605,0.4146147540492413,0.08865360736929097,-0.07499999999999996,0.0835237244810848,-0.075,0.6340871684477083,0.49005341281696607,1.5523463608274666,1,0.9214745471982351,0.7987471312383962,0.4837763195174843,1.7551816963283673,1,0.0,0,1
S0_null,1501624,1.409236204882578,0.865464147786197,2.2946608316841064,0.16786461137339714,-0.43174875484228004,0.4943410989909832,0.388088087232003,40,0.6432831399489009,0.39996858225162724,True,0.9356044148113584,0.9567376117585337,True,0.6284662776001433,0.7751240943425546,0.06843475510738067,-0.07499999999999996,0.06483499538239328,-0.075,0.16786461137339714,0.865464147786197,2.2946608316841064,0,1.333055015847699,0.3025765466361455,0.7717743683248448,2.302532641934985,0,,0,1
S0_null,1501625,1.4905080164054765,0.9968063598843344,2.228731914618578,0.05184957000249258,-1.9640023587434325,0.5913401511567624,0.0020241386008387403,40,0.08327493988756524,0.19807535218771832,True,0.7776945995861836,0.7243795435787621,False,0.24569990767085725,0.37719759431241273,0.05912793011957187,0.050000000000000044,0.01108296880350949,0.05,0.05184957000249258,0.9968063598843344,2.228731914618578,0,1.6261740642583253,0.011428932040110055,1.115663189147244,2.3702871197961786,0,,0,1
S0_null,1501626,1.0464400151888018,0.6532984879236032,1.676165987875964,0.8502097076491076,-0.26804108584005765,0.532700089443169,0.6178240332183638,40,0.2264071912199498,0.37015082558976287,True,0.32406780423722137,0.3637367137594718,True,0.600254227773936,0.5764690999540358,0.12002743811245725,0.09999999999999998,0.10968809608557809,0.1,0.8502097076491076,0.6532984879236032,1.676165987875964,0,1.0720547570795051,0.7930091420690569,0.6375576871924757,1.8026626064816442,0,,0,1
S0_null,1501627,1.1188163745519333,0.6892935362428443,1.8159898710039972,0.6496080553028034,0.006813417190778048,0.5215945761123277,0.9896479770288334,40,0.2768513387661997,0.4006799524015512,False,0.8275017157173964,0.9351400613210087,True,0.08083137021661002,0.16956953782878104,0.13985918486371482,0.125,0.14326057979794618,0.125,0.6496080553028034,0.6892935362428443,1.8159898710039972,0,1.096191654967818,0.7256824130163367,0.6562706892372555,1.8310068758634854,0,,0,1
S0_null,1501628,0.9516668541206786,0.6169385412637747,1.4680065203524482,0.8227478174070282,0.0962261260341134,0.5470804688098232,0.8613393017362121,40,0.3045149373993997,0.5874529249571633,True,0.36950965328130136,0.4559345245934949,False,0.38866709363390795,0.4368520912326195,0.14001724382915756,0.125,0.08565825367350988,0.125,0.8227478174070282,0.6169385412637747,1.4680065203524482,0,0.8705520803283902,0.5638805056912559,0.5436500478950009,1.394023466931542,0,,0,1
S0_null,1501629,1.4622682824673532,,,,-0.15631434454358317,0.47077935835396334,0.7417379035078976,40,0.8811899381251965,0.8704898405479637,True,0.7110207256113203,0.9459165472080986,True,0.18329155041835987,0.1929121455978886,0.2131410430679816,0.15000000000000002,0.18611765176727474,0.15,0.1813733403877481,0.8312665865507523,2.5722536722934617,1,1.5516810325412154,0.18101327336822096,0.8080607452226897,2.9796200854734525,1,0.0,0,1
S0_null,1501630,1.2519728908691627,0.7708697195829958,2.0333346603874873,0.3637651418889578,-0.1994660894660909,0.45735305122791586,0.665275557019915,40,0.18627827049408774,0.29524036815519006,False,0.5418655957872518,0.5685816732571183,True,0.887809677843118,0.8596073604832128,0.08078244055776082,0.07500000000000007,0.0835237244810848,0.075,0.3637651418889578,0.7708697195829958,2.0333346603874873,0,1.3290885711590905,0.31236661068941246,0.7575069986966503,2.3319605403317363,1,0.0,0,1
S0_null,1501631,0.7996779103386983,0.503119420309019,1.2710397064197831,0.3443867099186786,-0.5445124023105676,0.4096301613889702,0.19189481472478384,40,0.9839451505858448,0.8388964626252777,False,0.6289886994162087,0.7549514742551732,False,0.6139389051779165,0.47099428563141255,0.07037318919699388,-0.10000000000000009,0.09888517876815865,-0.1,0.3443867099186786,0.503119420309019,1.2710397064197831,0,0.752063637038872,0.24837298343420755,0.4635971593875667,1.2200241151246909,0,,0,1
S0_null,1501632,1.0898084679448052,0.6934314031119266,1.7127613365564582,0.7092709022191888,-0.12005265467310366,0.5369968464553275,0.8243271155620685,40,0.3136043866052618,0.2965184135053953,True,0.5563921706700661,0.7341133461997684,False,0.9850669100495774,0.7437365359799303,0.17874113689895157,0.15000000000000002,0.18611765176727474,0.15,0.7092709022191888,0.6934314031119266,1.7127613365564582,0,1.0630414024094497,0.8079723696569101,0.6492950372138284,1.7404368714811147,0,,0,1
S0_null,1501633,1.4392294213238108,0.9215287614112032,2.2477663356182354,0.10944359718410568,0.06408761555759135,0.40166572853869853,0.8740997691593693,40,0.214374303800544,0.31576012752811866,True,0.4887838736987846,0.7139386294956072,False,0.011718843581277553,0.012423180720905197,0.04856826202062922,-0.04999999999999993,0.04010243385614931,-0.05,0.10944359718410568,0.9215287614112032,2.2477663356182354,0,1.4521475774615997,0.11017279006107852,0.918819739343679,2.295044932571735,0,,0,1
S0_null,1501634,1.3607911526955647,0.8493980359738853,2.1800763397473357,0.20014028666507533,0.2500000000000002,0.5464463215134999,0.6499858792101362,40,0.13633893676745035,0.2709349277079651,False,0.7778265244793705,0.9675217447139064,False,0.34483464644227935,0.34632185930238213,0.7539456897904712,0.32500000000000007,0.7594822690665703,0.325,0.20014028666507533,0.8493980359738853,2.1800763397473357,0,1.4488519549889711,0.22933969536134544,0.7840049203528284,2.677498486273104,1,0.0,0,1
S0_null,1501635,0.7015825085264554,,,,-0.47843109540636175,0.48091395251207575,0.3262773375762175,40,0.5064345860483808,0.5507644517654218,True,0.0988207184877726,0.10092577422638707,False,0.11161862294047888,0.24223298500683366,0.035689452145063326,0.050000000000000044,0.04010243385614931,0.05,0.21268757303828004,0.3984213308724976,1.2354208425346411,1,0.7104243053084396,0.17740057585592564,0.4294138378897397,1.1753293653814927,1,0.0,0,1
S0_null,1501636,0.862269524929265,0.55770706892407,1.3331527876383555,0.5050546132067758,1.0700619779035305,0.5066102543415922,0.041480920706380195,40,0.46862006149535307,0.8282944060986228,False,0.19751521434520147,0.4309095572317726,True,0.9516507699020015,0.9566189039565555,0.026723988432030842,0.0,0.02575178272878667,0.0,0.5050546132067758,0.55770706892407,1.3331527876383555,0,0.8226746102409239,0.49411597356070563,0.4643223634448706,1.457594050206484,1,0.0,0,1
S0_null,1501637,1.1839904460098765,0.72304709093806,1.938785721997676,0.5020897787119187,-0.21804028535459619,0.583442946092152,0.7107506887447484,40,0.12598395440254068,0.06737802078780121,False,0.6715309731364874,0.694099618814783,False,0.21128469843328068,0.24820048833813213,0.06845503352122952,0.07499999999999996,0.06483499538239326,0.075,0.5020897787119187,0.72304709093806,1.938785721997676,0,1.2279805669448065,0.45824023173961104,0.7136996809908247,2.1128442578265276,0,,0,1
S0_null,1501638,0.9015586945279822,0.5591730409167773,1.4535895334767601,0.6706791808319224,1.269485094850948,0.4634613636740873,0.00942076959051876,40,0.5133653859579521,0.45553076718128893,True,0.3700527477984986,0.4635978965390031,True,0.8956198486982394,0.7443694017038345,0.1724306212533537,-0.15000000000000002,0.15691990455744992,-0.15,0.6706791808319224,0.5591730409167773,1.4535895334767601,0,0.9317196580478713,0.7783244363107686,0.5694218534834287,1.5245314451530894,0,,0,1
S0_null,1501639,1.7168371360744878,1.0638226469367742,2.7706965632774585,0.02687553264886721,-0.26638795986622155,0.5800937838647728,0.6487661643213453,40,0.8226692365051227,0.6544049269589808,False,0.1838697828546536,0.2173671187523385,True,0.41731759475470576,0.44526474950803474,0.11398039983574941,0.09999999999999998,0.08733606889123373,0.1,0.02687553264886721,1.0638226469367742,2.7706965632774585,0,1.6398960247578338,0.05892500646860233,0.9815236997569304,2.739881851739829,0,,0,1
S0_null,1501640,0.9677336878890448,0.6025267565581366,1.5543019135366303,0.8920825704917478,-0.7042845973416716,0.5289536383190466,0.19118069013266123,40,0.5134021039282408,0.5596336844146135,False,0.7936293343328789,0.7965992788609201,False,0.29454271120433617,0.24516250756690272,0.030823552606476408,0.025000000000000022,0.0352330639291004,0.025,0.8920825704917478,0.6025267565581366,1.5543019135366303,0,1.1934128663656909,0.5138120141471458,0.7018991020254604,2.029115389230848,0,,0,1
S0_null,1501641,1.204671835567346,0.7434135983839057,1.9521222567948886,0.4496110746346105,-0.18357406785354402,0.4558204594101823,0.6894620166584657,40,0.5345836026435449,0.4884518924508717,True,0.5376891170785593,0.4551900741561029,False,0.5721169454013646,0.4719176474266291,0.09672262768045782,0.07499999999999996,0.06483499538239326,0.075,0.4496110746346105,0.7434135983839057,1.9521222567948886,0,1.0719636494272022,0.7885783215345519,0.6450504262321719,1.781420519951242,0,,0,1
S0_null,1501642,1.219780685674344,0.7825592765003646,1.9012807921694606,0.3803326593023857,0.6996894721025735,0.45562622915368794,0.13312852797220906,40,0.411179352143593,0.5237967931674756,True,0.7368091338044767,0.9350636092796558,False,0.6662069650175515,0.8278065247291524,0.04894491669952734,-0.07499999999999996,0.03460576199081596,-0.075,0.3803326593023857,0.7825592765003646,1.9012807921694606,0,1.3671594430092289,0.192209762090504,0.8544535926235552,2.1875090218419633,0,,0,1
S0_null,1501643,1.2731396583104957,0.8016867181251697,2.0218428881466046,0.30616222711190866,1.2000000000000004,0.5646442615301744,0.0403083161476558,40,0.793500314090104,0.6729394642258903,True,0.9478716016403996,0.4635556573924624,False,0.8271580574887557,0.784554580271327,0.040827876351004724,-0.04999999999999993,0.024706122142071883,-0.05,0.30616222711190866,0.8016867181251697,2.0218428881466046,0,1.195976793717755,0.47507495184972304,0.7318863347165049,1.9543478587634098,0,,0,1
S0_null,1501644,0.7977138042998488,0.5132935592933017,1.2397336807550345,0.31505420875706647,0.9261388627081355,0.5444111815003914,0.09730100135361903,40,0.6719086080210569,0.755175168179322,True,0.2952386566253723,0.46374565619182373,False,0.06699279382802838,0.036208272777645045,0.018657058469403805,0.0,0.04057201317469065,0.0,0.31505420875706647,0.5132935592933017,1.2397336807550345,0,0.8375282963405338,0.546231758283574,0.46466782118345235,1.5095808558134285,1,0.0,0,1
S0_null,1501645,0.88147014880057,0.5678009254363705,1.3684190856669727,0.5739639282576138,-0.49999999999999944,0.5471075834854844,0.36668824314578613,40,0.8518352679720813,0.956768153781789,False,0.7366765096829349,0.8707201004342322,True,0.6146395600522265,0.8806195245378409,0.18605158631530028,-0.1499999999999999,0.18611765176727474,-0.15,0.5739639282576138,0.5678009254363705,1.3684190856669727,0,0.8505705767427668,0.5084190997619547,0.5264849910235472,1.3741518150669667,0,,0,1
S0_null,1501646,0.5729751524413441,0.3594033075552828,0.9134599443403365,0.01926604597947468,-0.09999999999999942,0.49534287452865206,0.8411161379621236,40,0.5273837423180352,0.7759193962737452,True,0.2761686856647191,0.6544658943620514,False,0.8309600587263296,0.8491100463962781,0.20076232188375748,-0.14999999999999997,0.1982587753374821,-0.15,0.01926604597947468,0.3594033075552828,0.9134599443403365,0,0.5235119635058105,0.011712383649469096,0.31650321835924095,0.8659146575332358,0,,0,1
S0_null,1501647,0.6562325314045538,0.40421140193751587,1.0653859173923017,0.08842123788313275,0.7581529944640182,0.5825119582205635,0.20112526229239266,40,0.6402488066757506,0.5969145211082648,True,0.9478282825442469,0.8813100611752172,True,0.021283748565454206,0.02368513098619083,0.22776437765927324,0.15000000000000002,0.20912510240144702,0.15,0.08842123788313275,0.40421140193751587,1.0653859173923017,0,0.6987935476933145,0.1783012833274813,0.4146672803187467,1.1776005618828962,0,,0,1
S0_null,1501648,1.1134813018293312,0.723544915975724,1.7135641231775869,0.6250401121117142,-0.19765477491801486,0.5125778174082567,0.7019942473294054,40,0.5065637787722713,0.5591510870153442,False,1.0,0.9243815292219091,False,0.9129507719851072,0.8812097551110454,0.022651406543288507,-0.025000000000000022,0.02319930679535069,-0.025,0.6250401121117142,0.723544915975724,1.7135641231775869,0,1.0068930791447082,0.9777713422075972,0.6210494856701889,1.6324523185708142,0,,0,1
S0_null,1501649,1.1414193751260535,0.7393871363389193,1.7620514692264773,0.5504637899030607,0.061579998184952967,0.520401069930227,0.9064448539241602,40,0.4811512595514137,0.5242856180253856,False,0.7047493566413172,0.8173565557177448,True,0.9355256222297539,0.913402757364773,0.1100682275049664,0.09999999999999998,0.11978503962277386,0.1,0.5504637899030607,0.7393871363389193,1.7620514692264773,0,1.3624754142309436,0.21220922504738193,0.8380798454904983,2.2149909276213795,0,,0,1
S0_null,1501650,0.9105787094970718,0.5924444228597112,1.399546614325532,0.6692692442360184,0.6219952546897021,0.4377143559029563,0.16368828636001517,40,0.2952035073814344,0.2779624040537271,True,0.3865404325861691,0.2774860851052109,False,0.68582107876569,0.8382489118019961,0.08828726743952904,-0.07499999999999996,0.05494849062323593,-0.075,0.6692692442360184,0.5924444228597112,1.399546614325532,0,0.8881833273987859,0.6125881565079411,0.5612817519925938,1.4054788353062087,0,,0,1
S0_null,1501651,0.9277740163204269,,,,0.14999999999999847,0.515606097941837,0.7727372770856562,40,0.5726244426516055,0.7037286010912024,True,0.47747463486775077,0.37067057624013067,False,0.3936711056095671,0.3118287789226881,0.03686494460255546,-0.025000000000000022,0.06567411311702892,-0.025,0.7270325747852435,0.6027565141286697,1.4280469894276235,1,0.9650637709442502,0.8868939973103486,0.5839332504087743,1.5949564121192947,1,0.0,0,1
S0_null,1501652,0.6272839614773114,,,,-0.45742794997281055,0.5625689268999725,0.4213590655411117,40,0.23177782771526922,0.1580346439855661,True,0.11644742065387477,0.05898229818088244,False,0.9477910658088291,0.945768117383141,0.07496732160761845,-0.07499999999999996,0.06483499538239326,-0.075,0.08742593289661242,0.36626504386086906,1.0743181063059348,1,0.6014979560603689,0.11779178611140433,0.31626415760730164,1.1439797474427704,1,0.0,0,1
S0_null,1501653,0.9462694701393429,0.6231613773258355,1.4369085484089572,0.7955341527911113,-0.07057120967055341,0.4863906484319279,0.8854260423895828,40,0.5730913103106472,0.6735092211475144,True,0.31414430829437323,0.3491604872428903,False,0.9651470245181296,0.8916330492617962,0.012647335100570445,0.0,0.003066739371709653,0.0,0.7955341527911113,0.6231613773258355,1.4369085484089572,0,1.0080552026239429,0.9731254711408064,0.6320782453064627,1.6076732573583619,0,,0,1
S0_null,1501654,0.8407816492824804,0.5334075823566908,1.3252788395824735,0.4550849105755115,0.20085440278988864,0.44125607571410186,0.6516339931716721,40,0.575319768979316,0.6542981564516068,True,0.861577160346924,0.723678635554489,True,0.9303770922579987,0.6831625260195225,0.0759484891810654,-0.07500000000000007,0.05494849062323593,-0.075,0.4550849105755115,0.5334075823566908,1.3252788395824735,0,0.8975180908491528,0.7025890580615866,0.5152391964176705,1.5634267132668045,0,,0,1
S0_null,1501655,1.1163888073115276,0.7029930188459458,1.772882426537404,0.6408101393065956,-0.5404623530931141,0.46548937737271817,0.25305255654302156,40,0.7780677781769216,0.8387390575789817,False,0.3410635046752465,0.38512069119997105,False,0.325141281123693,0.23642245929630512,0.0314778296355171,0.025000000000000022,0.0414069212922549,0.025,0.6408101393065956,0.7029930188459458,1.772882426537404,0,1.1980781846392894,0.4322454394774162,0.7631578881036292,1.880857629704095,0,,0,1
S0_null,1501656,0.8078617973479546,,,,-0.5478991596638665,0.5869878730278022,0.3566610097355349,40,0.9108095103784667,0.8070251120183451,False,0.04376699868073907,0.016985440637451117,True,0.22600983943519137,0.25984328672737456,0.042957108604514446,-0.025000000000000022,0.023199306795350663,-0.025,0.4790050529104988,0.4416892843905368,1.4776013516262032,1,0.816324625510306,0.5642651759569115,0.40297148111412423,1.653680038031814,1,0.0,0,1
S0_null,1501657,0.8662924323409581,0.5343064208988425,1.4045546693388784,0.5604750469539119,0.2367948500762307,0.4401895441897879,0.5938408774817993,40,0.13621982342686786,0.09279885899298734,True,0.8157301747989705,0.8812710834620251,True,0.2256789139430857,0.10308995960081187,0.0776758692101819,0.07499999999999996,0.05494849062323596,0.075,0.5604750469539119,0.5343064208988425,1.4045546693388784,0,0.8005364901732896,0.3714064663346831,0.4914971082250455,1.3038910328756903,0,,0,1
S0_null,1501658,1.12143089165462,0.6488189021206061,1.9383024148139032,0.6814471841163889,-1.0562670556130604,0.5651570837293689,0.06955744104650939,40,0.5870446839025932,0.54090563429611,True,0.17727080541171036,0.15783813106598754,False,0.0901442862263485,0.12441691491787757,0.13628442276665592,-0.125,0.17446361933638296,-0.125,0.6814471841163889,0.6488189021206061,1.9383024148139032,0,1.2097348685426481,0.5284278104273339,0.6692724377262204,2.1866408500846646,0,,0,1
S0_null,1501659,1.6766182652748876,1.0031124398564117,2.802326734035673,0.048630002220278384,0.3887203791469215,0.5406869749025798,0.47669538535538963,40,0.11632229991844198,0.0627471434624977,True,0.3440128778025603,0.377761325064486,False,0.0975560249435186,0.05037024570570742,0.3242681833771074,0.2,0.30909351773576077,0.2,0.048630002220278384,1.0031124398564117,2.802326734035673,0,1.6158497624793227,0.06314523860974534,0.9740541617228393,2.6805187611809806,0,,0,1
S0_null,1501660,0.7846112057505896,0.49636785404977884,1.2402389461096257,0.2991151325253407,-0.42864035843529025,0.4603560152468032,0.35783449576680143,40,0.8226540286123378,0.8707019666572591,True,0.8105427102943268,0.9350789213157066,True,0.8653127756333587,0.7335302501973633,0.5,-0.25,0.5,-0.25,0.2991151325253407,0.49636785404977884,1.2402389461096257,0,0.8049892272232451,0.4083755882526252,0.4813372754939112,1.3462652674894997,0,,0,1
S0_null,1501661,1.0478861868397833,0.6454366047713943,1.7012754660212406,0.8499516938210153,-0.37695810564663146,0.5496242062367235,0.4970848906642223,40,0.8226540286123378,1.0,True,0.8072767833964323,0.838724042549867,True,0.6622942197102402,0.9565281950589418,0.09498445709645281,-0.09999999999999998,0.11978503962277386,-0.1,0.8499516938210153,0.6454366047713943,1.7012754660212406,0,1.201936958117738,0.4807488216447402,0.7208326084443523,2.004144144376408,0,,0,1
S0_null,1501662,1.6884807684315943,1.0570895135541196,2.6969970554129303,0.028356191436358893,-0.4958279845956317,0.5094047996124089,0.33670132320216023,40,0.2661706716127652,0.377738804226165,False,0.11228128354567518,0.09790234663140453,True,0.4313545393794199,0.5492163503853796,0.017826552073100684,0.025000000000000022,0.02319930679535069,0.025,0.028356191436358893,1.0570895135541196,2.6969970554129303,0,1.6343682616651964,0.06922834008697248,0.9620642030364676,2.7764878958262877,0,,0,1
S0_null,1501663,1.0366101951642275,0.6750227994148956,1.5918880038568155,0.8695069500033447,-0.44528143963172073,0.4930045183667855,0.37226294650965436,40,0.6699895488967582,0.587311858002239,True,0.5501529499651694,0.4641671647591462,True,0.3892908641543886,0.34119267215130056,0.023290036687014213,0.0,0.04057201317469065,0.0,0.8695069500033447,0.6750227994148956,1.5918880038568155,0,1.0402596885354618,0.8625417395035267,0.6654179824878711,1.6262563502506795,0,,0,1
S0_null,1501664,0.6575047150131552,0.39296802595815056,1.1001211846954946,0.11034986522115232,0.04555421350924363,0.5873068721089111,0.9385923565609864,40,0.2270475390754514,0.26042812922945713,False,0.7019796971898048,0.5776076258298005,True,0.7431846143421612,0.8069893730657948,0.038125643215939795,-0.050000000000000044,0.024706122142071883,-0.05,0.11034986522115232,0.39296802595815056,1.1001211846954946,0,0.7525980929867279,0.3248745022206695,0.4273855688530347,1.3252761226526792,0,,0,1
S0_null,1501665,1.1597549637259255,0.7241098841135455,1.8574965007327708,0.5374252937254198,0.2652586594691867,0.49136053893551324,0.592538256273287,40,0.22681201117438055,0.2899713007757114,True,0.492095277566453,0.9567049621457732,False,0.9839174524676887,0.978314790350044,0.13395044041958828,0.125,0.06754405692028337,0.125,0.5374252937254198,0.7241098841135455,1.8574965007327708,0,1.2132010610798862,0.46246677153330007,0.7245235217429672,2.0314824438888532,0,,0,1
S0_null,1501666,0.6383591013864482,0.43398883323143017,0.9389696488010967,0.022618926282722714,0.593985784581742,0.5046641691631707,0.24671496672260035,40,0.9358131242995446,0.9675462477040253,False,0.6946842139626733,0.7652427722440004,True,0.03811984738665589,0.02293431830522903,0.16946148549969048,-0.15000000000000002,0.15691990455744992,-0.15,0.022618926282722714,0.43398883323143017,0.9389696488010967,0,0.6768550908748986,0.0512596074012696,0.4571556549357715,1.0021374757086468,0,,0,1
S0_null,1501667,1.7255277661837727,,,,0.29999999999999927,0.5980433628328552,0.6188956332440225,40,0.19127367246338967,0.166565868609573,True,0.26834404604173756,0.1573267603051045,False,0.22727549499996502,0.12592041666487866,0.03321231561217198,0.04999999999999993,0.017521291143505167,0.05,0.02127302220621691,1.0895267833660658,2.7327883236357127,1,1.7440643061146732,0.027192911085610616,1.0682420528648318,2.847444823676251,1,0.0,0,1
S0_null,1501668,1.1330174784223161,0.7367780889112164,1.742354483298371,0.569516808814988,-0.707117212249207,0.6073948543489398,0.25180294740512404,40,0.7019796971898048,0.6641218079886482,False,0.3315965022766971,0.15442445385680897,False,0.6128094918197291,0.6153289953529917,0.03565773365068651,0.02499999999999991,0.047582390994191696,0.025,0.569516808814988,0.7367780889112164,1.742354483298371,0,1.1066214124722256,0.6695639154293445,0.6948961547642684,1.7622934623338822,0,,0,1
S0_null,1501669,0.8117641748065112,0.4944129009643661,1.3328152930758363,0.40974448490179627,-0.3084572117316185,0.6877177949316352,0.6563916183772154,40,0.7582139293017673,0.8385661311205229,True,0.4549977159221147,0.4388758967975728,False,0.5447411702131146,0.6440800038473165,0.4158680009401729,-0.22499999999999998,0.41261191108917944,-0.225,0.40974448490179627,0.4944129009643661,1.3328152930758363,0,0.6286509064602368,0.10047319401502938,0.3612974129189095,1.0938411072486078,0,,0,1
S0_null,1501670,0.7430404279071582,0.4593901087424624,1.2018305727474192,0.22604802176575445,-0.8643350033084429,0.555749641891112,0.12839738933473133,40,0.4664661668742568,0.6544354146865364,True,0.015665626742981317,0.050871969022052876,False,0.8681864321306042,0.7237037600584557,0.02862743945859618,-0.050000000000000044,0.04010243385614931,-0.05,0.22604802176575445,0.4593901087424624,1.2018305727474192,0,0.7555761708075738,0.2701907494488076,0.45910521392914405,1.2434956793593395,0,,0,1
S0_null,1501671,1.3024890061515615,0.8287542470085387,2.047021318164302,0.25192607125074074,0.3835277648156808,0.476527241910239,0.4260542509882263,40,0.3059309297124134,0.14283446257409163,True,0.12523174458846242,0.43842077949104585,False,0.10499261515109341,0.19761112854702823,0.08914418290324748,0.07500000000000007,0.12322937104739655,0.075,0.25192607125074074,0.8287542470085387,2.047021318164302,0,1.2738973716237247,0.3257445056667766,0.7860528141742938,2.0645107862561543,0,,0,1
S0_null,1501672,0.7352712400427387,0.4484646267682655,1.2054993062214077,0.22281767184111734,0.5396008993816752,0.5160064983096403,0.3024719099749672,40,0.02822912805862313,0.0780168015181879,False,0.5132419123926578,0.8176360961992923,True,0.7000623687628404,0.9564847011075616,0.02963344331928748,0.02499999999999991,0.0352330639291004,0.025,0.22281767184111734,0.4484646267682655,1.2054993062214077,0,0.7065913661072993,0.20273224516510346,0.4140840338411867,1.2057247269979616,0,,0,1
S0_null,1501673,0.8339056924882723,0.5146814368958551,1.3511245094799438,0.4606911196201876,-0.613207547169812,0.5422306769173567,0.2653753602500306,40,0.008006993854784407,0.013581620569114826,False,0.5608001426890552,0.7440769915191869,False,0.20138166969251747,0.3134687966789157,0.22558001744844827,-0.17499999999999993,0.2096956861192004,-0.175,0.4606911196201876,0.5146814368958551,1.3511245094799438,0,0.8433803961404368,0.5208911299694927,0.5013842339806464,1.418653488457031,0,,0,1
S0_null,1501674,1.073852792948528,0.6850664242172528,1.683281766787707,0.7560356768281966,-0.10000000000000087,0.5701913553793824,0.8617375553228283,40,0.9839353911277724,0.892061046871416,False,0.13000432920472949,0.09504113077754976,True,0.8440800987941591,0.8597390666110507,0.09753487436511095,-0.07500000000000007,0.06483499538239326,-0.075,0.7560356768281966,0.6850664242172528,1.683281766787707,0,1.1303393063895502,0.6309960297724464,0.6856312755422368,1.8634898861035134,0,,0,1
S0_null,1501675,1.2745517446405425,0.8036726086864121,2.021323275433558,0.3025175986693347,-5.551115123125783e-16,0.5990164085449832,0.9999999999999992,40,0.84451926747294,0.6353730437115872,True,0.4078114317811976,0.4892728442783567,False,0.4214467137940956,0.30880850026090756,0.40426169523303984,0.22499999999999998,0.4018423391082095,0.225,0.3025175986693347,0.8036726086864121,2.021323275433558,0,1.279354384371869,0.28667144913764087,0.813157429490188,2.012829965579592,0,,0,1
S0_null,1501676,0.8385350669353494,0.5812053855053645,1.2097979062408069,0.34639481097679625,-0.6897825480903278,0.49989341407504156,0.17591192278432574,40,0.11175768372209406,0.08730682629116086,False,0.758082482109776,0.5129880859778608,True,0.7362774318399663,0.7240923162059518,0.070757982743586,-0.07499999999999996,0.05494849062323593,-0.075,0.34639481097679625,0.5812053855053645,1.2097979062408069,0,0.8928869160105228,0.57847976057095,0.5987224309317043,1.3315803844899268,0,,0,1
S0_null,1501677,0.834897927263385,0.5293968216888161,1.3166957571166362,0.43756233094085717,-0.6175445341535315,0.5070494055119197,0.23096516366079214,40,0.667631778406222,0.6444558619729146,True,0.052428207722688545,0.07081782951059162,True,0.3803614233139636,0.23156547131834027,0.24480521191775226,0.17500000000000004,0.24051773093342974,0.175,0.43756233094085717,0.5293968216888161,1.3166957571166362,0,0.8420822103175712,0.45691282744177997,0.5354210669051598,1.3243827947078726,0,,0,1
S0_null,1501678,1.1783704460413016,,,,0.3857307514983838,0.6776068165883528,0.572623278084715,40,0.6163659930557868,0.6836873887116102,True,0.015610162717525647,0.00956091369028021,True,0.9251311240970583,0.8376701112748338,0.030607922493560768,0.050000000000000044,0.01108296880350949,0.05,0.5395227752926774,0.6892103042280299,2.014707121448031,1,1.081215858439689,0.7830546377015144,0.611646161117867,1.9112810753277936,1,0.0,0,1
S0_null,1501679,1.168240715177501,0.7378198118870957,1.8497556539011506,0.507208403567271,-0.5945830759728231,0.4685789584635447,0.21239906776913428,40,0.6286058052722856,0.43071333550391766,False,0.9811139460864864,0.8384983126635975,True,0.8366538120320309,0.6154459198165925,0.030561543946559543,0.0,0.050562110507688995,0.0,0.507208403567271,0.7378198118870957,1.8497556539011506,0,1.2722768702224625,0.37727136255334637,0.7454669465319523,2.171375192466276,0,,0,1
S0_null,1501680,1.427594276496103,0.9170514185331722,2.2223676634667466,0.1149117935134846,-0.40942729201036965,0.49844553868131336,0.4166752753858739,40,0.3163365520652984,0.28412710486352577,True,0.7321242682735405,0.5968799207110196,False,0.7775844825234446,0.7442525578891033,0.05399725071000575,0.07499999999999996,0.05494849062323593,0.075,0.1149117935134846,0.9170514185331722,2.2223676634667466,0,1.416212076437278,0.16468359412365485,0.8668667183198733,2.313685141049216,0,,0,1
S0_null,1501681,1.0577398914388259,,,,0.36603754439370983,0.4861869267801274,0.45628933023853635,40,0.8226692365051227,0.8281508725592663,True,0.024123254105427566,0.03683735280210655,True,0.02112056914602554,0.02723671074394565,0.33385670401128237,0.2,0.3369373044645227,0.2,0.8339366787837669,0.6176580383314074,1.8113804217030431,1,1.018172227747927,0.9510421937666039,0.5646917530877568,1.8358240220236943,1,0.0,0,1
S0_null,1501682,1.235221260863887,0.797175260359377,1.9139725467676119,0.3444281339920785,-1.1551122356299455,0.4813035597259052,0.021544052918924906,40,0.6404530884680235,0.8070697578078858,True,0.18391422335759422,0.16238873304538592,False,0.5705569259579011,0.5680508699333304,0.0760383010801091,-0.07500000000000007,0.04481321300021269,-0.075,0.3444281339920785,0.797175260359377,1.9139725467676119,0,1.0741929307894476,0.764384081025784,0.67271525060324,1.7152732177891041,0,,0,1
S0_null,1501683,0.7744608181001137,,,,-0.9202245552639239,0.5926748580146589,0.1290163503282882,40,0.6471977023795585,0.5868700932328816,True,0.5458031820307039,0.6742063956539387,True,0.7755607654168131,0.6535633453661605,0.0880720770864118,-0.09999999999999998,0.04835169739931678,-0.1,0.2674134973299321,0.4891569518185615,1.2261699573979923,1,0.7544657792141071,0.282208099730745,0.44737398999670397,1.2723551765030943,1,0.0,0,1
S0_null,1501684,1.588189695754215,0.9244694388659707,2.7284260611080673,0.09383410893751055,0.04050750906266276,0.558693716861311,0.9425913785113318,40,0.8879226750631726,0.8922126786911312,True,0.24587219023338835,0.45531790775843284,False,0.9173559000449815,0.8918578720839565,0.0760706328647737,-0.09999999999999998,0.04835169739931688,-0.1,0.09383410893751055,0.9244694388659707,2.7284260611080673,0,1.6544805012815225,0.09154803033565674,0.9218556326026419,2.9693431729571587,0,,0,1
S0_null,1501685,0.9168934164464645,0.5961052367914781,1.4103106049661336,0.6928811668755662,0.7288579540250907,0.47857065901075574,0.13626342972369054,40,0.7368091338044767,0.6642408358490459,True,0.4989431550230632,0.7037018959017574,True,0.5999933231908264,0.6336745505826519,0.042564586229447,0.0,0.02575178272878667,0.0,0.6928811668755662,0.5961052367914781,1.4103106049661336,0,0.7675348744844611,0.2996132066351087,0.46556990587642194,1.265351939878707,0,,0,1
S0_null,1501686,0.8376203325115115,0.5234820939447915,1.3402709081214328,0.46002223911313245,-0.6651908741811614,0.5848978914845685,0.26273417825176115,40,0.3902023872854721,0.2961539155765103,False,0.39547203400960584,0.4805883885139274,True,0.8368373755045212,0.8491453304835779,0.05104491488771222,0.04999999999999993,0.040102433856149304,0.05,0.46002223911313245,0.5234820939447915,1.3402709081214328,0,0.8934852727080684,0.6705961688846671,0.5317323873399598,1.501349083774754,0,,0,1
S0_null,1501687,1.060439361476096,0.6056653791146178,1.8566879966157366,0.8373009123099987,-0.08586763136045594,0.6254169554974458,0.8915407647428368,40,0.43216468570569355,0.21213982777170937,True,0.3125762532392723,0.23788775725455436,False,0.7380587105202105,0.9672892971122785,0.05576563131989175,0.025000000000000022,0.047582390994191696,0.025,0.8373009123099987,0.6056653791146178,1.8566879966157366,0,1.040561178401624,0.8918420255699966,0.586634097071316,1.8457290010964817,0,,0,1
S0_null,1501688,0.8444028319986666,0.5455754281870164,1.3069066271125307,0.4479106891044119,-0.3000000000000015,0.41860702490580626,0.4780819431264032,40,0.9839256138502307,0.9026244119256348,True,0.8812310783571384,0.8177880329284117,True,0.6571302915454744,0.5863381061256995,0.049787477271777014,0.09999999999999998,0.04835169739931678,0.1,0.4479106891044119,0.5455754281870164,1.3069066271125307,0,0.9897368272195954,0.9729462261135876,0.5370476870268523,1.8240074593333693,1,0.0,0,1
S0_null,1501689,0.9546127686753937,0.6247540512661033,1.4586308584495344,0.8299685456026523,-0.17186394557822954,0.5155258231096367,0.740732372012959,40,0.21066634359653935,0.2223326507859108,True,0.7625354645120062,0.6740905095613954,True,0.82721885230384,0.9240811967400335,0.0760706328647737,0.09999999999999998,0.08733606889123377,0.1,0.8299685456026523,0.6247540512661033,1.4586308584495344,0,0.9223111821589047,0.7622753472327868,0.546143225693898,1.5575729528724989,0,,0,1
S0_null,1501690,0.6781904737159182,,,,0.9148151332760086,0.4796858875367343,0.06429261421814053,40,0.5729747361434683,0.7963547683559006,False,0.30587354826583746,0.21684661844189923,False,0.7160879959985764,0.764333386266464,0.14341051518712117,-0.125,0.10220287084734073,-0.125,0.1663884808103048,0.38856635172644105,1.183690550135002,1,0.6709959274626254,0.20031706359731533,0.36113491460037045,1.246723915270437,1,0.0,0,1
S0_null,1501691,1.064151532629248,0.6719138539268559,1.68536260679699,0.7909785219704308,-0.43280014708586023,0.5267914411332674,0.41657998405253616,40,0.8226996405586569,0.8491241630017838,False,0.43180204339276174,0.40801126785965935,True,0.2749476225589569,0.30118973512102065,0.014408238918811302,0.0,0.04057201317469065,0.0,0.7909785219704308,0.6719138539268559,1.68536260679699,0,1.018859078121209,0.9382851908448909,0.6349087157711846,1.634996961427936,0,,0,1
S0_null,1501692,1.0698502605322096,0.6508365594632565,1.7586282812765908,0.7900407058322132,-0.2926050420168068,0.5151908797870073,0.5734965079553758,40,0.12081385058649005,0.06726197270703621,True,0.7168060194940282,0.9028531586560609,True,1.0,0.7338829951234805,0.04901202264921412,0.04999999999999993,0.07061977533748845,0.05,0.7900407058322132,0.6508365594632565,1.7586282812765908,0,1.081398737803752,0.7778812281447414,0.6278334451896805,1.862632899033027,0,,0,1
S0_null,1501693,1.0541549577081106,0.6622584885082284,1.6779591264488285,0.8240237935396248,0.8379923761118149,0.5192944050092841,0.11508718310925994,40,0.5065637787722713,0.42399090196939326,True,0.7779801404930251,0.9891799398577559,True,0.7162541780260325,0.8070161791411448,0.045916963505995834,0.050000000000000044,0.047919065615694055,0.05,0.8240237935396248,0.6622584885082284,1.6779591264488285,0,1.0139735572239141,0.9557679698840166,0.6209607157596125,1.6557285326682967,0,,0,1
S0_null,1501694,1.1665778138448488,0.7677236231967015,1.772648065834421,0.4704477402111452,-0.015454545454543389,0.6394672845925393,0.9808486019190864,40,0.5458438813269395,0.21175156540632267,False,0.5254005512323752,0.6255976048634172,True,1.0,0.9782942251188047,0.22249741628949368,0.15000000000000002,0.20912510240144702,0.15,0.4704477402111452,0.7677236231967015,1.772648065834421,0,0.9967182713090826,0.9883938198548923,0.6400678263124524,1.5520969364837434,0,,0,1
S0_null,1501695,0.9980131382108978,0.6399564454598389,1.556403144476293,0.9930009208660273,-0.6868286899822169,0.562187524205845,0.2295452535238887,40,0.2788811861719598,0.1668656751061841,True,0.23894752523286955,0.1122294676971428,False,0.3496470768299903,0.31452548920492807,0.04785844719980792,-0.02499999999999991,0.09826343122045633,-0.025,0.9930009208660273,0.6399564454598389,1.556403144476293,0,0.9741201945073985,0.9179131027919638,0.5916370313243515,1.6038721430655574,0,,0,1
S0_null,1501696,0.6357342986973535,0.4154136711739819,0.9729051463280994,0.036934244423514326,0.21669980119283994,0.5991599915290624,0.7196539617553258,40,0.7935752425371635,0.7655113972380145,False,0.005820849531925663,0.0096289957945595,True,0.6783160322773973,0.49499033488822375,0.04990344950723767,-0.025000000000000022,0.08263841299728811,-0.025,0.036934244423514326,0.4154136711739819,0.9729051463280994,0,0.6723905790454987,0.10248381129361812,0.41756127588098313,1.0827371140565367,0,,0,1
S0_null,1501697,0.7031125616175857,0.43627593373176454,1.1331527505443262,0.14801135695098877,-0.3460323337035647,0.47474715262570943,0.47066554851064635,40,0.06409546968034195,0.1622103433537495,True,0.8247990414322515,0.9242103481768665,True,0.09243641483046147,0.25864724935626704,0.23149339812120354,-0.17500000000000004,0.1649384004605626,-0.175,0.14801135695098877,0.43627593373176454,1.1331527505443262,0,0.7602517809861992,0.2648778042431915,0.46955950675701363,1.2309042031424162,0,,0,1
S0_null,1501698,1.2549269041950912,0.8772339071990903,1.7952355944618792,0.213871821507988,-0.035718475073313716,0.5081190652428936,0.9443370508226473,40,0.6146942848745901,0.7241923231293098,False,0.47770329006121814,0.9891763666569477,True,0.03789045074540634,0.06254822796442606,0.034482448531678915,-0.025000000000000022,0.0414069212922549,-0.025,0.213871821507988,0.8772339071990903,1.7952355944618792,0,1.3608818831148923,0.11991097703277141,0.9229231249599213,2.0066671315346665,0,,0,1
S0_null,1501699,0.9434153694610873,0.6083665633788669,1.462987305535269,0.7946956346406977,1.0453126625741354,0.5039550787815252,0.04507152386329659,40,0.11682388159165905,0.17515792247265116,True,0.034562676076200824,0.05924613086156704,False,0.6564423271912855,0.7648435081761673,0.026221215478471296,0.0,0.030615155837911714,0.0,0.7946956346406977,0.6083665633788669,1.462987305535269,0,0.8994148625006926,0.6503407845483407,0.5687077311185132,1.4224302759101457,0,,0,1
S0_null,1501700,0.5835348848791765,0.37650699477795824,0.9044000950680037,0.015977214840420258,-0.23629923491073912,0.5480113960013376,0.668829248089648,40,0.6871636083836543,0.7035147573534315,False,0.24656760264118838,0.5505388900605508,True,0.62790659433601,0.6934813450302812,0.23090613948536853,-0.15000000000000002,0.20912510240144702,-0.15,0.015977214840420258,0.37650699477795824,0.9044000950680037,0,0.5704286951221574,0.02256810455414319,0.35211563392611595,0.9240967025254072,0,,0,1
S0_null,1501701,1.2571205075716383,0.7642244877373118,2.067915901564765,0.367542458528512,-0.6168968919585605,0.5541825018252349,0.27281715036293397,40,0.09642003345519659,0.09270654179200646,False,0.7770661110949808,0.6251899442014365,True,0.8662273014686488,0.7333960832130806,0.14921113660555044,0.125,0.15457597185817973,0.125,0.367542458528512,0.7642244877373118,2.067915901564765,0,1.1652811045102185,0.5731274902665686,0.6844657673550111,1.9838538569661799,0,,0,1
S0_null,1501702,1.0020788400390925,0.6107134806070942,1.6442440416672677,0.9934420345213814,0.050000000000001266,0.4207003597394472,0.9060375777022478,40,0.41077095126879637,0.5507644517654218,False,0.6872236535481593,0.9567090473902932,True,0.3481286693600282,0.3920306013820658,0.022651406543288507,0.025000000000000022,0.0352330639291004,0.025,0.9934420345213814,0.6107134806070942,1.6442440416672677,0,0.9088541398324852,0.7070971790267313,0.5520754898755353,1.496200904837979,0,,0,1
S0_null,1501703,0.8850000375514665,0.5498460596739461,1.4244442652376972,0.6149028788284366,-0.18451481103166756,0.42672856173292234,0.6679649661513509,40,0.9839370189401181,0.7445210596385634,True,0.21421115823157466,0.11483259788806409,True,0.6856511630053065,0.6636294788157517,0.15457542433077887,0.125,0.14326057979794618,0.125,0.6149028788284366,0.5498460596739461,1.4244442652376972,0,0.8926802625448125,0.6643640119653074,0.5345435444503719,1.4907635858860497,0,,0,1
S0_null,1501704,1.5938282680134042,1.0295693221320095,2.4673312358008435,0.036558438499262956,0.1642459617211881,0.6280375794325831,0.7951399480021424,40,0.550187710011836,0.5508207894809498,False,0.2705513549176771,0.32853823066343857,False,0.21736759276990547,0.30873996518723335,0.031678485109637396,0.025000000000000022,0.0414069212922549,0.025,0.036558438499262956,1.0295693221320095,2.4673312358008435,0,1.619496529947953,0.054488803242533794,0.9907579190570144,2.64723497038486,0,,0,1
S0_null,1501705,1.0690163014271583,0.6869096922078228,1.6636769952159172,0.7674242166231022,0.3028800583302947,0.5848688614902835,0.6076389235389906,40,0.9839418994097531,0.7653073264008172,False,0.7045123454420343,0.6060666051536961,False,0.2532323953250092,0.5323962530279802,0.023206366893013666,0.0,0.04057201317469065,0.0,0.7674242166231022,0.6869096922078228,1.6636769952159172,0,1.1010653830578543,0.6864054276461257,0.6899688697289622,1.7571009808668328,0,,0,1
S0_null,1501706,0.5955235619115345,0.36719090036205043,0.9658417799627329,0.03565553021134109,-1.138415240198786,0.5153078294127882,0.03343165331952485,40,0.39772838133541355,0.3352777806826729,False,0.6696408906055069,0.6450329891044828,False,0.8748402371497572,0.8037080410377629,0.06653995987867363,-0.050000000000000044,0.017521291143505167,-0.05,0.03565553021134109,0.36719090036205043,0.9658417799627329,0,0.6089591023958821,0.05532754663130626,0.36666326697400453,1.0113671638045199,0,,0,1
S0_null,1501707,2.1402571676639837,1.3336778330298515,3.4346381339566947,0.0016152690480508494,0.6175203611029335,0.5517946408039104,0.27030493432738145,40,0.8959957894590432,0.8814045617487195,True,0.7225658662024691,0.5867461457276832,True,0.027247969328353914,0.0798774758518565,0.1362276150167422,0.125,0.08565825367350988,0.125,0.0016152690480508494,1.3336778330298515,3.4346381339566947,0,2.099328974624532,0.006266669844916639,1.2335104663969825,3.5728777856026075,0,,0,1
S0_null,1501708,0.8866280301735371,0.5533928891826524,1.4205264998082476,0.6168311542008165,-0.3372646464646456,0.5868222104283346,0.5689519340534299,40,0.29464078967421836,0.24842423887510845,False,0.358779555477012,0.3784807465930089,False,0.9515021400210437,0.8163118311447387,0.1696008209530326,0.125,0.17446361933638296,0.125,0.6168311542008165,0.5533928891826524,1.4205264998082476,0,0.8460215910058141,0.5413287278561795,0.49472228200071344,1.4467764208101237,0,,0,1
S0_null,1501709,0.9253029291326369,0.5885598926389591,1.4547126322565245,0.7366385812196841,0.17979118329466182,0.5196706307920798,0.7313237907635514,40,0.861348762691224,0.8177374295499052,True,0.8811281475411601,0.8386338642199228,False,0.19173631900210797,0.16490277489547778,0.031678485109637396,0.025000000000000022,0.0352330639291004,0.025,0.7366385812196841,0.5885598926389591,1.4547126322565245,0,0.8665315648623539,0.5846680358786771,0.5184262125463487,1.448377675995057,0,,0,1
S0_null,1501710,1.1919134899394956,,,,-0.39999999999999925,0.4902833901068286,0.41980467875793276,40,0.8312403521842914,0.6147595601986875,True,0.5709689922682919,0.5237967931674756,True,0.2939148620024573,0.14111494054978138,0.07122587513949757,-0.07500000000000007,0.06483499538239326,-0.075,0.4415088676132482,0.7549388612035938,1.8818183041137972,1,1.2256459682453174,0.4321565442894398,0.7297612103146486,2.058492583934819,1,0.0,0,1
S0_null,1501711,1.2889699684180602,0.8467996176940509,1.9620268417314468,0.2363333760799866,-1.1042617960426198,0.5578649093689547,0.055242748737323155,40,0.8275621487850113,0.9782962842752626,True,0.5864133213669941,0.7651350635499004,True,0.3590322595613956,0.38449142303947625,0.02495037074465916,-0.025000000000000022,0.029131773706320103,-0.025,0.2363333760799866,0.8467996176940509,1.9620268417314468,0,1.2589496906372044,0.33230839584100236,0.7903579319378485,2.0053627091075352,0,,0,1
S0_null,1501712,0.9369682935971035,0.6089799252389638,1.4416067703081936,0.7671072403032663,1.4457718059249751,0.5760764902725847,0.016588504071659037,40,0.23927556254919546,0.22725014443317104,True,0.6596412001079672,0.7549514742551732,True,0.7352951535268601,0.7743202664626094,0.04180111234769209,-0.02499999999999991,0.06567411311702892,-0.025,0.7671072403032663,0.6089799252389638,1.4416067703081936,0,0.8979074206404626,0.6447395186502527,0.5681052134671145,1.4191697539981805,0,,0,1
S0_null,1501713,1.0613916430028303,0.7088740796691043,1.5892134472769992,0.7723553947578019,0.8309452201933396,0.498721693601525,0.10412885959143732,40,0.27009148401647265,0.5597818591697048,True,0.7935680479392709,0.7448932251210374,False,0.4463101007872876,0.3624898453991392,0.04877537487669102,-0.04999999999999993,0.055653255970699776,-0.05,0.7723553947578019,0.7088740796691043,1.5892134472769992,0,1.0861834995092166,0.6927085254541571,0.7208351529080951,1.6367051327150097,0,,0,1
S0_null,1501714,1.027766463364293,0.6499249297995316,1.625270634782638,0.9067564450666785,-0.5123310023309997,0.5528874036649183,0.3601155462424374,40,0.39024372614940905,0.1878579824348634,True,0.36992753834191505,0.2209342689056767,True,0.40877439358850975,0.3921202208949237,0.14799294087140072,0.125,0.14326057979794618,0.125,0.9067564450666785,0.6499249297995316,1.625270634782638,0,0.9825266568813446,0.9410173382655627,0.6159601820054332,1.5672419414180836,0,,0,1
S0_null,1501715,1.6642733201234532,1.0492967662024593,2.63967809040242,0.03043134088865888,-0.8907835171213003,0.5018065533443852,0.08409973855369572,40,0.6316576519666053,0.5324543351443269,False,0.3267421345821303,0.7863343880519127,True,0.6622186639908583,0.8598441650582727,0.07950028887490684,0.07500000000000001,0.04481321300021269,0.075,0.03043134088865888,1.0492967662024593,2.63967809040242,0,1.5535821850683993,0.07717067486903649,0.9531181924878508,2.5323381977022414,0,,0,1
S0_null,1501716,0.657551735543808,0.44841527287083727,0.9642273826859955,0.03183494869453657,-0.09508696978944176,0.5135567075621806,0.8541196479048979,40,0.21399349906014364,0.2323164271476872,True,0.7508900408448551,0.8177711698184433,True,0.6314145488819833,0.7650703671542687,0.15369547446521006,-0.15000000000000002,0.1982587753374821,-0.15,0.03183494869453657,0.44841527287083727,0.9642273826859955,0,0.6068303057428814,0.024812132100047683,0.392301126008214,0.9386743895307827,0,,0,1
S0_null,1501717,1.2435219552162737,0.8178181786189356,1.890819858903416,0.30803935355171663,0.22025679616217086,0.5606455010335041,0.6966751574306834,40,0.3979196159294409,0.2029446616716759,False,0.468665111058405,0.430385857039421,True,0.2132850658001577,0.4284975714324697,0.05609273566111343,-0.07499999999999996,0.0743759621482963,-0.075,0.30803935355171663,0.8178181786189356,1.890819858903416,0,1.2369113193540833,0.3667660017948732,0.7795016052257624,1.9627279811734946,0,,0,1
S0_null,1501718,0.939207059239496,0.6217400064399786,1.418776162042677,0.7657060552577161,0.7966087273611306,0.5651299222527234,0.16700747964262455,40,0.03623416141299667,0.1508060009789199,False,0.522606242986142,0.43915709268633063,False,0.35865192456109873,0.27258268190765655,0.09514221085552438,-0.07499999999999996,0.05494849062323593,-0.075,0.7657060552577161,0.6217400064399786,1.418776162042677,0,0.9412587509097101,0.7927875748382112,0.5991707054830059,1.4786571306918415,0,,0,1
S0_null,1501719,1.723594824492275,1.1024517226177868,2.6947022332754855,0.016951768076175617,0.39116731517509773,0.5299051026592297,0.4650594219829075,40,0.7227282415908323,0.8921622057760488,False,0.4441859487971628,0.4160255066786953,True,0.26414845414378363,0.2581039382967545,0.0375322286820896,-0.025000000000000022,0.0352330639291004,-0.025,0.016951768076175617,1.1024517226177868,2.6947022332754855,0,1.8111485228989996,0.009594798050168205,1.1554648165604466,2.838908571672312,0,,0,1
S0_null,1501720,0.8740372515074717,0.5488770412466855,1.3918255995688333,0.570599556606266,-0.11057613168724487,0.5701229575979971,0.8472748745174407,40,0.12721752948827642,0.2584436328468218,False,0.30429099388919867,0.36303479930373606,False,0.5584318169481375,0.7339558021970698,0.014799712576046684,-0.025000000000000022,0.017563739731861275,-0.025,0.570599556606266,0.5488770412466855,1.3918255995688333,0,0.8470607399569824,0.512459795514767,0.5154855744299773,1.391914600073714,0,,0,1
S0_null,1501721,1.4183446066308039,0.8486892046181004,2.370362922271328,0.1822616809998412,-0.9184024018112038,0.5069732651484243,0.07818090747059239,40,0.9256142218775516,0.8705019901752039,False,0.004536545750971288,0.004609607683060163,True,0.0937719817920152,0.12138372838810844,0.08914418290324748,-0.07500000000000007,0.09226046032336344,-0.075,0.1822616809998412,0.8486892046181004,2.370362922271328,0,1.473084253010516,0.15998590439268234,0.8581659718260077,2.52862183739384,0,,0,1
S0_null,1501722,0.8255798039741998,0.5125968769290885,1.3296647783212436,0.4305651471927361,-0.056647093364651874,0.45552677867717245,0.9017072499261187,40,0.4458198764468626,0.6253857869717194,True,0.3596627672276401,0.5419176448975068,True,0.121076706641412,0.19523444792303757,0.12332611324857634,-0.09999999999999998,0.13806267595474211,-0.1,0.4305651471927361,0.5125968769290885,1.3296647783212436,0,0.8021744375621845,0.39289393112534343,0.4837933736415306,1.3300798715672366,0,,0,1
S0_null,1501723,1.4627620710518021,,,,0.5959999999999999,0.5309618236608281,0.26888508719921156,40,0.1912564806974696,0.14980451610933496,True,0.251085976960123,0.5232278797685685,False,0.4700209739923127,0.5129077808528231,0.040512480251636285,0.025000000000000022,0.029131773706320103,0.025,0.14370009896147617,0.8735240485369564,2.449472204104102,1,1.3801370816805008,0.3042309274199049,0.7380420548735401,2.5808534238010914,1,0.0,0,1
S0_null,1501724,0.6721848834955949,0.4125777767908361,1.0951450684389412,0.11070895339995085,-0.03512149532710218,0.46210802588563255,0.939826363101059,40,0.8247291910384491,0.6937153549811124,True,0.4326471522081501,0.26574139592191637,False,0.512370877158004,0.6059985417715543,0.020333452232662894,0.0,0.012415162210221016,0.0,0.11070895339995085,0.4125777767908361,1.0951450684389412,0,0.7104314839451453,0.20860554300545897,0.41695105192723625,1.2104847584569247,0,,0,1
S0_null,1501725,1.0750923099867475,0.6703464389996177,1.7242181173029252,0.7638476944000401,-0.16029931972788855,0.5736794001937349,0.7814761625353344,40,0.10407999856386378,0.11574334137130984,False,0.5880242708086292,0.9674956493784054,False,0.8877303761291514,0.9674771912246782,0.05612365804293742,0.04999999999999993,0.055653255970699776,0.05,0.7638476944000401,0.6703464389996177,1.7242181173029252,0,1.1395906202765995,0.6237750117141815,0.6760709940471465,1.9209029721098205,0,,0,1
S0_null,1501726,1.1723354703307691,0.739687807857027,1.8580412444236407,0.4986061013322515,0.2000000000000019,0.4377454840141806,0.6504237885529979,40,0.4722941755398442,0.5876994458796356,False,0.14712934681229942,0.19725100038687593,True,0.8104322743876218,0.77553829278393,0.027866293024891187,-0.025000000000000022,0.02319930679535069,-0.025,0.4986061013322515,0.739687807857027,1.8580412444236407,0,1.225901573856799,0.40257744333786893,0.7609040359322861,1.9750646570605341,0,,0,1
S0_null,1501727,1.0116681907950758,0.6571901119023532,1.5573462073310251,0.9579654362312087,0.5510671853643146,0.4541626573167733,0.23267789179130047,40,0.7170807365200277,0.6637938286104168,False,0.7602856010924157,0.5778234535686466,True,0.8396667657631801,0.8489190835912092,0.1981750852495111,0.1499999999999999,0.18611765176727474,0.15,0.9579654362312087,0.6571901119023532,1.5573462073310251,0,0.901372822194642,0.6652195667908207,0.563180509358505,1.442651070287548,0,,0,1
S0_null,1501728,1.2198504453957435,0.7337153429117614,2.0280823121769567,0.4435655394139678,0.1992896606156292,0.6054721657156852,0.7439001564503046,40,0.26776185742944414,0.6253368549828797,False,0.8081522375216024,0.7758782894289367,True,0.69917854877862,0.9133618602159203,0.14910958547288838,0.125,0.18325136952942586,0.125,0.4435655394139678,0.7337153429117614,2.0280823121769567,0,1.3495125564191777,0.25570082736311817,0.8048237843312864,2.2628358845610075,0,,0,1
S0_null,1501729,0.9259159821456001,,,,-0.08150584162700081,0.5461430917368326,0.8821755512045181,40,0.22257894120162502,0.2898802348345887,True,0.0785631094084156,0.07531342396964652,True,0.21235624659039143,0.19589380986773353,0.15134158207392623,0.125,0.1308595450857383,0.125,0.7870148265658389,0.5224394951227054,1.6409946299930718,1,0.8660782072165398,0.6123824542524686,0.49009968674635285,1.530487534066961,1,0.0,0,1
S0_null,1501730,0.8012372000416559,0.5011990642294011,1.2808903618318708,0.35456975191355067,-0.5521351179094958,0.5685950182686732,0.33782812693963127,40,0.9358325869371428,0.8388290597760423,False,0.4679881793142703,0.6733780027017433,False,0.9174250828546582,0.9458706132684596,0.045916963505995834,0.050000000000000044,0.024706122142071883,0.05,0.35456975191355067,0.5011990642294011,1.2808903618318708,0,0.8657762725519953,0.5809898677109625,0.5189555564505322,1.4443790894942987,0,,0,1
S0_null,1501731,0.7691323344282186,0.5145363877019544,1.14970400928314,0.20061559410533691,0.0747115742463702,0.5693888299406051,0.8963171954351838,40,0.38002340228871967,0.4801738153902665,True,0.09253921963184694,0.12857848979678901,False,0.4803945579230524,0.5772832655884523,0.2995187209484261,-0.20000000000000007,0.2960934199061347,-0.2,0.20061559410533691,0.5145363877019544,1.14970400928314,0,0.8328375121902724,0.4833386137580671,0.49938140567175077,1.3889550428459596,0,,0,1
S0_null,1501732,1.025074754113749,0.6255935111576465,1.679650176640934,0.9216988028269323,0.6599617934599384,0.5620770065074578,0.24783782680630514,40,0.23206284673343192,0.17471021578652113,True,0.7934763001462132,0.7448119528346615,False,0.6805588166100162,0.7963264988386338,0.1058873869632696,0.09999999999999998,0.08733606889123377,0.1,0.9216988028269323,0.6255935111576465,1.679650176640934,0,0.9709187076661421,0.9073368757886335,0.5906940464673159,1.595890702697732,0,,0,1
S0_null,1501733,0.9259340205809948,0.5620585066102319,1.5253817892375237,0.7625509245437396,0.23715972862048684,0.4465629034601599,0.5985385583312806,40,0.3830726905948474,0.22215820144263032,True,0.965209204024005,0.9136023195691515,False,0.19638418862456897,0.30123560661379,0.011838448072602708,0.0,0.012415162210221016,0.0,0.7625509245437396,0.5620585066102319,1.5253817892375237,0,0.8292062547634709,0.5285465152785722,0.4631357515713433,1.4846252110876914,0,,0,1
S0_null,1501734,1.298642808340609,0.8253511151945686,2.0433402373936502,0.2584887365573061,0.4604980340760165,0.519868411222462,0.38144776045508044,40,0.6146225343327252,0.7346204293416798,False,0.4659993378265239,0.456061843446781,True,0.5177862052646545,0.4959354255441204,0.04856826202062922,0.04999999999999993,0.040102433856149304,0.05,0.2584887365573061,0.8253511151945686,2.0433402373936502,0,1.4094734919877134,0.1570858787754087,0.8761622326242324,2.26740602441381,0,,0,1
S0_null,1501735,1.2753693087111682,0.8492041963807553,1.9154013611033829,0.24110716305303548,1.0103780189009446,0.564514824481609,0.08167057222610379,40,0.09060246700291107,0.08987664706086078,True,0.9037815605972133,0.7344275968956999,False,0.8785216701784798,0.9457989272644156,0.16382873734746345,0.125,0.06754405692028337,0.125,0.24110716305303548,0.8492041963807553,1.9154013611033829,0,1.278411002562289,0.26896756367121555,0.8270703295564603,1.976052861609453,0,,0,1
S0_null,1501736,1.8924125782243766,1.1034776947730651,3.2453989629199773,0.020462250295527867,-1.1725407680168347,0.48689368500101476,0.02112975565764043,40,0.6675228235494093,0.6942638616454861,False,0.8402782707279407,0.7548730364640571,True,0.4677712067485046,0.6245513333391619,0.5841409993630725,0.27499999999999997,0.5831814529041373,0.275,0.020462250295527867,1.1034776947730651,3.2453989629199773,0,2.026112415844283,0.012172714445671843,1.1666064022496805,3.518865929178884,0,,0,1
S0_null,1501737,0.9599611347288536,0.600568081180499,1.5344228390868253,0.8644130153967617,0.35843439911797315,0.4360424164804096,0.41633298461877644,40,0.5455995223759657,0.9135088195025138,False,0.32229783806668066,0.22755707182607254,True,0.498738821650313,0.7035147573534315,0.0883642895551598,-0.07499999999999996,0.10851156076691325,-0.075,0.8644130153967617,0.600568081180499,1.5344228390868253,0,0.9182528240104517,0.7381267069538132,0.5569766164154345,1.5138665142348764,0,,0,1
S0_null,1501738,1.4293954386234695,0.9276546529395108,2.2025128785623727,0.10533290432325208,0.4095341278439886,0.47563039048633926,0.3947647614245878,40,0.018445384527682164,0.0310955327764672,False,0.2955255265233405,0.6148602319593854,True,0.887170515347872,0.8811595066210971,0.17561591501591392,0.14999999999999997,0.1982587753374821,0.15,0.10533290432325208,0.9276546529395108,2.2025128785623727,0,1.4423605553342684,0.12142794948269049,0.907342501151198,2.2928540974820977,0,,0,1
S0_null,1501739,0.7543289570306738,0.4832360584373442,1.1775035523115078,0.21467209922935804,-0.6585689697565751,0.6201851941533616,0.29516747536482363,40,0.1973240454202555,0.222398043668253,True,0.8720409691192086,0.8921874510943736,True,0.5997239089450431,0.42272126898182405,0.01160158678415797,-0.025000000000000022,0.007884793234706604,-0.025,0.21467209922935804,0.4832360584373442,1.1775035523115078,0,0.8249642847574924,0.42978428650708134,0.5116796943243563,1.33006269092638,0,,0,1
S0_null,1501740,0.4864936444883294,0.310035368618417,0.7633840847972135,0.0017213940977699451,-0.1995959474128567,0.4865458791814948,0.6840027070050481,40,0.1840475115175505,0.1877118943916034,False,0.6948107538415065,0.7654255375550439,True,0.25297781697013844,0.28956124931233274,0.07029098252414996,-0.07499999999999996,0.03460576199081596,-0.075,0.0017213940977699451,0.310035368618417,0.7633840847972135,0,0.45902351420849236,0.0015714722615277816,0.2832482115352478,0.7438796716642068,0,,0,1
S0_null,1501741,1.052146016367978,0.6439255995059927,1.719160164789664,0.8392068422633641,0.5999999999999983,0.48796252391407374,0.22660781410185046,40,0.2766564747576379,0.31576012752811866,False,0.7779801404930251,0.9458910427967779,True,0.9514921825595395,0.9235872646343921,0.0776758692101819,-0.07499999999999996,0.09226046032336352,-0.075,0.8392068422633641,0.6439255995059927,1.719160164789664,0,1.071390942556657,0.8014828508092101,0.6258844050389187,1.8340104699062831,0,,0,1
S0_null,1501742,1.2288094631502255,0.7516071324196754,2.008991974126745,0.4113576502368088,0.01902970297029727,0.4521631844073479,0.9666565023428872,40,0.006777938573265023,0.0039019329846663496,True,0.05667704982513339,0.10057233050013803,False,0.01466338215594003,0.08934595822923933,0.08511868977957945,-0.09999999999999998,0.04835169739931688,-0.1,0.4113576502368088,0.7516071324196754,2.008991974126745,0,1.3954325728995214,0.2241498629635108,0.8154216781203126,2.3880062521733336,0,,0,1
S0_null,1501743,0.9815367422324252,0.6317155124230286,1.5250763316812321,0.9339433929770072,-0.7278878685355248,0.42245535074818535,0.09323905991256777,40,0.6950584569564157,0.60604959260389,False,0.5376536503626794,0.6255650408179889,False,0.8806094489477411,0.8275004883197774,0.10912562448159321,0.125,0.10220287084734073,0.125,0.9339433929770072,0.6317155124230286,1.5250763316812321,0,0.9569446825702492,0.8596124489275154,0.587602416139924,1.5584400273830936,0,,0,1
S0_null,1501744,1.0031438381944329,0.6510239525271171,1.5457151095612616,0.9886467893648628,0.5467896417169207,0.37911117819249407,0.15763166557229188,40,0.43288793401334236,0.36366888404339237,False,0.4219329866741385,0.5417081515605092,True,0.5312474221438904,0.3899134085541225,0.022063051028672214,0.025000000000000022,0.029131773706320103,0.025,0.9886467893648628,0.6510239525271171,1.5457151095612616,0,1.010862948173752,0.9628576953560494,0.6415076109608182,1.592878841234733,0,,0,1
S0_null,1501745,0.9116459381536722,0.5463780532836088,1.5211048678792565,0.7232265311866729,0.4274326385358408,0.5134745961675139,0.4105061389362073,40,0.5327063152895324,0.6157460953069425,False,0.6578790632425155,0.6541912871114327,True,0.35339950347150406,0.40750196373797454,0.09255887019881612,0.07499999999999996,0.06483499538239326,0.075,0.7232265311866729,0.5463780532836088,1.5211048678792565,0,0.8997214753411106,0.692858311691224,0.5325781994616197,1.5199622027493849,0,,0,1
S0_null,1501746,1.0958968474107003,0.7115626264778,1.6878203765556836,0.6777080555864536,0.15973295853830005,0.45494509282234197,0.7275018937902495,40,0.7942480763482842,0.714222566081345,False,0.28708522654138235,0.3492287265542515,True,0.540081336411864,0.4287401222734527,0.08914418290324748,-0.07500000000000007,0.04481321300021269,-0.075,0.6777080555864536,0.7115626264778,1.6878203765556836,0,1.1680948851629518,0.5186295875526414,0.7287490430505031,1.8723121131416591,0,,0,1
S0_null,1501747,0.9996306392387606,0.6404034803228457,1.560362249126343,0.9987025862509632,0.533035193466848,0.5784351505235658,0.3627528793586732,40,0.8616259560277182,0.9350083961077172,False,0.022819097545330708,0.054321953160999935,True,0.8154565826192279,0.6936190627960972,0.0436177928291714,0.025000000000000022,0.029131773706320103,0.025,0.9987025862509632,0.6404034803228457,1.560362249126343,0,1.0990977818199599,0.7239326262834299,0.6422831783255227,1.8808151525172092,1,0.0,0,1
S0_null,1501748,1.0542021054952537,0.6642755495110642,1.6730136764007386,0.8227532659984826,-1.3799314285714286,0.6590667461909255,0.04319083572561147,40,0.2193504784858621,0.11905629517925578,True,0.8562394956288327,0.8813267541622616,True,0.5618996800711304,0.7540731749679469,0.09213418660298771,0.09999999999999998,0.08733606889123377,0.1,0.8227532659984826,0.6642755495110642,1.6730136764007386,0,1.1096725680207513,0.682417695989278,0.6740701932225297,1.826772969044869,0,,0,1
S0_null,1501749,0.7401848157871456,0.4517729079593144,1.2127189388062878,0.23234829934552892,-0.522435972400888,0.5638631226180456,0.3601752087576217,40,0.8405018047824958,0.7139773979197721,False,0.5273837423180352,0.6247645651954272,False,0.4524810028218711,0.3534481089965451,0.06697203363819389,-0.07500000000000007,0.04481321300021269,-0.075,0.23234829934552892,0.4517729079593144,1.2127189388062878,0,0.7201325781820629,0.2118561146503889,0.4300973024113183,1.2057525756420502,0,,0,1
S0_null,1501750,1.147515630714946,0.7568220731139355,1.7398965615751598,0.5170238804153308,-0.27078196548080247,0.5605203916288188,0.6318779976640506,40,0.5380088432612438,0.49726197644346737,True,0.575319768979316,0.5236792526598775,True,0.276242409444738,0.19406143768172057,0.1434921368503047,0.12500000000000006,0.1308595450857383,0.125,0.5170238804153308,0.7568220731139355,1.7398965615751598,0,1.3284120132663377,0.20902187396267513,0.8529313784455659,2.0689571536298526,0,,0,1
S0_null,1501751,1.0704480366912408,0.6896763089106696,1.661444629098532,0.7614961325828029,0.32005286617601336,0.44316629069400615,0.4747140430443901,40,0.17653414996611005,0.19282816559004234,True,0.5749194705660279,0.6741629528362253,False,0.4057194112557454,0.42272126898182405,0.41203114038299227,-0.22499999999999998,0.41261191108917944,-0.225,0.7614961325828029,0.6896763089106696,1.661444629098532,0,1.1563605423928283,0.578871410928362,0.684052682082814,1.9547759098489335,1,0.0,0,1
S0_null,1501752,0.9474308382237092,0.6107649442438194,1.4696737291113178,0.8094993078766701,-0.62308541465434,0.5381740794142429,0.2543744593769707,40,0.49215600133093873,0.6350065051618763,False,0.575319768979316,0.6351022302147853,False,0.39591052044483566,0.6830059818746602,0.07782541111146853,-0.07499999999999996,0.0743759621482963,-0.075,0.8094993078766701,0.6107649442438194,1.4696737291113178,0,1.0539407626092636,0.8262648717882664,0.6592956043055171,1.6848150114082305,0,,0,1
S0_null,1501753,0.8258033483865029,0.5179280759456122,1.3166908724947588,0.4213325121768894,-0.2800613496932506,0.6449138711115265,0.6666204730511383,40,0.5500138296574033,0.5414983725162262,True,0.8879113907026548,0.9028622750262782,False,0.05366539182616074,0.14183374342781466,0.06550554960362905,0.04999999999999993,0.04010243385614931,0.05,0.4213325121768894,0.5179280759456122,1.3166908724947588,0,0.8555744787685114,0.5186831457427786,0.5327574472108064,1.3739980408577235,0,,0,1
S0_null,1501754,0.9340715833878632,0.5880103600118556,1.4837999161700461,0.7727100223918876,-0.26026714326027856,0.5233648225127643,0.621922901425817,40,0.11180019338930898,0.13917113175196758,False,0.04405550568872251,0.12060762688309234,True,0.3403557423852016,0.22689898712792433,0.016162095522858088,0.0,0.021043143355250853,0.0,0.7727100223918876,0.5880103600118556,1.4837999161700461,0,0.9085007614517011,0.6890563065926835,0.5677961328370783,1.4536443378615806,0,,0,1
S0_null,1501755,0.9604216700499534,0.6043096437217315,1.5263860073798305,0.8643475321087043,-0.1522462030375722,0.5169506303755448,0.770015663026424,40,0.27013332303179616,0.3352777806826729,True,0.45860421440877475,0.5417653144144905,False,0.22103912586324959,0.21554155497890626,0.029666785866090346,0.0,0.012415162210221016,0.0,0.8643475321087043,0.6043096437217315,1.5263860073798305,0,0.9474662016245845,0.8311778275361911,0.576903766978417,1.5560519008614864,0,,0,1
S0_null,1501756,0.7001732215765617,0.4236135364556329,1.157287239484252,0.16446756100274396,-0.06941861906532631,0.4946117135348453,0.8891449585660318,40,0.000735604777300616,0.0020038741275230578,True,0.411179352143593,0.7138869137529746,True,1.0,0.7439832082328026,0.22559157694791498,-0.15000000000000002,0.1982587753374821,-0.15,0.16446756100274396,0.4236135364556329,1.157287239484252,0,0.7013519735791619,0.18735088742925388,0.4139146085848798,1.1883963035880976,0,,0,1
S0_null,1501757,0.5616126546153344,0.33734078197116907,0.9349856011510621,0.02652393196334547,-0.16962025316455692,0.49993570869851195,0.7363139645592465,40,0.38002340228871967,0.17473057778409162,False,0.16711007330131677,0.08992212975346342,True,0.5843294953075849,0.8919240296846886,0.024836474664744528,0.0,0.005544304085089134,0.0,0.02652393196334547,0.33734078197116907,0.9349856011510621,0,0.5235044882099169,0.03538574182671276,0.28646568604077366,0.9566833395079629,0,,0,1
S0_null,1501758,0.7022208780941452,0.4513102476383306,1.092627885610261,0.11706085650750632,-0.48024485253200033,0.3870237897621563,0.22246548079616502,40,0.06624662094690163,0.11839528198845033,False,0.21771664041165129,0.1543272366398563,False,0.09789795780788775,0.13465698184780084,0.10535329322236003,-0.10000000000000009,0.08733606889123373,-0.1,0.11706085650750632,0.4513102476383306,1.092627885610261,0,0.5732308322123388,0.02682780742902168,0.3502594774162142,0.9381433142732124,0,,0,1
S0_null,1501759,1.0077472271385375,0.595420707777274,1.7056082540301816,0.9770679299804629,0.384287661895025,0.5148865866421218,0.4601698033402336,40,0.910778536404677,0.7654362751716077,True,0.4856139331850541,0.3636462695024114,False,0.025231281410407813,0.08946726765707373,0.026723988432030842,0.0,0.03557148962562426,0.0,0.9770679299804629,0.595420707777274,1.7056082540301816,0,0.9960425711095648,0.9884529668816565,0.5821844367874409,1.704100523430472,0,,0,1
S0_null,1501760,1.1057528273863295,0.7117683408519901,1.717819190734582,0.654692207527556,-0.1312658227848108,0.4983581573866071,0.7937063112781911,40,0.6162404523629204,0.82814288791692,True,0.11228128354567518,0.1877118943916034,False,0.034369794787013505,0.03809954023357131,0.0213720303601196,0.0,0.01656628160682895,0.0,0.654692207527556,0.7117683408519901,1.717819190734582,0,1.262968864651607,0.32244239484825643,0.7953312713938763,2.00556725285535,0,,0,1
S0_null,1501761,1.0485421370646,0.7062356094097345,1.5567617924546469,0.814149612652192,0.4500000000000016,0.5023940873334186,0.37619763833239767,40,0.6289886994162087,0.5968972220191695,False,0.8662968804411502,0.8598638447294042,True,0.9105998076590981,0.6346388616793259,0.10363751763640244,0.09999999999999998,0.13806267595474211,0.1,0.814149612652192,0.7062356094097345,1.5567617924546469,0,1.0744678053928032,0.7436907443291683,0.6985699533137202,1.6526348712097585,0,,0,1
S0_null,1501762,1.0295965015820967,0.6745024587486559,1.571630973794734,0.8924840240511427,1.113521055301879,0.38014613219109566,0.005789203814582854,40,0.9106931913020473,0.8706051241424381,True,0.7087357586902165,1.0,True,0.030758427699429054,0.028532004754302582,0.33831018659163,0.20000000000000007,0.34382774874259053,0.2,0.8924840240511427,0.6745024587486559,1.571630973794734,0,1.0743114422946463,0.7471446107298875,0.6948395396891197,1.661023889863238,0,,0,1
S0_null,1501763,1.2369905949139701,0.7999019123614444,1.9129167067351691,0.3389770978144715,-0.04576722003118466,0.5804947102956514,0.937583359140105,40,0.6630845109904588,0.755130478381353,True,0.8562106793029811,0.6940859199743956,True,0.985072138112462,0.7858812206827832,0.04856826202062924,-0.04999999999999999,0.047919065615694055,-0.05,0.3389770978144715,0.7999019123614444,1.9129167067351691,0,1.180970478084557,0.48746282924898865,0.7384609645113611,1.8886458961715504,0,,0,1
S0_null,1501764,0.6044700746034951,0.38010252590240684,0.9612776716589593,0.03343567314928098,-0.8852188743604327,0.5213672014522099,0.09792713790835579,40,0.5879265652847221,0.6451107643566376,True,0.9518078119308852,0.9675431878628509,False,0.8512700591809678,0.7133552064810924,0.022027333709655803,0.0,0.02575178272878667,0.0,0.03343567314928098,0.38010252590240684,0.9612776716589593,0,0.5937957958678098,0.03429874955171518,0.36645457186205777,0.9621750532369132,0,,0,1
S0_null,1501765,0.9223273816823796,0.5517944767125825,1.5416750890099582,0.757718290185793,0.3570229007633581,0.4250340194229933,0.40631108792252624,40,0.8720409691192086,0.9783137634764321,True,0.8665395546198502,0.6544201718294849,False,0.030004901961154264,0.03774330057176327,0.1724306212533535,0.1499999999999999,0.17244622317316977,0.15,0.757718290185793,0.5517944767125825,1.5416750890099582,0,0.9685008571358025,0.9091299356006582,0.5589938001430451,1.6780041389238196,0,,0,1
S0_null,1501766,1.0867008008494166,0.6866010507165451,1.719948766950389,0.7226447689024917,0.18630136986301604,0.5903206084307075,0.75408433090546,40,0.32187559137264254,0.30256223275551064,False,0.2511340120662142,0.24323596141419923,True,0.30304037881002577,0.5769581604752163,0.05004697972219608,0.050000000000000044,0.024706122142071883,0.05,0.7226447689024917,0.6866010507165451,1.719948766950389,0,1.115958519329487,0.6596761938252989,0.6848180243099059,1.8185318911823602,0,,0,1
S0_null,1501767,1.2309440100529787,0.7546222369978146,2.007922748093754,0.40525868330542625,-0.38265117793942083,0.576072648816679,0.5106545124585681,40,0.3835246500681223,0.3927911433944393,True,0.26561165647836693,0.1544633345049557,True,0.5575481352739621,0.9024171523354548,0.11758390007036106,-0.09999999999999998,0.10968809608557809,-0.1,0.40525868330542625,0.7546222369978146,2.007922748093754,0,1.2418873750167059,0.40181367152197356,0.7484083192544468,2.0607524162241875,0,,0,1
S0_null,1501768,1.531868497013806,0.9443482339533102,2.4849107646653965,0.08399410622860354,-0.7732406602953953,0.5167669318994186,0.1430564602157543,40,0.004792398507224137,0.002025675477135583,False,0.27842000356585195,0.3092877123908462,True,0.2745468424992574,0.19525573778365424,0.04582253114559106,0.050000000000000044,0.03231112320566666,0.05,0.08399410622860354,0.9443482339533102,2.4849107646653965,0,1.4932050318522847,0.11572246812062195,0.9060742294218513,2.460793161032388,0,,0,1
S0_null,1501769,1.6798869337466478,1.04302267747633,2.7056172134251186,0.032909269543293235,1.3915650071436425,0.4631170725269015,0.004749571851695697,40,0.4778953158937075,0.35673360731251236,False,0.7088084595496063,0.9459725302041438,False,0.7004137241489563,0.8804720081810828,0.0161217793852114,0.050000000000000044,0.024706122142071883,0.05,0.032909269543293235,1.04302267747633,2.7056172134251186,0,1.633884043997354,0.04696846662763812,1.0066006052175247,2.652071790332628,0,,0,1
S0_null,1501770,1.1706512167807768,0.7131618586704762,1.9216174486744837,0.5332194251586777,-0.7637345822127422,0.6531451760316304,0.24975346751263883,40,0.27837803778330095,0.20719195197622708,False,0.359625453587504,0.2024130420365846,False,0.5061758988808247,0.6239094560624141,0.09942248238625276,-0.09999999999999998,0.07502426537113577,-0.1,0.5332194251586777,0.7131618586704762,1.9216174486744837,0,1.1936409022770729,0.5131211226036044,0.702242064710138,2.0288995421784164,0,,0,1
S0_null,1501771,0.9874262097100244,0.5709818827773722,1.707603251577187,0.9638862225380198,-0.1415311459819305,0.5528118477986733,0.7993531191396082,40,0.35978865454660247,0.3564843237951224,False,0.46638844581066563,0.6840546565420003,True,0.7619491930592418,0.6438287699601767,0.03163350123421398,-0.025000000000000022,0.0414069212922549,-0.025,0.9638862225380198,0.5709818827773722,1.707603251577187,0,0.9783947571285765,0.9398404998529971,0.554837497101305,1.7252912893915413,0,,0,1
S0_null,1501772,1.0771318827648648,0.6787157747973996,1.709424085825782,0.7525237602013743,0.4331593338304742,0.5394997962278656,0.42716555736615636,40,0.985098196310672,0.9783812258413714,True,0.6723162484711958,0.9783250510696717,False,0.08128587141180246,0.1618731685802013,0.03211475659171005,0.025000000000000022,0.017563739731861296,0.025,0.7525237602013743,0.6787157747973996,1.709424085825782,0,1.258355512828012,0.3806459470812239,0.7528061406513541,2.1034081832735656,0,,0,1
S0_null,1501773,0.8455689991518678,0.5348979700258589,1.3366790909528525,0.47278594553779285,-0.6608487486398259,0.43597635903995885,0.13806999240398057,40,0.6872836641933635,1.0,True,0.4777801254843814,0.27193176292172694,True,0.7468557883778122,0.7542428118315503,0.04856826202062922,0.04999999999999993,0.047919065615694055,0.05,0.47278594553779285,0.5348979700258589,1.3366790909528525,0,0.8299666290938588,0.46958152745623183,0.5008325443378634,1.3753990494370227,0,,0,1
S0_null,1501774,1.187269676053803,0.747668170214432,1.8853407699201974,0.46691166691428565,0.2662625139043384,0.53258166460703,0.6200729771080787,40,0.42201391566394053,0.32238988315289663,False,0.6473147843885203,0.5962729732410792,False,0.9035866311704349,0.8808285131475124,0.12527603824975136,-0.10000000000000009,0.1683352519772303,-0.1,0.46691166691428565,0.747668170214432,1.8853407699201974,0,1.257986163969663,0.3568868350630634,0.772021778360582,2.0498504486488316,0,,0,1
S0_null,1501775,0.9242332166215889,0.5840159167939534,1.4626434214258952,0.7365570436765241,-0.2576727592610668,0.48770221515153744,0.6004180550334647,40,0.6229708373743953,0.7140548875441858,True,0.1001913312333766,0.06509508102629977,False,0.39406526886363114,0.38998131030499883,0.14577672915574044,-0.125,0.10220287084734073,-0.125,0.7365570436765241,0.5840159167939534,1.4626434214258952,0,0.8838333918795611,0.6251065236492992,0.5385831312641435,1.450400911680644,0,,0,1
S0_null,1501776,0.8121529883886764,0.49747240738272425,1.3258875603148945,0.40540978391512306,-0.1962734118555689,0.5365097699642927,0.7165724739475186,40,0.8812207973057495,1.0,False,0.47762642115661513,0.9674401803843627,True,0.0869222276694874,0.20553799582642507,0.09224314084399211,-0.09999999999999998,0.09888517876815865,-0.1,0.40540978391512306,0.49747240738272425,1.3258875603148945,0,0.8662508085017181,0.5859480089906685,0.5167462626869749,1.452144925689454,0,,0,1
S0_null,1501777,0.884576909637552,0.5475570831603388,1.4290314802389155,0.6162532040685154,0.3072831131738658,0.4156478698960574,0.4643973252566734,40,0.3307944536956301,0.2547959445055642,True,0.1847621013054982,0.08225688861962917,False,0.21109902860205865,0.18597504210265625,0.12332611324857634,-0.09999999999999998,0.10968809608557809,-0.1,0.6162532040685154,0.5475570831603388,1.4290314802389155,0,0.7842134836297874,0.3770427184223183,0.4573080972889906,1.344806251086629,0,,0,1
S0_null,1501778,0.8713142366539407,0.550125027454026,1.3800290136032485,0.557124858070494,0.0662652257532742,0.5168680729134435,0.8986808277790364,40,0.01956855354503762,0.012903502753867872,True,0.14712934681229942,0.2066987989459207,False,0.6869100618316482,0.8383548592476702,0.417784956677671,0.22499999999999998,0.4290842673562604,0.225,0.557124858070494,0.550125027454026,1.3800290136032485,0,0.9753898995333379,0.9212450754491485,0.5951712954791807,1.5985069564648298,0,,0,1
S0_null,1501779,1.2349521952543063,0.7274186813049531,2.0966012610886815,0.4345316376419207,-0.4842427616926521,0.5576212132051824,0.3907690556116416,40,0.2950663787632186,0.29608551371621017,False,0.7943610407723114,0.634798842793298,True,0.5983730862121621,0.5759783474290314,0.24472013244887883,0.17500000000000004,0.2633115521089342,0.175,0.4345316376419207,0.7274186813049531,2.0966012610886815,0,1.3168266665699457,0.3340325492033642,0.7533851926068624,2.3016545676848494,0,,0,1
S0_null,1501780,0.7621069123211506,,,,0.4730817610062914,0.5041897309756627,0.35417477267985975,40,0.5626168042179465,0.7862557829519461,False,0.8959777528329079,0.9783730821033466,False,0.21368120140737457,0.3919409433906349,0.07370922958690428,-0.04999999999999999,0.09783463763934606,-0.05,0.2999795609461907,0.45167991661242707,1.2858817150067154,1,0.7745663551389996,0.33797347799036775,0.4547187404191549,1.3193936936935668,1,0.0,0,1
S0_null,1501781,0.7430345594081675,0.47017014493809245,1.1742565163247125,0.20336839330461576,0.0032708477975758043,0.5072361809940682,0.9948896220965373,40,0.19069249078230455,0.243591734726594,True,0.26979842828706735,0.40010215183388775,False,0.1651076390961177,0.17704351108688365,0.9859414227017024,0.475,0.9768006932046494,0.475,0.20336839330461576,0.47017014493809245,1.1742565163247125,0,0.6945498363305457,0.14726795398854509,0.4242513202154249,1.137060634017206,0,,0,1
S0_null,1501782,0.8642418372186947,0.548129302823922,1.3626601412314556,0.5299902473417406,0.16331764705882268,0.5340741880024444,0.761474085232261,40,0.600736534936783,0.8175769069787158,False,0.6868026106366703,0.7858120074047363,True,0.9516359683750888,0.7037018959017574,0.16383942060850312,-0.125,0.1308595450857383,-0.125,0.5299902473417406,0.548129302823922,1.3626601412314556,0,0.8478318878352726,0.5185948395966913,0.5136146462171759,1.399529618799808,0,,0,1
S0_null,1501783,1.2363985919013278,0.795717133597233,1.9211368129586577,0.3453139997146193,-0.08424124513618514,0.4576958406599562,0.8549752880903223,40,0.8369781578622703,0.8813823466274384,True,0.00422254364518814,0.014122140682814355,False,0.2651296265188384,0.21084376823996964,0.07029098252414996,-0.07499999999999996,0.06483499538239326,-0.075,0.3453139997146193,0.795717133597233,1.9211368129586577,0,1.3949895052410117,0.16332582797714346,0.8735750613875118,2.2276227948193825,0,,0,1
S0_null,1501784,0.8961806558585431,0.5734513811841297,1.4005368097233128,0.6303787711419648,0.40341246290801447,0.4902405870646333,0.41584461319120675,40,0.7650792407982665,0.8494477554032219,False,0.8616747001438427,0.9783547249918327,True,0.9544870326408406,0.8920002147127,0.012647335100570445,0.0,0.012415162210221016,0.0,0.6303787711419648,0.5734513811841297,1.4005368097233128,0,0.9036995991812661,0.6692512388627442,0.5678769759180878,1.4381160008117326,0,,0,1
S0_null,1501785,0.8326089065590242,0.49072274573492436,1.4126868935801944,0.49705240199003053,-0.15362601138747523,0.5082218792370088,0.7641303440245042,40,0.7170807365200277,0.8600209842489552,False,0.8518224937940174,0.9891778984621407,False,0.569683114505356,0.7649083920542407,0.03093938075167545,-0.025000000000000022,0.029131773706320103,-0.025,0.49705240199003053,0.49072274573492436,1.4126868935801944,0,0.8172361832998822,0.45970764015060606,0.4786086021205859,1.3954512650532906,0,,0,1
S0_null,1501786,1.0443174395773056,0.662328481210666,1.6466133429922878,0.8519376556025294,-0.21549328392774436,0.5486119511228278,0.6967231779601873,40,0.9702041874708385,0.6743510798322597,True,0.197651473289566,0.43184432533283457,False,0.26529091054432474,0.21977139905070664,0.12058692414164451,0.125,0.06754405692028337,0.125,0.8519376556025294,0.662328481210666,1.6466133429922878,0,1.0361579895774133,0.8818464229889018,0.6486407186187849,1.65518961198008,0,,0,1
S0_null,1501787,0.9875853515045286,0.6395345855092087,1.525054076207235,0.955064387185319,-0.9104266231495531,0.48560871827733626,0.06872860518353788,40,0.05197614913254352,0.16614575228432715,False,0.37927412274441086,0.6344305723319545,False,0.9104200005098012,0.9783034867105259,0.001274097739045886,0.0,0.0004018182923931481,0.0,0.955064387185319,0.6395345855092087,1.525054076207235,0,0.9789922558134708,0.9260470825927873,0.6252806025549497,1.5327931700208497,0,,0,1
S0_null,1501788,1.2589064806405144,0.7781268162779373,2.036744517531958,0.34825674978751164,0.4471001660210274,0.5775539837539658,0.4437742897343056,40,0.4326069926831083,0.6349426466917121,True,0.07196299353125374,0.04601968212055815,False,0.5860328058669461,1.0,0.16485237742411404,0.12499999999999994,0.11722504994521371,0.125,0.34825674978751164,0.7781268162779373,2.036744517531958,0,1.3822659592737778,0.2270141128639892,0.8175227677668049,2.337132686085711,0,,0,1
S0_null,1501789,1.1734527533042514,0.7917202115543029,1.7392398781054517,0.42562888984599645,-0.12051108566670055,0.483987720256682,0.8047407876055959,40,0.6725351197252938,0.674133981315227,True,0.694430661806454,0.7142354522256755,True,0.9193906604616732,0.9241996107237688,0.0440759226482503,-0.025000000000000022,0.02319930679535069,-0.025,0.42562888984599645,0.7917202115543029,1.7392398781054517,0,1.4200693179317696,0.1309634461589227,0.9008539918436654,2.2385390817929154,0,,0,1
S0_null,1501790,0.9013517035371926,0.5887807905086295,1.3798597144576705,0.6326350125236715,-0.497520849128124,0.7342275217875694,0.5022336686438755,40,0.42072176914087644,0.5151217471731647,True,0.44396207916215635,0.5970182690691272,True,0.8877190335799583,1.0,0.020333452232662894,0.0,0.005544304085089134,0.0,0.6326350125236715,0.5887807905086295,1.3798597144576705,0,0.928983952786176,0.7551163395409304,0.5847544992563447,1.4758521492895793,0,,0,1
S0_null,1501791,0.982362040005389,,,,0.18680625348967128,0.5299897488007512,0.7264846586828602,40,0.5373804531348669,0.44750634129618905,True,0.5858247551593088,0.9135698322086909,True,0.6304373130834647,0.8378611913829522,0.22430930388028014,-0.17500000000000004,0.2263787441837476,-0.175,0.9471362638271724,0.5728179621123997,1.6847152873571867,1,1.035024188862785,0.9012877907487754,0.5925536493937081,1.8078954920405572,1,0.0,0,1
S0_null,1501792,0.6583596512608313,0.44320150465019753,0.9779692213598855,0.0384244125436499,1.0133662268544184,0.5444563547384872,0.07066925288291052,40,0.3410214366810602,0.3215219464860526,False,0.36967690343055903,0.3704447501343432,False,0.9253477192974219,0.9025370635287057,0.24844373481225146,-0.17500000000000004,0.2096956861192004,-0.175,0.0384244125436499,0.44320150465019753,0.9779692213598855,0,0.6853230577106684,0.08620725050223654,0.44507471702748097,1.0552558378662085,0,,0,1
S0_null,1501793,0.9317013037060256,0.5800917099968241,1.496431175222725,0.769808171685303,0.48690734428261606,0.5667716037334165,0.39582313454225865,40,0.4775110549696667,0.6253368549828797,False,0.930542166320817,0.9675156102895593,True,0.5861089926309249,0.6729980379456486,0.09213418660298771,-0.09999999999999998,0.06198396713929165,-0.1,0.769808171685303,0.5800917099968241,1.496431175222725,0,0.9852835812883344,0.9597807398533792,0.5537484386243459,1.7531132692094686,0,,0,1
S0_null,1501794,0.8386189873562526,0.5121378172762916,1.373227639573071,0.48425988546725385,-0.045322793148881546,0.49485624289576885,0.9275196248237789,40,0.9702067840931907,0.924367308417141,True,0.7943045818197249,0.8068103800239061,False,0.8715106219229114,0.9674679503479966,0.0776758692101819,-0.07499999999999996,0.0743759621482963,-0.075,0.48425988546725385,0.5121378172762916,1.373227639573071,0,0.8003191828053593,0.4015498015722766,0.4755985988490361,1.3467465966390455,0,,0,1
S0_null,1501795,1.1872888687046264,0.7833010040471395,1.7996336663256438,0.4185150459356968,0.6484443061605454,0.5734291699763719,0.2654083706153117,40,0.3756896645060658,0.6938802165178499,True,0.8615120190702183,0.7244792388321047,False,0.809765579430021,0.8598047808312912,0.1032917330114737,0.09999999999999998,0.09888517876815865,0.1,0.4185150459356968,0.7833010040471395,1.7996336663256438,0,1.2613385885076676,0.30127308545075215,0.8121746416232738,1.9589075468776909,0,,0,1
S0_null,1501796,0.7212147263221799,0.46612446304773764,1.1159051341416213,0.1422328442007116,-0.32628330084470625,0.5119782372406605,0.5278540833358031,40,0.3240188069065282,0.3772653201709878,False,0.37985712246068626,0.4319310512711224,False,0.912279976628871,0.7224518146531063,0.2164869797278513,0.15000000000000002,0.2278018352655363,0.15,0.1422328442007116,0.46612446304773764,1.1159051341416213,0,0.7219873829322984,0.16636657283599088,0.4551779413621138,1.1451912180839616,0,,0,1
S0_null,1501797,0.810377462456494,0.5397364575174645,1.2167264643896636,0.3106021670848699,-0.9692331891466801,0.3708371562502321,0.012877906849217571,40,0.6722849453632003,0.6838005304091254,True,0.5132919253032897,0.40816601957901644,True,0.8958547538288782,0.9783209485299075,0.10550983377466815,-0.07500000000000007,0.10851156076691325,-0.075,0.3106021670848699,0.5397364575174645,1.2167264643896636,0,0.7215550362460882,0.1889863709061389,0.44340134379529467,1.1741995770144948,0,,0,1
S0_null,1501798,0.6887751988050244,0.437489114517611,1.0843956083615962,0.10738150388802592,-0.4622568279827503,0.505648009983872,0.3665379053665329,40,0.3976326975934873,0.6341576569816292,False,0.4588709069421688,0.5690194896198061,True,0.7357648502364471,0.6734654992133183,0.07649734824894489,-0.07500000000000007,0.03460576199081596,-0.075,0.10738150388802592,0.437489114517611,1.0843956083615962,0,0.7345967664819144,0.21790654348205707,0.44974752321813033,1.199856322641624,0,,0,1
S0_null,1501799,0.9326228891649064,0.5776247669428157,1.5057966748860083,0.7753575438799846,0.8686485361454146,0.6251037471574266,0.17295395218665097,40,0.9404654549563661,0.8812320673236691,False,0.6139897182662934,0.8706111831755451,False,0.2385780409448197,0.295560484609001,0.034664462605235924,0.050000000000000044,0.01108296880350949,0.05,0.7753575438799846,0.5776247669428157,1.5057966748860083,0,0.8974212279446455,0.6812266290700333,0.5354662172072047,1.504044203883044,0,,0,1
S0_null,1501800,0.9770657165613933,0.6434805193015497,1.4835840182323445,0.9132999774628355,0.3000000000000016,0.5162547607474315,0.564690731778077,40,0.9651967947463612,0.7238919757994522,True,0.837258632865405,0.8283898955796272,True,0.08866075126478185,0.08350202586593174,0.08045945422914634,0.07500000000000007,0.0743759621482963,0.075,0.9132999774628355,0.6434805193015497,1.4835840182323445,0,1.018926006490172,0.9319565862833064,0.6625662848943475,1.566952968135954,0,,0,1
S0_null,1501801,1.0979361472407578,0.6990816457102756,1.724353358173369,0.6849912725696676,0.3561850417770551,0.5249203158472767,0.5016448899454938,40,0.04639449764906707,0.02990454075119804,False,0.5192333689796822,0.7534367475141099,True,0.6016957942411765,0.566687524317959,0.01949591330184326,0.025000000000000022,0.017563739731861275,0.025,0.6849912725696676,0.6990816457102756,1.724353358173369,0,1.0330059019012952,0.9064345168952661,0.6010830000580301,1.775297576640643,0,,0,1
S0_null,1501802,1.402887766612752,0.8941596237454036,2.2010545247702837,0.1407107233336851,0.3789694041867943,0.45977603570294695,0.41508075588107773,40,0.12182987619255702,0.1580739353535121,True,0.5130345531939009,0.4638511251900672,True,0.45539726119497914,0.5958726317997867,0.018688368568581432,0.0,0.012415162210221016,0.0,0.1407107233336851,0.8941596237454036,2.2010545247702837,0,1.5160973635932153,0.11064288762227822,0.909263274058205,2.5279270388162196,0,,0,1
S0_null,1501803,0.797690960549944,0.5172767491114625,1.2301168951361094,0.3064027944583242,-0.39498161514367425,0.5102510379638139,0.4437943424254285,40,0.575253130729813,0.355916735380714,True,0.762558825395657,0.8920458484689149,False,0.06635119732892467,0.14238157025238507,0.1160973425605691,0.09999999999999998,0.10968809608557809,0.1,0.3064027944583242,0.5172767491114625,1.2301168951361094,0,0.8141048820614629,0.3723533132384841,0.5181283291843303,1.2791556100390746,0,,0,1
S0_null,1501804,0.994187295913054,0.6021062946244907,1.641584531135554,0.9818226572099478,0.35000000000000053,0.478913787532022,0.4694917055380251,40,0.9553270483038508,0.8387765768131483,False,0.5589116117482338,0.6836449292926445,False,0.13795392546822716,0.09502551437663471,0.032775197966393735,0.02499999999999991,0.0352330639291004,0.025,0.9818226572099478,0.6021062946244907,1.641584531135554,0,1.0973527059725416,0.7296414680592944,0.6479427286228532,1.8584712940056403,0,,0,1
S0_null,1501805,1.264629412033589,0.8199903185419849,1.9503736978554762,0.28817725833279073,0.6786036412226495,0.5069418171178905,0.18886121350871113,40,0.24829726377807693,0.16534428160253278,True,0.7367207399846993,0.9136590844074016,True,0.5242404732461359,0.6046470441367513,0.08926677600137717,0.07500000000000007,0.12322937104739672,0.075,0.28817725833279073,0.8199903185419849,1.9503736978554762,0,1.3874013939175924,0.17716691449121313,0.8623380270364835,2.2321671635652467,0,,0,1
S0_null,1501806,1.2274217027295917,0.7659173519661182,1.9670060124166708,0.39441761403779585,-0.2758841073711136,0.4957118137929964,0.5811916165650995,40,0.5458031820307039,0.4395457570227036,True,0.27598329301112856,0.38478381582836185,True,0.7431550581035677,0.7435952600524989,0.4199583123960601,0.22499999999999998,0.4204709077529054,0.225,0.39441761403779585,0.7659173519661182,1.9670060124166708,0,1.1722460437872977,0.5358414657103316,0.7087972879749624,1.938721846835723,0,,0,1
S0_null,1501807,0.8964291320899189,0.5801061793395426,1.3852381123993132,0.622439463384232,0.08888304032003336,0.4694023577640727,0.8508505909039773,40,0.40664469676488857,0.5773734402516117,False,0.5063914994733786,0.5779851084440545,False,0.4680702836453886,0.3555071791093948,0.0944476140379316,-0.10000000000000009,0.09888517876815865,-0.1,0.622439463384232,0.5801061793395426,1.3852381123993132,0,0.9861007079792329,0.9541863184350756,0.611703894121965,1.5896492005709917,0,,0,1
S0_null,1501808,0.954604267209313,,,,0.6588990825688068,0.45712642863380154,0.15788414254615757,40,0.7320459116328961,0.5331111014303388,False,0.29488582020630394,0.2899940622109196,False,0.06260755410707947,0.2161295084125815,0.7325273763831657,0.32500000000000007,0.7189757381493408,0.325,0.8708742966811132,0.5375257633705884,1.6953034981245534,1,0.9786097201122773,0.9440290454476948,0.5269904115165566,1.817256943142963,1,0.0,0,1
S0_null,1501809,1.0862720350147077,0.6747459569916978,1.7487869646761192,0.7333943300635359,0.3626240494909122,0.5094397417282462,0.48104700831417707,40,0.19740224803117634,0.32853823066343857,False,0.4588709069421688,0.531989075815575,False,0.23763853972888527,0.13129502400672924,0.06377831061985896,0.04999999999999993,0.07778202948547527,0.05,0.7333943300635359,0.6747459569916978,1.7487869646761192,0,1.1911654870056323,0.54495265855047,0.6760684058037142,2.0987154631883707,0,,0,1
S0_null,1501810,1.3152525477783108,,,,-0.05000000000000113,0.4844318392260994,0.9183507815847926,40,0.6948866023724733,0.6447837649822641,False,0.1647293943917989,0.1666058561286612,True,0.965134548562552,1.0,0.037469480964170215,-0.025000000000000022,0.0414069212922549,-0.025,0.3392648203346674,0.7416511057350637,2.3324839012042107,1,1.3304216014027828,0.33122104961392873,0.7397721428775411,2.392657867048323,1,0.0,0,1
S0_null,1501811,0.7192153369850207,0.4588646888618152,1.1272837363832335,0.15059304693501946,-0.5139005773559068,0.4299962503070573,0.23964140117241195,40,0.27846196266161904,0.5231099208829039,False,0.22230454103767516,0.31525788359780327,True,0.14425551615754376,0.13857365796505416,0.12481442376355673,-0.125,0.14326057979794618,-0.125,0.15059304693501946,0.4588646888618152,1.1272837363832335,0,0.6460319779114435,0.08024424119861943,0.3959622785997984,1.054033020418083,0,,0,1
S0_null,1501812,0.7006276259555803,0.4286748664801464,1.145108119547025,0.1557861062036694,-0.0532056815506563,0.5084022605617485,0.9172166408967616,40,0.5538672512106786,0.6635098004477351,True,0.9197827076676072,0.9349345589877832,True,0.505137108300979,0.4699603543140449,0.2422281152887698,-0.17500000000000004,0.25269124788734765,-0.175,0.1557861062036694,0.4286748664801464,1.145108119547025,0,0.6807955133283956,0.19167048687220944,0.3822538892686519,1.2124991896219361,0,,0,1
S0_null,1501813,0.6719508663490358,0.4316826012648463,1.0459489575541268,0.07824224313489922,-1.0610495195861076,0.5075410099528587,0.04349359632147785,40,0.896002300379813,0.956768153781789,True,0.06393381937934219,0.21697682510083616,False,0.5998353497695114,0.6428660476671564,0.045994580760046144,0.025000000000000022,0.007884793234706604,0.025,0.07824224313489922,0.4316826012648463,1.0459489575541268,0,0.6798612432607942,0.12117139600906297,0.4173495058267859,1.1074921705548777,0,,0,1
S0_null,1501814,0.8173183954774367,0.5045661322590071,1.3239282561337367,0.4123741258905088,-0.129141214516713,0.5702291851109421,0.8220805031309242,40,0.9851020932825134,0.6158959204895247,False,0.8615283130104859,0.9891569073193076,False,0.7931864934871544,0.8383472984756553,0.02963344331928748,-0.02499999999999991,0.0414069212922549,-0.025,0.4123741258905088,0.5045661322590071,1.3239282561337367,0,0.8442652680355528,0.49669105784681566,0.5181759555308318,1.3755633297977927,0,,0,1
S0_null,1501815,1.0482957517314964,,,,0.43721785758822795,0.5033736276535625,0.3906787784167214,40,0.7020372260387823,0.4316490496045037,False,0.015681573512103038,0.009598329382735424,True,0.8613814601541872,0.8070429740525933,0.10323405915988365,-0.09999999999999998,0.09888517876815865,-0.1,0.8692121505232161,0.5895356610183253,1.8640500579729034,1,1.034232054238555,0.9123200486540164,0.5595416071767699,1.9116289625207137,1,0.0,0,1
S0_null,1501816,0.8106884613681136,0.4964887066019803,1.3237275544361355,0.4015157978185264,0.12313821636530786,0.5169059063332743,0.813023532863032,40,0.4688001920119016,0.4803397622140011,False,0.5710147045972608,0.7653288326260835,False,0.9356763881551613,0.9672390591595751,0.16382873734746345,-0.125,0.14326057979794618,-0.125,0.4015157978185264,0.4964887066019803,1.3237275544361355,0,0.7585288711411111,0.2988394164368312,0.4503352167912728,1.2776394714457484,0,,0,1
S0_null,1501817,1.5240296583590205,0.9650006237861145,2.406906630220703,0.07073654211474599,0.29017035307047623,0.48613139458330507,0.5542113577128994,40,0.6675500722926956,0.704407155420363,True,0.7365658363856354,0.9135413756855502,False,0.5745850266435759,0.5491214387680499,0.07123732386823933,0.07500000000000001,0.10058623154071397,0.075,0.07073654211474599,0.9650006237861145,2.406906630220703,0,1.562769090138545,0.08522085400117195,0.9399365601454701,2.598310708027443,0,,0,1
S0_null,1501818,1.4631904790667953,0.9066625949412764,2.361326462541872,0.11906752106111827,0.6775041505257344,0.48889101703266036,0.17410518402014039,40,0.2194439030092632,0.14285332360416217,True,0.419985323770555,0.6449862994538603,False,0.1763032553381464,0.12466677854434106,0.09507857961764023,0.09999999999999998,0.09888517876815865,0.1,0.11906752106111827,0.9066625949412764,2.361326462541872,0,1.5146981144717935,0.1014555439425926,0.9215817608155181,2.4895353570736303,0,,0,1
S0_null,1501819,0.5943683481818004,0.3911342843195511,0.9032031900117001,0.014817062502317156,0.022280659813530557,0.5361520701659545,0.9670756132547897,40,0.09621663983499062,0.19676389114851922,True,0.4078114317811976,0.7446608123915299,False,0.5116915319452864,0.6821049247323274,0.12336422096652318,-0.09999999999999998,0.08733606889123373,-0.1,0.014817062502317156,0.3911342843195511,0.9032031900117001,0,0.5634325966626293,0.01643359885625215,0.352609305021863,0.9003060510904833,0,,0,1
S0_null,1501820,0.74324793925257,0.45353174133826174,1.2180349220390672,0.23905386121985894,0.18926288879420483,0.5815423236209925,0.7466739384638249,40,0.9678740392002401,0.902907818411953,True,0.7438322823977076,0.7861278644733574,False,0.9036647450108277,0.7648218682798653,0.08042494118138666,-0.07500000000000007,0.05494849062323593,-0.075,0.23905386121985894,0.45353174133826174,1.2180349220390672,0,0.8068466667725497,0.39856323420508677,0.4902152379883408,1.3279912439144888,0,,0,1
S0_null,1501821,0.9800187148101507,0.5920201688536029,1.6223039887947466,0.9374418199972706,0.43157894736842206,0.41522733508933823,0.3053728406863121,40,0.962238472101115,0.7552979391266825,True,0.47218908417787975,0.4807953081776508,True,0.7219273219932527,0.7646051403454052,0.09944588580107458,-0.09999999999999998,0.10968809608557809,-0.1,0.9374418199972706,0.5920201688536029,1.6223039887947466,0,1.0030828313386075,0.9911768973355711,0.5813061654407201,1.730886796570342,0,,0,1
S0_null,1501822,0.7309247146805062,,,,-0.313472312703583,0.5147833607333795,0.546284946828293,40,0.7935476070071992,0.7551528263378285,False,0.8247815866624718,0.8704594515129663,True,0.14634982666257293,0.20117636128300287,0.029105720929196555,-0.025000000000000022,0.029131773706320103,-0.025,0.2802936682086473,0.4096238520979148,1.304247630587377,1,0.6363820921958749,0.14732741918204628,0.3429065141964974,1.181027920150651,1,0.0,0,1
S0_null,1501823,1.3194979180827664,,,,8.881784197001252e-16,0.5526009700721133,0.9999999999999988,40,0.4804837513341097,0.43885424915411864,False,0.7472280944411995,0.9137076510339757,False,0.6460598776771711,1.0,0.17861899355556157,-0.15000000000000002,0.1982587753374821,-0.15,0.25930734272441397,0.8084388544433946,2.1536257767119262,1,1.280697867893254,0.4023539970674927,0.7091725097962375,2.31281811712864,1,0.0,0,1
S0_null,1501824,0.9964529219896748,0.6732588038070113,1.4747945665577658,0.9858276617755674,-0.062471631937283334,0.5208925678491967,0.9051859711949685,40,0.02886729138454462,0.053811532105602605,False,0.15028470642373315,0.3838602804393094,False,0.15224582700097042,0.1578577865632368,0.2161298944339202,0.17500000000000004,0.24051773093342974,0.175,0.9858276617755674,0.6732588038070113,1.4747945665577658,0,0.8988290120305233,0.610976228496561,0.5959272140323961,1.3556917251707312,0,,0,1
S0_null,1501825,1.0036916388683366,0.6263593117476884,1.6083370791173122,0.9877793696073273,-0.9194899190074117,0.5224016756479689,0.08665298056193464,40,0.3753507343377749,0.2537416753716135,True,0.7508060042687157,0.8387765768131483,True,0.09574260513453961,0.07072739128678286,0.417784956677671,0.22499999999999998,0.41261191108917944,0.225,0.9877793696073273,0.6263593117476884,1.6083370791173122,0,1.091401361100152,0.8010412201727082,0.5434659479384616,2.1917784095391806,1,0.0,0,1
S0_null,1501826,0.7507036685508635,0.504545443263285,1.1169578588021185,0.1572501912180103,-0.6710982377567918,0.47096913405930363,0.1625584972892223,40,0.02626063411779547,0.28933315962481876,True,0.7602856010924157,0.7552309960482937,True,0.5992977602485281,0.5769581604752163,0.22762948602618735,0.15000000000000002,0.2278018352655363,0.15,0.1572501912180103,0.504545443263285,1.1169578588021185,0,0.7951556936830053,0.2854058844684044,0.5221655593081838,1.2108661054440248,0,,0,1
S0_null,1501827,0.7019261681828262,0.4421799717245897,1.114252967311468,0.13332461653409297,-1.0159531090723748,0.5485442414873712,0.07200460479216181,40,0.9851033915938868,0.8281987570555337,True,0.4626049728515915,0.5144865576102475,True,0.1498000542936304,0.16161513812900197,0.18605158631530028,-0.1499999999999999,0.15691990455744992,-0.15,0.13332461653409297,0.4421799717245897,1.114252967311468,0,0.7234305474752909,0.1752554910876637,0.4529969079837904,1.15530977760918,0,,0,1
S0_null,1501828,0.7544509756979815,0.48675723534415777,1.1693637678116702,0.20759859867558228,0.5131031922791376,0.4491227949130808,0.26060360606071364,40,0.3514954664310376,0.49756663504480203,True,0.49350729144997485,0.4977694366440485,True,0.7939080630365354,0.8167507361714698,0.32778379662440543,0.19999999999999996,0.32904785026129135,0.2,0.20759859867558228,0.48675723534415777,1.1693637678116702,0,0.7531651987553943,0.28490672189338273,0.4479714355296047,1.2662812215819612,0,,0,1
S0_null,1501829,1.2534308408621868,0.7479618529489704,2.100493316109901,0.3911593531982357,0.39999999999999813,0.5644877792443133,0.4830093064206213,40,0.02055618484196162,0.024567085805604866,False,0.9678805474803831,0.8920661115793044,True,0.14074561066736285,0.042794476774571544,0.11004944420947385,0.09999999999999998,0.11978503962277386,0.1,0.3911593531982357,0.7479618529489704,2.100493316109901,0,1.2687675260372482,0.3730724774580463,0.7514511018959036,2.142216614048796,0,,0,1
S0_null,1501830,0.9663094531554417,0.629333637654105,1.483718497454254,0.8755295831616584,0.10000000000000064,0.4402312636220107,0.821554970434313,40,0.4005471955060781,0.40745761586129636,False,0.07607638294690393,0.2068489687922621,False,0.5404688762128259,0.8064238528243,0.043891072081615676,0.050000000000000044,0.017521291143505167,0.05,0.8755295831616584,0.629333637654105,1.483718497454254,0,0.962302452979421,0.8745331589746185,0.5972657383511113,1.550442209470641,0,,0,1
S0_null,1501831,1.3981720908428026,0.9437505165381576,2.071400398044386,0.09466595997172444,0.15980225646002588,0.5190461780463909,0.7599026420431839,40,0.44413976736722416,0.5066868901135466,False,0.6189571947508818,0.6936190627960972,True,0.8678548110371245,0.9457937959306509,0.058120228196467845,0.09999999999999998,0.06198396713929165,0.1,0.09466595997172444,0.9437505165381576,2.071400398044386,0,1.434782201331062,0.07870275048759377,0.9594318728655835,2.1456447544398163,0,,0,1
S0_null,1501832,1.311458445907951,0.8152293527762503,2.1097415708672993,0.2636582197386089,-0.5259149806774284,0.5956185842956869,0.38295209194205965,40,0.5750863984273848,0.5240120601492619,False,0.5751531147941551,0.5236988487388636,True,0.4803499442060496,0.48021531681008245,0.3307998194443111,0.20000000000000007,0.2960934199061347,0.2,0.2636582197386089,0.8152293527762503,2.1097415708672993,0,1.4239928726905107,0.17255022031245282,0.8569149137660376,2.366344276308171,0,,0,1
S0_null,1501833,1.03541187323395,0.7042349069349613,1.5223297463339847,0.8595450290554695,-0.011669242658425505,0.4974468796808986,0.9814107850169299,40,0.07972062047471151,0.09175233961922358,False,0.06723527588690234,0.10068480204532933,True,0.4831535208173374,0.604836058208829,0.3939905039476445,-0.22499999999999998,0.4076949647158248,-0.225,0.8595450290554695,0.7042349069349613,1.5223297463339847,0,1.0769342647810949,0.7311228239523655,0.7056555627112828,1.6435602182507294,0,,0,1
S0_null,1501834,0.7448675775360462,0.47736259994146696,1.162277288024762,0.1944527882394842,1.2185225618631716,0.5075253181449935,0.0214962351140538,40,0.2595937872395818,0.28344527801780683,False,0.12191842401177105,0.3156917008535298,True,0.7164753011725122,0.6733780027017433,0.16189635269153232,0.125,0.1649384004605626,0.125,0.1944527882394842,0.47736259994146696,1.162277288024762,0,0.6602830658980319,0.10687529900105394,0.3986590893990564,1.0936003685978835,0,,0,1
S0_null,1501835,0.9688939391258238,0.5606719872674294,1.6743398753520886,0.9098538106083565,-0.9641245708680728,0.5814180471397482,0.1057266579935757,40,0.8879790457895647,0.8490676727946831,False,0.06396075815700282,0.0774980088846466,True,0.9825024194299397,0.9566086247151512,0.17234341062688852,-0.1499999999999999,0.17244622317316977,-0.15,0.9098538106083565,0.5606719872674294,1.6743398753520886,0,0.9762024565720206,0.9345055703536105,0.5496199690457979,1.7338730211562603,0,,0,1
S0_null,1501836,1.1277749333833489,0.7130187125917135,1.783790913066983,0.6072321856842939,0.4074766951857986,0.5466018912090113,0.4606958837661462,40,0.5132919253032897,0.40798915081191167,True,0.10022096024112563,0.07335671943882507,True,0.3474966756034251,0.44606530698021185,0.017118217794095964,-0.025000000000000022,0.029131773706320103,-0.025,0.6072321856842939,0.7130187125917135,1.783790913066983,0,1.0462966281996944,0.8596022094826739,0.6336729945711118,1.7276050006249657,0,,0,1
S0_null,1501837,0.9445589664869349,0.6197804800474561,1.4395284619201822,0.7907675863358191,-0.38540365618258066,0.39584357863572045,0.33656484253723185,40,0.9552841965699547,0.6645823385115671,False,0.2193504784858621,0.22272479858230987,True,0.669059673847995,0.8266626924480106,0.05681897983403028,-0.07500000000000007,0.06483499538239326,-0.075,0.7907675863358191,0.6197804800474561,1.4395284619201822,0,1.0325213400902211,0.8969396516161993,0.6361873499573807,1.6757647221579086,0,,0,1
S0_null,1501838,1.0977430396627537,,,,-0.8870321361058626,0.5529265224745471,0.11716225178948343,40,0.6288148031144584,0.4555733096120006,False,0.33364832779784814,0.5142477229916163,False,0.27664553425449256,0.30146483804417556,0.21839020077439564,0.1499999999999999,0.17244622317316977,0.15,0.7397802960624923,0.6246125409513513,1.9292596643874913,1,0.995723714152888,0.9877634754392437,0.5678717614745684,1.7459324132475356,1,0.0,0,1
S0_null,1501839,0.7936969385498338,0.5198169200403429,1.2118782709390992,0.2846130152588482,0.3000000000000018,0.5806127879837183,0.6084435843462641,40,0.9553192662425823,0.8814655890347607,False,0.37134933793231806,0.15834887020610822,True,0.37437941815778597,0.3699697516166418,0.062072975168069,-0.07500000000000007,0.05494849062323591,-0.075,0.2846130152588482,0.5198169200403429,1.2118782709390992,0,0.8509153312533181,0.4753338537176287,0.5462287135950279,1.3255562787912272,0,,0,1
S0_null,1501840,0.7625050735142584,0.46103252384533217,1.2611127351397844,0.2908591008828967,-0.1000000000000007,0.5787083452949582,0.8637515366766971,40,0.14704735542367833,0.04901755361773836,True,0.3602531208258344,0.5325704349657507,False,0.9748419461545309,0.8270790453500492,0.022142213160009618,0.0,0.021043143355250853,0.0,0.2908591008828967,0.46103252384533217,1.2611127351397844,0,0.7224017139911334,0.2669526261415839,0.40685899249643304,1.2826660980877855,0,,0,1
S0_null,1501841,0.7492576190500997,0.47930372361068774,1.1712552021828404,0.2053496137960369,0.7072737452916618,0.43357917288635905,0.11132278193352595,40,0.1911683593939747,0.5235027799409939,False,0.878722303679446,0.902834918212914,False,0.554933006647621,0.4969364022356899,0.1568219168930397,-0.125,0.08565825367350988,-0.125,0.2053496137960369,0.47930372361068774,1.1712552021828404,0,0.6984664904452715,0.14681155269865848,0.4301361386764534,1.1341884450259998,0,,0,1
S0_null,1501842,0.7362973531146911,0.4704195346845144,1.152447447930241,0.18049630077891732,-0.18951501154734496,0.3783036158308941,0.619366564287878,40,0.9107320148789074,0.8814711322995067,False,0.21151663321158254,0.74460260994055,False,0.26887531100539863,0.33514080514663513,0.19146649218399878,-0.15000000000000002,0.15691990455744992,-0.15,0.18049630077891732,0.4704195346845144,1.152447447930241,0,0.7457763337889994,0.22876830811186077,0.4625422384168238,1.202446595890239,0,,0,1
S0_null,1501843,1.2872465905824557,0.8472391416654756,1.9557686885297474,0.23673423153334328,-0.6359423172550964,0.5428014208420662,0.24884997737603765,40,0.985098196310672,0.9891819800985886,False,0.5728969672181214,0.4237944269163686,True,0.352860076065993,0.3836570136350477,0.014443186156453246,0.0,0.005544304085089134,0.0,0.23673423153334328,0.8472391416654756,1.9557686885297474,0,1.2408441203588103,0.3425965004824185,0.7946452094586521,1.9375868786498296,0,,0,1
S0_null,1501844,1.1913648794076468,0.7593376753473142,1.86919511828094,0.4460894354954317,0.06483675437388137,0.5945714786835321,0.9137537937086623,40,0.11679200122963673,0.05586847459543203,True,0.9197664864258843,0.8491312198190124,False,0.2659172206827535,0.23211782938020042,0.08814127606786899,-0.09999999999999998,0.09888517876815865,-0.1,0.4460894354954317,0.7593376753473142,1.86919511828094,0,1.0927036402746113,0.7342165662085588,0.6549965350866712,1.8229123079428096,0,,0,1
S0_null,1501845,0.879336792569888,0.5504127759272157,1.4048242130000037,0.5906157201340294,-1.2198495310728625,0.5526912047348684,0.03358898152911571,40,0.1846471599814845,0.27218039244453207,True,0.3315122048109871,0.18856668316193215,True,0.7930800893527343,0.7444277636187805,0.02010725170140284,-0.025000000000000022,0.02319930679535069,-0.025,0.5906157201340294,0.5504127759272157,1.4048242130000037,0,0.7976175414787744,0.408319171040883,0.4666705988412271,1.3632608183467183,0,,0,1
S0_null,1501846,1.1512166977496614,0.7242669236181228,1.8298500759319685,0.5514552436761487,-0.4255379388448475,0.5453053819415768,0.4401393409475334,40,0.7937399938111088,0.9567172144112452,False,0.3159918663168544,0.7756105425420375,False,0.3928375389347959,0.7542992795260139,0.026701873164021325,-0.02499999999999991,0.0352330639291004,-0.025,0.5514552436761487,0.7242669236181228,1.8298500759319685,0,1.2321540225186296,0.4026972947002577,0.755634396647726,2.009177377239777,0,,0,1
S0_null,1501847,0.7896456347983694,0.44966893492882937,1.38666512209657,0.4110355420331959,0.2084346224677711,0.5464483617202396,0.7050620965005618,40,0.9106543170271111,0.8175430586836381,False,0.1773147245516432,0.28376368630088566,False,0.6468849139038682,0.6625477601509324,0.0418793939176055,0.07500000000000007,0.05494849062323593,0.075,0.4110355420331959,0.44966893492882937,1.38666512209657,0,0.743636577624186,0.3097737893694127,0.41988356819257316,1.3170207206750926,0,,0,1
S0_null,1501848,1.7846771046256835,1.1238441079029926,2.834087348394089,0.014097764752884443,0.7000000000000004,0.6427335239061504,0.28315348750830416,40,0.13216860884565682,0.11600088268313813,True,0.2952878573827512,0.15092140952009175,False,0.29385714895502857,0.39135722670622586,0.08919635642022396,0.07500000000000007,0.10058623154071403,0.075,0.014097764752884443,1.1238441079029926,2.834087348394089,0,1.828553081060164,0.0154632368299631,1.1218733424792067,2.980377769620273,0,,0,1
S0_null,1501849,1.2175259721832166,0.7274679159321287,2.037711162892012,0.45383124855014245,1.0907314586696124,0.5567954651086734,0.05768804593037739,40,0.11628529884486848,0.1389098270127229,True,0.8404858691771451,1.0,False,0.058548094299150324,0.19684865663172058,0.025751088260463174,0.0,0.008700382961356227,0.0,0.45383124855014245,0.7274679159321287,2.037711162892012,0,1.275238406057268,0.38944414679880657,0.7330281794456546,2.218513609549505,0,,0,1
S0_null,1501850,0.8241857015776631,0.5313233519829202,1.2784720794784505,0.38801371170987975,0.6840493662441656,0.4239529307458544,0.11513298089756506,40,0.9678610107623294,0.7451365771034735,False,0.5324571792664723,0.3922769625326542,False,0.18434046727701692,0.0867691910133436,0.11850801023581868,0.12499999999999994,0.11722504994521371,0.125,0.38801371170987975,0.5313233519829202,1.2784720794784505,0,0.8382767832710257,0.4892452553761638,0.5084432306545925,1.3820775319724887,0,,0,1
S0_null,1501851,0.614277367206243,0.3971486728704173,0.9501144272612287,0.028529227369387792,-0.6181308411214942,0.4845304565064687,0.2100016147416321,40,0.8665164997033008,0.7040884165473671,False,0.40901201013090926,0.43121439637469916,True,0.7314691888462699,0.6836166135246523,0.050261271049613754,-0.050000000000000044,0.01108296880350949,-0.05,0.028529227369387792,0.3971486728704173,0.9501144272612287,0,0.5879009749919938,0.021191611999944255,0.37419953028641173,0.9236450834986193,0,,0,1
S0_null,1501852,1.1442546228722887,0.7006534075898215,1.8687108744229621,0.5902598680237661,-0.7364535206061686,0.561894182444975,0.19804939235183952,40,0.3505725107798856,0.37125662949257787,False,0.7603131869291301,0.5780030586897201,False,0.20031929483584732,0.12760351201834183,0.01683767542548934,0.0,0.01656628160682895,0.0,0.5902598680237661,0.7006534075898215,1.8687108744229621,0,1.2368084414688323,0.4289824736804,0.730421520875116,2.094263486453464,0,,0,1
S0_null,1501853,0.5665613597514826,0.35324154080689363,0.9087033581334232,0.01841619086707923,0.9499999999999984,0.5341130757412401,0.08351506349844341,40,0.7020659779851572,0.6734071760086424,False,0.39507909934748375,0.3565976689290896,False,0.9253607859385364,0.9241781221195079,0.06555043649788822,0.07499999999999996,0.05494849062323596,0.075,0.01841619086707923,0.35324154080689363,0.9087033581334232,0,0.5535282401906765,0.019476610581502546,0.33701820993108406,0.909130437643832,0,,0,1
S0_null,1501854,1.1111846866351178,,,,0.5430663329161459,0.5396533998338653,0.3207957236282129,40,0.09270684496456087,0.10369281424771737,False,0.3162791384491539,0.1837198332865767,True,0.886832294038625,0.8809241676607189,0.06834576368542836,0.050000000000000044,0.07061977533748845,0.05,0.7412639614535366,0.5851772385796494,2.1100127045428887,1,1.1868767153971058,0.5919716833319806,0.6250662185823879,2.2536433671725447,1,0.0,0,1
S0_null,1501855,0.8572273776366469,0.5433443904405628,1.3524364839286724,0.5078431758563733,-0.4499999999999973,0.5252099130241499,0.39707076664458846,40,0.5626168042179465,0.2898802348345887,False,0.6572934854258565,0.5691469364735394,True,0.17189454892730538,0.16137680938308208,0.0650632441390171,0.050000000000000044,0.06323483829154,0.05,0.5078431758563733,0.5433443904405628,1.3524364839286724,0,0.8425979510118609,0.5134976831812443,0.5040909030373389,1.4084192013217058,0,,0,1
S0_null,1501856,0.7552494390056786,0.49905492918017436,1.1429637936958632,0.18422337533230337,-0.6126740465277171,0.5749034040594581,0.29346477021395384,40,0.9255494844908805,0.8494196995488836,True,0.350068197346325,0.2436583932324321,True,0.4314521881649319,0.3073652478948651,0.05769524144398646,0.050000000000000044,0.06323483829154,0.05,0.18422337533230337,0.49905492918017436,1.1429637936958632,0,0.7006283038953236,0.10072072257501902,0.4581250943499426,1.071497777077182,0,,0,1
S0_null,1501857,0.803450985053211,0.5079003897109211,1.2709844261989833,0.3496794063913229,0.34999999999999964,0.46818524046327925,0.4594462166916262,40,0.6406570234372005,0.3933263315245824,False,0.7937687969582925,0.828118927311053,True,0.2643773294288968,0.513449077975346,0.03820106160921162,0.050000000000000044,0.03231112320566666,0.05,0.3496794063913229,0.5079003897109211,1.2709844261989833,0,0.8726810245621327,0.6020263516204398,0.5230785164707978,1.4559423617110654,0,,0,1
S0_null,1501858,1.06019805846092,0.6813531407538201,1.6496877403701946,0.7955315856178493,-0.19816425961371198,0.5199730261428323,0.7053050582763449,40,0.2665988228712135,0.2539887760313606,False,0.55942963865861,0.5503694970311717,True,0.3674503752655305,0.4708680022538063,0.044236653558462236,0.050000000000000044,0.055653255970699776,0.05,0.7955315856178493,0.6813531407538201,1.6496877403701946,0,1.0864347935672223,0.727375850485289,0.6816913599317638,1.7314882218715564,0,,0,1
S0_null,1501859,1.133287863387639,0.6916180595767715,1.8570096074235818,0.6194804797065543,0.5500000000000017,0.5589687811868731,0.3315285408575019,40,0.9433365705767977,0.9028577171619904,False,0.4683946441323281,0.3275082361625923,True,0.21077384525623666,0.24653923628522667,0.01052992387413197,0.0,0.021043143355250853,0.0,0.6194804797065543,0.6916180595767715,1.8570096074235818,0,1.0519490360377974,0.8409581159290209,0.6414579792531264,1.7251274599612954,0,,0,1
S0_null,1501860,0.8685049916534788,0.5683055487738926,1.3272805837535773,0.5147097993463321,-0.12464929859719404,0.5988907588355704,0.8362661175737983,40,0.4263416753832534,0.3490467094434243,True,0.7018069107042328,0.8597785062281349,False,0.5719995749620066,0.5482454477451448,0.051246258155245354,0.07499999999999996,0.04481321300021269,0.075,0.5147097993463321,0.5683055487738926,1.3272805837535773,0,0.9084475401762556,0.6674505591393503,0.586237019476156,1.4077530176953557,0,,0,1
S0_null,1501861,0.7511410081613453,,,,0.4514036129251154,0.49635257837904007,0.3690035233700296,40,0.16950633412268357,0.4976883451610308,True,0.910778536404677,0.924317472345479,False,0.6508097030080804,0.8382564863858263,0.06359878844162965,0.04999999999999993,0.09139198887083037,0.05,0.3030030923605094,0.4314134652168026,1.3078238386882584,1,0.7139047213329116,0.23955847586630039,0.4034323809290302,1.2633094794418076,1,0.0,0,1
S0_null,1501862,1.1921679578420117,0.7149416513741411,1.9879446623000294,0.5004671023678346,-0.050000000000000044,0.4639726640434815,0.9147643932073927,40,0.15282878394579283,0.21164363031213884,True,0.8405018047824958,0.6448149466467327,False,0.7268215837290786,0.7032333841436033,0.4137924354389907,0.22499999999999998,0.4018423391082095,0.225,0.5004671023678346,0.7149416513741411,1.9879446623000294,0,1.1724862787462385,0.5533205549247588,0.69281103787066,1.9842698783688366,0,,0,1
S0_null,1501863,0.8292753239019912,0.5344769382709941,1.2866739677439019,0.40355605817744933,0.5677797833935001,0.510919875698741,0.2736131981947821,40,0.6722536332959278,0.8280229845809034,False,0.940460275272613,0.9244383323308787,False,0.840294268621256,0.9891527972263754,0.013662759346055575,0.04999999999999993,0.005813098297592855,0.05,0.40355605817744933,0.5344769382709941,1.2866739677439019,0,0.8653855853097568,0.5749748186735483,0.5220805277823098,1.4344381209600936,0,,0,1
S0_null,1501864,1.343879691949277,0.8413037498629599,2.1466832006012875,0.21614807848432738,-0.017669902912620827,0.4338751689538912,0.9677334834519409,40,0.545925247323124,0.7751863702629597,True,0.024094575489715074,0.041786224955344294,True,0.9195465320498449,0.8172035363054759,0.09255887019881613,0.07499999999999996,0.034605761990816004,0.075,0.21614807848432738,0.8413037498629599,2.1466832006012875,0,1.3185796466825654,0.26035759215602794,0.8146288699767159,2.134287586315489,0,,0,1
S0_null,1501865,0.6738585212072215,0.43838868080167315,1.0358052716443453,0.07192644210175728,-0.7227138643067843,0.5825093623614008,0.22252974574399076,40,0.7763274368260216,0.8387765768131483,True,0.8616259560277182,0.8707503064489537,False,0.0435219028179121,0.1310025567197049,0.20658916179668346,-0.15000000000000002,0.2189189255985675,-0.15,0.07192644210175728,0.43838868080167315,1.0358052716443453,0,0.7919180480948168,0.3258022526193801,0.49725768164710504,1.2611855342706815,0,,0,1
S0_null,1501866,0.8229982142296351,0.4869690820293346,1.3909015697722817,0.46686681300927524,-0.20000000000000262,0.5766299080531306,0.7306743239773537,40,0.40703996075926097,0.3493196803929046,False,0.2391935878821767,0.34900118235049793,True,0.4919666149438404,0.4138834240390711,0.046975191236569354,-0.07500000000000007,0.08352372448108482,-0.075,0.46686681300927524,0.4869690820293346,1.3909015697722817,0,0.819174535266893,0.5302549462205678,0.43320782545787545,1.549018461336594,1,0.0,0,1
S0_null,1501867,1.0252187377384336,0.6739269655663415,1.5596251729246462,0.9073724696792913,-0.16740179446580689,0.46894599945785803,0.723138820453193,40,0.8091660797772467,1.0,False,0.8665049677637773,0.7965053406048259,False,0.2674702916790429,0.32851539053322,0.19144327935302316,0.15000000000000002,0.17244622317316977,0.15,0.9073724696792913,0.6739269655663415,1.5596251729246462,0,0.9568003239278969,0.8539931518998735,0.5978043823444251,1.5313819819759737,0,,0,1
S0_null,1501868,1.082872326889459,0.6766658515049716,1.7329269294955336,0.7399825167982912,-0.3878921118256994,0.4875939792757199,0.43138364566778786,40,0.9198394046314271,0.6836590843296126,True,0.18378088517307944,0.10047591733327828,False,0.3844600322459987,0.3768134108223885,0.04051248025163627,-0.025000000000000022,0.017563739731861275,-0.025,0.7399825167982912,0.6766658515049716,1.7329269294955336,0,0.9233252976765224,0.7489193339888132,0.5664991132159592,1.5049089847461767,0,,0,1
S0_null,1501869,0.6199324373944477,0.37533892514864725,1.023917854460787,0.06181223199452207,-0.0126157757733521,0.537815113915206,0.981411426988268,40,0.21042737167083692,0.27830210576494374,False,0.15045272599722667,0.1837611975371557,True,0.2414786261107006,0.2938178354548502,0.028442332104092746,0.025000000000000022,0.02319930679535069,0.025,0.06181223199452207,0.37533892514864725,1.023917854460787,0,0.5567566767690593,0.03993407027842557,0.31843852766209363,0.9734311969180289,0,,0,1
S0_null,1501870,1.0172788728786033,,,,0.1753645047762673,0.4768597929684808,0.7151561238665671,40,0.11182374603197487,0.11255169225325373,True,0.31384995385156,0.18359571166161248,False,0.4302732109695362,0.21623826741387275,0.1100682275049664,0.09999999999999998,0.10968809608557809,0.1,0.9539859489510625,0.5601558927057394,1.8474433968845019,1,1.0119233385935305,0.9692913432268254,0.5450238614657369,1.878796352945825,1,0.0,0,1
S0_null,1501871,0.6797213665245627,0.41616383714181304,1.1101904944051626,0.122986158837487,-0.04024595924104146,0.5103021227838624,0.9375634728893376,40,0.9358390705497907,0.9351217374596585,False,0.6725351197252938,0.8386413848586489,True,0.6154846191347703,0.5676836609974614,0.10329173301147371,-0.09999999999999998,0.12922584838072262,-0.1,0.122986158837487,0.41616383714181304,1.1101904944051626,0,0.6625544631858418,0.11455680295875843,0.3973509133256872,1.1047625712330298,0,,0,1
S0_null,1501872,0.7048827902969163,0.39481273848154597,1.2584693948014298,0.2369763469740157,-0.7226748377793811,0.4721311565635844,0.13435805781691237,40,0.26648534149242553,0.4229407570401281,False,0.34835805062719916,0.37082851520320703,True,0.4434456867514993,0.17411923341530366,0.10594879522363582,-0.09999999999999998,0.11978503962277386,-0.1,0.2369763469740157,0.39481273848154597,1.2584693948014298,0,0.7090976022219132,0.27215638867584924,0.3839179062547559,1.3097055419530532,0,,0,1
S0_null,1501873,0.9834685713484402,0.6505924490930375,1.486661015169309,0.9369771240563423,0.10522225252249817,0.5768692236620632,0.8562627870029846,40,0.023759804747618508,0.046286986771735115,False,0.9678218301379357,0.6738002532298105,True,0.3787365476993457,0.6054869432084411,0.12058692414164451,-0.125,0.1308595450857383,-0.125,0.9369771240563423,0.6505924490930375,1.486661015169309,0,1.0233665204211901,0.9198453386714148,0.6526062750339038,1.6047639674696152,0,,0,1
S0_null,1501874,0.8139001422441551,,,,-0.31662964751327927,0.5030595739121395,0.5329494533096943,40,0.8404539836329871,0.7344879021565662,False,0.602155296049417,0.8707503064489537,True,0.9196526615280511,0.7138739804378238,0.0665242675003778,0.07500000000000007,0.04481321300021269,0.075,0.40719639358867393,0.4950945041872824,1.3379939303355166,1,0.7210683327464423,0.2025441301633854,0.43285471069274073,1.2011872058816753,1,0.0,0,1
S0_null,1501875,0.6803856732918998,0.44237855031953577,1.0464446435897383,0.07955514355235847,-0.9826574033868845,0.4774292958325591,0.046663156188214906,40,0.3043331658555145,0.43982596650812555,False,0.6948866023724733,0.6942775366226472,False,0.12994926742960827,0.5587415008374099,0.06363047431290203,-0.04999999999999993,0.024706122142071883,-0.05,0.07955514355235847,0.44237855031953577,1.0464446435897383,0,0.6553416779217488,0.09823601627366521,0.39711363060122956,1.0814857051647209,0,,0,1
S0_null,1501876,0.9503303502966345,0.6110043383811657,1.4781037023202304,0.8211554457831539,-0.3152265265922514,0.4915380003695756,0.5252764813973639,40,0.627266001685545,0.69430488107908,True,0.36013913132019415,0.4316490496045037,True,0.905264351580533,0.8591234656023503,0.023206366893013666,0.0,0.030615155837911714,0.0,0.8211554457831539,0.6110043383811657,1.4781037023202304,0,1.0302209166478398,0.9043426297719663,0.6339427523169838,1.6742129052183194,0,,0,1
S0_null,1501877,1.1071804483458423,0.7207948185446514,1.7006900072816802,0.6419800648763452,-0.3999999999999999,0.4938070471388082,0.42310054383195783,40,0.5860471321761965,0.71379634372873,True,0.8959777528329079,0.8707442669397756,True,0.009777018618842892,0.0039797407095181845,0.5,0.25,0.5,0.25,0.6419800648763452,0.7207948185446514,1.7006900072816802,0,1.085571053694852,0.7378298455408681,0.6712209709305839,1.755702762067047,0,,0,1
S0_null,1501878,1.086116645076703,0.6470699733859385,1.823063061541696,0.7545678103833591,-0.10049841413683636,0.6309070352942902,0.8743052234158736,40,0.06998636324836882,0.10586036876000417,False,0.9850890914706455,0.892061046871416,True,0.02757967115133607,0.03859697563863337,0.015892180034476462,0.0,0.030615155837911714,0.0,0.7545678103833591,0.6470699733859385,1.823063061541696,0,1.0250850276833499,0.9323023151262466,0.5787669059933004,1.815582928289853,0,,0,1
S0_null,1501879,0.9985521088898408,0.6137653546924132,1.6245724958979568,0.9953443479788893,-0.2309658326607481,0.45389278903448355,0.613874696949525,40,0.26631503024323455,0.42392543212960765,True,0.6787132272479467,0.5053205788076337,False,0.23393603897451765,0.3484313222745955,0.051947591884658244,-0.050000000000000044,0.055653255970699776,-0.05,0.9953443479788893,0.6137653546924132,1.6245724958979568,0,0.9418108979472792,0.801509460246869,0.5901669332925855,1.502977746556517,0,,0,1
S0_null,1501880,0.6117864468878921,0.39586028443463595,0.9454918093899182,0.026944566179882366,0.034263042858501125,0.5696457390745521,0.9523614859998605,40,0.8959900287788956,0.9028075382733256,True,0.40730304289827934,0.3697885270582969,True,0.004741768038406972,0.013064161982764291,0.031678485109637396,-0.025000000000000022,0.0352330639291004,-0.025,0.026944566179882366,0.39586028443463595,0.9454918093899182,0,0.682441027876557,0.12608007988225858,0.4182763538848524,1.1134403181142334,0,,0,1
S0_null,1501881,1.2606375064146043,0.8151005856034997,1.9497065155493463,0.29785188076108904,0.68809932241187,0.4698450646825027,0.1514966036430146,40,0.8081686410576544,0.8389637809865944,True,0.2955828615603593,0.3029269619232019,True,0.7468557883778122,0.7965523259949704,0.1299077541423309,-0.125,0.11722504994521371,-0.125,0.29785188076108904,0.8151005856034997,1.9497065155493463,0,1.2642557574606936,0.3138469305717495,0.8010609058733175,1.995282266995663,0,,0,1
S0_null,1501882,1.0357838881375332,0.6911034919241642,1.5523699061891456,0.8647704623729968,-0.959051023724408,0.5686902088918377,0.100130488804788,40,0.6872236535481593,0.6941543957995058,True,0.9198232177673267,0.967537065583182,False,0.8956446504326094,0.8491029866075375,0.1425606946419307,-0.125,0.10220287084734073,-0.125,0.8647704623729968,0.6911034919241642,1.5523699061891456,0,1.2309746380955162,0.4067428624167095,0.7457588743965737,2.0318880695325032,1,0.0,0,1
S0_null,1501883,0.8088843363794774,0.525129762250679,1.2459660767193956,0.3359183026074314,-0.283799841563242,0.562769920205232,0.6170468844650162,40,0.12542974845957616,0.12868671514684105,False,0.42004052134295733,0.3706480041702749,True,0.7083714365676915,0.8917660683589925,0.17234341062688852,-0.1499999999999999,0.17244622317316977,-0.15,0.3359183026074314,0.525129762250679,1.2459660767193956,0,0.7916789104557578,0.33533759975079414,0.49221951712843964,1.2733251637741752,0,,0,1
S0_null,1501884,0.8142226816983039,0.543019592354179,1.220874135531319,0.32003475501664913,0.24999999999999867,0.5913103025550477,0.6748957475979825,40,0.8562538972967371,0.8494056657389514,True,0.5727413024426578,0.43132315125944,False,0.7038775170577387,0.6433404898171872,0.049633405729963526,0.025000000000000022,0.0414069212922549,0.025,0.32003475501664913,0.543019592354179,1.220874135531319,0,0.6999195804223981,0.10895649644025882,0.4524589098484102,1.082722449255769,0,,0,1
S0_null,1501885,0.9301024096222681,0.6157535572543711,1.4049297518354014,0.730594571586934,0.7823739990579349,0.5084369518587467,0.1323665852605366,40,0.270342420364703,0.34278928788483964,False,0.15047841742436524,0.17003465788108163,True,0.8556160994601013,0.7028704398526737,0.024836474664744524,0.0,0.01656628160682895,0.0,0.730594571586934,0.6157535572543711,1.4049297518354014,0,0.859683269746662,0.5507588307825294,0.5231595957868505,1.4126766100328267,0,,0,1
S0_null,1501886,1.0491608412949238,0.673851766053342,1.6335023908203845,0.8317547073076571,-0.9391424521615872,0.6136424486999095,0.13441390533503558,40,0.49372625862330555,0.5687095067947768,False,0.21193368911221822,0.14257032846550813,False,0.7084200917790859,0.6445496409967179,0.02269020116585148,-0.025000000000000022,0.029131773706320103,-0.025,0.8317547073076571,0.673851766053342,1.6335023908203845,0,1.1093506983149337,0.67220158618488,0.6859719422276318,1.7940368929017378,0,,0,1
S0_null,1501887,0.7821512631871291,0.5014609611344093,1.2199565787161013,0.27864932361894745,0.04999999999999849,0.5101177155378217,0.9224481916680818,40,0.46291878648926876,0.2594376668268221,True,0.13084839065726658,0.054004267223811124,False,0.4704991570491247,0.5673155188481127,0.04389107208161568,0.050000000000000044,0.017521291143505167,0.05,0.27864932361894745,0.5014609611344093,1.2199565787161013,0,0.7786473610703415,0.2944260415584614,0.4877715153656183,1.2429830234087151,0,,0,1
S0_null,1501888,1.0258708079404601,0.6083407852837054,1.7299693527758635,0.9236799931676585,0.6616397141782635,0.5351557966888528,0.22411971970675182,40,0.7626522000591348,0.49785048928722275,False,0.059234280560814666,0.08765027938527126,True,0.7928696317109252,0.7962416196112712,0.012941158412622856,0.0,0.008700382961356227,0.0,0.9236799931676585,0.6083407852837054,1.7299693527758635,0,1.064426163365232,0.8211811242535298,0.6194206531857935,1.8291334837306221,0,,0,1
S0_null,1501889,1.1722323363281462,0.7337329292621058,1.8727913052985994,0.5061981520710805,-0.15987968533086905,0.5697172370035216,0.7805575315515443,40,0.35899016212705304,0.40745761586129636,True,0.7085416234399613,0.7656507184374355,True,0.9196770933579479,0.9566065679898845,0.23152714255719475,-0.17500000000000004,0.2263787441837476,-0.175,0.5061981520710805,0.7337329292621058,1.8727913052985994,0,1.1203561525364532,0.6543919341088107,0.6811889140422128,1.8426575692165486,0,,0,1
S0_null,1501890,0.7658113779636057,0.5145541752520998,1.139757667559852,0.18845388097575222,-0.20000000000000084,0.4721288030813759,0.6743004320332998,40,0.8445374857322931,0.8494267149828165,False,0.6789292607174644,0.82814288791692,False,0.9432251068387775,1.0,0.12932651749988405,0.09999999999999998,0.09888517876815865,0.1,0.18845388097575222,0.5145541752520998,1.139757667559852,0,0.7764705239355469,0.2517162669512444,0.5037798499418678,1.196765759111472,0,,0,1
S0_null,1501891,0.9685749174863145,0.625881917026576,1.498904737878513,0.8860413283425221,0.15273059360730667,0.5616142118088863,0.787172795387126,40,0.9518468339173016,0.8814600449922301,True,0.7794064369022338,0.7141194141833291,False,0.41821176933753323,0.4621349417517594,0.6043791733564126,-0.27499999999999997,0.6052860683484511,-0.275,0.8860413283425221,0.625881917026576,1.498904737878513,0,0.9488130233992802,0.8303053495954791,0.586795778765241,1.5341728518675044,0,,0,1
S0_null,1501892,0.6913894672031368,0.41168729050146136,1.1611225471089457,0.16295427030232512,-0.23240038521728656,0.47577358920870244,0.6281007338033239,40,0.5065207256930606,0.5231689111776229,True,0.5589914264638727,0.3634879027785157,False,0.006319002240694341,0.016046126000265372,0.08810173576758505,-0.09999999999999998,0.09888517876815865,-0.1,0.16295427030232512,0.41168729050146136,1.1611225471089457,0,0.6354624348403113,0.10769397970441297,0.36574273758908366,1.1040889253332626,0,,0,1
S0_null,1501893,1.0750804052387544,0.7169991894099047,1.611993283673799,0.7261240277683016,-0.9604192892417924,0.35385877694900564,0.010032090427209286,40,0.027445252767308824,0.032787512777069816,True,0.03382191526943874,0.11548570424631381,False,0.8612996730856044,0.8700685729279222,0.042761286344390595,-0.04999999999999993,0.0847078824846931,-0.05,0.7261240277683016,0.7169991894099047,1.611993283673799,0,1.057801052626198,0.7931230434689958,0.6950599336661508,1.609851198061634,0,,0,1
S0_null,1501894,1.8731816464236908,1.1009886435004343,3.1869624643382477,0.020624412995274597,-0.29658721560129875,0.5070787960873507,0.5621692760153312,40,0.23493365175543535,0.22231085005336637,True,1.0,0.9891824899784896,False,0.6668942502963574,0.8387315505886288,0.07048953027049279,-0.07499999999999996,0.10058623154071397,-0.075,0.020624412995274597,1.1009886435004343,3.1869624643382477,0,2.0203774994423473,0.01661220261325299,1.136314648545149,3.5922490706945465,0,,0,1
S0_null,1501895,0.7381393515385641,0.4461140400397349,1.2213238172043248,0.23729721022000072,0.09878372401592106,0.52960076219905,0.8530521249560403,40,0.13835565279758288,0.10029913844513053,False,0.7793689648384642,0.8491664890591688,True,0.8662156944093452,0.9457398287878473,0.07135179124882049,0.07500000000000007,0.024630214771563665,0.075,0.23729721022000072,0.4461140400397349,1.2213238172043248,0,0.7628951432978324,0.3342857960871639,0.44042593237082517,1.3214685078475044,0,,0,1
S0_null,1501896,0.9205758498329303,0.5707825662058675,1.4847333213571967,0.7343582433549887,0.34102455546147503,0.5433555570717945,0.5341029883417173,40,0.6473537858825567,0.6542218313024766,True,0.2387423140433269,0.2539214065966118,False,0.3231843103605848,0.430560581082154,0.18605158631530028,-0.1499999999999999,0.17244622317316977,-0.15,0.7343582433549887,0.5707825662058675,1.4847333213571967,0,0.9346340279825534,0.7756191402350405,0.5871714797472595,1.48770980266088,0,,0,1
S0_null,1501897,0.8134691465004309,0.5030173479559692,1.3155253094095336,0.3999115620567263,0.4664084862771509,0.43773639365514777,0.2935532576852812,40,0.6289539396576465,0.8707080120973907,True,0.17859213192217738,0.11531389316444532,True,0.03977281810952029,0.0626725419280477,0.05353465885358352,-0.050000000000000044,0.024706122142071883,-0.05,0.3999115620567263,0.5030173479559692,1.3155253094095336,0,0.7560803029729373,0.33044067854027104,0.4305444561714853,1.3277546983811543,0,,0,1
S0_null,1501898,1.230472288443404,0.7829652514656785,1.9337538285292823,0.36855100535103935,0.7461504981139379,0.5649182637068421,0.19467559780728122,40,0.21156299984119098,0.30233400604299054,True,0.9357025005095524,0.5859466790515346,False,0.7455775389081599,0.7540165512706345,0.07370922958690428,-0.04999999999999999,0.06323483829154,-0.05,0.36855100535103935,0.7829652514656785,1.9337538285292823,0,1.2392943204797655,0.4033734730442803,0.7492549573983103,2.0498368380590275,0,,0,1
S0_null,1501899,0.5511155585504349,0.35794310172825544,0.8485380984013026,0.006812853721464421,-0.3845839714139867,0.5852258833532037,0.515148701882955,40,0.1770511309215237,0.3779414067514866,False,0.04992004891760767,0.040129369036978675,True,0.41946328983494496,0.3676020144450509,0.15135544073138588,-0.125,0.14326057979794618,-0.125,0.006812853721464421,0.35794310172825544,0.8485380984013026,0,0.5016163571393271,0.0028883081591876145,0.31861296062313177,0.7897323739047576,0,,0,1
S0_null,1501900,0.7308762379315397,0.4846049830988627,1.1023000047524982,0.13481283962540447,-0.002480206047888067,0.46840852224121493,0.9958036965490339,40,0.3124493025851731,0.24361395594658586,False,0.44376341140204223,0.45504082298635784,True,0.6778447180403263,0.7534709671229977,0.03657000862900375,0.050000000000000044,0.047919065615694055,0.05,0.13481283962540447,0.4846049830988627,1.1023000047524982,0,0.7491153275710366,0.15349176283667326,0.5038253567373996,1.1138259845352576,0,,0,1
S0_null,1501901,1.0565059286679566,0.6586580493791357,1.6946650517103647,0.8196469280681628,0.3190168818272088,0.4982794904416963,0.5259638692795756,40,0.34371930519072214,0.29535474187283317,False,0.5321243819000951,0.7043010234891008,False,0.36975173144845697,0.304987343827929,0.24593970544756236,-0.17499999999999993,0.2633115521089342,-0.175,0.8196469280681628,0.6586580493791357,1.6946650517103647,0,1.14848044255322,0.5877256788817165,0.6962424325425386,1.8944655845098213,0,,0,1
S0_null,1501902,1.059024341856796,0.6676951836476535,1.679707423555505,0.8074829299655579,-0.6002625656414103,0.5049613425445626,0.24211976413519834,40,0.36444964500730515,0.5054012614055765,True,0.010778088064284472,0.03297791060386734,False,0.2073689925949288,0.3346836386017702,0.06521663906258922,0.050000000000000044,0.055653255970699776,0.05,0.8074829299655579,0.6676951836476535,1.679707423555505,0,1.1216276899843587,0.6347893534515574,0.6984888603584372,1.8011005562695261,0,,0,1
S0_null,1501903,1.0082396702973353,0.6360824444829796,1.5981375395253195,0.972147024844818,-0.648110524177163,0.5668718913943077,0.2602534952612203,40,0.13116077726510658,0.12877688675176746,False,0.06975940792054554,0.09241417432881947,True,0.04136741427220624,0.01396804006168644,0.10801161754986509,-0.10000000000000003,0.09888517876815865,-0.1,0.972147024844818,0.6360824444829796,1.5981375395253195,0,1.0288289641897372,0.9120663270123546,0.6212631890401675,1.7037691210886974,0,,0,1
S0_null,1501904,0.44954986319894025,,,,0.1483679525222552,0.5259289177297337,0.7794338912043979,40,0.9553309378099653,0.7863736581031272,True,0.21771664041165129,0.21170839577583656,False,0.467626104731935,0.5580126181711574,0.16485237742411396,-0.12499999999999994,0.1649384004605626,-0.125,0.014602391484952385,0.23877608944769074,0.8463790489644456,1,0.4364696112518824,0.014174192795622468,0.22717641091780258,0.8385805585039307,1,0.0,0,1
S0_null,1501905,1.1962461682846453,0.7615755470939269,1.8790058328372332,0.43670789206048255,0.025620987998881073,0.5342572513400472,0.9620090188717888,40,0.7781115581306569,0.9459139983897503,False,0.059123534151804956,0.04216335697007314,True,0.7315743243588675,0.6928731754729492,0.18585535450868912,-0.1499999999999999,0.18611765176727474,-0.15,0.43670789206048255,0.7615755470939269,1.8790058328372332,0,1.3034202670468724,0.28006788743355204,0.8058673605781631,2.10816875785821,0,,0,1
S0_null,1501906,1.188695740820116,0.7389297076487116,1.9122218928510395,0.4760720744232855,-0.19999999999999885,0.4643141685795419,0.6691543667865014,40,0.06728298615668782,0.04196985752831147,False,0.09079880332161541,0.05686526196612856,True,0.626482845677758,0.4968345319103884,0.264357719130486,0.17500000000000004,0.24051773093342968,0.175,0.4760720744232855,0.7389297076487116,1.9122218928510395,0,1.2407148792744116,0.39654923543487297,0.7535619061579004,2.0427962176346517,0,,0,1
S0_null,1501907,1.200891854346648,0.774103355662492,1.862982811386885,0.4138719873257848,0.1500000000000007,0.5664506661260987,0.792627946603193,40,0.9132599547277199,0.6345748104817058,False,0.4779720677177939,0.48904747200818977,True,0.8867531634662109,0.9674848859427626,0.07040389537289603,0.07499999999999996,0.024630214771563665,0.075,0.4138719873257848,0.774103355662492,1.862982811386885,0,1.246140168685336,0.36901907970059367,0.7710033265304068,2.014083813359365,0,,0,1
S0_null,1501908,0.917953654299377,0.5442801446815831,1.5481713225723932,0.7481985780521376,0.5506229810798347,0.6266612182075034,0.38525560568931455,40,0.6405696651414503,0.3933931334883982,True,0.9678805474803831,0.8919849905959645,True,0.07947628787009903,0.06838356806834103,0.020333452232662894,0.0,0.021043143355250853,0.0,0.7481985780521376,0.5442801446815831,1.5481713225723932,0,0.9942937493896382,0.9838859560623574,0.5706111610814212,1.7325634819369358,0,,0,1
S0_null,1501909,0.9535478527713914,0.6012402739925062,1.5122964093657236,0.839805502392717,-0.1656500522830246,0.4942753637724071,0.7394143387312977,40,0.8616584578289358,0.7449860127678984,True,0.6873673930019102,0.4157617490638412,False,0.15162035481286407,0.20168865507497347,0.1648523774241142,-0.125,0.14326057979794618,-0.125,0.839805502392717,0.6012402739925062,1.5122964093657236,0,0.9542957076915632,0.8554142391072078,0.5769604021878592,1.5784103974297057,0,,0,1
S0_null,1501910,1.248368439640107,0.7699769937626598,2.023987435616614,0.3682474290680481,0.9704384133611672,0.4320864723942303,0.03076604014731899,40,0.537582692611596,0.8281907790855565,False,0.84451926747294,0.9243388427218101,False,0.2330305242958769,0.36935751405919637,0.07082798140943712,0.07499999999999996,0.05494849062323591,0.075,0.3682474290680481,0.7699769937626598,2.023987435616614,0,1.3280391994285696,0.26497629229275843,0.806439599073759,2.1870058430223054,0,,0,1
S0_null,1501911,1.3990357802373505,0.8480132424038145,2.3081020631659985,0.1886586415105037,0.29999999999999716,0.5025993133271351,0.5542113626501278,40,0.1416745805401692,0.18363709034897036,True,0.419210937032352,0.4633866024653428,False,0.2306759038578199,0.11324890646421915,0.05763501273535841,0.050000000000000044,0.055653255970699776,0.05,0.1886586415105037,0.8480132424038145,2.3081020631659985,0,1.4550525640730567,0.16465594913897286,0.8573202816635018,2.469529777258401,0,,0,1
S0_null,1501912,1.5199598581861515,0.9167899736403516,2.519964263269274,0.1045554787634069,-0.05494736842105463,0.45111468540116545,0.9037137474747889,40,0.2786716578905336,0.40770140917237474,False,0.14424912413163601,0.1417770354120949,True,0.18229844966721753,0.2757321972764374,0.04081018814161537,0.04999999999999993,0.040102433856149304,0.05,0.1045554787634069,0.9167899736403516,2.519964263269274,0,1.4176237754538292,0.1880288066380018,0.843160437252619,2.383481339898134,0,,0,1
S0_null,1501913,2.0258375737454,1.2150482602740729,3.377658327968738,0.006794034401736504,0.05687575880210549,0.5608470251676918,0.9197722013539943,40,0.8518352679720813,0.775868009183501,False,0.5456810188918035,0.47023524503974445,True,0.7930268256745449,0.9458373658743446,0.21075938324424284,0.15000000000000002,0.13912737068907083,0.15,0.006794034401736504,1.2150482602740729,3.377658327968738,0,2.0504209923381707,0.007249245897801873,1.214009826702741,3.4630907867029017,0,,0,1
S0_null,1501914,0.7864915626915261,0.5084343283504398,1.2166152906941572,0.2805656325067316,-0.05911081619111047,0.5328841689845575,0.912274412424035,40,0.5381228230942857,0.6447837649822641,True,0.21062652739291976,0.27744067651132276,True,0.20012940978665172,0.22027657987579674,0.2644001049230157,-0.17500000000000004,0.28851620086324586,-0.175,0.2805656325067316,0.5084343283504398,1.2166152906941572,0,0.7864462371937408,0.34047153446423983,0.47990138404954963,1.2888016258197206,0,,0,1
S0_null,1501915,1.2657865342638592,0.7314552976678351,2.1904490341818565,0.3995965853508362,-0.6163183039713344,0.5212786350492384,0.24462121380539387,40,0.8879452335638292,0.84939162800474,True,0.4322753574586311,0.3848961671922081,False,0.1705922818131812,0.6051961542992614,0.01363521724054401,0.0,0.021043143355250853,0.0,0.3995965853508362,0.7314552976678351,2.1904490341818565,0,1.2699099928357205,0.4287602182829472,0.702657228993381,2.295103961592077,0,,0,1
S0_null,1501916,1.0627347929948918,0.6828006726054544,1.65407751567126,0.787494654140722,-0.5500000000000009,0.5012727775196478,0.2796405597575417,40,0.6723788278264118,0.8282944060986228,True,0.7086630033997603,0.7549402734643562,False,0.09227963164380648,0.30160227615666746,0.03142941182963725,-0.025000000000000022,0.029131773706320103,-0.025,0.787494654140722,0.6828006726054544,1.65407751567126,0,0.972651184438553,0.9099096170370787,0.6016684047280464,1.572378272077182,0,,0,1
S0_null,1501917,1.253123212794859,0.7406703962159574,2.12013035010981,0.40033292474410076,0.1888928018030709,0.6194896520339453,0.7621381800409525,40,0.17097869156129486,0.5326477871767159,False,0.3339912623884139,0.28419518932228904,False,0.0032974035097607223,0.006213375232556311,0.13628442276665587,-0.125,0.18325136952942586,-0.125,0.40033292474410076,0.7406703962159574,2.12013035010981,0,1.3989340223042077,0.2674351815234691,0.7729001121637868,2.5320431035796176,0,,0,1
S0_null,1501918,1.0296927138012768,0.6574043287688626,1.6128081888980361,0.8983012365543397,0.07005068720148361,0.4772261619291494,0.8840968991771877,40,0.613680175817048,0.92434952112362,True,0.8518097163115469,0.9351370084222835,False,0.07824190071996488,0.3903882595172562,0.053481779532600006,-0.050000000000000044,0.055653255970699776,-0.05,0.8983012365543397,0.6574043287688626,1.6128081888980361,0,1.0151284672788048,0.9525839373566497,0.6188407739611369,1.6651873122124463,0,,0,1
S0_null,1501919,0.7328570338918928,0.4662164347263214,1.1519959231812573,0.1780394080964668,0.014503336879775952,0.6501809654720057,0.9823232389392886,40,0.9131572601529852,0.8599490276163644,True,0.12621414954905977,0.11736765255593297,True,0.022632361403184295,0.038403332729589686,0.10535329322236003,-0.10000000000000009,0.06198396713929165,-0.1,0.1780394080964668,0.4662164347263214,1.1519959231812573,0,0.7158258175078642,0.16835466468020066,0.44485936681063937,1.151839523318198,0,,0,1
S0_null,1501920,1.0574210437242046,,,,0.3301026225769659,0.5486340286151238,0.5510557509428706,40,0.2954108175194784,0.3221161373385121,False,0.7935067069237305,0.8069893730657948,True,0.6568686966119676,0.5763057042581501,0.034482448531678915,0.025000000000000022,0.029131773706320103,0.025,0.82682644075629,0.6332318329007831,1.765766036411471,1,1.0873657421439542,0.756214943855385,0.6324709487468883,1.869436469028159,1,0.0,0,1
S0_null,1501921,0.8597381525125083,0.5845243494204792,1.2645319080692594,0.44266077452778296,-0.765853489979269,0.6062545436021429,0.21440039328962743,40,0.49227738428870016,0.7027761258215746,False,0.420248328995971,0.6342219272120113,True,0.4895252721561709,0.7546934669915448,0.11360827839130402,-0.09999999999999998,0.10968809608557809,-0.1,0.44266077452778296,0.5845243494204792,1.2645319080692594,0,0.7164183303892043,0.14248411913956852,0.45878779406221837,1.1187203120056202,0,,0,1
S0_null,1501922,0.830105225653751,0.5900543487044243,1.1678156210028083,0.2849895903567444,0.15070138031646352,0.5456248881462273,0.7839317097930927,40,0.4217305186997419,0.47252362615892884,True,0.046173363739382786,0.08006271228651132,False,0.09789795780788775,0.13818116874466574,0.2736242584576572,-0.19999999999999996,0.2800310090496965,-0.2,0.2849895903567444,0.5900543487044243,1.1678156210028083,0,0.7264079994311812,0.11377172965848066,0.48880652327461466,1.0795039683649297,0,,0,1
S0_null,1501923,1.331903646707883,0.8632309564059847,2.0550320988250634,0.19522059725084728,1.1287817589576572,0.5949680775694509,0.0656253113774323,40,0.008855130373136951,0.01360283175947471,False,0.9255883471936182,0.9136428773001853,True,0.17542145792539043,0.26476880315450246,0.5,0.25,0.5,0.25,0.19522059725084728,0.8632309564059847,2.0550320988250634,0,1.2679782554960193,0.3306169092440483,0.785924928790542,2.045702836891712,0,,0,1
S0_null,1501924,1.1368096744460723,0.7178074471844242,1.8003940206852558,0.5846500369223782,-0.3357307249712312,0.5202724446017849,0.5227158316679055,40,0.2037779089561459,0.0821989803209821,False,0.8787794451956213,0.505179290147475,True,0.31242221124269354,0.4151449551538655,0.03640349619475428,-0.050000000000000044,0.03231112320566666,-0.05,0.5846500369223782,0.7178074471844242,1.8003940206852558,0,1.221742253805632,0.4314555330452672,0.7417914337812276,2.012228864824402,0,,0,1
S0_null,1501925,0.9581570253459379,0.6037470827688645,1.520611712125231,0.8560617874692756,-0.02589437819420931,0.6432192287248538,0.9681043100576808,40,0.7780896713918112,0.8705687520605252,True,0.8664472632020159,0.8813434401081547,False,0.5405172503160489,0.9242067695328503,0.030471780461411142,-0.050000000000000044,0.055653255970699776,-0.05,0.8560617874692756,0.6037470827688645,1.520611712125231,0,0.9726102117603559,0.9095758606513021,0.6022772190472779,1.5706564919007284,0,,0,1
S0_null,1501926,1.4147349400217517,0.8721859559822163,2.2947800716011066,0.15977368067684672,-0.14056616194865157,0.5252699456401101,0.7904876419071268,40,0.09774303357549825,0.179922508210692,True,0.9839321340178759,0.935100339980293,True,1.0,0.9567233366445285,0.5,0.25,0.5,0.25,0.15977368067684672,0.8721859559822163,2.2947800716011066,0,1.43951953588291,0.17351248095703542,0.851864455228465,2.432565980972633,0,,0,1
S0_null,1501927,0.7380457270665549,,,,-0.04382303839732815,0.5064585939195763,0.9315129799437465,40,0.7650991206849344,0.8176614453794682,True,0.7651388653276605,0.8708407976187337,False,0.626482845677758,0.5577688580923489,0.04173357659711863,0.02499999999999991,0.017563739731861275,0.025,0.3022948215426198,0.4100468746664471,1.328412747162859,1,0.7202612448603007,0.29714602979264193,0.3843315009499867,1.349814573006387,1,0.0,0,1
S0_null,1501928,1.1327966240718816,0.7186772826394345,1.7855416088787888,0.5912152458347644,0.21561208267090765,0.4730067527954531,0.6511742466015807,40,0.6721282953486711,0.6941817732715152,False,0.6357520167738094,0.7039819411262441,False,0.4313421670159464,0.32016810865915246,0.07265838477177336,0.04999999999999999,0.024706122142071883,0.05,0.5912152458347644,0.7186772826394345,1.7855416088787888,0,1.1810157792179492,0.48796677584590087,0.7380076591465243,1.889950942209471,0,,0,1
S0_null,1501929,0.9764359953864723,0.5834498834568279,1.6341202220103268,0.9276824777726254,0.5508057066611953,0.5825658383007709,0.3505465763510469,40,0.7366986276184188,0.8176867839930715,False,0.14202163185050953,0.19720867114740293,True,0.4927166772270878,0.4215096917715696,0.12481442376355673,0.125,0.10220287084734073,0.125,0.9276824777726254,0.5834498834568279,1.6341202220103268,0,1.0229813439183324,0.9354153587384062,0.5904679483372471,1.7723075959531196,0,,0,1
S0_null,1501930,0.9307953904853506,,,,-0.5236899090515379,0.5327287555439676,0.3319759655997461,40,0.23915259188554372,0.27175079611378306,True,0.2483533730978138,0.13443507107260103,True,0.8783921644741222,1.0,0.15135544073138588,0.125,0.1308595450857383,0.125,0.813048971475792,0.5061373420410796,1.7117489404258548,1,0.8989785631340946,0.7479805450767109,0.46200073148969034,1.7492666177578888,1,0.0,0,1
S0_null,1501931,1.2670038743457956,0.790360776375057,2.0310962608365575,0.32567300922154907,-0.09999999999999731,0.5105673768121868,0.8457910562022181,40,0.042808682279792516,0.04479155364412944,True,0.6007235503042403,0.4802568084181079,False,0.3303370487533551,0.5228146433908423,0.5,0.25,0.5,0.25,0.32567300922154907,0.790360776375057,2.0310962608365575,0,1.1871236596826256,0.5002317782363767,0.7209497662386016,1.9547306197639691,0,,0,1
S0_null,1501932,1.0133971991860646,0.6286334357605651,1.63366093003891,0.9564381847249454,-0.1414818512443844,0.6312259358251212,0.8238828687056914,40,0.16239223764447996,0.38476133840035587,False,0.6948866023724733,0.684294103532481,False,0.4674901387987096,0.40654634069704587,0.08405373763632872,0.07499999999999996,0.06483499538239326,0.075,0.9564381847249454,0.6286334357605651,1.63366093003891,0,0.963443536951336,0.8788266778883854,0.5968963500537873,1.5550831376497054,0,,0,1
S0_null,1501933,0.9482822628777735,0.628889037693508,1.4298853950239139,0.7999414411300922,0.05027074969657461,0.5004756213339128,0.9205326047753519,40,0.6405405315801269,0.74460260994055,True,0.6579439426527619,0.5875586306886221,True,0.5155476241751429,0.44722760152778884,0.030834080808223835,-0.025000000000000022,0.017563739731861296,-0.025,0.7999414411300922,0.628889037693508,1.4298853950239139,0,0.9006462669625548,0.6402900910030173,0.5806862614009489,1.3969052690115185,0,,0,1
S0_null,1501934,1.030827785429243,0.6367560078472232,1.6687803650341189,0.901686575753856,0.2999999999999988,0.5967348218327593,0.6181294215963066,40,0.28546464604911836,0.30912807864739233,False,0.9826149273641405,1.0,False,0.5842580597894764,0.5967587493807349,0.04359967347683251,0.025000000000000022,0.0352330639291004,0.025,0.901686575753856,0.6367560078472232,1.6687803650341189,0,0.9871508557069651,0.9616689556064673,0.5825477551966936,1.672767259387981,0,,0,1
S0_null,1501935,1.2630877655914206,0.7867975840381355,2.0277015791006803,0.33349691058698594,-0.3881583113456477,0.6372134824480727,0.54614771267286,40,0.9108095103784667,0.9243921895629076,True,0.23488622285128846,0.25495262321237844,False,0.470764263471687,0.5319696600846593,0.24593970544756236,-0.17499999999999993,0.24051773093342968,-0.175,0.33349691058698594,0.7867975840381355,2.0277015791006803,0,1.3132071772859908,0.2994366452403394,0.7849065589866527,2.1970934893216567,0,,0,1
S0_null,1501936,0.9666576496860727,0.6180494696885287,1.511896793904725,0.8818712058654028,0.006016290262865098,0.5290797438376338,0.9909883559238327,40,0.8616584578289358,0.8812989286029909,True,0.940392816121133,0.7137833981371553,True,0.8398122304351947,0.9022736012031597,0.042957108604514446,-0.025000000000000022,0.029131773706320103,-0.025,0.8818712058654028,0.6180494696885287,1.511896793904725,0,1.012217689890306,0.9608875756411296,0.6230058161414801,1.6445828035322736,0,,0,1
S0_null,1501937,1.070254517304934,0.698035881654374,1.640953942219798,0.7555176385705661,0.7000000000000024,0.5145501993597994,0.18193051502690621,40,0.038143258986382315,0.009916581328781496,True,0.33783653446412354,0.34902394703825523,False,0.9130748413548014,0.7230735851985277,0.27351761944296743,0.17500000000000004,0.24051773093342974,0.175,0.7555176385705661,0.698035881654374,1.640953942219798,0,1.0762333575937912,0.7531172575779994,0.6809033782912954,1.7010904585379887,0,,0,1
S0_null,1501938,0.8812539344992427,0.5472591250719738,1.4190873417930827,0.6030375098470975,0.4353729343456893,0.5156765150646511,0.4039415594663132,40,0.5326233138717894,0.694099618814783,False,0.33011691818805744,0.4556371048667235,False,0.8808903874098204,0.6832762309352607,0.20658916179668346,-0.15000000000000002,0.18611765176727474,-0.15,0.6030375098470975,0.5472591250719738,1.4190873417930827,0,0.7626831123410681,0.2947367104617774,0.4594730462670355,1.2659840105445395,0,,0,1
S0_null,1501939,0.820083295473401,0.5053355889561015,1.3308712590455145,0.422024251271798,-0.24680812145600983,0.49923577664132185,0.6239661943534223,40,0.1384024744606729,0.24922828178622458,False,0.2045636406391571,0.132025490156014,True,0.5577896623461434,0.9025876622868556,0.0684347551073807,-0.07499999999999996,0.08352372448108482,-0.075,0.422024251271798,0.5053355889561015,1.3308712590455145,0,0.7785578563435791,0.36111876280335975,0.4549691957171403,1.3322931340854143,0,,0,1
S0_null,1501940,1.1292259697377611,0.727913823438133,1.7517888102568293,0.5874981362910014,0.131713766319618,0.5134008142184426,0.7989461870025264,40,0.951827334777657,0.7039020091632313,False,0.8641610311132468,0.6533789106936937,True,0.19760461158890485,0.29384084283549905,0.026993869661072808,-0.02499999999999991,0.0017697072376828072,-0.025,0.5874981362910014,0.727913823438133,1.7517888102568293,0,1.2072591171718203,0.4245084853174844,0.7604097243915088,1.9166963930672716,0,,0,1
S0_null,1501941,0.5534287321069699,0.34817292770352803,0.8796874689301833,0.01234583689012148,0.6451619247410524,0.5263821570320047,0.22807374736731326,40,0.23931654122149526,0.17947159819653868,True,0.1269466489545107,0.07097787487364476,False,0.5263012847238787,0.6437029537774839,0.07950028887490683,0.07499999999999996,0.04481321300021269,0.075,0.01234583689012148,0.34817292770352803,0.8796874689301833,0,0.5375307428814718,0.019082636747304555,0.3198662157211548,0.9033129644257005,0,,0,1
S0_null,1501942,1.2943562527562031,0.8079375391997652,2.073623303490101,0.28326218614419574,-0.05000000000000182,0.46349012954670465,0.914676008069583,40,0.0607773289465879,0.07786255542074917,True,0.9839174524676887,0.8810532167354659,True,0.08838325602710549,0.2008343893637684,0.5,-0.25,0.5,-0.25,0.28326218614419574,0.8079375391997652,2.073623303490101,0,1.288482444866941,0.3453320770035375,0.7611195975410994,2.1812432843586604,0,,0,1
S0_null,1501943,0.9133854758086221,0.5884419274893139,1.41776611836228,0.6863184507395594,0.2358711331944212,0.49168209819018727,0.634248198346573,40,0.41085269774563626,0.30263066009826,False,0.537618175541379,0.44778466717410614,False,0.8489782843790221,0.7240422719612681,0.014799712576046686,0.025000000000000022,0.012390771509656994,0.025,0.6863184507395594,0.5884419274893139,1.41776611836228,0,0.8800366771583483,0.5814153945311008,0.5587252637811745,1.3861276791078256,0,,0,1
S0_null,1501944,1.303875566812285,,,,0.4400240008348084,0.5687324469955722,0.44402815277910346,40,0.046604888452373566,0.08930046583910495,False,0.2116093596974853,0.13224443368374242,False,0.5524155044868957,0.9133659525384431,0.08038728632671902,-0.07500000000000007,0.03460576199081596,-0.075,0.3190336884016711,0.7661356018615844,2.219047763345174,1,1.069240822849714,0.8109108054947956,0.6094311094026724,1.875972393941135,1,0.0,0,1
S0_null,1501945,1.424926734019853,0.9474348358889888,2.1430668584392114,0.08900957147974244,1.1278805809575043,0.5968431331298837,0.06664666646533453,40,0.913239444958166,0.9134476774043453,True,0.08692379540684665,0.07296332258059665,False,0.28629494739651784,0.16381697898649616,0.1362276150167422,0.125,0.08565825367350988,0.125,0.08900957147974244,0.9474348358889888,2.1430668584392114,0,1.4614029257954082,0.0678350389896729,0.9725713766875675,2.1959298440359705,0,,0,1
S0_null,1501946,0.6636850518247494,0.4121830284106257,1.0686462509485148,0.09164513963747989,0.01056322594784287,0.37675726126856424,0.9777831490510778,40,0.028069526233878817,0.0543900671889134,False,0.49302457309512837,0.587135321497936,True,0.35911058637385684,0.3416499789531703,0.17528770306307878,-0.15000000000000002,0.06695386012941199,-0.15,0.09164513963747989,0.4121830284106257,1.0686462509485148,0,0.6457782135729817,0.09343925631935032,0.3874285284811307,1.0764036989233297,0,,0,1
S0_null,1501947,1.164243728117669,0.7272324868481472,1.863865384144152,0.5264874199571137,0.2531405591727337,0.5939778620588907,0.672447041477155,40,0.9839418994097531,0.9891789193043642,True,0.6579115075536063,0.5323962530279802,True,0.7254358189333918,0.8704959157890089,0.04389107208161568,-0.050000000000000044,0.03231112320566666,-0.05,0.5264874199571137,0.7272324868481472,1.863865384144152,0,0.9819768818357876,0.9435703411854317,0.593454800047202,1.6248560065286184,0,,0,1
S0_null,1501948,1.2167627720917111,0.7185795834681495,2.060330793706621,0.46531840009540304,0.5475898801597892,0.5175819443543629,0.29692446005594475,40,0.970209380036796,1.0,True,0.49333191529357767,0.41569575511933576,True,0.8717960164169345,0.967435545139537,0.1032917330114737,-0.09999999999999998,0.11978503962277386,-0.1,0.46531840009540304,0.7185795834681495,2.060330793706621,0,1.2690891780381848,0.37938870062523866,0.7459934421106041,2.158983244218443,0,,0,1
S0_null,1501949,1.8090486284177225,1.1285656707446892,2.8998373996442455,0.013802979716372522,1.8906701708278595,0.49891151926953814,0.0005388504376037337,40,0.03009123075822655,0.07967799905126186,True,0.17727080541171036,0.2320295210540383,False,0.7223566783731054,0.82814288791692,0.9525793156167657,0.425,0.965394238009184,0.425,0.013802979716372522,1.1285656707446892,2.8998373996442455,0,1.7630702271516132,0.028057587129508878,1.062963198052858,2.9242937399549263,0,,0,1
S0_null,1501950,0.8650187928507796,0.5695978339624929,1.3136593353588693,0.496376187724319,0.02486419753086362,0.6214565010398894,0.9683006232216222,40,0.2759754287545253,0.11243299407891888,False,0.47722753215916414,0.7649192008151056,False,0.6685441801398574,0.7322041400443161,0.1160973425605691,0.09999999999999998,0.07502426537113577,0.1,0.496376187724319,0.5695978339624929,1.3136593353588693,0,0.8456944589641777,0.4708504876732006,0.5362622065572459,1.3336742906314916,0,,0,1
S0_null,1501951,1.2346646153427627,0.7757552799633882,1.9650484524596932,0.3739738482976973,0.19687579482831935,0.45316977217830773,0.6664909929162388,40,0.5698879902871476,0.6255161788572955,True,0.6699895488967582,0.5774815740663488,False,0.5700976861069749,0.7333838761690937,0.02114511468373635,0.0,0.008700382961356227,0.0,0.3739738482976973,0.7757552799633882,1.9650484524596932,0,1.384679102000219,0.21711421799536057,0.8258237986346906,2.321725552939993,0,,0,1
S0_null,1501952,0.7526314943656729,0.47435554774492916,1.1941552470589005,0.22759231264087876,0.2999999999999975,0.46059812640345005,0.5188606021667221,40,0.031236477744691602,0.03184585476868231,True,0.6629344063341054,0.8278787687946585,True,0.16324440806616103,0.196084996202603,0.015585051189600567,0.02499999999999991,0.017563739731861275,0.025,0.22759231264087876,0.47435554774492916,1.1941552470589005,0,0.6067073887779766,0.05943621489991518,0.3608463211691113,1.0200848228276185,0,,0,1
S0_null,1501953,0.7259524028720776,0.4759561664698016,1.107259298990889,0.13703400893940496,0.04727743758831743,0.5114148721566368,0.9268437066864667,40,0.10759585253115699,0.11705382254176067,True,0.7438616056076093,0.6938664882120347,False,0.4831535208173374,0.6234631513937159,0.08393441151597987,-0.07499999999999996,0.05494849062323596,-0.075,0.13703400893940496,0.4759561664698016,1.107259298990889,0,0.6902052740852471,0.08950079499881725,0.44990257815339035,1.0588588363516167,0,,0,1
S0_null,1501954,1.016924296931393,0.6493153424123417,1.5926545364651032,0.9415503017328103,1.0027045300878983,0.5787931740502861,0.09153105479192837,40,0.7780458784827948,0.8815043755646831,False,0.9255948183958725,0.881193012696975,True,0.6467674040054682,0.44597892431693453,0.19556963114746376,-0.15000000000000002,0.17244622317316977,-0.15,0.9415503017328103,0.6493153424123417,1.5926545364651032,0,0.9993387563152739,0.9980369987333467,0.5900104839028363,1.692644414159634,0,,0,1
S0_null,1501955,1.1778704293981017,,,,0.6881889763779526,0.541889116254106,0.21202033074903373,40,0.3757380396273473,0.4229626923830063,False,0.10227706642389078,0.12518401450368838,True,0.42090306772967445,0.567554917599193,0.5918494219910008,0.27499999999999997,0.6142330516284654,0.275,0.5621756306273137,0.6685104396731015,2.0753284707549073,1,1.1171247372231456,0.7225072424224778,0.5971583602842702,2.0898437692839162,1,0.0,0,1
S0_null,1501956,0.7932304254718897,0.4892327002507455,1.2861252070268914,0.3475041369651748,0.7144371441086288,0.5517052331596972,0.20335605761531053,40,0.9826211143451534,0.8922076345885098,True,0.051464516331267564,0.05917416121639488,False,0.7926214344572147,0.5584802633363677,0.07029098252414996,0.07499999999999996,0.0835237244810848,0.075,0.3475041369651748,0.4892327002507455,1.2861252070268914,0,0.8212554690885142,0.4664446449426377,0.4834137133931933,1.3952035840555703,0,,0,1
S0_null,1501957,1.046905730826699,0.6778914142537934,1.6167952362167735,0.83622745000249,-0.04552991050400579,0.5027284732305568,0.9283262781687108,40,0.910770787867792,0.8388440454974578,True,0.809033289571321,0.5782003610393236,False,0.11484071035114121,0.1776623510716644,0.07122587513949757,-0.07500000000000007,0.04481321300021269,-0.075,0.83622745000249,0.6778914142537934,1.6167952362167735,0,0.9639019079989735,0.8761591514986825,0.6070402741415636,1.5305523007644646,0,,0,1
S0_null,1501958,1.0879934377860598,0.6483210091720195,1.825838903751226,0.7495125584308562,-0.47264774909323515,0.5311639461415001,0.37930439654513926,40,0.5275797630237233,0.3085342454964357,True,0.01864488377400401,0.03323504075676831,False,0.49231999491356127,0.6242554898527898,0.11066293965651257,-0.125,0.11722504994521371,-0.125,0.7495125584308562,0.6483210091720195,1.825838903751226,0,1.075466027616057,0.7879200557182313,0.6329805272620016,1.8272713404934071,0,,0,1
S0_null,1501959,0.7834241149753339,0.484903379907706,1.2657229653497235,0.3186585411202315,-0.8121383922081707,0.5621805615165391,0.1569800471313314,40,0.06409495832319934,0.09014953111713112,True,0.924317951151113,0.6153122831768099,False,0.0993910608301975,0.178794182002742,0.264357719130486,-0.17500000000000004,0.2633115521089342,-0.175,0.3186585411202315,0.484903379907706,1.2657229653497235,0,0.7640625049627168,0.31554841035960035,0.4517500958427685,1.2922886278547467,0,,0,1
S0_null,1501960,0.8693059984543854,0.5694238981094497,1.3271183760600143,0.5164296361533437,-0.22891923013653703,0.49953378316355984,0.6494418328824891,40,0.4937700183690844,0.6161784475348036,False,0.7779582148499722,0.7343068630732046,True,0.45603825874124415,0.5777515475817875,0.41201849524879147,0.22499999999999998,0.41261191108917944,0.225,0.5164296361533437,0.5694238981094497,1.3271183760600143,0,0.9374226359789785,0.7980569503525146,0.5714189843680298,1.5378578984694684,0,,0,1
S0_null,1501961,0.9093087249499175,0.6102828539755655,1.3548510365050332,0.6402970364113878,0.7499999999999964,0.5272293382977774,0.16324878256325123,40,0.39003695024012597,0.3565750044965589,True,0.48119566982373585,0.5600038427044107,True,0.11609025506420433,0.07999146662412485,0.11019967294741813,0.09999999999999998,0.08733606889123377,0.1,0.6402970364113878,0.6102828539755655,1.3548510365050332,0,1.0004396932628266,0.9984295367485978,0.6457785710455977,1.5498804462267415,0,,0,1
S0_null,1501962,1.0208215937586818,0.6661814822995685,1.5642535164545657,0.9246043504093526,0.14999999999999947,0.6274768385681485,0.812383979580321,40,0.6006013105899498,0.6535326266594756,True,0.2225240808533967,0.2837864148461898,False,0.5997982131330266,0.8278948106877575,0.2672551098921767,-0.175,0.2633115521089342,-0.175,0.9246043504093526,0.6661814822995685,1.5642535164545657,0,1.0334061892969517,0.8855176452889599,0.6606939375325526,1.6163737721971,0,,0,1
S0_null,1501963,1.1464246484692069,0.7156343902146007,1.8365376127656778,0.5697980190635408,0.2736842105263154,0.5692987961057999,0.6335324633748797,40,0.1729203649118627,0.20727764080449507,False,0.13269546067395077,0.2776449536773282,False,0.6466889990026379,0.7540618533553594,0.03755613355375243,-0.025000000000000022,0.05370801749285708,-0.025,0.5697980190635408,0.7156343902146007,1.8365376127656778,0,1.0838833027046895,0.7580439715253557,0.6492425454932608,1.8094978864785747,0,,0,1
S0_null,1501964,1.3646042756862844,0.8507869485922389,2.1887322464249146,0.19718860029384688,-0.817705650008587,0.4844483760826731,0.09984169061185831,40,0.6539334158650707,0.6740180180169242,False,0.6405405315801269,0.8385962452475765,False,0.06837050703455426,0.06433554375545154,0.04852387520394682,-0.04999999999999993,0.03231112320566666,-0.05,0.19718860029384688,0.8507869485922389,2.1887322464249146,0,1.4084376786531612,0.18889344630319682,0.8449999725385837,2.3475701291331426,0,,0,1
S0_null,1501965,1.0553638824131066,0.6842939494300213,1.6276527437218946,0.8074094719567174,1.2212453270876722e-15,0.581228445407685,0.9999999999999983,40,0.7506587354833018,0.8707623829280453,False,0.4664661668742568,0.5596707420506504,False,0.8807449634825306,0.7533568463370582,0.03690132453870612,0.025000000000000022,0.059747121331570494,0.025,0.8074094719567174,0.6842939494300213,1.6276527437218946,0,1.1211767668186428,0.613173695951705,0.7196018742705954,1.7468511233771682,0,,0,1
S0_null,1501966,0.9165301503766986,0.5867576697155692,1.4316430102340836,0.701687233689064,-0.7359396433470529,0.5345547448529359,0.17686857995856278,40,0.7562899763511706,0.6841251386047765,True,0.5709689922682919,0.4643565244393555,True,0.006892886947817257,0.004866955206067491,0.38982168994224686,-0.22499999999999998,0.394713931651549,-0.225,0.701687233689064,0.5867576697155692,1.4316430102340836,0,0.9131513303207738,0.7209014917179888,0.5547187984564415,1.5031856760341527,0,,0,1
S0_null,1501967,1.0404696525502044,0.6711477780578381,1.613023440248429,0.8592351250725481,-1.0910096397767635,0.5739273538961588,0.06511899602437574,40,0.5445360874861696,0.9675737473881415,False,0.8959040057667336,0.8488055777662036,True,0.014360223162074835,0.05051194620440502,0.046060635838996236,0.025000000000000022,0.0352330639291004,0.025,0.8592351250725481,0.6711477780578381,1.613023440248429,0,1.0372090184984923,0.8714428758811343,0.6663477895947081,1.614476051175828,0,,0,1
S0_null,1501968,0.8319508132761485,0.5197074060823672,1.3317919806614205,0.4434368394606504,0.6827417923691217,0.39912244744652814,0.0955272985861368,40,0.38006495204087654,0.35677890174932125,False,0.4589774753853111,0.35623476219268846,False,0.060365118712803874,0.03153745455997908,0.5783898950448751,0.275,0.5763190919227851,0.275,0.4434368394606504,0.5197074060823672,1.3317919806614205,0,0.8908125153975679,0.7007184967439338,0.4869344270960352,1.6296792615824547,1,0.0,0,1
S0_null,1501969,0.8930777699766199,,,,-0.25170203022439425,0.5530341023452847,0.6516757134680566,40,0.6540744227927089,0.6256789779210823,True,0.3125339436814393,0.3356882253222576,False,0.2383108995461004,0.2641563228614565,0.17861899355556157,-0.15000000000000002,0.18611765176727474,-0.15,0.5806898659411658,0.5923223324332102,1.3465436968246474,1,0.8472252410845748,0.46902701696793897,0.5355810846218108,1.3402090360186423,1,0.0,0,1
S0_null,1501970,0.6166443049455389,0.3843246512479951,0.9893984098782171,0.04505437832157451,0.5183803942461345,0.5131868589069651,0.31899819552300046,40,0.4202034368194887,0.4893137893968813,False,0.22257894120162502,0.14626628532488675,True,0.0327882387018892,0.022637981780896398,0.05088155416794524,0.07499999999999996,0.05494849062323591,0.075,0.04505437832157451,0.3843246512479951,0.9893984098782171,0,0.6190978281017941,0.05030981650254513,0.3830339780802663,1.0006478346420755,0,,0,1
S0_null,1501971,0.9848841946076076,0.6513141059925831,1.489291983488719,0.9424511803309142,0.07158948685857147,0.491210333735008,0.8849169588309267,40,0.3556216035016302,0.4634288809557522,True,0.034369083890102146,0.03934618177958837,True,0.3592251043257234,0.33408798133340833,0.16382873734746345,-0.125,0.19894445961988425,-0.125,0.9424511803309142,0.6513141059925831,1.489291983488719,0,0.8790260575798213,0.5805868774182776,0.5563664345299381,1.3888091767382584,0,,0,1
S0_null,1501972,0.9427567590779834,0.5978273975846364,1.4867005265702862,0.7997748014725151,-0.6116736536601104,0.6302115395400064,0.3380576011921368,40,0.6947854584387234,0.4807539437774542,True,0.05203760379195184,0.06099945558705441,False,0.2783887332991658,0.2652894602285273,0.0438709188714228,-0.07499999999999996,0.024630214771563665,-0.075,0.7997748014725151,0.5978273975846364,1.4867005265702862,0,0.9224236089948884,0.7324862241487284,0.5805568528479256,1.4656020513016585,0,,0,1
S0_null,1501973,1.1785013750966042,0.7035656785400768,1.9740381509037381,0.5325908397387544,0.9424558876485412,0.4482291590389182,0.04236187210251875,40,0.3979196159294409,0.40816601957901644,True,0.36996928282173625,0.4811258723824221,False,0.28513434766178725,0.4058993014031663,0.346486123371254,0.2,0.32904785026129135,0.2,0.5325908397387544,0.7035656785400768,1.9740381509037381,0,1.1914091688248234,0.5104898234566977,0.7071743273877126,2.007221914861216,0,,0,1
S0_null,1501974,0.7417552378567974,0.46952788653227123,1.1718171564878461,0.20040793819227942,0.07739820565907785,0.47654388860353686,0.8718622864408908,40,0.053329978635977236,0.09483810536720058,False,0.34864445207770733,0.44664735361893015,False,0.7928732159922122,0.9891440477375439,0.08659181742461486,0.07499999999999996,0.015385690519042126,0.075,0.20040793819227942,0.46952788653227123,1.1718171564878461,0,0.7062815538210176,0.20272624668070477,0.4103966699653433,1.2154914251861644,1,0.0,0,1
S0_null,1501975,0.6990601938997494,0.4123753485686242,1.1850493886004736,0.18368975306087698,-0.550000000000001,0.4949136740967719,0.2736065589013794,40,0.061816473816621004,0.1587609286759375,True,0.9826190527521459,0.8707503064489537,True,0.19054996547682967,0.42166430682237543,0.09947708726311456,-0.09999999999999998,0.10968809608557809,-0.1,0.18368975306087698,0.4123753485686242,1.1850493886004736,0,0.7230837944005538,0.22458209371956728,0.42848380088005045,1.2202332332070325,0,,0,1
S0_null,1501976,0.8213049139028268,,,,-0.44922875327592626,0.5157255182514031,0.3893373567244512,40,0.20470128687102085,0.2331754842234015,False,0.1980852321779929,0.2896980059376121,True,0.16938211662123592,0.12016623202904968,0.20292787737633514,-0.15000000000000002,0.18611765176727474,-0.15,0.423827033240738,0.5018309769833305,1.3441612665200942,1,0.7694374221651029,0.3316622555610771,0.4487015119161953,1.3194382699977483,1,0.0,0,1
S0_null,1501977,1.5522028923453604,1.005801532559607,2.395436615486085,0.04702279125926421,-1.2499999999999982,0.5466220328452099,0.0280275660711686,40,0.8720409691192086,0.5507644517654218,True,0.9057283595955855,0.5877346272412425,False,0.5120873827944095,0.5854647756974278,0.03187101051798793,0.0,0.02575178272878667,0.0,0.04702279125926421,1.005801532559607,2.395436615486085,0,1.6334032418304543,0.060549055393338276,0.9784855703359454,2.72666887617589,0,,0,1
S0_null,1501978,1.075018658319475,0.6753453688839904,1.7112209085623005,0.7603746049627451,1.0590382728164882,0.4731411112341566,0.031302874111943386,40,0.4113017109886036,0.29060785842332826,False,0.681243595849045,0.7653073264008172,True,0.34158708165546015,0.3011667962219692,0.05213854426454219,-0.07500000000000007,0.04481321300021269,-0.075,0.7603746049627451,0.6753453688839904,1.7112209085623005,0,1.1426670814753104,0.5948829537706957,0.6989470503967263,1.8680786453654643,0,,0,1
S0_null,1501979,1.0837649434561365,0.7068886720503422,1.6615720397070322,0.7121638276715123,-0.1879868708971566,0.48385764838407913,0.6998602448735568,40,0.3700944683002695,0.33534623830507604,False,0.4426869808286068,0.1468190672201474,False,0.022422878433801797,0.026929396160394196,0.02214221316000963,0.0,0.01656628160682895,0.0,0.7121638276715123,0.7068886720503422,1.6615720397070322,0,1.1113398968601036,0.6615409960090219,0.6927730652957208,1.7828007874783853,0,,0,1
S0_null,1501980,0.8372082346989358,0.5076182443606205,1.380796762201803,0.4864133396658973,-0.533112667091026,0.47406579103884017,0.26802077087195225,40,0.024906920181163705,0.04303088010236165,False,0.32343005326661545,0.5966894597285386,False,0.14765239773876368,0.07414146907313549,0.20012499143624093,-0.15000000000000002,0.2189189255985675,-0.15,0.4864133396658973,0.5076182443606205,1.380796762201803,0,0.8810477025094684,0.6485974270846064,0.5110320445798376,1.5189753017062346,0,,0,1
S0_null,1501981,0.6826195028019436,0.4485832971187655,1.0387577705154816,0.07467613471317905,-0.5281929616449219,0.529449837461879,0.3249407085424897,40,0.5458845697561467,0.724529045936102,False,0.6811648072451189,0.7540165512706345,False,0.2125750379864133,0.44489578106054695,0.03995135682444048,-0.025000000000000022,0.059747121331570514,-0.025,0.07467613471317905,0.4485832971187655,1.0387577705154816,0,0.6539118349837784,0.08403989081373076,0.403867670457386,1.058764340922828,0,,0,1
S0_null,1501982,0.8909080503240976,0.579574792068396,1.369481842541243,0.5984817998770066,1.4655589743589736,0.4953626521877763,0.005362207802634373,40,0.5688571449978306,0.41549764220150864,False,0.7226818776960366,0.7858911028189683,True,0.8308428569222105,0.692275320706447,0.19844151661825107,-0.15000000000000002,0.20912510240144702,-0.15,0.5984817998770066,0.579574792068396,1.369481842541243,0,0.8611623691348077,0.4816435574050293,0.5679005684722986,1.3058635035510606,0,,0,1
S0_null,1501983,0.8132486375492023,,,,0.25676646100940714,0.4083247053326917,0.5333241628571525,40,0.6630845109904588,0.7136149455646188,True,0.5728191559972302,0.8386037711466919,False,0.07530910566939183,0.08907299302498356,0.335762799399553,0.19999999999999996,0.34382774874259053,0.2,0.49477898294477407,0.4433457265740884,1.4917778763456977,1,0.8454129920646895,0.5930706840297385,0.45008358749795346,1.5879786488660186,1,0.0,0,1
S0_null,1501984,1.216654501577963,0.7893432572802258,1.875290835206839,0.3743450710164604,-0.39411556185749863,0.4787565120919792,0.41566496612223713,40,0.03458858576174272,0.046204705126723394,True,0.6405696651414503,0.6251899442014365,False,0.38136923484553287,0.32730169865316805,0.12002743811245725,-0.09999999999999998,0.09888517876815865,-0.1,0.3743450710164604,0.7893432572802258,1.875290835206839,0,1.361661559915717,0.20430997549701446,0.8453956141044364,2.193200642182482,0,,0,1
S0_null,1501985,0.744703620576429,0.46958498251069974,1.1810077050047176,0.21025948711149767,0.30924412665985757,0.5560603371953625,0.5814670866755917,40,0.1839276702616548,0.31578293213416053,True,0.7471041749094923,0.8707623829280453,False,0.09714582510251066,0.20710624036580905,0.02550655029291358,0.025000000000000022,0.0004365969624834123,0.025,0.21025948711149767,0.46958498251069974,1.1810077050047176,0,0.7302454205811942,0.23064924556152666,0.4367450480909565,1.2209832180369655,0,,0,1
S0_null,1501986,1.2533659605125627,0.7752439945597711,2.0263636248657977,0.35686984126535604,0.01204819277108568,0.6236557327279787,0.9846907032311348,40,0.9701989921887099,0.7347166882755012,True,0.031794034031298414,0.03423705722030877,True,0.29360907284345616,0.406679953939571,0.3357694625282858,0.19999999999999996,0.31989262858668743,0.2,0.35686984126535604,0.7752439945597711,2.0263636248657977,0,1.05756095961936,0.8284284875008066,0.6375152358486299,1.754366202436266,0,,0,1
S0_null,1501987,1.4295633686138005,0.8908072527330944,2.2941566973240173,0.13864994558381535,-0.06352092524144326,0.39690701561985786,0.8737202399939079,40,0.2660907328668597,0.2466067732372046,True,0.014814888197246474,0.017649013656441635,False,0.1604236980739404,0.38464891546197955,0.15880764292463925,-0.125,0.1649384004605626,-0.125,0.13864994558381535,0.8908072527330944,2.2941566973240173,0,1.5179800076606982,0.1096825744676149,0.9102625541527917,2.5314271065475387,0,,0,1
S0_null,1501988,1.2184134411915781,0.7930681016901673,1.87188377708359,0.367211456906839,1.0257142857142862,0.5748826674365081,0.08259146213276988,40,0.02616099289665733,0.040583143947443216,False,0.6867423229088081,0.9134925276135306,True,0.9128261698404522,0.9133454851246899,0.040512480251636285,0.025000000000000022,0.047582390994191696,0.025,0.367211456906839,0.7930681016901673,1.87188377708359,0,1.1409406255279195,0.5676387883512104,0.7259222344924113,1.7932299757842016,0,,0,1
S0_null,1501989,0.9260509662479338,0.5656004893481291,1.5162122527105775,0.760059366381909,0.41593155893536315,0.472629626042005,0.38451965471483435,40,0.16685107665214916,0.30910526537208194,False,0.468439750226772,0.5593740202162261,True,0.6715624924507848,0.540310607298153,0.5861560119540394,0.275,0.5831814529041373,0.275,0.760059366381909,0.5656004893481291,1.5162122527105775,0,0.9230693123961251,0.7627791914576794,0.5488860432413838,1.5523385336157034,0,,0,1
S0_null,1501990,0.8363287009898599,0.5080220120069034,1.3768019486720227,0.48222079572012777,-0.6899637023593471,0.5540283322275826,0.2208294819701,40,0.8812207973057495,0.9241781221195079,False,1.0,0.81739050788298,False,0.16123277436811634,0.4066354259618864,0.03314854041679858,0.04999999999999993,0.04010243385614931,0.05,0.48222079572012777,0.5080220120069034,1.3768019486720227,0,0.8584060011829616,0.562137976230149,0.5122666120253686,1.438432342786439,0,,0,1
S0_null,1501991,1.1395847396898666,,,,0.24221807590788935,0.5643658786310013,0.6702765180191897,40,0.887933956016326,0.6840546565420003,False,0.4685299284736154,0.39252303323686866,True,0.5971727703330549,0.7331026508334004,0.030607922493560768,-0.050000000000000044,0.03231112320566666,-0.05,0.6439131951754592,0.6461854183620805,2.0097225069327385,1,1.1798794698064958,0.61516493348869,0.609695553551737,2.2832962372141137,1,0.0,0,1
S0_null,1501992,0.9887928984399386,0.6126159336351557,1.5959614210549282,0.9631984065812392,0.19999999999999915,0.43967284598441025,0.6518508014127568,40,0.019556192520186377,0.014194917796558773,True,0.6404530884680235,0.6842800334637436,False,0.9810554779353531,0.40576517362766573,0.22021175308037352,0.14999999999999997,0.2189189255985675,0.15,0.9631984065812392,0.6126159336351557,1.5959614210549282,0,1.1478257144984956,0.6139220327819621,0.6718189092673552,1.9610997140595101,0,,0,1
S0_null,1501993,0.9508449023005682,0.6146630739978735,1.4708969295170398,0.8208589423215957,-0.2752369852369867,0.4713025577940465,0.5627693421394271,40,0.9826211143451534,0.9244312389420195,False,0.44413976736722416,0.3424936099364495,True,0.3464009025180814,0.4462163811839551,0.031502040927463615,0.025000000000000022,0.047582390994191696,0.025,0.8208589423215957,0.6146630739978735,1.4708969295170398,0,0.9127648724950116,0.7033118995974026,0.5706323493290134,1.4600288845181923,0,,0,1
S0_null,1501994,1.044191960813012,0.6748639224326071,1.6156395604854779,0.8460380943707839,-0.164884218980056,0.6549665673528462,0.8026316504600313,40,0.04007502733593549,0.018279986015301578,True,0.614730145166361,0.5874881691931798,False,0.1965598468074814,0.29588019716071423,0.15457542433077873,-0.12499999999999994,0.17446361933638296,-0.125,0.8460380943707839,0.6748639224326071,1.6156395604854779,0,1.0770409994620989,0.7950594458726595,0.6066619181685435,1.9121314191342396,1,0.0,0,1
S0_null,1501995,0.9737378478829593,0.631162010638821,1.502253590072802,0.904243275066074,-0.7781777933123579,0.536225236310616,0.1551465796040482,40,0.41126093297394195,0.39330405944153424,False,0.08516668604934327,0.14945731553043431,True,0.0873752803407676,0.09720515177140794,0.4106175024651227,0.22500000000000003,0.4076949647158248,0.225,0.904243275066074,0.631162010638821,1.502253590072802,0,1.1424301506572256,0.5634163366636611,0.7272038628002399,1.7947465846853046,0,,0,1
S0_null,1501996,0.4919858113693895,0.3056876322354586,0.7918214970580011,0.0034855763799503223,0.2240372670807469,0.5115233550519958,0.6639467890097203,40,0.10303737441555383,0.10665323009877391,False,0.3717469127071449,0.5318142478582395,True,0.14965455440168418,0.10763560184482107,0.07029098252414996,-0.07499999999999996,0.0743759621482963,-0.075,0.0034855763799503223,0.3056876322354586,0.7918214970580011,0,0.5107305212632607,0.011708145786061564,0.3029060564593385,0.861143776386846,0,,0,1
S0_null,1501997,1.4784246176768885,0.9102612173943606,2.401222097992676,0.1141069560537577,-0.7892697816388836,0.49070331178237353,0.11623839192474428,40,0.3140462296568983,0.271999593911608,True,0.9678675269622267,0.9136671845398953,True,0.1994956725804825,0.16843470885405887,0.12332611324857634,-0.09999999999999998,0.13806267595474211,-0.1,0.1141069560537577,0.9102612173943606,2.401222097992676,0,1.5634780156386745,0.0789972438975381,0.949558247464177,2.574316543417382,0,,0,1
S0_null,1501998,1.2752323707770674,0.8207370577913713,1.9814112011146443,0.2795488829008096,-0.3873858331641986,0.4924610387055285,0.4365066606567546,40,0.8788222483689953,0.8706414655792721,False,0.2270595957633259,0.4964060070900791,False,0.45817669791399285,0.27707712630800074,0.14806718329546167,0.125,0.1308595450857383,0.125,0.2795488829008096,0.8207370577913713,1.9814112011146443,0,1.36237188013015,0.2421960609028938,0.8113955663665929,2.2874874065195265,0,,0,1
S0_null,1501999,0.7013400489592075,,,,-0.5088826937793821,0.47837068817442474,0.2943205330444628,40,0.6009474941519317,0.559466809851918,False,0.10289784940261262,0.09552516034558778,True,0.9825776662018018,0.9674617853856478,0.04613048694995379,-0.07499999999999996,0.034605761990816004,-0.075,0.17561178710950348,0.41688394674396656,1.1798915936098526,1,0.7551048242284555,0.3130243797375594,0.4331046731012879,1.3165022937532258,1,0.0,0,1
