scenario,seed,itt_hr,itt_hr_lo,itt_hr_hi,itt_h1a_p,itt_tr_b,itt_tr_se,itt_tr_p,itt_tr_n,itt_el_wp,itt_el_mp,itt_el_low,itt_gl_wp,itt_gl_mp,itt_gl_low,itt_il_wp,itt_il_mp,itt_tost_p,itt_hid_diff,itt_ptost_p,itt_pdiff,itt_v2_p,itt_v2_lo,itt_v2_hi,itt_v2_fb,itt_st_hr,itt_st_p,itt_st_lo,itt_st_hi,itt_st_fb,itt_jk_fail_frac,itt_jk_invalid,ok
S2_N120,6500000,2.2375956991181356,1.6511323630505157,3.032364106449773,2.0621918166262418e-07,-1.0618909609801723,0.30530948324131907,0.0007099566833063713,120,0.0001377611498706054,0.00027028173159426936,True,0.038654856626712274,0.052262552199230636,True,0.16810266219688508,0.314532345167999,0.0011981868630427425,0.04166666666666674,0.0006949394686485515,0.041666666666666664,2.0621918166262418e-07,1.6511323630505157,3.032364106449773,0,2.2624375405298176,7.049971313246803e-07,1.6385651630075673,3.1238450202391927,0,,0,1
S2_N120,6500001,2.120728508948909,1.5414214817649712,2.917754463574045,3.8729500967553275e-06,-1.4207108316570498,0.3154405085375008,1.5887745675367585e-05,120,0.0028432954052770264,0.005626938728853858,True,0.017059179367126785,0.007728984810567762,True,0.3780821898055926,0.16075628673369058,0.0007604888829263946,0.033333333333333326,0.0007374116820841247,0.03333333333333333,3.8729500967553275e-06,1.5414214817649712,2.917754463574045,0,2.26758435016783,1.7945172737614523e-07,1.6674213005854204,3.083767001969304,0,,0,1
S2_N120,6500002,2.4399844638050876,1.7374698182101362,3.4265482607020217,2.624215731736424e-07,-1.7083924864823294,0.2962980119786645,6.739342936925955e-08,120,3.7754249100125554e-06,1.654337764905935e-06,True,0.003015287767928824,0.008171266849447781,True,0.003848394115349018,0.005014605248862464,0.0006432720738105019,0.04999999999999993,0.0009350069426102083,0.05,2.624215731736424e-07,1.7374698182101362,3.4265482607020217,0,2.5477596038741783,2.820555608503903e-07,1.782931792716037,3.640677128340897,0,,0,1
S2_N120,6500003,2.151446890423522,,,,-0.5896248439111782,0.3117123546545171,0.0610210115438506,120,0.008052547235104261,0.0013602457086666275,True,0.0016673758692602684,0.0008489357192297658,True,0.796891109978439,0.8867890920223105,0.0001653702782136179,0.01666666666666672,0.00018345053774300086,0.016666666666666666,6.603877105581011e-07,1.6119272180841606,2.8715463517108817,1,2.1962421495763405,2.1316591604006186e-06,1.6067651650614687,3.001981673775692,1,0.0,0,1
S2_N120,6500004,2.852166882410407,2.1237332511812097,3.830450891416864,3.268711853272953e-12,-1.7453577522214103,0.3142684174823235,1.7771927920039938e-07,120,3.457819717053553e-05,8.308843107817518e-06,True,1.1802526943992023e-05,0.00028063254274778346,True,0.6338601718235355,0.9915820621602969,0.005015017652183064,-0.06666666666666665,0.004936809893005777,-0.06666666666666667,3.268711853272953e-12,2.1237332511812097,3.830450891416864,0,3.1585672058941827,2.1495291921893625e-11,2.255666261403809,4.422882482597981,0,,0,1
S2_N120,6500005,2.455153512399408,1.8289158190053745,3.295820784537397,2.2541765741389144e-09,-1.2333333333333325,0.2683464038013891,1.095354997498047e-05,120,2.024392226537864e-05,8.599684420069678e-06,True,0.08051166240444511,0.06334830601076048,True,0.07568092230975401,0.1493382087387975,0.00031571210088524385,-0.016666666666666607,4.745159708034144e-05,-0.016666666666666666,2.2541765741389144e-09,1.8289158190053745,3.295820784537397,0,2.610635815563553,4.35347368369872e-10,1.9313648841988966,3.5288098159297943,0,,0,1
S2_N120,6500006,2.7629005450585304,2.0929852624919865,3.647239929819597,7.335947452305876e-13,-1.4967338261583798,0.31418320294831115,5.498781011711384e-06,120,1.0535118399297145e-05,1.4215458407478629e-06,True,0.048688003810603724,0.06326812591944297,True,0.07007897590303325,0.12935507214374467,0.09762153565600264,0.15833333333333338,0.11227926168076217,0.15833333333333333,7.335947452305876e-13,2.0929852624919865,3.647239929819597,0,2.8548129240856164,5.5823514655080455e-12,2.118264824529358,3.8474683321699623,0,,0,1
S2_N120,6500007,2.9781028699399967,2.2266452242945585,3.98316561937016,1.9034433399575514e-13,-1.3528238501323049,0.32109381509773216,4.9765919684265554e-05,120,8.651980563084719e-05,4.254480906518429e-05,True,0.07932311434385206,0.10755384095856992,True,0.6163617562571788,0.8473426400626337,0.0047076809946235915,-0.06666666666666665,0.003075241961590814,-0.06666666666666667,1.9034433399575514e-13,2.2266452242945585,3.98316561937016,0,3.205676569920043,1.2152968608594406e-12,2.324508408283786,4.420875499659518,0,,0,1
S2_N120,6500008,2.723535237416326,1.9917899655064026,3.7241096289801345,3.4734875985776045e-10,-1.6302431483519362,0.30248353918246945,3.7155787539507157e-07,120,2.4435158985875235e-05,7.560401891220971e-06,True,0.003348508859778685,0.013254668430639995,True,0.053442925597064324,0.08482892014403429,0.0056133677048762765,0.07500000000000007,0.004561925939497086,0.075,3.4734875985776045e-10,1.9917899655064026,3.7241096289801345,0,2.870954887534024,8.99377892970198e-11,2.087148825962603,3.9491107982939697,0,,0,1
S2_N120,6500009,2.9145169040033125,2.1533175166812906,3.9448008563143544,4.316947162809406e-12,-0.5938576492915859,0.2747788687864886,0.032715991834607966,120,2.044615062129328e-06,3.806236152962355e-08,True,0.0016187673619433203,0.0009382569517744435,True,0.08681863087163554,0.09030976201775733,0.002400626448929993,0.04999999999999993,0.001114833640254121,0.05,4.316947162809406e-12,2.1533175166812906,3.9448008563143544,0,3.263293693116226,1.3090668343379555e-11,2.3168449201617753,4.596373988980049,0,,0,1
S2_N120,6500010,2.791759227830423,2.0690322577923395,3.766939619632824,1.8598204193319873e-11,-1.3557507825911355,0.2998053859034261,1.4767693944439002e-05,120,3.225721689020712e-05,8.108877707874043e-06,True,0.096796156787451,0.13583107522328647,True,0.4168288452393085,0.44348438416830116,0.043965522303778426,0.125,0.039501302785797804,0.125,1.8598204193319873e-11,2.0690322577923395,3.766939619632824,0,2.944161034446276,2.972069925022532e-11,2.141416720789159,4.047826895438355,0,,0,1
S2_N120,6500011,2.4746569776690164,1.8085023784796812,3.386186952252744,1.4876363613605396e-08,-1.5999999999999983,0.2995027405773722,4.5856915150489913e-07,120,9.519107182798176e-06,1.0444438209221405e-05,True,0.025684443997688506,0.034913478668425736,True,0.6784101196391445,0.5747628209310597,0.01519884366233761,-0.10833333333333339,0.015497165192512949,-0.10833333333333334,1.4876363613605396e-08,1.8085023784796812,3.386186952252744,0,2.618067946648334,6.0570690048012505e-09,1.8927940446101357,3.6212496508986107,0,,0,1
S2_N120,6500012,2.7638370051081087,2.025640747520068,3.7710512094293667,1.4328080464457072e-10,-0.9122529644268765,0.33156941740236284,0.006880759825690066,120,0.00035215918421099086,9.001606319968388e-05,True,0.014838853801505313,0.010648141438188314,True,0.2693622806797972,0.39336567487144003,0.0019756068941884403,0.05833333333333335,0.0034154644421336045,0.058333333333333334,1.4328080464457072e-10,2.025640747520068,3.7710512094293667,0,2.9902440480195156,7.596515886036033e-11,2.150057777065732,4.158753109843883,0,,0,1
S2_N120,6500013,3.051831794584903,2.214982563142729,4.204853553891908,8.904266221328129e-12,-1.1535019614731534,0.310029372059078,0.0003068383135629087,120,0.0038072722127784086,0.0006373824046248203,True,0.00034259946502636455,0.002588048237573934,True,0.5627410034791829,0.34281804192851095,0.030122635524609937,0.125,0.010429174454107588,0.125,8.904266221328129e-12,2.214982563142729,4.204853553891908,0,3.267397797797652,9.266852392805365e-12,2.324732530329181,4.592308246119498,0,,0,1
S2_N120,6500014,3.0553396192916367,2.2137486846052123,4.216874414937455,1.0903002491753889e-11,-1.319286847055062,0.29019848716592894,1.3404582387081142e-05,120,5.116634552955322e-05,0.00034314021164326387,True,3.060936685608909e-05,1.301783841672285e-05,True,0.2240043667591468,0.4430039965802076,0.027733442713305415,0.125,0.02300175526754743,0.125,1.0903002491753889e-11,2.2137486846052123,4.216874414937455,0,3.7301685038211176,1.9389494043834223e-12,2.585413201641657,5.3817923796722384,0,,0,1
S2_N120,6500015,4.64601566802571,3.2939224888974405,6.553117646300652,2.07235550894989e-18,-1.1455553100175626,0.3104723315329796,0.00034218634505378266,120,0.007035373692241178,0.0035030120379596,True,0.00020305324037278824,0.00010350689986362298,True,0.9206728637262899,0.8084494256358824,0.0005953731652860833,0.016666666666666607,0.0007731834312663715,0.016666666666666666,2.07235550894989e-18,3.2939224888974405,6.553117646300652,0,5.09776100567109,1.856119841252249e-19,3.5784675851858174,7.26209380197342,0,,0,1
S2_N120,6500016,2.31927740666689,1.6976173357597866,3.1685866866269037,1.262507602831814e-07,-1.8452118621983624,0.3097126178268194,2.7572383853830003e-08,120,0.026778847095773314,0.013605433177549489,True,0.02206169247525432,0.06674424244284993,True,0.39389850574173035,0.43726203021263244,0.0018239509354133017,0.04999999999999993,0.002950491479639085,0.05,1.262507602831814e-07,1.6976173357597866,3.1685866866269037,0,2.572153778731472,4.0517784130712936e-08,1.835610304655448,3.604237263575635,0,,0,1
S2_N120,6500017,3.0017116044625496,2.1179467057624497,4.254248953408618,6.507209129908423e-10,-1.7093216520650798,0.2765950331148403,9.639088768382961e-09,120,0.00044701847697697434,0.00017734488341673737,True,0.04563218246945464,0.07813684739614006,True,0.6177150873978066,0.4571239366448655,0.00048826205241433415,0.04166666666666663,0.000832355989038957,0.041666666666666664,6.507209129908423e-10,2.1179467057624497,4.254248953408618,0,3.4494750459740775,5.8125122974818594e-12,2.4246639522131805,4.907433907258293,0,,0,1
S2_N120,6500018,2.4100774083818726,1.817660351372284,3.1955767258759007,9.871590293266613e-10,-1.1656050685183343,0.3108403105743648,0.0002766138418943804,120,5.407181174040532e-06,4.30242843581621e-07,True,0.0006699793168119105,0.0010525115304530494,True,0.5269028437601196,0.4400857266383025,0.0020546985306273266,0.050000000000000044,0.0020383066754954098,0.05,9.871590293266613e-10,1.817660351372284,3.1955767258759007,0,2.5365276814200612,1.3555786221947236e-10,1.9091699124088017,3.3700367038010155,0,,0,1
S2_N120,6500019,2.4282366267314472,1.8797905149146028,3.1366969184159244,1.1051098707600345e-11,-1.8294764494889124,0.3212163047313301,9.314577469121805e-08,120,8.016162593478953e-06,0.0001331061809297308,True,0.021653171464058013,0.018987452474670485,True,0.4869013721316332,0.5215306696603925,0.028095909153040045,-0.11666666666666659,0.0431541355103092,-0.11666666666666667,1.1051098707600345e-11,1.8797905149146028,3.1366969184159244,0,2.5754099595117403,2.042590673647834e-11,1.9530506488821513,3.3960903488850023,0,,0,1
S2_N120,6500020,4.229932762412655,3.002190269657126,5.95975923157442,1.6562759493173467e-16,-1.2732028586108641,0.3156402465353934,9.82379866445987e-05,120,0.048853668834683416,0.08495275321733996,True,0.44558704645682423,0.3153622432884394,True,0.717093724393755,0.8557787970296123,0.0010635036906360463,0.05833333333333335,0.00012406681174224562,0.058333333333333334,1.6562759493173467e-16,3.002190269657126,5.95975923157442,0,4.441615408358468,8.635659630770614e-16,3.0887348114524165,6.387064167056376,0,,0,1
S2_N120,6500021,2.9989571007394606,2.1941553567126557,4.098954827679253,5.622266017849293e-12,-0.7600543537341009,0.34245491292863334,0.028385683969271217,120,0.00014305109522824445,9.27879714652557e-05,True,0.0530664608243989,0.06528747753195119,True,0.511724718793632,0.6829852102072052,0.0060167518026739315,0.07499999999999996,0.009926004833218103,0.075,5.622266017849293e-12,2.1941553567126557,4.098954827679253,0,3.2578596317723663,1.5234163772435206e-13,2.381238842291178,4.457196477661916,0,,0,1
S2_N120,6500022,2.7871058176236874,2.0385043749466343,3.8106167119877585,1.337904341653997e-10,-0.9647643948792508,0.3252841049550478,0.0036590819864750694,120,0.00017226562548043072,4.608395813172148e-05,True,0.02935038736405426,0.011189654504073483,True,0.005578626522226698,0.0028700526221033256,0.004603576219167135,0.06666666666666665,0.004429399902008936,0.06666666666666667,1.337904341653997e-10,2.0385043749466343,3.8106167119877585,0,3.1658665622662348,5.2100318835570695e-11,2.244230297912453,4.465990455346046,0,,0,1
S2_N120,6500023,2.727239846967062,2.000094860421381,3.7187422107159036,2.278146606122394e-10,-1.3499999999999994,0.26956139860432193,1.9648097759243863e-06,120,1.011604675248001e-05,2.026401902968543e-05,True,0.06579956182568156,0.08861625553474664,True,0.39651354725880894,0.3591025141475924,0.006985972898939321,-0.07499999999999996,0.007014867829833814,-0.075,2.278146606122394e-10,2.000094860421381,3.7187422107159036,0,2.851206717063068,8.129639472807342e-10,2.040958079611978,3.983119410748062,0,,0,1
S2_N120,6500024,2.559088092148634,1.8613851827286847,3.5183109461398923,7.231914366411814e-09,-1.6333333333333337,0.30627626751642945,4.77890535644529e-07,120,5.991993335943876e-06,1.003330339863831e-05,True,0.011311572432355217,0.003736300823588856,True,0.718091156708654,0.8369863071373337,0.0013783117193932022,0.05833333333333324,0.00043042283438265105,0.058333333333333334,7.231914366411814e-09,1.8613851827286847,3.5183109461398923,0,2.614506491903323,1.9403442605469653e-08,1.8696240803170556,3.6561596890886294,0,,0,1
S2_N120,6500025,3.5226837823741226,2.4462401691290285,5.072805682452644,1.3072518236767506e-11,-1.5389195962880151,0.2949091443585755,7.915310528095527e-07,120,8.497099364401107e-05,4.9620778974127447e-05,True,0.034863290013476586,0.053612620661720546,True,0.40841907598246696,0.592756878955262,0.0014280692596496541,0.04999999999999993,0.0007747204583669248,0.05,1.3072518236767506e-11,2.4462401691290285,5.072805682452644,0,4.430048362280506,3.7715573644723875e-15,3.056803922841896,6.42021175957489,0,,0,1
S2_N120,6500026,2.6900347510637617,1.998257716419409,3.621298145114666,6.838639987695988e-11,-1.5158612822778148,0.33028295871632357,1.1244822287095508e-05,120,0.10782275139733874,0.07202919502031553,True,0.005530743638415415,0.008189024574078474,True,0.6264836138278602,0.9495455594388671,0.0021622837576854258,0.06666666666666665,0.0019835463690061838,0.06666666666666667,6.838639987695988e-11,1.998257716419409,3.621298145114666,0,2.8612152187549174,5.438375153487316e-10,2.052870626647875,3.9878560401064047,0,,0,1
S2_N120,6500027,3.0497317050219426,2.313603795951639,4.02007616381455,2.5478714516464445e-15,-1.1999999999999997,0.32298073499647045,0.00031256604413133033,120,3.791886690443371e-05,9.408797131950011e-07,True,0.1270539186314251,0.11417304523446298,True,0.852176482100888,0.9180408853940125,0.0014257338768473475,0.04999999999999993,0.0006333151549355015,0.05,2.5478714516464445e-15,2.313603795951639,4.02007616381455,0,3.393575519109801,6.868587847436953e-14,2.4649213153720675,4.672098347351515,0,,0,1
S2_N120,6500028,2.2134584611223778,1.6535815275031136,2.9629009986052948,9.278847085367176e-08,-1.3871246816432359,0.30785960714697896,1.5772792592079104e-05,120,3.4447465046943103e-06,1.385719608068535e-05,True,0.06167389368900927,0.06958057620728832,True,0.551716575266914,0.5341461557335341,0.0008102815456508952,-0.04999999999999993,0.00040384554145996406,-0.05,9.278847085367176e-08,1.6535815275031136,2.9629009986052948,0,2.8327903105303003,9.351234962745159e-14,2.1539761108999276,3.7255292214367444,0,,0,1
S2_N120,6500029,2.2946538421700047,1.6886856918607729,3.118067666922404,1.1021980417121623e-07,-1.2833333333333334,0.281903689827958,1.3071875966099058e-05,120,0.002336886208194561,0.0007834675916761952,True,0.008849957849664556,0.004452602024498456,True,0.407284390475422,0.38218858113967713,0.0003795342449215442,0.025000000000000022,0.00031126272902156846,0.025,1.1021980417121623e-07,1.6886856918607729,3.118067666922404,0,2.3665349133826643,5.4275475435614087e-08,1.7347742627765679,3.228366719768666,0,,0,1
S2_N120,6500030,2.9044254247353116,2.097205922056989,4.022345616674101,1.3837639022521183e-10,-1.2333333333333336,0.2953180074869444,5.732175516512234e-05,120,4.407259360798004e-05,5.2167725176142785e-05,True,0.0019518408848132308,0.0037009625568500933,True,0.8874789144495872,0.6810817274271239,0.00013440168322737607,0.0,0.00018502388844737346,0.0,1.3837639022521183e-10,2.097205922056989,4.022345616674101,0,3.3790518884310052,3.9493970801562876e-11,2.35452583885425,4.849380489392004,0,,0,1
S2_N120,6500031,3.1162732809262375,2.2344641444373563,4.346079656543369,2.1228999177779797e-11,-1.3835080914905948,0.3081788668673062,1.684415767744675e-05,120,0.0010001953767641975,0.0006725514691791386,True,0.0006256571536181071,0.0007058496115181626,True,0.5476712249848206,0.5408629349982278,0.00013445778887624134,0.008333333333333304,0.00020623800138594417,0.008333333333333333,2.1228999177779797e-11,2.2344641444373563,4.346079656543369,0,3.1691783006144725,1.0997658676105378e-10,2.232462632088876,4.498929100411384,0,,0,1
S2_N120,6500032,2.711922884922363,1.884480208148325,3.902681334601083,7.794657507326565e-08,-2.1374483530428625,0.3027175227971672,1.2674922476750363e-10,120,0.005842297909596928,0.00571158507961316,True,4.7668599045334535e-05,6.672570658667818e-06,True,0.3970190867868112,0.6556196502167075,0.0009411427859414665,-0.033333333333333326,0.0011736016517738315,-0.03333333333333333,7.794657507326565e-08,1.884480208148325,3.902681334601083,0,2.9508314091990187,9.021015703301778e-09,2.0403601249835375,4.267582912886873,0,,0,1
S2_N120,6500033,3.269352363036529,2.459634793858495,4.345630863728734,3.390187094187138e-16,-1.7885995103182921,0.2707898585191509,1.2275596510926458e-09,120,0.00013465086139637227,2.5776746114932748e-05,True,0.008917750219301633,0.012895913975210784,True,0.17185944786607976,0.07598683167400405,0.16313762080236124,0.1833333333333334,0.14222037348312297,0.18333333333333332,3.390187094187138e-16,2.459634793858495,4.345630863728734,0,4.17722791768614,4.508483938574362e-18,3.023084001284148,5.771997426761674,0,,0,1
S2_N120,6500034,2.2064694119122357,1.6561865319396223,2.9395887309883117,6.413328710113787e-08,-1.37581469711624,0.2850849568894816,4.245244207790176e-06,120,1.3962533568895321e-05,2.5283263722217265e-06,True,0.20495484272420617,0.18683480048452317,True,0.08944290303198325,0.01877737446639605,0.00013750695602485135,-0.008333333333333304,6.219399906656424e-05,-0.008333333333333333,6.413328710113787e-08,1.6561865319396223,2.9395887309883117,0,2.579206201607079,7.368877509059739e-09,1.8707205502849897,3.5560119491898403,0,,0,1
S2_N120,6500035,2.231029161104424,1.6760237789981427,2.969821299715477,3.8292750916273044e-08,-1.7630532547556057,0.2991536461699713,3.72598391311027e-08,120,0.0002696951698727785,7.690121477082897e-06,True,0.003914863273427683,0.004149508198003365,True,0.5177028817863392,0.3867123753353914,0.0033880205563238956,0.05833333333333335,0.002031871684161417,0.058333333333333334,3.8292750916273044e-08,1.6760237789981427,2.969821299715477,0,2.4508278514027646,5.946462424527453e-09,1.8120373540804946,3.3148086840955195,0,,0,1
S2_N120,6500036,3.395090079621882,2.4646965579695324,4.676696046608998,7.402893547999903e-14,-1.4503005507201043,0.30181112496528795,4.627853097280966e-06,120,1.5349705289414817e-05,1.9070739038523659e-06,True,0.004396936842356397,0.0015959506913800164,True,0.8018487539821475,0.824824641902421,0.0025829605362674406,0.050000000000000044,0.002950491479639096,0.05,7.402893547999903e-14,2.4646965579695324,4.676696046608998,0,3.6973276939699136,6.657715726432431e-14,2.6264716088870257,5.204789585519134,0,,0,1
S2_N120,6500037,2.68295199458224,1.9848383626610244,3.6266083630015733,1.378808308603531e-10,-1.966666666666669,0.286056184192567,3.220825824066544e-10,120,4.175441997968323e-05,7.3495801554089314e-06,True,0.010050849131389554,0.0016580111630724662,True,0.7701248811152239,0.5848196915779075,0.005046175230385845,-0.09166666666666667,0.006060873390793675,-0.09166666666666666,1.378808308603531e-10,1.9848383626610244,3.6266083630015733,0,3.2532547113425343,9.355758659283567e-12,2.317400055854459,4.567043221620207,0,,0,1
S2_N120,6500038,2.569006652294018,1.9470971225408773,3.389556228668486,2.5283180254217734e-11,-1.6285174081128928,0.28328877425341425,7.295080177488907e-08,120,0.0002984522837189506,8.581995590649968e-05,True,0.024063188144672842,0.029696374294791095,True,0.5016057704332872,0.4104426185422151,0.0095111651697455,-0.09166666666666667,0.011419986113754414,-0.09166666666666666,2.5283180254217734e-11,1.9470971225408773,3.389556228668486,0,2.7323733282668865,3.791942755391074e-11,2.028328461976147,3.6807963527516985,0,,0,1
S2_N120,6500039,2.9307206602686424,2.2414869937981554,3.831886427309295,3.828507417887217e-15,-1.6755346674322498,0.29952542727693743,1.4806225116106676e-07,120,1.149881722451013e-05,1.020987248121768e-05,True,0.007941856509782146,0.00522534335135976,True,0.8945962948460846,0.9306539675147345,0.0005600331378564939,0.033333333333333326,0.0011736016517738268,0.03333333333333333,3.828507417887217e-15,2.2414869937981554,3.831886427309295,0,3.4146836538374075,1.1863904118652593e-15,2.5280029661240144,4.612361857178449,0,,0,1
S2_N120,6500040,2.6563110924267535,1.968946308078568,3.5836368878108855,1.6108747791275616e-10,-1.3424826941699353,0.31925598022103346,5.1345938510425994e-05,120,4.066775711924819e-06,7.282653653344909e-07,True,0.016854127818663623,0.006272300974043938,True,0.4803891367227199,0.489792671658397,0.002662995078586607,0.05833333333333335,0.0010443402946136331,0.058333333333333334,1.6108747791275616e-10,1.968946308078568,3.5836368878108855,0,2.880311394825361,5.319453751802167e-11,2.0999365642888104,3.9506877837381267,0,,0,1
S2_N120,6500041,3.406902894178056,2.547895962247578,4.555518554266216,1.347327920366403e-16,-1.5796068336063651,0.3211847361190399,2.8818955479721807e-06,120,1.5164821405105893e-07,2.12632220144596e-06,True,0.003124642487772877,0.0012488869772966005,True,0.19853922631465715,0.12791913618467898,0.0001670935513056319,0.0,9.709152342295577e-05,0.0,1.347327920366403e-16,2.547895962247578,4.555518554266216,0,3.778372970013024,1.6588258972573783e-15,2.724190396163821,5.24049358687576,0,,0,1
S2_N120,6500042,2.6157456158210124,1.8408406117699405,3.7168482067050044,8.12905665323013e-08,-1.4492309981937024,0.31959304560788293,1.4042718048398727e-05,120,2.6215051792609e-06,3.843930804034512e-08,True,0.11758211769155344,0.09851554023748303,True,0.8797397069266912,0.7318024069631928,0.00011276968442963283,-0.008333333333333415,0.00025141462374122007,-0.008333333333333333,8.12905665323013e-08,1.8408406117699405,3.7168482067050044,0,2.784843813075055,2.7918601895847676e-08,1.9401458597570707,3.997305163537278,0,,0,1
S2_N120,6500043,2.355395282841609,1.7810851079774186,3.1148915420064482,1.8796094841932036e-09,-1.2499999999999976,0.27408758577375725,1.2645828399130066e-05,120,2.2188410970309025e-05,9.280978775761558e-06,True,0.0035318122333506895,0.015415846279016205,True,0.9904650066651657,0.9139920453220183,0.020424121655375254,-0.1166666666666667,0.021406105263946207,-0.11666666666666667,1.8796094841932036e-09,1.7810851079774186,3.1148915420064482,0,2.7368909839497335,1.8299337173481876e-10,2.0082796340624047,3.729845252114219,0,,0,1
S2_N120,6500044,2.8114827374341766,2.0265918489848733,3.9003587164577467,6.05132890821628e-10,-1.4457561056287551,0.28447135421579645,1.4292702192704041e-06,120,0.00032601291197976914,0.0005518622049122845,True,0.0001536319998269823,0.0002804120909040399,True,0.30536429228725526,0.44923855986858896,0.00025521376013588887,0.01666666666666672,0.00048584092871848425,0.016666666666666666,6.05132890821628e-10,2.0265918489848733,3.9003587164577467,0,3.1474549311306643,2.8765429470531965e-11,2.24520502261823,4.41227969993866,0,,0,1
S2_N120,6500045,2.6709193457348626,1.9951029376487692,3.5756601911618398,4.100717629755108e-11,-0.9644008484375107,0.2658287312175467,0.00042478569382440755,120,2.309676852001837e-05,5.9782349459318096e-05,True,0.009022483075657972,0.0023307052543133375,True,0.6411205757771266,0.5889555740357411,0.013760731454400271,0.10000000000000003,0.007908492367974147,0.1,4.100717629755108e-11,1.9951029376487692,3.5756601911618398,0,2.7459705185954704,2.678892572463845e-10,2.0070932641103254,3.7568528696835877,0,,0,1
S2_N120,6500046,2.4965284452298997,1.8063972607423748,3.4503231450210383,2.9921383380137845e-08,-0.6647916564095006,0.2979035782825465,0.02754854721954699,120,0.0012344572615405217,0.0002853481075177681,True,0.17032149580819644,0.07812906132270003,True,0.6090587422523599,0.7514594681518338,0.0001459372648957438,0.0,7.618512286987244e-05,0.0,2.9921383380137845e-08,1.8063972607423748,3.4503231450210383,0,3.0239667120021165,1.1743438034644072e-11,2.196443097296953,4.163265001743223,0,,0,1
S2_N120,6500047,2.8261250275249994,2.0014918227954785,3.990514765155412,3.594466367925175e-09,-0.9031079832890824,0.33804205961727807,0.00862568359019812,120,0.00012781388727087678,8.466483095495022e-05,True,0.051961246248265494,0.016051503872055416,True,0.03207748304593646,0.1234353368245279,0.01659247476800232,-0.10833333333333328,0.010289586587489727,-0.10833333333333334,3.594466367925175e-09,2.0014918227954785,3.990514765155412,0,3.2318634177394636,4.598230073521931e-10,2.2347868485648705,4.673797484368638,0,,0,1
S2_N120,6500048,2.6047578015507016,1.8844232080116523,3.6004455771366675,6.781243555816465e-09,-1.5622011273862635,0.303121487049762,1.0489956831390116e-06,120,0.00020871723480648938,0.00047808231715072073,True,0.1479228975278687,0.12331724053295368,True,0.2265323084949279,0.16413082138762314,0.001428069259649651,-0.04999999999999993,0.0015351005406343985,-0.05,6.781243555816465e-09,1.8844232080116523,3.6004455771366675,0,3.1905679568701384,4.930995063408639e-10,2.2137500535997696,4.59840706535649,0,,0,1
S2_N120,6500049,2.6607614534720407,2.0079623108992366,3.5257890418830264,9.501774718696997e-12,-1.7044243892464412,0.3239293454239907,6.542154739199768e-07,120,2.054824331169876e-06,8.711051877616859e-08,True,0.010825761197233573,0.012023783058770339,True,0.4916748881925035,0.6034534092234172,0.00023488106320140948,-0.01666666666666672,8.64370921577466e-05,-0.016666666666666666,9.501774718696997e-12,2.0079623108992366,3.5257890418830264,0,2.8757090817094033,5.5513773061090847e-11,2.0969403494739667,3.9436995547824982,0,,0,1
S2_N120,6500050,2.513404566296258,1.9052926607012222,3.315607436158339,6.976671580495044e-11,-0.8739385605186254,0.3049276418628583,0.0049296518378943366,120,6.259264714822286e-07,7.289447046504647e-09,True,0.0002255714100886863,0.0013188418017838948,True,0.23684983802196058,0.3065586101004145,0.05843997403044185,0.1416666666666666,0.06191414806531953,0.14166666666666666,6.976671580495044e-11,1.9052926607012222,3.315607436158339,0,3.1308521071935704,6.685577598993545e-15,2.349408258254964,4.172214378951356,0,,0,1
S2_N120,6500051,3.106709862801226,2.2540227644536777,4.281964815899163,4.3718112112605345e-12,-1.1493229561496607,0.2789608672627534,7.100671426837697e-05,120,0.003190334230618231,0.0017439353566083733,True,1.938093018136389e-05,1.4847903316222484e-05,True,0.4344644176227579,0.4720112662135133,0.0013867078218168245,0.04166666666666674,0.0006949394686485515,0.041666666666666664,4.3718112112605345e-12,2.2540227644536777,4.281964815899163,0,3.217850191058831,1.527931840140159e-13,2.359682000193828,4.38811664082144,0,,0,1
S2_N120,6500052,2.4903452277264106,1.8814153483586096,3.29635843497839,1.7966270324503224e-10,-1.3598081015916141,0.30748989511476954,2.199762908612941e-05,120,2.6524693091600566e-06,5.855965606065805e-06,True,0.0008648036143270576,0.0004889732603629356,True,0.018907436509785807,0.014052796943780076,0.0013140987295904394,0.03333333333333344,0.0011736016517738268,0.03333333333333333,1.7966270324503224e-10,1.8814153483586096,3.29635843497839,0,2.899470369144554,8.00110489440951e-12,2.1370530881331766,3.933888431798918,0,,0,1
S2_N120,6500053,2.6272237406117087,1.8995981792059269,3.6335603280684823,5.282539885442987e-09,-1.515851666728219,0.32337180178041863,7.534202355864772e-06,120,6.936622527768075e-05,5.169405123689852e-06,True,7.95120608247826e-06,9.219371683849889e-07,True,0.6025929854589802,0.700307400483802,0.0022576313295529617,0.050000000000000044,0.00040384554145996406,0.05,5.282539885442987e-09,1.8995981792059269,3.6335603280684823,0,2.763982139109871,6.715416782118815e-09,1.9600864887590936,3.89758171852657,0,,0,1
S2_N120,6500054,2.9327520375089087,2.21179668902981,3.8887093719655765,7.753977868920691e-14,-1.6001974209405339,0.3225680720359257,2.4041209230429304e-06,120,0.0006619096909955182,0.0007110210711771613,True,0.0017330171226536792,0.0030102607672819626,True,0.5901711300689478,0.5549541400742857,0.00019035031749313385,0.008333333333333304,6.219399906656424e-05,0.008333333333333333,7.753977868920691e-14,2.21179668902981,3.8887093719655765,0,3.2077769294791447,2.670324846056666e-12,2.3139253234743475,4.446916555564774,0,,0,1
S2_N120,6500055,2.7547357307814804,2.01362385681491,3.7686129516003786,2.335567907891084e-10,-1.2000000000000006,0.31181504024204537,0.00019419125441734052,120,1.7338016280644353e-06,2.577345014877804e-07,True,0.049164673429339265,0.0852364779209257,True,0.5747642200145808,0.7200860493802715,0.0007791112125367165,0.033333333333333326,0.0006197208657286441,0.03333333333333333,2.335567907891084e-10,2.01362385681491,3.7686129516003786,0,3.031770550571118,1.9469348190855586e-11,2.1927730486699377,4.191784770834187,0,,0,1
S2_N120,6500056,2.49158880595385,1.7557539336936394,3.5358114020536573,3.188726737353281e-07,-1.4207185141065062,0.30116030098088264,6.663003593519944e-06,120,2.4957177306079888e-05,1.2565787983191069e-06,True,0.0003426736344806324,1.1969341493654604e-05,True,0.9464522607423237,0.9055590510441018,0.003449873260351522,-0.06666666666666665,0.0011584858112279428,-0.06666666666666667,3.188726737353281e-07,1.7557539336936394,3.5358114020536573,0,2.5387638410287514,4.3489502582032465e-05,1.6439974374750224,3.9205181794043917,1,0.0,0,1
S2_N120,6500057,2.45178669755413,1.855167227536019,3.2402782461219783,2.9067924468619256e-10,-0.9223893565802026,0.32699196243556,0.005628536997772005,120,5.196818554782299e-08,1.7387269361681798e-07,True,0.6120016733006473,0.7925073300399091,True,0.665418052200216,0.8003551597355664,0.00019491749929447075,0.0,0.00022402514898546073,0.0,2.9067924468619256e-10,1.855167227536019,3.2402782461219783,0,2.617019148863558,2.226318060217028e-10,1.944213135113307,3.522653510475023,0,,0,1
S2_N120,6500058,3.043933451915017,2.219168587949693,4.175226213096214,5.061801926189457e-12,-1.3249497412438278,0.3179234816683727,5.927566993233283e-05,120,0.002437556050038213,0.002306988466397806,True,0.0008201657601453921,0.0008492553459735916,True,0.20112521008328765,0.28957882297961735,0.22762497321139558,0.19999999999999996,0.23736565303080917,0.2,5.061801926189457e-12,2.219168587949693,4.175226213096214,0,3.4083601119879217,1.2369786073224636e-13,2.4645536255900478,4.713599465789295,0,,0,1
S2_N120,6500059,2.9152826395051545,2.1696451225424074,3.917171882119181,1.2557261596549928e-12,-1.4521937679083132,0.2713849286111824,4.4089606351882546e-07,120,0.0058092780837546276,0.0067100283091947426,True,0.009349132290201418,0.009472370218762436,True,0.10423725013543403,0.39838725308035816,0.004803254825067035,-0.06666666666666665,0.0026817165531350926,-0.06666666666666667,1.2557261596549928e-12,2.1696451225424074,3.917171882119181,0,3.2336606961474472,3.2228729081545297e-13,2.358092618855444,4.434330277868447,0,,0,1
S2_N120,6500060,2.5873930017618822,1.9253022036096483,3.477169731076506,2.9017744715489873e-10,-1.8614345226957125,0.3178252570531675,4.4205591722387567e-08,120,2.3203248260739118e-07,6.744243808842464e-09,True,0.004229764321673959,0.007784885451222102,True,0.19214534519170734,0.22683397903498248,0.020960559336729984,0.10833333333333328,0.015497165192512949,0.10833333333333334,2.9017744715489873e-10,1.9253022036096483,3.477169731076506,0,2.7433699424272504,3.616768573993807e-10,2.001121306311191,3.760930742817711,0,,0,1
S2_N120,6500061,2.8084316065552692,2.0794196175045854,3.7930237948624237,1.6471569405614796e-11,-1.7656919788084406,0.3371591542627869,7.293173233357608e-07,120,0.00010193996929254712,8.12037356758595e-05,True,0.26968997168045183,0.18680330306291193,True,0.9027605523602641,0.9516257180135709,0.001134407044847734,-0.025000000000000022,0.0008865185920559777,-0.025,1.6471569405614796e-11,2.0794196175045854,3.7930237948624237,0,2.9585418241437496,1.2890083537454707e-11,2.1611983451937125,4.050053871581731,0,,0,1
S2_N120,6500062,2.769772334471072,2.070204388735196,3.7057397938801415,6.9400842558412725e-12,-1.468208001675746,0.2782805531132654,6.143645994044778e-07,120,0.0008573509183739039,0.00024472280347837314,True,0.00046487483966968637,0.0025480674520858694,True,0.7804014066378152,0.8742904313973641,0.010775840763904098,0.07499999999999996,0.005128189647772848,0.075,6.9400842558412725e-12,2.070204388735196,3.7057397938801415,0,2.912068431488523,4.100774562605622e-12,2.1527025903568036,3.9393005739201854,0,,0,1
S2_N120,6500063,2.087715212778339,1.5022809069584604,2.90129148914666,1.1658571583273817e-05,-1.7216851241604076,0.2581208324323005,8.914686339144109e-10,120,3.3615690581082685e-06,1.0552549490711525e-06,True,0.283365542653777,0.42259776663428006,True,0.43941128378427996,0.33430668436979083,0.09256785174877293,-0.16666666666666663,0.05496720345419132,-0.16666666666666666,1.1658571583273817e-05,1.5022809069584604,2.90129148914666,0,2.0982117437052334,1.603561965905735e-05,1.4983846451485985,2.938159127348739,0,,0,1
S2_N120,6500064,2.5661651818126754,1.9531860088535355,3.371519000493459,1.3135659676300109e-11,-1.6378771136782198,0.3100343235546367,5.959968192728603e-07,120,1.0675537613167195e-05,1.3765741479597476e-06,True,0.003207456100439496,0.0035710185384592538,True,0.7416068532412898,0.7901678221978752,0.004233520065449322,0.07499999999999996,0.0018833218737531242,0.075,1.3135659676300109e-11,1.9531860088535355,3.371519000493459,0,2.562234764171841,1.6204315781625567e-10,1.9202424877845288,3.4188635177555744,0,,0,1
S2_N120,6500065,3.4541269275779336,2.6245366587908427,4.545942534982816,9.123948735629616e-19,-1.6935882851264683,0.30821877714347384,2.319178962027479e-07,120,0.0002475790755776055,6.547383845862657e-05,True,0.04270540019523239,0.039047340400414576,True,0.1869486915289228,0.20336135412635703,0.00743374548709686,0.08333333333333337,0.0025197478180022477,0.08333333333333333,9.123948735629616e-19,2.6245366587908427,4.545942534982816,0,3.7983189650271125,1.6170766275129253e-13,2.7655444123916424,5.216776449309658,1,0.0,0,1
S2_N120,6500066,2.2271514801668326,1.6968987163522908,2.923099456561515,7.857517140842637e-09,-1.6579139373173446,0.3124253440606632,5.368147788965697e-07,120,9.511233478884158e-05,4.2354016160708054e-05,True,0.0024460599304184194,0.005180677156008955,True,0.711075449770078,0.5905139299798201,0.0005639747965976349,-0.016666666666666607,0.0003406102754660932,-0.016666666666666666,7.857517140842637e-09,1.6968987163522908,2.923099456561515,0,2.407200258612916,4.671910331302475e-09,1.7942219273124298,3.2295966272945167,0,,0,1
S2_N120,6500067,3.144933974627474,2.3171853405097442,4.268372292822456,1.946875848292596e-13,-1.0008903074080302,0.30219393875437806,0.0012323073650698146,120,1.3000231211006374e-05,1.7742503824767393e-06,True,0.0015375644530519583,0.0004668770615974792,True,0.006675768562938145,0.03592231414293904,0.0036464633643522263,0.06666666666666676,0.002681716553135089,0.06666666666666667,1.946875848292596e-13,2.3171853405097442,4.268372292822456,0,3.3628549399107053,2.0747311144729838e-11,2.358546669032138,4.794814321618894,0,,0,1
S2_N120,6500068,2.4473080792870503,1.7733554779483014,3.377392130016178,5.1599376697705166e-08,-1.583333333333337,0.33963259182219036,8.373595724840146e-06,120,0.005163981487430518,0.005732523667618608,True,0.1044288011910185,0.03451734586585323,True,0.2610948397694256,0.21531928071076512,0.02854180685696334,-0.125,0.017265419022377777,-0.125,5.1599376697705166e-08,1.7733554779483014,3.377392130016178,0,2.5358993714703453,5.590989269513808e-08,1.8125837286616302,3.5478557600051035,0,,0,1
S2_N120,6500069,2.9009500787797684,2.1244612217848666,3.9612449845057904,2.0726780826940347e-11,-1.444515597543999,0.2974155738104149,3.7294158389219317e-06,120,5.652564035444926e-05,4.6422997606728e-05,True,0.17276680582521087,0.13988103737889018,True,0.46047978856407157,0.6486381003012072,0.025037524488052822,-0.10833333333333328,0.04215699970166873,-0.10833333333333334,2.0726780826940347e-11,2.1244612217848666,3.9612449845057904,0,3.230774919015949,3.5180723714028823e-12,2.3215979589477413,4.49600092777195,0,,0,1
S2_N120,6500070,2.7537572058582187,2.0851686500152637,3.636722021866458,9.424948822285613e-13,-1.866666666666669,0.28356448375431204,1.3693559859587318e-09,120,0.011704588318620597,0.008705779903125798,True,0.0003566554812870515,0.0003837126506052961,True,0.9841102143825955,0.8412289308462403,0.0009163017448092073,0.02499999999999991,0.00038073816243711214,0.025,9.424948822285613e-13,2.0851686500152637,3.636722021866458,0,2.843883554229415,3.031872088582819e-11,2.0894373909761654,3.8707422892619174,0,,0,1
S2_N120,6500071,2.2110254252594124,1.625447179168254,3.0075621612294365,4.314419722665905e-07,-1.771238100379706,0.29537758410470316,2.2987587675509243e-08,120,5.327245121721743e-06,2.064353769424104e-06,True,0.23182948401593884,0.17084446405150655,True,0.9017777691596953,0.6407292064785179,0.0011382708345043118,-0.050000000000000044,0.000509998852431564,-0.05,4.314419722665905e-07,1.625447179168254,3.0075621612294365,0,2.4448988883816125,2.3568349739234736e-07,1.7419428452268721,3.4315308282294,0,,0,1
S2_N120,6500072,3.8936351608909514,2.7533793214046054,5.506104679537,1.485707052282333e-14,-2.0321493139375697,0.3254095399552384,7.061548672226072e-09,120,9.325719419064271e-05,2.3858374787395642e-05,True,0.0023991559035826037,0.001684563911404001,True,0.9263974936347432,0.8432921252752547,0.005016211524937939,0.07500000000000007,0.004561925939497099,0.075,1.485707052282333e-14,2.7533793214046054,5.506104679537,0,4.060015448873233,1.6236471477379414e-13,2.797963814881506,5.89132902913807,0,,0,1
S2_N120,6500073,3.7281821814347094,,,,-1.423861124820291,0.2858979118189132,2.212558338301646e-06,120,0.010462675206451293,0.005335971729644086,True,0.009912827817919414,0.01388075413244586,True,0.7823196039694638,0.6884544529881433,0.004469218902231609,0.06666666666666665,0.003949585755734289,0.06666666666666667,8.319329580933104e-10,2.5231712594385995,5.508679732290484,1,3.783681442731127,7.605048827772606e-07,2.28453212207081,6.266598364609978,1,0.0,0,1
S2_N120,6500074,3.170422760297608,2.339118755191983,4.297165527274873,1.0296855746025102e-13,-1.3066121645660653,0.2953491079862119,2.185221386732385e-05,120,9.4525081200441e-07,5.068333343405282e-08,True,0.0026540436490656767,0.0036838921509749116,True,0.6190461298558525,0.470355658967877,0.0004904100340683306,0.01666666666666672,0.0006676354397037559,0.016666666666666666,1.0296855746025102e-13,2.339118755191983,4.297165527274873,0,3.4434050236109144,2.5171821435050617e-13,2.472677619635626,4.795222014577111,0,,0,1
S2_N120,6500075,2.2433740896564704,1.6385835377451832,3.0713889101238117,4.6318752849152474e-07,-1.1905686035147773,0.3141029722378909,0.00023935422706275426,120,0.0020186904667704067,0.0010270645808731277,True,0.001239635845741125,0.001890663301798487,True,0.49250870059273366,0.6165081385150811,0.0019404295746044862,-0.05833333333333335,0.002674203999239457,-0.058333333333333334,4.6318752849152474e-07,1.6385835377451832,3.0713889101238117,0,2.41130329796905,8.330870364873752e-08,1.74771591478671,3.3268470840159403,0,,0,1
S2_N120,6500076,2.0519812314984858,1.5166049755388062,2.776350494911259,3.163690129101323e-06,-1.3371774394598197,0.34554242367742255,0.00017971764881065803,120,0.00930088233989812,0.016069945878607363,True,0.0006933938182263958,0.0016199101413151929,True,0.4218219402013006,0.37172937304248266,0.004922800325376555,-0.08333333333333326,0.0029841351878667553,-0.08333333333333333,3.163690129101323e-06,1.5166049755388062,2.776350494911259,0,2.1451408449324667,1.8279298752519732e-06,1.5678608753620549,2.934972941100374,0,,0,1
S2_N120,6500077,2.326427194907573,1.7900911112994071,3.0234569955921504,2.707660602758361e-10,-1.1833333333333327,0.31648082533758376,0.0002874519070482089,120,0.0008450081234399907,0.0003864996378734448,True,0.02542070588438085,0.04244657281445009,True,0.8991744031331288,0.5598761703483673,0.07697591112613582,-0.15000000000000002,0.0689594626079275,-0.15,2.707660602758361e-10,1.7900911112994071,3.0234569955921504,0,2.783978650631352,1.0936186229206476e-12,2.1000460344931215,3.6906510618667823,0,,0,1
S2_N120,6500078,2.5708182740488685,1.9261384020988908,3.4312729505739235,1.4540999130512314e-10,-1.4289247957620135,0.3011533970067328,5.9506032865551205e-06,120,0.002106051079085775,0.0012263176589529744,True,0.10547074996309326,0.06126803791979237,True,0.48846351972985325,0.43715382268971215,0.008245293658423426,-0.08333333333333337,0.007380205235119052,-0.08333333333333333,1.4540999130512314e-10,1.9261384020988908,3.4312729505739235,0,2.832010118637801,2.0882212896839493e-11,2.088512432023113,3.840188446614969,0,,0,1
S2_N120,6500079,2.969588574671579,2.159931252605737,4.082748602383252,2.068765922671367e-11,-1.1552071537701112,0.27334244734912466,4.7328517297130436e-05,120,3.3658750419029386e-06,4.99537055148959e-06,True,0.016713091668825463,0.0189043021738163,True,0.1545552351025526,0.1407297702788802,7.822026348024386e-05,0.0,9.709152342295577e-05,0.0,2.068765922671367e-11,2.159931252605737,4.082748602383252,0,3.3881645513247247,4.040105358004203e-13,2.4365601049495464,4.711420417470547,0,,0,1
S2_N120,6500080,2.956039444540216,2.219744917637757,3.9365645702105043,1.209184056885518e-13,-1.745337214669944,0.2985826224273447,4.660748557815317e-08,120,2.8360454406767246e-05,8.301463922439541e-06,True,0.007622735439297807,0.004454194679636511,True,0.6979962480485529,0.851323362643674,0.0012257780952893355,0.033333333333333326,0.0010139524450477537,0.03333333333333333,1.209184056885518e-13,2.219744917637757,3.9365645702105043,0,3.2222757755362568,5.420849746126181e-14,2.375431225148202,4.371021591231289,0,,0,1
S2_N120,6500081,2.7796174388352024,2.0680524475926223,3.7360141012239643,1.235675145150174e-11,-1.485276680739024,0.3109752265337546,5.224874298886947e-06,120,0.00025302414337355226,0.00018574106490858896,True,0.14667407262967386,0.09082450554288385,True,0.54739179588173,0.4604418959421478,0.00039364772838936906,0.033333333333333326,0.0006197208657286441,0.03333333333333333,1.235675145150174e-11,2.0680524475926223,3.7360141012239643,0,3.1265859541052214,2.212142949484386e-11,2.2390197463043497,4.3659908513728976,0,,0,1
S2_N120,6500082,2.441458685464779,1.7953354457378778,3.3201152057584244,1.2624851366964515e-08,-1.3349942198526472,0.3025487215454939,2.2867693986040218e-05,120,1.992001529286534e-05,7.001395038254911e-06,True,0.0001221985870527414,0.00021608833500345414,True,0.6150949330695383,0.5253017713775383,0.0003422237301810277,0.025000000000000022,0.00015603532646400357,0.025,1.2624851366964515e-08,1.7953354457378778,3.3201152057584244,0,2.650646637487724,1.5232916136430781e-09,1.9320484912164246,3.6365172141209707,0,,0,1
S2_N120,6500083,3.127279258343854,2.35464252369194,4.153443871528074,3.411724231033955e-15,-1.4277255265598074,0.2864722788129909,2.179757047350635e-06,120,0.0002450815296436424,0.000262666394706419,True,0.012501690629123912,0.011660370322615625,True,0.7845706866420404,0.6825941499196715,0.0004817248361859179,-0.02499999999999991,0.0004601001763112121,-0.025,3.411724231033955e-15,2.35464252369194,4.153443871528074,0,3.476205442957244,1.9405205163250198e-16,2.58329809092071,4.677742891583496,0,,0,1
S2_N120,6500084,3.9706699348915246,2.9817739034247146,5.287530256315941,3.868038525671371e-21,-1.354458782641565,0.28360360455976275,5.231452289386666e-06,120,0.00021268642301555603,0.00022218937238461595,True,9.953975020272786e-05,0.00013938801355451523,True,0.542232270684307,0.4311124735952444,0.00949356279105531,0.07499999999999996,0.011529341027557751,0.075,3.868038525671371e-21,2.9817739034247146,5.287530256315941,0,4.210312765445749,2.6137133381605585e-20,3.1031054263553584,5.7125785776784666,0,,0,1
S2_N120,6500085,2.221746507391532,1.6561107589031485,2.9805721124447713,1.0090325421966282e-07,-1.6671386430678479,0.2696305918642277,9.494036413174101e-09,120,0.00020923663593877043,2.904035482553163e-05,True,8.857845397387113e-05,3.109762462264828e-05,True,0.911373614708232,0.9894817450118115,0.00044696157396221457,0.01666666666666672,8.643709215774682e-05,0.016666666666666666,1.0090325421966282e-07,1.6561107589031485,2.9805721124447713,0,2.3707648350448864,1.0666168746281364e-08,1.7637117970861065,3.1867598279782934,0,,0,1
S2_N120,6500086,2.711830814312773,2.0822595668684163,3.5317529488008352,1.344619456305523e-13,-1.2616954307097368,0.28021307892189234,1.5968603773190444e-05,120,2.9996311348968175e-05,5.3907305897006555e-05,True,0.0005064559975848066,0.000535292849951452,True,0.4222107647459987,0.38160921189377817,0.003775587039061333,-0.07499999999999996,0.004561925939497086,-0.075,1.344619456305523e-13,2.0822595668684163,3.5317529488008352,0,3.016082809152481,1.6428078382375124e-12,2.220126174976329,4.0974047395131095,0,,0,1
S2_N120,6500087,2.078467917539221,1.5007303662834148,2.87861762598864,1.067562654234856e-05,-1.656258499259171,0.27673222651573415,2.4261239620715307e-08,120,1.808696883084154e-05,5.399739326530072e-06,True,0.07294735848048164,0.10305560516138858,True,0.8613228789662775,0.8577196790430206,0.018190321252486732,-0.10833333333333328,0.00799392027032869,-0.10833333333333334,1.067562654234856e-05,1.5007303662834148,2.87861762598864,0,2.1398999429544108,1.6686584354288044e-05,1.5134871688808198,3.025576866464257,0,,0,1
S2_N120,6500088,1.9948054688536827,1.4162811552238088,2.8096461242116413,7.765325030491325e-05,-2.1221277429625447,0.32286778970418284,1.4390661710345165e-09,120,2.6027916947167335e-06,5.3851635162330434e-08,True,0.18136844479864445,0.1379191273223811,True,0.22291192974825458,0.29181604465670385,0.0012501113535835294,0.04166666666666674,0.000832355989038957,0.041666666666666664,7.765325030491325e-05,1.4162811552238088,2.8096461242116413,0,2.007436504161962,0.00012466614872588873,1.4061800921529792,2.865778957282802,0,,0,1
S2_N120,6500089,3.1562545907688606,2.3033031253174396,4.325068173724012,8.636514009847962e-13,-1.04543105349032,0.30533289342869596,0.0008516937773420316,120,0.0011365889129684942,0.00010206139535387174,True,0.009345499433576659,0.012513083400727362,True,0.6821960432564269,0.7899609703371746,0.0050281538461539295,0.07499999999999996,0.004028676861892427,0.075,8.636514009847962e-13,2.3033031253174396,4.325068173724012,0,3.7934872448436723,4.410344272602959e-11,2.6365626903611283,5.4580706650372,1,0.0,0,1
S2_N120,6500090,3.056067847361751,2.2624273274221216,4.128110801384305,3.296998621380003e-13,-1.233333333333331,0.339484244865152,0.0004173739289844856,120,5.695361266588798e-05,8.866278126712778e-06,True,0.19725385634147152,0.15730356975031679,True,0.7558877490684353,0.6110316209305353,0.18459463464009104,0.18333333333333335,0.15077157216383155,0.18333333333333332,3.296998621380003e-13,2.2624273274221216,4.128110801384305,0,3.1572310474081227,3.974119243144137e-12,2.281685778682942,4.3687469939316905,0,,0,1
S2_N120,6500091,3.110528542544272,2.33124400697816,4.15031107212332,1.2357792766700331e-14,-0.8124306399869712,0.32678788005747844,0.014326605114960552,120,1.8308412370181782e-05,6.778412786808522e-06,True,0.05256114234602798,0.04313134516066393,True,0.5258267339511875,0.40089393164580056,0.003569710454825939,0.06666666666666671,0.00547109370297414,0.06666666666666667,1.2357792766700331e-14,2.33124400697816,4.15031107212332,0,3.1588844453119806,2.297912231201344e-12,2.29069803847366,4.356117991650657,0,,0,1
S2_N120,6500092,3.183699880849538,2.311377332565802,4.38524025848679,1.3562253329336614e-12,-1.9571188037586735,0.306980604896793,3.765383940878338e-09,120,0.00046659596100799826,0.00015454254140848618,True,0.1617409601744113,0.06561670615885871,True,0.22681489630162877,0.3801643530932759,0.0006727735908919372,0.04166666666666663,0.0013440006887852646,0.041666666666666664,1.3562253329336614e-12,2.311377332565802,4.38524025848679,0,3.60071350966973,2.6592790820972034e-11,2.470331686208203,5.248338857126809,0,,0,1
S2_N120,6500093,2.3295229664098085,,,,-1.4054949241422585,0.3429026369586579,7.6932758866552e-05,120,4.848759048174608e-06,2.777341192571362e-05,True,0.05921916813814851,0.05901994259005389,True,0.8228427257420395,0.7599257754378463,0.0004810468592923729,0.008333333333333415,8.166492792034013e-05,0.008333333333333333,1.4190098452046814e-06,1.675303584606781,3.2392202230645117,1,2.411540816651108,5.718414895062702e-06,1.6709037441655104,3.480469255443981,1,0.0,0,1
S2_N120,6500094,2.2103386845500967,1.6113233289062387,3.032040195020933,8.742353031707904e-07,-1.143534087435038,0.3572567799167193,0.001764212712088408,120,0.000307395691683774,0.0008137369030897678,True,0.07167719124361215,0.03674768857674672,True,0.31168702996307796,0.339894752295513,6.689912274069219e-05,-0.008333333333333304,0.00016713637846331025,-0.008333333333333333,8.742353031707904e-07,1.6113233289062387,3.032040195020933,0,2.2458259352735825,1.7898887260521836e-06,1.6112885290524228,3.1302488912483075,0,,0,1
S2_N120,6500095,2.5673416093846706,1.9260346953182916,3.4221828689272997,1.2771498546419276e-10,-1.2034119833151073,0.2792138021596676,3.4207622136392316e-05,120,1.928021307178666e-05,3.3244355850615836e-06,True,0.025185804633783598,0.017434530565963623,True,0.31461914316389306,0.27648157499156567,0.022802678172865153,0.11666666666666659,0.0320754350654437,0.11666666666666667,1.2771498546419276e-10,1.9260346953182916,3.4221828689272997,0,2.726414027264643,8.713707871986104e-10,1.978560440459762,3.7569402966219783,0,,0,1
S2_N120,6500096,2.2382026408203344,1.6573433441591008,3.0226392612188957,1.4752301011943106e-07,-1.818824492468893,0.30744663324323773,3.355318576331402e-08,120,0.0007128580096431003,0.0003941236954966724,True,0.0038239544635722995,0.0015068814567514568,True,0.7025718515561918,0.9789968687074151,0.0001431411291662291,0.0,0.0001219392422312728,0.0,1.4752301011943106e-07,1.6573433441591008,3.0226392612188957,0,2.6162503757315245,8.789684237488465e-09,1.8852604731623865,3.6306739179832004,0,,0,1
S2_N120,6500097,3.5610944410884775,2.548152223883245,4.9767017446962045,1.0270082508788886e-13,-1.670806282008492,0.3248808129971668,1.0997793328319463e-06,120,0.0016136144409094372,0.0016628658086422768,True,0.006092412849015417,0.017959877175228938,True,0.4986131151511406,0.4782465509750915,0.0015455654198442397,-0.04999999999999993,0.0007747204583669248,-0.05,1.0270082508788886e-13,2.548152223883245,4.9767017446962045,0,3.8042498175449437,4.214229757033146e-15,2.7249557291473914,5.31102818276573,0,,0,1
S2_N120,6500098,3.1423771458076724,2.3352788714362602,4.2284175338859065,4.036341526223156e-14,-1.950000000000001,0.3413224348987495,8.59127170034806e-08,120,3.986870667520374e-05,0.00011786620829188184,True,0.008442541283290608,0.0027374799611058907,True,0.9126804308602812,0.9747594469253519,0.0010923504167987734,0.033333333333333326,0.0015371491094189119,0.03333333333333333,4.036341526223156e-14,2.3352788714362602,4.2284175338859065,0,3.2385235340527703,1.1437996453787164e-13,2.374640178834,4.416683746066951,0,,0,1
S2_N120,6500099,2.920653935554163,2.167276143645415,3.9359171817025453,1.903256515898958e-12,-0.8367261310955936,0.33369048651290323,0.013530530099978504,120,4.7903322209851435e-06,1.3514290301994595e-06,True,0.002122668787774224,0.013844637769117457,True,0.7097962213281166,0.6539274534646722,0.0005136953867517424,0.033333333333333326,0.00021479228004967526,0.03333333333333333,1.903256515898958e-12,2.167276143645415,3.9359171817025453,0,3.368550268317003,3.9578019888355706e-14,2.4589175705380075,4.614685358361085,0,,0,1
S2_N120,6500100,2.611660679551045,1.9654912930810498,3.4702628951466745,3.6054437828444573e-11,-1.295166998759878,0.30001073684786933,3.327723912668073e-05,120,0.0005277027423930076,0.0003262164555617096,True,0.014696618869477986,0.018722006453002777,True,0.38726861501784726,0.5360504942807391,0.12642668545001756,0.17500000000000004,0.13014034752464804,0.175,3.6054437828444573e-11,1.9654912930810498,3.4702628951466745,0,2.6090515643433685,2.628877669092514e-10,1.9377901138953872,3.5128417760985995,0,,0,1
S2_N120,6500101,3.6901108187631633,2.6045149114529678,5.228197310322383,2.0590085472136344e-13,-1.2563190015771797,0.2948722961844662,4.14538465574387e-05,120,3.671561964560319e-05,1.7228850141592372e-05,True,0.001638063542424365,0.00011193576086863614,True,0.44749031458040445,0.528090470650677,0.0002066798399483167,-0.008333333333333304,0.0002514146237412195,-0.008333333333333333,2.0590085472136344e-13,2.6045149114529678,5.228197310322383,0,4.028754554494387,5.808042810809925e-14,2.800800366983531,5.795080381912384,0,,0,1
S2_N120,6500102,2.971761772563479,2.2576948216769646,3.911674841115103,7.979171571625268e-15,-1.5712433140301192,0.28134491045509613,1.543859900897149e-07,120,0.0012218106163118735,0.0008592033518421027,True,0.0023051322859944275,0.0015524129597402321,True,0.07261761112840108,0.07432421952395366,0.06247106857002979,0.1416666666666666,0.048149962641375166,0.14166666666666666,7.979171571625268e-15,2.2576948216769646,3.911674841115103,0,3.2832157399927135,2.1108727025161728e-14,2.4205383873584,4.453350399908291,0,,0,1
S2_N120,6500103,2.925656767512656,2.1157205846731717,4.045651199548563,8.496740402278935e-11,-1.038086405283381,0.33965582441848463,0.002776699156882781,120,0.0006157770526847982,8.405229029102891e-05,True,0.0025587868000534557,0.0029369919839040445,True,0.9904697312721372,0.937030551523221,0.005357809586325515,0.07499999999999996,0.005726486666395737,0.075,8.496740402278935e-11,2.1157205846731717,4.045651199548563,0,3.149077890202902,3.759263280834846e-11,2.2414939162586442,4.424143865229426,0,,0,1
S2_N120,6500104,2.6597020560313194,1.9050674656917368,3.7132622094769894,9.163333264030022e-09,-1.4875845683418742,0.2917703638699959,1.332635084965357e-06,120,0.0004101399479520788,0.00019893717243597234,True,0.047295466124382006,0.13527987846146847,True,0.25178236585184555,0.4051892544346781,0.0014147367658112887,-0.050000000000000044,0.0007747204583669248,-0.05,9.163333264030022e-09,1.9050674656917368,3.7132622094769894,0,2.863159201695223,1.593265023155557e-08,1.987930959460791,4.123725009280794,0,,0,1
S2_N120,6500105,3.1428178390548704,2.2537913321043197,4.3825281554611735,1.4791164978188477e-11,-1.6666666666666656,0.316583478145706,6.461400391109009e-07,120,3.733171431016988e-07,4.958214605020034e-07,True,0.035119232109331454,0.014786552538217852,True,0.30952615317681353,0.3369021548404131,0.0024312179608014716,0.033333333333333326,0.0024457041172239653,0.03333333333333333,1.4791164978188477e-11,2.2537913321043197,4.3825281554611735,0,3.1639052499669478,3.4818806603528066e-11,2.2502285268803823,4.44856880587424,0,,0,1
S2_N120,6500106,2.59919401030933,1.9141576470919912,3.5293903370453292,9.375401034343434e-10,-1.7759532201217554,0.3333320698964188,4.885819818241338e-07,120,0.02468692212489589,0.0273924766952546,True,0.018661485464257423,0.009900380296952553,True,0.8728553032119177,0.9265690958446547,0.0015960279121924065,-0.033333333333333326,0.003597059626859648,-0.03333333333333333,9.375401034343434e-10,1.9141576470919912,3.5293903370453292,0,2.9507013892508476,1.1001809030390616e-10,2.124145542664146,4.098889889440834,0,,0,1
S2_N120,6500107,3.88711010862032,2.877418145372519,5.251105064739258,8.979222221559993e-19,-1.2786802049739208,0.3200133329772044,0.0001131724724277882,120,5.8187860373275686e-05,1.4642317519965408e-05,True,0.001394598887339747,0.0010945569889017452,True,0.6324675930001784,0.5964176268178797,0.01888918313230966,0.10833333333333328,0.002741718414202119,0.10833333333333334,8.979222221559993e-19,2.877418145372519,5.251105064739258,0,4.1141289157411505,7.649084094697355e-18,2.980981943262339,5.678013841577937,0,,0,1
S2_N120,6500108,2.538365803196274,1.9813116644665978,3.2520380646781843,1.7195013358405493e-13,-1.3666666666666691,0.3076026259207123,2.0264087780109297e-05,120,0.00023738376854120472,6.985075784588669e-05,True,0.027090456237089975,0.00504190017182675,True,0.7990135629667774,0.8454354573648066,0.0010547096962095338,-0.025000000000000022,0.00031126272902156846,-0.025,1.7195013358405493e-13,1.9813116644665978,3.2520380646781843,0,2.6342068883406284,4.984818875982685e-14,2.047357518479457,3.3892692741494144,0,,0,1
S2_N120,6500109,2.4141919307860773,1.7665990569433625,3.2991768311916774,3.180306283440382e-08,-2.172401995336985,0.3148596072479455,2.849840322400286e-10,120,6.013957151208004e-06,2.290330069620497e-06,True,0.15009935236535152,0.20662011899536548,True,0.19502726993226482,0.24954757850027975,0.0009420067362921495,0.033333333333333326,0.00034269875909346956,0.03333333333333333,3.180306283440382e-08,1.7665990569433625,3.2991768311916774,0,2.663687926211115,3.988525964559563e-07,1.8238269604086812,3.890299640407212,0,,0,1
S2_N120,6500110,3.3009883181164894,2.4949766976502437,4.36738502872745,6.212768192010424e-17,-1.154127125283197,0.2855171387116067,9.515910035292428e-05,120,2.9925481537373295e-05,7.90131838561389e-06,True,0.0010549181940210143,0.0023918023241424427,True,0.7562530741183296,0.5746604312237014,0.0071678819010397715,0.08333333333333326,0.01067330582617669,0.08333333333333333,6.212768192010424e-17,2.4949766976502437,4.36738502872745,0,3.577284225510075,1.9307738404377064e-16,2.640378473240687,4.846639434375018,0,,0,1
S2_N120,6500111,2.90912377846641,2.183436655507737,3.8760003122099707,3.014734644552788e-13,-1.418287354983899,0.2801364963949398,1.5538989580101552e-06,120,0.000252917189545991,2.1403862940399515e-05,True,0.00644948705079968,0.0008952361083845072,True,0.9587193750796515,0.8994317642369407,0.003301144931854558,0.04999999999999993,0.0020383066754954098,0.05,3.014734644552788e-13,2.183436655507737,3.8760003122099707,0,3.177002898588072,3.4234575034321866e-12,2.294193521195524,4.399518752183242,0,,0,1
S2_N120,6500112,2.5434323507214125,1.9310838697279857,3.349957101349247,3.077179534971239e-11,-1.1088400112076218,0.2969477360416137,0.00029250545619724755,120,5.801122627440028e-05,0.00020397973209213276,True,0.04514149804969062,0.040680733801118425,True,0.5212389247403457,0.7799715986258932,0.00015080665050301673,0.008333333333333304,0.00016713637846331025,0.008333333333333333,3.077179534971239e-11,1.9310838697279857,3.349957101349247,0,2.8412424026668446,1.3995255601526772e-12,2.1283141465562196,3.7929825367999657,0,,0,1
S2_N120,6500113,2.2925801320415466,1.7026834654586958,3.086847184726558,4.58955450440959e-08,-1.0555846245297076,0.3114521412715236,0.0009559193195701289,120,1.223887533232081e-05,3.2543325896429167e-07,True,0.053261448487654496,0.05865110100861161,True,0.13572517537652903,0.174485488531663,0.01831946660473402,-0.10000000000000009,0.02091183822539664,-0.1,4.58955450440959e-08,1.7026834654586958,3.086847184726558,0,2.5510273538942396,1.8201453739475485e-09,1.879951350547536,3.4616537063159996,0,,0,1
S2_N120,6500114,2.35480874635338,1.6650164864784889,3.3303719674453904,1.280282113315959e-06,-1.008106839167406,0.27823155356698615,0.000431688938780059,120,0.0028658156952847667,0.024117780233615507,True,0.0005952573090600796,0.0016346060555601828,True,0.7620898220291387,0.6749190307364681,0.0015940541506300238,-0.05833333333333335,0.0010443402946136333,-0.058333333333333334,1.280282113315959e-06,1.6650164864784889,3.3303719674453904,0,2.4250808648320326,4.804438200964509e-07,1.7176464590730693,3.423881072795492,0,,0,1
S2_N120,6500115,2.1864739604764827,1.6418568129555187,2.9117450085284835,8.67963590537638e-08,-1.4064163438296755,0.286510310879607,2.9972384151326877e-06,120,0.00039292040333287366,0.0003734584087499532,True,0.19893823547894707,0.2938079970074149,True,0.5810844105196853,0.616804138603809,0.0007166915391049137,-0.025000000000000022,0.0010224416988120378,-0.025,8.67963590537638e-08,1.6418568129555187,2.9117450085284835,0,2.2356842840783564,1.1015251590334711e-07,1.6611887951070452,3.0088598194239986,0,,0,1
S2_N120,6500116,2.9829319752549606,2.220715656232599,4.006763830401208,3.8906032622409326e-13,-1.7053039217948416,0.3199555314494205,4.844125126009524e-07,120,8.333982634661833e-05,3.544497640978408e-05,True,2.0593621251251888e-06,9.690443372779214e-07,True,0.1258721078061611,0.18877392754169053,0.005001993206390472,-0.06666666666666665,0.00547109370297414,-0.06666666666666667,3.8906032622409326e-13,2.220715656232599,4.006763830401208,0,3.317208831456733,1.389301323408928e-13,2.414301441891911,4.557788120638166,0,,0,1
S2_N120,6500117,2.081021397384844,1.548982561484077,2.7958029767774666,1.1458534748590203e-06,-1.369647239127931,0.3184253365695824,3.5385743884614634e-05,120,8.759792973119917e-05,2.3055317791347103e-05,True,0.08076248763276944,0.049870663515508486,True,0.2746254320018907,0.28476624129057937,0.0008381766953374361,-0.033333333333333326,0.0011736016517738268,-0.03333333333333333,1.1458534748590203e-06,1.548982561484077,2.7958029767774666,0,2.192809112175971,1.1942349613096077e-06,1.5972903769320492,3.0103554568941897,0,,0,1
S2_N120,6500118,3.1513432596101003,2.323280081617966,4.2745446054760405,1.5860529728762823e-13,-1.2275624767508684,0.3092577110001114,0.0001247632746924128,120,2.7435997412006666e-05,2.7118480513658784e-06,True,0.0072199056213978555,0.016639630969113813,True,0.6300929176124865,0.9432554600526843,0.016170599324714898,0.10833333333333328,0.021314534104266335,0.10833333333333334,1.5860529728762823e-13,2.323280081617966,4.2745446054760405,0,3.3160591603710023,1.3080658229769144e-10,2.36732012810839,4.6450195833324,1,0.0,0,1
S2_N120,6500119,3.6064847213846196,2.520735317558873,5.159895985500238,2.2334633947397517e-12,-1.3396146271768936,0.3152056437224406,4.318586978875461e-05,120,4.188170884393759e-06,2.228708168552109e-06,True,0.013800943444430737,0.009493386341918793,True,0.5602316267740965,0.4229605749454969,0.0012629811085311357,-0.025000000000000022,0.0011707413086869006,-0.025,2.2334633947397517e-12,2.520735317558873,5.159895985500238,0,3.910069943925505,1.7619166345749023e-14,2.759299336209058,5.540771443592034,0,,0,1
S2_N120,6500120,2.1772772394848072,1.5883316000209922,2.9846010603301787,1.3296770123204355e-06,-1.4376033540378241,0.28463709024632505,1.6375072026973396e-06,120,6.625820220755915e-07,9.818722201079229e-08,True,0.006252300298430825,0.002367149881986828,True,0.20734541270312434,0.18683410687110524,0.0010726135154740407,-0.04166666666666663,0.0013440006887852646,-0.041666666666666664,1.3296770123204355e-06,1.5883316000209922,2.9846010603301787,0,2.2696686847716725,2.002111827727743e-06,1.6187621196787438,3.182305711265043,0,,0,1
S2_N120,6500121,3.235368717957387,2.494903355527575,4.195597684353482,8.389737481922774e-19,-1.4833333333333327,0.293934554431429,1.6671633657485034e-06,120,0.00035533574016615485,0.0016655771598947438,True,0.011170247083292034,0.00686686771074252,True,0.4423580428307521,0.29081482552724525,0.0005506432848574575,0.033333333333333326,0.0005151002191871772,0.03333333333333333,8.389737481922774e-19,2.494903355527575,4.195597684353482,0,3.377770071021839,1.4458438175280302e-17,2.553789564576664,4.467607985774732,0,,0,1
S2_N120,6500122,3.6453830607680215,2.6477791477325776,5.018854261736403,2.213761224982724e-15,-1.0296730399595355,0.27975271427316395,0.0003532640767192429,120,0.019237850618011122,0.04192615961409831,True,0.00552944159056244,0.008831849190228254,True,0.8221641398486641,0.8267197342651583,0.0029567160015159582,0.05833333333333335,0.0030325753439882364,0.058333333333333334,2.213761224982724e-15,2.6477791477325776,5.018854261736403,0,3.953605025712799,1.209292361518222e-14,2.78824346311459,5.606035809326707,0,,0,1
S2_N120,6500123,2.415641531339283,1.692019574904212,3.448733155620581,1.203266934116456e-06,-1.6766959325056585,0.2741998966384175,1.3136208034165259e-08,120,0.00010303733206575412,4.662782908267345e-05,True,0.000875155442661714,0.006135475288771942,True,0.4582004591815966,0.506719788044265,0.0015455654198442371,0.04999999999999993,0.001114833640254121,0.05,1.203266934116456e-06,1.692019574904212,3.448733155620581,0,2.493625074373253,8.153623775471719e-05,1.6006070284569092,3.8848798618220077,1,0.0,0,1
S2_N120,6500124,1.9941338829639645,1.4976592431114713,2.6551900650800855,2.3016083051926132e-06,-1.2413228885383518,0.2877433272470536,3.3679056237017634e-05,120,1.297055302931018e-06,1.0709035428479727e-05,True,0.459780869468688,0.32806214577697723,True,0.13964325386837376,0.121305280029857,0.002821343537186936,-0.06666666666666676,0.0019835463690061838,-0.06666666666666667,2.3016083051926132e-06,1.4976592431114713,2.6551900650800855,0,2.2266934992159535,9.544242604187319e-08,1.6593658001269362,2.9879873015770864,0,,0,1
S2_N120,6500125,1.843566106490456,1.3537569611421072,2.5105953923465036,0.00010348848957992929,-1.5333333333333348,0.3277708684473008,7.836546484708635e-06,120,2.855790638589512e-05,7.354852547054378e-06,True,0.003959413244241626,0.0031826844891137693,True,0.005397126362471359,0.027446128919002687,0.0004020267381939896,-0.01666666666666672,0.0005719701804955345,-0.016666666666666666,0.00010348848957992929,1.3537569611421072,2.5105953923465036,0,2.0603528055981855,7.621454584058538e-06,1.5012676737345512,2.8276461005626827,0,,0,1
S2_N120,6500126,2.728874659368132,1.9922781838080685,3.7378097933631445,3.999671059044533e-10,-1.2923204568193465,0.3020805893447579,3.873330999633324e-05,120,0.002094376290814547,0.0012163796009223666,True,0.0007789236663099281,0.002357832253045729,True,0.08419119406533034,0.06953058021544868,0.002504319023026653,0.05833333333333335,0.002031871684161417,0.058333333333333334,3.999671059044533e-10,1.9922781838080685,3.7378097933631445,0,2.81639267986043,4.2431221656455045e-10,2.034955113649077,3.89790795579154,0,,0,1
S2_N120,6500127,2.829823358006236,2.1155241753821534,3.785303108659168,2.41312507230012e-12,-1.2952618054324148,0.3023356463516462,3.782373671297692e-05,120,0.0011839856104680193,0.0009813386684554577,True,0.03318548270266572,0.023858774036135157,True,0.7924246259227127,0.9285738480126696,0.0002838022292218126,0.0,0.0003187677849763662,0.0,2.41312507230012e-12,2.1155241753821534,3.785303108659168,0,2.880687482246656,3.4276070001420574e-12,2.1383613571035114,3.8807100319157515,0,,0,1
S2_N120,6500128,3.86065872175849,2.7973326477573752,5.328177818908667,2.0698806221841008e-16,-1.3818509153433782,0.3239291400371058,4.060349547253471e-05,120,5.158197893131953e-05,0.00011475797701425827,True,0.011700502117300464,0.02062029272728477,True,0.5162946534606918,0.3277522746188275,0.0005761006999657047,0.016666666666666607,0.0003406102754660932,0.016666666666666666,2.0698806221841008e-16,2.7973326477573752,5.328177818908667,0,4.191885178709302,5.541324927973455e-18,3.0286145037273924,5.801960378204796,0,,0,1
S2_N120,6500129,3.266390776080031,2.3994638368145673,4.446538655162586,5.408782878786713e-14,-1.2752134028967066,0.3216733269822091,0.0001271227812692151,120,6.18828650118611e-05,2.5600891890253667e-05,True,0.017752519948636938,0.006726006084033924,True,0.8089439158573152,0.6948451363236992,0.0015049766823236914,0.050000000000000044,0.001314729838987552,0.05,5.408782878786713e-14,2.3994638368145673,4.446538655162586,0,3.7710557668472857,3.649300874570285e-14,2.6746520660462796,5.316901505508233,0,,0,1
S2_N120,6500130,2.0307022183513648,1.547818191389524,2.664235064917499,3.1682036602248095e-07,-1.558752195282703,0.34546280245244937,1.5375088255527416e-05,120,7.758131755410895e-05,1.8386857357633334e-05,True,0.01587864747394967,0.03880811123055327,True,0.9250687641696925,0.9495915899190289,0.0010450013457968,-0.05833333333333335,0.0010443402946136333,-0.058333333333333334,3.1682036602248095e-07,1.547818191389524,2.664235064917499,0,2.108307877040905,6.002591953776827e-07,1.5729997584418494,2.825786895730824,0,,0,1
S2_N120,6500131,2.7365715336101135,2.0226303421788088,3.7025172629903955,6.71755087966678e-11,-1.3792638863371893,0.30916569801423166,1.8841556436771356e-05,120,9.413052878973639e-07,2.1896551669040733e-08,True,0.0018033743522631032,0.001274194598082946,True,0.9628630014470335,0.9579260207832474,0.007641437712558958,0.09166666666666667,0.004613864550030864,0.09166666666666666,6.71755087966678e-11,2.0226303421788088,3.7025172629903955,0,3.15621415648314,3.5438422141056586e-11,2.246074845189016,4.435153985594931,0,,0,1
S2_N120,6500132,2.655507512643804,2.0314683395331965,3.471242948993274,8.953176206999533e-13,-1.6882538678322896,0.34022584741531836,2.390349843013695e-06,120,0.00024129766459401517,0.0002482951121493865,True,0.004202946906882544,0.0008703791174134332,True,0.927727737041419,0.9348245249884399,0.016714687510388588,0.1166666666666667,0.021406105263946207,0.11666666666666667,8.953176206999533e-13,2.0314683395331965,3.471242948993274,0,2.7399976968118938,4.087341711499553e-12,2.0607155127626617,3.6431944788291366,0,,0,1
S2_N120,6500133,2.9932713598429532,2.2547507795315216,3.973686810529752,3.3429324298738777e-14,-1.2488083920011248,0.2690516069616998,9.101671921916632e-06,120,0.00012156612973369747,0.00013231476259366646,True,0.19183909836747082,0.23362984704999512,True,0.058331544922713065,0.05711271233192941,0.0016788798271226693,0.050000000000000044,0.001314729838987552,0.05,3.3429324298738777e-14,2.2547507795315216,3.973686810529752,0,3.5239539625471297,3.9116118252744937e-16,2.602170803074491,4.772266107774066,0,,0,1
S2_N120,6500134,3.1281522216428805,2.30470842509037,4.245802295527078,2.5377252002665036e-13,-1.7000000000000006,0.3241187337802596,7.040934361569197e-07,120,0.0054019466187377446,0.0031007867364412256,True,8.474331492567511e-05,6.70948775801208e-05,True,0.870068497772293,0.8146195423329506,0.0008102935105434721,-0.033333333333333326,0.001013952445047752,-0.03333333333333333,2.5377252002665036e-13,2.30470842509037,4.245802295527078,0,3.3366916747318576,1.8824488851272992e-13,2.4204625737806458,4.59974529365884,0,,0,1
S2_N120,6500135,4.376362952665216,3.2277842443500955,5.933653318676793,2.013012755531773e-21,-0.5493652943585222,0.2587995224548408,0.03588325571563978,120,0.0037304826519675427,0.0023300887005800407,True,0.012287510824772332,0.009339606510147994,True,0.37836833022066474,0.38517118108234505,0.0018886015992620796,-0.04166666666666674,0.0011564514471420484,-0.041666666666666664,2.013012755531773e-21,3.2277842443500955,5.933653318676793,0,5.12968685775539,8.69684248603768e-23,3.702130309392653,7.10771503419749,0,,0,1
S2_N120,6500136,2.2393204233427335,1.7409031955993053,2.8804335422416294,3.4765518567446045e-10,-1.7304578378779272,0.31218825919747273,1.8655486677368586e-07,120,0.00019688797502457106,4.35137168460192e-05,True,0.000540869410396717,0.0006031176986823494,True,0.6101332369129021,0.6864899059136327,0.00016260291380477428,0.0,0.00018502388844737346,0.0,3.4765518567446045e-10,1.7409031955993053,2.8804335422416294,0,2.2492607974997196,6.467157684880679e-09,1.7106573774573985,2.9574444315019273,0,,0,1
S2_N120,6500137,2.5646973043886683,1.9156414504533972,3.4336656588745704,2.5091227183198223e-10,-1.0613106543150825,0.2970967014366029,0.0005149310278331624,120,0.001362761153094558,0.0019722192730252316,True,0.000819662526579717,0.0014652704529596345,True,0.534513863995282,0.6772840960091204,0.0004050874460154469,0.02499999999999991,0.00038073816243711214,0.025,2.5091227183198223e-10,1.9156414504533972,3.4336656588745704,0,2.9118840544854336,3.045171978550431e-11,2.124474210858588,3.9911375263716584,0,,0,1
S2_N120,6500138,2.661070832130954,1.9641070423101337,3.605352366788156,2.6750069312133226e-10,-1.0285990156135918,0.298816775770795,0.0008009894983747772,120,4.488751447273986e-05,7.016608917538791e-06,True,0.02727007321455886,0.005522883110765491,True,0.7593431931580998,0.6904099789020924,0.06778400994848535,-0.14166666666666672,0.05093783461387674,-0.14166666666666666,2.6750069312133226e-10,1.9641070423101337,3.605352366788156,0,2.8380732585793167,1.6148953590617913e-10,2.061388190645343,3.907395927470318,0,,0,1
S2_N120,6500139,2.566714446790685,1.916488389625732,3.4375491586727414,2.544778023938056e-10,-1.3043034111774898,0.29864921826217017,2.73271282117319e-05,120,1.152846420248794e-06,1.4746469782713222e-07,True,0.03450592246236218,0.01684300339377553,True,0.866817063368663,0.8805679876247211,0.00015382614865310922,0.008333333333333304,0.00042764930016378445,0.008333333333333333,2.544778023938056e-10,1.916488389625732,3.4375491586727414,0,2.7546845855085356,6.370507426634677e-10,1.9976842166180289,3.798541882903241,0,,0,1
S2_N120,6500140,2.886026631057449,2.1235072780255217,3.9223551533656216,1.2816440436322329e-11,-1.5615400953763494,0.3250555430445536,4.65510269011837e-06,120,1.2988543371337628e-05,7.667064626855425e-06,True,0.003184934061491159,0.0018080066408094962,True,0.2648458911782561,0.24834983784628595,0.004460222757555711,0.07500000000000007,0.005726486666395737,0.075,1.2816440436322329e-11,2.1235072780255217,3.9223551533656216,0,3.105913091307946,2.5974855403852204e-12,2.2611965248342414,4.266190941304953,0,,0,1
S2_N120,6500141,2.884697387874612,2.0933467097874976,3.975203429371406,9.446407517070797e-11,-1.597178740501301,0.30089622862518095,5.333177820303492e-07,120,0.00018178960224375271,0.00010279307913250894,True,0.0068093565450199215,0.006939549889638704,True,0.41437926699287286,0.4196771650241795,0.00010867549105378392,0.008333333333333304,3.3896019283630454e-05,0.008333333333333333,9.446407517070797e-11,2.0933467097874976,3.975203429371406,0,3.2628296489730784,1.520991780911386e-11,2.314054210483955,4.600608434316366,0,,0,1
S2_N120,6500142,2.035771522492569,1.4972984790733348,2.7678954795683928,5.7531656701295524e-06,-1.8914892928770155,0.3093214022340984,1.313015334307412e-08,120,0.015205405235053088,0.023073571733088823,True,0.3139513053332219,0.1690833697020505,True,0.0032749497181423885,0.0024252986532975877,0.0023114983205394448,-0.05833333333333335,0.0034154644421336045,-0.058333333333333334,5.7531656701295524e-06,1.4972984790733348,2.7678954795683928,0,2.119598477929133,4.074247292667708e-06,1.5398264907732344,2.9176649022211967,0,,0,1
S2_N120,6500143,2.449096668652977,1.8292008410654979,3.2790683000742926,1.7928115276705257e-09,-1.250062423953871,0.3193248883102608,0.00015256151704852986,120,0.0009305163905649833,0.000980756478461856,True,0.01040629862355268,0.0032959496176944085,True,0.26205624228795565,0.18325674399961256,0.00015194125987783567,0.0,0.00018502388844737346,0.0,1.7928115276705257e-09,1.8292008410654979,3.2790683000742926,0,2.529492175119286,3.6371490449801785e-09,1.8584229536700778,3.4428818538611208,0,,0,1
S2_N120,6500144,2.691487699278084,1.98730396209473,3.6451927704756044,1.5763491888815668e-10,-1.8462164457794197,0.30512369797851707,1.780277864646439e-08,120,3.78129685373255e-05,3.756632289344854e-05,True,0.008572800974577516,0.0013277053196651188,True,0.6018913303596974,0.5084291443118849,0.004012187166420149,0.06666666666666665,0.009194537303869148,0.06666666666666667,1.5763491888815668e-10,1.98730396209473,3.6451927704756044,0,2.878234989118028,4.607963360339029e-11,2.1010276422919527,3.9429451025909446,0,,0,1
S2_N120,6500145,2.54790939484304,1.9004213489785493,3.4160015555596144,4.049582674129021e-10,-1.7756592585450501,0.2892828213330925,1.1760072259939948e-08,120,1.2603502679690344e-05,2.7073617699708097e-06,True,0.11578178594439947,0.25252403764731224,True,0.8244178676556171,0.5514209856958054,0.01972228141649781,0.10833333333333328,0.02594685660934141,0.10833333333333334,4.049582674129021e-10,1.9004213489785493,3.4160015555596144,0,2.921388724805354,4.608792274423184e-13,2.185167725523213,3.905655379097438,0,,0,1
S2_N120,6500146,2.3823317482521245,1.7757257851450727,3.1961604692620647,7.053658149336162e-09,-2.049999999999998,0.29478232368363455,2.1668618447244451e-10,120,0.0016794417540643306,0.00149158246942182,True,0.19308077155586467,0.18683095948710338,True,0.4946360628679455,0.46548079582387525,0.10218389250945598,-0.16666666666666663,0.11238064023820239,-0.16666666666666666,7.053658149336162e-09,1.7757257851450727,3.1961604692620647,0,2.5222807882872886,2.8089976712095256e-08,1.8196029021048508,3.496312501812308,0,,0,1
S2_N120,6500147,3.078288660538525,,,,-1.0220467952213368,0.3022719175096258,0.0009816733480576007,120,2.3963668654132803e-05,4.003057074008142e-05,True,0.00042382142242844493,0.00016236692250030417,True,0.8587553136824161,0.8723189248478881,0.010310222521606252,0.10833333333333339,0.00799392027032869,0.10833333333333334,4.524590578929721e-09,2.165379237133589,4.3760745993591845,1,3.4879406314117865,2.913133205683975e-10,2.4351002163769366,4.995987338194249,1,0.0,0,1
S2_N120,6500148,2.5272698727385636,1.9332098189135494,3.3038798723055818,1.189224671976974e-11,-1.4741597743965347,0.3018548273350088,3.3321854099116513e-06,120,7.477893788605271e-06,5.149698186549628e-05,True,0.0010975200572246485,0.0018393562975396387,True,0.7779810291712711,0.7201550112769959,0.015705947030519328,0.09999999999999998,0.016984928028435545,0.1,1.189224671976974e-11,1.9332098189135494,3.3038798723055818,0,2.6596353464559632,9.979204017122166e-09,1.9425389170577125,3.6414509454627173,1,0.0,0,1
S2_N120,6500149,2.2282619544767486,1.6415102810532651,3.0247458057848284,2.768732257901693e-07,-1.9563470012696986,0.28669467774224433,4.1600979615332165e-10,120,2.520125674748098e-05,2.08573583936734e-05,True,0.00014982276138371994,0.0006477055146593043,True,0.9564616107010915,0.9936975613067107,0.0006828433129139964,-0.016666666666666607,0.0008889217789391205,-0.016666666666666666,2.768732257901693e-07,1.6415102810532651,3.0247458057848284,0,2.3364627631615784,3.126586031062698e-07,1.6879229091293566,3.2341869490096915,0,,0,1
S2_N120,6500150,2.7961689100492233,2.0325527115110096,3.846670509082888,2.6411986011337783e-10,-1.7166666666666686,0.31844677167806873,3.6953975488519863e-07,120,0.0033583229153587224,0.0007671789464869195,True,0.0006211779213480308,0.002937190531540224,True,0.6091411215827318,0.40801509465762675,0.00016837880742107095,-0.01666666666666672,0.00040886213009401717,-0.016666666666666666,2.6411986011337783e-10,2.0325527115110096,3.846670509082888,0,2.8740224934745724,7.581238922967692e-10,2.0533097569153753,4.02277604008786,0,,0,1
S2_N120,6500151,3.193153254331746,2.3210881694498986,4.392865311991118,9.752949252552444e-13,-1.5077374115132889,0.3042001296358201,2.449566130320573e-06,120,3.84686444002078e-07,1.6924543658202904e-08,True,0.004639726832736755,0.004305679284106747,True,0.706341848861355,0.7023897804480043,0.12642668545001756,-0.17500000000000004,0.13014034752464804,-0.175,9.752949252552444e-13,2.3210881694498986,4.392865311991118,0,3.8962325529080424,1.28037859836855e-16,2.823287044008928,5.37693400270933,0,,0,1
S2_N120,6500152,1.7983855465649312,1.3202671570043663,2.4496485858452286,0.00019770578118113362,-1.2705924496469814,0.3321828053857758,0.0002113633057063835,120,0.00010460981591639724,8.860534478619652e-06,True,0.007263825764346613,0.006822532100247841,True,0.4783784519543358,0.5165427528812154,0.0002372349835357368,-0.008333333333333415,0.000582893378007031,-0.008333333333333333,0.00019770578118113362,1.3202671570043663,2.4496485858452286,0,1.9360897811451319,8.550923392938317e-05,1.392427249807924,2.692021174658624,0,,0,1
S2_N120,6500153,2.1799943551478096,1.5960647220216344,2.9775580669791255,9.628267276776674e-07,-1.3232287538807148,0.3439703723574414,0.000195254610645142,120,2.7641676655545653e-05,1.8772669669435759e-06,True,0.0022975418532031862,0.0018321239335787757,True,0.18841487791017453,0.5410166755715802,0.0003391479906919655,0.016666666666666607,0.0006676354397037559,0.016666666666666666,9.628267276776674e-07,1.5960647220216344,2.9775580669791255,0,2.205610390239136,3.2174696813959575e-06,1.5810005609061037,3.0769863805378828,0,,0,1
S2_N120,6500154,2.6360697154092,1.9157634871166596,3.627203248849889,2.646067781555085e-09,-1.5212767431408118,0.30528908274479016,2.186716907170508e-06,120,0.0002807531378341967,2.2279558490013982e-05,True,0.01619681250905396,0.002957816891051857,True,0.5693934639988857,0.6240802437760316,0.026500952563469203,-0.10833333333333328,0.027527201541427012,-0.10833333333333334,2.646067781555085e-09,1.9157634871166596,3.627203248849889,0,3.069459595488267,9.909182222481185e-13,2.2553122153153535,4.1775068411171645,0,,0,1
S2_N120,6500155,2.4058698188414462,1.7339474906818915,3.3381688986071336,1.4899736045595e-07,-1.2316826171264164,0.2773711035316272,2.045859386159876e-05,120,0.00011754765142081446,2.5615856585712132e-05,True,0.000317552990010114,0.0007988660019496378,True,0.21253097877195137,0.20228119190904803,0.0038869603475665737,0.05833333333333335,0.002674203999239457,0.058333333333333334,1.4899736045595e-07,1.7339474906818915,3.3381688986071336,0,2.403199049000082,4.872533364904229e-07,1.707852972841492,3.3816527306246744,0,,0,1
S2_N120,6500156,3.0373374750813835,2.2357992138838654,4.126228724048989,1.1852915763487757e-12,-2.01242974442003,0.27446595440804517,3.194872764910817e-11,120,1.147025820106385e-05,1.7431942235718468e-05,True,0.0016413540433250695,0.0084263839855571,True,0.1725827072207995,0.22173635403402492,0.00023727074338327173,-0.008333333333333304,0.00025141462374122007,-0.008333333333333333,1.1852915763487757e-12,2.2357992138838654,4.126228724048989,0,3.3386063156476795,1.9607525470498296e-12,2.3864126829082015,4.670731181875527,0,,0,1
S2_N120,6500157,2.4586143545948334,1.7850373528130414,3.386363055705131,3.645717881185514e-08,-1.139717343863661,0.31741343615371853,0.0004833402523742954,120,7.932945765111778e-06,3.807679436726972e-05,True,0.046932305361365126,0.06003323882409738,True,0.1788263065794078,0.2016473449845897,0.0013014860163760775,-0.04166666666666674,0.0008323559890389551,-0.041666666666666664,3.645717881185514e-08,1.7850373528130414,3.386363055705131,0,2.4665137718057313,1.781307191246933e-07,1.7574797022384838,3.461599117622013,0,,0,1
S2_N120,6500158,3.317709823327062,2.31161508055407,4.761691755862129,7.755789646102459e-11,-1.7113332500312377,0.3239360571649016,5.958767376105857e-07,120,9.727363186117342e-07,3.938710025914139e-06,True,0.019434120442672873,0.020113042436653725,True,0.9641170335835729,0.9265471988758613,0.00016709355130563138,0.0,0.00022402514898546073,0.0,7.755789646102459e-11,2.31161508055407,4.761691755862129,0,3.8513201254778613,2.062409522834543e-14,2.725891802409729,5.441399653426636,0,,0,1
S2_N120,6500159,2.3398562617990986,1.7302519951439133,3.164236967358663,3.384572214007606e-08,-0.8416421072503608,0.3065695395458816,0.006999204549409839,120,3.8766341857955464e-07,4.028763245085629e-08,True,0.02162954267054945,0.02790878274196763,True,0.733313285831798,0.802293264745113,0.002769942082939706,-0.04999999999999993,0.0023213977472043724,-0.05,3.384572214007606e-08,1.7302519951439133,3.164236967358663,0,2.6193476398103392,2.002994010091722e-09,1.9121872005592964,3.588028439983922,0,,0,1
S2_N120,6500160,2.5309682891592544,1.903057093538941,3.366057961412731,1.7374961621594272e-10,-1.5124062192348169,0.29781036704725244,1.4530956167005529e-06,120,0.0002639893062776302,5.166792812783815e-05,True,0.004637125854498819,0.0038088106531755715,True,0.17675813139089513,0.17545459513261796,0.00013949432464904356,0.008333333333333415,0.0003617175071265219,0.008333333333333333,1.7374961621594272e-10,1.903057093538941,3.366057961412731,0,2.5932479269181363,7.278456807006886e-10,1.9149920073860591,3.511729962593768,0,,0,1
S2_N120,6500161,2.7447487932649484,1.920242611506409,3.923278180052117,3.0316600675904516e-08,-1.282011101041386,0.3205393334899359,0.00011157248863401032,120,8.707385989330151e-07,6.001989926922668e-08,True,3.3138192596513845e-05,0.00036987070935563847,True,0.34694001558323095,0.4832303754631292,0.004287277452793797,0.08333333333333326,0.005262261617181019,0.08333333333333333,3.0316600675904516e-08,1.920242611506409,3.923278180052117,0,2.8903570678283534,4.5912193080627635e-09,2.026818726499938,4.121811127121324,0,,0,1
S2_N120,6500162,2.6293406196911713,1.9575199379477697,3.531730104167355,1.3473418946738012e-10,-1.061333858048986,0.30447087596450095,0.0006915966200831396,120,1.4145428306075756e-06,7.91894261220279e-08,True,1.3769543449181896e-05,2.8554348866670396e-06,True,0.23458537621684672,0.23246560784255,0.0005734214382759234,0.02499999999999991,0.00019956482739158109,0.025,1.3473418946738012e-10,1.9575199379477697,3.531730104167355,0,2.7466918315954416,4.5081237933079834e-10,1.9993002649487068,3.7734782263667017,0,,0,1
S2_N120,6500163,2.9687257097844726,2.247207326883786,3.9219044164281947,1.8689292628533656e-14,-1.934341827625389,0.2950093686106076,1.5554474430320159e-09,120,0.0019308889785265935,0.0014916109375646032,True,0.030327460042422844,0.026509693302297285,True,0.44022005994674573,0.6427684145654968,0.0004831131312639381,0.01666666666666672,0.00040886213009401717,0.016666666666666666,1.8689292628533656e-14,2.247207326883786,3.9219044164281947,0,3.504396048133764,1.9593907720210618e-16,2.5991309873839135,4.724960658691715,0,,0,1
S2_N120,6500164,2.801872491605509,2.0077576337717016,3.910078252058749,1.3684863190787556e-09,-1.3325429498990966,0.2903989133933485,1.1286871057350491e-05,120,3.99606542320114e-05,1.4452012966374126e-05,True,0.009945900529273856,0.013376170864598988,True,0.38703644421957617,0.3524103573626788,0.0021845704564070504,-0.05833333333333324,0.0014890732218832685,-0.058333333333333334,1.3684863190787556e-09,2.0077576337717016,3.910078252058749,0,3.038172911277372,3.923339152709575e-08,2.0438578476724363,4.516211657934721,0,,0,1
S2_N120,6500165,2.6017139392216433,1.8753111474383108,3.6094892470439324,1.0395905718394527e-08,-1.4521897158805102,0.3028038929770122,4.815169937638237e-06,120,4.24226930509339e-05,1.7117994215573044e-05,True,8.293801399180566e-07,9.227318985579048e-06,True,0.1549720862536373,0.2197975866102947,0.008798905962398377,0.08333333333333337,0.014407625211767859,0.08333333333333333,1.0395905718394527e-08,1.8753111474383108,3.6094892470439324,0,2.709433261168353,1.9587112377677935e-09,1.9566008561270214,3.7519295638337393,0,,0,1
S2_N120,6500166,2.2920885623990523,1.705456513983963,3.080506559271881,3.816162926560685e-08,-1.554939916226051,0.26807239531582244,5.741637768501864e-08,120,0.00031743145865378836,0.0004922699928734586,True,0.039451066886572614,0.05757099116976249,True,0.853416144327733,0.6127528374602074,0.003418377910759775,0.06666666666666665,0.0019835463690061838,0.06666666666666667,3.816162926560685e-08,1.705456513983963,3.080506559271881,0,2.620315190986465,3.3413703780433006e-09,1.9041618258415391,3.6058131230942005,0,,0,1
S2_N120,6500167,2.876537478995976,2.130605477185401,3.883622733852804,5.246374393109352e-12,-1.1078343798439434,0.31098023302990824,0.0005327187613382036,120,8.640581153392503e-06,3.8145606015008828e-06,True,0.025600680947258703,0.038956285621927524,True,0.7063662249950132,0.7120808170263014,0.0014257338768473475,-0.04999999999999993,0.0020383066754954098,-0.05,5.246374393109352e-12,2.130605477185401,3.883622733852804,0,2.985884565227998,2.0087448047082935e-11,2.1687556064010654,4.1108858049993025,0,,0,1
S2_N120,6500168,2.2191534035509535,1.6533047879711456,2.978665436840027,1.1097889046271519e-07,-1.3999999999999995,0.2869999941646528,3.4120235158866906e-06,120,3.006274509667755e-07,4.3775079363694043e-07,True,0.00088489345064538,0.0011960162096427893,True,0.03489849710797042,0.030678723510173922,0.049600766940454746,0.1499999999999999,0.04982618416140612,0.15,1.1097889046271519e-07,1.6533047879711456,2.978665436840027,0,2.2087875051954455,3.9500413183086243e-07,1.626095642431919,3.0002800055543357,0,,0,1
S2_N120,6500169,3.147867064771233,2.3024222170358986,4.303757575023852,6.668247289556057e-13,-1.2636309050359489,0.3143505316102431,0.00010346731047597921,120,0.00012154577854451892,2.671430277903421e-05,True,2.9267290998727186e-05,1.4957542000995826e-05,True,0.04747782002944856,0.051628475568350346,0.0008710471609380582,-0.050000000000000044,0.0005099988524315641,-0.05,6.668247289556057e-13,2.3024222170358986,4.303757575023852,0,3.3992112279162567,3.3966086313427143e-12,2.4084929432215825,4.7974551906041905,0,,0,1
S2_N120,6500170,1.8446510587643097,1.4144510831550892,2.4056947384918446,6.2074442757741016e-06,-1.7722183150975812,0.308676699096108,7.543624075788564e-08,120,0.0006882456716151232,0.000520484110524682,True,0.019872067563735368,0.02562038908021472,True,0.5574702323708983,0.4284530114158107,0.0015049766823236914,0.050000000000000044,0.000509998852431564,0.05,6.2074442757741016e-06,1.4144510831550892,2.4056947384918446,0,1.9478246870561424,1.066132166952517e-05,1.447664059370682,2.6207882878260227,0,,0,1
S2_N120,6500171,2.8790220302864147,2.174808087477559,3.811264036859545,1.484334643043519e-13,-1.3655415313833816,0.31835029716043745,3.7060427299817316e-05,120,1.4466424986700988e-06,1.489632645403447e-06,True,0.002081943671558107,0.0012596068853434447,True,0.24878352696306416,0.2776276676428656,0.00010951900045759737,0.0,0.0001219392422312728,0.0,1.484334643043519e-13,2.174808087477559,3.811264036859545,0,2.981225141978812,3.7248493975888416e-13,2.220318534045419,4.002895625508832,0,,0,1
S2_N120,6500172,2.289049371960768,1.720453898483799,3.045560844084033,1.3141731230778897e-08,-1.3888192340557746,0.3244326681464895,3.832983034379321e-05,120,5.454538823406009e-05,0.00027715074035042456,True,0.00362974463916778,0.006581418555622293,True,0.2002716682987279,0.17971182434197175,0.0002767614349941004,0.008333333333333304,0.0006728496421737792,0.008333333333333333,1.3141731230778897e-08,1.720453898483799,3.045560844084033,0,2.393045773156037,1.673142435944372e-08,1.7673655872680472,3.240228345326179,0,,0,1
S2_N120,6500173,2.1186510047992426,1.5779041560570477,2.844711488277844,5.928861221573362e-07,-1.472542533280947,0.29230010729309475,1.730582130039084e-06,120,1.3493229581041749e-06,5.581771125696337e-08,True,0.2706713020933388,0.41182329093099435,True,0.5991624630129306,0.6486426851771502,0.0032163692003453043,-0.06666666666666676,0.00786065486964978,-0.06666666666666667,5.928861221573362e-07,1.5779041560570477,2.844711488277844,0,2.4090818850142774,1.009217891789555e-07,1.7430328429825261,3.3296420959992927,0,,0,1
S2_N120,6500174,2.880371991966457,2.126678748468682,3.9011735167235546,8.194402303372409e-12,-1.397669969881197,0.26549789652513794,6.467243454360095e-07,120,8.555735854144039e-06,3.1306753921436763e-07,True,0.0027829027868638374,0.0003540591898733062,True,0.15428304528720382,0.18319769393771834,0.00014318169550108867,0.0,5.8825259605792375e-05,0.0,8.194402303372409e-12,2.126678748468682,3.9011735167235546,0,2.9525613942825886,3.490434452358187e-11,2.1432734465013192,4.067431900133223,0,,0,1
S2_N120,6500175,2.6557245478430906,1.9518217230223625,3.6134821079330623,5.090729109435715e-10,-1.4391049976597858,0.33072044421448316,2.909048610499354e-05,120,1.3177770780793898e-06,1.4598274484133296e-07,True,0.0002701995930317597,0.0002701725095019624,True,0.2244316691353594,0.10481438806032443,0.09258781177297362,0.15833333333333333,0.07687358522737739,0.15833333333333333,5.090729109435715e-10,1.9518217230223625,3.6134821079330623,0,2.8140632056646666,2.509186082275698e-10,2.0423369153116466,3.8773973413036615,0,,0,1
S2_N120,6500176,2.3794957370329137,1.6694564023301282,3.391523105757734,1.632072467879169e-06,-1.03306093300574,0.2974227067178635,0.0007213242522042188,120,0.003225815395400371,0.004132300345692045,True,0.06637860716848865,0.11301624996226184,True,0.934811657266013,0.7221373398800125,0.001901189741988825,0.033333333333333326,0.0017414525719525742,0.03333333333333333,1.632072467879169e-06,1.6694564023301282,3.391523105757734,0,2.4669302061374703,1.9991705138309198e-06,1.700054911971979,3.579734159818579,0,,0,1
S2_N120,6500177,2.808849708912884,2.0996806525201364,3.757541261234406,3.4941348708533316e-12,-1.1722504339343858,0.3249684099817772,0.0004563154861932909,120,0.00029439504839298865,0.000891785163140129,True,0.03449950830298622,0.0380362841522647,True,0.040843971652229576,0.06699315895091289,0.0012042883390809256,0.02499999999999991,0.00025108308040302515,0.025,3.4941348708533316e-12,2.0996806525201364,3.757541261234406,0,3.0888365218434255,1.1206709691208143e-13,2.2936082523847663,4.15978232060932,0,,0,1
S2_N120,6500178,2.435029865397064,1.8523341067109766,3.201026436804046,1.8016677450490652e-10,-1.2297172318486245,0.32226618866959555,0.00021843529031866787,120,0.0006871195323357043,0.000741705121295947,True,0.002521309707223605,0.0027231466844328447,True,0.3525633664232447,0.46703460235043814,0.0006560890342115761,-0.033333333333333326,0.0007374116820841247,-0.03333333333333333,1.8016677450490652e-10,1.8523341067109766,3.201026436804046,0,2.604544596797498,3.0601650740094445e-10,1.9333347019538716,3.5087833213004083,0,,0,1
S2_N120,6500179,2.6615012400743225,1.9517060481621362,3.6294342878055654,6.199265688168699e-10,-1.6965190799095873,0.31467564245907925,3.685905345445358e-07,120,6.7046384541179765e-06,1.6150893524017862e-06,True,0.04522327757232752,0.044929559666628094,True,0.20152233934655372,0.23277711855161265,0.002329684124853319,-0.050000000000000044,0.0017762334022427362,-0.05,6.199265688168699e-10,1.9517060481621362,3.6294342878055654,0,3.0135533966185966,1.7209943713395132e-12,2.2181587886247645,4.0941631955491875,0,,0,1
S2_N120,6500180,2.8829379666720527,2.0941971245580695,3.968743544824176,8.447823759937586e-11,-1.4375876467873658,0.2868310702125971,1.93288622886434e-06,120,4.927727543424735e-05,2.7025645566348493e-05,True,0.397754537143142,0.3013705968867071,True,0.9417664553084976,0.9936951587019677,0.0012330182027752489,-0.050000000000000044,0.0015351005406343985,-0.05,8.447823759937586e-11,2.0941971245580695,3.968743544824176,0,3.000554118995084,2.1470021505663085e-09,2.0939250688092073,4.299736010199476,0,,0,1
S2_N120,6500181,2.891939236454168,2.062181470128975,4.055565753299127,7.515237981669993e-10,-1.3469404462497065,0.32712786972575986,7.169331059272994e-05,120,3.228796936913752e-05,1.766586326066658e-05,True,0.04295358217869198,0.04475423186644728,True,0.41962641251278854,0.3335738588092375,0.003039108222261327,0.06666666666666665,0.002317759663535868,0.06666666666666667,7.515237981669993e-10,2.062181470128975,4.055565753299127,0,3.216405442007829,1.3978682824855986e-11,2.2920559630400787,4.513530268980034,0,,0,1
S2_N120,6500182,2.106192087314916,1.557080542460926,2.8489503193308843,1.343975719021493e-06,-1.5443748464750693,0.32264257554289427,5.002548256134524e-06,120,1.674487891651522e-06,6.271851862535756e-08,True,0.942961545652611,0.7462236091099537,True,0.5403412180978746,0.37261327195730687,0.008694562735329849,-0.09166666666666667,0.005313713805652692,-0.09166666666666666,1.343975719021493e-06,1.557080542460926,2.8489503193308843,0,2.3119087669556104,4.3805749069972946e-07,1.6701480543220861,3.200268462963134,0,,0,1
S2_N120,6500183,3.11241075145846,2.3019428616818858,4.208228122011881,1.6145388512545525e-13,-1.5165735535593567,0.2982813690953502,1.416282914464763e-06,120,0.007492996025071574,0.005647460850974636,True,0.0007412785666985301,0.0004956996087328453,True,0.36033951778659523,0.37272058696549526,0.00033618676804619157,-0.016666666666666607,0.0004858409287184833,-0.016666666666666666,1.6145388512545525e-13,2.3019428616818858,4.208228122011881,0,3.281718861220598,7.136989503481498e-14,2.4041687883927056,4.479585100716257,0,,0,1
S2_N120,6500184,3.1767684979106217,2.425570541062409,4.160612078054443,4.5858876517521955e-17,-1.4085809240610692,0.3286749108892724,3.761113461231834e-05,120,6.872543108738854e-05,1.2078394322395595e-05,True,0.011513328171451634,0.00420591492668621,True,0.5660532579804736,0.5584224337939745,0.0015229398755180685,-0.04166666666666663,0.001548980731183713,-0.041666666666666664,4.5858876517521955e-17,2.425570541062409,4.160612078054443,0,3.5830588834459927,4.269058208201284e-16,2.634187098166648,4.873727827145044,0,,0,1
S2_N120,6500185,3.562521354077108,2.604900218856826,4.872186007886761,1.8114098119583523e-15,-0.7284401340711202,0.2531902766984936,0.004772209826122764,120,7.049199333238935e-06,1.6109940582949076e-05,True,0.0362677813137781,0.021543770851840515,True,0.9283260313125423,0.9200936133860287,0.0007854454463329116,-0.050000000000000044,0.001114833640254121,-0.05,1.8114098119583523e-15,2.604900218856826,4.872186007886761,0,3.7402073885155973,1.402253969046569e-15,2.7057006779118677,5.1702508793037785,0,,0,1
S2_N120,6500186,3.035279604820988,2.2851121173006366,4.031715647425352,1.7809678091655713e-14,-1.073828872345665,0.3062573547516717,0.0006452384621148455,120,0.002431076755026919,0.0003856470545434962,True,0.013908255558786449,0.03386938438816339,True,0.9745981954968419,0.8701878938875768,8.798159134404096e-05,0.0,9.709152342295577e-05,0.0,1.7809678091655713e-14,2.2851121173006366,4.031715647425352,0,3.4848099511009965,1.679298086147714e-15,2.5628920067993013,4.738358215279849,0,,0,1
S2_N120,6500187,3.0907648937388807,2.276146239726514,4.196930523021455,4.858974321114553e-13,-1.5621220123866881,0.30882272993937626,1.5844780357488973e-06,120,2.486128374745311e-06,9.297880521535034e-08,True,0.0699629014895307,0.07556702795728995,True,0.11848409522601816,0.12218191448466936,0.00047892836763145,-0.016666666666666607,0.0002284137963262237,-0.016666666666666666,4.858974321114553e-13,2.276146239726514,4.196930523021455,0,3.590186140068952,9.848295807921654e-14,2.564109414823025,5.026866812246712,0,,0,1
S2_N120,6500188,2.8732187652464156,2.1761585591337647,3.793559085258131,9.7327046053024e-14,-1.494781247805455,0.31905938091889385,7.617662278039583e-06,120,8.498462979002194e-07,3.634686343994501e-08,True,0.025307131744234743,0.05546714871656557,True,0.17307146473961754,0.3903199336607456,0.0033341108759475575,0.05833333333333335,0.002674203999239457,0.058333333333333334,9.7327046053024e-14,2.1761585591337647,3.793559085258131,0,3.1783496986610777,2.867237130269834e-12,2.2975623994170435,4.396793231618911,0,,0,1
S2_N120,6500189,3.110268714851576,2.279767469976232,4.243314989789432,8.098533739389658e-13,-1.845155559941774,0.2994312088595572,1.0486796927695059e-08,120,1.5090645665690263e-05,1.7989478943771744e-07,True,0.004807857319697121,0.004331005859176487,True,0.4262914335371485,0.30295649018201554,0.022471848644904254,0.10833333333333328,0.01280186336388065,0.10833333333333334,8.098533739389658e-13,2.279767469976232,4.243314989789432,0,3.1191714773222894,1.3630368528205015e-12,2.2773170673146836,4.272233693138397,0,,0,1
S2_N120,6500190,2.8550206704476344,2.1894961165361355,3.7228396831224675,9.396580163861137e-15,-1.3227842761265571,0.26711313870759446,2.494194130169644e-06,120,4.1201153742400235e-06,1.2478775290065965e-06,True,0.07697157052835105,0.04855753224242793,True,0.5676322335428323,0.6147278885096124,0.01673231496171942,0.10000000000000009,0.013302429480847935,0.1,9.396580163861137e-15,2.1894961165361355,3.7228396831224675,0,3.3529510753015606,7.063194372455401e-16,2.499236531893296,4.498286084530505,0,,0,1
S2_N120,6500191,1.8954143119652709,1.412048378789205,2.54424385734102,2.0709273397543795e-05,-1.4833333333333318,0.31271587434825293,5.986444176327817e-06,120,1.1336286835887967e-05,6.640117682458027e-06,True,0.02877206649119422,0.005457601595833636,True,0.3016047686770488,0.26830033455888846,0.00045847977579712947,0.01666666666666672,0.00101511924596649,0.016666666666666666,2.0709273397543795e-05,1.412048378789205,2.54424385734102,0,2.013008980757581,3.2885721954870374e-06,1.4990922093144665,2.703106007377455,0,,0,1
S2_N120,6500192,3.333917355928318,2.5066762284648334,4.434160586813097,1.2793986598859685e-16,-0.6743732742532225,0.28209578476503566,0.018417462971839514,120,0.007107110410566714,0.018577170393344545,True,0.0020254004515228336,0.0014117528521838773,True,0.8362251556173308,0.8889192219013736,0.04167809888554384,0.13333333333333341,0.048456381758964995,0.13333333333333333,1.2793986598859685e-16,2.5066762284648334,4.434160586813097,0,3.340517283739725,1.707333516953245e-14,2.4545775502158405,4.546222514738869,0,,0,1
S2_N120,6500193,2.5167016439087098,1.8623546106064097,3.4009565785059745,1.882383040834239e-09,-1.6880985085281055,0.3019488728832362,1.5029108874465502e-07,120,5.549130962188084e-05,2.6008125806848943e-05,True,0.019882790497090373,0.027373363799777266,True,0.4716891074820515,0.5668075940364355,0.02448196583015348,-0.1166666666666667,0.023129066539796017,-0.11666666666666667,1.882383040834239e-09,1.8623546106064097,3.4009565785059745,0,2.5690625610217372,2.583394509348993e-09,1.8833482916277193,3.5044407196394465,0,,0,1
S2_N120,6500194,3.639128141190221,2.5481699843778625,5.197162555556882,1.208800153786911e-12,-1.9500000000000002,0.304538649187698,3.291682699981463e-09,120,0.0002850726221679636,0.0005281258895789893,True,0.0367026389960567,0.07048881033071258,True,0.32718687779030564,0.4032854927952182,0.000657662732652383,-0.033333333333333326,0.0005151002191871772,-0.03333333333333333,1.208800153786911e-12,2.5481699843778625,5.197162555556882,0,3.8749580287773124,1.3108251701368634e-11,2.61754996714541,5.736394687113007,0,,0,1
S2_N120,6500195,3.32588834679849,2.40839999510328,4.592897076009019,2.937294539483397e-13,-1.8247621471083053,0.3126973026434289,4.879068603383086e-08,120,0.0002450560630162066,0.00030809058766353113,True,0.0034407009471533645,0.0008953978809828041,True,0.6438799825797178,0.7679167477817863,0.001726462774343284,0.050000000000000044,0.0009350069426102083,0.05,2.937294539483397e-13,2.40839999510328,4.592897076009019,0,3.8040676503274717,1.1930558022272983e-15,2.7427218492800964,5.27612039553565,0,,0,1
S2_N120,6500196,2.3002592271860163,1.7005333227696817,3.1114900492726427,6.486719077773838e-08,-1.6623247196330355,0.27701214090668835,2.2517702231942583e-08,120,5.778941986161457e-06,1.675457488701646e-06,True,0.0341014777445945,0.08740777673017049,True,0.15448245531864682,0.14849272306468497,0.007878817815094023,0.08333333333333337,0.009804629647173768,0.08333333333333333,6.486719077773838e-08,1.7005333227696817,3.1114900492726427,0,2.4623539843733515,1.3759987829413354e-07,1.7610022806522714,3.443031965928817,0,,0,1
S2_N120,6500197,2.3821677024352566,,,,-1.5722891724280053,0.33888951537119194,9.175835221438897e-06,120,0.00031250012646678665,0.0004693475959985456,True,0.1060654743039126,0.15178188756722572,True,0.05256957315810217,0.09161471200354204,0.004304531600526876,-0.06666666666666665,0.007227130145173705,-0.06666666666666667,3.509536617702777e-07,1.7324558958061174,3.275536754651524,1,2.5151170191841032,8.328813314201567e-07,1.770438910060647,3.5730199919594154,1,0.0,0,1
S2_N120,6500198,2.9707050507416293,2.1557415990264768,4.093759893341204,2.8338985036967963e-11,-0.8150306349292396,0.2873856693243309,0.0053843437986580665,120,0.008925302357653068,0.014518177953316416,True,0.00011488690145443016,7.68890425536463e-05,True,0.47942302939395964,0.4811628227565905,0.00017389225785804986,0.008333333333333415,6.219399906656424e-05,0.008333333333333333,2.8338985036967963e-11,2.1557415990264768,4.093759893341204,0,3.3778538235139113,1.6620894077402241e-12,2.409279376907727,4.735812941574246,0,,0,1
S2_N120,6500199,2.842354941846263,2.168764996834,3.725153083543725,3.7378887951785294e-14,-1.0102647693730984,0.32489607599181464,0.0023538636907973172,120,7.683462818370078e-05,4.133659465983311e-05,True,0.0008194969592871831,0.00041148949646180875,True,0.042798866037911595,0.09113267369848979,0.000658217781798619,0.04166666666666663,0.0013440006887852646,0.041666666666666664,3.7378887951785294e-14,2.168764996834,3.725153083543725,0,3.3435698383323893,1.089068759422882e-16,2.5138731682476236,4.4471055282391525,0,,0,1
S2_N120,6500200,3.7123102420257736,2.7029817058391408,5.09853518552434,5.400728135847517e-16,-1.1983647594131381,0.3242364280947476,0.00033474969325917133,120,1.6496909642923024e-05,9.168520718601421e-06,True,0.00835415562947619,0.019027468891039803,True,0.26594521074933486,0.15308093117855093,0.040054362366443975,0.1333333333333333,0.02003952052127268,0.13333333333333333,5.400728135847517e-16,2.7029817058391408,5.09853518552434,0,4.2153584001391335,1.5651386062384915e-13,2.8769088904848226,6.176506492921661,0,,0,1
S2_N120,6500201,2.200918390102153,1.5932251648437905,3.040399980353556,1.7081917912736075e-06,-1.541949756800715,0.3348376533915245,1.0559482916704189e-05,120,0.001088168516862839,0.004294091268619866,True,0.014252096298417156,0.017686907444084094,True,0.03534588721692569,0.04803855974107265,0.00026892957501559536,0.0,0.0005077108980350098,0.0,1.7081917912736075e-06,1.5932251648437905,3.040399980353556,0,2.3576517985699916,3.0661262946231855e-07,1.6977507411290638,3.274050700519031,0,,0,1
S2_N120,6500202,3.2676019777602097,2.4349753231338727,4.3849408179301745,3.013397597117514e-15,-1.8144995536511326,0.29323882548740576,9.281519154550896e-09,120,2.6073252579657455e-06,8.576749223051767e-06,True,0.1318818362358059,0.09186178507408727,True,0.16430752378947733,0.15313993703665366,0.005821339088816992,0.09166666666666667,0.0033631517195386713,0.09166666666666666,3.013397597117514e-15,2.4349753231338727,4.3849408179301745,0,3.501242008342005,2.365177667331659e-15,2.5677469726873885,4.774105755501633,0,,0,1
S2_N120,6500203,2.49773941343051,1.8962348204445951,3.290047261098944,7.422018620545072e-11,-1.3221983100378334,0.32112004793189647,7.169761079578597e-05,120,1.6230378159203376e-05,1.1631663852665616e-07,True,0.12305209738465349,0.1571871350262348,True,0.15663893520129019,0.19582154983504219,0.018642283915454184,0.1166666666666667,0.028444297227959138,0.11666666666666667,7.422018620545072e-11,1.8962348204445951,3.290047261098944,0,2.6504596629773465,8.112718401891333e-11,1.9753605222822788,3.5562806615946565,0,,0,1
S2_N120,6500204,2.8905180753866064,2.2031499984455314,3.792340398988615,1.8422807848147903e-14,-1.3042770779748958,0.31938964179753715,8.145854876875795e-05,120,9.139073353526874e-08,1.3909087206660857e-08,True,0.21208032660216913,0.1388355790636782,True,0.7740688043233032,0.6638620368998815,8.504872849449983e-05,0.0,9.709152342295577e-05,0.0,1.8422807848147903e-14,2.2031499984455314,3.792340398988615,0,3.037166007282583,3.1905170745373405e-13,2.2526012682281507,4.094988973813608,0,,0,1
S2_N120,6500205,2.1381806988799283,1.58521405124471,2.884037456943351,6.436802197889224e-07,-1.754490370915846,0.3059459916824953,7.780007213177713e-08,120,0.0002955123680402621,0.00020329713894153847,True,0.024955041381186056,0.038238462834986234,True,0.0074741360167294235,0.011697129382824264,0.009001696852944547,0.08333333333333337,0.014407625211767871,0.08333333333333333,6.436802197889224e-07,1.58521405124471,2.884037456943351,0,2.363092748009871,1.1893865659263597e-07,1.718852405046014,3.248799791828172,0,,0,1
S2_N120,6500206,2.757935828058928,1.995926592567977,3.810866622055908,7.809197493332534e-10,-1.1281441364509721,0.30777016663842616,0.0003724951514786731,120,1.8041562180832413e-05,1.3400504128706786e-05,True,0.00041569986238781264,0.0015778782794803202,True,0.8493267442405006,0.9852655544429235,0.002844824087802805,0.06666666666666665,0.003949585755734289,0.06666666666666667,7.809197493332534e-10,1.995926592567977,3.810866622055908,0,2.8114080308438583,3.520134394291985e-10,2.035547447736354,3.882992324587207,0,,0,1
S2_N120,6500207,3.699633540111922,,,,-1.2621723801337434,0.2909120875138366,3.0581585434654284e-05,120,9.679905982928808e-05,4.6652011194524664e-05,True,0.0025939500414347227,0.0012765693045262672,True,0.6992349108418099,0.9286501195533162,0.0002961789820196246,0.016666666666666607,0.00018345053774300086,0.016666666666666666,8.433470149814154e-13,2.6780833761094165,5.110852206179357,1,3.969746273079985,1.736979161591252e-10,2.6858313163084264,5.867414448906055,1,0.0,0,1
S2_N120,6500208,1.758248084817019,1.3207863284303838,2.340602912990903,0.00011060904152444721,-1.2782750512566843,0.3469037564881351,0.0003481411836339163,120,0.0003310405452343822,0.0008344338241972713,True,0.028930000373804207,0.17698624510508842,True,0.9347680996441275,0.9014034555172149,0.0016348452086728537,0.033333333333333326,0.0011736016517738268,0.03333333333333333,0.00011060904152444721,1.3207863284303838,2.340602912990903,0,1.921454980365166,2.4382218655778747e-05,1.41877331370892,2.6022404043663596,0,,0,1
S2_N120,6500209,2.9772604318990536,2.208047966032679,4.01444163157303,8.421327044284842e-13,-1.4039491662871169,0.31943962351355143,2.4501614857604035e-05,120,1.2755835704476443e-05,3.40481324581424e-05,True,0.016154535073033383,0.038576918187619574,True,0.38120428882252766,0.4184513323434419,0.0006190991273075149,-0.01666666666666672,0.00040886213009401717,-0.016666666666666666,8.421327044284842e-13,2.208047966032679,4.01444163157303,0,3.3240857485690976,1.0321525307072147e-12,2.3888693098327307,4.625429285042752,0,,0,1
S2_N120,6500210,3.168708705312668,2.2606258074076133,4.441564289951434,2.1703133615940704e-11,-1.0166666666666666,0.2795567488680284,0.0004119625398239867,120,0.001638063542424365,0.00016687718945417864,True,0.048194731068832035,0.058700848132895105,True,0.7167332820188898,0.8577835205767605,0.0013021140769615528,0.033333333333333326,0.0013479227965063482,0.03333333333333333,2.1703133615940704e-11,2.2606258074076133,4.441564289951434,0,3.303373619398604,4.653776204041296e-12,2.3544103547447017,4.634823851903207,0,,0,1
S2_N120,6500211,3.2155320563920897,2.4006645617128037,4.3069933928245705,4.756995320279441e-15,-1.6834621068186608,0.3080843815423568,2.65964314244083e-07,120,1.406769965388864e-06,2.4261774311269577e-06,True,0.0010182794550272624,0.0007697661309922698,True,0.21828616386886646,0.2527661685340066,0.0009527213441708903,-0.04166666666666674,0.0006949394686485515,-0.041666666666666664,4.756995320279441e-15,2.4006645617128037,4.3069933928245705,0,3.6313349295558535,9.036545051457887e-17,2.679657972300164,4.920998689729537,0,,0,1
S2_N120,6500212,2.6557029542167148,1.9859797371793821,3.551273987846509,4.472180264076739e-11,-1.8729337391711531,0.28689428069274964,1.7890119743996633e-09,120,8.348836230249193e-05,2.388803893821522e-05,True,0.003103714998756209,0.0032202762875519347,True,0.1107562891522318,0.18518820936704583,0.0023314187343836125,0.050000000000000044,0.0023213977472043724,0.05,4.472180264076739e-11,1.9859797371793821,3.551273987846509,0,2.90136254017231,9.255636088871831e-12,2.1360478233943447,3.9408783348953405,0,,0,1
S2_N120,6500213,1.8457108891945408,1.3622958773469303,2.5006672508807317,7.644383497414569e-05,-1.6776463823191177,0.28999605035663484,6.165152749146337e-08,120,3.641605450113086e-08,7.149308939135084e-09,True,0.26532178168525344,0.3616123077696263,True,0.10326783460440946,0.1461261977800578,0.007997703427114802,-0.08333333333333337,0.004040951855127758,-0.08333333333333333,7.644383497414569e-05,1.3622958773469303,2.5006672508807317,0,1.9053746650834555,8.024525711810707e-05,1.383033969885886,2.6249916440168413,0,,0,1
S2_N120,6500214,3.057484468960796,2.29975183997649,4.064878268792709,1.455442111746613e-14,-1.6702508538914302,0.2842540118702539,4.0439605777284866e-08,120,7.0718486848608e-05,0.00011533635731310294,True,0.0016776706560422136,0.012555105450681975,True,0.9363734979261044,0.90145564809727,0.19089453036098408,0.19166666666666665,0.17025963762110177,0.19166666666666668,1.455442111746613e-14,2.29975183997649,4.064878268792709,0,3.2759839375051927,2.5011068388014106e-14,2.4144647402561485,4.444906806820244,0,,0,1
S2_N120,6500215,3.7014149740897393,2.594278689279456,5.281033555504773,5.307582938989451e-13,-1.6062648946591227,0.31459472308729663,1.2909992577211786e-06,120,3.225005547610105e-05,6.834976042650579e-06,True,0.0013260857061899239,0.0009022589584494832,True,0.5032873218512752,0.5746771665989372,0.0010927987099999866,0.033333333333333326,0.0004229743957039548,0.03333333333333333,5.307582938989451e-13,2.594278689279456,5.281033555504773,0,3.9463725668104646,2.2133902668988795e-13,2.7346059257141153,5.695100814940002,0,,0,1
S2_N120,6500216,3.7613935778104164,2.761848899028001,5.12268489857381,4.2402817653162645e-17,-1.4740673722826756,0.31743226377192557,9.020123414963999e-06,120,4.703021243628383e-05,5.5809395715232375e-06,True,0.0038319076055182318,0.003741921816949153,True,0.5851888852477094,0.4899614159411678,0.03287642214726589,-0.125,0.033202630665132106,-0.125,4.2402817653162645e-17,2.761848899028001,5.12268489857381,0,4.109047918589107,3.574948765849815e-18,2.987730048771278,5.651204935400785,0,,0,1
S2_N120,6500217,3.3062739707249653,2.435600491372997,4.488194023696863,1.7377369379962442e-14,-1.389786676055997,0.2773184716811057,1.9365906566169816e-06,120,0.00043013920046771546,9.088562897396496e-05,True,2.215642546182501e-05,0.0003984074753100395,True,0.9346680906592977,0.9244005402067322,0.001049311945589868,0.033333333333333326,0.0021956944817237306,0.03333333333333333,1.7377369379962442e-14,2.435600491372997,4.488194023696863,0,3.3404468376412693,3.0683122272323646e-14,2.4470276900521184,4.560056725336809,0,,0,1
S2_N120,6500218,2.7725196927411453,2.074124879191974,3.7060764873675596,5.703632184886555e-12,-1.3544449031355883,0.29267983945106435,9.628442204683856e-06,120,6.821349111242962e-07,1.8149244990966816e-07,True,0.010603866648578689,0.003927522607819034,True,0.28606495319948266,0.3382659728834623,0.0018291003068913866,-0.04999999999999993,0.0003137981616088836,-0.05,5.703632184886555e-12,2.074124879191974,3.7060764873675596,0,2.9191038689204123,2.4127386489192474e-12,2.1633953134192456,3.9387934995932,0,,0,1
S2_N120,6500219,2.0911981500425454,1.5605927043103882,2.802210782264166,7.792959722592831e-07,-1.5277639145921662,0.2980420791737784,1.1830408964561269e-06,120,0.005684559166955405,0.005807735229142807,True,0.007953889112513874,0.002315970171082828,True,0.9504742080087423,0.9894836430498185,0.00014635703792963926,0.008333333333333304,0.00013365482655809303,0.008333333333333333,7.792959722592831e-07,1.5605927043103882,2.802210782264166,0,2.3804137368232205,8.268087905984605e-08,1.7336208757217768,3.268517146863237,0,,0,1
S2_N120,6500220,2.9932695079516867,2.1743880231120163,4.120544379383643,1.7786856568482595e-11,-1.27121022535317,0.3013950541026828,4.889713989622677e-05,120,9.302291291846418e-05,1.8179826682306983e-05,True,0.07534074102649617,0.02954033418558642,True,0.2710078762327244,0.3206520050122301,0.010564106994167061,0.09166666666666667,0.0156666289456206,0.09166666666666666,1.7786856568482595e-11,2.1743880231120163,4.120544379383643,0,3.0725098903318133,6.12185563808032e-11,2.194893291004654,4.301036895450055,0,,0,1
S2_N120,6500221,3.981074505759194,2.984712973235622,5.310042996604969,5.431364478063173e-21,-1.4557202393809652,0.30501658089596745,5.303546297632096e-06,120,8.083739456599595e-05,6.7799132321605236e-06,True,0.0003161833634718216,0.00011187921803320127,True,0.09564292701495648,0.09566166384250725,0.00012573435772067094,0.008333333333333415,6.219399906656455e-05,0.008333333333333333,5.431364478063173e-21,2.984712973235622,5.310042996604969,0,4.2476141766075814,1.4159383727936291e-19,3.1054401086399213,5.809877364281095,0,,0,1
S2_N120,6500222,3.0737766269292726,2.276861409022027,4.149616974849124,2.2417688040234192e-13,-1.5887033926123315,0.26675820806443423,2.7861841106239273e-08,120,0.0003352912640511201,0.00025634093640786534,True,0.055958585597867226,0.08037436165501381,True,0.031940153962491016,0.04995554117516343,0.0003081787572490628,0.0,9.709152342295577e-05,0.0,2.2417688040234192e-13,2.276861409022027,4.149616974849124,0,3.2141589462422138,1.873585314864857e-12,2.322574165540613,4.448003377022068,0,,0,1
S2_N120,6500223,1.9381645616412355,1.4848105200445594,2.5299402296053435,1.12968912984804e-06,-1.243201023304151,0.3046541089064854,8.23708159016456e-05,120,0.06057363216040544,0.04180732235194536,True,0.02164921042487238,0.02114137324612979,True,0.907146049114083,0.9349570270761989,0.09588386572353776,-0.16666666666666663,0.10149756467910652,-0.16666666666666666,1.12968912984804e-06,1.4848105200445594,2.5299402296053435,0,2.247567278919161,1.701804668769714e-07,1.6591609822542657,3.0446464974150005,0,,0,1
S2_N120,6500224,3.3008869439153834,2.4340598922785626,4.476411879212741,1.550282592033844e-14,-1.5333333333333352,0.29400936258101357,8.020971225702024e-07,120,3.5454369624586536e-05,2.9849924683276663e-05,True,0.0016106424013823662,0.006463798687911059,True,0.26906921535055073,0.33074979056727205,0.0004129803849221769,0.01666666666666672,0.0002806254709819089,0.016666666666666666,1.550282592033844e-14,2.4340598922785626,4.476411879212741,0,3.756583734176421,4.617386000852172e-14,2.6633347821324205,5.2985908668154895,0,,0,1
S2_N120,6500225,2.7073623064515706,,,,-1.5060848765210433,0.31899655596533155,6.558309191839287e-06,120,2.4918030727000716e-06,5.822577975543803e-06,True,0.11757340997711427,0.12125949825701393,True,0.9381342682829861,0.9244568503344763,0.005048351246473803,0.08333333333333337,0.004631615208355054,0.08333333333333333,2.1131144930301727e-08,1.9496948788643145,3.7594655132214014,1,2.781704505190719,4.8417438087564165e-08,1.9652463712190515,3.9373587289203344,1,0.0,0,1
S2_N120,6500226,2.29300207882331,1.7160876117269093,3.063863696444383,1.9976824940252656e-08,-1.4833333333333318,0.2679265496991831,1.9225061794562378e-07,120,4.871323785963201e-05,4.57110970868402e-05,True,0.000475446134253059,7.270791055534162e-05,True,0.30387665766076266,0.29328510017831844,0.05404021969917895,0.14166666666666672,0.05646658109660125,0.14166666666666666,1.9976824940252656e-08,1.7160876117269093,3.063863696444383,0,2.406248564160079,2.3169206894451777e-08,1.7682808004140063,3.2743850134926675,0,,0,1
S2_N120,6500227,2.302959740342453,1.759749761934818,3.0138509919767946,1.2206508070399623e-09,-1.312441649822276,0.3016714345451735,2.9188559490129437e-05,120,0.00020081644039507315,6.920595814699477e-05,True,0.026052903839169268,0.015293016541624368,True,0.41602259634930716,0.3669520594745558,0.0005331472574204887,0.033333333333333326,0.0004229743957039548,0.03333333333333333,1.2206508070399623e-09,1.759749761934818,3.0138509919767946,0,2.5587230248359707,1.252712051012964e-09,1.8895038995962437,3.4649642793670554,0,,0,1
S2_N120,6500228,2.728218580794637,2.084564060015371,3.5706154429901367,2.665946427748423e-13,-1.3302892891632028,0.32843946887369524,9.23176930515787e-05,120,0.0021033001301998277,0.0005406672771358523,True,0.05991344161586079,0.039843779768566526,True,0.4335893491282631,0.4269738495331513,0.0010539393992792603,0.025000000000000022,0.0010224416988120378,0.025,2.665946427748423e-13,2.084564060015371,3.5706154429901367,0,3.2180908330505575,3.521532740541193e-14,2.3785148437646315,4.354023115270006,0,,0,1
S2_N120,6500229,3.38822305700682,2.507520893843718,4.578249183174359,1.930369980902973e-15,-2.0787399719627273,0.3233213520133551,2.8984890525554956e-09,120,0.0014206741166964058,0.0010206612230971154,True,0.0001744786678919612,0.0002647777354811219,True,0.3637714422456425,0.4063215253430775,0.00024144388877581045,0.0,0.000268489823906822,0.0,1.930369980902973e-15,2.507520893843718,4.578249183174359,0,3.575438663445939,2.904691887735736e-17,2.660667221089809,4.804720235109995,0,,0,1
S2_N120,6500230,3.069970806274601,2.27134137997617,4.149407409412496,2.9526298505347036e-13,-1.4271357272205267,0.28680225035913126,2.253331774519361e-06,120,1.0118423046878904e-05,7.637280981506205e-06,True,0.0547241721955877,0.047763148543019524,True,0.6110445721491753,0.46190319222146736,0.0006411880900500239,0.033333333333333326,0.0010139524450477537,0.03333333333333333,2.9526298505347036e-13,2.27134137997617,4.149407409412496,0,3.2002814446709476,1.1084021725621457e-12,2.3230059317377982,4.408857155798764,0,,0,1
S2_N120,6500231,2.484421719069405,1.774983842553294,3.477412655939967,1.129550672779983e-07,-1.2624094364783685,0.29749003751623665,4.4272867325945147e-05,120,2.543506853590857e-05,3.4466738309917914e-05,True,0.0032777658258490135,0.0013693995715092536,True,0.4945169294157563,0.7616728360946435,0.0007060584503261994,-0.02499999999999991,0.0005498920436150906,-0.025,1.129550672779983e-07,1.774983842553294,3.477412655939967,0,2.708003252832324,9.706439969524672e-09,1.9266789218935296,3.8061773209951033,0,,0,1
S2_N120,6500232,3.8416624883337995,2.880214879666639,5.124051951283301,5.2778675393016064e-20,-1.1275492097753537,0.30255167064534244,0.0003002009444381852,120,6.330953306979925e-06,7.351036728675879e-07,True,0.16681148227127296,0.1041822841540533,True,0.7169777540713403,0.8578389116715723,8.866788997911721e-05,0.008333333333333304,0.00016713637846331025,0.008333333333333333,5.2778675393016064e-20,2.880214879666639,5.124051951283301,0,3.8793236779475477,4.0212254910860126e-19,2.881559688247747,5.222571741151667,0,,0,1
S2_N120,6500233,3.390757830718256,2.5403301130585483,4.525883706009586,1.1522621696695701e-16,-1.2654387342418985,0.28570621757829134,2.140591079180799e-05,120,8.129157697010681e-05,0.00010716638068183357,True,0.000510305712789106,0.00017510537895753663,True,0.38713478198968554,0.6616406012956499,0.0035938983832265255,-0.050000000000000044,0.0017762334022427362,-0.05,1.1522621696695701e-16,2.5403301130585483,4.525883706009586,0,3.248952924188519,2.4601172249720455e-14,2.399853029785285,4.3984756452096345,0,,0,1
S2_N120,6500234,2.494904752393451,1.7677175283305626,3.5212355049700217,1.987321741508519e-07,-1.4424725363926605,0.27745367829873396,8.612836486191183e-07,120,0.0003554566046005839,0.001504127494962281,True,0.004581413818077366,0.003307700946984152,True,0.9552628284363308,0.8431113882918049,0.006391626798218821,-0.08333333333333326,0.007380205235119052,-0.08333333333333333,1.987321741508519e-07,1.7677175283305626,3.5212355049700217,0,2.5800692451700455,4.923636046757321e-07,1.7832562510996577,3.7329224589945453,0,,0,1
S2_N120,6500235,2.462847591518623,1.7993917445704948,3.370927024285595,1.819967206118067e-08,-0.8668835334005297,0.29333557136138005,0.0037785727001476686,120,1.8393705395853236e-06,5.98686503711532e-07,True,0.24691116148751968,0.17814444572001387,True,0.10524946900258586,0.06343094519672696,0.0012173186171369286,0.04999999999999993,0.001314729838987552,0.05,1.819967206118067e-08,1.7993917445704948,3.370927024285595,0,2.6438203878966453,5.658218452205139e-09,1.906336889718566,3.666605981952054,0,,0,1
S2_N120,6500236,2.1648569981990122,1.600253269250154,2.9286650511561128,5.461498167712875e-07,-1.6453099315976458,0.29139333961922637,1.1662404626920234e-07,120,5.306817529800746e-06,3.8903827735719e-06,True,0.014025850862500107,0.013063665393427579,True,0.7933490554471712,0.8063832297069866,0.0008005156163273158,0.050000000000000044,0.0003137981616088836,0.05,5.461498167712875e-07,1.600253269250154,2.9286650511561128,0,2.4088861220504394,1.0096166943798152e-07,1.742935728361679,3.3292864760203424,0,,0,1
S2_N120,6500237,1.958550812087472,1.4870242147557933,2.5795957089767034,1.7230614625239539e-06,-1.451224518062427,0.316545853695326,1.1476133012675876e-05,120,8.003263320922154e-05,4.8698450616264104e-05,True,0.013937582717060484,0.022607184586408084,True,0.6845183804215423,0.5360098681167516,0.005015677067079541,0.07500000000000007,0.005726486666395737,0.075,1.7230614625239539e-06,1.4870242147557933,2.5795957089767034,0,2.110983911284052,5.445913921919613e-07,1.5759427867292262,2.8276743998738665,0,,0,1
S2_N120,6500238,2.877458950960667,2.18729454146684,3.785393259798974,4.235664403117482e-14,-1.1666666666666679,0.27803880382347945,5.3145017424672355e-05,120,0.01767370370720893,0.016212053677064034,True,2.522115494241183e-06,1.7139361571769757e-06,True,0.7803923251803255,0.9159776166148144,0.0020256555807830747,-0.05833333333333335,0.0017480688463408901,-0.058333333333333334,4.235664403117482e-14,2.18729454146684,3.785393259798974,0,3.341585788603967,8.365964524126788e-16,2.4909425421006404,4.482719048663167,0,,0,1
S2_N120,6500239,2.4186850857503472,1.7790539489586374,3.2882856348765936,1.739359893592698e-08,-1.2623320492342367,0.29560955060906063,3.992268508235446e-05,120,5.9280587352037986e-05,5.295723991697061e-06,True,0.004309029746118147,0.0016976397803293805,True,0.8626423629939806,1.0,0.00031417700952884647,-0.008333333333333304,0.000582893378007031,-0.008333333333333333,1.739359893592698e-08,1.7790539489586374,3.2882856348765936,0,2.547992246241152,4.642689959324432e-08,1.8218205062786699,3.563613684515175,0,,0,1
S2_N120,6500240,2.4401985389014595,1.8015630070429458,3.3052237895529077,8.294471434877213e-09,-1.2541291135081867,0.2728477877082417,1.0936088221662738e-05,120,9.372856602661086e-09,1.9738459462592097e-10,True,0.0007526486551306233,0.0010168472676508886,True,0.7647314964944585,0.5776182919176889,0.020543477255624144,0.10833333333333339,0.014128656149068662,0.10833333333333334,8.294471434877213e-09,1.8015630070429458,3.3052237895529077,0,2.7327828516933153,3.9521469806000806e-10,1.9944241811593055,3.74449035719575,0,,0,1
S2_N120,6500241,2.174491503746342,1.6294721388226634,2.90180677975963,1.3163633462925003e-07,-1.7150766568272406,0.29477134466445865,5.2850942219476126e-08,120,2.0411033869338606e-05,3.943289272675474e-06,True,0.08412526154871135,0.06922270132427699,True,0.4997820061768449,0.6333363588849517,0.0005136953867517424,0.033333333333333326,0.0011736016517738268,0.03333333333333333,1.3163633462925003e-07,1.6294721388226634,2.90180677975963,0,2.3777272628146635,4.2099219910112145e-08,1.7444931369831707,3.2408192479960745,0,,0,1
S2_N120,6500242,3.48465466252499,2.482970120463517,4.890440693176907,5.221038028216554e-13,-1.5730706053056647,0.3358656071219848,7.659445435232455e-06,120,0.004322968666624599,0.0011631381057857187,True,0.034508161067727625,0.030091467222564297,True,0.545327020437363,0.48145041199318384,0.012353950181810954,-0.09166666666666667,0.014564037658001995,-0.09166666666666666,5.221038028216554e-13,2.482970120463517,4.890440693176907,0,3.6472915047816468,1.838220793566717e-12,2.544802771833178,5.227413089962013,0,,0,1
S2_N120,6500243,2.4677338153119983,1.6737091681008531,3.6384518286078738,5.11665709292748e-06,-1.2752096079764323,0.32819264719253544,0.00016970244286359235,120,8.781559300432426e-05,7.46552073939575e-05,True,0.012204494336741367,0.025912933248175663,True,0.5485138928669417,0.5798152922176004,0.04003342926099409,-0.1333333333333333,0.026852087111599764,-0.13333333333333333,5.11665709292748e-06,1.6737091681008531,3.6384518286078738,0,2.5522509049935707,6.3376008551566455e-06,1.6992995920819385,3.833335047211853,0,,0,1
S2_N120,6500244,2.8021689309763467,2.154257001283566,3.6449461290136655,1.5863997261069788e-14,-1.5816377382600382,0.2945144415966845,4.0471425673068853e-07,120,0.002102273638487837,0.0008582535151334071,True,0.09529738168220064,0.09268507641232046,True,0.5201140753292104,0.592208830576632,0.0018994247592919928,0.04166666666666674,0.00046648340168046093,0.041666666666666664,1.5863997261069788e-14,2.154257001283566,3.6449461290136655,0,2.857102359539111,1.2540710319236255e-13,2.1644499931083114,3.771412561563149,0,,0,1
S2_N120,6500245,2.0527085736051136,1.5353301903875676,2.744434073225829,1.2130082352331918e-06,-1.584940033893888,0.30363711633565416,7.861251575560425e-07,120,0.0004760241508120715,0.0002834968453573163,True,0.008387021498721956,0.002103246326593963,True,0.5247855645430974,0.5217912543924037,0.0037100717976701544,0.09166666666666667,0.004613864550030864,0.09166666666666666,1.2130082352331918e-06,1.5353301903875676,2.744434073225829,0,2.1479707281115274,6.241197616735127e-07,1.5901838250974782,2.9014118845921106,0,,0,1
S2_N120,6500246,2.381439700393455,1.746359707412674,3.2474724551520606,4.181792303675515e-08,-1.2226884459763232,0.28534247813672214,3.770623704398873e-05,120,0.007780311622613711,0.011707805163103248,True,0.0058857524078157804,0.0034730917457192457,True,0.41392412412405444,0.4568768849527648,0.00040063036348323555,0.025000000000000022,0.00038073816243711214,0.025,4.181792303675515e-08,1.746359707412674,3.2474724551520606,0,2.704129598128743,1.333731882771832e-09,1.96053224117869,3.7297610974659032,0,,0,1
S2_N120,6500247,3.1236159907452246,2.319007049846196,4.20739421999014,6.633288376210546e-14,-1.8210249817673905,0.2853422714440281,3.648459766724004e-09,120,4.191538289966169e-05,2.698775571258139e-05,True,0.0007511157299021766,0.002305398512542286,True,0.745979135237997,0.38057057064258615,0.01854761295968514,0.10833333333333339,0.014128656149068688,0.10833333333333334,6.633288376210546e-14,2.319007049846196,4.20739421999014,0,3.6624423007546336,4.967110967803104e-17,2.7041463630392895,4.960339347638338,0,,0,1
S2_N120,6500248,2.6949194683520488,2.0347868423335567,3.5692146173767894,4.668250722751457e-12,-1.8815206773038113,0.3073792777415214,1.2748675148920922e-08,120,4.2952018445419154e-07,2.733510147362656e-08,True,4.8579264210924166e-05,1.868576969162349e-05,True,0.3803149252879384,0.4164339396718757,0.04550485355388175,-0.1333333333333333,0.04362677423455889,-0.13333333333333333,4.668250722751457e-12,2.0347868423335567,3.5692146173767894,0,2.963403904906262,9.577166458530758e-13,2.198961382169049,3.9935956924133778,0,,0,1
S2_N120,6500249,2.7588638404509447,2.001008569554005,3.8037466735308323,5.900919786379011e-10,-1.5185847083051829,0.2562220564654751,3.188124485376616e-08,120,6.596159634139299e-06,4.972244564324008e-07,True,0.10454373160170717,0.07369876872645156,True,0.3578347842073343,0.5322421430150791,0.00023288501112050792,-0.008333333333333304,8.166492792034013e-05,-0.008333333333333333,5.900919786379011e-10,2.001008569554005,3.8037466735308323,0,2.8637115202519468,3.628209443969623e-10,2.061002741230916,3.979055198308875,0,,0,1
S2_N120,6500250,2.4290303734507863,1.8382780394193468,3.209627939095735,4.3162417893736306e-10,-1.311194255023837,0.33106437008222583,0.00012890433494827883,120,0.0008816662058613573,0.0010456221475482683,True,0.003719883359023773,0.003898284442698517,True,0.31117096980304015,0.2649886434515184,0.001392693952419813,-0.033333333333333326,0.0013479227965063482,-0.03333333333333333,4.3162417893736306e-10,1.8382780394193468,3.209627939095735,0,2.6512872326147607,1.2526466864103231e-09,1.9355342099055617,3.6317229392545896,0,,0,1
S2_N120,6500251,2.1932959033187527,1.573451689281051,3.0573210174078373,3.5731806564567304e-06,-1.5217151884892477,0.29021008954157496,7.087326443764638e-07,120,7.622903459238369e-05,7.795813805850774e-05,True,0.12601474509865368,0.10356235914880652,True,0.9836753642770664,0.761764364374496,0.000320171002334586,-0.025000000000000022,0.00025108308040302515,-0.025,3.5731806564567304e-06,1.573451689281051,3.0573210174078373,0,2.2710968639401754,1.1508271727033581e-06,1.6318756493134163,3.1607071087610072,0,,0,1
S2_N120,6500252,2.555451048864103,1.8653378216387007,3.5008833184992443,5.166503638326243e-09,-1.4666666666666677,0.27188479704094903,3.6350819921667477e-07,120,0.000721122594171493,9.839222148573152e-05,True,0.03022935809256914,0.031071656678420986,True,0.21933763768483316,0.2716903238909132,0.00025987877234293685,-0.008333333333333415,0.00016713637846331025,-0.008333333333333333,5.166503638326243e-09,1.8653378216387007,3.5008833184992443,0,2.5881241117983445,2.949722074666448e-08,1.8492403042292314,3.622236873570565,0,,0,1
S2_N120,6500253,2.8338111226862686,2.0490799358945306,3.9190689139975805,3.043309354112887e-10,-1.8144048639800456,0.300504864367923,1.8917840273741874e-08,120,3.172797824143705e-05,0.0002695613185920798,True,0.03323737864329578,0.0712246320792874,True,0.3240484945481762,0.3871695831772809,0.011476504019288796,-0.09999999999999998,0.006081093892846673,-0.1,3.043309354112887e-10,2.0490799358945306,3.9190689139975805,0,3.258003375214401,1.2944213808902251e-12,2.350979734664879,4.514962777601946,0,,0,1
S2_N120,6500254,2.9024012117478213,2.1746205881463028,3.873748294241975,4.680696668453198e-13,-1.1893493148022916,0.333649461054944,0.0005285763204365934,120,3.918228936928152e-05,6.511593267873484e-06,True,3.716612152800678e-05,3.530173503230361e-05,True,0.8632780980060015,0.44918054305611455,0.006077597636546106,0.08333333333333337,0.00896512788985893,0.08333333333333333,4.680696668453198e-13,2.1746205881463028,3.873748294241975,0,3.302276437866634,2.2679505586484672e-14,2.4300784632826566,4.487521632267853,0,,0,1
S2_N120,6500255,2.9305095138695467,2.1395179026322415,4.013935102068684,2.1062923430380522e-11,-1.466406892203575,0.28574682908746213,1.1534777159977082e-06,120,0.002726281404869524,0.0008130414198025291,True,0.000428990373357678,0.00042124779674215026,True,0.326052219875278,0.1632281866239378,0.000295602083919634,-0.008333333333333304,0.0011210501503524238,-0.008333333333333333,2.1062923430380522e-11,2.1395179026322415,4.013935102068684,0,3.178355388408474,5.819564734708656e-12,2.286750961616672,4.417596469658146,0,,0,1
S2_N120,6500256,2.3651119672197196,1.8131009161532674,3.0851865815355826,2.1827994458477292e-10,-1.578588546716198,0.32087178622708,2.8621742383433984e-06,120,0.000336866670877686,5.361768622092424e-05,True,0.07134571477626243,0.047708072611219884,True,0.056662847051593246,0.0504692760982107,7.822026348024386e-05,0.0,7.618512286987244e-05,0.0,2.1827994458477292e-10,1.8131009161532674,3.0851865815355826,0,2.667607594173575,1.3923246065543666e-10,1.9768091249172262,3.5998064693223717,0,,0,1
S2_N120,6500257,2.9313257929083374,2.1976599398883736,3.909918340053167,2.528857265070747e-13,-1.2000000000000004,0.29044297104166017,6.795042109636943e-05,120,0.0019886628901354068,0.0007836004201450937,True,0.005877728676228839,0.013494631488486062,True,0.3064749106519753,0.3401679103177385,0.0004968131862197646,0.025000000000000022,0.00019956482739158109,0.025,2.528857265070747e-13,2.1976599398883736,3.909918340053167,0,3.08676980319078,2.2904204960145543e-13,2.2836397419885666,4.172351550334051,0,,0,1
S2_N120,6500258,3.0753553481259877,2.3614222157459603,4.005133200739134,7.72007778283961e-17,-0.7908056463133448,0.2856675848625685,0.0065539222941434355,120,1.1704574597625092e-05,1.5479788585549263e-05,True,0.04030275536018732,0.07510964613565939,True,0.14725586034305874,0.09927247021159788,0.25838949806783773,0.20833333333333331,0.252386373216579,0.20833333333333334,7.72007778283961e-17,2.3614222157459603,4.005133200739134,0,3.3227096097885718,2.095753482019122e-16,2.495141509965259,4.424758718849193,0,,0,1
S2_N120,6500259,2.845808233493333,2.0762721405415987,3.900560212548007,7.939766941684755e-11,-1.5666666666666664,0.30066739325586744,8.184819778532359e-07,120,8.263948811235543e-06,3.968238720731812e-06,True,0.06282738872742427,0.15100282021717162,True,0.5580398240636045,0.5693042304853627,0.00045517155180503914,-0.025000000000000022,0.00038073816243711214,-0.025,7.939766941684755e-11,2.0762721405415987,3.900560212548007,0,3.2688521626395657,9.136340511917038e-14,2.3939672098645923,4.463467342895542,0,,0,1
S2_N120,6500260,2.2535026865595653,1.6415101395798253,3.0936600608699596,5.019817574020317e-07,-1.1473960550588913,0.2740868290560078,5.517917272036019e-05,120,3.833628237022721e-06,3.271843741017568e-07,True,0.001006853950385041,0.0011884688041107303,True,0.383817927380088,0.3482109100834825,0.00036887194540536716,0.033333333333333326,0.0003426987590934704,0.03333333333333333,5.019817574020317e-07,1.6415101395798253,3.0936600608699596,0,2.2912573129518887,8.500654166306152e-07,1.6471556171741384,3.1872277393936663,0,,0,1
S2_N120,6500261,3.6073394094075173,2.730203911898989,4.766273155624289,1.7815058056723045e-19,-1.4350373026429946,0.2794102256104923,1.133092873933452e-06,120,0.007607134548819816,0.0029739727329343066,True,0.06935999048751328,0.046562058699600985,True,0.8125274311676056,0.8369321483520166,0.00031372015121133406,0.008333333333333304,0.0002514146237412195,0.008333333333333333,1.7815058056723045e-19,2.730203911898989,4.766273155624289,0,3.6840491173418077,3.580792252127724e-18,2.7454604378968948,4.943512465757358,0,,0,1
S2_N120,6500262,2.191637459458817,1.6195644077552012,2.965781867459461,3.6946669507758797e-07,-1.4045696777194943,0.30424180232147857,1.0074473499636378e-05,120,0.0017701728599619861,0.0017587599880339471,True,0.05829979851417643,0.04684385309174647,True,0.4578214554302912,0.8412267357336306,0.0001301499213205118,0.0,7.618512286987244e-05,0.0,3.6946669507758797e-07,1.6195644077552012,2.965781867459461,0,2.3182854915890476,7.135814720978869e-08,1.707360102820998,3.147811414611541,0,,0,1
S2_N120,6500263,3.437200996476364,,,,-1.7381639002727571,0.287036209173676,1.7399932346197803e-08,120,0.0009460645673875649,4.01970538117215e-05,True,0.10097034636458124,0.1482212674076561,True,0.1143162432593759,0.15147325244082427,0.00031983810655914115,-0.025000000000000022,5.2150014918642595e-06,-0.025,3.333035208531217e-11,2.4602840474089964,4.802027108463423,1,3.6986564732048164,9.609881787497754e-11,2.56869672618157,5.325681139133786,1,0.0,0,1
S2_N120,6500264,3.051616609284407,2.2424435001059324,4.1527752782268745,1.273380843828042e-12,-2.0561560590664962,0.2801829504011664,3.091153928683879e-11,120,1.662543024542267e-05,4.247373063953191e-06,True,0.07759666214934616,0.11113081804245362,True,0.882999748504568,0.7734684357004371,0.00015688271615167765,0.008333333333333415,0.00030310281904539615,0.008333333333333333,1.273380843828042e-12,2.2424435001059324,4.1527752782268745,0,3.1048789320440164,7.2398865522165256e-12,2.245515954579803,4.293121660075111,0,,0,1
S2_N120,6500265,2.414619480434748,1.748401154594013,3.334696513998137,8.706114249501851e-08,-1.286855658948277,0.29787861413102124,3.288988662676721e-05,120,0.0003651055601163,3.858771865013503e-05,True,9.025437845359757e-05,0.00015266105728431415,True,0.4398236547042699,0.3334173022562906,0.060117873968427014,0.1499999999999999,0.05632354785915353,0.15,8.706114249501851e-08,1.748401154594013,3.334696513998137,0,2.4879779297384506,1.1674079110125543e-07,1.7759060367969948,3.4855640166806947,0,,0,1
S2_N120,6500266,2.4159473940334,1.7603851103048158,3.315639161323126,4.722870343526651e-08,-1.177819574474904,0.3081705181788409,0.00021366570282180873,120,0.00272433187396198,0.004516810113014993,True,0.006124125549374586,0.005175600297187235,True,0.8093763783487957,0.9223391096142087,4.194187417803826e-05,0.0,0.0001219392422312728,0.0,4.722870343526651e-08,1.7603851103048158,3.315639161323126,0,2.4463819781407103,4.267864821494898e-08,1.7764386060269188,3.3689792389486977,0,,0,1
S2_N120,6500267,2.1103781670300994,1.56520688701324,2.8454359898556016,9.670235773993772e-07,-1.5130390405715737,0.2796430309368137,3.3821323588121363e-07,120,7.97072086483109e-05,8.698324835755922e-06,True,0.07241677321637856,0.046105666888183024,True,0.09626153910867055,0.09383966311182307,0.005912934729013041,-0.06666666666666665,0.004936809893005777,-0.06666666666666667,9.670235773993772e-07,1.56520688701324,2.8454359898556016,0,2.2478025486829787,1.3028785347785618e-07,1.6639684631555856,3.0364856124038586,0,,0,1
S2_N120,6500268,2.3149400679168326,1.7089897192371883,3.1357400560834083,5.92782626644046e-08,-1.3160856484906436,0.28542207547138865,1.0307057242446363e-05,120,0.00046464749137435115,0.00021745279594403887,True,0.11808038536640988,0.1444630504477629,True,0.5823944894618842,0.6468542922245707,0.000913974610821587,0.033333333333333326,0.0011736016517738315,0.03333333333333333,5.92782626644046e-08,1.7089897192371883,3.1357400560834083,0,2.5893049980729543,1.4568616930914997e-08,1.8632475606673697,3.598287481800966,0,,0,1
S2_N120,6500269,2.500615991885563,,,,-1.4112068927524728,0.3099070458790788,1.3005364659139839e-05,120,0.0022240032947208276,0.0019921532357571685,True,0.0008377260757406865,0.005828609104694653,True,0.6121270016132228,0.5143250434578928,0.025474851395830736,-0.1166666666666667,0.016440896534640058,-0.11666666666666667,4.2927278813628026e-08,1.8342580753273185,3.409051552223899,1,2.664291097816336,1.6983017028884444e-07,1.8791383492843,3.7775010321123696,1,0.0,0,1
S2_N120,6500270,2.1567063027715854,1.590228180690315,2.9249777691623633,7.662150560252449e-07,-1.6046584434287139,0.2933379145649471,2.5883441504202477e-07,120,3.505622877772588e-06,2.0378560169514405e-06,True,8.021559935335204e-05,4.734583392668698e-05,True,0.957631439852035,0.8889941157251734,0.005538001982398877,0.06666666666666665,0.006031468455635363,0.06666666666666667,7.662150560252449e-07,1.590228180690315,2.9249777691623633,0,2.175421188312711,1.8008610900227793e-06,1.5811816782522525,2.9929877202921253,0,,0,1
S2_N120,6500271,3.2150472556570584,2.3769218000200225,4.348703796658733,3.500163642614167e-14,-1.1462021327003944,0.2994575265225504,0.00020937929708741626,120,4.5210215276273256e-06,3.897752745174587e-06,True,0.23295477662662656,0.1401472161261784,True,0.2801709458792142,0.25347098005809776,0.013606811304449773,0.09166666666666667,0.010433483838596635,0.09166666666666666,3.500163642614167e-14,2.3769218000200225,4.348703796658733,0,3.406243369941144,3.167316142080832e-13,2.4496986218021926,4.736294412711179,0,,0,1
S2_N120,6500272,2.9477708783370393,2.1072332116712706,4.123583997748543,2.7520380396199e-10,-1.4306407322654457,0.3062093556137227,8.030719769170604e-06,120,0.0001649037196067402,0.0016568416796176745,True,0.001230764432683513,0.0014986533455805158,True,0.9184261277523649,0.791777353561453,0.0077643174629972314,0.07499999999999996,0.009926004833218103,0.075,2.7520380396199e-10,2.1072332116712706,4.123583997748543,0,3.1203207389887067,1.1633610341533035e-10,2.207434264928934,4.410732255475106,0,,0,1
S2_N120,6500273,3.2768632197544743,2.3748177080923925,4.521539705717027,5.005173578150586e-13,-1.9999999999999998,0.3111504014885524,2.9207025936161725e-09,120,0.0050978028026293426,0.002751901192860615,True,0.0876730736071658,0.11149384189934297,True,0.8668876449086069,0.8289844094246313,0.0001230705548367796,-0.008333333333333304,0.0005828933780070297,-0.008333333333333333,5.005173578150586e-13,2.3748177080923925,4.521539705717027,0,3.6820119405297196,3.2313188524327595e-15,2.6626496242386986,5.091624450618317,0,,0,1
S2_N120,6500274,2.873545813453731,2.179408659313214,3.788764216720849,7.297504608842393e-14,-1.6383025077111844,0.3057438197023551,4.267073425315611e-07,120,3.5807065664622494e-05,2.0403041402234964e-06,True,0.025770000518819534,0.02242494497220212,True,0.39983584232799574,0.5046199696728211,0.0007679840945077203,-0.033333333333333326,0.0004229743957039548,-0.03333333333333333,7.297504608842393e-14,2.179408659313214,3.788764216720849,0,3.0908627397263095,7.071101789320246e-13,2.271243444607613,4.206256488493204,0,,0,1
S2_N120,6500275,3.232405389872402,,,,-1.5872474130069925,0.30044232875893756,5.956144893754537e-07,120,0.0009063473040236299,0.0003201322838012971,True,0.017574067531489854,0.009325038043553327,True,0.4105441195465467,0.48690571047743536,0.0002682218497231141,-0.02499999999999991,0.0008865185920559777,-0.025,3.232072116428968e-11,2.3531226735807316,4.440246452845072,1,3.568832597783493,1.2904862407908489e-11,2.550115800669657,4.994504997638722,1,0.0,0,1
S2_N120,6500276,2.873901178277703,2.172009879411433,3.8026106882829005,1.478298728066262e-13,-1.6145050041298834,0.3186179597240225,1.5249582163167396e-06,120,0.0003741763123575138,0.0003891955705411924,True,9.6891368571526e-05,4.246762739765803e-05,True,0.5538331328261813,0.6492301268162476,0.00036874105117954754,0.033333333333333326,0.0006197208657286441,0.03333333333333333,1.478298728066262e-13,2.172009879411433,3.8026106882829005,0,3.04912300331929,9.678935127524274e-14,2.2736054536092807,4.089166427100136,0,,0,1
S2_N120,6500277,3.156357838385423,2.3205302184603678,4.293240710542055,2.4192658831389504e-13,-1.1206890036528527,0.2859621361120266,0.0001501730401589639,120,0.00011563482234877732,0.000256550953980063,True,0.3272193724491993,0.3216969436314554,True,0.9705628429015123,0.9098204719944533,0.0038445513731528713,0.06666666666666665,0.0014041942366942422,0.06666666666666667,2.4192658831389504e-13,2.3205302184603678,4.293240710542055,0,3.5971595302337263,3.186256921937214e-15,2.6165994643574972,4.945180514713822,0,,0,1
S2_N120,6500278,2.0742944191372485,1.4816639322555447,2.90396306719427,2.1349872580206016e-05,-1.4913665631595223,0.3070755561151854,3.7328102570730637e-06,120,0.00011708943995913621,0.00017788605766958846,True,0.0005251334517904137,0.0003165904650909482,True,0.961070989695844,0.6942824326159628,0.0005639747965976349,-0.016666666666666607,0.0003406102754660932,-0.016666666666666666,2.1349872580206016e-05,1.4816639322555447,2.90396306719427,0,2.1144124894583123,5.2825064726127835e-05,1.470737336255562,3.039795118657708,0,,0,1
S2_N120,6500279,2.441478037057605,1.7543064759606057,3.3978185038453397,1.2037445358210202e-07,-1.7999999999999998,0.29261910206939823,1.1043820658223128e-08,120,2.5526215254402535e-05,0.00042819866192197526,True,0.011224731422252394,0.026631651717065778,True,0.10938109775691997,0.08494614018457262,0.007186723160530644,-0.09999999999999998,0.0031207795514779486,-0.1,1.2037445358210202e-07,1.7543064759606057,3.3978185038453397,0,2.52209130224364,2.7095719830769196e-07,1.772721679480168,3.5882364448311477,0,,0,1
S2_N120,6500280,3.309017239071648,2.45727219451738,4.455996007647784,3.2466030047936223e-15,-1.154804993923325,0.2805502101875552,7.203577891742676e-05,120,6.2857346111904495e-06,0.00010297935994073563,True,1.9374301521360175e-05,6.348978943906839e-06,True,0.0509568795920564,0.03256022587209491,0.0001835985604156707,-0.01666666666666672,0.0003406102754660932,-0.016666666666666666,3.2466030047936223e-15,2.45727219451738,4.455996007647784,0,3.531731356684914,1.0540312024183502e-15,2.594624975916144,4.80729449981005,0,,0,1
S2_N120,6500281,2.955125125522865,2.173686227180504,4.017490840351796,4.679663966042765e-12,-1.4882377919320584,0.28157975801751356,5.896592122402973e-07,120,1.5939931485816334e-05,3.7769631297317323e-06,True,0.0013400190943897768,0.0018849237851641014,True,0.27551031775344825,0.3668856377026952,0.002643810411192504,-0.06666666666666665,0.003075241961590814,-0.06666666666666667,4.679663966042765e-12,2.173686227180504,4.017490840351796,0,3.438298309901142,2.888489651149467e-14,2.5008319902803,4.72718491838551,0,,0,1
S2_N120,6500282,2.6718996384696614,,,,-1.1269042086238055,0.27606848002017786,8.197589254511628e-05,120,0.00011147416314473874,6.50297039703173e-05,True,0.3348439231276249,0.42379062330227113,True,0.7617553734368631,0.9747540059872468,0.051459955058342687,0.14166666666666672,0.05371108093685279,0.14166666666666666,4.6270002765732475e-07,1.8552458862861823,3.8480331533547827,1,3.1050683025087102,2.834973799115758e-08,2.1289748243023277,4.528681623280285,1,0.0,0,1
S2_N120,6500283,4.117360323771749,2.707210061588962,6.26203938744955,3.7072870523048593e-11,-1.7076994154631087,0.33888434290861685,1.7201865245390836e-06,120,0.00017036651071832755,0.0005255660514065323,True,0.3356357056290793,0.47932171787794775,True,0.5257214054070034,0.47685158184534726,0.004469910152335792,-0.06666666666666671,0.003498014398563002,-0.06666666666666667,3.7072870523048593e-11,2.707210061588962,6.26203938744955,0,4.207021690115742,1.369387510912764e-10,2.7130594653670537,6.523643041015979,0,,0,1
S2_N120,6500284,2.9799407954721855,2.2618457030995276,3.9260180888336462,8.375564622505176e-15,-1.3521108857336017,0.2950778133920523,1.1585761130071669e-05,120,0.0014553515650112263,0.0019898413619584268,True,0.14425654119618567,0.1495855090918637,True,0.5321818349984564,0.5640897701985509,0.008991386490409618,-0.07500000000000007,0.009926004833218103,-0.075,8.375564622505176e-15,2.2618457030995276,3.9260180888336462,0,3.3516047508465836,1.0148698890184162e-13,2.4370408072473912,4.609382974832178,0,,0,1
S2_N120,6500285,2.0542800764358162,1.545022392009373,2.731395126871107,7.310120739560823e-07,-1.8699983391463237,0.2814950533378432,1.0183166288981505e-09,120,0.0015138476438476284,0.00030484661081795264,True,0.052779826392806074,0.0505788656102709,True,0.17719797197144393,0.18586707788630696,0.002662995078586608,-0.05833333333333335,0.002674203999239457,-0.058333333333333334,7.310120739560823e-07,1.545022392009373,2.731395126871107,0,2.0511693231926467,2.6505207978355864e-06,1.51980274508533,2.768316879287095,0,,0,1
S2_N120,6500286,2.447832562984557,1.8312884407145569,3.271950023377831,1.481117867134347e-09,-1.2163892404036458,0.31632631218648993,0.00019636301327184311,120,0.00042521722032978245,0.000226690287262223,True,0.010273301273987854,0.00842592815423853,True,0.15804861690555605,0.20466809429404664,0.0007332614130938284,-0.01666666666666672,0.0008889217789391205,-0.016666666666666666,1.481117867134347e-09,1.8312884407145569,3.271950023377831,0,2.6800421297304067,5.065107046881488e-10,1.9641190718236865,3.656919745940259,0,,0,1
S2_N120,6500287,2.1992709609094905,1.654402521764444,2.923588846045305,5.7639777628167e-08,-1.0754137683446081,0.3103142299462762,0.0007405810003882833,120,0.0007842090397681917,0.0005928201405778214,True,0.0010625059890851003,0.002419913318600804,True,0.4961758270598978,0.49493351864971313,0.0006174073938988005,0.016666666666666607,0.0008889217789391185,0.016666666666666666,5.7639777628167e-08,1.654402521764444,2.923588846045305,0,2.5618823996113282,3.403837561046615e-10,1.909996570391747,3.436258227464856,0,,0,1
S2_N120,6500288,2.9651130866147857,2.136870420760421,4.1143793891281435,7.856062799188868e-11,-1.2333333333333365,0.33592476556727746,0.0003648520437502452,120,4.349377170081958e-06,2.4598083634490166e-05,True,0.016031687755833315,0.020246463973621752,True,0.8976399248356383,0.8515911233018746,0.0011006375547862567,0.01666666666666672,0.00040886213009401717,0.016666666666666666,7.856062799188868e-11,2.136870420760421,4.1143793891281435,0,3.1210656847481384,3.0965303682476024e-12,2.2665753017456214,4.29769573550467,0,,0,1
S2_N120,6500289,3.3387835518396525,2.441497041134856,4.565836213691841,4.370549904210473e-14,-1.0999999999999999,0.34744100605023526,0.0019707968716722547,120,0.04888242987235366,0.04316920479271849,True,0.01814061401866477,0.026048384934495933,True,0.4435264435681503,0.6037520378443108,0.0009109759551507104,0.04166666666666674,0.0009860328308185602,0.041666666666666664,4.370549904210473e-14,2.441497041134856,4.565836213691841,0,3.728117054501271,3.2664426492404656e-14,2.6537583692372873,5.237423622730914,0,,0,1
S2_N120,6500290,2.4747044624728463,1.7932061031206616,3.4152026172146783,3.51898755743857e-08,-1.171033906008543,0.3106277511181335,0.0002575461619717359,120,0.0009667899436213896,0.0008972999989920476,True,0.00011774880814804756,5.5793363371450116e-05,True,0.485560847923295,0.38021523271182256,0.000535579482706712,-0.025000000000000022,0.00025108308040302515,-0.025,3.51898755743857e-08,1.7932061031206616,3.4152026172146783,0,2.7211420673579956,1.6875270979882482e-08,1.9217883244204474,3.852981130467816,0,,0,1
S2_N120,6500291,2.449476345133647,1.8268908389286984,3.284232553756575,2.131150657218296e-09,-1.1847427645880406,0.3125555784679359,0.00023924623254559222,120,4.3905010881632496e-07,2.8567316824328903e-08,True,0.1873169611333284,0.07228544782183427,True,0.4370077257082764,0.4650507974396684,0.006589987519319359,-0.07499999999999996,0.008417923235459503,-0.075,2.131150657218296e-09,1.8268908389286984,3.284232553756575,0,2.755998523803077,6.924583633352343e-10,1.9969628555150105,3.8035398816899253,0,,0,1
S2_N120,6500292,3.250886717792759,2.4254163998462643,4.357298999293998,3.065058205716962e-15,-0.8876574000851659,0.28781029664876584,0.0025470540404891905,120,9.780926147727325e-05,4.621104851346318e-05,True,0.001293748940144356,0.002584065718578515,True,0.6678407733446969,0.7419758310876501,0.011346409345515392,0.09166666666666667,0.013487376638530682,0.09166666666666666,3.065058205716962e-15,2.4254163998462643,4.357298999293998,0,3.6035458018361854,1.1897212256422982e-17,2.6863728301255545,4.833857088006762,0,,0,1
S2_N120,6500293,2.654285257179763,1.9411109261160522,3.6294835764891427,9.695702282315418e-10,-1.715548929147442,0.30587891388370075,1.3853542745824327e-07,120,6.495704285706372e-05,2.104422853230693e-05,True,0.12307133258728357,0.04684155306826373,True,0.5658017122882002,0.7159543884567663,0.0008102935105434721,-0.033333333333333326,0.0003426987590934704,-0.03333333333333333,9.695702282315418e-10,1.9411109261160522,3.6294835764891427,0,2.7597234841079343,1.0386260710477914e-09,1.9920074060302246,3.8233159604132902,0,,0,1
S2_N120,6500294,2.6267240535987693,1.9463862140254446,3.5448664833505403,2.712879800051375e-10,-1.7421879653489074,0.3208630100974145,3.105617824827668e-07,120,0.00011325547058314385,3.9808815706670865e-05,True,0.010238325097688116,0.010846650044204454,True,0.7651803301647416,0.9286141328994112,0.0007448613151150862,0.025000000000000022,0.0008865185920559777,0.025,2.712879800051375e-10,1.9463862140254446,3.5448664833505403,0,2.684091273258892,1.6183124047542403e-09,1.9474742723952774,3.6993279271020216,0,,0,1
S2_N120,6500295,2.2499542609485177,1.64118978178177,3.0845269892336717,4.7101797840849875e-07,-1.4233369447453947,0.31559702488978464,1.550445390866339e-05,120,0.00012229185421608254,5.955240719620004e-05,True,0.008943195086199866,0.0028348220921303705,True,0.5249108664094166,0.6273899517868409,0.001446466192885537,-0.04166666666666663,0.0031518408444185016,-0.041666666666666664,4.7101797840849875e-07,1.64118978178177,3.0845269892336717,0,2.2724541622519663,1.2015321409585035e-06,1.6315087787300948,3.1651977524483734,0,,0,1
S2_N120,6500296,2.2888296833009427,,,,-1.80286924735028,0.3209533187645345,1.3318959112543993e-07,120,5.170112848525117e-06,1.5463188523303792e-06,True,0.013472052420830185,0.03468504436957607,True,0.4958394567502519,0.520170875796178,0.001053957309624611,-0.02499999999999991,0.00019956482739158109,-0.025,0.0002410465309859595,1.4844071789631137,3.529180802546949,1,2.4365398691969977,4.322598052473854e-05,1.6085847536412223,3.6906519975077705,1,0.0,0,1
S2_N120,6500297,2.362793828818433,1.724629235318664,3.2370984807473264,8.656021534353053e-08,-1.7344946099806229,0.31679183937306604,2.5326036864408676e-07,120,0.004664373961631432,0.005218974958893688,True,0.06337004925197931,0.06011182950154228,True,0.7876180478356543,0.7358545733586599,0.0010403224393889519,-0.033333333333333326,0.0024457041172239653,-0.03333333333333333,8.656021534353053e-08,1.724629235318664,3.2370984807473264,0,2.628724486116468,1.3076925847108331e-08,1.8838006938948575,3.6682184300617813,0,,0,1
S2_N120,6500298,2.90956639644675,2.167235215641101,3.906164201391439,1.1897261072527852e-12,-1.4460324111519298,0.3174839487216838,1.2952051160331142e-05,120,1.5680503062004828e-06,7.547691847906493e-07,True,0.006943826969511592,0.010445965542278828,True,0.1922497711049299,0.17414306420218584,0.0009911805133878096,0.04166666666666663,0.00017294357008956548,0.041666666666666664,1.1897261072527852e-12,2.167235215641101,3.906164201391439,0,2.982843075941647,1.3645776969265584e-11,2.172957134044156,4.0945827583510095,0,,0,1
S2_N120,6500299,2.7494653575943175,2.077980091747945,3.6379365628341196,1.4471910813591348e-12,-1.9013160326354073,0.29119174853841184,1.7792090348053442e-09,120,6.227734418721581e-06,1.8504942540167313e-06,True,0.0016116040770272047,0.005539167215046793,True,0.6945219290407432,0.5913084686416841,0.0003609529983775154,-0.008333333333333304,6.219399906656424e-05,-0.008333333333333333,1.4471910813591348e-12,2.077980091747945,3.6379365628341196,0,2.8956405279988107,2.6886263000192282e-12,2.1494685782280465,3.90084049253762,0,,0,1
S2_N120,6500300,2.6898328241797156,1.999081328292064,3.6192627681716645,6.387916108853738e-11,-1.5428809127644425,0.28459585911372304,3.2243282332640937e-07,120,0.001826826927405931,0.0029122627079154607,True,1.3218386807401523e-05,3.4418268790111176e-05,True,0.08010773591198785,0.05103156602055105,0.005491081396412064,0.07499999999999996,0.0018833218737531242,0.075,6.387916108853738e-11,1.999081328292064,3.6192627681716645,0,2.6927730637695144,5.172244595982002e-10,1.970177601391003,3.6803924518496305,0,,0,1
S2_N120,6500301,3.031032035591145,2.33107525756406,3.941166279796665,1.2595740013500253e-16,-1.333333333333334,0.29548268330627814,1.5355274331915597e-05,120,0.002918363357129584,0.0023022206438300034,True,0.004628279890827334,0.003910623857740585,True,0.5088309697074129,0.5478609712503715,0.0001320215016796554,-0.01666666666666672,0.00011304254359135568,-0.016666666666666666,1.2595740013500253e-16,2.33107525756406,3.941166279796665,0,3.1533137530055755,7.716665996771497e-16,2.3848452275552616,4.1694058423603515,0,,0,1
S2_N120,6500302,2.812657968090502,2.053623979798479,3.852236301915065,1.162057283062915e-10,-1.4873431236472003,0.30297396974105634,2.9926318662827296e-06,120,7.1822520477301086e-06,4.659499311964586e-06,True,0.005787963574817032,0.00418629266761157,True,0.5453248585418695,0.831165675350099,0.00048278011768543543,0.02499999999999991,6.623411779481626e-05,0.025,1.162057283062915e-10,2.053623979798479,3.852236301915065,0,2.9123490866968034,5.635343847687117e-10,2.077268069367652,4.083140413054956,0,,0,1
S2_N120,6500303,2.346408171863194,1.7472055780425795,3.151106760518942,1.4358084711246256e-08,-1.3500000000000023,0.3110782740541215,3.0453582372823842e-05,120,0.0006468500648179339,0.000974173640932944,True,0.015241439928965067,0.030852967125702013,True,0.07818011133433012,0.0547788192647592,0.0015541925897391866,0.04999999999999993,0.004048876129886143,0.05,1.4358084711246256e-08,1.7472055780425795,3.151106760518942,0,2.6279933546442167,1.7965017272172604e-09,1.918210210542656,3.6004130486305663,0,,0,1
S2_N120,6500304,2.7407218716167696,2.057207850205705,3.6513356571176954,5.643642642452689e-12,-1.100000000000001,0.3424682040064245,0.0017027890087606347,120,0.00043235490575054485,0.00011355522354432252,True,0.023043353093847387,0.02084989154563767,True,0.6242693442863667,0.5410478300776036,0.00027851139599618366,-0.025000000000000022,0.0004601001763112121,-0.025,5.643642642452689e-12,2.057207850205705,3.6513356571176954,0,2.8461932904629097,2.7222415626287127e-11,2.0921689386941034,3.8719704211517825,0,,0,1
S2_N120,6500305,3.2543591648165466,2.467821625146955,4.2915798555719284,6.295967948487956e-17,-1.2282938173037263,0.32650798816525345,0.00026498726992368925,120,0.001642371838648822,0.002328486133702354,True,0.00020404193534119983,9.752791238753575e-06,True,0.32904735700180443,0.27778407107918,0.0001408474990798309,-0.008333333333333304,6.219399906656424e-05,-0.008333333333333333,6.295967948487956e-17,2.467821625146955,4.2915798555719284,0,3.68648214909209,2.4688940686504027e-17,2.725754404830958,4.98583093601107,0,,0,1
S2_N120,6500306,2.498919913506669,1.9081926814447014,3.2725210587184317,2.8199789830230626e-11,-1.4123190759790667,0.30220291272958894,7.987575196044694e-06,120,0.00333596364943375,0.003906697689090859,True,0.03231445040626527,0.04909020940288352,True,0.21227427842393598,0.3214653003878226,0.0005759102790752018,-0.033333333333333326,0.0019609475213124916,-0.03333333333333333,2.8199789830230626e-11,1.9081926814447014,3.2725210587184317,0,2.5545501938831756,1.9281677410839605e-10,1.9139443239825686,3.4095697619300265,0,,0,1
S2_N120,6500307,3.8843781333560803,2.8567839329986935,5.281601211981391,4.899996770443179e-18,-1.122066231728467,0.32095250015904586,0.0006680669994001299,120,5.105728967422035e-05,1.8459206504851204e-05,True,0.008167991622939517,0.005070410384271843,True,0.972453282508664,0.8930754136936947,0.003093802678605256,0.05833333333333335,0.004707557962904482,0.058333333333333334,4.899996770443179e-18,2.8567839329986935,5.281601211981391,0,4.4450237940226,5.738392717747058e-18,3.1685843390784667,6.235666914636533,0,,0,1
S2_N120,6500308,3.399343145857799,2.5347622559022955,4.55882353320627,3.0470004338035323e-16,-1.2543101880208627,0.30737716237156404,8.237363069795372e-05,120,0.0033337171041315674,0.0010663827429126444,True,0.006603448233168529,0.007024887306310495,True,0.184896045443379,0.16897372559921353,0.006024095496705208,0.09166666666666667,0.0028151844644284285,0.09166666666666666,3.0470004338035323e-16,2.5347622559022955,4.55882353320627,0,3.8343441665462894,2.007174921692584e-19,2.862596328349056,5.135965222175335,0,,0,1
S2_N120,6500309,3.8569636521404145,2.875878975922411,5.1727380527759985,1.992293032042146e-19,-0.9442878139765234,0.31906533656235025,0.0037301139730206464,120,9.054844814383003e-05,4.949449408261622e-06,True,0.010518547228472315,0.016149084625052695,True,0.22743015472121086,0.4323741865516776,0.0005140046128087104,0.025000000000000022,0.00019956482739158109,0.025,1.992293032042146e-19,2.875878975922411,5.1727380527759985,0,4.1264692942597145,2.713464203293877e-19,3.028444705203471,5.622605163373532,0,,0,1
S2_N120,6500310,2.4515730580720403,1.8225064813397014,3.2977717887986144,3.0787881881185854e-09,-1.5280109480439816,0.31525630637866864,3.889378869789639e-06,120,0.0012885948516082686,0.0004331438090708041,True,0.0004118747382745279,0.00010448766936785558,True,0.22761441068339394,0.28326037195061826,0.07156265668958063,-0.15000000000000008,0.04654754262856509,-0.15,3.0787881881185854e-09,1.8225064813397014,3.2977717887986144,0,2.8792409780641055,1.1286592979112952e-12,2.151494414487008,3.8531490269939566,0,,0,1
S2_N120,6500311,2.1984063738935498,1.5858131320532627,3.047641923937266,2.281289738097162e-06,-1.5636879489746238,0.3115918670426744,1.8805242013652642e-06,120,3.782705493162799e-05,1.2171130506850656e-05,True,0.051318380748761376,0.06004931313915577,True,0.8369778801327368,0.9369290152714708,0.0028087931875811697,-0.050000000000000044,0.0017762334022427362,-0.05,2.281289738097162e-06,1.5858131320532627,3.047641923937266,0,2.3646337881265564,1.6698300991979922e-06,1.6627236654863935,3.3628516078852333,0,,0,1
S2_N120,6500312,3.227410307116447,2.3860072032690494,4.365526338818406,2.9009731481605286e-14,-2.0166666666666693,0.2980195398360468,5.520572662283135e-10,120,0.002202148343201112,0.0005233721854952259,True,0.6718884385422786,0.7009106997782364,True,0.6151599064972133,0.48867510251514745,0.00017786917431392832,0.025000000000000022,0.0003112627290215698,0.025,2.9009731481605286e-14,2.3860072032690494,4.365526338818406,0,3.183215397708845,2.0612955710668015e-13,2.337088744034595,4.335676295594143,0,,0,1
S2_N120,6500313,2.3266161284683293,1.7216015607751702,3.1442482003859418,3.896157583403944e-08,-1.6849167234226998,0.29733034544788195,1.0620963329116717e-07,120,6.196742602336121e-05,1.6766844017433067e-05,True,0.09986895282135992,0.09721566833889571,True,0.6647010966893998,0.5404782666515124,0.033218009045115175,-0.125,0.027012813051767143,-0.125,3.896157583403944e-08,1.7216015607751702,3.1442482003859418,0,2.479228181270479,2.494021204012975e-08,1.801593304122437,3.4117424619313548,0,,0,1
S2_N120,6500314,2.510248799597469,1.808730840796192,3.483851158919101,3.7163142515076367e-08,-1.506768781597845,0.29163255174532104,9.915226851489626e-07,120,8.552624555177163e-06,7.082926472769725e-07,True,0.007948630272092808,0.008100588664930327,True,0.7784362692460395,0.7717280446595186,0.009343970559764988,-0.09999999999999998,0.009936821939419612,-0.1,3.7163142515076367e-08,1.808730840796192,3.483851158919101,0,2.542011900121789,2.2445877153429045e-08,1.833012192491541,3.5252490555327323,0,,0,1
S2_N120,6500315,2.0636105258533632,1.5678874119854171,2.716067729008849,2.360807675916113e-07,-1.1509738503155995,0.3124355349864912,0.000349287784201835,120,7.994205638724499e-05,9.657158175717369e-05,True,0.08032293970971296,0.055052410207557134,True,0.6962053280900846,0.609021681189827,0.00048172483618591787,0.02499999999999991,0.0007626860061639054,0.025,2.360807675916113e-07,1.5678874119854171,2.716067729008849,0,2.1861624317577504,2.52544766615492e-07,1.6238770229734847,2.943145392424829,0,,0,1
S2_N120,6500316,2.5922289845300557,1.9303513130739602,3.481050865055808,2.413358033088474e-10,-1.7242553545435646,0.2672336533801197,2.5929372318166357e-09,120,1.5875630713444006e-05,4.622119176317649e-06,True,0.010119974472786234,0.020646605936852174,True,0.7724949963061403,0.8432777651713241,0.009849984508252176,0.08333333333333337,0.004631615208355047,0.08333333333333333,2.413358033088474e-10,1.9303513130739602,3.481050865055808,0,2.6517149885348643,1.4281328773451815e-10,1.9682681202122512,3.5724768938807956,0,,0,1
S2_N120,6500317,2.5794857040306,1.8533335000845337,3.59015066473182,1.9349062008850872e-08,-1.8184813185451385,0.3122559771078326,5.155351037972915e-08,120,0.00013896223490150538,7.04993130672252e-05,True,0.0008931953329756356,0.0010124320738003454,True,0.554416492271131,0.25786340048513257,0.0012468731005990592,-0.02499999999999991,0.00031126272902156846,-0.025,1.9349062008850872e-08,1.8533335000845337,3.59015066473182,0,2.6720407917834996,8.671300783522505e-08,1.8644250289504782,3.829492675805864,0,,0,1
S2_N120,6500318,2.646734170671062,1.9409446843147953,3.6091712591339804,7.708700965159707e-10,-1.516666666666668,0.2852671355378403,5.1346419488866e-07,120,6.329383656271766e-05,0.0003172798212901166,True,0.06043983627740009,0.07467316843218498,True,0.577258921190148,0.5984072719879139,0.0023306378243638766,0.05833333333333335,0.0034154644421336045,0.058333333333333334,7.708700965159707e-10,1.9409446843147953,3.6091712591339804,0,2.91442843053092,4.847273429592549e-10,2.0809558869255844,4.081726638249811,0,,0,1
S2_N120,6500319,2.410004058339029,,,,-0.9333333333333321,0.32878813432530457,0.005342101643979273,120,1.4727385089711897e-05,8.797583278809266e-05,True,0.004274362548405121,0.0020386356577677418,True,0.018935425725131058,0.038127232604564305,0.0012077497540403908,-0.050000000000000044,0.00031379816160888275,-0.05,3.959118065749885e-07,1.7424175750634099,3.3333683293450607,1,2.67453298885511,6.697940439373492e-08,1.9071690244883714,3.7506516814330024,1,0.0,0,1
S2_N120,6500320,2.3411522175891295,1.7082704844158134,3.208504599198098,1.2226474774466065e-07,-1.7604707352634885,0.2695602379097606,1.7664649298181499e-09,120,0.0008971186912360304,0.0003466500902373745,True,0.018930344118400243,0.02670106443739133,True,0.674886208179852,0.9390638971811501,0.0008495963617464688,-0.050000000000000044,0.00040384554145996406,-0.05,1.2226474774466065e-07,1.7082704844158134,3.208504599198098,0,2.5420364715427417,1.68369963034414e-08,1.8383118151514302,3.5151541590462836,0,,0,1
S2_N120,6500321,2.2640602571276736,,,,-1.1391488725018715,0.3012034356628673,0.00024664906588026006,120,1.3843180619582594e-06,5.5404325157436405e-06,True,0.06284599495988284,0.07371435464923518,True,0.7316945343000186,0.6907928826148451,0.0006180659559187744,-0.016666666666666607,0.0003406102754660932,-0.016666666666666666,8.503669743736808e-07,1.6583354382195261,3.0910325678190476,1,2.5038986497592544,3.1438834252841507e-06,1.7270912478479248,3.6300968209285163,1,0.0,0,1
S2_N120,6500322,2.2745082803643277,1.6889861246152478,3.063013864974404,6.253031533993159e-08,-1.7775433775518892,0.3121592462307554,9.362456306700479e-08,120,6.1979115070243165e-06,1.107402053255119e-05,True,0.1729688095687434,0.10191587636106224,True,0.08155620037935118,0.13717800256365356,0.00032417859462768335,0.008333333333333304,0.0003617175071265219,0.008333333333333333,6.253031533993159e-08,1.6889861246152478,3.063013864974404,0,2.3335233592822653,7.146525126154822e-08,1.7144649584624312,3.176111148518006,0,,0,1
S2_N120,6500323,2.5682587981105236,1.9164565070247435,3.4417442972980297,2.7030825515295407e-10,-1.2833333333333359,0.30804075607696163,5.9592262222904673e-05,120,0.0007416532783411488,3.632223289946511e-05,True,0.6562358631709665,0.5072150999965653,True,0.7178798273517679,0.8682197002689878,0.0005621594258804123,-0.025000000000000022,0.0010224416988120378,-0.025,2.7030825515295407e-10,1.9164565070247435,3.4417442972980297,0,2.602801380284412,2.1697634707149563e-09,1.9027540226355482,3.5604050469050224,0,,0,1
S2_N120,6500324,2.982311268409411,,,,-1.3453992753188015,0.30819057181125,2.752817835478127e-05,120,0.002275193536021993,0.0005511851637725154,True,2.6399590087835612e-05,2.4605963124858212e-06,True,0.6300752838828202,0.6714652652157879,0.0017860961794642183,0.04999999999999993,0.001114833640254121,0.05,7.622482493926645e-09,2.10621564614995,4.222825197381776,1,3.0716213208184757,8.735939272512366e-09,2.1454950327912274,4.397520103429072,1,0.0,0,1
S2_N120,6500325,2.383247949532656,,,,-1.3041259370314835,0.3128970878815608,5.9186273393583175e-05,120,0.00011558175662116027,0.00031019602503584373,True,0.015244186826326502,0.007979936807120735,True,0.5261237619791922,0.5407813973567636,0.0009062511152987335,-0.016666666666666607,0.0005719701804955345,-0.016666666666666666,3.266498097232761e-07,1.7345891175843866,3.2744762038294564,1,2.6561897538968147,6.655005632927834e-08,1.8987283365143148,3.7158259415133714,1,0.0,0,1
S2_N120,6500326,2.397179022795332,1.7656338209824634,3.254620068464953,2.095608890415214e-08,-1.5217698783612028,0.3039758910177351,1.9809724180303444e-06,120,1.069708339609392e-05,2.64591889622889e-07,True,0.002637262386893881,0.007775447905791093,True,0.32710364454650187,0.38401301729042503,0.006668171127334684,-0.06666666666666665,0.009194537303869148,-0.06666666666666667,2.095608890415214e-08,1.7656338209824634,3.254620068464953,0,2.4686701306441674,3.55900004514784e-08,1.7901791227216592,3.4043142033012352,0,,0,1
S2_N120,6500327,3.6905382020208437,2.6489875830157597,5.141614218164573,1.1811839367472606e-14,-1.3051672256051243,0.27862312916775583,7.636973523065352e-06,120,0.0017326456147880194,0.008057383353064407,True,0.0006199731589871012,0.00033580947360272606,True,0.8341175948140067,0.6885864195559523,0.0022778586712499625,-0.05833333333333335,0.0038225411762604564,-0.058333333333333334,1.1811839367472606e-14,2.6489875830157597,5.141614218164573,0,4.156818342478897,2.2468676918648678e-17,2.99056035568854,5.777893330091542,0,,0,1
S2_N120,6500328,2.4593429697562765,1.8701647462009452,3.2341363803249332,1.1932334150969062e-10,-1.4166666666666665,0.3118060711930042,1.355302941794086e-05,120,2.3554324967227043e-08,2.0550301338806722e-10,True,0.17409029617218807,0.12121144213258297,True,0.9731922593773863,0.8475399916752675,0.05705373283352398,-0.14166666666666672,0.03414223957490813,-0.14166666666666666,1.1932334150969062e-10,1.8701647462009452,3.2341363803249332,0,2.585518780216041,1.0812530651150082e-10,1.937698998243093,3.449920430836283,0,,0,1
S2_N120,6500329,2.2383034550253513,1.576819549224209,3.1772832593579476,6.545148664128919e-06,-1.405954495312812,0.3043309577685361,9.944110301301252e-06,120,3.1232105486914385e-05,7.34366498727448e-06,True,0.042828056743593246,0.039010502819756515,True,0.03353118593125153,0.06466238700618857,7.19772620052537e-05,0.0,5.8825259605792375e-05,0.0,6.545148664128919e-06,1.576819549224209,3.1772832593579476,0,2.4397554324671424,5.029361442145085e-07,1.7229411160310117,3.454793965312622,0,,0,1
S2_N120,6500330,3.057668812494153,2.2989390090436457,4.066805830916198,1.5828854629065017e-14,-1.6040631403544332,0.29027610396261316,2.0145568886319088e-07,120,7.470542486649158e-07,5.342000440733378e-07,True,0.29783983479695963,0.22854532595530686,True,0.9004222743037888,0.8869359982383562,0.0017731249934238335,0.033333333333333326,0.0007374116820841232,0.03333333333333333,1.5828854629065017e-14,2.2989390090436457,4.066805830916198,0,3.340076222543651,1.802999215655779e-14,2.4536460845255577,4.546747488466184,0,,0,1
S2_N120,6500331,2.489690396555369,1.8475787923634626,3.3549628824060598,2.051929845093283e-09,-1.4,0.29383302161348385,5.482324639466317e-06,120,7.210001971227905e-05,0.0003459482152849464,True,0.14555756677849188,0.13916243353817978,True,0.647285351164063,0.541317336565913,0.0004001355100495872,0.025000000000000022,0.0007626860061639054,0.025,2.051929845093283e-09,1.8475787923634626,3.3549628824060598,0,2.8620490522198754,1.590681983280016e-10,2.073690246755739,3.95011973949721,0,,0,1
S2_N120,6500332,2.4594227473798784,1.742768111220188,3.470777443876104,3.044562669828682e-07,-1.0548807000752036,0.33089823103891364,0.0018384234513017423,120,7.485509436699047e-06,2.5596448742487185e-06,True,0.00013657354497667226,0.0001020528617792763,True,0.21891723971979327,0.2969923968501167,0.04635652905449919,0.1333333333333333,0.03878638349860939,0.13333333333333333,3.044562669828682e-07,1.742768111220188,3.470777443876104,0,2.7764431876798024,7.195802921594302e-08,1.9147394773094069,4.0259454958570995,0,,0,1
S2_N120,6500333,3.218872872813541,2.3672430150687647,4.376881674327773,8.920833219800235e-14,-1.5314351903747716,0.29814353893572454,1.1300553391954974e-06,120,8.768482823856755e-06,6.258922824737752e-07,True,0.19528001216956625,0.1420898592480334,True,0.8023939967400102,0.8618715151674214,0.0006917554718511426,0.03333333333333338,0.00016556136137461415,0.03333333333333333,8.920833219800235e-14,2.3672430150687647,4.376881674327773,0,3.798607843291314,2.983107856812649e-14,2.692318503396645,5.359477910548119,0,,0,1
S2_N120,6500334,3.090131182926859,2.267587256979525,4.21104444748746,9.020632810331507e-13,-1.5612505467743267,0.3237323312016005,4.304646680818743e-06,120,0.00019352865597988198,0.00014826899711056418,True,0.0020368365045194806,0.0016069780135147898,True,0.7326750798267545,0.6716139815570568,0.0024538611906353017,0.050000000000000044,0.005789002072795568,0.05,9.020632810331507e-13,2.267587256979525,4.21104444748746,0,3.3153674544832104,2.2172163987996528e-13,2.406810601074268,4.566899179079736,0,,0,1
S2_N120,6500335,2.598842031341136,1.9024652338732144,3.5501200146059677,1.957563118287079e-09,-1.4934687085336413,0.3376114663455447,2.188055775340414e-05,120,2.0456577835223627e-06,4.990916949391362e-06,True,0.0007508337585436163,0.0001404963471823735,True,0.040577692296093475,0.05830076280250281,0.009000789106884685,-0.08333333333333337,0.006638047344862753,-0.08333333333333333,1.957563118287079e-09,1.9024652338732144,3.5501200146059677,0,2.918120113897497,8.820338746363456e-12,2.145500683669146,3.968968671951395,0,,0,1
S2_N120,6500336,2.5334353279974917,1.8424894098148017,3.4834906116453035,1.0583209796541773e-08,-1.2451547603687303,0.3121306129512795,0.00011593411696023514,120,1.1805126769438159e-05,1.646763898133705e-06,True,0.19491201734065222,0.28675063931450795,True,0.30462912815615784,0.5101628083773446,0.001156834779330092,-0.04999999999999993,0.0020383066754954098,-0.05,1.0583209796541773e-08,1.8424894098148017,3.4834906116453035,0,2.7328357179616463,8.06173380656939e-10,1.983011283064875,3.7661868720303264,0,,0,1
S2_N120,6500337,2.2481279416760915,1.6850270085025516,2.9994054793437614,3.649643123573092e-08,-1.2607395162693609,0.3020675931110162,5.7891547451392146e-05,120,0.0015008206803190473,0.006766890749124245,True,0.00016227009391154768,4.673743768790259e-05,True,0.02773647957615119,0.06304741035274937,0.01801586258144401,0.10000000000000009,0.009936821939419612,0.1,3.649643123573092e-08,1.6850270085025516,2.9994054793437614,0,2.4300609912893107,3.6627816140444537e-09,1.8092097798167992,3.26396445965705,0,,0,1
S2_N120,6500338,2.2407235655596107,1.6603819461108373,3.0239079080657585,1.3249253565604258e-07,-1.222674698710441,0.3059849135397208,0.00011310662167005671,120,0.0003180742178755319,0.00020531087942641393,True,0.016518070797946607,0.01043175019619971,True,0.32370945022320574,0.5286446872013073,0.009217119797906223,0.07499999999999996,0.003064606882139302,0.075,1.3249253565604258e-07,1.6603819461108373,3.0239079080657585,0,2.2878789725332975,5.100982702591109e-07,1.6564120121894237,3.1600774169955876,0,,0,1
S2_N120,6500339,2.733401714788651,1.935052131189755,3.8611285008718292,1.1583654589132465e-08,-1.8763256294048092,0.28963983346158245,2.2856730006172535e-09,120,3.561966734062382e-08,4.02996324426772e-09,True,0.0007834737181551443,0.0013871726283723102,True,0.12828252459115277,0.06930470578268909,0.0016604656711497702,-0.04999999999999993,0.0020383066754954098,-0.05,1.1583654589132465e-08,1.935052131189755,3.8611285008718292,0,3.0023466868892768,1.040653675980305e-09,2.109242904364489,4.2736119247446,0,,0,1
S2_N120,6500340,2.5076068662406903,,,,-1.5000000000000018,0.30254450750034656,2.4334981238820355e-06,120,0.005196715288701812,0.007888594272007362,True,0.00036743157951306247,4.8319609765601085e-06,True,0.2145015340600298,0.564741827492867,0.0041550939521787,-0.05833333333333335,0.008489670197360856,-0.058333333333333334,4.20836641418768e-08,1.838064806416278,3.421039439777702,1,2.7434817778664566,5.30919702320079e-07,1.8822239642139877,3.9988292618665193,1,0.0,0,1
S2_N120,6500341,2.6295812368207923,1.9470302774383477,3.551407269401808,2.871615137062817e-10,-0.8949000704110908,0.3212063933372317,0.006226281697632486,120,8.687313915676339e-05,0.00016769768825527912,True,0.02769141153053032,0.008834447745312547,True,0.511900012763277,0.7900554941644062,0.0017365400752378363,0.050000000000000044,0.000509998852431564,0.05,2.871615137062817e-10,1.9470302774383477,3.551407269401808,0,3.0350774103131677,1.3897694775711701e-12,2.232470139165779,4.126234311037852,0,,0,1
S2_N120,6500342,2.810745459139616,2.0290996725793597,3.8934952988441656,5.100506781220194e-10,-1.17313974131372,0.27063053966647344,3.10441348873677e-05,120,8.605798388993141e-05,0.00010016241883547335,True,0.002329171795636399,0.0026258951366073336,True,0.655417793602169,0.42034367088948565,0.07758456433441811,0.15000000000000008,0.07202709121157674,0.15,5.100506781220194e-10,2.0290996725793597,3.8934952988441656,0,2.82873328737297,4.284658339086049e-09,1.9993086530162765,4.002249477097996,0,,0,1
S2_N120,6500343,2.0877463846424074,1.5691206360755467,2.777788314280757,4.371945368274037e-07,-1.6166666666666663,0.3283175362655747,2.809270900893163e-06,120,1.2292757834282302e-06,6.594941726073833e-08,True,0.007582028115935681,0.0019290076322014066,True,0.9490681537486764,0.8659001598922107,0.0004991509473848082,-0.008333333333333304,0.00042764930016378445,-0.008333333333333333,4.371945368274037e-07,1.5691206360755467,2.777788314280757,0,2.234128710578118,9.476229961276704e-08,1.6629883726255725,3.0014227264553806,0,,0,1
S2_N120,6500344,1.7543268915023926,1.2983594420670221,2.37042435440584,0.0002519984272770951,-1.78858257085588,0.32440911633942016,2.1327764079139244e-07,120,3.0202559736746753e-06,2.2029536610562808e-07,True,0.0018600983067547706,0.002187815451053378,True,0.9840903299601473,0.8536553422765811,0.010384740726321128,-0.09999999999999998,0.007908492367974147,-0.1,0.0002519984272770951,1.2983594420670221,2.37042435440584,0,1.7838561895414582,0.0003025151889003861,1.303192104463592,2.441806464347154,0,,0,1
S2_N120,6500345,2.6266152222616035,1.9542717289996814,3.5302703423682886,1.5404876948450996e-10,-0.8819616828973345,0.2974991403393122,0.0036737824433023497,120,0.003823301418354086,0.0017772839250135377,True,0.04511779757853001,0.02949976835128267,True,0.04329106782722434,0.04463684353774257,0.001774798512853469,0.033333333333333326,0.0006197208657286441,0.03333333333333333,1.5404876948450996e-10,1.9542717289996814,3.5302703423682886,0,2.9167424156487325,5.28436282555935e-13,2.181004377506524,3.9006736561302264,0,,0,1
S2_N120,6500346,3.1260869694210416,2.305806787857848,4.238178060644386,2.1363401520865594e-13,-1.1206717768788965,0.28445726507487884,0.00013919896131369143,120,1.6345539804946212e-06,1.7022854231576585e-07,True,0.004151856997944391,0.005144814623968836,True,0.8010791193091503,0.60745534593174,0.009780124493141829,-0.09166666666666667,0.0033631517195386682,-0.09166666666666666,2.1363401520865594e-13,2.305806787857848,4.238178060644386,0,3.2777381147260862,5.0940114811523e-13,2.3750265108490134,4.52355672648368,0,,0,1
S2_N120,6500347,3.0838927601709307,2.2606803773592175,4.206872697034739,1.1753854223263183e-12,-1.7764912748101778,0.3143540992417082,1.1404859672768045e-07,120,8.911778959187743e-05,4.556817548657317e-06,True,0.010476720545462259,0.013049554781525537,True,0.17266669757724806,0.10751976448211273,0.0014255626897061772,0.033333333333333326,0.0021956944817237306,0.03333333333333333,1.1753854223263183e-12,2.2606803773592175,4.206872697034739,0,3.2737864422020326,2.3255883321392615e-13,2.38399406404665,4.4956813570892,0,,0,1
S2_N120,6500348,2.88730184660188,2.1221302496013883,3.928369596991759,1.4832542764242278e-11,-1.2295544968133822,0.3114497488951149,0.00013508226709089272,120,0.00026557774974817616,0.00011161402937543534,True,0.008709947638645953,0.006436169164596458,True,0.859889365469542,0.721971333254515,0.0029696714603678785,0.05833333333333335,0.002340590402455414,0.058333333333333334,1.4832542764242278e-11,2.1221302496013883,3.928369596991759,0,3.0748618147453284,2.041447964703061e-11,2.214040141983067,4.270372068010699,0,,0,1
S2_N120,6500349,2.618440293862221,1.987264101236654,3.4500847513195216,7.917054749781118e-12,-1.7721557056367914,0.3345667398732079,5.603673994534163e-07,120,4.630384445267667e-05,4.24715492556725e-05,True,0.08295893048359577,0.0798269676524452,True,0.5026830078777325,0.5409330937347809,0.0004930956332704001,-0.04166666666666663,0.00022821986376204905,-0.041666666666666664,7.917054749781118e-12,1.987264101236654,3.4500847513195216,0,2.7593084815350233,2.067718053096302e-12,2.0792290396100306,3.6618300106558324,0,,0,1
S2_N120,6500350,2.0964607551955297,1.582027371366794,2.7781742450371256,2.560057343590189e-07,-1.454109073164522,0.2758148319428733,6.251453569693279e-07,120,0.00022635758207134767,8.685380423969661e-05,True,0.6764013991721519,0.21377671466245218,True,0.5222436801748408,0.8187420354327636,9.78553675495718e-05,-0.008333333333333415,0.00013365482655809303,-0.008333333333333333,2.560057343590189e-07,1.582027371366794,2.7781742450371256,0,2.174235286088517,1.0329331413830926e-07,1.633267956118824,2.8943805953960027,0,,0,1
S2_N120,6500351,3.323873501246469,2.497864130255119,4.423032829716027,1.719690696754434e-16,-1.5719883578817408,0.3191304454124814,2.7884857862468914e-06,120,0.004210340036538515,0.0028502369635561567,True,0.05511709666752207,0.1323521023075382,True,0.12695242947164057,0.07299557007536853,0.002096055411701789,0.05833333333333335,0.0038225411762604564,0.058333333333333334,1.719690696754434e-16,2.497864130255119,4.423032829716027,0,3.3864186831845475,1.409848149855797e-14,2.482107131293386,4.6202000523022,0,,0,1
S2_N120,6500352,2.741578276963348,2.049994736656811,3.6664735349394277,1.047356906188827e-11,-1.5876207348070568,0.305469547561507,8.675291760055743e-07,120,1.9488398806924537e-05,4.171585951632546e-06,True,0.0004912930890250746,0.00018299649284270043,True,0.9292718608404472,0.8972353154309384,0.0005395908147246212,-0.033333333333333326,0.0007374116820841247,-0.03333333333333333,1.047356906188827e-11,2.049994736656811,3.6664735349394277,0,3.1123408802148442,7.00551865240004e-12,2.2498689064378463,4.3054356309111075,0,,0,1
S2_N120,6500353,2.3516743852187583,1.750781134499899,3.1588028366970864,1.3456920559280463e-08,-1.4769646028175678,0.308231680135133,4.897596520464148e-06,120,4.4950467485230627e-07,3.371813549299353e-07,True,0.0657098423938039,0.09915600397309648,True,0.9745650427838795,0.9810857937860992,0.00442653577448951,0.06666666666666671,0.003949585755734296,0.06666666666666667,1.3456920559280463e-08,1.750781134499899,3.1588028366970864,0,2.34428769251904,1.1058401247564511e-07,1.7115754482407943,3.2108925089716993,0,,0,1
S2_N120,6500354,2.9366828482564755,2.2190321968673303,3.886426778042543,4.8763209369253876e-14,-1.4910926589922637,0.29534371478384397,1.6515271575084226e-06,120,0.0029415023791525764,0.005399950266243191,True,0.00019138762509429837,0.00017120730964228985,True,0.8906235619792786,0.6467438007898425,0.0009779879078892872,-0.033333333333333326,0.0005151002191871772,-0.03333333333333333,4.8763209369253876e-14,2.2190321968673303,3.886426778042543,0,3.5919439019783024,1.5885132826605355e-14,2.5918564759265683,4.9779226260384375,0,,0,1
S2_N120,6500355,2.4796694626791074,1.8569636467338655,3.3111906390618295,7.511987047409319e-10,-1.8768964597014708,0.29860233006763726,5.8073123570365846e-09,120,0.0004580711737050804,0.0002988832647657321,True,0.0002480134017761319,0.0005410787903616105,True,0.778001783450637,0.5407962900587059,0.052394281960772976,-0.14166666666666672,0.05646658109660125,-0.14166666666666666,7.511987047409319e-10,1.8569636467338655,3.3111906390618295,0,2.8497535573693584,2.495952024281307e-10,2.060266078698858,3.9417701537211722,0,,0,1
S2_N120,6500356,2.885123434092731,,,,-1.0733979190411418,0.2840968765278574,0.0002499439149564913,120,1.3881539896991094e-05,1.1072632810642704e-06,True,0.04559204340388259,0.03810281688940107,True,0.33847384476506837,0.29875394489381746,0.00026256017374497073,-0.01666666666666672,0.00028062547098190956,-0.016666666666666666,9.03320708094685e-11,2.148433744294658,3.8744211926739336,1,3.1321688325630657,2.9920275196555506e-10,2.254868378205856,4.350800113435197,1,0.0,0,1
S2_N120,6500357,2.7871366396097215,2.0571748305871056,3.7761159296499813,3.7038677184988075e-11,-1.1009656754947894,0.28117312878822265,0.00015205351495271738,120,0.0003404783762232932,0.00037397013685299064,True,0.11498793356000096,0.07801694421570562,True,0.7529194331172355,0.7459842196575492,0.00013634931682438993,0.008333333333333304,6.219399906656424e-05,0.008333333333333333,3.7038677184988075e-11,2.0571748305871056,3.7761159296499813,0,3.3559273417498634,3.5075717254168626e-13,2.4216993482553906,4.650555954114497,0,,0,1
S2_N120,6500358,2.4096373185495747,1.766052196461205,3.2877578695473924,2.8994648418466168e-08,-1.560999956661802,0.2971001357375459,6.76425401394168e-07,120,9.663037735958757e-06,1.2977202489119074e-05,True,0.006888843624825331,0.009630709479392477,True,0.8521994871446531,0.9894974878537584,0.00023755565768286308,0.0,0.00018502388844737346,0.0,2.8994648418466168e-08,1.766052196461205,3.2877578695473924,0,2.751447257515423,3.1436242240788852e-09,1.9684740446312854,3.8458531020698135,0,,0,1
S2_N120,6500359,2.3723138902539582,1.7770179750315007,3.167032226442226,4.626635970652543e-09,-1.5425331092332328,0.3171600406308446,3.6261211684117173e-06,120,3.3344191038619875e-06,2.0687592501746563e-06,True,0.07358761058522031,0.12204173810329563,True,0.37956069505530254,0.3550011700169462,0.016058619422084506,0.10833333333333328,0.014128656149068688,0.10833333333333334,4.626635970652543e-09,1.7770179750315007,3.167032226442226,0,2.567081823056909,5.825063823977261e-09,1.8689414244407698,3.526011570020733,0,,0,1
S2_N120,6500360,2.637708900489198,1.992587830361535,3.49169463835256,1.2209037300426147e-11,-1.1363378735274043,0.3173733489497686,0.0005006419911951681,120,0.09598031617845619,0.1707311808799008,True,0.00246033810448664,0.000861370619302768,True,0.4842492930683263,0.41679347948137324,0.009036710319754167,0.08333333333333337,0.005262261617181019,0.08333333333333333,1.2209037300426147e-11,1.992587830361535,3.49169463835256,0,2.9062450998695772,7.95580247586823e-12,2.140691953069596,3.945574966264814,0,,0,1
S2_N120,6500361,3.674653355717461,2.8051082918649968,4.813745452838819,3.491125669920885e-21,-1.5947717353654327,0.30029854716739085,5.273436808800688e-07,120,8.234336845605341e-05,4.025183753290669e-05,True,0.06228706101598405,0.04151523367521341,True,0.3118405953333381,0.40673797447864257,0.0007606416750159739,0.033333333333333326,0.0006197208657286441,0.03333333333333333,3.491125669920885e-21,2.8051082918649968,4.813745452838819,0,4.166817599555766,2.098671430974608e-18,3.0269156497814076,5.735993637358715,0,,0,1
S2_N120,6500362,2.138165025456902,1.6123944086487985,2.8353792667380198,1.3092288783350117e-07,-0.9677012025901957,0.31181292023037166,0.0023986176826086684,120,0.00030608438565107177,0.00041677816676790973,True,0.007575588413140134,0.008077383005243311,True,0.6784038531168757,0.9432630016877666,0.0036094566025411854,0.05833333333333324,0.004253397355042058,0.058333333333333334,1.3092288783350117e-07,1.6123944086487985,2.8353792667380198,0,2.296148995405607,7.281892350048628e-08,1.6966224899152094,3.107527007593579,0,,0,1
S2_N120,6500363,3.0971141382503493,2.342001033944771,4.0956924639754035,2.221710610939319e-15,-0.9612788308271396,0.29576515501288353,0.0015065106162605512,120,3.087600189432261e-06,6.244336113174226e-07,True,0.09138220562527169,0.0883666074132806,True,0.29347064658116917,0.33634175124201093,0.0015871882498835082,-0.04166666666666663,0.002546389895488765,-0.041666666666666664,2.221710610939319e-15,2.342001033944771,4.0956924639754035,0,3.410253615076399,1.3399138313376231e-15,2.5241036073677168,4.607508853913457,0,,0,1
S2_N120,6500364,2.6125810115301253,1.9307849646824955,3.5351319109376806,4.844643414231557e-10,-1.8104011589378484,0.27288574228667184,1.0634896972331575e-09,120,0.0005144447216358715,0.00034596471828676073,True,0.3371820075972819,0.23350352087857296,True,0.6777993913267361,0.7160086669770143,0.0018223852521846362,0.06666666666666665,0.0034980143985630053,0.06666666666666667,4.844643414231557e-10,1.9307849646824955,3.5351319109376806,0,2.589887116031699,2.836395171896538e-09,1.8920511632370431,3.545102481431497,0,,0,1
S2_N120,6500365,2.940759464995491,2.165290929657404,3.993951164949865,4.969881224608981e-12,-1.2677153308945819,0.27972844664558716,1.4194133160831642e-05,120,0.00041643151902332886,0.0002152675547405065,True,0.01842275355621154,0.019273235727078793,True,0.06378168199471371,0.12340319452659129,0.03575585721863621,0.13333333333333336,0.036371049580524034,0.13333333333333333,4.969881224608981e-12,2.165290929657404,3.993951164949865,0,3.2536442932053147,6.178213922619156e-13,2.3595332078327673,4.486565881575765,0,,0,1
S2_N120,6500366,2.6804897384530606,2.0345571579681807,3.5314934308002006,2.400727945259483e-12,-1.6266124295751676,0.2874047656207555,1.0974555633953547e-07,120,9.255977347076784e-07,2.9458415609040177e-06,True,0.11841638982550035,0.09139224584590448,True,0.830551679960943,0.903429422719154,0.0019990025997021796,0.050000000000000044,0.0009350069426102083,0.05,2.400727945259483e-12,2.0345571579681807,3.5314934308002006,0,2.9823859458848956,8.079799561393489e-12,2.180334057742353,4.07947850863815,0,,0,1
S2_N120,6500367,2.245218420156412,1.6906972614779265,2.9816134851978457,2.2913006228998014e-08,-1.3893808015458557,0.3197057018922463,2.9737964994188978e-05,120,1.935331123011244e-06,3.2643075263271934e-06,True,0.005206974729189459,0.004621386977894212,True,0.9139217162405034,0.8869275572969955,0.0014389435681426306,-0.033333333333333326,0.0007374116820841247,-0.03333333333333333,2.2913006228998014e-08,1.6906972614779265,2.9816134851978457,0,2.5271053408605044,1.1564095011732074e-09,1.8748405386740035,3.406295773998157,0,,0,1
S2_N120,6500368,3.6515224423213692,2.611068569699187,5.106574488893159,3.76888827081663e-14,-1.8500000000000012,0.29332626324814337,5.239678028320385e-09,120,0.013544235947337155,0.011263080542674298,True,0.18147377026472267,0.12201440527351894,True,0.16990847746895543,0.20209559024931112,0.005538001982398868,0.06666666666666665,0.0030752419615908107,0.06666666666666667,3.76888827081663e-14,2.611068569699187,5.106574488893159,0,4.372261619008038,1.85557571401122e-18,3.1437518938785898,6.080846170549953,0,,0,1
S2_N120,6500369,3.6017895322567317,2.6850089618959574,4.831599454146201,1.230030631885522e-17,-1.2276128356936833,0.26867794821789087,1.2218527820820929e-05,120,0.00015234114347233054,8.775230781257391e-05,True,0.2556999842983856,0.3189476155948806,True,0.3405669189941034,0.3484622186920169,0.0019131763637793566,-0.06666666666666665,0.0007518961015997713,-0.06666666666666667,1.230030631885522e-17,2.6850089618959574,4.831599454146201,0,4.190833846732402,1.27284113007505e-17,3.017049699777241,5.821279090037741,0,,0,1
S2_N120,6500370,3.994321910699327,2.84524644484964,5.607460666605229,1.2291007744820391e-15,-2.062006142741268,0.2959784244328642,2.035507761788437e-10,120,6.335515009357227e-06,8.830916732670398e-07,True,0.08743931493540279,0.1292512372239947,True,0.0514509164420909,0.07231244423220078,0.0022182503233695947,-0.050000000000000044,0.001314729838987552,-0.05,1.2291007744820391e-15,2.84524644484964,5.607460666605229,0,4.505904800874612,3.740194549121576e-17,3.1740365792551044,6.396642750509735,0,,0,1
S2_N120,6500371,2.551987964651766,,,,-1.7999648197009672,0.3088459066660881,5.052395687433433e-08,120,0.004726569475745607,0.0027012664027581943,True,0.03526915419429782,0.010719948315644665,True,0.7009407718506431,0.7921594791706639,0.008688254423221908,-0.09166666666666667,0.006853355745721505,-0.09166666666666666,1.2457869894848413e-07,1.8351433467012035,3.5488467881456707,1,2.7961039422041263,3.46574910054323e-07,1.917781976659652,4.07668720989182,1,0.0,0,1
S2_N120,6500372,2.8240066389486103,2.1073741270020405,3.784336817388526,3.6187440669122875e-12,-1.7431260967661104,0.29384935980106064,3.111328653116328e-08,120,2.5301814202668547e-05,1.0465178893638629e-05,True,0.0581404878622423,0.11571974991889744,True,0.10902349740528178,0.10896605283712453,0.00010926024563813175,0.0,0.0001511210714541945,0.0,3.6187440669122875e-12,2.1073741270020405,3.784336817388526,0,3.4839696236896582,4.1831013458374565e-12,2.4478347002959593,4.95868627784576,0,,0,1
S2_N120,6500373,2.638198809192093,1.956418853224805,3.557567923325885,2.0247284060527053e-10,-1.5713294579371735,0.32530292917797554,4.168220558917488e-06,120,1.167686804596722e-05,1.4950525258486307e-05,True,0.006206322521426481,0.003986042344382781,True,0.6167459672917521,0.5712193486148962,0.00218504093306968,0.05833333333333324,0.002674203999239457,0.058333333333333334,2.0247284060527053e-10,1.956418853224805,3.557567923325885,0,2.986000902224466,1.097864044219662e-10,2.1418413735856245,4.162867287019881,0,,0,1
S2_N120,6500374,2.1985361641684986,1.6279815946197291,2.96905154280063,2.760731899117282e-07,-1.4385669831416974,0.33361931622848745,3.3941852049232594e-05,120,0.009531653491945801,0.010627246738434317,True,2.4340543007286583e-05,5.2682041278142134e-05,True,0.5454648020072812,0.5638817904387308,0.008243975999995075,-0.09166666666666667,0.008565792796947715,-0.09166666666666666,2.760731899117282e-07,1.6279815946197291,2.96905154280063,0,2.3581138318047246,1.7869536493391833e-07,1.7087693206583727,3.254213881605901,0,,0,1
S2_N120,6500375,2.230299205825807,1.6199464164288857,3.070616717355842,8.790520423482561e-07,-1.542521939192277,0.2986693548140344,1.0002823941345601e-06,120,0.0001396917462384232,3.0210542086808066e-05,True,0.15644704007389415,0.2593551220819804,True,0.3150692318740064,0.39900914783151586,0.0006418057407065179,-0.033333333333333326,0.00016556136137461415,-0.03333333333333333,8.790520423482561e-07,1.6199464164288857,3.070616717355842,0,2.400770226206063,1.5290321509966933e-06,1.6798975503112374,3.4309816559763786,0,,0,1
S2_N120,6500376,3.1495264063106556,2.28801112269971,4.335431976547258,1.974634782298475e-12,-1.3120165069841314,0.3295053755682544,0.00011917263480555895,120,4.797950762270884e-05,6.235595995921022e-06,True,0.0104460676644296,0.0037018338611494277,True,0.41209777396073255,0.4095810560942714,0.0001256102641913253,-0.008333333333333304,3.3896019283630454e-05,-0.008333333333333333,1.974634782298475e-12,2.28801112269971,4.335431976547258,0,3.4281878283420597,8.71752696753645e-12,2.406775228012153,4.8830782574156135,0,,0,1
S2_N120,6500377,2.210625319992433,1.6546432209607715,2.9534247887916765,8.001885937518918e-08,-0.9454775164438656,0.31079569964041115,0.002900595111163282,120,0.00018910788177480494,0.00029928531806990504,True,5.858627844467209e-05,1.9131333104843283e-05,True,0.024390042906626417,0.04376771984939386,0.0016753289563918726,0.050000000000000044,0.0006333151549355015,0.05,8.001885937518918e-08,1.6546432209607715,2.9534247887916765,0,2.392066641261861,2.6831376921289104e-08,1.7590334074546772,3.2529131010180845,0,,0,1
S2_N120,6500378,2.516740947112843,1.7910433781121449,3.536477715883581,1.0496054171972183e-07,-1.8239279222814133,0.27698574334296217,1.3556362148394404e-09,120,0.029350891388805898,0.09032337872428622,True,0.00018285596153302524,0.00014165506678294733,True,0.9185265548595244,0.9453319488767149,0.00024173423877332074,0.0,0.0003187677849763662,0.0,1.0496054171972183e-07,1.7910433781121449,3.536477715883581,0,2.544881192222823,1.512996267747892e-07,1.7957632936528556,3.606499979936351,0,,0,1
S2_N120,6500379,2.871510015670417,2.072362624172107,3.9788257488911047,2.3131700095893625e-10,-1.4217714423432548,0.31584967820895743,1.6046289608420838e-05,120,0.00031849164309470125,7.274337085067721e-05,True,0.023928922172155666,0.0068383966558332185,True,0.35112197821127256,0.5086160107153732,0.08247766675523455,0.15833333333333333,0.07687358522737739,0.15833333333333333,2.3131700095893625e-10,2.072362624172107,3.9788257488911047,0,3.0751094005410162,6.495714239525686e-10,2.1532030031389744,4.391735387471679,0,,0,1
S2_N120,6500380,3.0282019130787985,2.2105276584797,4.148333901725892,5.213207726767519e-12,-1.1899082191217043,0.3052015852080735,0.00016171963551005411,120,0.001406265572579793,0.003702456921642047,True,0.4500877686358864,0.45993156735395946,True,0.5590727831206435,0.720223922267432,0.025501981211866944,0.125,0.02300175526754743,0.125,5.213207726767519e-12,2.2105276584797,4.148333901725892,0,3.02285261536394,3.7819902801066424e-11,2.1777967161901675,4.195817665754395,0,,0,1
S2_N120,6500381,2.0769548640496756,1.502957900208522,2.8701678913967674,9.480043473706638e-06,-1.5618988218988201,0.3056795745063877,1.2701126376346144e-06,120,0.0004910404006493174,0.0012387672163361922,True,0.008884332148914114,0.009001988652327729,True,0.7199888984215711,0.4257197274637817,0.010523970375600883,0.09166666666666667,0.004613864550030864,0.09166666666666666,9.480043473706638e-06,1.502957900208522,2.8701678913967674,0,2.0958207493093512,1.998123568879321e-05,1.4916968751533473,2.944609381704351,0,,0,1
S2_N120,6500382,2.2213941178413545,1.6313343287514237,3.024880761601434,4.044988272776538e-07,-1.1043695650218968,0.30281668731696126,0.000397455606444817,120,4.479863788551343e-05,2.037880001761774e-05,True,0.08108242151770759,0.056167032365566784,True,0.7429998895432515,0.618130066352632,0.0025597729874059136,0.05833333333333335,0.0012546330021904687,0.058333333333333334,4.044988272776538e-07,1.6313343287514237,3.024880761601434,0,2.3452331327432803,7.843318353574061e-07,1.6722079508713805,3.2891354475684507,0,,0,1
S2_N120,6500383,2.187660382857199,1.6455293108458136,2.908400305712538,7.127379131744307e-08,-1.5500000000000018,0.2738550431861139,1.0960939594174649e-07,120,0.1545089204009845,0.1474745915790658,True,0.00029743913135296484,0.00034604724175393516,True,0.05981634061116958,0.05829379280113252,0.00041309465206903736,-0.025000000000000022,0.0005498920436150906,-0.025,7.127379131744307e-08,1.6455293108458136,2.908400305712538,0,2.264739511855585,9.632992394936877e-08,1.6770880832011337,3.058303918521581,0,,0,1
S2_N120,6500384,3.0704409850250123,2.226404206280036,4.234454739138939,7.89787284218901e-12,-1.4871885795534947,0.3024988136711035,2.9029137651813955e-06,120,0.0011523314934485365,0.0021554467545758286,True,0.001111034467792327,0.0007561776224059173,True,0.9758980807779198,0.9222326696533617,0.006690724239725873,0.08333333333333337,0.004631615208355047,0.08333333333333333,7.89787284218901e-12,2.226404206280036,4.234454739138939,0,3.2476100605978657,5.2108065984738514e-11,2.284718933339376,4.616310107904992,0,,0,1
S2_N120,6500385,2.7895016388825793,2.082620615471899,3.7363115180560307,5.975034897827258e-12,-1.3735677355843383,0.31997142256658634,3.6580481246179746e-05,120,0.0006616745294246889,0.0003103687355575251,True,0.009818876617834992,0.007691493758254447,True,0.7315145542354802,0.8348808776441645,0.008610334583302154,-0.09166666666666667,0.005313713805652692,-0.09166666666666666,5.975034897827258e-12,2.082620615471899,3.7363115180560307,0,2.963863972999634,2.0285097931908298e-11,2.157277989439274,4.072024882026663,0,,0,1
S2_N120,6500386,2.8549879909111175,2.0886320344114275,3.902533473563055,4.7552553285532906e-11,-1.1694188679245288,0.2896203257879836,9.67625610915933e-05,120,0.00016246977626537524,1.839364977502845e-05,True,0.4182694542115344,0.5109830028490666,True,0.2701193059156317,0.47131841198144797,0.000516938745369112,-0.033333333333333326,0.00021479228004967526,-0.03333333333333333,4.7552553285532906e-11,2.0886320344114275,3.902533473563055,0,3.170764490835657,2.628996707596342e-12,2.2949090716696054,4.380891417641199,0,,0,1
S2_N120,6500387,3.251771587961823,2.453541799128309,4.309695666905891,2.2984986157857087e-16,-1.2,0.2976262824802991,9.890549341962084e-05,120,2.889538093939298e-05,4.348809034932764e-06,True,0.001357768638904967,0.015036989010926084,True,0.3490797658511384,0.3830881744116441,0.005402481206155662,0.08333333333333337,0.005931555391191531,0.08333333333333333,2.2984986157857087e-16,2.453541799128309,4.309695666905891,0,3.5342040557677423,1.0966975440377365e-17,2.647275173858728,4.718284835345841,0,,0,1
S2_N120,6500388,2.8913162917877693,2.164710065260825,3.8618150454943803,6.487634697101556e-13,-1.6916478447644447,0.32439479653382286,8.03756432589104e-07,120,0.0023227117117843054,0.0019069498327716821,True,0.008730099928213077,0.004517861149424912,True,0.7434769710344995,0.5762279512745887,0.0003366931391178597,0.008333333333333304,0.00020623800138594417,0.008333333333333333,6.487634697101556e-13,2.164710065260825,3.8618150454943803,0,2.8908395557333035,9.035683758433925e-12,2.1308543071896477,3.92187927104889,0,,0,1
S2_N120,6500389,2.550769285181869,1.848645414968134,3.519562969483457,1.1930196216113443e-08,-1.766666666666666,0.2814699707884081,6.065150628084273e-09,120,0.06683488795919008,0.036223236439618,True,0.0013424358361576935,0.0019324268080212982,True,0.8983252078734307,0.9516958981318734,0.0005777819154437959,0.04166666666666663,0.00012797376165866501,0.041666666666666664,1.1930196216113443e-08,1.848645414968134,3.519562969483457,0,2.6933123037887436,6.084356256461647e-10,1.9679060962331263,3.686116517259114,0,,0,1
S2_N120,6500390,2.365155237063033,1.7876791012539301,3.1291741853909496,1.6661909491548794e-09,-1.2313890019918354,0.29152249869497043,4.7737307494876614e-05,120,1.6216302148002726e-05,4.832889462516593e-05,True,0.16241432650779997,0.08124482184763729,True,0.6190236462120453,0.6296272503192615,0.0038842893781894784,0.07500000000000007,0.00033706531551895504,0.075,1.6661909491548794e-09,1.7876791012539301,3.1291741853909496,0,2.5349748758223716,1.639735377287753e-09,1.8735599145051485,3.429886373688739,0,,0,1
S2_N120,6500391,2.5409967347656943,1.9239283659222428,3.3559796302472487,5.021037538996773e-11,-1.2952993846654983,0.3097336426998094,5.608843923878507e-05,120,0.012495144229601685,0.003734735561551367,True,0.0014362457332958356,0.00133498919801425,True,0.9586751813257363,0.9600525501799545,0.0005951669273642996,-0.033333333333333326,0.0003426987590934704,-0.03333333333333333,5.021037538996773e-11,1.9239283659222428,3.3559796302472487,0,2.8171881966130217,2.9830764223601463e-11,2.0758177090571666,3.823336365475222,0,,0,1
S2_N120,6500392,2.769006636296123,2.0172085363488708,3.8009941033314734,2.944804383718281e-10,-1.3800947129015166,0.30825882420652384,1.7688853334289333e-05,120,0.0024628805953277404,0.003565806033654842,True,0.001856864739553196,0.0008626123352087857,True,0.8228727251031294,0.7658952699951193,0.10300716064694537,-0.15833333333333333,0.06966010386207538,-0.15833333333333333,2.944804383718281e-10,2.0172085363488708,3.8009941033314734,0,3.0284137765987484,6.668639467363701e-12,2.2070869411773306,4.155382296540089,0,,0,1
S2_N120,6500393,3.995105812972367,2.9092180648036123,5.486309414183786,1.1417863707739155e-17,-1.2194187105007566,0.30567662135933704,0.00011591965811245238,120,1.9779797815166207e-05,2.4683482734907483e-06,True,0.039902125857933964,0.02579648796242683,True,0.9543263850728568,0.8723268986648263,0.0008968409305588695,-0.033333333333333326,0.0011736016517738315,-0.03333333333333333,1.1417863707739155e-17,2.9092180648036123,5.486309414183786,0,4.751252168898211,1.944630314766492e-21,3.4458086426131262,6.551262566728221,0,,0,1
S2_N120,6500394,2.581123237374291,1.9382862596461654,3.437158538042636,8.660066548824343e-11,-1.3549693112070937,0.2889090809104099,7.463080779092108e-06,120,0.0012565295942055922,0.0020467901858304675,True,0.04733673096967709,0.052059293875703745,True,0.16938233101916422,0.16824967864309248,0.03352776717545283,0.1333333333333333,0.033964664809730004,0.13333333333333333,8.660066548824343e-11,1.9382862596461654,3.437158538042636,0,2.995473892008347,2.9630216792179403e-12,2.201228677622226,4.076297900768833,0,,0,1
S2_N120,6500395,2.6841456919237805,2.0098326414370264,3.5846955348091507,2.247359319467484e-11,-1.3543550277841216,0.3274430250778261,6.67907562114076e-05,120,2.908408209105441e-06,3.8451014186414924e-07,True,0.0645721034076722,0.05322866230903617,True,0.5681048983993231,0.6147557608910366,0.04405286728892579,-0.13333333333333341,0.04120625812510267,-0.13333333333333333,2.247359319467484e-11,2.0098326414370264,3.5846955348091507,0,2.839274356687361,5.251506518673151e-11,2.07909876664863,3.877391012807439,0,,0,1
S2_N120,6500396,3.0079013233009264,2.2054725017076744,4.10228210222984,3.5052416278567485e-12,-1.049999999999999,0.28728987212321544,0.0003866994313237669,120,8.622661515622354e-05,2.4415727263583573e-05,True,0.0048109071754054746,0.0038524783182896575,True,0.3071949423399799,0.3641321430954225,0.009905474659610718,0.08333333333333337,0.005931555391191531,0.08333333333333333,3.5052416278567485e-12,2.2054725017076744,4.10228210222984,0,3.3188069164617797,9.318831944860147e-13,2.387669215144202,4.613067538373122,0,,0,1
S2_N120,6500397,3.0354999919950965,2.2799104417772953,4.041500943440256,2.892292697338863e-14,-1.8577709234877076,0.3247880389730661,8.324029789285594e-08,120,0.00014901347689569874,2.667912480764344e-05,True,0.0022151492849659,0.0027469636657647812,True,0.6838781144231354,0.5513512759493023,0.0005949507310968214,-0.016666666666666607,0.0003406102754660932,-0.016666666666666666,2.892292697338863e-14,2.2799104417772953,4.041500943440256,0,3.104868689232765,1.1735893587133869e-13,2.3017980501163406,4.188121358818051,0,,0,1
S2_N120,6500398,3.077386250875228,2.097449861172429,4.515152572840141,9.084490550200858e-09,-1.3387939814500465,0.3269852033021583,7.823843572248875e-05,120,6.409276070418482e-05,1.521081010984337e-05,True,0.0007199322029259117,0.0012217323688984813,True,0.08879590209536836,0.12962244891313662,0.005016211524937923,-0.07499999999999996,0.0026351314434603546,-0.075,9.084490550200858e-09,2.097449861172429,4.515152572840141,0,3.2347620179896337,2.745645155116419e-08,2.138049103626456,4.894034143219801,0,,0,1
S2_N120,6500399,2.5542096796996123,1.8661858423157605,3.4958935706936587,4.736112118859257e-09,-1.4683567175651318,0.314818121620994,8.297016295296247e-06,120,0.00021893936828469582,3.022926527747592e-05,True,0.06994401496932567,0.043744683343284824,True,0.29182979156969313,0.342984414199366,0.0023679612720954317,0.07500000000000007,0.0018833218737531242,0.075,4.736112118859257e-09,1.8661858423157605,3.4958935706936587,0,2.708523028975571,1.1675009377126894e-08,1.9233171954641826,3.8142938750778823,0,,0,1
S2_N120,6500400,2.328851563003878,1.7419357796064288,3.113518687658507,1.1564609684757828e-08,-1.479735443368033,0.3015803737286824,3.024932379932734e-06,120,1.4389727354981108e-06,2.509328764758332e-07,True,0.08722064325103926,0.03852198209971459,True,0.4114023423328098,0.3701845517973009,0.0022592232650545277,0.06666666666666665,0.000751896101599768,0.06666666666666667,1.1564609684757828e-08,1.7419357796064288,3.113518687658507,0,2.4600319406723443,8.2905765715076e-09,1.8112195778971483,3.3412608956857217,0,,0,1
S2_N120,6500401,2.2456353865620833,1.698493295971302,2.9690304349985746,1.3620972864907064e-08,-1.0076568067808331,0.3189833637762986,0.002015154971357235,120,1.112721809864952e-06,8.56027476641763e-07,True,0.3116345005638861,0.2819461796013447,True,0.7207603973258021,0.7315725834739888,0.0022776352536765607,-0.05833333333333335,0.0038225411762604564,-0.058333333333333334,1.3620972864907064e-08,1.698493295971302,2.9690304349985746,0,2.614653822112817,6.263942431096783e-10,1.9280167476005659,3.5458273990602733,0,,0,1
S2_N120,6500402,3.1778157485677347,2.343540981591838,4.309083140071974,9.971964278810369e-14,-0.9092419356676527,0.3021588585589741,0.003208873861519498,120,3.237812056363089e-06,4.652706395737786e-08,True,0.025634454482056243,0.02089644490711016,True,0.6765680547397886,0.4668980829501874,0.000543175961629463,-0.033333333333333326,0.0008686774467690571,-0.03333333333333333,9.971964278810369e-14,2.343540981591838,4.309083140071974,0,3.455512764415063,4.524577065885931e-14,2.503930361704109,4.7687302521101245,0,,0,1
S2_N120,6500403,2.4810882470722966,1.8999481819887505,3.23998251537406,2.4943832616896152e-11,-0.6557367116496842,0.3452621168411823,0.059994871923024065,120,0.019149590268001983,0.009379391284633009,True,2.6412262265229834e-06,4.770577132338087e-07,True,0.9238953635478644,0.8723736040736694,5.093106355787903e-05,0.0,1.1829995685870988e-05,0.0,2.4943832616896152e-11,1.8999481819887505,3.23998251537406,0,2.9249258379648673,7.642872966516011e-12,2.1510550197309732,3.9772070352084516,0,,0,1
S2_N120,6500404,3.3574408431527196,2.528661361913596,4.45785631285144,5.58106104339275e-17,-1.2217766510078778,0.30491211126499584,0.0001085312503800143,120,4.675159091326107e-05,0.00014386649292252697,True,0.025707727577900293,0.024547178393391444,True,0.18444120688072885,0.2108621178031994,0.0037664563297925874,0.07499999999999996,0.0018833218737531242,0.075,5.58106104339275e-17,2.528661361913596,4.45785631285144,0,3.8415809074799423,1.8565418823429593e-17,2.8168903200191755,5.239019696235087,0,,0,1
S2_N120,6500405,2.1607893787448127,1.6134803712256716,2.893751186913793,2.3389374519407912e-07,-1.3163576090540365,0.2853705170679592,1.0232414529544404e-05,120,3.70008139504746e-05,1.5629540414037158e-05,True,5.9667913032605585e-05,0.00010779626189979362,True,0.13555443016563118,0.19746147369496536,0.00014275552213158333,-0.025000000000000022,0.00019956482739158109,-0.025,2.3389374519407912e-07,1.6134803712256716,2.893751186913793,0,2.234525251461351,3.27018343761193e-07,1.6412678225581192,3.042223231816026,0,,0,1
S2_N120,6500406,1.8538387336582232,1.3740890874468425,2.5010882349682264,5.3484780381447754e-05,-1.7462270939505355,0.2782764168303909,6.1066795512749675e-09,120,0.0011924356008955284,0.005542789490299621,True,0.000998902769938025,0.003478167087692817,True,0.5806492943730367,0.37444964346303566,0.002781139773859117,-0.04999999999999993,0.001114833640254121,-0.05,5.3484780381447754e-05,1.3740890874468425,2.5010882349682264,0,2.0174315778691323,2.277756461400388e-05,1.458018192812747,2.7914810606936307,0,,0,1
S2_N120,6500407,2.2617383671106155,1.6626287485327054,3.076730416080356,2.0147047248854098e-07,-2.172603602737825,0.3308124009385849,1.47671555523269e-09,120,1.2281390183027592e-06,4.5842160251900195e-07,True,0.009331203373162822,0.018079400013413127,True,0.023743605737929226,0.018796795380468016,0.01421231263927757,-0.09166666666666656,0.003963145715029731,-0.09166666666666666,2.0147047248854098e-07,1.6626287485327054,3.076730416080356,0,2.449770836654759,2.5937002566525483e-08,1.7869948511252889,3.3583628673272496,0,,0,1
S2_N120,6500408,2.736923942205812,,,,-1.3388654364169972,0.29368379418197993,1.2733959827830648e-05,120,7.698582790839749e-05,2.3736933227486046e-05,True,0.11223125116833207,0.08660075876037614,True,0.6441985207802952,0.4078574770454654,0.0002495313082190904,0.025000000000000022,0.00038073816243711214,0.025,1.4359314990960747e-07,1.9164805755429322,3.9085982717551415,1,2.912166603880903,7.317902242301668e-08,2.014274170478291,4.210307838453531,1,0.0,0,1
S2_N120,6500409,2.961923114655324,2.171640816594164,4.0397972215720195,7.017029806041584e-12,-1.0574465033186862,0.30546111660868486,0.0007500201724380693,120,1.0684880327439507e-05,4.868853170957365e-06,True,0.0017341863756976954,0.001051228630365102,True,0.5337848354604432,0.47483488814149544,0.0015437638117501535,-0.025000000000000022,0.0005498920436150906,-0.025,7.017029806041584e-12,2.171640816594164,4.0397972215720195,0,3.1385559174155073,1.7903916131682138e-12,2.283666120234104,4.31347347997355,0,,0,1
S2_N120,6500410,2.7145462575791584,1.8801166495268242,3.9193107440389596,9.879205054161805e-08,-1.5540114774389546,0.33305887043939414,8.238289155514174e-06,120,0.001793218460342687,0.0009394558500652157,True,0.0012682048048380298,0.000825457608578195,True,0.4609722283726795,0.7198755651596283,0.0013158529775470636,0.03333333333333344,0.0013479227965063482,0.03333333333333333,9.879205054161805e-08,1.8801166495268242,3.9193107440389596,0,2.9236687147032963,1.1513229853330715e-07,1.9663474868207769,4.347064194210715,0,,0,1
S2_N120,6500411,3.0561068996526757,2.302495214666991,4.0563773260460385,1.0512614712329724e-14,-0.896512219650798,0.3093576523318113,0.004485102256852971,120,0.06326780537331465,0.02973705358148065,True,8.62611727405752e-05,1.0142630789333206e-05,True,0.32324672199835425,0.2744410940297025,9.369994182142286e-05,0.0,3.318216475985663e-05,0.0,1.0512614712329724e-14,2.302495214666991,4.0563773260460385,0,3.296198124733123,1.5639487260397042e-15,2.4584039440762355,4.419502378229684,0,,0,1
S2_N120,6500412,3.1328272740755194,2.3586872144857427,4.161046309538459,3.132223024329946e-15,-1.6447279329310645,0.29453632083514314,1.5482984546006437e-07,120,0.04528746671519986,0.023446394633692233,True,0.0052050208714225395,0.006987665774949995,True,0.248878141783061,0.23800546747389184,0.0007933287839299995,0.04166666666666674,0.0022702811238143254,0.041666666666666664,3.132223024329946e-15,2.3586872144857427,4.161046309538459,0,3.3530215685154556,2.7572067727148785e-15,2.4837101864369364,4.526596420276553,0,,0,1
S2_N120,6500413,2.5754270080188055,1.9128241097180771,3.4675557673780464,4.5517450488228176e-10,-1.5166666666666666,0.30456607528554785,2.2177575978005817e-06,120,7.769389493474711e-05,3.96176159149931e-05,True,0.08346835000489049,0.0831141564285561,True,0.11099636579759092,0.27607604739897496,0.0001346181801338477,-0.008333333333333304,6.219399906656424e-05,-0.008333333333333333,4.5517450488228176e-10,1.9128241097180771,3.4675557673780464,0,2.808593348646573,8.712633761363259e-11,2.055887796075488,3.836880890639876,0,,0,1
S2_N120,6500414,2.7273596894498136,1.9579156938619753,3.7991885447137976,2.975318262852524e-09,-1.2215546723357082,0.30538088169593447,0.00011134139256395797,120,9.426662926532575e-06,5.054205124781093e-06,True,0.3892664475318237,0.496006251976592,True,0.7393235784630251,0.6296344464748252,0.001158442717890776,0.025000000000000022,0.0025695152954565304,0.025,2.975318262852524e-09,1.9579156938619753,3.7991885447137976,0,2.983658714252055,1.6347100575130059e-09,2.0914677264805657,4.256445944835356,0,,0,1
S2_N120,6500415,3.9411757882467944,3.0087747075324622,5.162522323448225,2.3334263001051626e-23,-1.0846265755314464,0.31332597810527757,0.0007503953572484054,120,1.3379776484765476e-07,2.6025297697875887e-08,True,0.08625908499974039,0.128540188618494,True,0.16697382196554722,0.25160149167609613,0.12758168584185142,0.17500000000000004,0.10960896904104518,0.175,2.3334263001051626e-23,3.0087747075324622,5.162522323448225,0,4.362937282038186,1.943002136904323e-21,3.2203006435765515,5.911007646123912,0,,0,1
S2_N120,6500416,2.6593861993684635,1.9168316492300554,3.6895962982624093,4.77206657099192e-09,-1.2719126605974935,0.30268580377772836,5.1929805554720196e-05,120,4.48708785180147e-07,7.464201750887878e-08,True,0.4454794917855267,0.21855503264586562,True,0.3794802960845204,0.44299201118976206,0.0004516390579807899,0.016666666666666607,0.0007731834312663715,0.016666666666666666,4.77206657099192e-09,1.9168316492300554,3.6895962982624093,0,2.779025941515862,3.361547952320224e-09,1.9804056915216277,3.8996985398906996,0,,0,1
S2_N120,6500417,2.6328138353943302,1.9932894894195954,3.477522321086524,9.202688853107261e-12,-1.2775573349758775,0.32470362485044046,0.0001418592980768995,120,0.010168125193222074,0.01613630427386485,True,0.0027241926969646807,0.00150398414872584,True,0.8834887775865373,0.8373017221601977,0.0010517322605128117,0.04166666666666663,0.0022702811238143254,0.041666666666666664,9.202688853107261e-12,1.9932894894195954,3.477522321086524,0,2.760571315624613,1.8743911159070952e-11,2.052533226100811,3.7128529232759484,0,,0,1
S2_N120,6500418,2.251335456664379,,,,-1.6752814789809167,0.2933462257904603,8.676040075591838e-08,120,0.00011987673168591218,9.33012941679201e-06,True,0.020228587759838382,0.06868084954391224,True,0.8699806560668326,0.9537578755109503,0.00031443980321501323,0.016666666666666607,0.0002806254709819089,0.016666666666666666,2.1271856081308523e-08,1.7228149466834832,2.941994059310537,1,2.395345652474511,1.537798292076934e-08,1.8017618140714204,3.184483514978692,1,0.0,0,1
S2_N120,6500419,6.177187185458162,4.58569002022205,8.321025048775722,4.575689870086528e-33,-1.1213217638691324,0.30096257567946166,0.00030128116071596905,120,9.607540524658029e-06,3.300837862123816e-07,True,0.018249912951592652,0.025489663873069276,True,0.45537714494365056,0.5908763644983455,0.02752159097997413,-0.1166666666666667,0.030253160049220677,-0.11666666666666667,4.575689870086528e-33,4.58569002022205,8.321025048775722,0,8.54020069115621,6.567447251024015e-33,6.007341712251549,12.140982041437594,0,,0,1
S2_N120,6500420,2.149725338886959,1.588340468980408,2.909526718549947,7.183225109660058e-07,-1.961228191113958,0.3161832543618121,8.6380570223106e-09,120,0.0009695070514441242,0.00013125661457013104,True,0.045181676071147,0.041857274380710005,True,0.09514462911782699,0.09306071378312193,0.00023735603076128762,-0.008333333333333304,0.0006728496421737792,-0.008333333333333333,7.183225109660058e-07,1.588340468980408,2.909526718549947,0,2.3206844130321027,1.1176556474560212e-07,1.7004919401307494,3.167069491947173,0,,0,1
S2_N120,6500421,2.4535579628641235,1.8678091049904488,3.2229988926864834,1.1250602820070576e-10,-1.2753357097514537,0.31351290972917345,8.64346168762567e-05,120,1.454400752627216e-06,4.1397308247743087e-07,True,0.0817729592704351,0.08691049547508392,True,0.11434498586776297,0.10896295200330763,0.03226681176688576,0.1333333333333333,0.024537724861069848,0.13333333333333333,1.1250602820070576e-10,1.8678091049904488,3.2229988926864834,0,2.809080403599736,1.0363074485168732e-11,2.0859337602247527,3.7829258360715308,0,,0,1
S2_N120,6500422,3.792457991570599,2.7555615892073337,5.219530448588177,2.836621229803482e-16,-1.5739980252232841,0.3249193527651,3.932205669716125e-06,120,7.339036508309609e-05,5.7270768094221275e-05,True,0.04919483431174681,0.06597329526936753,True,0.6499111015950769,0.5060177360910202,0.0024945923049175893,0.050000000000000044,0.0020383066754954098,0.05,2.836621229803482e-16,2.7555615892073337,5.219530448588177,0,4.454327725094395,3.926272825320762e-16,3.1087288832665454,6.382362768700605,0,,0,1
S2_N120,6500423,2.6320106508473735,1.9465724919067287,3.558809186391169,3.2295416505247355e-10,-1.0166666666666657,0.3042741525204053,0.001119893897962696,120,1.057782183060812e-06,1.6155605896607004e-06,True,0.20449748521960398,0.22601999299775377,True,0.3515065008003836,0.3131140892670269,0.004591590966513486,-0.06666666666666676,0.005471093702974135,-0.06666666666666667,3.2295416505247355e-10,1.9465724919067287,3.558809186391169,0,2.9605054016358667,5.788470034446115e-11,2.1394352064779225,4.09668505340902,0,,0,1
S2_N120,6500424,2.583051753335915,1.9387376788751356,3.4414951713750983,9.042929457498574e-11,-1.4182558223192783,0.31023257130417375,1.2095424829327438e-05,120,9.483668944244863e-06,4.097528549278407e-06,True,0.02227543749628434,0.029593474231177894,True,0.8763350849056473,0.8929295737795702,0.0067264144135362365,0.08333333333333337,0.008156439963047738,0.08333333333333333,9.042929457498574e-11,1.9387376788751356,3.4414951713750983,0,2.7742974833323775,7.306648084844096e-08,1.951319888472932,3.9443694350123617,1,0.0,0,1
S2_N120,6500425,3.2980451611934773,2.385381906682021,4.559899551012089,5.220589483788412e-13,-1.744115575250707,0.3127109024748263,1.5962561924694438e-07,120,0.06819743492323678,0.03475740915557893,True,0.004424693222060485,0.00856411388350022,True,0.13880717138139212,0.15251708812315615,0.019476249014188835,-0.10833333333333328,0.016903557849361157,-0.10833333333333334,5.220589483788412e-13,2.385381906682021,4.559899551012089,0,3.9672753558506493,1.22830948092651e-16,2.8630474725565533,5.4973848320738945,0,,0,1
S2_N120,6500426,2.4322573123172884,1.8474759467277135,3.2021394615714684,2.377139251009027e-10,-1.5567934395055838,0.3421120984000079,1.316964471309603e-05,120,1.1936598491562623e-05,7.825934183063134e-07,True,0.0002929009977756405,0.00044013867127739014,True,0.26158954205549967,0.17568216148049054,0.030790345872203504,-0.125,0.019131865096593984,-0.125,2.377139251009027e-10,1.8474759467277135,3.2021394615714684,0,2.393564751202524,4.723144576801221e-10,1.8186939543031106,3.150146402941392,0,,0,1
S2_N120,6500427,1.9557636681366932,1.4683479975694709,2.6049761581961253,4.505956133039795e-06,-1.483333333333334,0.28147169732105165,6.310282523138974e-07,120,0.00020078486796660456,0.0004436564108275602,True,0.0049665342768406675,0.007638969972896577,True,0.7396466572214997,0.7417566482285627,0.0022360501584468132,-0.05833333333333335,0.0017480688463408901,-0.058333333333333334,4.505956133039795e-06,1.4683479975694709,2.6049761581961253,0,2.280700470568259,4.6038857036790496e-07,1.655315382711615,3.142358665168333,0,,0,1
S2_N120,6500428,3.0053608600676456,2.2140045482044854,4.079573326329194,1.6950582033484025e-12,-1.4833333333333334,0.29632217865262434,1.9844152328914562e-06,120,0.003805319583986352,0.0023826179967623056,True,0.03852183720227623,0.008948476100570634,True,0.14933241047896295,0.15471303538230566,0.002395802827844297,-0.04999999999999993,0.0032962239708564226,-0.05,1.6950582033484025e-12,2.2140045482044854,4.079573326329194,0,3.20714758780619,1.0452288319372016e-12,2.327464067627828,4.419314477518202,0,,0,1
S2_N120,6500429,2.7754952578698355,2.0106037829639845,3.831373437038805,5.433896147877842e-10,-1.4956094339551234,0.32663984218158726,1.1748672248923152e-05,120,4.591211450102328e-06,1.2788878862392705e-06,True,0.014057806031171537,0.00805419185025637,True,0.7923084754858258,0.7240649010133833,0.0011888830949977483,-0.04166666666666663,0.0017716078385045465,-0.041666666666666664,5.433896147877842e-10,2.0106037829639845,3.831373437038805,0,2.9281451306917936,1.559631084907941e-09,2.0660283561074944,4.150007854949285,0,,0,1
S2_N120,6500430,3.1550214481991583,2.345730909676078,4.243521836855227,3.010915508515105e-14,-1.5399983844476164,0.3281971141144841,7.3914142893978655e-06,120,0.0003204750296809515,8.819581965154423e-05,True,0.006254675042345001,0.004113012927128824,True,0.6109317432323932,0.5772985608219356,0.003893107432180277,0.05833333333333335,0.002340590402455414,0.058333333333333334,3.010915508515105e-14,2.345730909676078,4.243521836855227,0,3.6946490163481767,2.1953927620315655e-14,2.6420560872785677,5.166594085465871,0,,0,1
S2_N120,6500431,2.9947338296594563,2.2093439523730276,4.059318469120174,1.5719758715787723e-12,-1.095170017227712,0.30421773006856345,0.0004680271509676118,120,2.767480962003493e-07,2.9078702886133834e-08,True,0.01747293122327688,0.016131489600567678,True,0.38823494222443644,0.47672505159535017,7.557393849561627e-05,0.008333333333333415,2.41347617262164e-05,0.008333333333333333,1.5719758715787723e-12,2.2093439523730276,4.059318469120174,0,3.104628267324156,2.5758616256927614e-12,2.2606431318853395,4.263705554547064,0,,0,1
S2_N120,6500432,2.633154561811112,1.953889705316333,3.5485641423470944,2.016200821998867e-10,-1.8704523399283095,0.3319654928483885,1.2312015919403757e-07,120,5.1389067980015706e-05,4.250816686844335e-05,True,0.010969429710993713,0.02520232214401987,True,0.7956930293117799,0.659874855757973,0.0373363282345775,-0.14166666666666672,0.039738267757584426,-0.14166666666666666,2.016200821998867e-10,1.953889705316333,3.5485641423470944,0,2.9676359715414335,4.09256327486912e-11,2.148504005567335,4.099067647426203,0,,0,1
S2_N120,6500433,2.031666003394404,1.4447705459587679,2.8569704448185704,4.5932010971346946e-05,-2.0137662582469362,0.2881556259221452,1.8250878170470167e-10,120,4.145163766153458e-05,1.89759323607152e-05,True,0.001010055279494885,0.0002206147445099299,True,0.34122174127682225,0.38210626697198624,0.0005347559842017155,-0.033333333333333326,0.0007374116820841247,-0.03333333333333333,4.5932010971346946e-05,1.4447705459587679,2.8569704448185704,0,2.0705617973645625,5.2824427058715886e-05,1.4549437253652928,2.9466611539420007,0,,0,1
S2_N120,6500434,2.834146445143819,2.031169523262504,3.95456212813767,8.838905479339787e-10,-2.001582977534468,0.2716807790449217,2.6677150952171017e-11,120,0.0016816926406048574,0.00035712345765571144,True,0.012218949233886656,0.008548474596899641,True,0.4347420381379299,0.5428870439550602,0.0006692238856845003,-0.04166666666666674,0.00037400086379624274,-0.041666666666666664,8.838905479339787e-10,2.031169523262504,3.95456212813767,0,2.873251324859195,8.08460374533243e-09,2.0071643268646935,4.113052959993964,0,,0,1
S2_N120,6500435,2.6080230534267845,1.943396663409087,3.499946446997572,1.6903040793792936e-10,-1.1715866803155286,0.2993515559700925,0.00015309623229549008,120,2.2892945383613645e-05,1.57297962270981e-05,True,0.0796749179667403,0.05159921591392056,True,0.20575071603338158,0.19930148233553324,0.026305916164832577,-0.125,0.019131865096593984,-0.125,1.6903040793792936e-10,1.943396663409087,3.499946446997572,0,2.725957507274001,4.1105151167198053e-10,1.9903883924475838,3.733363980446934,0,,0,1
S2_N120,6500436,2.8797334102359406,,,,-1.630920985856448,0.31901756405389275,1.2552106586802684e-06,120,1.5746282031907954e-08,1.278146719061314e-08,True,0.007105088561406805,0.00433087030874292,True,0.1726714528994725,0.18228984532705794,0.06326608982722569,-0.1499999999999999,0.06271009171074397,-0.15,4.055793723186365e-09,2.070841539130688,4.004586713819908,1,2.9977033845520595,7.514813481397532e-08,2.052061555878644,4.379120867993251,1,0.0,0,1
S2_N120,6500437,2.6602057077318944,1.9904160863947031,3.555384452437563,3.812834079794952e-11,-1.3833333333333329,0.3060122527470279,1.4862180724244744e-05,120,7.688625078810385e-05,8.509185603395996e-06,True,0.0036799198384730772,0.0006338934702662968,True,0.15805045202736145,0.13352227235864542,0.0012202770625627842,0.05833333333333335,0.0010443402946136333,0.058333333333333334,3.812834079794952e-11,1.9904160863947031,3.555384452437563,0,2.8251982142356873,8.681127347793041e-10,2.027119645990821,3.9374809303962803,0,,0,1
S2_N120,6500438,2.169005152716517,1.6517396897937218,2.8482595542027176,2.5446861105608083e-08,-1.4866213352172388,0.297227461924875,2.020214502600786e-06,120,0.0015603632132042602,0.0006138837855033567,True,0.007856740188371897,0.007175074005934906,True,0.6101714945669034,0.49463042427746773,0.00020629982429543124,-0.01666666666666672,8.64370921577466e-05,-0.016666666666666666,2.5446861105608083e-08,1.6517396897937218,2.8482595542027176,0,2.2966437232489465,1.3757127226459997e-08,1.7235100738659985,3.060366441437393,0,,0,1
S2_N120,6500439,2.5728014465369164,1.9160585941229054,3.454647631134946,3.292197322022893e-10,-1.549999999999999,0.2846284160072717,2.8909081152666e-07,120,0.0010741694445985884,0.0002578266149483854,True,0.0002631521486443872,0.0002668791600712261,True,0.2079085617337707,0.12671712551567127,0.00023738905048707658,0.008333333333333415,0.0002514146237412195,0.008333333333333333,3.292197322022893e-10,1.9160585941229054,3.454647631134946,0,2.695156631387012,6.036198774349693e-10,1.9689519100784811,3.6892060341991044,0,,0,1
S2_N120,6500440,3.021998643420652,2.2509370297737834,4.05718848641184,1.862084291622722e-13,-1.7050347734385887,0.3008887896818344,1.0628557260260699e-07,120,0.03824268309845435,0.01971725271649211,True,0.0020619965433188617,0.003420661566648981,True,0.06366156933753922,0.11470119799839704,0.012574051975636324,0.08333333333333337,0.008965127889858922,0.08333333333333333,1.862084291622722e-13,2.2509370297737834,4.05718848641184,0,3.2325619341436,2.75122270314705e-13,2.3596777679457372,4.428340513277449,0,,0,1
S2_N120,6500441,2.8728416032241726,2.021084401441877,4.083559732254449,4.064173167243291e-09,-1.6496030018860701,0.29615938453683915,1.6509111645053704e-07,120,0.007443933766907394,0.008583432402214316,True,6.448688522550733e-06,4.790424938602332e-06,True,0.6146214100225768,0.8473991798660532,0.0009779879078892874,-0.033333333333333326,0.0006197208657286441,-0.03333333333333333,4.064173167243291e-09,2.021084401441877,4.083559732254449,0,2.903051446801113,4.1726426355005436e-09,2.0346942116493834,4.14200210258734,0,,0,1
S2_N120,6500442,2.194493282517039,1.616510889525019,2.9791328955584335,4.67100706075537e-07,-0.9448228706236159,0.30994322472786984,0.0028452878915000363,120,8.738956002643448e-08,1.230318655011587e-08,True,0.9676916086197153,0.8850211965331766,False,0.667294153396153,0.8103411527445715,0.0015940541506300238,-0.05833333333333335,0.0014890732218832685,-0.058333333333333334,4.67100706075537e-07,1.616510889525019,2.9791328955584335,0,2.3327778464184115,1.1397485321458384e-07,1.7057156719453803,3.190363183175806,0,,0,1
S2_N120,6500443,2.6942747282853152,1.9688143707523744,3.687049637240746,5.921102366822511e-10,-1.538414708637048,0.3262578896083044,6.722348406592105e-06,120,1.7057215327992268e-06,2.0586403240798573e-07,True,0.04916287056184272,0.012617385185978207,True,0.9016672239149393,0.9873769496960367,0.11836403962064419,-0.17500000000000004,0.12227410077742569,-0.175,5.921102366822511e-10,1.9688143707523744,3.687049637240746,0,2.9248594623247355,5.783241740907166e-10,2.082901258961095,4.107157186422504,0,,0,1
S2_N120,6500444,2.785340680947791,2.07500761436994,3.738840597603493,9.129040617862935e-12,-0.36669548774401395,0.3263363612501449,0.26345189454303686,120,6.27477783386032e-05,3.768359953939282e-05,True,0.001361041469604512,0.0031762842159245522,True,0.05722933577536723,0.17205482800261462,0.014515345178074863,0.09999999999999998,0.013302429480847935,0.1,9.129040617862935e-12,2.07500761436994,3.738840597603493,0,3.222280022575771,2.3904485250905324e-12,2.3231353363827765,4.469429043276418,0,,0,1
S2_N120,6500445,2.0965249755114894,1.5071178638595286,2.9164387725372536,1.104429566329075e-05,-1.3555290250138667,0.3297542166240885,7.354769491935121e-05,120,0.003392440238607086,0.0011133536394277075,True,3.445799536493125e-05,8.888615658805158e-06,True,0.12917672954440212,0.10255061911741499,0.0008363973261645278,-0.033333333333333326,0.0004229743957039548,-0.03333333333333333,1.104429566329075e-05,1.5071178638595286,2.9164387725372536,0,2.1361253192400627,1.5213921213341602e-05,1.5144994447258122,3.0128973605035285,0,,0,1
S2_N120,6500446,2.4533954695725626,1.8198709490907827,3.307459428992135,3.891148044909836e-09,-1.3000000000000027,0.30639499683799154,4.4383434737029665e-05,120,6.974435369996198e-05,0.000276270850937345,True,1.2080774543546489e-05,6.690457543039029e-05,True,0.9381500277704391,0.9013659768453427,0.05540636648527653,0.13333333333333336,0.06955727849077317,0.13333333333333333,3.891148044909836e-09,1.8198709490907827,3.307459428992135,0,2.68471228199525,3.334838129405492e-09,1.9353578322862346,3.7242105397024816,0,,0,1
S2_N120,6500447,2.859543087760225,2.142439261686055,3.816671406741381,9.859533906845175e-13,-1.3747409872954863,0.3226257496198436,4.1365933381834796e-05,120,0.0021348894535066962,0.00169424799430553,True,0.001261921191776333,0.0023936082035651016,True,0.3023850077082605,0.33427785272484645,3.2002901445761816e-05,0.0,5.8825259605792375e-05,0.0,9.859533906845175e-13,2.142439261686055,3.816671406741381,0,3.103763392055826,2.250488960081062e-12,2.2621207624015227,4.258546826491654,0,,0,1
S2_N120,6500448,2.7394180751498904,1.9862002698031052,3.7782752850002654,8.092247482197279e-10,-1.3671412282974884,0.30154172908773336,1.408667220196948e-05,120,0.002054811321636546,0.0004619350791533539,True,0.931708581770274,0.9874132765158581,False,0.7050985462916148,0.5784284222938394,0.00020650329580378882,0.01666666666666672,0.00014518437035837133,0.016666666666666666,8.092247482197279e-10,1.9862002698031052,3.7782752850002654,0,2.863758402073221,7.86709602025184e-10,2.047654222962788,4.005125520449753,0,,0,1
S2_N120,6500449,2.1498265682542894,1.6114487513377471,2.8680740046714224,1.9482625572703215e-07,-1.4504572425828952,0.31040465133584255,8.007863988437871e-06,120,1.3660293687055813e-05,4.126546042369609e-06,True,0.0023631911410698274,0.008212934044515955,True,0.9552042500685723,0.9033948529194298,0.00030312988294457435,-0.008333333333333304,0.000582893378007031,-0.008333333333333333,1.9482625572703215e-07,1.6114487513377471,2.8680740046714224,0,2.224726725936219,4.1099126057980217e-07,1.6325320704373607,3.031737688172292,0,,0,1
S2_N120,6500450,2.711586859068417,2.030808554022789,3.6205792415576044,1.3533306938503207e-11,-1.7178360838123483,0.32079915758259864,4.334893099575843e-07,120,1.876181102100764e-05,2.479079898107776e-06,True,0.5806256729916555,0.27499512645391777,True,0.4460876901817842,0.5552047611734453,0.0008664969014618691,-0.04166666666666674,0.0009860328308185602,-0.041666666666666664,1.3533306938503207e-11,2.030808554022789,3.6205792415576044,0,2.8365820867810867,6.612892811534232e-11,2.0743064684016237,3.8789822321903173,0,,0,1
S2_N120,6500451,3.073189688254896,2.2544429230027694,4.189280980960379,1.224188858101583e-12,-1.2387706475190776,0.3019158280158166,7.571744297059896e-05,120,0.0031449469314521927,0.002467166154409908,True,0.009837870375967214,0.01403937646639986,True,0.5919234474241768,0.4617225399027086,0.000968346292859861,0.04166666666666663,0.0005732064353462777,0.041666666666666664,1.224188858101583e-12,2.2544429230027694,4.189280980960379,0,3.521665776227257,1.5114808951199953e-12,2.4845670417799286,4.991666407425867,0,,0,1
S2_N120,6500452,4.551286439787799,3.2966626884810952,6.283387235635006,3.2677995892181066e-20,-1.9666666666666668,0.33227214113868087,3.309507054896566e-08,120,0.0002491864658728075,9.712554677528819e-05,True,0.0676231215089829,0.06366114361994692,True,0.9680226570904412,0.9894722948293929,0.0034532711831733033,-0.06666666666666665,0.0026817165531350926,-0.06666666666666667,3.2677995892181066e-20,3.2966626884810952,6.283387235635006,0,5.152942206036041,2.308548875682027e-21,3.672790688220438,7.22960158440532,0,,0,1
S2_N120,6500453,2.5313506322398687,1.8985222162151831,3.375117746114863,2.489129670556268e-10,-1.969123076923076,0.3108925607192813,4.6043306891235855e-09,120,1.2132843438596328e-05,3.4179654502838687e-06,True,4.3106401879071115e-05,0.00042584508842081163,True,0.2094399857410968,0.19330715695264944,0.005742251581312304,0.06666666666666665,0.003949585755734289,0.06666666666666667,2.489129670556268e-10,1.8985222162151831,3.375117746114863,0,2.625254769258952,1.0697734304461972e-09,1.9251262192262437,3.5800055781729077,0,,0,1
S2_N120,6500454,2.039458403034594,1.502158467667015,2.7689426030852236,4.9219375225219584e-06,-1.6873595670048296,0.28735963809651266,4.119379539598074e-08,120,8.935823761980101e-05,1.2094865218340465e-05,True,0.0023678215506887606,0.0014870605079992138,True,0.6323024942167365,0.7859902993751073,0.07436756970619243,-0.15833333333333333,0.06222643683130494,-0.15833333333333333,4.9219375225219584e-06,1.502158467667015,2.7689426030852236,0,2.1303496308100485,3.920909494605843e-06,1.5451681128225287,2.9371493702405767,0,,0,1
S2_N120,6500455,3.532452729776893,2.5458224137280854,4.901450400004609,4.29757223333573e-14,-1.3744812392161807,0.3048340135010831,1.5568824682425817e-05,120,0.0003402893787762633,0.0008473388079450802,True,0.1567955700889887,0.10144914917852085,True,0.29547780066408036,0.4860337282963245,8.201134316720246e-05,0.0,9.709152342295577e-05,0.0,4.29757223333573e-14,2.5458224137280854,4.901450400004609,0,3.773866004304039,1.3023875147359601e-14,2.6920140986778014,5.290486638029424,0,,0,1
S2_N120,6500456,3.518467499617903,2.615110816549123,4.733877229035932,9.583969310108382e-17,-1.061677829460303,0.3122397104129443,0.000921725763712035,120,0.0003251367106747325,0.0005182733741112725,True,0.019009944899963372,0.021381286640276373,True,0.9047670548932413,0.8784824866414693,0.010268433077406774,0.09166666666666667,0.0076890557308710115,0.09166666666666666,9.583969310108382e-17,2.615110816549123,4.733877229035932,0,3.8012405882540095,1.075710454452477e-16,2.7727934604429785,5.211145444450544,0,,0,1
S2_N120,6500457,2.727006351326104,2.020952411628478,3.679732188340124,5.3047886759100425e-11,-0.9132587707728833,0.32805379294570486,0.006265806247303955,120,4.762730796089187e-05,1.0744707171252975e-05,True,0.008905619569628643,0.020632894927027523,True,0.6259082110037539,0.3555157492740707,0.0032197521182377132,-0.06666666666666676,0.0014041942366942422,-0.06666666666666667,5.3047886759100425e-11,2.020952411628478,3.679732188340124,0,2.9939074786702573,1.2416637639434244e-11,2.180074550459671,4.111548382117363,0,,0,1
S2_N120,6500458,2.6508431210077363,1.9011453040237665,3.6961768452529546,9.03567840718868e-09,-1.4711542857142836,0.28714793801614674,1.1967965221893064e-06,120,4.719841841209437e-05,1.1210382333684545e-05,True,0.0003876152020991122,0.000788142392024947,True,0.6960187267328499,0.711835684979915,0.0003106343660909278,-0.01666666666666672,0.0006676354397037559,-0.016666666666666666,9.03567840718868e-09,1.9011453040237665,3.6961768452529546,0,2.7852069291315584,9.477932258904667e-09,1.9631471098699802,3.9515009339245184,0,,0,1
S2_N120,6500459,2.0659256711477827,1.502079332664166,2.8414270710571485,8.126594007967471e-06,-1.9031156569630217,0.3098647537084217,1.1559224361906883e-08,120,2.0248050870008492e-05,0.0003783005126096081,True,0.0034281732301273903,0.0021615777054892846,True,0.6537849495441914,0.7260353791037923,0.00041313627192759306,-0.016666666666666607,8.643709215774682e-05,-0.016666666666666666,8.126594007967471e-06,1.502079332664166,2.8414270710571485,0,2.1283660104344557,4.390223293442729e-06,1.5418036186503183,2.938079674724174,0,,0,1
S2_N120,6500460,2.7595751223541245,2.0039353658364227,3.800149937838564,5.037427803873854e-10,-1.6211678590041252,0.2931434465455126,1.9758309862507737e-07,120,0.006036441136950853,0.0020990938311760804,True,0.008505291362974721,0.012682467983566299,True,0.5425171194168907,0.6926419755265949,0.008222143004807017,-0.09166666666666667,0.0033631517195386682,-0.09166666666666666,5.037427803873854e-10,2.0039353658364227,3.800149937838564,0,2.979666356762569,4.154221531825902e-10,2.115566391392339,4.196706675690516,0,,0,1
S2_N120,6500461,2.6146911148771976,1.9415114460643121,3.5212821639946705,2.4783275794563326e-10,-1.9916996047430868,0.32010142262220054,7.877232252268087e-09,120,5.293848671836137e-05,3.218441104629039e-05,True,4.272544617458934e-05,8.427468090794372e-06,True,0.13422150181046508,0.16239284782296504,0.0027054272897755545,0.04999999999999993,0.004880888831972415,0.05,2.4783275794563326e-10,1.9415114460643121,3.5212821639946705,0,2.7998746818485984,1.5416923909389095e-10,2.042821401104688,3.8374858564814165,0,,0,1
S2_N120,6500462,1.8568254651070737,1.3719412511531441,2.513081959575277,6.125902185754719e-05,-1.3336644153749002,0.3183451980274295,5.452501491473522e-05,120,0.0001749497078693886,0.0011944769767647423,True,0.001522713441001484,0.00483882909191974,True,0.1696360014347542,0.1640990772599803,0.006016751802673932,-0.07499999999999996,0.005726486666395737,-0.075,6.125902185754719e-05,1.3719412511531441,2.513081959575277,0,1.9667912425973975,4.111395683878749e-05,1.423536860749554,2.71736398165412,0,,0,1
S2_N120,6500463,2.4599270310062398,1.817069028509779,3.3302207582272962,5.734682499441589e-09,-0.9757291362626004,0.30198916787030294,0.0016021195112763227,120,1.9690250401404882e-05,7.588895483150579e-06,True,0.07416116914176091,0.10793550437526143,True,0.688099957786828,0.667453332501809,0.0055076925756688344,-0.06666666666666671,0.003949585755734289,-0.06666666666666667,5.734682499441589e-09,1.817069028509779,3.3302207582272962,0,2.6895740905217815,6.350433800075236e-10,1.965366556401451,3.6806410309795012,0,,0,1
S2_N120,6500464,2.649187667401967,1.9550270821691356,3.5898199882366173,3.291766902362707e-10,-1.3606567116885182,0.3007232447563012,1.4619315531171398e-05,120,0.0020809972398404225,0.0005099277172781924,True,0.0011631635039521986,0.0013088859634521814,True,0.9492144971804883,0.851650913888325,0.00318372173354414,-0.050000000000000044,0.004880888831972415,-0.05,3.291766902362707e-10,1.9550270821691356,3.5898199882366173,0,2.80530445775574,2.2104155802575567e-10,2.039954067945406,3.8577991653657357,0,,0,1
S2_N120,6500465,2.5151675854931512,1.8816875922797236,3.361911939617574,4.665332171229993e-10,-1.3000000000000003,0.3171826090896197,7.699985772240104e-05,120,0.0022669629318273644,0.004019213842283868,True,0.00021259171603298362,0.000223908204705475,True,0.42980018806843634,0.42613968814015635,0.001272203044413459,0.04166666666666663,0.000832355989038957,0.041666666666666664,4.665332171229993e-10,1.8816875922797236,3.361911939617574,0,2.714664308901305,8.925275358284145e-11,2.0073176261657815,3.6712686691737204,0,,0,1
S2_N120,6500466,2.375084003743514,1.7933399391234952,3.145540843525407,1.5937819201927895e-09,-1.4468665683543644,0.29482924153137624,3.0138457914053443e-06,120,0.00047858194940772085,0.00027775732102238923,True,0.2813904193780977,0.2977856366970343,True,0.3685633948556589,0.2943081830653438,0.0009975655877698766,0.025000000000000022,9.010345443394258e-05,0.025,1.5937819201927895e-09,1.7933399391234952,3.145540843525407,0,2.6495613937424833,2.793723493651601e-11,1.9887649411977808,3.529917203278203,0,,0,1
S2_N120,6500467,2.7955899381402594,2.1151933010175017,3.694850536105397,5.024642224784615e-13,-1.446701727733409,0.29820501168006586,3.816942243043441e-06,120,6.225244710787396e-06,8.981594105537997e-07,True,0.0026997727388266136,0.0030249697216860496,True,0.8516741294087335,0.8411407804265809,0.0007121858609812005,-0.033333333333333326,0.0011736016517738268,-0.03333333333333333,5.024642224784615e-13,2.1151933010175017,3.694850536105397,0,3.1508393373111807,3.946185825033462e-12,2.2784766205026834,4.357204476101784,0,,0,1
S2_N120,6500468,3.1123465690493264,,,,-1.314532904093008,0.2823345135767652,8.580439051356817e-06,120,0.000765518077549005,0.0009335354338517541,True,0.01000453931624819,0.003624636246475769,True,0.07602067645041959,0.06485915717573361,0.052392767130834614,0.14166666666666672,0.039738267757584426,0.14166666666666666,2.6867811303378967e-08,2.1338463835956234,4.539549444768654,1,3.214234641938797,2.4454452808611774e-07,2.107482231636158,4.902202342849006,1,0.0,0,1
S2_N120,6500469,2.230135776747262,1.595632988623481,3.1169483322218428,2.659634040795447e-06,-1.2707624555632202,0.290415668812443,2.644634655928717e-05,120,2.364140932913824e-05,1.0882210252856646e-05,True,0.0048933860520853885,0.006385180882188087,True,0.7341707155311332,0.7944061148026169,0.00012435977669117982,0.0,0.00018502388844737346,0.0,2.659634040795447e-06,1.595632988623481,3.1169483322218428,0,2.4384728023025173,3.345908959720825e-07,1.731525009277114,3.4340535514710937,0,,0,1
S2_N120,6500470,3.0321866314260637,2.206926390936182,4.166045503628585,7.712613174911216e-12,-0.9742917564931728,0.3065730617716584,0.0018972697523258347,120,0.000126290318284552,0.0006644990600210182,True,0.002820525341670867,0.0007315500090086264,True,0.7331437281060247,0.6825488534652029,9.412021706868208e-05,-0.008333333333333304,0.00010532403032307642,-0.008333333333333333,7.712613174911216e-12,2.206926390936182,4.166045503628585,0,3.2736320407326693,1.9342261647593912e-11,2.3153250600856286,4.6285797717384884,0,,0,1
S2_N120,6500471,2.4083135975366003,1.7646788120111272,3.286702568536936,3.02709673409513e-08,-1.5130855196395918,0.31309923374690873,4.129159484326315e-06,120,0.0007743487760895303,0.00033100903094983737,True,0.00010218183237159857,0.00016882720984108432,True,0.818987053936583,0.9789866614844253,0.040039203896390665,-0.1333333333333333,0.029199250678979098,-0.13333333333333333,3.02709673409513e-08,1.7646788120111272,3.286702568536936,0,2.5971466710582787,1.3025445122420824e-08,1.8690150159079848,3.6089441623411638,0,,0,1
S2_N120,6500472,1.7962772571247894,1.3460036527218269,2.397179218599481,6.947100164832538e-05,-1.061409882620795,0.28670487429888675,0.0003275844848924244,120,0.0011901034862038262,0.00126656923852626,True,5.0505447215541765e-06,0.00020950732336491663,True,0.5027281840726769,0.38609817919346245,0.003449873260351526,-0.06666666666666665,0.0026817165531350926,-0.06666666666666667,6.947100164832538e-05,1.3460036527218269,2.397179218599481,0,1.7633901345385976,0.00024955843490240037,1.3017399975605115,2.38876025351868,0,,0,1
S2_N120,6500473,2.941685863769824,2.1779853722772553,3.973174398345607,1.984572257900502e-12,-1.515670845023502,0.30933769504191283,3.114033014160815e-06,120,2.231134897663128e-05,8.172106457365248e-05,True,0.00034481994666834626,0.0001359485528724074,True,0.01692419603337917,0.03079187876515166,0.0006444224550456931,0.025000000000000022,0.00025108308040302515,0.025,1.984572257900502e-12,2.1779853722772553,3.973174398345607,0,3.3428035566219143,2.034075837522915e-13,2.4226163963386704,4.612507219488826,0,,0,1
S2_N120,6500474,4.068528454056249,3.0237281543523653,5.474342578594241,1.9133138446571246e-20,-1.471692139632455,0.3385680136176303,2.962135161583805e-05,120,5.340015130580882e-06,2.7268030525431166e-06,True,0.048676755853271594,0.10607129971306656,True,0.5427378111093533,0.7351800983023209,0.011344449893630293,0.09166666666666667,0.004613864550030864,0.09166666666666666,1.9133138446571246e-20,3.0237281543523653,5.474342578594241,0,4.420460051427742,6.381054863420003e-21,3.2407582734480282,6.029597216912552,0,,0,1
S2_N120,6500475,2.2079199048983837,1.6625390444840875,2.932208011968375,4.453561442935445e-08,-1.6265066211491326,0.29317144266254835,1.8240193862196526e-07,120,0.03618112769624962,0.02159552138370388,True,0.0005503650874310501,6.328595884611081e-05,True,0.013778732054197669,0.02855288670744213,0.00021357807982169433,-0.01666666666666672,0.00014518437035837133,-0.016666666666666666,4.453561442935445e-08,1.6625390444840875,2.932208011968375,0,2.4134404134338237,3.1558635782010105e-09,1.8031227171772646,3.230337332954251,0,,0,1
S2_N120,6500476,3.1149083122642214,2.2797346570162484,4.2560452217328315,9.72686802627299e-13,-1.9544836486829087,0.2941905280786331,1.0157945761271323e-09,120,0.00033672795356189274,0.00125901387223495,True,0.008269514544439187,0.0047498897101237465,True,0.09962961798567267,0.09917406229961204,0.008688254423221908,-0.09166666666666667,0.00768905573087099,-0.09166666666666666,9.72686802627299e-13,2.2797346570162484,4.2560452217328315,0,3.2386800935390108,1.4024420426366785e-12,2.3396899273682523,4.4830935183296825,0,,0,1
S2_N120,6500477,2.081893551698882,,,,-1.3072445412634897,0.310064042438751,4.921919991311656e-05,120,0.017665191391909026,0.01461326616750253,True,0.00015583254895710027,0.00014512541528267697,True,0.8732550868015417,0.9642155116973947,0.000172505937689429,-0.008333333333333304,4.642913982741851e-05,-0.008333333333333333,6.727590133565729e-07,1.57890249314213,2.74512250087075,1,2.190706196904387,6.533542372014828e-06,1.576374078096565,3.044451001725554,1,0.0,0,1
S2_N120,6500478,2.1863811745726416,1.6429757102900633,2.909515101523747,8.06525772934336e-08,-1.2547297921866198,0.32968342530171263,0.00022641769012741138,120,0.01757971226549478,0.014919609107003287,True,9.932267470682459e-05,0.0002352828120907163,True,0.5608964524610589,0.6883197261643084,0.0018896092090117309,-0.04166666666666674,0.0020120197006643125,-0.041666666666666664,8.06525772934336e-08,1.6429757102900633,2.909515101523747,0,2.3680630442711066,1.823493549553949e-08,1.7539172672379286,3.1972560430251025,0,,0,1
S2_N120,6500479,2.5426257360973126,1.817046736669323,3.5579413029929836,5.215656313486177e-08,-1.8796033988508736,0.3223407228493537,4.9808585391072726e-08,120,1.3010875645292506e-05,3.497310364615086e-06,True,0.018968106588742862,0.021658756729713062,True,0.6687082724129438,0.77588606166589,0.00014016903978129693,0.008333333333333415,4.642913982741851e-05,0.008333333333333333,5.215656313486177e-08,1.817046736669323,3.5579413029929836,0,2.66348250713485,2.5938915124937185e-08,1.8865067301617369,3.760463163152956,0,,0,1
S2_N120,6500480,2.482368582410022,1.7968079668957329,3.4295004766605244,3.514334100509786e-08,-1.1721010211569811,0.30164492840271456,0.0001696123676205289,120,0.0046621889041667,0.008188466367301153,True,5.70419473097674e-05,1.4639363857749611e-05,True,0.4793238603832055,0.40650398097355933,0.011219046319549853,0.09166666666666667,0.014564037658002021,0.09166666666666666,3.514334100509786e-08,1.7968079668957329,3.4295004766605244,0,2.6896073927254283,1.8470511573963822e-08,1.9054118324059577,3.7965482338109253,0,,0,1
S2_N120,6500481,2.8817715324983775,2.064439476028689,4.022693453572887,4.992770982464452e-10,-1.4230553743749257,0.24556554929497484,5.887930990676387e-08,120,1.535921344259874e-05,9.263043578290991e-06,True,0.0052591041241162075,0.003077639796911362,True,0.9296667509447695,0.9705745582398727,0.008673228563608281,0.08333333333333337,0.00896512788985893,0.08333333333333333,4.992770982464452e-10,2.064439476028689,4.022693453572887,0,3.265228818913437,4.176960057043359e-12,2.3366261476414842,4.562869096806281,0,,0,1
S2_N120,6500482,2.6422758498287626,1.8503074502872208,3.7732224801367806,9.039325308306096e-08,-1.3833333333333326,0.29773870909750927,8.931731641482458e-06,120,4.342791410804045e-07,1.8139260953545337e-08,True,0.07725768385201241,0.05265081625469169,True,0.48588398034356606,0.3429616190311716,0.016384857216087772,-0.09999999999999998,0.016984928028435545,-0.1,9.039325308306096e-08,1.8503074502872208,3.7732224801367806,0,2.8047837803148807,5.511394811187309e-09,1.9831079155971323,3.96691072253053,0,,0,1
S2_N120,6500483,2.903450854161511,2.1531397922825244,3.9152250554036767,2.7947504636641305e-12,-2.2265497394063,0.27961650168939073,1.2175588316352467e-12,120,2.5488621875859003e-06,6.486841592633705e-07,True,0.1421266146661708,0.16406022757104177,True,0.7253017013822287,0.7596174236336444,0.00772957658924781,0.08333333333333326,0.014407625211767871,0.08333333333333333,2.7947504636641305e-12,2.1531397922825244,3.9152250554036767,0,3.2215762393821468,6.587484074534349e-14,2.3725860038198605,4.374363436959569,0,,0,1
S2_N120,6500484,3.5411418742908882,2.6064222074315633,4.811072334368006,6.140507778671556e-16,-1.6777652196249688,0.3146997629692825,4.811948924712146e-07,120,0.0002614129496421246,7.361146585266604e-05,True,0.03097377347671108,0.022435967986669976,True,0.5381089097035222,0.5548182688234244,0.02097086795468751,0.10833333333333339,0.019815597704613098,0.10833333333333334,6.140507778671556e-16,2.6064222074315633,4.811072334368006,0,3.7566431376490517,2.0680644872754428e-15,2.7093319889451792,5.208799704586983,0,,0,1
S2_N120,6500485,2.1948324611929704,1.665839361342325,2.8918091650953928,2.3114613991857156e-08,-1.259819708913289,0.311248431334966,9.325554926876158e-05,120,1.4527212374947172e-07,2.381489465402799e-08,True,0.025485044116497036,0.01720703369547005,True,0.016933155584056767,0.01325052866435941,0.0005091800514375347,-0.033333333333333326,0.0006197208657286441,-0.03333333333333333,2.3114613991857156e-08,1.665839361342325,2.8918091650953928,0,2.225134273479165,7.232250603451579e-08,1.6631715057393646,2.976976528232775,0,,0,1
S2_N120,6500486,3.042711120251502,2.2203302877394004,4.169690884471133,4.465674448155635e-12,-1.606776714796865,0.30717146178194776,7.490510879330167e-07,120,8.223364846454683e-05,1.4277298748472542e-05,True,0.33556330122528844,0.3491901177199276,True,0.7881167144485689,0.9244118914831885,0.0007986132047171669,-0.016666666666666607,0.0008889217789391185,-0.016666666666666666,4.465674448155635e-12,2.2203302877394004,4.169690884471133,0,3.185756384209684,9.889074136215944e-12,2.2821507853330623,4.447139866812782,0,,0,1
S2_N120,6500487,2.6322826304722793,1.9204115909150492,3.6080347980947836,1.7864751436659111e-09,-1.4333250279233618,0.2680954737484319,4.50236494913664e-07,120,3.2893082806338424e-05,7.001047159553732e-05,True,0.012757708094988834,0.019682835347576685,True,0.4695356987574375,0.49176506869849734,0.0008568676226805855,-0.033333333333333326,0.0024457041172239653,-0.03333333333333333,1.7864751436659111e-09,1.9204115909150492,3.6080347980947836,0,2.791342394575813,6.759326835183794e-10,2.0148057907614563,3.8671679421824345,0,,0,1
S2_N120,6500488,2.814717932070463,2.0893397554757103,3.791933320732301,1.0032761881569794e-11,-1.5378848369397886,0.3308459803244966,8.851437527851936e-06,120,0.01550964353098882,0.005581612563156325,True,0.04261076411965407,0.02186541493227816,True,0.1092964713987692,0.11804581545826107,0.002844824087802805,0.06666666666666665,0.0014041942366942422,0.06666666666666667,1.0032761881569794e-11,2.0893397554757103,3.791933320732301,0,3.1209339713184483,2.2359661089306268e-10,2.1957410495485643,4.435964275173566,0,,0,1
S2_N120,6500489,3.4681829312440553,2.571732369755049,4.677116867226069,3.6186259625057257e-16,-1.577105281136845,0.3058538431544403,1.0368070807937942e-06,120,0.0015166357598463793,0.002649806421250593,True,0.000992716756395341,0.002676306668239762,True,0.5609466266256672,0.4385195271853739,0.006391626798218854,0.08333333333333337,0.0034914587970165415,0.08333333333333333,3.6186259625057257e-16,2.571732369755049,4.677116867226069,0,3.778372589375639,1.0820672345941405e-16,2.7599711586192806,5.172553843384007,0,,0,1
S2_N120,6500490,2.5792902884165207,1.961164011867349,3.3922396860552646,1.215930160391432e-11,-1.5052299962519884,0.3224080030465001,8.143089784687113e-06,120,0.006805410621063767,0.005210334334302657,True,0.00945750146368133,0.005580867273684986,True,0.04472879278958463,0.08283289519474278,0.023388855188808223,-0.10833333333333328,0.019815597704613098,-0.10833333333333334,1.215930160391432e-11,1.961164011867349,3.3922396860552646,0,2.810083085241559,3.093793116185396e-11,2.071614529845604,3.811793570761083,0,,0,1
S2_N120,6500491,3.4413397567753883,2.440147302780376,4.8533214810715855,1.8486390556755927e-12,-1.2840832312037114,0.26902213703473443,5.291285019539841e-06,120,0.0014001103978100696,0.002234990065898789,True,0.0003609504827645938,0.0008350287442599579,True,0.0807593942699759,0.06920177841199569,0.014790721529426027,-0.10833333333333334,0.009112518639789555,-0.10833333333333334,1.8486390556755927e-12,2.440147302780376,4.8533214810715855,0,3.5211000711159977,1.1640842304357338e-12,2.4886863420699092,4.981803251470091,0,,0,1
S2_N120,6500492,3.2348063883126117,2.3872555574847816,4.38326442975923,3.6402941758535744e-14,-1.1403958380456907,0.3109064616658322,0.0003693377027283301,120,1.775681079984868e-05,1.5993664644203275e-05,True,0.003735775220217465,0.012469819764474616,True,0.31937377592934224,0.38195152998023973,0.005015677067079541,0.07500000000000007,0.005128189647772848,0.075,3.6402941758535744e-14,2.3872555574847816,4.38326442975923,0,3.389496056795498,2.479819902214627e-14,2.476451490227365,4.639171639084861,0,,0,1
S2_N120,6500493,2.9567019426236953,2.21696830036303,3.943261785061704,1.5913670892127398e-13,-1.5034262431706624,0.3355588660900378,1.7457102581035326e-05,120,0.00012574975339374014,2.4471471701915724e-05,True,0.023779175711807304,0.019471098404555364,True,0.762861730052458,0.8701935271217213,0.0028160650922388858,0.06666666666666676,0.0034980143985630053,0.06666666666666667,1.5913670892127398e-13,2.21696830036303,3.943261785061704,0,3.215688476249009,1.0310724280970767e-14,2.3918964663490034,4.3232023299339,0,,0,1
S2_N120,6500494,3.128762662259436,,,,-1.188358088864483,0.2939905668931336,9.518406501227401e-05,120,9.114867485545971e-07,1.332152931550569e-07,True,0.12502065547444735,0.1245078649905808,True,0.13168502717777925,0.296668357622316,9.9559380183017e-05,-0.008333333333333415,0.00016713637846331025,-0.008333333333333333,7.919131553286745e-13,2.361552427546187,4.145220611053869,1,3.346605339013015,2.6038114319312404e-11,2.417986268380483,4.631857277920684,1,0.0,0,1
S2_N120,6500495,2.722537800208216,2.06700369581544,3.5859694341951576,1.031344632863965e-12,-1.1808952410068272,0.28395944318073624,6.130696075812184e-05,120,5.894341224675079e-07,5.488536380870893e-08,True,0.16065273572734362,0.2592621252394347,True,0.2725428309547372,0.16606565211776914,0.0044663938903755085,0.05833333333333335,0.008489670197360856,0.058333333333333334,1.031344632863965e-12,2.06700369581544,3.5859694341951576,0,2.972500872252974,1.7289980651028778e-12,2.1962335218640225,4.023142961612507,0,,0,1
S2_N120,6500496,2.629773954053424,2.013525529621836,3.4346279437125546,1.271146606922057e-12,-0.9586034912718203,0.32398316672920857,0.0037384172891075543,120,0.0002988237298974155,8.594695652257788e-05,True,0.005670066809527113,0.0017774154696440802,True,0.2465438619731234,0.2000507959634461,0.01306363108334577,0.10000000000000009,0.008899074213502606,0.1,1.271146606922057e-12,2.013525529621836,3.4346279437125546,0,2.657034655404675,5.0505638393776117e-11,1.9850895334639802,3.5564305997332197,0,,0,1
S2_N120,6500497,2.7127392784316533,2.003765908747385,3.6725619298245236,1.0693659367661402e-10,-1.1452533579250026,0.33363870617846925,0.0008272419200235701,120,0.0006834670826139876,0.0005400744381945117,True,0.00013864258336057175,7.71410610695809e-05,True,0.07082285847646097,0.140217761547626,0.0017186706722323154,0.04166666666666674,0.0028402826816824947,0.041666666666666664,1.0693659367661402e-10,2.003765908747385,3.6725619298245236,0,2.9717031137440437,7.571347873881412e-12,2.175683505208509,4.058963252281362,0,,0,1
S2_N120,6500498,2.7990488187207245,2.019656300249746,3.8792116701307378,6.349007892465086e-10,-1.5369151548088436,0.24169476943277204,4.0777869529766815e-09,120,0.0006573235250885672,0.00016241828384626323,True,0.10804872745138563,0.13727362421326192,True,0.9433790668592685,0.8555700134923465,0.0001574173941143769,0.008333333333333415,6.219399906656424e-05,0.008333333333333333,6.349007892465086e-10,2.019656300249746,3.8792116701307378,0,2.8149468596047202,6.52506214728701e-09,1.9845135139170318,3.99288075733898,0,,0,1
S2_N120,6500499,2.0516850011516565,1.5137416828088723,2.780798990842192,3.617686253854404e-06,-1.4000000000000004,0.2666474164308131,6.876345340796253e-07,120,0.007091407400392957,0.007111191651499683,True,0.0063314065720763615,0.0024673983532557536,True,0.01466825042408329,0.03430054910754855,0.010562570550618025,-0.09166666666666667,0.010433483838596635,-0.09166666666666666,3.617686253854404e-06,1.5137416828088723,2.780798990842192,0,2.0969389449435094,3.698637004618413e-06,1.5324385552967765,2.8693828692982946,0,,0,1
S2_N120,6500500,2.3436485576941917,,,,-1.9900742345057054,0.2952830016928472,6.322475710556811e-10,120,0.002711329039290039,0.0027237534113669095,True,0.00012172456214123466,0.0002901917453347888,True,0.1349075243194549,0.18326364531638384,0.0026917951018596785,-0.033333333333333326,0.002710941220366561,-0.03333333333333333,3.1896023020533495e-06,1.6600068412188569,3.3088348948905946,1,2.3804573944699015,5.256600048033116e-06,1.6608547852865636,3.4118439836440735,1,0.0,0,1
S2_N120,6500501,2.275619150663136,1.734782023677634,2.9850681227874527,2.8730877374046715e-09,-1.6338756904239007,0.3218984854509702,1.469923182832942e-06,120,5.190022578231326e-06,5.273561759932972e-07,True,0.030212536705073737,0.053525933213985605,True,0.7250924811927284,0.5144838918234262,0.0005346187635937951,-0.033333333333333326,0.0002735622756239425,-0.03333333333333333,2.8730877374046715e-09,1.734782023677634,2.9850681227874527,0,2.4586472611317824,7.419995224596213e-10,1.846387014573121,3.273932445884531,0,,0,1
S2_N120,6500502,3.282381017058783,2.397219747835754,4.494383608709549,1.2363025349617528e-13,-0.9000000000000012,0.3134748701804167,0.0048575924973447504,120,0.000943951890547709,0.00010093989604939792,True,0.0009766209961694667,0.000801180031225169,True,0.9411966065549447,0.9726928583255385,0.005427281458710453,0.09166666666666667,0.006060873390793675,0.09166666666666666,1.2363025349617528e-13,2.397219747835754,4.494383608709549,0,3.4725433670759296,4.213486092587328e-09,2.354448313589142,5.121606351103483,1,0.0,0,1
S2_N120,6500503,3.3575254440773383,,,,-1.9500000000000033,0.28973010253932474,6.615600107318157e-10,120,1.2120438139002735e-05,8.028331407323791e-06,True,0.46754877643373205,0.5612558852213685,True,0.3037796138411535,0.24001505329229722,0.00039093660661407097,0.033333333333333326,0.0007374116820841247,0.03333333333333333,8.297373119970763e-09,2.280924467190831,4.9422842666554585,1,3.593979863475164,8.991975083214736e-09,2.386450593740624,5.41251149005301,1,0.0,0,1
S2_N120,6500504,3.0046424679066543,2.1545849120702876,4.190076849314575,8.941317689929471e-11,-2.0884745448259014,0.31015522843476884,6.51023329996626e-10,120,0.0001549532556203567,0.00010360021912635513,True,0.277737466063548,0.32135617022051777,True,0.5027870895967714,0.6577316737289303,0.006690724239725874,0.08333333333333337,0.012491698855454808,0.08333333333333333,8.941317689929471e-11,2.1545849120702876,4.190076849314575,0,3.0492334198571007,1.476541949501347e-10,2.168153500079638,4.288360786462727,0,,0,1
S2_N120,6500505,2.0664704724148844,1.5272373541884656,2.7960946618096068,2.5420025637977755e-06,-1.4817923485765419,0.30873649472845033,4.740922101877407e-06,120,1.1897186793685227e-05,5.0668028752216015e-06,True,0.0025554684997891844,0.009394115566635261,True,0.6412125221847572,0.7241773672932179,0.00033723006231249956,-0.016666666666666607,0.00028062547098190956,-0.016666666666666666,2.5420025637977755e-06,1.5272373541884656,2.7960946618096068,0,2.2288900814184514,3.3202331128256816e-06,1.5898947594776058,3.1247043022381416,0,,0,1
S2_N120,6500506,3.4011969240651894,2.4838752481166377,4.6572952989655505,2.2857986213669422e-14,-1.3721881657618038,0.31862913701263507,3.4672855475210605e-05,120,3.952446763784872e-06,3.218571905312078e-05,True,0.0010932314754100877,0.0002758763407982613,True,0.21750868123337963,0.22380755900825622,0.0007618646473314837,-0.033333333333333326,0.0005151002191871772,-0.03333333333333333,2.2857986213669422e-14,2.4838752481166377,4.6572952989655505,0,4.071321993272804,2.653068619040969e-16,2.9092784301041226,5.697516814268477,0,,0,1
S2_N120,6500507,2.5656063330547627,1.9399229668512215,3.3930913591351515,3.950023066053031e-11,-1.5999999999999996,0.2887544135162626,1.8821056067071135e-07,120,0.00017320828286335698,7.623917762000888e-05,True,0.03597901669901451,0.07761985715013041,True,0.7947476072323536,0.9621885594066172,0.001385237811954674,-0.04166666666666674,0.0020120197006643125,-0.041666666666666664,3.950023066053031e-11,1.9399229668512215,3.3930913591351515,0,2.6787142077493953,1.5543620973110476e-10,1.9809574255578857,3.6222433224569044,0,,0,1
S2_N120,6500508,2.5314542947480803,1.8296011243255466,3.5025453150400767,2.064784474090136e-08,-1.4737498330142063,0.29344127910383766,1.8492753686618989e-06,120,8.395265755235162e-05,2.073739947922231e-05,True,0.013337229101748895,0.017698916001644215,True,0.8860154928031054,0.9978951688176987,0.00035776777850875864,-0.016666666666666607,0.00018345053774300086,-0.016666666666666666,2.064784474090136e-08,1.8296011243255466,3.5025453150400767,0,2.7341541742572515,1.754588326047595e-08,1.9269779122104997,3.8794420015083864,0,,0,1
S2_N120,6500509,2.294059624979089,1.6818926509478587,3.1290401084714365,1.581001743608548e-07,-1.6538064965050463,0.28543364124047815,5.9151958323436175e-08,120,4.451841967768491e-05,7.798478347749324e-05,True,0.00020173401134451443,7.519418185406911e-05,True,0.008421794575059484,0.008545136382787989,0.0007909086437853154,-0.02499999999999991,0.0010224416988120378,-0.025,1.581001743608548e-07,1.6818926509478587,3.1290401084714365,0,2.720388461272999,3.748644275805484e-09,1.950398122874842,3.79436038900565,0,,0,1
S2_N120,6500510,2.767447318957369,2.057967988545289,3.721517878719807,1.6336825651992193e-11,-1.4278380605727627,0.3227179335561994,2.1812686304124077e-05,120,3.3706118026182686e-06,5.579951484480924e-07,True,0.06221360783186121,0.06598604008586835,True,0.7159479069652253,0.8889622850645958,0.0016860494966756006,-0.033333333333333326,0.0019609475213124916,-0.03333333333333333,1.6336825651992193e-11,2.057967988545289,3.721517878719807,0,2.8328467108561783,3.675935623702795e-11,2.0809689229454444,3.856386512418405,0,,0,1
S2_N120,6500511,2.661149742869742,2.0343346161653963,3.4810978969252977,9.182083762207654e-13,-1.033333333333336,0.2824693224673635,0.00038217062822721177,120,5.8803783062216035e-05,4.886836926471466e-06,True,0.034827510192112054,0.0225793719165607,True,0.8731163127548653,0.7218045613888953,0.0004462728966579354,-0.01666666666666672,0.00014518437035837133,-0.016666666666666666,9.182083762207654e-13,2.0343346161653963,3.4810978969252977,0,2.911686419486527,1.096582475131344e-11,2.13909796720285,3.9633144135554743,0,,0,1
S2_N120,6500512,2.5129691205698723,1.9133869535862675,3.300437367936197,3.461353707535478e-11,-1.483394862328873,0.31699549644830644,7.789048901873908e-06,120,0.00044473097920854634,0.001225979409387126,True,6.882039919225397e-05,1.9048394024547597e-05,True,0.7441701225160574,0.6218582299133448,0.00041313627192759306,-0.016666666666666607,0.00028062547098190956,-0.016666666666666666,3.461353707535478e-11,1.9133869535862675,3.300437367936197,0,2.75935867995143,7.564109976729195e-12,2.0635654880341385,3.6897594812350025,0,,0,1
S2_N120,6500513,2.501556581082123,1.752375461482374,3.5710299909482175,4.4431682792175483e-07,-1.215358944509123,0.27812332423167074,2.705824347636187e-05,120,0.0002584031493016144,0.00012103153828101271,True,0.1182710797334459,0.12661336104490112,True,0.2592178723608809,0.3113788545862318,0.000410508450112935,0.03333333333333344,0.00016556136137461415,0.03333333333333333,4.4431682792175483e-07,1.752375461482374,3.5710299909482175,0,2.535208520622051,6.673536607588982e-07,1.7567400239220823,3.658641663258264,0,,0,1
S2_N120,6500514,3.339080566870667,2.4235243100274375,4.60051462488821,1.6576097712129804e-13,-1.2666666666666662,0.31866024961584777,0.00012221021994429667,120,2.900960280838108e-06,1.1132070755370802e-05,True,0.36722668551732385,0.3491506270316469,True,0.027923067971968897,0.06332831750226316,0.00021364863577127684,0.008333333333333415,0.00010532403032307642,0.008333333333333333,1.6576097712129804e-13,2.4235243100274375,4.60051462488821,0,3.4235578441258725,2.6456729848099495e-13,2.4614925654335313,4.761642784003888,0,,0,1
S2_N120,6500515,2.822228149480575,2.0938171019439937,3.8040436866837672,9.653270013219095e-12,-2.1592629344163914,0.29312121782989653,2.6808191738173977e-11,120,7.957632142705125e-05,5.349398580891576e-06,True,0.05984408176157827,0.029701209377965557,True,0.8859035941799307,0.5674031029918968,0.0021842960348917905,-0.05833333333333335,0.0034154644421336045,-0.058333333333333334,9.653270013219095e-12,2.0938171019439937,3.8040436866837672,0,3.071632545884222,6.542033103168241e-12,2.2298304068460975,4.231230531240301,0,,0,1
S2_N120,6500516,1.9233453270048297,1.457213915802678,2.5385821579075794,3.856606722703509e-06,-1.5569438543925949,0.28739210998004283,3.2797681538043504e-07,120,6.041512373967721e-06,4.999055147806721e-06,True,0.011664530972065247,0.028967976931441264,True,0.06555566906415021,0.18625741085971426,0.00023493616995902693,-0.033333333333333326,3.106759015479105e-05,-0.03333333333333333,3.856606722703509e-06,1.457213915802678,2.5385821579075794,0,2.0277483680865416,2.4262373650595533e-06,1.5113725753345675,2.7205491957318495,0,,0,1
S2_N120,6500517,2.261213799489118,1.6918700615453472,3.022151619805684,3.5278832144790224e-08,-1.8074044105643439,0.2952884400230394,1.2770483623281713e-08,120,0.0002989299605730089,0.00014691662884134196,True,0.012696871162087956,0.003442357033435482,True,0.496623048716187,0.5341897824986723,0.0002843923051713755,-0.01666666666666672,0.00011304254359135538,-0.016666666666666666,3.5278832144790224e-08,1.6918700615453472,3.022151619805684,0,2.42650666983945,4.392530825713341e-09,1.8047180770192248,3.2625232127669412,0,,0,1
S2_N120,6500518,2.3595429763820985,1.782809862961229,3.122847350724562,1.934411488805214e-09,-1.4875223274521647,0.3184958796750402,8.084912936843021e-06,120,0.0016565597846158245,0.0013430667872273996,True,0.08811124602747948,0.048028075177177054,True,0.542245085469552,0.4832863039249342,0.053578125060993805,-0.15000000000000002,0.04654754262856509,-0.15,1.934411488805214e-09,1.782809862961229,3.122847350724562,0,2.5026277659854212,1.587703276125567e-09,1.8578678203219492,3.3711471109908357,0,,0,1
S2_N120,6500519,2.1792026073228405,1.616388194831371,2.9379848349227125,3.219129081890169e-07,-2.211281326364003,0.27320429677262736,6.117921729805337e-13,120,0.03190052187401338,0.040304841031980884,True,0.011835718115437618,0.008413853187305989,True,0.2249269614913213,0.23109766465692028,0.00950008328591657,-0.08333333333333337,0.00896512788985893,-0.08333333333333333,3.219129081890169e-07,1.616388194831371,2.9379848349227125,0,2.4040789621930267,4.309122539009799e-08,1.7564753441311474,3.290450774484407,0,,0,1
S2_N120,6500520,2.4166128089210486,1.8332413053372094,3.185623982636076,3.859932419458584e-10,-1.0952471529400276,0.2921029080218661,0.00027693548689644825,120,1.2769008238200624e-08,2.15080494047436e-09,True,0.00228011963529778,0.005905587993773438,True,0.9063999356430057,0.8806072111984059,0.0005087298313964752,-0.033333333333333326,0.0006197208657286441,-0.03333333333333333,3.859932419458584e-10,1.8332413053372094,3.185623982636076,0,2.6300615719276297,6.559400634066272e-08,1.8867883898285835,3.6661365468540272,1,0.0,0,1
S2_N120,6500521,1.7714056265524272,1.349230076314079,2.3256803630955747,3.847776744617532e-05,-1.1633377463761252,0.29999057684388175,0.00017448791631271963,120,9.351556625060552e-07,1.5986871708679935e-07,True,0.0002178688326617646,0.00014331179521237425,True,0.37946717304423694,0.3090976776369797,0.0032177137291528666,-0.05833333333333324,0.004707557962904475,-0.058333333333333334,3.847776744617532e-05,1.349230076314079,2.3256803630955747,0,1.94735744169936,1.0477229998505887e-05,1.4478392789831833,2.6192140666366894,0,,0,1
S2_N120,6500522,3.0033969713693516,2.2045879593429536,4.091645937465336,3.146811719706762e-12,-1.855162369466779,0.3013355133112273,1.0777358626191258e-08,120,1.8521918962188707e-08,6.703392731655187e-10,True,0.00012712511206952815,6.797300668416209e-05,True,0.833569619188609,0.870040041336539,0.0075734392616191625,-0.09166666666666667,0.005313713805652692,-0.09166666666666666,3.146811719706762e-12,2.2045879593429536,4.091645937465336,0,3.1304890839550636,2.085537227025432e-11,2.2419594941912004,4.371159215923839,0,,0,1
S2_N120,6500523,3.1945553384147325,2.405284479861086,4.242817802068656,1.0429077116420298e-15,-2.017960192750889,0.28359406312848523,9.60965571848731e-11,120,0.03082646969200027,0.01441411325670412,True,0.06695905251522746,0.12783000427674365,True,0.28967461362585056,0.18602110713134923,0.005352439064587455,0.08333333333333337,0.005931555391191531,0.08333333333333333,1.0429077116420298e-15,2.405284479861086,4.242817802068656,0,3.518332745318994,3.614277644688745e-16,2.5999424922294057,4.761130426453933,0,,0,1
S2_N120,6500524,3.280158363684502,2.4401732682429027,4.409292991967307,3.536779200471568e-15,-1.2500000000000022,0.32451801591387736,0.0001917935706261166,120,0.0001804346993779214,0.0003233747530454105,True,1.406150314289196e-06,7.32010292856206e-07,True,0.9716879905784682,0.9915911123751717,0.0023306378243638805,0.05833333333333335,0.006745962841372363,0.058333333333333334,3.536779200471568e-15,2.4401732682429027,4.409292991967307,0,3.4623801320580485,1.7728216497757738e-14,2.520432421266045,4.756356916266197,0,,0,1
S2_N120,6500525,2.6570909807357097,2.020351184217722,3.4945075564378825,2.723585139538743e-12,-1.4612813071730506,0.3244640521831761,1.590161691518415e-05,120,9.049130373494189e-06,8.355002795565307e-06,True,0.0054711018996934065,0.006318887833654311,True,0.04108395994017327,0.06133385486748793,9.079549352216863e-05,0.0,0.0001511210714541945,0.0,2.723585139538743e-12,2.020351184217722,3.4945075564378825,0,2.8112259899033183,4.1031992839625675e-12,2.098955530592848,3.7652020021956814,0,,0,1
S2_N120,6500526,3.169705786892302,2.318043283163118,4.33427401827835,4.978480048261643e-13,-1.297799319139116,0.3151941460701368,7.169704142025194e-05,120,0.0038342917010423345,0.0024419578960717635,True,8.35088658385411e-05,2.9102841512418077e-06,True,0.647084320819882,0.7539971713974428,0.003842040860075581,0.05833333333333335,0.0014890732218832685,0.058333333333333334,4.978480048261643e-13,2.318043283163118,4.33427401827835,0,3.3126874116066856,1.3369232109942574e-12,2.3789770113473545,4.6128641994746475,0,,0,1
S2_N120,6500527,2.9815010102706494,2.1893069816297905,4.060348022837522,4.127922461795999e-12,-1.121053407483382,0.3474509168531883,0.0016254023742691952,120,0.00018644396898866917,0.00015732783664656875,True,0.7311048506107767,0.8374788644148444,True,0.4565067644021933,0.47035643571582997,0.01103638331338547,-0.09999999999999998,0.006081093892846673,-0.1,4.127922461795999e-12,2.1893069816297905,4.060348022837522,0,3.029230392342303,2.057445581371112e-11,2.190619181011494,4.188878126070857,0,,0,1
S2_N120,6500528,3.0728258791326195,2.323344123278192,4.064081075576664,3.55887534046298e-15,-1.5098522910550816,0.27390226120854755,2.142210883461268e-07,120,1.936565374817742e-05,1.4190111363477784e-05,True,0.018577784003880604,0.031689404064191615,True,0.980932887475144,0.9222877091886468,0.0003404716939348036,-0.025000000000000022,0.00019956482739158109,-0.025,3.55887534046298e-15,2.323344123278192,4.064081075576664,0,3.298916113403385,7.785269805765212e-15,2.441353243574161,4.457711128824569,0,,0,1
S2_N120,6500529,2.6962299709360886,1.9896697551865894,3.6536998349720005,1.583177077567895e-10,-1.8166666666666664,0.28640746272645146,4.4048782758466765e-09,120,0.00010875880906122782,0.0002644071423089553,True,0.15138100197998508,0.2118791102242531,True,0.09366777489838755,0.11482525798314533,0.042929820880501825,-0.14166666666666672,0.03414223957490813,-0.14166666666666666,1.583177077567895e-10,1.9896697551865894,3.6536998349720005,0,3.019659230228548,5.153383461715157e-12,2.2062258471811647,4.13300473220125,0,,0,1
S2_N120,6500530,2.7680499249068413,2.079387080876049,3.6847879152681435,3.0445769296919104e-12,-1.1155345438756055,0.28081678471612787,0.00012335066384379476,120,5.6765442083912666e-05,1.4062071492613503e-05,True,0.025003183380237777,0.026239693490489432,True,0.833447006716949,0.8655671728327954,0.0004521843401169291,-0.008333333333333304,0.0008788214093540707,-0.008333333333333333,3.0445769296919104e-12,2.079387080876049,3.6847879152681435,0,3.0115293521706294,3.456735580720202e-14,2.2645722332661724,4.004866307975819,0,,0,1
S2_N120,6500531,2.4647529370518155,1.806768089509548,3.3623612659412365,1.246029224685392e-08,-1.4247585856385705,0.28862838288122006,2.6676214123428923e-06,120,0.0024383705350387655,0.0033672390772612457,True,5.550558569002843e-05,5.559213046856904e-06,True,0.3742685464206178,0.2524728053208726,0.0020048875467170465,-0.050000000000000044,0.0015351005406343985,-0.05,1.246029224685392e-08,1.806768089509548,3.3623612659412365,0,2.5994344804383536,1.2582295309155288e-08,1.87073348550174,3.611984107014334,0,,0,1
S2_N120,6500532,2.864768426164315,2.1178338977703923,3.8751377736412684,8.582526197656698e-12,-1.0478109114456853,0.2620278081799223,0.00011185875699964275,120,0.0015404622706594476,0.0005626697195945177,True,0.0015795369206531077,0.005318257097539268,True,0.2580406342359155,0.25463555394253945,0.0008986521090065421,0.025000000000000022,0.0010224416988120378,0.025,8.582526197656698e-12,2.1178338977703923,3.8751377736412684,0,2.9251800519899303,2.0091880311200147e-10,2.10141842625873,4.071858431256707,0,,0,1
S2_N120,6500533,2.9121146982444808,2.1958407099582784,3.862034243773845,1.1652193755918004e-13,-1.303930510834741,0.297457206076272,2.5633595866215615e-05,120,0.00023814732155861884,0.00014623484258516112,True,0.0017945068341388253,0.007362843493891358,True,0.9185747639870566,0.9014161679260319,0.0033913827465429686,0.06666666666666665,0.0026817165531350926,0.06666666666666667,1.1652193755918004e-13,2.1958407099582784,3.862034243773845,0,3.411366702922541,2.4620690932489567e-15,2.517502949923614,4.62260542024855,0,,0,1
S2_N120,6500534,2.7174357462940493,2.0161705011090953,3.662615354789939,5.229669512481388e-11,-1.3812601162348612,0.29803868500289316,9.366376848725741e-06,120,7.32493632097991e-06,3.956254437110587e-05,True,0.4620469811927199,0.34650781132646247,True,0.12113175492513774,0.17409787758517825,0.0005403068283531471,0.04166666666666663,0.0011564514471420484,0.041666666666666664,5.229669512481388e-11,2.0161705011090953,3.662615354789939,0,3.202617582618205,2.1396110769645736e-12,2.314575404948405,4.4313783679576915,0,,0,1
S2_N120,6500535,2.177812708230782,1.6675390752407067,2.8442321157882713,1.1034461737572861e-08,-1.0175583952072906,0.2686457504797347,0.00024163173244457414,120,8.016162593478953e-06,4.13673405115913e-06,True,0.03828481404515146,0.034070046038357185,True,0.5530147239053027,0.4511411410850421,0.0018926601507111018,-0.050000000000000044,0.0026254919622748147,-0.05,1.1034461737572861e-08,1.6675390752407067,2.8442321157882713,0,2.4230396011483823,2.5480185539056768e-09,1.8110370423114308,3.2418557829385906,0,,0,1
S2_N120,6500536,2.5088924569600315,,,,-1.5946185428798894,0.2812927663819327,1.0520567330189865e-07,120,5.7380673260388794e-05,0.0002583965175284425,True,0.025226943072517088,0.026559034698584776,True,0.8916415374638467,0.6850376527649166,0.0006796651326767219,-0.033333333333333326,0.0002735622756239425,-0.03333333333333333,7.759649824034436e-08,1.8255960675780973,3.447937620144807,1,2.721870798529962,3.0820654521321195e-08,1.9479870369502723,3.8031981236840533,1,0.0,0,1
S2_N120,6500537,2.5650683582706426,1.8557534968011733,3.5455008943497575,1.1723083179896557e-08,-1.247644316275741,0.3208374603929804,0.0001677596546758998,120,1.623753708652147e-05,9.255019433988269e-07,True,0.0010027471764706513,0.00028938396970028946,True,0.06615143324357424,0.1439351509907399,0.004602360242945568,-0.05833333333333335,0.006204325901167832,-0.058333333333333334,1.1723083179896557e-08,1.8557534968011733,3.5455008943497575,0,2.706275731331425,1.1587593807519254e-08,1.92241707575388,3.809749937391367,0,,0,1
S2_N120,6500538,3.2314469623615314,2.4415102690669825,4.276963157949793,2.380278215297038e-16,-1.6885162036522163,0.3020512027238469,1.5064052362098214e-07,120,1.9869618236130578e-06,2.4514913281828727e-07,True,0.0034331672566953486,0.0014261403032018551,True,0.9312251101988692,0.7438700980713289,0.00039102346325317616,-0.025000000000000022,0.00031126272902156846,-0.025,2.380278215297038e-16,2.4415102690669825,4.276963157949793,0,3.3436196223372656,3.270534215701125e-14,2.4479208137666872,4.5670563018238015,0,,0,1
S2_N120,6500539,2.6494058359838806,1.96554124233913,3.5712052907075775,1.5941978285547476e-10,-1.699999999999998,0.3237050615759646,6.836739623130565e-07,120,0.0005711266940703111,0.00025408323523563924,True,0.03560876099618723,0.05627390470118101,True,0.7761934780556717,0.8557176310638845,0.00032368704278505373,-0.01666666666666672,0.0002284137963262237,-0.016666666666666666,1.5941978285547476e-10,1.96554124233913,3.5712052907075775,0,2.9102905691338012,6.220165884799958e-10,2.0745008906835687,4.08280913969541,0,,0,1
S2_N120,6500540,3.2965169278903996,2.4889842895874263,4.366047588701042,8.763611295615627e-17,-1.1280321837472842,0.3173969784105493,0.0005482693541822204,120,0.00015998746865010844,5.5063895633560715e-05,True,0.00010961500383888365,0.00022735052946168906,True,0.6932392310467883,0.591031585889718,0.0006360839031605791,0.025000000000000022,0.00015603532646400357,0.025,8.763611295615627e-17,2.4889842895874263,4.366047588701042,0,3.415184468569536,1.2770050810946736e-14,2.499086342631059,4.667099633732209,0,,0,1
S2_N120,6500541,2.2159667114532735,1.689541443398269,2.906414924272148,8.936098381094294e-09,-1.4456497950951586,0.30822601638198766,7.454622587776467e-06,120,6.1109425673427436e-06,2.561731688835232e-06,True,0.0014326194224755684,0.006793320193523748,True,0.7530840606306953,0.9222483100509221,0.0006995722567262288,0.04166666666666663,0.0009860328308185602,0.041666666666666664,8.936098381094294e-09,1.689541443398269,2.906414924272148,0,2.5502348298156097,1.3739288399797068e-10,1.9161570710377285,3.394135995167901,0,,0,1
S2_N120,6500542,2.0631865554255895,,,,-1.4154810746666073,0.2869804516977911,2.7130270371651107e-06,120,1.7257629760343423e-06,1.353936483617173e-06,True,0.007269434850195352,0.0017496113196846597,True,0.46035240690364454,0.6673311721933808,0.00022818231187282884,0.008333333333333304,0.0007714094357546574,0.008333333333333333,3.2078361229414714e-05,1.4807632632927825,2.874692307684061,1,2.1249794520456304,4.2344730149218945e-05,1.4959583100150955,3.018491652732342,1,0.0,0,1
S2_N120,6500543,3.004747205245193,2.1816042054635463,4.138471013586273,1.6307269774324043e-11,-1.9342989508598623,0.2758608934831401,1.622493990471465e-10,120,0.000857050843800915,0.000993686151808891,True,0.04110128224238516,0.04595696936332005,True,0.78659168219292,0.6241397069957404,0.003093802678605256,-0.05833333333333335,0.0017480688463408901,-0.058333333333333334,1.6307269774324043e-11,2.1816042054635463,4.138471013586273,0,3.115500505128841,1.1796719926476327e-10,2.2048109592315566,4.402347220208402,0,,0,1
S2_N120,6500544,2.6509817238767566,2.0095787772049474,3.4971030646049956,5.267550437640003e-12,-2.037544901235949,0.2995192486068568,4.6203470927387216e-10,120,4.09131887421862e-05,2.9668226977353285e-05,True,0.0563350692228062,0.033440415586117885,True,0.06169293395153986,0.12983746610212113,0.0006763737892384363,0.025000000000000022,0.0004601001763112121,0.025,5.267550437640003e-12,2.0095787772049474,3.4971030646049956,0,2.9299998822396627,7.869205818256866e-12,2.1533125291158357,3.9868338635680787,0,,0,1
S2_N120,6500545,3.3619823832752416,,,,-1.4438278509770268,0.2937955660908106,2.9269357682192558e-06,120,7.0761029742544045e-06,1.8241212851540827e-07,True,0.6369046941801358,0.9727306162297611,False,0.7085056599983862,0.9181221790995578,0.0014399118574022125,-0.033333333333333326,0.0010139524450477537,-0.03333333333333333,2.316122930883684e-09,2.3192368363841602,4.873553820865946,1,3.8310054545984356,1.272001662621546e-10,2.626947261393593,5.586942307085769,1,0.0,0,1
S2_N120,6500546,3.727421325783014,2.7157441238211844,5.115971574064544,3.828861468411506e-16,-1.9666666666666663,0.287298028943248,3.7357562771553016e-10,120,0.00010404000509704057,5.6345380061888375e-06,True,0.003313727753826267,0.015617465908462809,True,0.31728701193044695,0.3358196878436731,0.00011957127358604277,0.008333333333333304,2.41347617262164e-05,0.008333333333333333,3.828861468411506e-16,2.7157441238211844,5.115971574064544,0,3.776825807358236,5.743644400045726e-16,2.737703969326285,5.210356320094567,0,,0,1
S2_N120,6500547,2.336882093962204,1.7677555579490267,3.0892381565566227,2.51273221806408e-09,-1.3910937896363276,0.30556108968667406,1.3061012543136052e-05,120,4.435666500834263e-06,5.998195516087851e-07,True,0.00022452472176762812,0.00040103525826579406,True,0.601509097416739,0.3712760462300271,0.0029696714603678785,0.05833333333333335,0.0038225411762604564,0.058333333333333334,2.51273221806408e-09,1.7677555579490267,3.0892381565566227,0,2.3522683292510496,4.5354774748310495e-08,1.7311922539121503,3.1961593406472733,0,,0,1
S2_N120,6500548,3.878849950120785,2.8354198315170946,5.306260740760185,2.27614739490958e-17,-1.5664931377188824,0.27976627917067576,1.4451952832499527e-07,120,0.002163834652181304,0.0016488807057615568,True,0.0008466573348643046,0.000735516708154283,True,0.5317135047027275,0.4931891168830994,0.0011874994141926503,-0.05833333333333335,0.0008576193100746498,-0.058333333333333334,2.27614739490958e-17,2.8354198315170946,5.306260740760185,0,4.28270142562254,3.193612089079718e-17,3.054958672600157,6.003855850992044,0,,0,1
S2_N120,6500549,2.4475083823987767,1.810204541369944,3.3091825509281296,6.024621494606746e-09,-1.7924005285870601,0.3170037142413477,1.1252075197660535e-07,120,4.856973699019593e-07,2.4192498936548305e-08,True,0.007942214808321286,0.003935246376682956,True,0.45164015344356556,0.43043318317535806,0.000865299973441099,-0.04166666666666674,9.21677225439315e-05,-0.041666666666666664,6.024621494606746e-09,1.810204541369944,3.3091825509281296,0,2.5768671750835237,1.4092590973095537e-08,1.857998557821366,3.573869532928537,0,,0,1
S2_N120,6500550,1.9375749087756775,1.4784122123351928,2.53934355776676,1.6419163195124538e-06,-1.3377874417572673,0.3056974073383032,2.6392856252973704e-05,120,0.0015388205370271701,0.0006681340472831677,True,0.06636750569623948,0.13730446845143243,True,0.80297023084018,0.7775415384339713,0.0008200052563180536,0.025000000000000022,0.00025108308040302515,0.025,1.6419163195124538e-06,1.4784122123351928,2.53934355776676,0,2.2572622308012735,3.8487458982761207e-07,1.6484031162406276,3.0910113724015544,0,,0,1
S2_N120,6500551,2.4661413360620097,1.8146485874507923,3.3515321542103456,8.05871770154931e-09,-1.747222518202807,0.3099038746512827,1.211853094571868e-07,120,3.6600323169037844e-05,2.9173438903439176e-06,True,0.0029505797822485936,0.005199503523095302,True,0.00745076875727332,0.018795965406055232,0.03452233105927087,0.12500000000000006,0.04371818134277449,0.125,8.05871770154931e-09,1.8146485874507923,3.3515321542103456,0,2.599546078001184,1.3723518883137492e-09,1.908445128658871,3.540913862375577,0,,0,1
S2_N120,6500552,2.7373643321535357,1.9489198038935924,3.8447777440489723,6.258249861636346e-09,-2.1455433662646226,0.27338893872266434,2.221218347435857e-12,120,1.050267727281077e-05,2.4527598399268685e-06,True,0.0002975482471743825,0.00023296982207088803,True,0.8337437432768255,0.9433417113426525,0.05706706901393047,-0.14166666666666672,0.05371108093685279,-0.14166666666666666,6.258249861636346e-09,1.9489198038935924,3.8447777440489723,0,2.786612793244132,8.89676899711817e-09,1.9650795686609894,3.9516012396195745,0,,0,1
S2_N120,6500553,2.229134959098906,1.61952944638141,3.0682014933284747,8.751515104821187e-07,-1.321945885078876,0.30423173558512195,2.9810083845169547e-05,120,3.13311678886108e-05,9.556951642962008e-06,True,0.02421319093810481,0.01784425005049942,True,0.34088517077957614,0.3747305121646416,0.001040322439388954,0.033333333333333326,0.0006197208657286441,0.03333333333333333,8.751515104821187e-07,1.61952944638141,3.0682014933284747,0,2.54406031507677,3.7422932779134607e-07,1.774666820478795,3.6470185907923494,0,,0,1
S2_N120,6500554,3.1359387911214003,2.3198700744502516,4.239078821683743,1.0706250255911888e-13,-1.2581598052427934,0.30711729785525954,7.755698393353468e-05,120,0.0017180881034404637,0.001410420520094953,True,0.00010518800830518244,0.00033984235424278585,True,0.8514931338671473,0.9831745004504399,0.005774631029003359,0.09166666666666667,0.006853355745721505,0.09166666666666666,1.0706250255911888e-13,2.3198700744502516,4.239078821683743,0,3.0950805136091386,9.014264980347827e-12,2.237122392897273,4.2820738892683785,0,,0,1
S2_N120,6500555,2.5965612207406172,1.9181546947887769,3.514904293887742,6.584095627246249e-10,-0.883417308362645,0.31092257546265584,0.005302034730795749,120,1.2355870676977333e-05,1.6957059344980787e-06,True,0.015701837828830334,0.038379444781131984,True,0.30266400408555194,0.2640060874457608,0.00013548082544912601,-0.008333333333333304,4.642913982741851e-05,-0.008333333333333333,6.584095627246249e-10,1.9181546947887769,3.514904293887742,0,2.658083726336057,2.0018539450128595e-09,1.9311881385063003,3.6585814480392367,0,,0,1
S2_N120,6500556,3.500456193531659,2.4792261062710153,4.942346134481491,1.0882918803913488e-12,-1.5892990075424236,0.2868870088034955,1.8926253360926965e-07,120,0.001020952117600598,0.0029558403304024263,True,0.006328094787822529,0.004784515371609148,True,0.48463639856456386,0.3716950505153367,0.0032168833436830636,0.05833333333333335,0.002340590402455414,0.058333333333333334,1.0882918803913488e-12,2.4792261062710153,4.942346134481491,0,3.8601649036838075,2.4103243686977635e-13,2.6891874121105497,5.5410318434956505,0,,0,1
S2_N120,6500557,2.9650500000576074,2.186191796223463,4.021386192203507,2.7366203475596002e-12,-1.7555570587837395,0.295726942179178,3.04827364438027e-08,120,8.085732138798922e-05,8.338687442601608e-06,True,0.03781376408344768,0.039010502819756515,True,0.2804354440002822,0.3631020129242619,0.00036102942383478656,0.016666666666666607,0.0008889217789391185,0.016666666666666666,2.7366203475596002e-12,2.186191796223463,4.021386192203507,0,3.2361799731568994,6.293918487989599e-13,2.3500461921438918,4.456448921588067,0,,0,1
S2_N120,6500558,3.097272275386714,2.324450660241666,4.12703771775557,1.1681373033220355e-14,-0.9624382394504221,0.27752073495737356,0.0007345574683982383,120,0.00850284860394175,0.019541849719638148,True,0.6309929049030627,0.7762135524819,True,0.24876041882143884,0.5340252245603736,0.00019291206449444066,0.008333333333333415,0.0005012624543219643,0.008333333333333333,1.1681373033220355e-14,2.324450660241666,4.12703771775557,0,3.153387587853671,1.2622980779420638e-12,2.296454078372027,4.330090191169364,0,,0,1
S2_N120,6500559,2.3284462759786533,1.6901135016378002,3.2078686164361216,2.3383072048325452e-07,-1.6049175387389931,0.3021588008759875,5.25290463675026e-07,120,0.0024371488704255416,0.0005998470345432193,True,0.0059484775799632334,0.007983653511940357,True,0.951789213289258,0.9453143301035482,0.00048168208384567047,0.02499999999999991,0.0006506068590612338,0.025,2.3383072048325452e-07,1.6901135016378002,3.2078686164361216,0,2.4848322167329635,2.0889145375930033e-07,1.7621869017474532,3.503823084368228,0,,0,1
S2_N120,6500560,2.7476340907242984,2.0259926542560334,3.7263180992542146,7.928980795324341e-11,-1.422162301495042,0.3062117531946952,8.996094493687994e-06,120,2.9552214410642327e-07,3.711905274882498e-08,True,9.207639658040647e-05,1.7263792010070975e-05,True,0.06023578970177583,0.09622793727460417,0.028588461929767134,-0.1166666666666667,0.014869463112319622,-0.11666666666666667,7.928980795324341e-11,2.0259926542560334,3.7263180992542146,0,3.0604925080182115,2.414371454929155e-10,2.164867783366241,4.32664500973407,0,,0,1
S2_N120,6500561,3.4335000765215606,,,,-1.4140368722186896,0.3188190633241171,2.0896062147751305e-05,120,2.2221939061720733e-06,1.9209301056084874e-07,True,0.05464018978771162,0.14092526936407732,True,0.5893710550546654,0.6637527313159863,0.00030437237847234414,-0.008333333333333304,0.00025141462374122007,-0.008333333333333333,1.3912136077923628e-10,2.4258381014661965,4.85973188744469,1,3.733788746098512,2.123961337715821e-10,2.5649398015572893,5.435284832816577,1,0.0,0,1
S2_N120,6500562,3.246840792005477,2.3481926532746145,4.489399587350595,1.0535912639381216e-12,-1.5209984724221584,0.31790613860465733,5.048916328931414e-06,120,0.0001725371406258453,8.659510585932687e-05,True,0.04293666806311091,0.07599951595458967,True,0.6756572958054157,0.6619554214658804,0.0008910290149182948,-0.04166666666666663,0.0017716078385045465,-0.041666666666666664,1.0535912639381216e-12,2.3481926532746145,4.489399587350595,0,3.3471805993975288,7.629152015332958e-13,2.4055145288826463,4.657472582461285,0,,0,1
S2_N120,6500563,2.308498896108163,1.697145375153768,3.14007699714573,9.834061687400383e-08,-1.2329311933978215,0.29752617482836535,6.484346098410061e-05,120,7.499427528360946e-05,1.6242934791734753e-05,True,0.2268814343636527,0.15971558653857065,True,0.4963809291815361,0.7416335218979137,0.001040322439388954,-0.033333333333333326,0.0008686774467690571,-0.03333333333333333,9.834061687400383e-08,1.697145375153768,3.14007699714573,0,2.3261887563755295,1.8445045506741455e-07,1.6936793456979655,3.1949106210880753,0,,0,1
S2_N120,6500564,2.8241942159196403,2.079118528128671,3.836276220583194,3.055417207318809e-11,-1.2499999999999987,0.27997198233948795,1.858137015786587e-05,120,0.000157672277406594,9.053959987969057e-05,True,0.48401243718258957,0.49273503491341686,True,0.6007444229404686,0.7695513046412356,0.0006629414855881831,-0.04166666666666663,0.0005732064353462777,-0.041666666666666664,3.055417207318809e-11,2.079118528128671,3.836276220583194,0,2.9544545138536535,3.5721851581236626e-11,2.143885874359906,4.071486070608288,0,,0,1
S2_N120,6500565,1.9797479338881279,1.4733845981153262,2.660134961874719,5.86063628376371e-06,-1.5877298442853496,0.3337782330616443,5.661943911846481e-06,120,5.503833322032017e-05,4.925266029671362e-06,True,0.2066686696152824,0.16510110906409925,True,0.7879542217204654,0.6562040661853402,0.0002775269868809484,0.016666666666666607,0.00011304254359135538,0.016666666666666666,5.86063628376371e-06,1.4733845981153262,2.660134961874719,0,2.0612726202015335,5.7602665950088945e-06,1.507893098898191,2.817736096741276,0,,0,1
S2_N120,6500566,2.561286311317868,1.80944643170964,3.625521846671058,1.1278376469380374e-07,-1.5279438039489877,0.2975215064708077,1.1349470670275926e-06,120,2.8949218310031314e-05,8.115260519566577e-05,True,0.049140493233373495,0.03066492583967057,True,0.5948840243912858,0.7239383858786326,0.00040194286732293485,0.025000000000000022,0.00011979053662994899,0.025,1.1278376469380374e-07,1.80944643170964,3.625521846671058,0,2.7430334149045628,4.180574105816565e-07,1.8556793621453718,4.054704960766572,0,,0,1
S2_N120,6500567,2.7280284770946546,2.041332225121453,3.6457266878234846,1.1751402005917054e-11,-1.0111198463594606,0.31856891873235443,0.0019218770120797515,120,6.76314148488911e-05,6.156281275204068e-05,True,0.30457611687422725,0.41809787969467693,True,0.4416366568399033,0.5166845729546286,0.01613413626401457,0.09166666666666667,0.008565792796947715,0.09166666666666666,1.1751402005917054e-11,2.041332225121453,3.6457266878234846,0,2.860495162914757,9.327524842771029e-12,2.1144621499652163,3.8697465344524264,0,,0,1
S2_N120,6500568,2.043113050927781,1.5074484851747751,2.7691234426411935,4.1138575400403995e-06,-1.5912576915334065,0.3347656485295424,5.744520916221577e-06,120,0.003878321310336054,0.000734872017189345,True,0.013130262425817925,0.0033908974164082112,True,0.8500453123975252,0.8596328668670141,0.017585172994408226,-0.10833333333333328,0.014128656149068688,-0.10833333333333334,4.1138575400403995e-06,1.5074484851747751,2.7691234426411935,0,2.109899921168056,4.78499070638128e-06,1.5321994650536308,2.9054165458732544,0,,0,1
S2_N120,6500569,2.6060668333520867,1.9936675393587564,3.4065781810753757,2.4091346375959563e-12,-1.7286985250737468,0.32119278994383155,3.8401716163275674e-07,120,6.967043725740674e-05,5.438401875392663e-05,True,0.0023953616003007995,0.004969969166802773,True,0.3745600444612911,0.4334258022444145,0.009140473980326627,0.09166666666666667,0.005313713805652692,0.09166666666666666,2.4091346375959563e-12,1.9936675393587564,3.4065781810753757,0,2.7275612977143724,2.8300341124812977e-11,2.029726586510465,3.6653166402966435,0,,0,1
S2_N120,6500570,2.885785244872704,2.1304033603102006,3.9090045738157473,7.682104705322152e-12,-1.9166666666666692,0.3169750081041676,1.814001843984635e-08,120,1.278664930278337e-05,2.3058468830839353e-07,True,0.41156571641377526,0.2836421375297421,True,0.26283393823268,0.41636031741037416,0.0004032170344779495,0.0,0.0005077108980350098,0.0,7.682104705322152e-12,2.1304033603102006,3.9090045738157473,0,3.082692376176319,2.6844229218992364e-11,2.2136374569854356,4.292930739922027,0,,0,1
S2_N120,6500571,2.8513054543168623,2.1273179773263906,3.8216866874010003,2.367446347137835e-12,-1.4727765206061827,0.3481343380823048,4.6558793178537625e-05,120,8.379526981025122e-06,1.5837473984807886e-05,True,0.036178334758578595,0.027440943907203256,True,0.3701981848442165,0.37001267690181094,0.008281227555857326,0.07500000000000007,0.008417923235459496,0.075,2.367446347137835e-12,2.1273179773263906,3.8216866874010003,0,2.988260392361437,1.2008227669134557e-11,2.177642811790229,4.10062666118098,0,,0,1
S2_N120,6500572,3.345607994394879,2.3868001781291976,4.689581036034698,2.3980132696615775e-12,-1.3234635780072592,0.29348749680624553,1.553836814474677e-05,120,7.758694346211598e-05,6.860301011804439e-05,True,0.0032542290708727894,0.0026431535005092825,True,0.618872662814091,0.7000261800186552,0.0009785877774256822,-0.033333333333333326,0.0002735622756239425,-0.03333333333333333,2.3980132696615775e-12,2.3868001781291976,4.689581036034698,0,3.4788930968400056,2.1282431050745236e-12,2.4569557538213362,4.9258913842536876,0,,0,1
S2_N120,6500573,2.8128338443414527,1.9078353130943175,4.147126422060083,1.777946889911135e-07,-1.7128104635259234,0.3001847763525912,8.880917903684138e-08,120,7.819712897303216e-06,6.493212511899435e-06,True,0.0006373349958780823,0.0018015425264246256,True,0.9431085350761741,0.9537596552633552,0.0039347943933624105,-0.07499999999999996,0.0012743853841734921,-0.075,1.777946889911135e-07,1.9078353130943175,4.147126422060083,0,2.8626311309205894,3.31781764549283e-07,1.9115249520518227,4.286973592952361,0,,0,1
S2_N120,6500574,1.9680121163015722,1.457055191983398,2.6581502960348558,1.0137618131923113e-05,-1.162337896717971,0.3176876927480208,0.0003814634692266533,120,0.0009894096728957685,0.0001499852291715744,True,0.0212117175441599,0.015156298547759161,True,0.3651295210401483,0.21615059089856814,0.0007365024325590601,0.033333333333333326,0.0008686774467690571,0.03333333333333333,1.0137618131923113e-05,1.457055191983398,2.6581502960348558,0,2.0428632857393354,2.793083860968718e-06,1.5151802130490848,2.7543194982882993,0,,0,1
S2_N120,6500575,3.0510423619256293,,,,-1.3218423829441026,0.27077905319145584,3.3610003072430227e-06,120,0.00011869893500577649,6.641591407440125e-06,True,0.0002984645032512448,0.00035222576452578134,True,0.6601147987783174,0.6443649554086293,0.0028471367218103703,-0.050000000000000044,0.0017762334022427362,-0.05,2.4794797553256966e-09,2.166623927152286,4.296481441751579,1,3.2974341247672183,2.1272111617885956e-09,2.2904941700172627,4.7470419045412395,1,0.0,0,1
S2_N120,6500576,3.071732024396817,2.305585800423399,4.092468659362935,1.7683885675537185e-14,-1.0000000000000009,0.32947226249075373,0.0029633233264562786,120,0.00037322184240606973,0.0002474049771888748,True,0.0001060480708949318,0.00017061638561243584,True,0.6303906391589293,0.6186422235701352,0.0011352697213867192,0.04166666666666663,0.001548980731183716,0.041666666666666664,1.7683885675537185e-14,2.305585800423399,4.092468659362935,0,3.3258623169610764,1.0993770421893658e-14,2.4520310920926196,4.511101097801203,0,,0,1
S2_N120,6500577,1.7724546768449045,1.3383943909143468,2.3472868705936083,6.504399604762698e-05,-1.2886951086737342,0.29193648291585006,2.2704743233806285e-05,120,0.00023404102184466878,0.0002775800902319585,True,0.0011227548736807873,0.002991256948242391,True,0.1771189896431966,0.13149026411413903,0.0012670775282648823,-0.033333333333333326,0.0015371491094189119,-0.03333333333333333,6.504399604762698e-05,1.3383943909143468,2.3472868705936083,0,1.8132110632446827,7.544974684371915e-05,1.3504562097405852,2.4345360746680322,0,,0,1
S2_N120,6500578,2.0069367675154277,1.4801397282729272,2.721226321993958,7.31750104925408e-06,-1.7957208731619465,0.27119284820428763,1.1321959659094373e-09,120,0.0002275161891098835,0.00018248737450886842,True,0.026320612542574673,0.061143919363953886,True,0.5057227836948186,0.6869000239882064,0.0001658728805800367,-0.01666666666666672,0.0002284137963262237,-0.016666666666666666,7.31750104925408e-06,1.4801397282729272,2.721226321993958,0,2.1069772861631026,2.355607399880644e-06,1.5462089138743607,2.871121259599697,0,,0,1
S2_N120,6500579,3.0629104175552797,2.24059491412766,4.187022012241408,2.2547981796899713e-12,-1.4804556099638058,0.29709157361052096,2.185850314802878e-06,120,7.5838205233208e-05,1.303237248821061e-06,True,4.2536493096162915e-05,6.053425494325972e-05,True,0.9832495929905413,0.8786269183906007,0.00011582234464519063,0.0,9.709152342295577e-05,0.0,2.2547981796899713e-12,2.24059491412766,4.187022012241408,0,3.057547516421744,6.103681714463788e-12,2.2235387291706985,4.204377775179779,0,,0,1
S2_N120,6500580,2.2471320855048877,1.7245711204644136,2.928033845508051,2.027331838059404e-09,-1.800000000000003,0.31879425210313134,1.16666124714145e-07,120,0.0032351099464334957,0.011868518776457932,True,0.0012470351458838277,0.0011417989642697388,True,0.0507454758930153,0.053977837192253963,0.0008664969014618691,0.04166666666666674,0.0002948962829046707,0.041666666666666664,2.027331838059404e-09,1.7245711204644136,2.928033845508051,0,2.506348627538736,1.8458494031383673e-09,1.8574837024242197,3.3818780937711006,0,,0,1
S2_N120,6500581,3.3343618765562857,2.3777813441833757,4.675774394070834,2.932230661484183e-12,-1.4040509956378129,0.28195596010530094,2.218517580735819e-06,120,0.03163752906879826,0.012784790153629327,True,5.7507159632872523e-05,3.142160765757604e-05,True,0.9130749024021964,0.9978951614322267,0.0038274014833373387,-0.06666666666666665,0.003949585755734296,-0.06666666666666667,2.932230661484183e-12,2.3777813441833757,4.675774394070834,0,3.476339090014929,1.1780688307448934e-11,2.425273610664416,4.982915501008192,0,,0,1
S2_N120,6500582,2.822531138094243,2.0514530183307182,3.8834338170679277,1.8463938587208998e-10,-1.5348086400105356,0.32631909969357703,7.0613177576739905e-06,120,2.2060587536329734e-05,2.394197742093166e-05,True,0.005044964653017632,0.019215589556363585,True,0.32933546642186795,0.2523397350754075,0.002271951440526968,-0.050000000000000044,0.002950491479639085,-0.05,1.8463938587208998e-10,2.0514530183307182,3.8834338170679277,0,3.1466235094624238,1.1594714969899657e-11,2.259630492399788,4.381795848305375,0,,0,1
S2_N120,6500583,2.8993120094986256,2.025278397626099,4.1505454945235885,6.052926896300644e-09,-2.0721813031161487,0.31600569099509795,1.5513752261351102e-09,120,6.097409367390226e-06,6.07947012637194e-06,True,0.05610188335517609,0.07256526263997547,True,0.46282149349305124,0.3577023135194375,0.0077309720439421225,0.08333333333333326,0.007380205235119052,0.08333333333333333,6.052926896300644e-09,2.025278397626099,4.1505454945235885,0,3.08490947366705,7.0973822183981686e-09,2.106637360509489,4.517467808706818,0,,0,1
S2_N120,6500584,3.16954105322901,2.408091299138754,4.1717647880281685,1.8848804317282298e-16,-1.4883391533972967,0.3249132022020798,1.1655915895421511e-05,120,3.633304721357183e-06,3.842367568470077e-07,True,0.036786695041449026,0.07664123813501444,True,0.9403840584696465,0.7655272436638564,0.03388419034393002,0.125,0.027012813051767143,0.125,1.8848804317282298e-16,2.408091299138754,4.1717647880281685,0,3.3660779314143925,1.9160252840734296e-14,2.4670670168113036,4.592692684530191,0,,0,1
S2_N120,6500585,2.146520811502671,1.6573902150577655,2.7800041006357077,7.07154183310298e-09,-1.6766015013497326,0.2825458914907389,3.08422347438772e-08,120,1.2727565262144727e-06,6.16417863410689e-07,True,0.0010488794288660305,0.0006364080641427053,True,0.6681538818586038,0.38042112966913333,0.020583980178770937,-0.1166666666666667,0.016440896534640058,-0.11666666666666667,7.07154183310298e-09,1.6573902150577655,2.7800041006357077,0,2.1636602382725703,1.568426322182322e-08,1.6557453296502567,2.8273826553208963,0,,0,1
S2_N120,6500586,2.782596387590346,2.0348888750868133,3.8050444675513364,1.4603744084033533e-10,-1.3041812175554497,0.29424715117109934,2.114382490011665e-05,120,0.0006515742356388974,0.00019244155501234645,True,2.690041724464598e-05,3.750896158837612e-05,True,0.23953956882343208,0.317824683612563,0.0014950549069111495,-0.05833333333333324,0.0012546330021904687,-0.058333333333333334,1.4603744084033533e-10,2.0348888750868133,3.8050444675513364,0,2.7708463972596533,4.2543966734023947e-10,2.0122742971296446,3.815379328831211,0,,0,1
S2_N120,6500587,2.3943749936517102,,,,-1.8322843546530598,0.29889489942940656,1.2213157979936338e-08,120,1.30047025858748e-06,1.4671115819142295e-07,True,0.08956140901907393,0.41489384380574257,True,0.7122111374833202,0.5545649132654429,0.008481340436238527,-0.07499999999999996,0.007014867829833814,-0.075,3.489129304576874e-08,1.7862544538790583,3.209526838561374,1,2.738858009755016,8.417331300846111e-06,1.7845193496520302,4.2035650658884265,1,0.0,0,1
S2_N120,6500588,3.0790754599407073,2.2881760142272665,4.143346328717977,1.1294987646738082e-13,-0.6594393386210082,0.3032423418037488,0.0316707195364745,120,4.129341397554192e-06,4.5658905118717526e-07,True,0.5600156985988037,0.6910997204219975,True,0.030224207703263433,0.0483169986403175,0.001196050734163954,-0.04166666666666663,0.0006949394686485515,-0.041666666666666664,1.1294987646738082e-13,2.2881760142272665,4.143346328717977,0,3.5205455853339185,4.771898094601409e-14,2.537964337178299,4.883536398385337,0,,0,1
S2_N120,6500589,2.8292593391572023,2.056752017372031,3.891917129823015,1.635059415270469e-10,-1.058480275081727,0.30033775691106424,0.0006068913806540386,120,1.85361751981442e-05,3.7202011636434474e-06,True,0.009294998378650799,0.009564003368405712,True,0.5766783375727158,0.4285251789981803,0.00031443980321501323,0.016666666666666607,6.477205133248433e-05,0.016666666666666666,1.635059415270469e-10,2.056752017372031,3.891917129823015,0,2.9546186083529573,2.019742719359888e-10,2.115938158449416,4.125721295759817,0,,0,1
S2_N120,6500590,3.111545587095726,2.2443105188193697,4.313893224395704,9.796909192066639e-12,-1.752333395557216,0.26886043818501687,1.8848621793638582e-09,120,0.0005498247737113814,0.00012460083229253239,True,0.08511807060614919,0.04959382075469392,True,0.8315694179680531,0.8228751589627117,0.017163083447510937,0.09999999999999998,0.016984928028435545,0.1,9.796909192066639e-12,2.2443105188193697,4.313893224395704,0,3.2864527987529,4.491558733423389e-12,2.3463366155078775,4.603249136140204,0,,0,1
S2_N120,6500591,2.942469920980393,,,,-1.1176429524209994,0.2850720553226697,0.00014932177740077998,120,0.002564038879175333,0.0007803174230108429,True,0.024056722788047945,0.02128257140977346,True,0.9531195265327268,0.9894896804483613,0.00010309384016320738,0.008333333333333304,0.0001671363784633099,0.008333333333333333,1.579573191776525e-11,2.2092196955993555,3.9190892843843814,1,3.2573797187754234,2.2016902628485014e-12,2.4168184342173022,4.390285377695625,1,0.0,0,1
S2_N120,6500592,2.443466101943614,1.8785192351486728,3.1783153877979804,2.7434145577816552e-11,-1.4786014707611135,0.3234139322255119,1.208243158865029e-05,120,0.00012160997078270935,1.2789709425115677e-05,True,0.1052251158175252,0.13515593481471389,True,0.2819999900507685,0.23172374668309426,0.0056043180652284525,0.07499999999999996,0.003064606882139302,0.075,2.7434145577816552e-11,1.8785192351486728,3.1783153877979804,0,2.7866703867032254,4.298412685791707e-12,2.08521434657325,3.724092852559852,0,,0,1
S2_N120,6500593,2.4251596093139165,1.8235173180218451,3.2253047846168967,1.131967378102329e-09,-1.3906289527800428,0.31578151077655314,2.36707070995994e-05,120,0.0001727895454746967,0.00020110612159118053,True,0.006109346507455187,0.013900984329576167,True,0.8415978602128615,0.8391954013550675,0.0001929803459292404,0.008333333333333415,0.00013365482655809303,0.008333333333333333,1.131967378102329e-09,1.8235173180218451,3.2253047846168967,0,2.6608624174372313,6.589544059001612e-10,1.950441840123914,3.6300435413547603,0,,0,1
S2_N120,6500594,2.6562398631148625,1.8810448045120824,3.7508996029632544,2.880739564596686e-08,-1.1017822081256643,0.30981671787157794,0.0005440953196362785,120,1.183881573234972e-06,1.1678783945646863e-07,True,0.0020158773599417926,0.0007808309706211746,True,0.34950545625712803,0.45580686316167196,0.0005473898848098996,0.025000000000000022,0.00031126272902156846,0.025,2.880739564596686e-08,1.8810448045120824,3.7508996029632544,0,2.878171434512984,1.1317675046861e-08,2.0022394329408164,4.137302797138242,0,,0,1
S2_N120,6500595,3.2977637634881196,2.438150864186473,4.460448284607698,9.6356672310083e-15,-2.142844944497463,0.3051180770392363,1.534023619309676e-10,120,1.742742568836007e-05,8.175458184114448e-06,True,0.0019365000847824242,0.0013952587428919573,True,0.3724115733055985,0.4765242690578765,0.000694942632659255,-0.025000000000000022,0.0004601001763112121,-0.025,9.6356672310083e-15,2.438150864186473,4.460448284607698,0,3.410657137678015,1.2482913634991622e-13,2.4656450475910083,4.7178656644675145,0,,0,1
S2_N120,6500596,3.1211592905550254,2.3227731076916935,4.19396766940311,4.3247003991300923e-14,-1.043576453361909,0.3387770302913829,0.0025768977912572094,120,0.00041326702333216377,0.00011650533481777886,True,0.0007428749194275429,0.0014652704529596345,True,0.3225114890112043,0.3690485527732943,5.664311330472899e-05,0.0,1.7134129626377905e-05,0.0,4.3247003991300923e-14,2.3227731076916935,4.19396766940311,0,3.6392639728518725,6.26661958136824e-16,2.660702254310648,4.977724299154622,0,,0,1
S2_N120,6500597,2.573355277171696,1.9053746913882383,3.475514507712168,7.078103644655327e-10,-1.7222608286744348,0.2942470411468381,4.496761195415712e-08,120,2.936941598740452e-05,8.896189081193515e-06,True,0.0014777182328627794,0.000832598386178523,True,0.06968519507135748,0.04409251853160091,0.010224869718544739,-0.08333333333333331,0.006638047344862753,-0.08333333333333333,7.078103644655327e-10,1.9053746913882383,3.475514507712168,0,2.545878016188888,6.231162178831924e-09,1.8575530745145667,3.489264970266152,0,,0,1
S2_N120,6500598,2.6038461600168263,1.9104264650392055,3.548953570895613,1.385846734096108e-09,-1.2188820748142521,0.30835612574923155,0.00013261860118549606,120,2.2734307579663138e-05,2.2366985426314683e-06,True,0.09017170319310726,0.06833212214932655,True,0.47078765010019363,0.20954709778893243,0.0015005119711075782,0.04166666666666674,0.0017716078385045465,0.041666666666666664,1.385846734096108e-09,1.9104264650392055,3.548953570895613,0,2.8001844725465297,1.715383393222104e-09,2.002897725634639,3.9148444675607053,0,,0,1
S2_N120,6500599,2.432102765987621,1.776679707476051,3.329313572634683,2.8999378360593958e-08,-0.8421095334685597,0.3111465511134639,0.007818016965486148,120,0.25249379278117456,0.10425349564918278,True,0.0010457372562509228,0.0003002771818281268,True,0.04389115754237927,0.16264075167802639,0.02096141017216111,0.10833333333333339,0.019815597704613098,0.10833333333333334,2.8999378360593958e-08,1.776679707476051,3.329313572634683,0,2.5405509552949272,1.009099401911463e-08,1.8467221378058891,3.495057011727011,0,,0,1
S2_N120,6500600,2.2751044775482994,1.7136058307436726,3.0205898526348913,1.3118144964809115e-08,-1.832507462686569,0.3296866217172055,1.7404392846367668e-07,120,6.435391023072692e-05,1.3012414137499866e-05,True,0.3631475970406418,0.43653527027513905,True,0.48608820603703917,0.49502260586277724,0.004329012353723483,0.06666666666666665,0.009194537303869148,0.06666666666666667,1.3118144964809115e-08,1.7136058307436726,3.0205898526348913,0,2.3223537573404456,4.619337690798882e-08,1.7167261650869579,3.141634981697909,0,,0,1
S2_N120,6500601,2.6929815829978696,2.01864885568207,3.5925761857751746,1.6209851374197648e-11,-0.9332062983890077,0.2967448242151804,0.0021071299567886966,120,8.50697147563842e-05,5.413882929185991e-05,True,0.0020431498404646503,0.001603221134482539,True,0.2121143810338031,0.3007706542620422,0.0014146691501984768,0.05833333333333335,0.0012546330021904687,0.058333333333333334,1.6209851374197648e-11,2.01864885568207,3.5925761857751746,0,3.0051349352013936,7.731785709744427e-12,2.192822033616565,4.118362475532755,0,,0,1
S2_N120,6500602,2.296824776860287,,,,-1.1566097797626187,0.3291114588397948,0.0006278296336450942,120,9.919819296814954e-06,5.622316151618434e-07,True,0.4262701537195791,0.3372115084413214,True,0.7962061909612429,0.8225073384530079,0.007537287100904108,-0.08333333333333337,0.0046316152083550576,-0.08333333333333333,8.755201524618737e-07,1.6726710995006375,3.1538800767073916,1,2.255680136862418,3.16240665153433e-06,1.623041331340389,3.1349126985162195,1,0.0,0,1
S2_N120,6500603,2.5129346188181723,1.8281687388062158,3.4541890277471805,1.3720206770223468e-08,-1.9645776808881195,0.27835255487485155,1.28677004858936e-10,120,6.92588173048249e-05,1.2658834793741955e-05,True,0.03975858761145505,0.06761545958680974,True,0.4687788244151101,0.48295123136168083,0.0002255634469878839,0.0,0.00018502388844737346,0.0,1.3720206770223468e-08,1.8281687388062158,3.4541890277471805,0,2.640910264365913,6.812749326340616e-08,1.855936805247513,3.757890357426858,0,,0,1
S2_N120,6500604,3.475083668581666,2.5941836329253505,4.65510858613551,6.772590981245264e-17,-1.3373890456906765,0.28772003864532364,8.855428822958538e-06,120,0.0012532291977114976,0.0011853292816077139,True,0.18182103290032403,0.09120531328203822,True,0.5394570520974777,0.33468879151095465,0.0009412866265370235,0.04166666666666663,0.000832355989038957,0.041666666666666664,6.772590981245264e-17,2.5941836329253505,4.65510858613551,0,3.575700182954139,6.403741298538244e-17,2.652100510123906,4.8209454164996615,0,,0,1
S2_N120,6500605,2.943893886985026,2.1717623683749347,3.9905430465270917,3.479252670706039e-12,-0.8038811833003094,0.2813540456076635,0.005060055996453858,120,3.681713437218853e-07,3.660318473479923e-08,True,0.1603560673954355,0.11758716409033373,True,0.5736594790682166,0.3797744302002172,0.0036176555464451712,0.05833333333333324,0.0014890732218832655,0.058333333333333334,3.479252670706039e-12,2.1717623683749347,3.9905430465270917,0,3.2864446180299156,1.4545678848298896e-11,2.326695550376017,4.642084876825546,0,,0,1
S2_N120,6500606,2.912688633658471,,,,-1.513837642464007,0.29273885956772056,9.717730001582643e-07,120,8.861891904570704e-08,9.710348651896239e-08,True,0.0041593352843884305,0.0019082746509090625,True,0.3760771913949521,0.14370037606554875,0.0015168932587799465,-0.033333333333333326,0.0019609475213124916,-0.03333333333333333,2.089342221729328e-09,2.101756595205663,4.0365069370999604,1,3.3316898427072834,9.634039556975593e-09,2.264567257623572,4.901668153432255,1,0.0,0,1
S2_N120,6500607,2.3515547748136023,1.7001551537570387,3.252532480184977,2.3801503244099213e-07,-1.9001505162333614,0.24688700541589279,4.8887548880006e-12,120,3.548069998039189e-05,2.507357231560937e-05,True,0.1169634650106488,0.08263865354794145,True,0.06594126604682739,0.17688171290698107,0.0002822838221967572,-0.008333333333333304,0.000582893378007031,-0.008333333333333333,2.3801503244099213e-07,1.7001551537570387,3.252532480184977,0,2.3845092129017607,1.3409032673115483e-06,1.6763636934039767,3.3917963081554086,0,,0,1
S2_N120,6500608,2.001917145598038,1.508546931606894,2.656644068454967,1.5256265845245346e-06,-0.9761760764041413,0.3126589645846615,0.002262371713747508,120,8.740646929556994e-06,4.1970313098597457e-05,True,0.00017243712906184476,0.0002115629791436113,True,0.9367011078364079,0.8579374706622395,0.00021202780772137505,0.016666666666666607,0.0003406102754660932,0.016666666666666666,1.5256265845245346e-06,1.508546931606894,2.656644068454967,0,2.1605667742339687,1.4531980045318923e-06,1.5792583881538345,2.9558486571540477,0,,0,1
S2_N120,6500609,2.6603750087626565,1.9778264107880748,3.5784713707148863,9.886357915133631e-11,-1.295097289489336,0.31055883658042066,5.8667011942735354e-05,120,2.5134835569878596e-06,1.0198306170964465e-06,True,0.04204342222086272,0.030003046902718586,True,0.6065857500928991,0.5962041003266385,0.0008532988294543847,-0.04166666666666663,0.0005732064353462777,-0.041666666666666664,9.886357915133631e-11,1.9778264107880748,3.5784713707148863,0,2.816241708755372,2.947574661821838e-10,2.040838950368049,3.886253425682142,0,,0,1
S2_N120,6500610,2.9490367795152426,2.198070075427399,3.9565699129235457,5.505266626835834e-13,-1.4244272559852704,0.27973579720965686,1.3701667528779102e-06,120,0.013577490230241131,0.03169326887071442,True,0.002225217397638145,0.0017895222474265825,True,0.6929420577665545,0.824687526761468,0.0002281823118728293,-0.008333333333333304,0.0003031028190453968,-0.008333333333333333,5.505266626835834e-13,2.198070075427399,3.9565699129235457,0,3.1768316492286677,4.148196569749148e-12,2.2911862637343554,4.404818362995847,0,,0,1
S2_N120,6500611,3.1229608292520683,2.374736252390015,4.106933698943253,3.6695513668883764e-16,-1.1413480184505347,0.3102732214970136,0.00035591458040990745,120,1.0901829577618901e-06,1.0722788074178233e-07,True,0.0050511061145673075,0.0028171589041426134,True,0.47801311586595374,0.5601238656505932,0.001159809528014781,0.04166666666666663,0.001548980731183713,0.041666666666666664,3.6695513668883764e-16,2.374736252390015,4.106933698943253,0,3.2513484024757124,6.5863785293813475e-15,2.41693150902978,4.373837816581303,0,,0,1
S2_N120,6500612,3.0485402051513315,2.30180392930047,4.037527812044571,7.510989401621399e-15,-1.8489886112527598,0.2897935402058771,3.67562756589912e-09,120,1.2531797300930987e-05,6.0019188429594355e-06,True,0.00026936580144018503,0.0003529975953393328,True,0.9397919830623784,0.8764244521126306,0.0001302255566289057,-0.008333333333333304,0.00020623800138594417,-0.008333333333333333,7.510989401621399e-15,2.30180392930047,4.037527812044571,0,3.2155522131177583,1.5150773762464487e-14,2.387302190677363,4.331155090320906,0,,0,1
S2_N120,6500613,2.226699776102282,1.6136167450652148,3.0727196579095772,1.1047329287578065e-06,-1.470851540927708,0.31104581909173845,6.360657918898676e-06,120,5.800206945250713e-06,9.011900733210396e-07,True,0.00043905343791754046,0.004954948997789388,True,0.4933934461269588,0.680674387390928,0.00023725423841040465,-0.008333333333333415,4.642913982741851e-05,-0.008333333333333333,1.1047329287578065e-06,1.6136167450652148,3.0727196579095772,0,2.2900819240674983,2.4881947597878125e-06,1.622101628668401,3.2331360293657654,0,,0,1
S2_N120,6500614,2.3852927888300206,1.7967375232732086,3.1666404328660214,1.8188337230968824e-09,-1.049999999999999,0.30776552037463717,0.0008871398563676407,120,1.5272831587440814e-05,0.00010660439103032367,True,0.0014149915411936493,0.001175240326419026,True,0.39840016802855194,0.3714563171026737,0.0034136756693726373,0.06666666666666665,0.0019835463690061838,0.06666666666666667,1.8188337230968824e-09,1.7967375232732086,3.1666404328660214,0,2.5715113696608207,4.9140368925933474e-09,1.8739657944124997,3.5287040692052676,0,,0,1
S2_N120,6500615,2.9972842003410225,2.2137724786166872,4.058101121226128,1.2444525082057103e-12,-1.3897881034766857,0.3250469501397442,3.909752032264038e-05,120,1.1333780591760574e-06,5.29226218547317e-07,True,0.40179601150730426,0.5350192315726263,True,0.8797635072492774,0.9097468756921192,0.0010002115802079685,-0.033333333333333326,0.0013479227965063508,-0.03333333333333333,1.2444525082057103e-12,2.2137724786166872,4.058101121226128,0,2.9734780302154347,2.6477615702712295e-11,2.1581984744430165,4.096737024362728,0,,0,1
S2_N120,6500616,2.7811302367853714,2.055659218968822,3.7626301687503423,3.2990938334257197e-11,-1.7007995079950762,0.30570403565131055,1.6997750577157956e-07,120,0.0028269947731976892,0.0030836593520703,True,0.007205403775463805,0.0016631461619753042,True,0.12816606503962227,0.2105010847746912,0.0022747448412489164,-0.050000000000000044,0.0017762334022427362,-0.05,3.2990938334257197e-11,2.055659218968822,3.7626301687503423,0,3.1587608336205646,1.0617211476857398e-12,2.301735782952925,4.334889381271503,0,,0,1
S2_N120,6500617,2.712795039600706,1.9526930069827264,3.768773125404703,2.690301928257421e-09,-1.0338669784868553,0.3164759203024488,0.0014275916579212925,120,1.0351738347000849e-05,1.1667950326175836e-06,True,0.29066328874517655,0.32945679046733267,True,0.924676648016877,0.9873940617642606,0.002667938576737014,-0.05833333333333335,0.004253397355042058,-0.058333333333333334,2.690301928257421e-09,1.9526930069827264,3.768773125404703,0,3.1333796782132812,9.754933547271192e-10,2.1726501516912724,4.518936562426865,0,,0,1
S2_N120,6500618,2.7122322957039366,2.0334210271899233,3.617649236186625,1.1288789446172485e-11,-0.5580139539329055,0.2862436667254404,0.05363625097075946,120,5.691517146356353e-05,1.46192628575796e-05,True,0.22102575907848532,0.11380417172870279,True,0.9017343713015011,0.9516981759727481,0.0007137298339451498,0.05833333333333335,0.0008576193100746498,0.058333333333333334,1.1288789446172485e-11,2.0334210271899233,3.617649236186625,0,2.8829777635480855,2.6313099384615665e-11,2.1117084179000107,3.935941493938901,0,,0,1
S2_N120,6500619,2.3230661619030624,1.724884660939879,3.128694059832634,2.8764661243404127e-08,-1.2500000000000016,0.31870031117749564,0.00014843924547793677,120,0.02049494632027236,0.00838084566044148,True,3.572784072478437e-06,6.889850864996584e-08,True,0.24747877944963914,0.22342606242164542,0.0014257338768473475,0.04999999999999993,0.0006333151549355015,0.05,2.8764661243404127e-08,1.724884660939879,3.128694059832634,0,2.3794554867321485,1.4739113854228444e-07,1.7221990475805824,3.2875458973767704,0,,0,1
S2_N120,6500620,2.2823203021811085,1.7629837089286216,2.9546421418230833,3.7450511837761805e-10,-1.1126331122029267,0.2915487030350791,0.00021808771385536745,120,0.00047421664494311054,0.000247991957604008,True,0.04177617641265502,0.025613963015008196,True,0.12393610454957948,0.16480229844915217,0.006426570892752814,0.07499999999999996,0.000804298598126247,0.075,3.7450511837761805e-10,1.7629837089286216,2.9546421418230833,0,2.6245958142733143,8.967760848408627e-11,1.9605494567348352,3.513557469635755,0,,0,1
S2_N120,6500621,3.999750684887436,2.9266132676784484,5.466388647225677,3.3940731399845952e-18,-1.4392198245198,0.31042567384673775,9.298608050583869e-06,120,2.1978648277562415e-05,1.0616109963887291e-05,True,0.07719018742745203,0.05643180777090376,True,0.9218585486275882,0.9475020988742869,0.0026385539813854842,0.05833333333333335,0.002674203999239457,0.058333333333333334,3.3940731399845952e-18,2.9266132676784484,5.466388647225677,0,4.274970246175268,3.9516339857934573e-20,3.135911802825914,5.827769323491516,0,,0,1
S2_N120,6500622,3.185984159149232,2.2958953153713435,4.421148906220087,4.154587377574644e-12,-1.7323562114626492,0.3136767866618814,2.0443188575477274e-07,120,2.6289963753744413e-06,2.2923036174837053e-06,True,0.003912418911813624,0.020612555998788456,True,0.9315352063172413,0.7259695603943914,0.047746381256828015,0.13333333333333336,0.05563213287860397,0.13333333333333333,4.154587377574644e-12,2.2958953153713435,4.421148906220087,0,3.861253325334296,2.022366316793327e-15,2.766276856922994,5.389654764703905,0,,0,1
S2_N120,6500623,2.409620043779269,1.8151556471338526,3.198771832350001,1.1685049546364786e-09,-1.3216687536024498,0.2778106442182817,5.647778809780259e-06,120,0.00010240207098767678,0.000177603754829279,True,0.0911447807906687,0.07157700105234245,True,0.40986751532267285,0.4525124519123329,0.0021255602391202963,-0.06666666666666665,0.003949585755734289,-0.06666666666666667,1.1685049546364786e-09,1.8151556471338526,3.198771832350001,0,2.702662412865411,2.2705756189425864e-11,2.019492722969118,3.6169400537261467,0,,0,1
S2_N120,6500624,2.0483364723369117,1.4900013264388936,2.8158916569110133,1.0061317375822418e-05,-1.6998216011298581,0.2698708398689337,5.453959593774884e-09,120,0.00769111429084511,0.0021114113998285276,True,0.0004760534423692594,0.0004080521497520035,True,0.6857149247830256,0.6964163918877597,0.022015991982828914,-0.10833333333333328,0.02594685660934141,-0.10833333333333334,1.0061317375822418e-05,1.4900013264388936,2.8158916569110133,0,2.180229319714522,1.5762375920363486e-06,1.5860649593391964,2.9969768000695645,0,,0,1
S2_N120,6500625,2.1700556749976565,1.6065078363200043,2.9312907949311175,4.4178778096357005e-07,-1.1611714207578814,0.29125211454170147,0.00011696367634370395,120,6.3400695595921996e-06,1.6099133212670822e-06,True,0.0004491812146482763,0.00019060590380853785,True,0.6795162401370449,0.572297874655161,0.0012883155069590003,-0.050000000000000044,0.0007747204583669248,-0.05,4.4178778096357005e-07,1.6065078363200043,2.9312907949311175,0,2.4930493679751105,2.1023143018985957e-08,1.8111773376985651,3.431632575007136,0,,0,1
S2_N120,6500626,3.076134639553763,2.344640931888159,4.0358436944296825,5.037757926237942e-16,-1.488363636363637,0.2966540077736819,1.890327343470904e-06,120,0.00021560361395647776,0.00018462953710600023,True,0.00045102110338297977,8.464311912502517e-05,True,0.6269235177738071,0.5873762760686203,0.005723141310112711,0.09999999999999998,0.007908492367974147,0.1,5.037757926237942e-16,2.344640931888159,4.0358436944296825,0,3.275878231460802,2.0850510712035523e-17,2.4908455432681915,4.308327433775084,0,,0,1
S2_N120,6500627,2.049136101101133,1.5476836116627002,2.713060168883579,5.44171223181424e-07,-1.7611140146982671,0.3162705313604309,1.662972574222044e-07,120,0.0009821751969060764,0.0006828620984477135,True,1.80034669478181e-05,2.5400196074644647e-05,True,0.26504715119906097,0.1950840184668028,0.008313190250050461,-0.08333333333333337,0.008156439963047738,-0.08333333333333333,5.44171223181424e-07,1.5476836116627002,2.713060168883579,0,2.28928503066905,1.8150832281481e-07,1.6771574632631543,3.124826419964529,0,,0,1
S2_N120,6500628,2.577273812823547,1.8618029713608522,3.5676923973383294,1.155681095234244e-08,-1.2378350759652161,0.322054244040815,0.00019764676769013325,120,0.01285315754364285,0.023626260988628356,True,0.014196666063838658,0.006307695451398743,True,0.14006377928885963,0.16113595667301261,0.0008669093409551052,-0.025000000000000022,0.00019956482739158109,-0.025,1.155681095234244e-08,1.8618029713608522,3.5676923973383294,0,2.7680766094577027,7.410070848631105e-11,2.037487083026424,3.7606364131867633,0,,0,1
S2_N120,6500629,3.0559174305711365,2.196947971292198,4.25072940483689,3.257380229705259e-11,-1.161005007467276,0.2906581018162402,0.00011372329917991398,120,0.0001433973773413247,8.470585376016805e-05,True,0.0008074183109864269,0.0027201142835581414,True,0.12733405133554146,0.1557322329051106,0.0004991328895480567,0.008333333333333304,0.000582893378007031,0.008333333333333333,3.257380229705259e-11,2.196947971292198,4.25072940483689,0,3.306230623343421,1.1818517551686689e-11,2.3402249451927606,4.670987272906555,0,,0,1
S2_N120,6500630,2.8178783530389193,2.088427952999308,3.802112685343836,1.218833004618328e-11,-0.7506660321281782,0.2837799046457431,0.009284831527278974,120,5.438762509849271e-06,1.1040496083285752e-05,True,0.0006689193586991083,0.0013178999713614927,True,0.9030839123942114,0.922317558268946,0.006224927045774844,-0.07500000000000007,0.003529320441617747,-0.075,1.218833004618328e-11,2.088427952999308,3.802112685343836,0,3.1142097073641226,1.4827658557659079e-10,2.200042996503571,4.408232983107152,0,,0,1
S2_N120,6500631,2.3960365630039426,1.8576558099206695,3.090449361282332,1.7031043417589333e-11,-1.5600716782049289,0.2988816073668372,7.866470602942124e-07,120,0.0005059899235987166,0.00014343857946337221,True,0.0024035015478093714,0.002221712835901003,True,0.5368621483690024,0.763870001207987,0.0002964668224897532,0.033333333333333326,0.0007374116820841232,0.03333333333333333,1.7031043417589333e-11,1.8576558099206695,3.090449361282332,0,2.6896744809953526,1.0689712921390052e-11,2.022044981977186,3.577738813032618,0,,0,1
S2_N120,6500632,3.186645040691911,2.312003616975204,4.392167270331419,1.4451305375335237e-12,-1.2333333333333343,0.28440889162125543,3.084537127179052e-05,120,0.005889446022677428,0.0021992753063671635,True,0.0002953403992676314,3.743180767111526e-05,True,0.8422119009277486,0.8146647478891625,0.012605726751427846,0.10000000000000003,0.013302429480847935,0.1,1.4451305375335237e-12,2.312003616975204,4.392167270331419,0,3.484643333850467,1.142360646780272e-12,2.470306508799352,4.915478755731514,0,,0,1
S2_N120,6500633,2.6901842218658425,2.067821057195294,3.4998633573216513,1.6846582134524378e-13,-1.0050359540930527,0.31240042404235313,0.0016749084192211482,120,0.0010648146300716917,0.0009437571264570735,True,0.00574261997498254,0.002575531637992336,True,0.1715852048597225,0.1533298518994833,0.0003246299737462925,-0.01666666666666672,0.00034061027546609403,-0.016666666666666666,1.6846582134524378e-13,2.067821057195294,3.4998633573216513,0,3.0897070557825357,1.2395862646587792e-13,2.292853392674277,4.163497640561327,0,,0,1
S2_N120,6500634,3.091271445157915,2.2952148232100176,4.163426904974424,1.0955672705629476e-13,-1.7475746587475236,0.2978794027086136,4.2208488547696453e-08,120,5.681915606775668e-05,8.235457433678435e-05,True,0.10946083869979367,0.08134879699446923,True,0.023877122611338304,0.05540510403120663,0.0003125325711187054,0.008333333333333415,3.3896019283630454e-05,0.008333333333333333,1.0955672705629476e-13,2.2952148232100176,4.163426904974424,0,3.6936834082029013,4.533477641030069e-16,2.694922521941518,5.062593454525098,0,,0,1
S2_N120,6500635,2.6369966827689812,2.018025944183429,3.4458186848278434,1.2122151616918937e-12,-0.9963958561914705,0.2894971232497524,0.000802128731604642,120,0.0001143436554519323,0.0002554449967981304,True,0.06089567343795308,0.019769316821502868,True,0.8829322336924667,0.5977995888443843,0.032475532557421256,0.12500000000000006,0.02104618319844237,0.125,1.2122151616918937e-12,2.018025944183429,3.4458186848278434,0,2.9132283741251426,2.745702165058283e-11,2.126699347386795,3.9906437975053652,0,,0,1
S2_N120,6500636,2.484539099315848,1.8853706584134313,3.274122522530304,1.0217881213599566e-10,-1.4833333333333325,0.29844275069324516,2.3095019554343954e-06,120,0.026160547292740366,0.05929311865162222,True,1.9561304216639928e-05,2.513259029707379e-06,True,0.5599864984076273,0.8042889491473263,0.0016604656711497663,-0.04999999999999993,0.0007747204583669248,-0.05,1.0217881213599566e-10,1.8853706584134313,3.274122522530304,0,2.62681070577621,3.8467267471969806e-10,1.941382150959558,3.5542381393431537,0,,0,1
S2_N120,6500637,3.1657820445137803,2.399629332004096,4.17655169475514,3.594641698371592e-16,-1.4440304482902184,0.30960225025970195,8.296873511145743e-06,120,3.1234551406927177e-06,1.9856748265876476e-06,True,0.0019591005793907603,0.010192107271566313,True,0.7529210226460453,0.6869809217992291,0.0014484733710752663,0.04166666666666674,0.0005732064353462777,0.041666666666666664,3.594641698371592e-16,2.399629332004096,4.17655169475514,0,3.7756853766547085,3.154467813997479e-19,2.8237423412901985,5.04854846528617,0,,0,1
S2_N120,6500638,2.607417169810318,1.8432317435164485,3.688426222766482,6.107748640468409e-08,-1.778300332703895,0.29988830499822944,3.143010888919948e-08,120,0.0001264084654443312,7.716185342283905e-05,True,0.00728839382945559,0.021091285397653745,True,0.7956595089938725,0.7320812015994009,0.002632813017665941,0.050000000000000044,0.0017762334022427362,0.05,6.107748640468409e-08,1.8432317435164485,3.688426222766482,0,2.7809064981750238,1.7924201508948044e-07,1.8940711314937944,4.082972821349615,0,,0,1
S2_N120,6500639,2.3631561340262226,1.806447697873373,3.0914301700293247,3.506738651806039e-10,-1.6684093200403285,0.27519575141821767,1.6827616769151266e-08,120,0.010723031577058133,0.007058927325864411,True,0.0693863082189636,0.03929606483547607,True,0.22938720812436297,0.2882677087298322,0.000378929333734079,-0.016666666666666607,0.0005719701804955345,-0.016666666666666666,3.506738651806039e-10,1.806447697873373,3.0914301700293247,0,2.765227569776332,5.078382286499522e-12,2.071654002780149,3.691004145667944,0,,0,1
S2_N120,6500640,3.12439586637305,2.4206186085034376,4.032791244154041,2.1547156898365476e-18,-1.8252294021056699,0.3048092007986529,2.391615367154701e-08,120,8.376037984105143e-05,8.986022990730065e-05,True,0.40610951578546395,0.40897048246158507,True,0.5115989878825579,0.6186035607911069,0.0031231831161245885,0.07499999999999996,0.005128189647772848,0.075,2.1547156898365476e-18,2.4206186085034376,4.032791244154041,0,3.403155960872981,5.205424432145272e-17,2.5557080546613684,4.5316093412554705,0,,0,1
S2_N120,6500641,2.9510943730912134,2.2080501020923307,3.944184957867616,2.627789020865095e-13,-1.471482532727527,0.3251978746418757,1.4603494347903433e-05,120,8.317615836490321e-05,0.00011268584631601116,True,0.006636964924926574,0.01685542380336181,True,0.6568287199097784,0.6733960860585,0.001632307970039059,0.06666666666666665,0.0023177596635358642,0.06666666666666667,2.627789020865095e-13,2.2080501020923307,3.944184957867616,0,3.562906236531008,1.5039582733079968e-14,2.5769957734467037,4.926007633040493,0,,0,1
S2_N120,6500642,2.6570899295590507,1.9575960618115866,3.606528962481965,3.628438782214106e-10,-1.687762691131497,0.27044004819240675,7.2016418773361766e-09,120,0.0008224045524833013,0.0008000292603035683,True,0.0007246000646639666,0.0007526131830719829,True,0.5621987284611356,0.5289974771501644,0.013839586325400029,0.09999999999999998,0.004478297540808304,0.1,3.628438782214106e-10,1.9575960618115866,3.606528962481965,0,2.7687667097650737,3.596170240156724e-10,2.013928100391036,3.8065257104336663,0,,0,1
S2_N120,6500643,2.2624904518684157,1.6658265474687484,3.072866771497878,1.7220437132220317e-07,-1.3249227236598058,0.30825936982775637,3.583443405476941e-05,120,0.004116823602570758,0.0060111358801973715,True,0.25810082588758554,0.3558821546350066,True,0.23092770078081626,0.2579218222101709,0.0012817778606942535,-0.04166666666666663,0.0013440006887852646,-0.041666666666666664,1.7220437132220317e-07,1.6658265474687484,3.072866771497878,0,2.466781871113842,5.304178950317351e-07,1.7333136376581557,3.5106241983287245,0,,0,1
S2_N120,6500644,2.385663949069026,1.7145473195642487,3.3194723837275513,2.4835090474706556e-07,-1.3291743378324998,0.2897834491220495,1.137321561406725e-05,120,5.055815240972637e-05,9.582598231071005e-06,True,0.3233735576023854,0.4600379328069637,True,0.22856194314609346,0.27886542698364103,0.009001696852944547,-0.08333333333333337,0.0029841351878667553,-0.08333333333333333,2.4835090474706556e-07,1.7145473195642487,3.3194723837275513,0,2.897367280630424,2.9328691966047196e-08,1.9893588357261511,4.219820480905603,0,,0,1
S2_N120,6500645,3.2169489063309915,2.474971238951707,4.181365869256509,2.4588396270776744e-18,-1.953792284430515,0.30941499694990254,5.053631431677085e-09,120,1.0661760555054708e-06,2.718984337887098e-07,True,0.039612757670437024,0.1616477262831565,True,0.5665381853858897,0.5602475574650183,0.001545565419844243,0.050000000000000044,0.0009350069426102081,0.05,2.4588396270776744e-18,2.474971238951707,4.181365869256509,0,3.4102760649809594,1.1911998231949429e-17,2.574596826399405,4.517205459173444,0,,0,1
S2_N120,6500646,3.1757979346154284,2.332930376893088,4.323186247392165,2.0873355797952265e-13,-1.4085665096766546,0.3121108044819888,1.531570289567937e-05,120,2.4629657187186244e-08,7.932997748454493e-09,True,0.039742992684480595,0.033403149878409005,True,0.5305913132536333,0.6984841718377035,0.0021625217055245283,0.050000000000000044,0.0015351005406343985,0.05,2.0873355797952265e-13,2.332930376893088,4.323186247392165,0,3.6266617596877464,1.676783368684055e-14,2.609716928612069,5.039885887614805,0,,0,1
S2_N120,6500647,2.9773313876122867,2.168659732996633,4.087548662792028,1.5051284619516342e-11,-1.0547212681638023,0.34116862805295045,0.0024897567949368807,120,0.002067629722784025,0.0008126822308132277,True,0.00017755363418582655,0.000218415313974001,True,0.49488128753237937,0.34418150474316167,0.0033668925542564496,0.07499999999999996,0.003529320441617747,0.075,1.5051284619516342e-11,2.168659732996633,4.087548662792028,0,3.5133761304285445,8.780392544483794e-13,2.4894097069142065,4.958529646438171,0,,0,1
S2_N120,6500648,2.4602599016524143,1.8788085467423177,3.221658105704217,5.983895513300976e-11,-1.7000000000000002,0.2952001705675174,6.960176360501207e-08,120,0.019270530701193535,0.004491845325726613,True,0.09380211494224386,0.029824923979799772,True,0.3747710415603902,0.4306787125050906,0.008313190250050461,-0.08333333333333337,0.008156439963047738,-0.08333333333333333,5.983895513300976e-11,1.8788085467423177,3.221658105704217,0,2.6732842445783374,3.22383357740002e-11,1.9994720635996588,3.574167792794757,0,,0,1
S2_N120,6500649,2.6487834639949686,1.9991102807056604,3.5095881937321676,1.163303530961161e-11,-1.365221402214024,0.26035588502817664,7.081762922796781e-07,120,0.00021601082667238076,0.00017069094315692095,True,0.14213409236991242,0.14085808938980338,True,0.6231149279788974,0.779730230610292,0.0004829085576289128,-0.025000000000000022,0.0018917292598835595,-0.025,1.163303530961161e-11,1.9991102807056604,3.5095881937321676,0,2.97470503645151,4.2914974587617033e-14,2.2416552792919515,3.947471377795868,0,,0,1
S2_N120,6500650,2.425359334118651,1.8362694839142686,3.2034338919891896,4.35084351370144e-10,-1.5438569015983286,0.30394857186496504,1.447372652236053e-06,120,0.0047793706393778335,0.014096149180440718,True,0.02210771448673312,0.0034298942663130516,True,0.23703829603022775,0.1677729000224194,0.0006444224550456931,0.025000000000000022,0.00019956482739158109,0.025,4.35084351370144e-10,1.8362694839142686,3.2034338919891896,0,2.7024485004910406,3.000253635228893e-11,2.0157610656836904,3.6230622875579854,0,,0,1
S2_N120,6500651,2.669732592094945,1.9882116728612085,3.5848658422958284,6.581133202080245e-11,-0.9999999999999996,0.3038028497499828,0.0013173005560525375,120,0.005251154532488838,0.00875076542418251,True,0.25965097239204893,0.22512666595568098,True,0.9832580025581226,0.9726723186104785,0.000348918355028048,0.02499999999999991,0.0004601001763112121,0.025,6.581133202080245e-11,1.9882116728612085,3.5848658422958284,0,2.7652431001242053,9.985901886079398e-11,2.031701489668304,3.763628388160953,0,,0,1
S2_N120,6500652,2.8954642174535477,2.0897836232415363,4.011761285385909,1.6573889852684096e-10,-1.0000000000000004,0.30003800745453246,0.0011511025673723056,120,1.1384867225993274e-06,3.847274187137484e-06,True,0.42699869175803407,0.33301861992691384,True,0.8827099797498011,0.8064433445001901,0.00824667548052392,0.08333333333333337,0.007380205235119052,0.08333333333333333,1.6573889852684096e-10,2.0897836232415363,4.011761285385909,0,2.9266325653229046,2.8451923479207257e-09,2.0534906147506002,4.171033512830922,0,,0,1
S2_N120,6500653,3.1709535466786853,2.2608692791102243,4.447380699140334,2.28881674283396e-11,-1.3666666666666678,0.30135355741108694,1.401558968225018e-05,120,2.4088966582571354e-06,1.191521777782766e-06,True,0.2257169098470223,0.3785672098119188,True,0.0638099074597545,0.17442430432456824,0.0004400349257813712,0.025000000000000022,0.00038073816243711214,0.025,2.28881674283396e-11,2.2608692791102243,4.447380699140334,0,3.414576120202725,1.937063279402647e-11,2.3854333264209164,4.88771995910372,0,,0,1
S2_N120,6500654,2.844359803638569,1.9946427821622792,4.0560559338773,7.768660292602722e-09,-1.380440453634293,0.30126526123748004,1.1589294884867667e-05,120,0.00033608589190953415,0.0003014617593180659,True,0.00011523349489138678,0.00012982048267703858,True,0.6862520341872969,0.9223130830994939,0.0008672502718473774,0.025000000000000022,0.0011707413086869006,0.025,7.768660292602722e-09,1.9946427821622792,4.0560559338773,0,3.1212270369694064,3.9200101210285926e-09,2.1368011671443177,4.559178629300537,0,,0,1
S2_N120,6500655,2.609414070079757,1.9296783794367767,3.5285889408770728,4.683128580263706e-10,-1.116666666666667,0.29784653185393206,0.00027732051847043884,120,0.003055427167796515,0.002812267905445972,True,0.0009379161610765615,0.0014406046298401282,True,0.6015143422950604,0.3278880032480759,0.0009378509971063875,0.04166666666666663,0.0011564514471420484,0.041666666666666664,4.683128580263706e-10,1.9296783794367767,3.5285889408770728,0,2.6741438979563092,1.4044745649570567e-09,1.9449438553206306,3.676736255092612,0,,0,1
S2_N120,6500656,2.8279478979798256,2.0494924383937803,3.902082859088818,2.477319988535899e-10,-1.3094504082022005,0.30524878651228393,3.70100008076412e-05,120,0.00016961074797078193,4.288359959146722e-05,True,0.0008839152575936822,0.0004133434000952596,True,0.5842763425592317,0.5746048556764844,0.0019161157044630145,-0.06666666666666665,0.0005890265245276442,-0.06666666666666667,2.477319988535899e-10,2.0494924383937803,3.902082859088818,0,2.786636452016254,1.1199280047577248e-09,2.003869487606839,3.875173889183597,0,,0,1
S2_N120,6500657,2.832937631458487,2.130335602337864,3.7672635311198257,8.049136159002906e-13,-1.7671261418341726,0.2911361749086501,1.6269253764068085e-08,120,0.00020659422874734108,1.5164174830112224e-05,True,0.0013611308030999378,0.00049857479369926,True,0.569430283285273,0.3670083760941738,0.000546051680131365,0.025000000000000022,0.0010224416988120378,0.025,8.049136159002906e-13,2.130335602337864,3.7672635311198257,0,3.3648599815659406,1.8343210504937982e-14,2.4669626222196808,4.589563941328214,0,,0,1
S2_N120,6500658,2.409595169057746,1.76756231180838,3.284834056461748,2.6531883695184727e-08,-1.0139455325179925,0.29744603907273326,0.0008956042582374417,120,0.0004378385724742584,0.0005478881732984059,True,0.006499187714049063,0.0033434070994524125,True,0.2613208755216584,0.24498638409707663,0.0009975655877698766,0.025000000000000022,0.0004601001763112121,0.025,2.6531883695184727e-08,1.76756231180838,3.284834056461748,0,2.4617666208830724,4.8683761365465297e-08,1.7811489245837921,3.402463888363626,0,,0,1
S2_N120,6500659,2.8354488067045382,2.08592578445969,3.8542933767534326,2.8535655222475572e-11,-1.7860285893887833,0.2841580499005411,5.814870130759297e-09,120,0.00775126922950685,0.026339956703400016,True,0.0005942753328191309,0.0004808353237023065,True,0.6149767154628482,0.9035606181621862,0.004212035165409942,0.06666666666666665,0.007227130145173705,0.06666666666666667,2.8535655222475572e-11,2.08592578445969,3.8542933767534326,0,3.0061270270480853,2.378817906536648e-10,2.1385040942993343,4.225757494146769,0,,0,1
S2_N120,6500660,2.5479444469979584,1.8797530117468135,3.453656339113849,1.6690371094749575e-09,-1.7561133050814122,0.3064827983435322,7.951922283238017e-08,120,1.5293101988707126e-05,2.6312987954655183e-05,True,0.0048913563219980544,0.0038911881318479022,True,0.6609913574142943,0.6694537910078648,0.0010935834668909423,-0.033333333333333326,0.0008686774467690571,-0.03333333333333333,1.6690371094749575e-09,1.8797530117468135,3.453656339113849,0,2.8390569918013013,5.682047532411173e-10,2.041231692765016,3.9487161752704285,0,,0,1
S2_N120,6500661,2.3154044340389834,1.7398093635905651,3.081428233092915,8.53496518704841e-09,-1.3101454681089133,0.32689539935431294,0.00010818332154065999,120,0.022085318719278817,0.009313103062384335,True,0.01064489732879244,0.011747116690847525,True,0.7947537125025919,0.8535498611840904,0.003100800426483096,0.050000000000000044,0.006270435980334204,0.05,8.53496518704841e-09,1.7398093635905651,3.081428233092915,0,2.4167839488153753,5.510756103056631e-09,1.7964701070734341,3.251289644204964,0,,0,1
S2_N120,6500662,2.1983822808392146,1.6669332337313292,2.899267082155239,2.4193056797075733e-08,-1.4917882464672263,0.3073695602338267,3.784461592783005e-06,120,0.00010996559656317308,1.5897245817288373e-05,True,0.0006057733129048831,0.00018620667958437186,True,0.5123191184314495,0.5235902627395325,0.022035571703376226,0.10833333333333328,0.029121648557580922,0.10833333333333334,2.4193056797075733e-08,1.6669332337313292,2.899267082155239,0,2.1155653711017135,1.5625520383076351e-06,1.5582287612913253,2.8722463290279183,0,,0,1
S2_N120,6500663,2.4931184899509398,1.8217154937287885,3.4119706542171073,1.1522040718677482e-08,-0.9085114555560587,0.3007520870902258,0.003096667498386726,120,0.0008096657463792496,0.0028461729657551266,True,0.00046626102201475643,0.0013861431325304058,True,0.05181623441851007,0.09568491650152465,0.006167585233664917,0.07500000000000007,0.001274385384173489,0.075,1.1522040718677482e-08,1.8217154937287885,3.4119706542171073,0,2.6751309879183216,1.91722187438017e-09,1.94024595281188,3.6883601236995904,0,,0,1
S2_N120,6500664,2.5009559273953506,1.8627560103608076,3.3578098881358134,1.0722539490340695e-09,-1.785291839431355,0.28425993829634777,5.951958975849341e-09,120,2.4169839958363624e-05,0.00015721561912227403,True,7.653828907719319e-05,0.00020424726484572886,True,0.42080231785020394,0.5602193923436392,0.0014056382568242334,0.033333333333333326,6.62184327124725e-05,0.03333333333333333,1.0722539490340695e-09,1.8627560103608076,3.3578098881358134,0,2.5036151532577136,1.1720388759204522e-08,1.8264540466441967,3.4318349520691247,0,,0,1
S2_N120,6500665,2.7274111409094712,2.013483566871854,3.6944783925472873,9.183722130786402e-11,-1.4926131051422273,0.32252004697894343,9.61924124731928e-06,120,1.75418234682558e-05,3.1651630218443087e-06,True,0.889394222796477,0.9141457079947037,True,0.4722939233370367,0.2239165436209295,0.06556374852885376,0.14999999999999997,0.06895946260792746,0.15,9.183722130786402e-11,2.013483566871854,3.6944783925472873,0,2.8328017769305855,4.823856225551656e-10,2.0409299284835147,3.93191642465833,0,,0,1
S2_N120,6500666,2.7527557270785343,1.9727316647528084,3.8412036610732785,2.574218612531628e-09,-1.791322863578014,0.3117942833183854,7.410455414940176e-08,120,9.246033028953265e-05,1.456813213347529e-05,True,0.010977001280534856,0.009011708391942751,True,0.8140714674430003,0.7719507256674076,0.0028453190774349883,0.07499999999999996,0.004561925939497086,0.075,2.574218612531628e-09,1.9727316647528084,3.8412036610732785,0,2.909782077541008,2.7638631749796615e-09,2.0461371578866765,4.1379590347324084,0,,0,1
S2_N120,6500667,2.4767140049438585,1.8495026080551735,3.31662806830822,1.1491232931576836e-09,-1.4725241073755544,0.32171215299038114,1.1826231453418007e-05,120,0.0003697037823516179,0.0003949616634153608,True,0.024179366607055604,0.03324242125744778,True,0.9430270423700525,0.9055185037359627,0.0004387932918376126,0.04166666666666663,0.0006949394686485515,0.041666666666666664,1.1491232931576836e-09,1.8495026080551735,3.31662806830822,0,2.7306463398304155,5.6952839646487006e-11,2.02186246850143,3.6879014024904575,0,,0,1
S2_N120,6500668,2.7824522719716334,2.093938873405628,3.697357522766784,1.7234193912694186e-12,-1.1891762637068388,0.32345718063713647,0.0003585090822589059,120,0.01847748154317794,0.018594405304146713,True,0.00649645923952621,0.004122063714920151,True,0.4971559677803161,0.5837757846428258,0.009911691413292657,0.09166666666666667,0.010433483838596635,0.09166666666666666,1.7234193912694186e-12,2.093938873405628,3.697357522766784,0,2.967035937743905,6.202006198721093e-12,2.176050558383488,4.04554123154359,0,,0,1
S2_N120,6500669,2.7164817251363607,1.9722261703945076,3.741595702243282,9.505961700713713e-10,-1.6842639875473648,0.30484415348970423,2.0235906201299055e-07,120,2.9542062715428325e-06,1.8610494417563114e-05,True,0.022534063505516545,0.014865104146118621,True,0.9413173362924521,0.9915871951832067,0.011054979308110854,-0.08333333333333326,0.005931555391191542,-0.08333333333333333,9.505961700713713e-10,1.9722261703945076,3.741595702243282,0,2.7985377999091345,7.028392618967894e-10,2.017688258210723,3.881577734146838,0,,0,1
S2_N120,6500670,2.4442560052262734,1.8587076147721924,3.2142696202473653,1.5913738667948982e-10,-1.2098643146439192,0.29841756292427707,9.096724180097976e-05,120,0.0003695144068418373,0.0003859280774978168,True,0.04649931798749193,0.021890511534507943,True,0.6286091033725587,0.5000737534832762,0.003895858471246398,0.06666666666666665,0.0009413412097511631,0.06666666666666667,1.5913738667948982e-10,1.8587076147721924,3.2142696202473653,0,2.543796239067176,4.1780786228210917e-10,1.8978807748726363,3.4095394144695734,0,,0,1
S2_N120,6500671,2.557989102547865,1.9294821444006534,3.391225084794009,6.643099134155108e-11,-1.2054627313224549,0.2896790400780473,6.0679737334347515e-05,120,0.03554264597289429,0.030880128711812886,True,0.012663356708709423,0.008317453122268005,True,0.15269473258719507,0.1792675210987721,0.022812723620155594,0.11666666666666659,0.023129066539796017,0.11666666666666667,6.643099134155108e-11,1.9294821444006534,3.391225084794009,0,2.5775031767959318,1.92252447023514e-09,1.8922174164757803,3.5109721370002807,0,,0,1
S2_N120,6500672,3.138112926956834,2.3211771686760443,4.242568329220023,1.0601020061249249e-13,-1.5983581861502243,0.33560976018460736,5.529423118657991e-06,120,0.0008865017277049421,0.0004402706130333602,True,0.005588523719499415,0.006962731956518224,True,0.0642063983562792,0.12255045254265771,0.002348284628883515,-0.05833333333333335,0.002340590402455414,-0.058333333333333334,1.0601020061249249e-13,2.3211771686760443,4.242568329220023,0,3.4824378224174146,2.239468429262319e-14,2.528117407972827,4.796997619160294,0,,0,1
S2_N120,6500673,2.181525068477357,1.576003438619377,3.019696218787567,2.574371671697861e-06,-1.220760683662578,0.3036216469045559,0.00010314026455084327,120,6.490366060455637e-05,9.93410447383904e-06,True,6.914133206700772e-06,1.5817254371994842e-06,True,0.5847184441485105,0.7062718673838579,0.0025047844887299505,0.05833333333333324,0.0017480688463408869,0.058333333333333334,2.574371671697861e-06,1.576003438619377,3.019696218787567,0,2.5314778970460026,9.708141935959634e-08,1.799296287570907,3.56160371557478,0,,0,1
S2_N120,6500674,3.1007495820787745,2.342732549204753,4.104031411534968,2.5297513673940188e-15,-1.1712041926233563,0.291095828392329,0.00010208156212717699,120,0.0052106184309253884,0.004937634793254051,True,0.00038245562221568216,0.0010955024708625195,True,0.5149128873086224,0.26012079668190136,0.025863276436165077,0.11666666666666664,0.019714100618451483,0.11666666666666667,2.5297513673940188e-15,2.342732549204753,4.104031411534968,0,3.2276476632902065,6.631840837251863e-14,2.37580195804799,4.3849233321207235,0,,0,1
S2_N120,6500675,2.9476116409165187,2.1952015902924176,3.957911849229851,6.533254281380873e-13,-1.312258144847822,0.33812172562769893,0.00017252491974953472,120,0.015636034237795908,0.031078991070341334,True,0.591870237988369,0.3810592311500509,True,0.07052503818439723,0.05539698939817254,0.0007195546359837397,-0.050000000000000044,0.00023867563103785632,-0.05,6.533254281380873e-13,2.1952015902924176,3.957911849229851,0,2.9067062293446075,1.546422348584988e-11,2.131647859410327,3.963572625943929,0,,0,1
S2_N120,6500676,2.8931752735586764,2.1125402859401934,3.962273864901004,3.559013242879392e-11,-1.757280394184766,0.31376905977152086,1.4369301592257163e-07,120,4.968893455785138e-05,1.3872985176342801e-05,True,0.019813008572878894,0.012277476561449245,True,0.9682225724566822,0.966370493006798,0.014681719732882868,0.09166666666666667,0.0156666289456206,0.09166666666666666,3.559013242879392e-11,2.1125402859401934,3.962273864901004,0,2.9724679537642302,4.8537577609319255e-11,2.148283884720041,4.1128483060360255,0,,0,1
S2_N120,6500677,2.991067380455549,2.181883881780766,4.10034839577414,9.92502738929343e-12,-1.8747685302302075,0.3305871199467018,1.0418300466983584e-07,120,3.1062717616037017e-06,1.606236622729091e-05,True,0.7884904861500527,0.9099802523967727,False,0.9396547571350286,0.7574713420091997,0.00043985524973902325,-0.02499999999999991,0.0006506068590612338,-0.025,9.92502738929343e-12,2.181883881780766,4.10034839577414,0,3.09914616006049,2.3470930796354235e-11,2.2241511682903283,4.318369658659791,0,,0,1
S2_N120,6500678,2.584119917805831,1.921908396731684,3.474502614670184,3.279718717204644e-10,-1.1046555085757015,0.3027896103090731,0.0003956968168025142,120,4.2322638839304275e-07,1.2288874993311202e-08,True,0.1311517807309366,0.24797910011502788,True,0.7528924627205184,0.6316232035339804,0.00165628810772987,-0.04999999999999993,0.003662451020699885,-0.05,3.279718717204644e-10,1.921908396731684,3.474502614670184,0,2.7629266798563217,2.3746716438807013e-10,2.0175013769073433,3.7837713151719297,0,,0,1
S2_N120,6500679,2.196860806937165,1.6140182887769658,2.990175166301057,5.633884626795017e-07,-1.4547115181401906,0.2749358739689412,5.748249147640108e-07,120,9.469490791226401e-07,4.322077182049707e-09,True,0.011150354620062876,0.007902032076741202,True,0.035480665945861786,0.02202015257156822,0.0007699258562984836,0.04166666666666674,0.0009860328308185602,0.041666666666666664,5.633884626795017e-07,1.6140182887769658,2.990175166301057,0,2.3371080967633873,4.7350415786534023e-07,1.6796307384978244,3.251949449818941,0,,0,1
S2_N120,6500680,2.5941852794322395,1.8596661164777326,3.6188201765859875,1.9902359332284375e-08,-1.716666666666665,0.29403832238915456,4.818562046466075e-08,120,0.0003978935503490453,0.002443750696977327,True,0.006576342150347504,0.005242445237082024,True,0.8175891540363956,0.934886384137928,0.00023755565768286308,0.0,0.00022402514898546073,0.0,1.9902359332284375e-08,1.8596661164777326,3.6188201765859875,0,2.9458868981834954,4.879171015553969e-10,2.0962005112241053,4.139990220602223,0,,0,1
S2_N120,6500681,2.349833623971073,1.748064196132767,3.158761601868336,1.5120781099714925e-08,-1.489174606651333,0.32180778726541487,9.6365881895655e-06,120,8.279501768384083e-06,4.291905921400625e-06,True,0.007392304726307505,0.009524019125022152,True,0.6192784801064055,0.5888622242012367,0.00024548974481909956,-0.008333333333333304,0.00010532403032307642,-0.008333333333333333,1.5120781099714925e-08,1.748064196132767,3.158761601868336,0,2.798731795587127,3.3454733769911092e-09,1.9898733377279858,3.936381032460014,0,,0,1
S2_N120,6500682,2.3254575821498187,1.712475555910075,3.1578570261717953,6.452312419722481e-08,-1.2811011119381113,0.31816400815903473,0.0001009037109403146,120,0.0026065445192966583,0.0011825900441232767,True,3.515841276268962e-05,5.171650954293012e-06,True,0.37541144220482237,0.2580394628237762,0.00022863761449472576,-0.01666666666666672,8.643709215774682e-05,-0.016666666666666666,6.452312419722481e-08,1.712475555910075,3.1578570261717953,0,2.4848924598406144,1.3765523277410898e-08,1.8147288910129595,3.402541595910838,0,,0,1
S2_N120,6500683,2.845928671079528,2.182592247636499,3.710867208313018,1.1226844294259865e-14,-1.1534849066401727,0.2753204442523094,5.4474295543850095e-05,120,3.6685807419179193e-06,2.4091172903060137e-06,True,0.003770320495150541,0.003462942212184937,True,0.06338931096186692,0.0875340659701068,0.07358381262636213,0.15000000000000002,0.04982618416140612,0.15,1.1226844294259865e-14,2.182592247636499,3.710867208313018,0,3.0418003766792827,4.491187247980366e-14,2.2784690046934117,4.060862584703556,0,,0,1
S2_N120,6500684,2.119641519941956,1.5727146234661493,2.8567675953567857,8.070728628677407e-07,-1.6000000000000025,0.314625095668457,1.4099127608788195e-06,120,0.0005841642346474626,0.0004439528845488868,True,0.009916963017338756,0.016349831893033354,True,0.03157128163620506,0.006599410337330205,1.0999360498002463e-05,-0.008333333333333304,3.7507486978356346e-07,-0.008333333333333333,8.070728628677407e-07,1.5727146234661493,2.8567675953567857,0,2.3896816904662073,2.6417293196606485e-07,1.715060086274823,3.329666772289609,0,,0,1
S2_N120,6500685,3.586042458159431,2.6255439016690896,4.897918676411035,9.868152618144337e-16,-1.3395507524982242,0.2830606544899905,6.2653960518756325e-06,120,0.010135201737631338,0.008435161178800154,True,0.00016232440221429758,2.8857438428904284e-05,True,0.27636281638330573,0.3757583897173852,0.000721452072033317,0.04166666666666663,0.0009860328308185602,0.041666666666666664,9.868152618144337e-16,2.6255439016690896,4.897918676411035,0,3.902295035026142,3.319956263788737e-14,2.7449020430928317,5.547704909436972,0,,0,1
S2_N120,6500686,2.5944365682429296,,,,-1.310070364616648,0.2897755815564997,1.483434298563794e-05,120,0.003398518545594377,0.005066649868485847,True,0.003085650528064084,0.004918403311079293,True,0.5702365524437569,0.6498308504094578,0.0065954057307905205,0.08333333333333337,0.008965127889858922,0.08333333333333333,6.740821570992615e-08,1.86934376820166,3.6007829170509287,1,2.7591862569174763,1.464928480763267e-07,1.925995015507433,3.9528185374646374,1,0.0,0,1
S2_N120,6500687,2.0715103391601772,1.5758003420322693,2.7231591279599043,1.8015647357339298e-07,-1.7513840282445292,0.28283217245930464,9.083214519352977e-09,120,6.295433619015359e-05,9.225934100004532e-06,True,0.00023695270189921786,7.87396370115343e-05,True,0.6641913090205457,0.7841135154310692,0.00034447247211147406,-0.01666666666666672,0.0004858409287184833,-0.016666666666666666,1.8015647357339298e-07,1.5758003420322693,2.7231591279599043,0,2.3809639920613,7.307840030437908e-09,1.7745152109167257,3.1946694492203576,0,,0,1
S2_N120,6500688,3.2882758858924044,,,,-1.1227428464678504,0.3338804862157615,0.0010436189043841189,120,6.490250461026107e-05,0.0004974007600829079,True,6.263969426805835e-05,0.00011874062682948397,True,0.6586290560205481,0.9579556310440883,0.005834202274260686,0.08333333333333337,0.006638047344862753,0.08333333333333333,4.288385900801218e-12,2.421860973547057,4.464648639969252,1,3.372451038562278,1.662188755650296e-09,2.3332197687244536,4.874562679415972,1,0.0,0,1
S2_N120,6500689,2.3565551100717457,1.7600467271191045,3.155229859093085,8.589693630491627e-09,-1.0945103425079874,0.2900147395075092,0.0002538142919694379,120,0.0002791569119083552,3.3871577466970355e-05,True,0.047538528457206096,0.043406084339643665,True,0.1443427582287795,0.23413885390143896,0.0007604888829263946,0.033333333333333326,0.0011736016517738268,0.03333333333333333,8.589693630491627e-09,1.7600467271191045,3.155229859093085,0,2.758365046545911,4.911443353897968e-09,1.9634549904617218,3.8750965858489117,0,,0,1
S2_N120,6500690,3.2791891799228603,2.425527799493783,4.433295582086246,1.1723323042941065e-14,-0.7576729456129745,0.31182933054737255,0.01662826827991432,120,7.704467649371119e-05,2.157074749256144e-05,True,4.3842987164742963e-07,9.850961294189578e-08,True,0.8674576239015238,0.8847506225781416,0.06637213801108395,0.15833333333333333,0.05073093399114836,0.15833333333333333,1.1723323042941065e-14,2.425527799493783,4.433295582086246,0,3.859182012287551,5.256886321802113e-17,2.8140731573383757,5.29243021458982,0,,0,1
S2_N120,6500691,2.4653511682064146,1.889658095534045,3.216431796281652,2.926991547079399e-11,-2.0018904475617907,0.25707828330513743,3.0511024909442573e-12,120,0.0008820035446549352,0.0022372143473317254,True,0.00021255555361047697,0.00013907028785061125,True,0.08506082357005132,0.11221423792167932,0.0017241687256282956,-0.050000000000000044,0.0020383066754954098,-0.05,2.926991547079399e-11,1.889658095534045,3.216431796281652,0,2.559038341146215,9.636399184515057e-11,1.9253350455507319,3.401318251901013,0,,0,1
S2_N120,6500692,3.0284294559848686,2.241255498344188,4.092074721803255,5.399426013434525e-13,-1.7446689670913968,0.30057760093098196,5.637827271989812e-08,120,7.5193149684544665e-06,4.922033935141757e-06,True,0.5018464068188867,0.5807498796738981,True,0.1122006922925054,0.28559311998279246,0.00014830010811285352,-0.01666666666666672,4.745159708034144e-05,-0.016666666666666666,5.399426013434525e-13,2.241255498344188,4.092074721803255,0,3.2906878521143788,5.981866624858077e-14,2.4113350350689204,4.49071837076495,0,,0,1
S2_N120,6500693,2.7184299449963554,1.9314923349621071,3.825985344124012,9.739747994128335e-09,-1.491468085964277,0.3253457526574366,1.1490461288456438e-05,120,4.061037304460009e-06,1.363987111943523e-06,True,0.011451335053919301,0.005099999404896828,True,0.4356184570595021,0.6983751884356535,0.0003176402495077971,-0.008333333333333304,0.0003031028190453968,-0.008333333333333333,9.739747994128335e-09,1.9314923349621071,3.825985344124012,0,3.0444614755890496,3.020947309754777e-11,2.192346728418976,4.227773625493111,0,,0,1
S2_N120,6500694,2.250282971549642,1.664775515419315,3.041715477639548,1.3290867906466148e-07,-1.7045840433014747,0.3193374617231173,4.6741767075225494e-07,120,0.00020944224210618108,8.102280627395691e-05,True,0.022751078596477823,0.02568757824057066,True,0.39852086640611206,0.31688825826418154,0.0002591897062998684,0.0,0.001080997392025338,0.0,1.3290867906466148e-07,1.664775515419315,3.041715477639548,0,2.431761570149078,8.248640174852201e-08,1.7572980492027432,3.3650889994083535,0,,0,1
S2_N120,6500695,2.935566165237326,2.1036041736789417,4.096563801456603,2.3938880582811025e-10,-1.2333333333333325,0.31555364164631194,0.000156079659130803,120,1.97751648472143e-06,2.309604199631211e-06,True,0.003139641210563576,0.0030847010244545933,True,0.936536473210794,0.968482618547558,0.003839821052391983,-0.06666666666666665,0.000751896101599768,-0.06666666666666667,2.3938880582811025e-10,2.1036041736789417,4.096563801456603,0,3.065084367652143,7.16842016562567e-11,2.1885107020295615,4.292755878284316,0,,0,1
S2_N120,6500696,3.0513970567736783,2.282934055683611,4.078533926508417,4.8390898495950854e-14,-1.321471359527602,0.3280971604690295,0.00010047547512386004,120,1.4574847063826592e-05,6.351637114121821e-07,True,0.019598943744859185,0.027504154371201045,True,0.18638903862569645,0.2470229859148253,0.0027710133399475715,0.050000000000000044,0.0032962239708564226,0.05,4.8390898495950854e-14,2.282934055683611,4.078533926508417,0,3.3338595076955215,1.2312498599069187e-14,2.4550260872968233,4.527291695417337,0,,0,1
S2_N120,6500697,2.7911075723310153,2.0420352281608554,3.8149593958473464,1.2115487942061092e-10,-0.9783645210803043,0.3087884750966756,0.00195593616907772,120,0.0005678292028225686,0.00011573724969779978,True,4.7822257822456564e-05,0.0004394696876548706,True,0.7021194599638476,0.9936854874974733,0.0030205996984714457,0.05833333333333335,0.0014890732218832685,0.058333333333333334,1.2115487942061092e-10,2.0420352281608554,3.8149593958473464,0,2.890927354097116,7.020089415222383e-10,2.0629100368575783,4.051296865760484,0,,0,1
S2_N120,6500698,2.1255692790795706,1.605645985408463,2.8138486324041674,1.375291917536877e-07,-1.3423106930620867,0.3282138275508299,7.961095183582602e-05,120,0.0007129568656114403,0.0006773139960740098,True,0.0005445994650255568,0.0011436459193278914,True,0.5588285878615781,0.5782695607155943,0.0002257425179733337,-0.016666666666666607,0.00011304254359135538,-0.016666666666666666,1.375291917536877e-07,1.605645985408463,2.8138486324041674,0,2.365125413974151,1.3023014792162283e-08,1.7578478202060555,3.1821970932447896,0,,0,1
S2_N120,6500699,3.412920874926243,2.5343280497576064,4.59610147929404,6.290368054317022e-16,-1.2155145765084432,0.30964533840030245,0.000146639750367388,120,6.666028259848867e-06,1.716319622822824e-05,True,0.00024152443776579466,9.333458998387231e-05,True,0.870079801860707,0.8126118207434101,0.0042964414769079955,0.06666666666666665,0.001679084642268799,0.06666666666666667,6.290368054317022e-16,2.5343280497576064,4.59610147929404,0,3.9092822856909204,1.1568472643936544e-17,2.860756306610224,5.342114584840468,0,,0,1
S2_N120,6500700,2.8855397206659847,2.123430720804421,3.921173127036071,1.2653493975750522e-11,-1.854023945194954,0.31049114654169746,2.5886301429134593e-08,120,0.00038177270851088966,0.0006246943377084723,True,0.2378359628504274,0.24288988824357116,True,0.31458533983264036,0.3818799468827657,0.029432638086496106,0.11666666666666664,0.014869463112319636,0.11666666666666667,1.2653493975750522e-11,2.123430720804421,3.921173127036071,0,3.2712308963750703,8.586221897655474e-12,2.327947509046312,4.59673233000975,0,,0,1
S2_N120,6500701,2.783362579865188,2.099811622479496,3.689429646001231,1.0838940209139302e-12,-1.3333333333333344,0.274790875921097,3.8040154476308737e-06,120,0.0068461847310523445,0.0027278159320580594,True,0.0006957265406198255,0.0023149123492457215,True,0.626544180384156,0.6561382142596044,0.0028222483351552177,0.05833333333333335,0.002340590402455414,0.058333333333333334,1.0838940209139302e-12,2.099811622479496,3.689429646001231,0,2.970731187134015,2.7405422158032513e-12,2.189186199856889,4.031289703355337,0,,0,1
S2_N120,6500702,2.2647192063758763,,,,-1.5060373623654595,0.33670997166645866,1.7992506194104634e-05,120,2.3994894724932653e-05,2.1424401588986895e-05,True,0.01865951447112334,0.032371914554616,True,0.8534959348708857,0.8638923209096205,0.00014599288206821142,0.008333333333333304,3.389601928363027e-05,0.008333333333333333,1.2943979864604504e-06,1.6488970840591912,3.1105356018348465,1,2.3440573607758366,8.396447140663943e-06,1.631862302582033,3.367076316373924,1,0.0,0,1
S2_N120,6500703,2.2621271126035487,1.6027497083157711,3.192774921140639,3.4327989951120966e-06,-2.3333333333333313,0.2995092333893589,2.9969510944096193e-12,120,3.3040899317102336e-06,1.9376516847583238e-05,True,0.043252047124131374,0.1008305236473455,True,0.19018297524603456,0.25703150933484864,0.003718900249547699,0.06666666666666665,0.003949585755734289,0.06666666666666667,3.4327989951120966e-06,1.6027497083157711,3.192774921140639,0,2.4134869303678506,1.0411204472038732e-06,1.6946461263049297,3.4372480912916625,0,,0,1
S2_N120,6500704,2.172700463805543,1.6261203052610345,2.9030000364352126,1.533516590295757e-07,-1.9611524697490157,0.30221788127571286,2.165583905013707e-09,120,0.0034772977683436364,0.000978319753541146,True,0.0032119281944473213,0.005850589994919956,True,0.6920504775615657,0.7376556343496761,0.005665736070012985,-0.09166666666666667,0.0028151844644284285,-0.09166666666666666,1.533516590295757e-07,1.6261203052610345,2.9030000364352126,0,2.4520786043775287,9.033620877471065e-08,1.7648179787373888,3.4069742911094614,0,,0,1
S2_N120,6500705,2.8557305875889063,2.102628298634161,3.8785729242721536,1.842404390286828e-11,-1.3833333333333364,0.2818176321894309,2.9993817801928817e-06,120,1.2812005717219522e-08,4.805109421431317e-11,True,0.0007656126100615591,0.001034185882534736,True,0.04779628725903692,0.06115472279476124,0.006719404162132693,0.09166666666666667,0.011419986113754414,0.09166666666666666,1.842404390286828e-11,2.102628298634161,3.8785729242721536,0,3.181756008776899,3.805161434414548e-12,2.2950518695579083,4.411042483906034,0,,0,1
S2_N120,6500706,3.0320034480548914,2.201143072755561,4.176486763992213,1.1320022324601278e-11,-1.4580704615670201,0.30037072843193163,3.7712447089742988e-06,120,7.591140704267389e-06,1.4219941965987586e-05,True,0.3407630545767387,0.5347558255902267,True,0.48304571497391957,0.6370514334791807,0.00024645503311405016,0.016666666666666607,0.00028062547098190956,0.016666666666666666,1.1320022324601278e-11,2.201143072755561,4.176486763992213,0,3.2549716835692233,2.2771163580472966e-11,2.303140622128518,4.600170983500746,0,,0,1
S2_N120,6500707,3.2675790744891686,2.4027263165302646,4.443732494451582,4.4092458376111857e-14,-1.071867649909835,0.30304002981348854,0.0005810453261382066,120,1.1353416630707857e-05,3.3670604586645556e-06,True,6.673541661637312e-06,7.571715018069549e-06,True,0.08993910041587933,0.10823037808592904,0.0008106700668162649,0.025000000000000022,0.00019956482739158157,0.025,4.4092458376111857e-14,2.4027263165302646,4.443732494451582,0,3.430018030857911,1.9658511463506017e-13,2.4693044532967057,4.7645091622068705,0,,0,1
S2_N120,6500708,2.648972683851309,1.993483648942697,3.519996907680738,1.8650070615278097e-11,-1.5392912461863415,0.32522908076932416,6.250802709711528e-06,120,0.044867774412296245,0.036673225949625105,True,0.017912931870257796,0.0215136995080447,True,0.08988273344895635,0.10594442385784282,0.0001257343577206712,0.008333333333333415,6.219399906656455e-05,0.008333333333333333,1.8650070615278097e-11,1.993483648942697,3.519996907680738,0,2.818237318716223,9.867469365289624e-11,2.0589396933000135,3.857549402952567,0,,0,1
S2_N120,6500709,3.165549148247372,2.306115035127398,4.345273872869089,1.0036029539827627e-12,-1.7184473585946303,0.2993363711927297,7.56046763488977e-08,120,0.0005598255476302726,0.0006265720972237426,True,0.6506635186114146,0.6137091338987182,True,0.2349421851746294,0.28715908183424455,0.00036570754960790763,-0.02499999999999991,0.0006506068590612338,-0.025,1.0036029539827627e-12,2.306115035127398,4.345273872869089,0,3.684367369301952,5.068985200479211e-15,2.657705105862957,5.107625703856758,0,,0,1
S2_N120,6500710,3.39816045592856,2.486298153799544,4.644452825012076,1.6739933905714167e-14,-1.0571533341304953,0.3076466909246288,0.0008172129976389167,120,0.007625152734723896,0.005318097654645452,True,0.023035867626951156,0.023927872810753453,True,0.9512672823993668,0.7658690114072868,0.0018200124533657212,0.04166666666666663,0.003480896095019059,0.041666666666666664,1.6739933905714167e-14,2.486298153799544,4.644452825012076,0,3.6645334747670053,1.430336403039595e-14,2.6322904746068163,5.101566759912314,0,,0,1
S2_N120,6500711,2.4590099231175007,1.7883061957052948,3.3812608917375875,3.076064638797052e-08,-1.7388133902994627,0.2920728209238838,2.8155791343467943e-08,120,4.467145389024249e-06,3.2408142359486425e-07,True,0.17040106710106961,0.1482226807377863,True,0.765077080814371,0.49487838202161805,0.006224927045774844,0.07500000000000007,0.008417923235459496,0.075,3.076064638797052e-08,1.7883061957052948,3.3812608917375875,0,2.6639148280360248,1.2522677381542284e-08,1.901121069618835,3.7327671153805073,0,,0,1
S2_N120,6500712,3.0319170218510783,2.3419658723027887,3.925130137934745,3.777141573659177e-17,-1.4148694001128999,0.2865759149115182,2.65807135498255e-06,120,0.0009727125720887706,0.0005573781448178224,True,2.6141998697290274e-05,0.0002548109606495787,True,0.6112522653539474,0.5304148184298969,0.002676106937507672,0.05833333333333335,0.0030325753439882364,0.058333333333333334,3.777141573659177e-17,2.3419658723027887,3.925130137934745,0,3.235421450968299,5.352300357940134e-17,2.4583656133638,4.2580940395852815,0,,0,1
S2_N120,6500713,2.782660609164613,2.038482228284777,3.7985124218186934,1.1524579154630551e-10,-1.3446183014299447,0.3217593735865811,5.674037735147799e-05,120,6.228730529449589e-06,3.7328067091338077e-06,True,0.02657695072496491,0.047122869518903966,True,0.16085602077211714,0.08314207666293288,0.00031191516379899294,0.016666666666666607,0.00028062547098190956,0.016666666666666666,1.1524579154630551e-10,2.038482228284777,3.7985124218186934,0,2.9986360656617386,1.845339151281707e-11,2.1765931479004994,4.13114332504476,0,,0,1
S2_N120,6500714,2.5302368555033286,1.9272287015341483,3.3219194690547393,2.3323360331399435e-11,-1.1380881754897971,0.32673563424693497,0.0006977587684847662,120,0.00015492981388220213,0.00019990419913618816,True,0.0034442802290414708,0.001265451635881896,True,0.5882518988854938,0.49327464555901834,0.0013209853418930954,-0.04166666666666663,0.0006949394686485515,-0.041666666666666664,2.3323360331399435e-11,1.9272287015341483,3.3219194690547393,0,2.6463971110236573,1.794399595974454e-10,1.9623316032250588,3.5689267082711003,0,,0,1
S2_N120,6500715,2.5943901225534667,,,,-0.9620865640058043,0.2892125660889182,0.001175265144297218,120,0.0006880981811015044,0.0007326301557647568,True,0.006634172835173162,0.006992401612394344,True,0.08387526335054818,0.084055242163271,0.0010172905354655134,-0.04166666666666663,0.0013440006887852646,-0.041666666666666664,1.1760210691441314e-08,1.906788876496315,3.5299451297255353,1,2.6146351250067577,1.4554892811912452e-07,1.860374635421207,3.6746990131755335,1,0.0,0,1
S2_N120,6500716,2.7644764283680523,2.0564757979845814,3.7162265320566052,1.6244484826430612e-11,-1.750302677424426,0.29734463417818574,3.850146145720336e-08,120,3.4517830120462937e-06,6.861228814184158e-07,True,0.005078519180465056,0.006776710111701751,True,0.22927340953657793,0.19217713309562223,0.0004064757040141688,-0.008333333333333415,0.00036171750712652275,-0.008333333333333333,1.6244484826430612e-11,2.0564757979845814,3.7162265320566052,0,2.8810133551044643,1.513407747637384e-11,2.1185675522056755,3.9178538081774956,0,,0,1
S2_N120,6500717,2.8701937220261406,2.0525749356928085,4.013501216791232,7.112735546021949e-10,-1.2884641476520176,0.30257733710931883,4.181737502463098e-05,120,1.2237334216564042e-06,2.4337351863187203e-06,True,0.05036455479701281,0.032339068083236625,True,0.25772860191820857,0.17850496370058144,0.00033918834542926606,-0.01666666666666672,0.00018345053774300086,-0.016666666666666666,7.112735546021949e-10,2.0525749356928085,4.013501216791232,0,3.0738943666858063,7.599486215037146e-12,2.2287681041314267,4.239483937349793,0,,0,1
S2_N120,6500718,2.830705611326692,2.0963153760110864,3.8223705982844653,1.119980974498986e-11,-0.9211164212816909,0.30341224918985893,0.0029569523890897818,120,9.197636292235765e-05,2.1393587975841395e-06,True,0.16026070718058494,0.1371577698524903,True,0.8765346073657082,0.9811006295065785,0.001022082597358112,0.04166666666666663,0.0002948962829046707,0.041666666666666664,1.119980974498986e-11,2.0963153760110864,3.8223705982844653,0,2.9556071282096936,2.129848472219633e-11,2.1522979922375174,4.0587379293340575,0,,0,1
S2_N120,6500719,2.646035512309765,1.9720007506549542,3.5504570320670594,8.776096869708312e-11,-1.3297619436193733,0.2937728164172424,1.4509002614011026e-05,120,0.08603769826213413,0.08751101705319574,True,0.015680097944759705,0.010668176725251655,True,0.32442219670407546,0.3290832351840626,0.0008365019353821053,-0.033333333333333326,0.0006197208657286441,-0.03333333333333333,8.776096869708312e-11,1.9720007506549542,3.5504570320670594,0,3.0397046340761835,2.94076616427174e-13,2.25499196795343,4.09748876880037,0,,0,1
S2_N120,6500720,3.269678640706323,2.3671067150529987,4.516399005378929,6.565543270897811e-13,-1.400000000000003,0.28202995429788885,2.371563631801435e-06,120,1.6408951102298677e-06,1.1919797600050937e-06,True,0.16678126312848685,0.2472604494302324,True,0.596704453408033,0.42073025156850397,0.0001929803459292404,0.008333333333333415,0.00013365482655809303,0.008333333333333333,6.565543270897811e-13,2.3671067150529987,4.516399005378929,0,3.967462526740393,2.135150594722648e-17,2.8858970046711834,5.454373068619874,0,,0,1
S2_N120,6500721,3.6122865597146787,2.779769738081861,4.694134917268116,7.335284512105133e-22,-1.2787179179925523,0.27806264862747143,1.0837655722487708e-05,120,0.00013059373383424419,2.991100312699043e-05,True,0.08164917363258438,0.02601012262961701,True,0.22911806431791615,0.22770897547129898,0.0013400377714084058,-0.050000000000000044,0.0032962239708564096,-0.05,7.335284512105133e-22,2.779769738081861,4.694134917268116,0,3.8425916144463756,7.407422498325052e-19,2.8537898302083993,5.174000607583405,0,,0,1
S2_N120,6500722,3.055812740111146,2.1817368549412923,4.280072310955606,8.133870307383797e-11,-1.4783727451338975,0.3044601172007237,3.7478444729161698e-06,120,6.762290850919348e-05,0.00012956033986876478,True,0.004171089184446856,0.005461750325697397,True,0.638101843911447,0.6542169167962746,0.0016977991775867407,0.05833333333333335,0.0017480688463408901,0.058333333333333334,8.133870307383797e-11,2.1817368549412923,4.280072310955606,0,3.4928612223191484,1.7930853177892567e-12,2.466979196980792,4.945351599766978,0,,0,1
S2_N120,6500723,2.4448722555564943,,,,-1.5519061659734792,0.3082843679753991,1.7587737093192444e-06,120,0.00035681951511171427,0.00027485094191049447,True,0.008129808124905066,0.005600926325414735,True,0.5412650059911723,0.3251411706556011,0.000398823765863245,0.0,0.00022402514898546073,0.0,1.016802366713889e-06,1.7344173815814925,3.4463448126537637,1,2.5778003177300075,3.2453886056567414e-06,1.756224430036818,3.783716001462079,1,0.0,0,1
S2_N120,6500724,2.2993313213286974,1.7525487130071529,3.0167061754143645,1.8593162031246712e-09,-1.234620050207981,0.31809367451522463,0.00017234487432923643,120,9.211975395680836e-08,1.706082157711836e-08,True,0.00415916333118658,0.0017607500181893478,True,0.0035164040637281906,0.003089827069486157,0.0014503946609347334,0.04166666666666674,0.00254638989548877,0.041666666666666664,1.8593162031246712e-09,1.7525487130071529,3.0167061754143645,0,2.3397380554756038,5.755664634171709e-09,1.7576171569032686,3.114656765120577,0,,0,1
S2_N120,6500725,3.307296013356311,2.475039621269024,4.419406794932121,6.087898646234657e-16,-1.898958201259458,0.28095818133026546,5.745010287446845e-10,120,5.205676338020612e-05,3.906218627643716e-06,True,0.002022957436152685,0.003579507823266643,True,0.34947852758534825,0.29594525162177343,0.0036268927397696406,0.05833333333333324,0.002031871684161417,0.058333333333333334,6.087898646234657e-16,2.475039621269024,4.419406794932121,0,3.4548063607831376,2.3314869797526246e-16,2.5691373299797666,4.64579563389927,0,,0,1
S2_N120,6500726,2.7324346443655565,2.0012502153784917,3.7307674114688663,2.511099546791475e-10,-1.8121506913531444,0.2955048709989366,1.2086465917531561e-08,120,0.00012620914017696586,0.00013255077142856686,True,0.016866442013169086,0.01055375244328064,True,0.02092844681315744,0.028371594692126863,0.0007272349252312397,-0.033333333333333326,0.0007374116820841232,-0.03333333333333333,2.511099546791475e-10,2.0012502153784917,3.7307674114688663,0,2.8393907374575433,9.081386062987946e-11,2.070965324817752,3.89293807257211,0,,0,1
S2_N120,6500727,4.169206451599608,2.882902203805164,6.029438811041454,3.3269270118148877e-14,-1.345972336035229,0.30369666128763334,2.1169159119045e-05,120,0.00011280683824917219,0.00019200517602630633,True,0.0007600859820909621,0.0012378435973814251,True,0.11825036004309997,0.14591421340028984,0.0005468543689379638,-0.025000000000000022,0.00015603532646400357,-0.025,3.3269270118148877e-14,2.882902203805164,6.029438811041454,0,4.239008383272064,2.6987403150785852e-17,3.03336510159253,5.9238474339989375,0,,0,1
S2_N120,6500728,3.8336585756432084,2.7038086101315444,5.43564289999346,4.5789481472513456e-14,-1.205255914825138,0.2787899699925646,3.2493873923866374e-05,120,3.842800640889804e-05,2.2862133895257744e-05,True,0.003917125959811951,0.008473310141550807,True,0.12068385135045179,0.1906049843167501,0.007456195369167684,0.08333333333333337,0.005931555391191531,0.08333333333333333,4.5789481472513456e-14,2.7038086101315444,5.43564289999346,0,4.573355748945484,3.654840863506112e-18,3.2456947498008053,6.44410039104766,0,,0,1
S2_N120,6500729,2.5015773249974305,1.8262283974090237,3.426673860629771,1.1218715185974587e-08,-2.074068601583115,0.30269293072502174,3.6135917311715337e-10,120,0.00035692150253664447,0.0006160982650879302,True,0.0099107834715202,0.005718841290025344,True,0.0874439990200497,0.0738110780711853,0.003538003342633468,-0.06666666666666665,0.001679084642268799,-0.06666666666666667,1.1218715185974587e-08,1.8262283974090237,3.426673860629771,0,2.6678051373219924,1.3119467847480522e-09,1.9429395525057636,3.663101222857268,0,,0,1
S2_N120,6500730,3.4144208097842204,2.4839500736589866,4.693439530012091,3.87983142472504e-14,-1.5935714550647224,0.31779591052858935,1.9124649334377107e-06,120,0.027166665378586044,0.019076201128959126,True,5.611423557176775e-05,9.51211819767638e-05,True,0.19964682825729474,0.248529541718842,0.002051024844294811,-0.050000000000000044,0.00012793887419106748,-0.05,3.87983142472504e-14,2.4839500736589866,4.693439530012091,0,3.5273087498952673,1.4452573933342314e-13,2.5251819416666255,4.9271328975511475,0,,0,1
S2_N120,6500731,3.122984425401281,2.3820564314907697,4.094374756350839,1.7015973109832807e-16,-1.0090891691299977,0.296604833692125,0.0009158213510030358,120,0.003497082100956685,0.0005915498681704146,True,0.016170097727891332,0.005031905961829223,True,0.009793340720573562,0.014835838672336232,0.003113568733605538,0.06666666666666665,0.0023177596635358642,0.06666666666666667,1.7015973109832807e-16,2.3820564314907697,4.094374756350839,0,3.5841780843581756,7.701668138044412e-16,2.6275951308739773,4.889007590800551,0,,0,1
S2_N120,6500732,2.2331768026898193,1.7110039407999516,2.91470902734467,3.375657036886173e-09,-1.2833333333333328,0.2982543052732113,3.517929668016803e-05,120,0.003580302346584936,0.0015420645954880565,True,0.0001720718799165661,5.882920268886178e-05,True,0.5181276061541913,0.6298615100019793,0.00011667442003093313,0.0,2.413949744310149e-05,0.0,3.375657036886173e-09,1.7110039407999516,2.91470902734467,0,2.363554547630694,2.1769164812661224e-09,1.7832434393399323,3.1327131093741962,0,,0,1
S2_N120,6500733,2.680718320302316,1.8828990782533341,3.8165883640830995,4.4794090677332655e-08,-0.993731331234357,0.2898673718033241,0.000839476726235679,120,0.0003876770489624255,0.0006042207151945766,True,0.05654810534459167,0.06531054470256682,True,0.8292633144146024,0.9286685276452797,0.00042616479318484895,0.008333333333333304,0.0011210501503524238,0.008333333333333333,4.4794090677332655e-08,1.8828990782533341,3.8165883640830995,0,2.8323851788009433,3.4598358708671292e-09,2.005190260656872,4.000820250574739,0,,0,1
S2_N120,6500734,2.476993171539208,1.8088498549656193,3.391931704562887,1.5554820269405018e-08,-2.196233113569306,0.28266142834644636,3.3378660001666457e-12,120,5.551962514154744e-06,7.992309509883122e-07,True,0.0003477816443147298,4.7233537298599926e-05,True,0.4721347302526767,0.4496885709877505,0.0009168569706646311,-0.04166666666666663,0.00037400086379624274,-0.041666666666666664,1.5554820269405018e-08,1.8088498549656193,3.391931704562887,0,2.711642001187095,6.31485532638696e-09,1.9365960340583799,3.7968694623384183,0,,0,1
S2_N120,6500735,2.8604467119058383,2.1710247625013257,3.7687987410267625,8.060870046547205e-14,-1.0039424194088358,0.344484869502553,0.0042719830127886,120,0.0013238862789781093,0.0028386831357835904,True,0.00012252166271295876,6.564262878910621e-06,True,0.7779106017387845,0.9265520665617716,0.0005734365203599549,0.02499999999999991,0.0007626860061639054,0.025,8.060870046547205e-14,2.1710247625013257,3.7687987410267625,0,2.9298906694138394,5.59360802872248e-13,2.187476309616282,3.9242753381974187,0,,0,1
S2_N120,6500736,2.38777531673455,,,,-1.1344465198044273,0.2945605381957661,0.00019217430568983744,120,1.7683079976340488e-06,1.0640049967971678e-05,True,0.020699100759709568,0.04912538378453906,True,0.5553858756474547,0.6131810061408014,0.002164106904388301,-0.050000000000000044,0.0026254919622748147,-0.05,1.4275069131561348e-09,1.8364754502290777,3.104572382111393,1,2.5297647315959346,4.701084680221905e-08,1.8464478532677395,3.4659573980932112,1,0.0,0,1
S2_N120,6500737,2.6464058203303673,1.8862770730313156,3.712849965685912,1.7672901563285215e-08,-1.976411607392329,0.27267958722703634,4.905969409305811e-11,120,2.342864943408005e-05,0.0018956081894589704,True,1.903100093603264e-05,3.862690692440578e-06,True,0.9230306267622699,0.9957886156504223,0.0004261613700423536,0.008333333333333304,0.000995304852193753,0.008333333333333333,1.7672901563285215e-08,1.8862770730313156,3.712849965685912,0,2.8680818611191214,4.844152026803542e-08,1.9644399670197659,4.187398800768624,0,,0,1
S2_N120,6500738,2.4120858864565466,,,,-1.9294486628553096,0.35980715686477893,4.1912439321228865e-07,120,3.568769167744192e-05,1.2732694551866349e-05,True,0.04452474522921814,0.06290782584315918,True,0.7620859602731386,0.8971306252965899,0.05926303483236081,-0.1499999999999999,0.05632354785915353,-0.15,6.298804856377933e-05,1.5845111779355625,3.6718947803342488,1,2.5851350727452655,1.4987274079021959e-05,1.7044705946913385,3.9208205557502596,1,0.0,0,1
S2_N120,6500739,2.699390180401214,2.0249659442744052,3.59843451523206,1.2846469163575498e-11,-1.3461656829342443,0.30773774650489194,2.6579462939690367e-05,120,0.000787430215984753,0.0002873935309275488,True,0.00019485805546936503,2.7352117843162242e-05,True,0.5445620078651107,0.6602903659044206,0.0011294944123884912,0.04999999999999993,0.0001771849187005591,0.05,1.2846469163575498e-11,2.0249659442744052,3.59843451523206,0,3.139401855878119,9.86413774261086e-13,2.292527401532677,4.299117212776527,0,,0,1
S2_N120,6500740,2.613049976505001,1.9374126163019412,3.5243035594275574,3.1180957981270865e-10,-1.1263400672465007,0.3143539283956636,0.0004961978966847687,120,0.000460365264918643,0.0006390411479943218,True,0.0008088220481858735,0.003839923884829661,True,0.13907995178073965,0.29295563016620507,0.00045139795557736824,0.016666666666666607,0.0002284137963262237,0.016666666666666666,3.1180957981270865e-10,1.9374126163019412,3.5243035594275574,0,2.7132191579479414,3.316783599863437e-10,1.9873060710480646,3.7042900971833705,0,,0,1
S2_N120,6500741,2.529548568926425,1.9265421578072899,3.3212955847487726,2.3973057791147726e-11,-0.8721020284912424,0.2920524660435767,0.0034419571223550417,120,3.144669415358124e-05,2.4791152204906983e-06,True,0.07972339339302328,0.06649402331658698,True,0.9330553464666275,0.7717054681604193,0.0014561228545245735,0.04166666666666674,0.0013440006887852646,0.041666666666666664,2.3973057791147726e-11,1.9265421578072899,3.3212955847487726,0,2.5185596437856455,9.088785796477337e-10,1.8740379140154928,3.3847461846245435,0,,0,1
S2_N120,6500742,2.8739349616259915,2.196731450803423,3.759905272278682,1.359884201973905e-14,-1.6333333333333322,0.3264539346527885,2.0061967225515647e-06,120,1.1896321917473021e-05,5.4223209925928595e-05,True,0.5404860687476393,0.6969799055454562,True,0.2433494572619992,0.2848968518598325,0.0058899673175496,-0.07500000000000007,0.009159447232164592,-0.075,1.359884201973905e-14,2.196731450803423,3.759905272278682,0,2.821783259889806,2.9027906638948434e-12,2.1089219746270778,3.7756070929093273,0,,0,1
S2_N120,6500743,3.0743158539968314,2.3019689063896673,4.105797408427884,2.778282882600192e-14,-1.6666666666666692,0.285338985281217,4.757073384609429e-08,120,1.4075951876447535e-05,4.433861370554115e-06,True,0.029301627128912086,0.01067513196809803,True,0.39491837832465637,0.3798780337084354,0.0010218004602065064,-0.04166666666666663,0.0013440006887852646,-0.041666666666666664,2.778282882600192e-14,2.3019689063896673,4.105797408427884,0,3.205194246822421,1.9156412914336809e-13,2.349881073449237,4.371825568510189,0,,0,1
S2_N120,6500744,3.430289260889854,2.4767889808166763,4.7508627115646895,1.1881219740691884e-13,-1.4383187894197649,0.3217708514813039,1.8194258624608656e-05,120,6.296980585062981e-05,2.8075136707548532e-05,True,0.016312520287281255,0.010570815944093204,True,0.3457218548287111,0.2563070866938886,0.0004006303634832328,-0.02499999999999991,6.623411779481626e-05,-0.025,1.1881219740691884e-13,2.4767889808166763,4.7508627115646895,0,3.7388609352945106,1.955559400659474e-13,2.6305648829829993,5.314098573998825,0,,0,1
S2_N120,6500745,2.724511296705835,2.0065817344899974,3.6993069747863365,1.3380222815842353e-10,-1.3547572475948868,0.3056121657440246,2.108806505672108e-05,120,2.958749577278416e-06,4.909710184651654e-08,True,0.050084218725659053,0.06426124305946278,True,0.49953087076191727,0.5085796921106722,0.0005938767372606915,0.025000000000000022,0.00038073816243711214,0.025,1.3380222815842353e-10,2.0065817344899974,3.6993069747863365,0,2.7289145544310562,2.1094800633062176e-09,1.9647668688807087,3.7902586629161017,0,,0,1
S2_N120,6500746,2.61730151327207,1.896566630215994,3.611930686872896,4.7808172495374964e-09,-1.6833333333333373,0.2991652751699482,1.2752666438065992e-07,120,0.0013245790876606114,0.0012726404134758454,True,0.00024188321248549396,5.504577665276895e-05,True,0.6382133821805328,0.516917242382577,0.011092581742200522,-0.10000000000000009,0.014498485434798574,-0.1,4.7808172495374964e-09,1.896566630215994,3.611930686872896,0,2.944076688406011,1.3309070567858051e-09,2.076677993463613,4.173775411737938,0,,0,1
S2_N120,6500747,2.170480136680052,1.5987580345961032,2.9466522899525582,6.759277426677497e-07,-0.955256698462847,0.3133357103151495,0.0028427084829176193,120,2.688499361506321e-05,4.049270134499955e-06,True,0.27393991920994964,0.22732265573303856,True,0.8765612217165164,0.6752769938139085,0.0002266374116115648,0.016666666666666607,0.00014518437035837133,0.016666666666666666,6.759277426677497e-07,1.5987580345961032,2.9466522899525582,0,2.2373214249488056,8.592758396194748e-07,1.6234834532789184,3.0832511094740287,0,,0,1
S2_N120,6500748,3.9432222400670356,2.937934962452431,5.292493480379776,6.39517223073623e-20,-1.9314884862115704,0.3106492851192397,8.048932453696317e-09,120,6.646826845619151e-06,1.0445178375950731e-05,True,0.0015031765424937974,0.0011247084911978752,True,0.2912543082771689,0.28833943430322506,0.0007660016054276156,0.04166666666666674,0.00037400086379624274,0.041666666666666664,6.39517223073623e-20,2.937934962452431,5.292493480379776,0,4.563032561833279,2.134334689608298e-21,3.3359280979641337,6.241521264519365,0,,0,1
S2_N120,6500749,1.7816036688724062,1.3467252925232132,2.3569109829315145,5.235354892333935e-05,-1.4825819467692418,0.2944994003518152,1.7569966920414527e-06,120,0.00011157339306234213,4.206223958463603e-05,True,0.0010908267688772033,0.0004983714565819148,True,0.769214858675128,0.5392832946002355,0.002682936552299343,-0.04999999999999993,0.001114833640254121,-0.05,5.235354892333935e-05,1.3467252925232132,2.3569109829315145,0,1.8969322759233087,1.2810383152734954e-05,1.422831362072829,2.529008113932337,0,,0,1
S2_N120,6500750,2.480774717867465,1.830305665341085,3.3624128020515807,4.7389108511502906e-09,-1.1778664247696713,0.2896636304202201,8.694384566885153e-05,120,0.002315446469468014,0.0024695969912558913,True,9.012160032766087e-05,1.1794927320135362e-05,True,0.5215378906768682,0.5149779188258051,0.0034754184540259237,0.05833333333333335,0.0014890732218832685,0.058333333333333334,4.7389108511502906e-09,1.830305665341085,3.3624128020515807,0,2.724708762693932,1.8469130466850156e-10,2.001947560407535,3.7084077466993155,0,,0,1
S2_N120,6500751,3.389695001841845,2.534349544287901,4.533720390468097,1.9102294253756044e-16,-1.1811710900819827,0.3086274676924631,0.00020969729140729826,120,5.626880876254488e-05,7.341348160624258e-05,True,0.0022416607223979044,0.0020597019115772696,True,0.04428504778476683,0.0179770632438136,0.009068285776676557,0.09166666666666667,0.008565792796947722,0.09166666666666666,1.9102294253756044e-16,2.534349544287901,4.533720390468097,0,3.557063957735021,1.1235089982365967e-15,2.6078837391783813,4.851713214563694,0,,0,1
S2_N120,6500752,1.9987681006548375,1.4646024910166289,2.727753055658286,1.270264942603665e-05,-1.360511742892461,0.30202079260655945,1.5836797752565398e-05,120,1.3484191792199559e-05,2.3486687432318723e-05,True,0.024246415658431983,0.04503581948438661,True,0.28145589066874954,0.12296352505188721,0.0029559181517130814,0.05833333333333335,0.004707557962904475,0.058333333333333334,1.270264942603665e-05,1.4646024910166289,2.727753055658286,0,2.11539840623589,5.182510540799499e-06,1.5326716484023397,2.9196797773156438,0,,0,1
S2_N120,6500753,2.6266267034150323,1.939543404675384,3.5571092776073314,4.3324115411817725e-10,-1.7826912990152568,0.3045493500875135,4.487849042556499e-08,120,1.0157604570814947e-07,3.326088284253436e-09,True,0.112468870710214,0.14555118704114042,True,0.10168149178255648,0.07735367948741,0.02096923160508255,-0.10833333333333339,0.016903557849361157,-0.10833333333333334,4.3324115411817725e-10,1.939543404675384,3.5571092776073314,0,2.7455990189531456,2.8279838592200458e-11,2.0391968824779445,3.696707285917503,0,,0,1
S2_N120,6500754,2.7115548124229267,2.037987562570096,3.607740123547023,7.563169512512412e-12,-1.7279137537079197,0.28155650665499743,1.182390116708034e-08,120,7.99564038003242e-07,1.7902170672680508e-07,True,0.00432649577249278,0.0005185303698774945,True,0.09262378911582299,0.1479819616799703,0.00944459349530247,0.09166666666666667,0.011419986113754414,0.09166666666666666,7.563169512512412e-12,2.037987562570096,3.607740123547023,0,3.1932464432435794,1.0547633707408983e-12,2.3200166616569495,4.395150696894233,0,,0,1
S2_N120,6500755,2.288444989723848,1.6585924482461736,3.1574848158327633,4.6396169675519344e-07,-1.5500000000000034,0.3196238897667719,3.847756618120466e-06,120,0.0003134794341164186,0.0005045871921385546,True,1.453747410325525e-05,9.222589386216265e-07,True,0.4173870297154255,0.4730117247665482,0.0019141865038988768,0.06666666666666665,0.0011584858112279428,0.06666666666666667,4.6396169675519344e-07,1.6585924482461736,3.1574848158327633,0,2.2823282108845375,2.4391816771857736e-06,1.6193714520529412,3.2166937706575793,0,,0,1
S2_N120,6500756,2.8310966206375285,2.145071216561146,3.736523064364544,1.9765949806522647e-13,-1.2953699050063285,0.29161258337515167,2.033427384621201e-05,120,2.3514431284088218e-05,2.6343656547677432e-05,True,0.016719629356969353,0.009020592740085176,True,0.7066686105344177,0.4073558974613126,0.0034446208092217766,-0.05833333333333335,0.0038225411762604564,-0.058333333333333334,1.9765949806522647e-13,2.145071216561146,3.736523064364544,0,3.176255337986961,3.958404379033488e-14,2.3541388776249774,4.285472733991275,0,,0,1
S2_N120,6500757,2.5585485134538484,1.9390901022112754,3.375898050447402,3.097192622263982e-11,-1.4330342518438082,0.2866470477230009,2.0404176088279687e-06,120,0.0005072556236460486,0.0002339737188467933,True,0.0004472225807857694,0.0005620220276810883,True,0.89538995241171,0.7498007662926434,0.001325828382923005,-0.04999999999999993,0.0017762334022427362,-0.05,3.097192622263982e-11,1.9390901022112754,3.375898050447402,0,2.5830857175815027,1.1291743750244458e-10,1.9358605991131397,3.4467005668849757,0,,0,1
S2_N120,6500758,2.417766214249707,1.8262855347611617,3.2008102542036703,6.939490967092166e-10,-1.4499999999999988,0.3312580475910266,2.6281840944753582e-05,120,6.19239787561512e-05,6.932114563140268e-06,True,0.2030151327924864,0.28679014272411063,True,0.7904160985139924,0.6444456503350026,0.0001297026504938754,0.0,7.618512286987244e-05,0.0,6.939490967092166e-10,1.8262855347611617,3.2008102542036703,0,2.562417397881322,3.4174685220255658e-09,1.8755609428772955,3.5008102220832242,0,,0,1
S2_N120,6500759,3.6753854535610495,2.702015651333373,4.9994004385511595,1.110976553077323e-16,-1.555984035792363,0.2996509923488323,8.853522183850644e-07,120,0.0015806287531192746,0.00012465844062482584,True,0.12071804918312724,0.12828105686144073,True,0.04129600567050759,0.06292909505304939,0.0007072698598172729,0.04999999999999993,0.0007747204583669248,0.05,1.110976553077323e-16,2.702015651333373,4.9994004385511595,0,4.523839220142762,1.2547690058816447e-16,3.1644651634267515,6.467165929404798,0,,0,1
S2_N120,6500760,2.779044536390743,2.0726810439859893,3.7261345915485893,8.43139340938806e-12,-0.6548155858019744,0.29105259743734463,0.026330292607410835,120,2.8601439561705095e-05,1.623024826139192e-05,True,0.01811509681605273,0.018375048192048552,True,0.738180606543621,0.5836632129285567,0.05705750178776138,0.1416666666666666,0.05646658109660128,0.14166666666666666,8.43139340938806e-12,2.0726810439859893,3.7261345915485893,0,2.8919396595649647,4.581403162510462e-11,2.108135178071917,3.967162581203043,0,,0,1
S2_N120,6500761,2.799250431884976,2.1085582960361324,3.7161898701775096,1.0776166830614093e-12,-1.6017590729896756,0.2985052706194514,4.1269222863649704e-07,120,0.0008061131272252473,0.0026544659673702394,True,0.08971973433681553,0.07939541327305462,True,0.04357633495206294,0.06433729447215972,0.00038858046750791424,0.033333333333333326,0.0005151002191871772,0.03333333333333333,1.0776166830614093e-12,2.1085582960361324,3.7161898701775096,0,3.1294925390616477,7.208222206964806e-12,2.2582788283762074,4.336808824924688,0,,0,1
S2_N120,6500762,3.7453770518426794,2.746850422076274,5.106885015554092,6.993456560290413e-17,-1.5062943810540923,0.3089709764917982,3.4532265309754263e-06,120,0.00040828307904008785,6.969633135303148e-05,True,0.005985596140791775,0.003006919231842758,True,0.7746838319486367,0.9978955675177782,0.010946877125468879,0.09166666666666667,0.00768905573087099,0.09166666666666666,6.993456560290413e-17,2.746850422076274,5.106885015554092,0,4.059445894184447,3.3124486363456135e-17,2.931450997723424,5.62148266527692,0,,0,1
S2_N120,6500763,2.3830009141054522,1.7294499357458852,3.2835257264491378,1.1000708973704948e-07,-1.2166666666666708,0.3244997114063909,0.00027709674774943345,120,3.6986628387381705e-06,6.105132248999655e-08,True,0.006789877664740629,0.05583500886681609,True,0.3663806814385886,0.45723275506552585,0.0021633207442982192,0.05833333333333335,0.0038225411762604564,0.058333333333333334,1.1000708973704948e-07,1.7294499357458852,3.2835257264491378,0,2.583020012065525,1.0977424536928449e-08,1.8654581830680217,3.576597129482639,0,,0,1
S2_N120,6500764,2.877106481887471,2.105613556851588,3.931272992227581,3.247957973946235e-11,-1.3833333333333373,0.30921187033540826,1.792535583009699e-05,120,0.0005918277043728982,0.00033667879372793714,True,0.03185797829070836,0.029441814114502696,True,0.5568041136420838,0.5657542743520521,0.0008124211549433798,0.033333333333333326,0.0004229743957039548,0.03333333333333333,3.247957973946235e-11,2.105613556851588,3.931272992227581,0,3.0866728989597516,1.603613581766668e-11,2.223876866477963,4.284207335751343,0,,0,1
S2_N120,6500765,2.9313410547936116,2.1001283360217484,4.09154061308258,2.5961199794107194e-10,-1.2645293484559956,0.26579639401870525,5.6462170861055214e-06,120,4.039330573994871e-06,1.267746056842579e-06,True,0.006744938846403338,0.004703508857048929,True,0.20605266745231066,0.2538527759957835,0.0010421431044355801,0.050000000000000044,0.0006333151549355015,0.05,2.5961199794107194e-10,2.1001283360217484,4.09154061308258,0,2.9828989217127644,8.430050409645018e-10,2.1039933671516104,4.228951533816322,0,,0,1
S2_N120,6500766,2.6143491777681596,2.001148433678921,3.4154496029721715,1.8313761745180243e-12,-1.221558841363872,0.30118678060650395,9.043965946080197e-05,120,0.0010251549697014553,0.0012942895499446624,True,0.12696989487174803,0.13739013683153617,True,0.7437478073907539,0.8868721535334334,0.010461873282150033,-0.09166666666666667,0.011419986113754414,-0.09166666666666666,1.8313761745180243e-12,2.001148433678921,3.4154496029721715,0,3.152624459567164,4.789925614972002e-16,2.3892219554332566,4.159948790215612,0,,0,1
S2_N120,6500767,3.0761687490875307,2.2071802728128347,4.287286493732257,3.260505738970467e-11,-1.3067541298049437,0.3006844909726846,2.972403633974345e-05,120,5.4015582124020364e-05,6.759713864571388e-05,True,0.009561916822381233,0.010043659095211212,True,0.319994442738051,0.2444973249962974,0.0009109759551507065,0.04166666666666674,0.0020120197006643125,0.041666666666666664,3.260505738970467e-11,2.2071802728128347,4.287286493732257,0,3.2514998506642865,2.822728926425812e-10,2.254131134749739,4.690166918813108,0,,0,1
S2_N120,6500768,2.726192252050113,1.988293027941889,3.7379420893665594,4.731946259131945e-10,-1.5739949737262973,0.30174062950340436,7.981392660487598e-07,120,3.010959974795033e-06,2.5656623487691365e-07,True,0.04781456583966249,0.06551509874332723,True,0.7243460051255458,1.0,0.0015970935543270855,0.04166666666666663,0.0022702811238143206,0.041666666666666664,4.731946259131945e-10,1.988293027941889,3.7379420893665594,0,2.9733382145099543,8.144868504644266e-11,2.140422281833016,4.130371942444088,0,,0,1
S2_N120,6500769,2.7303454396053244,2.033424155432194,3.6661245513674516,2.389406271094834e-11,-1.1100392469899552,0.258507127579796,3.640235709617983e-05,120,0.0005918811709387716,0.00016095712125899212,True,0.010913004195643903,0.03443177776165091,True,0.6560322949764885,0.6424788562886609,0.00021356161592715148,-0.008333333333333415,0.00025141462374122007,-0.008333333333333333,2.389406271094834e-11,2.033424155432194,3.6661245513674516,0,2.881893327827884,1.5220260254836632e-10,2.08436322981825,3.9845786157449505,0,,0,1
S2_N120,6500770,3.1604923981491067,2.2514809302787926,4.436507573493605,2.92468523174686e-11,-1.6886254557059905,0.282484112362081,2.5106639349676967e-08,120,0.00025143131337249813,4.774920777648977e-05,True,0.0008812165564147958,0.0007013380193622788,True,0.23061766172348475,0.4092300114290389,0.008245293658423424,0.08333333333333337,0.008965127889858922,0.08333333333333333,2.92468523174686e-11,2.2514809302787926,4.436507573493605,0,3.350103871737143,3.2646347847466505e-12,2.384095174533585,4.707528487667804,0,,0,1
S2_N120,6500771,3.213272447429772,2.3924919809097607,4.315634035055416,8.722960432280674e-15,-1.541897061723525,0.3230782783683391,5.305205591969975e-06,120,0.00015499254685177194,0.0006083578037380043,True,0.007442944337268817,0.0063923620104453125,True,0.03823662569526523,0.051134270328628474,0.0004267229893480415,-0.008333333333333304,0.00020623800138594417,-0.008333333333333333,8.722960432280674e-15,2.3924919809097607,4.315634035055416,0,3.391975482011106,3.586837887459034e-14,2.472895050279864,4.652642929291466,0,,0,1
S2_N120,6500772,2.738908963401059,2.0259244292585237,3.7028144788915998,5.7875515800220406e-11,-1.60717643856632,0.3305425202286005,3.6466192517032428e-06,120,0.000422051475765941,0.00015196900586960185,True,3.9522534540568356e-05,0.00022303809860790258,True,0.4468334932240108,0.583675066865321,0.000535579482706712,0.025000000000000022,0.0010224416988120378,0.025,5.7875515800220406e-11,2.0259244292585237,3.7028144788915998,0,3.186266537080442,8.091666716253851e-11,2.2464666625058087,4.519227734274174,0,,0,1
S2_N120,6500773,2.740367748153391,1.9965180259360233,3.761356169874083,4.4027691395610925e-10,-1.348253623455199,0.2982641895450544,1.4873092418915504e-05,120,1.7553277973534046e-05,1.6267779188604994e-05,True,0.04031617022161162,0.02949275980339414,True,0.24284617942815767,0.30321355573841513,0.0013772862764733099,0.05833333333333335,0.0005516931540963696,0.058333333333333334,4.4027691395610925e-10,1.9965180259360233,3.761356169874083,0,2.839756266741729,2.3789820789593896e-09,2.015843763406492,4.000416997035292,0,,0,1
S2_N120,6500774,2.4248596275598704,1.8053738404667812,3.2569122702307065,3.982629480756894e-09,-0.8419334229435274,0.31914339726817215,0.009471058177106133,120,6.40016483346585e-06,4.650857123858671e-05,True,0.40184541186723255,0.6467604962359502,True,0.08575975290241969,0.08680480310886866,0.005496056994222869,0.07499999999999996,0.004028676861892427,0.075,3.982629480756894e-09,1.8053738404667812,3.2569122702307065,0,2.5319682919470488,5.078608882055056e-10,1.8891109163168547,3.3935876268844667,0,,0,1
S2_N120,6500775,2.40411790044701,1.7118217028028806,3.3763930377714653,4.144595383470059e-07,-2.027237831330771,0.30442110566312536,9.400394221701395e-10,120,0.00023351646033892715,0.00014603082903931618,True,0.12353070140535692,0.07261705010381425,True,0.40056415678447543,0.5271890419600056,0.0029926252327678415,-0.07500000000000007,0.003529320441617747,-0.075,4.144595383470059e-07,1.7118217028028806,3.3763930377714653,0,2.5811857890403624,7.510881234067895e-08,1.8270455755493349,3.646608583116877,0,,0,1
S2_N120,6500776,2.6872435854912555,2.020241730017492,3.57446239252833,1.113818651255205e-11,-1.1745481524225632,0.3031720693879347,0.0001768636105284084,120,0.0002916178048313546,0.00010371550285502568,True,0.031220584158455484,0.03610734635742373,True,0.7945750050610477,0.8248508805607528,0.0052875414658011995,0.07500000000000007,0.003064606882139302,0.075,1.113818651255205e-11,2.020241730017492,3.57446239252833,0,2.9142455286993623,5.857045870389389e-12,2.14907675923091,3.9518490742897203,0,,0,1
S2_N120,6500777,3.2333044881695767,2.420194489369731,4.319594131436946,2.0132689263046113e-15,-1.4239450229852713,0.29060609997943104,3.1115954221025894e-06,120,8.088160795182686e-06,3.995215584419188e-06,True,0.01456267803450384,0.04539480912078522,True,0.8560804224063262,0.9201574787338208,0.0020633824222398072,-0.04166666666666663,0.0017716078385045465,-0.041666666666666664,2.0132689263046113e-15,2.420194489369731,4.319594131436946,0,3.599355804927375,2.146154031864787e-12,2.604531589059692,4.9741620584996,1,0.0,0,1
S2_N120,6500778,2.524167673111452,1.8814426673433873,3.3864558046710953,6.603510580686259e-10,-1.1263452656140491,0.3330830923910177,0.0009805100857901503,120,1.8872342860020877e-05,1.8846180821220307e-05,True,3.3819691979411416e-05,8.896397453671372e-05,True,0.3730852356331108,0.5705507997738836,0.006330527065501145,-0.07499999999999996,0.006355754296259193,-0.075,6.603510580686259e-10,1.8814426673433873,3.3864558046710953,0,2.7434972383712197,1.3182480494801444e-09,1.9800027993452094,3.8013971997613485,0,,0,1
S2_N120,6500779,2.905165930932345,2.116073922805057,3.988513347899488,4.23969557827287e-11,-1.0455239729251908,0.3450978482096964,0.003013870962935746,120,0.0023167857852249333,0.0046053869773994335,True,0.3679707219499827,0.4468532859056107,True,0.03337647434470623,0.08315756704776218,0.01213519892901462,0.09999999999999998,0.011018652783957647,0.1,4.23969557827287e-11,2.116073922805057,3.988513347899488,0,3.040413972837313,2.1689345823904605e-10,2.15698127791142,4.285673325442743,0,,0,1
S2_N120,6500780,2.6552821259381374,2.0158060322544293,3.4976198381753125,3.7423750238109255e-12,-0.9109890370824989,0.32253418866376937,0.00556908226981521,120,0.0006424428412928616,0.0008776134292051433,True,0.039082947503299666,0.060352331405752115,True,0.705520104753453,0.6333547973763111,0.0010899033695788215,-0.04166666666666663,0.00022821986376204905,-0.041666666666666664,3.7423750238109255e-12,2.0158060322544293,3.4976198381753125,0,2.627919286910943,7.71191201961974e-11,1.9642832181923398,3.5157658094100235,0,,0,1
S2_N120,6500781,1.9974632465845608,1.4621033328432058,2.728849139340552,1.3844946175998789e-05,-1.1723419865550346,0.31848529275887927,0.0003528446789511522,120,0.021485096937511404,0.013518072798122656,True,0.04162393937313062,0.029458226910093997,True,0.23356207970992637,0.18932695929537402,0.0007780212856888308,0.033333333333333326,0.00021479228004967526,0.03333333333333333,1.3844946175998789e-05,1.4621033328432058,2.728849139340552,0,1.9741940917085776,3.977498877188335e-05,1.4271956976728295,2.7308394483616962,0,,0,1
S2_N120,6500782,3.4734637764686935,2.4651726848364857,4.894160429674087,1.1006287428268465e-12,-1.0999999999999979,0.3214954906973179,0.0008585382017942159,120,0.00015503671329521242,5.890087626440543e-05,True,0.0047592937933415395,0.010371724474925625,True,0.9690161940213952,0.8370719483046516,0.0010234535932958258,0.04166666666666663,0.0006949394686485515,0.041666666666666664,1.1006287428268465e-12,2.4651726848364857,4.894160429674087,0,3.748493552439715,5.202068958546135e-13,2.6186287354864946,5.3658633323107,0,,0,1
S2_N120,6500783,2.494860148600469,1.8631567138303442,3.3407426841076404,8.391021762073226e-10,-1.4785066955913506,0.3202997934604455,1.0099692840849587e-05,120,7.371540499216113e-07,1.0717276257883672e-06,True,0.017293523950209572,0.013110985069320704,True,0.14918393258149412,0.1069785459493621,0.0037274328410481753,-0.06666666666666665,0.0026817165531350926,-0.06666666666666667,8.391021762073226e-10,1.8631567138303442,3.3407426841076404,0,2.601137601570525,1.2101800524804515e-09,1.9111984383272071,3.5401435490005895,0,,0,1
S2_N120,6500784,2.4147727190029875,1.82058689612504,3.202883255312957,9.495043407101668e-10,-1.3546124054834972,0.28083669594325783,4.289747398687371e-06,120,4.701173494604565e-05,1.241020276428782e-05,True,0.32759992892332157,0.6431095054188802,True,0.5766772128309614,0.4004051061469961,0.04149392935575789,-0.1333333333333333,0.036371049580524034,-0.13333333333333333,9.495043407101668e-10,1.82058689612504,3.202883255312957,0,2.9655319764855577,1.2514345861480133e-10,2.1294359628974533,4.129910481831121,0,,0,1
S2_N120,6500785,2.324321917507918,1.7775129303757584,3.0393435028715245,7.122618102112712e-10,-1.2701176577853484,0.3394965621723936,0.00028527256901738593,120,5.36927077395791e-06,1.3242233430550864e-06,True,0.04136800106326647,0.08069755186345139,True,0.44463812767445743,0.5947175037436854,0.0007054959458356617,0.02499999999999991,0.00038073816243711214,0.025,7.122618102112712e-10,1.7775129303757584,3.0393435028715245,0,2.3637408458169675,7.111477538751107e-09,1.7664256432000858,3.1630376334786,0,,0,1
S2_N120,6500786,2.6630570308569834,1.9249055063671925,3.6842705920567798,3.335011226846634e-09,-1.9258397146180224,0.2823392040543391,4.218204081956151e-10,120,2.171159507754232e-06,5.964795920779693e-07,True,0.5177056834548633,0.3598692884541862,True,0.473771424054378,0.3801251424983516,0.03511755867639558,-0.1333333333333333,0.033964664809730004,-0.13333333333333333,3.335011226846634e-09,1.9249055063671925,3.6842705920567798,0,2.833953225268858,2.921909696282362e-10,2.0498159956306607,3.918054547398924,0,,0,1
S2_N120,6500787,2.5473484065028864,1.8757821356374607,3.459348386377289,2.116750835143425e-09,-1.0988596990707147,0.3423617340909474,0.0017155217620342127,120,2.2836494795362675e-05,8.729246634287005e-07,True,0.029112711286681126,0.019492152063824368,True,0.41725282742239156,0.5195273202636919,0.0012813952958103956,0.04166666666666663,0.001548980731183716,0.041666666666666664,2.116750835143425e-09,1.8757821356374607,3.459348386377289,0,2.5378134808732975,7.952481563827343e-09,1.8495211348965286,3.4822512390822484,0,,0,1
S2_N120,6500788,2.699675499407727,,,,-1.2597705495299276,0.2802356933496717,1.6438161398354995e-05,120,0.00011808842654822187,1.2540360208491265e-05,True,0.03063850311091726,0.018927132933911232,True,0.16487984310772452,0.29437747105918133,0.005324218716305265,0.07500000000000007,0.002241304891997705,0.075,5.7875451089285255e-09,1.973672066219395,3.6927349415564934,1,2.9160414234583305,9.050641441749901e-06,1.8467851515813503,4.604378357733573,1,0.0,0,1
S2_N120,6500789,3.281994569018315,2.3744694857095,4.536376826862931,6.180839240648253e-13,-1.3090806049601345,0.29560321970495046,2.1461593469237132e-05,120,0.00038419852689521033,8.61873127106157e-05,True,0.04782931903601983,0.06545826060972633,True,0.9659638519111656,0.8661069375595182,0.00020097473108499192,-0.008333333333333304,0.0003031028190453968,-0.008333333333333333,6.180839240648253e-13,2.3744694857095,4.536376826862931,0,3.3882123500869064,1.961047572383298e-13,2.447231828599489,4.691007527411591,0,,0,1
S2_N120,6500790,3.553149797956517,2.6034031940421767,4.84937312653305,1.352899882317451e-15,-0.8666666666666651,0.28700024641860433,0.0031066958316804667,120,2.0074705853399213e-05,6.960015822500526e-06,True,0.01537339288822764,0.01304987179791296,True,0.967403629964323,0.9789846770597883,0.032652994081887876,0.125,0.031122301479967838,0.125,1.352899882317451e-15,2.6034031940421767,4.84937312653305,0,3.993971840028068,1.682063793960929e-17,2.9037333020846274,5.493552402861924,0,,0,1
S2_N120,6500791,3.656836724688146,2.579430349195116,5.184266687100377,3.313577712813931e-13,-1.2563012943682312,0.33265319193499776,0.00025144190446568126,120,8.722862430732254e-06,3.231689824545025e-06,True,0.026410285984049084,0.014027666148113713,True,0.2655171950755496,0.28838161648502314,0.005721298796168825,0.07499999999999996,0.004028676861892427,0.075,3.313577712813931e-13,2.579430349195116,5.184266687100377,0,3.8390433897348886,7.884402675328709e-13,2.656863921651024,5.547237112207283,0,,0,1
S2_N120,6500792,2.3833634329281437,1.7702348186227148,3.2088518391241054,1.0418250887659503e-08,-1.2122285198888987,0.33710595272911204,0.0004744933671756408,120,1.1214385865004021e-05,2.5695785059825715e-05,True,0.2943583743479212,0.2989997570323205,True,0.14578539106622634,0.15600793802456378,0.007187334361923239,-0.07500000000000007,0.002241304891997705,-0.075,1.0418250887659503e-08,1.7702348186227148,3.2088518391241054,0,2.46312591198465,1.1544840170715479e-08,1.807264027216716,3.3570021684289837,0,,0,1
S2_N120,6500793,3.6446303126873705,2.664049546976197,4.9861422927500545,6.082333396911346e-16,-1.470559979624082,0.3090094332499785,5.612660521411439e-06,120,1.129130737323442e-06,1.4502572523728244e-06,True,0.0016414001814306883,0.0013317717475102443,True,0.5925883271060874,0.727752795966552,0.0005105321440959227,0.033333333333333326,0.0002735622756239425,0.03333333333333333,6.082333396911346e-16,2.664049546976197,4.9861422927500545,0,3.7570816323317655,4.3520630565230926e-15,2.6991081210025722,5.229750628426668,0,,0,1
S2_N120,6500794,2.878402986260061,2.096481955706119,3.951955669716359,6.266117449840377e-11,-1.6954673320972034,0.3136650220701573,3.4625551592085236e-07,120,0.0028911229653967503,0.0013507321484777489,True,0.04739819971563533,0.02225207188885114,True,0.41584406992606815,0.25288326189723986,0.00535187950502846,0.07499999999999996,0.006355754296259193,0.075,6.266117449840377e-11,2.096481955706119,3.951955669716359,0,3.2113599867549767,1.236122287835171e-12,2.3272441243994733,4.431349877053432,0,,0,1
S2_N120,6500795,3.6381558326619317,2.624961094459476,5.042428206143598,8.848823291999345e-15,-1.8000000000000012,0.2764888106067364,1.9544845519765674e-09,120,0.0003712324640827325,0.0001278677010332993,True,0.006668889038844591,0.002922280193232042,True,0.16471017707221824,0.191644718425805,0.006416140140998282,-0.07499999999999996,0.007014867829833802,-0.075,8.848823291999345e-15,2.624961094459476,5.042428206143598,0,3.9008242400239337,1.828467416120344e-13,2.714865479412862,5.60485588215926,0,,0,1
S2_N120,6500796,2.943151704822162,2.10791571052636,4.109339815791119,2.3169418918489587e-10,-1.6119138176262946,0.30905990229322977,8.01097294333563e-07,120,2.1697701052346644e-06,4.670953341092052e-07,True,0.06640329117281843,0.049749153005159606,True,0.1602884760322113,0.2648648107927938,0.0019141865038988732,-0.06666666666666665,0.003075241961590814,-0.06666666666666667,2.3169418918489587e-10,2.10791571052636,4.109339815791119,0,3.3100438111651376,2.833831547062404e-10,2.281947724597838,4.801332613245355,0,,0,1
S2_N120,6500797,2.3633885885085677,1.8473526029777128,3.02357309118421,7.747703807584201e-12,-0.9166666666666654,0.2935073814453268,0.0022554953810640095,120,0.0011269824807161484,0.0004481077992143995,True,0.00011442563455740066,4.0432787152189243e-05,True,0.2322240284889091,0.288149528923499,0.0005707537545667016,0.033333333333333326,0.0005151002191871785,0.03333333333333333,7.747703807584201e-12,1.8473526029777128,3.02357309118421,0,2.549697094905087,5.86230902653618e-12,1.9531629096709127,3.328424497300527,0,,0,1
S2_N120,6500798,2.8382445437128623,2.0909357881160973,3.852644416772761,2.2159791897110523e-11,-1.3113494438484552,0.27326034435458213,4.753509475561515e-06,120,5.65833022168215e-05,9.761147597750567e-06,True,0.00969636278298522,0.004070271805892258,True,0.8248857972998871,0.8064469960810723,0.0012568424305032862,-0.04166666666666663,0.0031518408444185016,-0.041666666666666664,2.2159791897110523e-11,2.0909357881160973,3.852644416772761,0,2.9110762388999443,9.714658661048492e-11,2.106231667945859,4.023472345258499,0,,0,1
S2_N120,6500799,3.8410393679583947,2.7615323989581393,5.34253497506399,1.308564474541964e-15,-1.3048919271572028,0.3127942950581586,5.832976494614715e-05,120,0.0002853731013595504,0.000752629211064087,True,0.2689146587205993,0.34675314766028886,True,0.6442079152216396,0.733944661482245,0.0001339479912434784,0.0,0.0003187677849763662,0.0,1.308564474541964e-15,2.7615323989581393,5.34253497506399,0,4.656484341833302,1.3438927629058943e-18,3.3059787618484315,6.5586768662771,0,,0,1
S2_N120,6500800,2.510892911845543,1.8718392073414045,3.3681222137187015,8.077794327048161e-10,-2.3969879690340514,0.26994531272625183,9.355762005014483e-15,120,6.217239700215962e-06,1.5328250991223237e-05,True,0.0018405171368540995,0.003438463073690628,True,0.4437175729112298,0.5977693895426521,0.00014364689332609104,-0.016666666666666607,0.00022841379632622424,-0.016666666666666666,8.077794327048161e-10,1.8718392073414045,3.3681222137187015,0,2.876569941988507,6.306345770869478e-11,2.0954498010588964,3.948867983843049,0,,0,1
S2_N120,6500801,2.8996238783212087,2.0282220125551476,4.145413363864632,5.290758441812669e-09,-1.2363557522760802,0.31665773653569457,0.00015842731241316773,120,1.43959870307582e-06,2.4803350512892443e-05,True,0.06888597179967758,0.08689894404419378,True,0.44458079220024804,0.3127058838432324,0.12311247386260064,0.175,0.13758116639971255,0.175,5.290758441812669e-09,2.0282220125551476,4.145413363864632,0,3.2511387163208147,2.6923286753938893e-09,2.2046987117101002,4.794261862910733,0,,0,1
S2_N120,6500802,2.648412204667653,,,,-1.346224142187113,0.3327424835937333,9.388250796458361e-05,120,1.2658160697448312e-05,3.882706655396365e-06,True,0.051820084268533274,0.12517128519869963,True,0.9026637325476327,0.67490666608906,0.0012587465326891654,-0.033333333333333326,0.0013479227965063482,-0.03333333333333333,3.318424769653166e-08,1.911161733749803,3.670064695189642,1,3.0920598190871087,1.6644106469462006e-08,2.137922169959599,4.472021507215895,1,0.0,0,1
S2_N120,6500803,2.5169003483378076,1.849459651959283,3.425209821015572,4.3280467776530225e-09,-1.6166666666666676,0.3057619320166066,5.844247337313233e-07,120,1.3541311721941498e-06,9.473707223132677e-08,True,0.01121616828761232,0.05320084513927299,True,0.5600544329360213,0.7738983541555466,0.0014147367658112887,-0.050000000000000044,0.0005099988524315641,-0.05,4.3280467776530225e-09,1.849459651959283,3.425209821015572,0,2.611442159250029,7.033765631582652e-09,1.886973065879377,3.6140580246863956,0,,0,1
S2_N120,6500804,1.939859964634892,1.4893165060935412,2.5267004474849584,8.933970436921529e-07,-1.3112805587892906,0.31660969845700154,6.541557904143361e-05,120,1.2639305055526287e-05,5.762147437225571e-05,True,0.09599552836670525,0.22339562235503818,True,0.1487793799032034,0.16240167789495852,0.00034309646607846644,0.025000000000000022,0.0003112627290215698,0.025,8.933970436921529e-07,1.4893165060935412,2.5267004474849584,0,2.110891558520832,5.844155873489492e-07,1.5746475368510007,2.8297527335834127,0,,0,1
S2_N120,6500805,3.6451871591848235,2.668139687847216,4.980020156368511,4.495018513576374e-16,-1.0170025062656651,0.30547345271811494,0.001164938519975104,120,0.004011954664489286,0.0015022360362045302,True,0.0006161692886062623,0.00019070926791499477,True,0.11509821133409315,0.20866482144563148,0.0024988808001984975,0.06666666666666665,0.003498014398563002,0.06666666666666667,4.495018513576374e-16,2.668139687847216,4.980020156368511,0,3.731495956556663,3.3878075137031737e-14,2.6549785880928183,5.244510120061254,0,,0,1
S2_N120,6500806,2.9775924851628375,2.2404933360675976,3.957189635412826,5.5197099306286946e-14,-1.2389169273180296,0.297477601375572,5.9905709373853925e-05,120,0.0014247586934915267,0.00040856726555353774,True,0.00028516182452790605,0.0005215371153878657,True,0.6900426055908938,0.5854231008789966,0.0005387367540937875,0.008333333333333304,0.00036171750712652275,0.008333333333333333,5.5197099306286946e-14,2.2404933360675976,3.957189635412826,0,3.0578414622598737,3.611703093652766e-13,2.262234401517407,4.133256218738328,0,,0,1
S2_N120,6500807,2.9083831956928803,2.183272760743005,3.874317934562648,2.9521085698440396e-13,-1.5499999999999967,0.31602268082000434,3.049211238768748e-06,120,0.00042458454644573484,0.00024809710311110924,True,0.008187960890271994,0.003365244267365965,True,0.7845344422281816,0.8619196447195683,0.0041921246269077,0.07499999999999996,0.007702657508502791,0.075,2.9521085698440396e-13,2.183272760743005,3.874317934562648,0,3.082299222388132,5.787254490173346e-13,2.2693132203236974,4.186539086472738,0,,0,1
S2_N120,6500808,2.9438354771129074,2.144285202090502,4.041518034942264,2.4277896848171105e-11,-0.9447064090276223,0.29495990112609116,0.0017532463516049066,120,0.0006547471321983714,0.0004640437710570219,True,0.16178901827205427,0.16830841293822574,True,0.5017200732206056,0.48965953577321475,0.00019491749929447026,0.0,0.0001219392422312728,0.0,2.4277896848171105e-11,2.144285202090502,4.041518034942264,0,3.3274264927191552,6.307314086151394e-13,2.3980402238306606,4.617006401486925,0,,0,1
S2_N120,6500809,2.7622785990749104,2.020052606207125,3.777219977074643,1.9684688233128818e-10,-1.4951731330830202,0.2931074551496863,1.3175685776420818e-06,120,1.0310950434552827e-05,8.51911401747272e-07,True,0.05192627223491252,0.08089269770120647,True,0.472145771370157,0.5871361593291364,0.0006580614905256514,-0.016666666666666607,0.0004858409287184833,-0.016666666666666666,1.9684688233128818e-10,2.020052606207125,3.777219977074643,0,2.8293598881458677,4.801660249513406e-10,2.0393082059370657,3.925486767200232,0,,0,1
S2_N120,6500810,2.949589957663715,2.208916276697798,3.9386195892208073,2.2747439028929134e-13,-1.450000000000001,0.31657800612632153,1.1679495427889185e-05,120,4.941924143834223e-07,1.1964656028354358e-06,True,0.03420670223241396,0.022163482194434005,True,0.6549318295612141,0.87426616885497,0.0001929803459292404,-0.008333333333333415,3.3896019283630454e-05,-0.008333333333333333,2.2747439028929134e-13,2.208916276697798,3.9386195892208073,0,3.1126828222832024,8.844055446748434e-14,2.3095292158805525,4.195138249612003,0,,0,1
S2_N120,6500811,2.112901986794526,1.5681075093272956,2.846969853307714,8.793935386759274e-07,-1.6523116244459564,0.299986070972974,2.1852811200462543e-07,120,0.0002530255019482831,4.1602824054285555e-05,True,0.11498068203106694,0.1610025598910526,True,0.5682662458098434,0.45438052742426593,0.004528185940947862,0.08333333333333337,0.0017213920786076963,0.08333333333333333,8.793935386759274e-07,1.5681075093272956,2.846969853307714,0,2.334145122063643,2.4515872629286544e-07,1.691748609892576,3.220474613659919,0,,0,1
S2_N120,6500812,2.5357048892896645,,,,-0.7792314920416321,0.3254038955374407,0.018223676321965997,120,0.00019837525186237607,8.962664786421347e-05,True,0.020358036848903676,0.04008246998882468,True,0.3684090519657476,0.44929020351344895,0.004598438071212555,0.06666666666666676,0.0030752419615908107,0.06666666666666667,1.9595681072384275e-09,1.9098887407894645,3.3665831669910324,1,2.8360171514049854,2.1567042917947355e-09,2.0625056258812577,3.899622469939531,1,0.0,0,1
S2_N120,6500813,3.2825267329072436,2.3870256030058514,4.513978291092627,2.6142110682742997e-13,-1.3437123983989372,0.29513350872052213,1.3044748890724782e-05,120,1.482213364043393e-06,2.8031875715996127e-05,True,0.14293053555629703,0.13668806007148196,True,0.9163104455442322,0.701734720486332,0.0007908723394941166,-0.04999999999999993,0.0015351005406343985,-0.05,2.6142110682742997e-13,2.3870256030058514,4.513978291092627,0,3.7731653959092575,3.893458936356518e-15,2.7093679328541285,5.254648854535464,0,,0,1
S2_N120,6500814,3.8423742601063275,2.8380332044474317,5.202137850815661,3.0976964173902956e-18,-1.7168855760600708,0.2837170210728629,1.7745088335939563e-08,120,0.001159907052500313,0.00012058317248688076,True,0.14033150145083356,0.07458410435738941,True,0.7536566212642933,0.6599986652689467,0.0001785600402734551,0.0,0.0001219392422312728,0.0,3.0976964173902956e-18,2.8380332044474317,5.202137850815661,0,4.107245831082044,6.090158887296499e-16,2.9164857089229708,5.78417657433698,0,,0,1
S2_N120,6500815,3.577948823520337,2.6826446040157483,4.77205134238326,4.10304068612194e-18,-1.2355980298875027,0.2847503547918851,3.0514613480267034e-05,120,0.0003416532076214163,0.0013832955895693405,True,0.01531683126637747,0.02210375575009685,True,0.6221723142184801,0.7138860646019143,0.00197560689418844,-0.05833333333333335,0.002031871684161417,-0.058333333333333334,4.10304068612194e-18,2.6826446040157483,4.77205134238326,0,4.129540891562279,1.7158282460687218e-17,2.979050388839404,5.724343582428838,0,,0,1
S2_N120,6500816,2.7308147157878553,1.9942948879435691,3.739341186224071,3.7411307849658216e-10,-1.2494839609483939,0.262217909035629,5.472121833457355e-06,120,0.0022768159740502144,0.00026307638034869855,True,0.014518772879950037,0.01911889415160681,True,0.6172582981843692,0.6550845337730022,0.00010397913958369489,0.008333333333333304,8.166492792034013e-05,0.008333333333333333,3.7411307849658216e-10,1.9942948879435691,3.739341186224071,0,2.9172721955542174,3.347691410996398e-10,2.0888150978304707,4.074308478425427,0,,0,1
S2_N120,6500817,2.099598709656643,1.5886454394269753,2.7748889917072495,1.8554076476072968e-07,-1.4349474315551796,0.30802658726862986,8.490396794590258e-06,120,7.454046506986818e-08,3.764461992721837e-07,True,0.039552023574023855,0.17993439786733756,True,0.22640348746490746,0.2128666658881232,0.0009138138300336228,0.033333333333333326,0.0003426987590934704,0.03333333333333333,1.8554076476072968e-07,1.5886454394269753,2.7748889917072495,0,2.2498976081206927,2.735453731281532e-07,1.651577041140555,3.0649731262499538,0,,0,1
S2_N120,6500818,2.446094593775011,1.7832536460028625,3.355315591310857,2.9047176542890662e-08,-1.4746656349332796,0.2819129272182918,7.488967496964311e-07,120,4.142465162312849e-09,9.923792744803199e-10,True,0.019258361847501012,0.007674937222825167,True,0.09764785864653187,0.1825952941237613,0.008404430608106403,-0.08333333333333331,0.008156439963047738,-0.08333333333333333,2.9047176542890662e-08,1.7832536460028625,3.355315591310857,0,2.7417177786618327,2.365454187568503e-09,1.9689317977411094,3.8178145055376733,0,,0,1
S2_N120,6500819,2.04384961262741,1.5543042486505607,2.687582719190238,3.1055247049033535e-07,-1.0524235144747163,0.3060598452819556,0.0008107699787221388,120,1.5518177331814874e-05,4.942801904643643e-06,True,0.035979789055043,0.01710250007934285,True,0.06327225158050612,0.08555976454295652,0.004875551977711904,0.06666666666666665,0.0019835463690061877,0.06666666666666667,3.1055247049033535e-07,1.5543042486505607,2.687582719190238,0,2.049409379632648,5.060387580536973e-06,1.5057473334457652,2.789364929981166,0,,0,1
S2_N120,6500820,1.915747454098322,1.4591339191981219,2.5152511771511192,2.8693303345929547e-06,-1.25,0.28114508281982076,2.0012515429975218e-05,120,1.3596370989640318e-05,2.7485166678822832e-05,True,0.0014284588178398697,0.0005630375815501201,True,0.6017984652028272,0.44832113734920276,0.0006099588163885525,-0.025000000000000022,0.0004601001763112121,-0.025,2.8693303345929547e-06,1.4591339191981219,2.5152511771511192,0,1.9718147601937568,3.2185103666988097e-06,1.481666517031843,2.6241083292526093,0,,0,1
S2_N120,6500821,2.3672883679366628,1.7733232975350797,3.1601988338831766,5.020729868174955e-09,-1.711309309436548,0.3348922586925118,1.2677282163313735e-06,120,1.382480206011775e-06,5.424859392557685e-07,True,0.09988100455011058,0.07084384539995515,True,0.10967051776965735,0.1226532271602437,0.012771025233745273,-0.09999999999999998,0.011018652783957647,-0.1,5.020729868174955e-09,1.7733232975350797,3.1601988338831766,0,2.437213269412959,1.9495444089781396e-08,1.7859905879175235,3.325890159101394,0,,0,1
S2_N120,6500822,3.6598131352569494,2.759539382075338,4.8537927278740405,2.1335042284968088e-19,-1.6191224931592771,0.31494441458713807,1.1086450666265071e-06,120,0.017688940459859824,0.02102650514638327,True,0.0009964088436646146,0.00024413620066843965,True,0.3554279427620465,0.3371699022515442,0.0007938354288548031,0.033333333333333326,0.00016556136137461415,0.03333333333333333,2.1335042284968088e-19,2.759539382075338,4.8537927278740405,0,4.164990689633513,1.6607391471494821e-19,3.0561920043327206,5.676065973649903,0,,0,1
S2_N120,6500823,2.7259873633130915,1.9981020188793646,3.7190328795675516,2.492584909583217e-10,-1.1697296924562113,0.2701753021440127,3.1696797379923973e-05,120,2.7443471232664885e-06,2.4531315739165777e-06,True,0.057797498092356334,0.07510456927189779,True,0.5287951013493812,0.25234639008616355,8.61468567183261e-05,0.008333333333333415,0.00020623800138594417,0.008333333333333333,2.492584909583217e-10,1.9981020188793646,3.7190328795675516,0,2.90856154102004,5.980821640064932e-10,2.0743602102011867,4.078235880296019,0,,0,1
S2_N120,6500824,2.9269583757076725,2.1795121111700237,3.930735364680421,9.423230572992892e-13,-1.4994092817324685,0.2911415130740425,1.0655718277473518e-06,120,0.0037753928011915495,0.005316025138171173,True,0.00010911860497482678,2.4701755915009172e-05,True,0.2199905029932595,0.13319749893937788,0.0026829365522993472,-0.04999999999999993,0.004455152253129677,-0.05,9.423230572992892e-13,2.1795121111700237,3.930735364680421,0,3.1768426263787473,5.890183321206963e-12,2.2857846617638335,4.415258025657254,0,,0,1
S2_N120,6500825,2.4767129506504153,1.8596361652808524,3.298552240724508,5.530323553437047e-10,-1.4795056416636432,0.30061378413621354,2.8388981425986552e-06,120,1.0112023974293603e-05,2.0171893524869905e-05,True,0.0002780643479608072,0.00012326454258666832,True,0.6438266891245192,0.6428103044569664,0.0001519412598778357,0.0,0.0008588850302119079,0.0,5.530323553437047e-10,1.8596361652808524,3.298552240724508,0,2.427435502216164,1.5889815460505346e-08,1.7847641297833574,3.3015248452660764,0,,0,1
S2_N120,6500826,2.7184623583018785,2.067172420164838,3.5749497823287157,8.26788398176794e-13,-1.0077684711749533,0.3266855253401285,0.0025419002461746893,120,4.6610712197186906e-07,5.281929697008195e-07,True,0.6021746708098792,0.3449032723446308,True,0.48796624629803187,0.34700702120764737,0.00020650329580378882,-0.01666666666666672,0.0002284137963262237,-0.016666666666666666,8.26788398176794e-13,2.067172420164838,3.5749497823287157,0,3.0583342858785647,7.117664873968747e-14,2.282292015113361,4.09825234555525,0,,0,1
S2_N120,6500827,2.390159130786971,1.7639042650266077,3.23875891892475,1.8984003104429174e-08,-1.3373813268099446,0.33227268384872805,0.00010150473775885015,120,0.0010098784208348295,0.0007665926657300195,True,0.029949748353513057,0.013966762443138067,True,0.2784559368580767,0.28051919465906805,0.0005487035167483255,-0.033333333333333326,0.0008686774467690571,-0.03333333333333333,1.8984003104429174e-08,1.7639042650266077,3.23875891892475,0,2.7735510405711983,1.8189931092623853e-10,2.0269631327830955,3.7951284116802717,0,,0,1
S2_N120,6500828,3.3096964363955634,2.4185937779548654,4.5291154723602,7.515182780535156e-14,-1.4833333333333332,0.301172053281053,2.7961284835779876e-06,120,0.012979239898304901,0.008690837720414202,True,0.0009587230536954232,0.0007585475614607861,True,0.21410646779556375,0.10870485189419223,0.0025002463279788878,0.050000000000000044,0.0032962239708564096,0.05,7.515182780535156e-14,2.4185937779548654,4.5291154723602,0,3.632675933075093,5.426046313820203e-14,2.59559439327818,5.08412811682657,0,,0,1
S2_N120,6500829,2.3080351572693987,1.7499614989799022,3.044081992830608,3.1748382659344905e-09,-1.350000000000001,0.29904128957115533,1.5230256445494809e-05,120,2.0481543223091254e-07,1.0947964662553666e-07,True,0.024195029703682158,0.022168339643077472,True,0.6310619018885382,0.6039033143573812,0.03494025349508586,-0.125,0.02300175526754743,-0.125,3.1748382659344905e-09,1.7499614989799022,3.044081992830608,0,2.4732842776799484,3.740141628933882e-09,1.8303122488890213,3.3421265261880078,0,,0,1
S2_N120,6500830,3.194769548237753,2.3811049599007355,4.28647734485957,9.588338894343204e-15,-1.307011117094776,0.33754662349268993,0.00017822285043238376,120,0.00017735468432280777,0.00022543496806851646,True,0.03413806203581931,0.019545464354610482,True,0.41970550511743054,0.4416215108774524,0.008479812214540893,0.07499999999999996,0.009926004833218103,0.075,9.588338894343204e-15,2.3811049599007355,4.28647734485957,0,3.4061655395623287,1.4091064056157292e-14,2.4928932811189597,4.6540153847637935,0,,0,1
S2_N120,6500831,3.346038966487836,2.4073486822083394,4.650749950765151,6.495943658941331e-13,-1.4529784834103059,0.3126302174127212,8.878485236755594e-06,120,0.00021423982767575483,6.860901958213674e-05,True,0.013588511901146655,0.007266656588781808,True,0.8608918313295909,0.9349249141958218,0.004958232519322426,-0.07500000000000007,0.004028676861892435,-0.075,6.495943658941331e-13,2.4073486822083394,4.650749950765151,0,3.479581023968558,7.877102965411633e-12,2.4342926122417743,4.973717638329488,0,,0,1
S2_N120,6500832,2.404172746847076,1.7887054416232302,3.2314133239494636,6.098226980816499e-09,-1.26771628292437,0.3001114360345557,4.77081264905391e-05,120,0.0026602583740339353,0.000499433969937956,True,3.652746576077791e-06,1.1952778338588147e-06,True,0.2247818119990942,0.24670716003433069,0.00963523460596534,0.09166666666666667,0.006853355745721505,0.09166666666666666,6.098226980816499e-09,1.7887054416232302,3.2314133239494636,0,2.6129329290197396,1.260661138054488e-08,1.8770610294934935,3.6372916939189697,0,,0,1
S2_N120,6500833,2.42937321721172,1.8638556600111595,3.166476007305355,5.1906356373741515e-11,-1.2507317541640055,0.26506385423738216,6.6322057754682035e-06,120,2.4412304648956298e-06,6.023435126410053e-06,True,0.2256799168479271,0.13811762586587914,True,0.8434165619491599,0.916066881810548,0.0004289550962785339,0.025000000000000022,0.0006506068590612338,0.025,5.1906356373741515e-11,1.8638556600111595,3.166476007305355,0,2.7459340954936726,8.380061696421424e-12,2.0551179534780926,3.6689641312478716,0,,0,1
S2_N120,6500834,2.359378153479671,1.7384554949369992,3.2020752255834286,3.610448373804591e-08,-1.6027283384621822,0.30885314844170786,8.98449042608301e-07,120,0.005793297955846682,0.003131403938552533,True,0.16294588791078068,0.09273121956361129,True,0.4410561713305158,0.6275969457556279,0.0015511889772787187,0.04999999999999993,0.0020383066754954098,0.05,3.610448373804591e-08,1.7384554949369992,3.2020752255834286,0,2.6069536402402536,3.4091288673185496e-09,1.8973275524744988,3.581989453269827,0,,0,1
S2_N120,6500835,2.797688158000638,2.0745717666529035,3.7728552731849385,1.5521945685236636e-11,-1.8952005944096824,0.3157425896561998,2.2364452454250825e-08,120,2.014759537601423e-05,2.788954455927801e-06,True,0.005824975174781478,0.0026816477558528665,True,0.4371662814866426,0.4946311807950964,0.0008962007638170465,0.033333333333333326,0.0004229743957039548,0.03333333333333333,1.5521945685236636e-11,2.0745717666529035,3.7728552731849385,0,3.1570615447768784,3.548716597975742e-12,2.283301325600343,4.3651871462424525,0,,0,1
S2_N120,6500836,3.1770491025382945,2.313374135135617,4.363168432912241,9.22844255330173e-13,-0.6968005193359903,0.29667779951859913,0.02051774377932436,120,1.9854448472913484e-08,1.1101397595769389e-08,True,0.05544828130096131,0.035406512584013713,True,0.08999032529030844,0.2914694068578987,0.0009587034500632731,0.050000000000000044,0.0020383066754954098,0.05,9.22844255330173e-13,2.313374135135617,4.363168432912241,0,3.6493504291410455,8.928798757177594e-15,2.630867568542934,5.062116662165466,0,,0,1
S2_N120,6500837,2.361291853569194,1.7737391045774378,3.143472004052452,3.963099869037946e-09,-1.291572014038469,0.27614407401110774,7.86546951620136e-06,120,0.0014645155253775462,0.00038724526745224295,True,0.0049700661695756005,0.002631110774568895,True,0.6042614250388674,0.6808901388079802,2.4732865771032658e-05,0.008333333333333304,2.4134761726216404e-05,0.008333333333333333,3.963099869037946e-09,1.7737391045774378,3.143472004052452,0,2.453860835455054,2.5500683408606737e-09,1.8264517725208989,3.2967927707553395,0,,0,1
S2_N120,6500838,2.0237337456571316,1.4859851673331315,2.7560828757541063,7.70053502434577e-06,-1.148194127189063,0.2884992481370647,0.00012000942251404819,120,0.0001982638228955083,0.0005187227291036822,True,0.012243115266900141,0.026160157889896275,True,0.11305242540091953,0.11492703453192084,0.00014699781667382332,0.016666666666666607,0.00011304254359135538,0.016666666666666666,7.70053502434577e-06,1.4859851673331315,2.7560828757541063,0,2.212166055054322,8.134264012720692e-07,1.6135831166821955,3.03280234190653,0,,0,1
S2_N120,6500839,2.7823001754315557,2.022969453734939,3.8266491132202525,3.1178935392811877e-10,-1.4044878947083346,0.2848708689820089,2.736858018238535e-06,120,0.004021043513802682,0.00264101517003211,True,0.0004720418339107695,0.002424201914175578,True,0.7871366346450371,0.7981480297094987,0.000284582623339667,-0.01666666666666672,0.0002806254709819089,-0.016666666666666666,3.1178935392811877e-10,2.022969453734939,3.8266491132202525,0,3.153809763700746,2.2365430173031824e-12,2.2884414965292033,4.346414815803541,0,,0,1
S2_N120,6500840,1.9864046291705335,1.4655345014344128,2.692398812124937,9.717269235069872e-06,-1.7490579811877005,0.2932987496448489,2.6859609812480228e-08,120,0.005059459401865239,0.004529712439216013,True,0.00047689759187312104,0.00022791910514379524,True,0.7531335451123105,0.6809751559177938,0.0011077196707432544,-0.025000000000000022,0.0008865185920559777,-0.025,9.717269235069872e-06,1.4655345014344128,2.692398812124937,0,2.0332414161943357,1.127906031446471e-05,1.4812498992607652,2.7909339663692827,0,,0,1
S2_N120,6500841,2.6890349586036755,1.9895414695748554,3.634460059853812,1.2337427086466e-10,-0.9672610944175309,0.2881253772130723,0.0010631592716567378,120,9.672920491268081e-06,6.727806941477158e-06,True,0.006785074673917057,0.007685740100702667,True,0.4734158354824157,0.5911529126390376,0.004105368939084496,0.06666666666666676,0.003949585755734289,0.06666666666666667,1.2337427086466e-10,1.9895414695748554,3.634460059853812,0,2.984058300664133,1.4595709161386439e-12,2.2046208197769053,4.039063707410513,0,,0,1
S2_N120,6500842,3.2703958205706667,,,,-1.1687909577987918,0.3532073035265373,0.001244434281540432,120,0.00011322864889709786,0.0004633330536528925,True,0.3795670610172356,0.4091851707577794,True,0.47293521710009345,0.5495438588828483,0.007933206613848737,-0.09999999999999998,0.011018652783957647,-0.1,3.726122446374313e-10,2.32022228385968,4.609682829790852,1,3.335385368141358,5.05507549177071e-08,2.214094003981984,5.024536236493951,1,0.0,0,1
S2_N120,6500843,2.2299730279238585,,,,-1.4844956118617403,0.33565154027911565,2.1959035918654984e-05,120,0.0002686577837738684,0.00011297581197002761,True,0.0035390566173838706,0.0021092879957654367,True,0.4073085849670989,0.3593555983067058,0.05431154262797627,0.14166666666666672,0.03414223957490813,0.14166666666666666,0.000484921665068878,1.4324589665113767,3.4714988851503743,1,2.3983828181545013,0.00012289247269187895,1.5505428193042017,3.7098234700799924,1,0.0,0,1
S2_N120,6500844,2.2293283220123072,1.6588121821313102,2.99606237575412,1.062666335215271e-07,-1.146721494304976,0.288249687761708,0.00012075054344086336,120,1.4199521290611627e-05,8.578900589893779e-07,True,0.0021194165178927754,0.002899635867896406,True,0.4578760064327102,0.4814150655206013,0.0003233130196645136,-0.008333333333333304,0.0008788214093540687,-0.008333333333333333,1.062666335215271e-07,1.6588121821313102,2.99606237575412,0,2.3343404259743834,1.5734775640623825e-07,1.7004147240473055,3.2045977650489164,0,,0,1
S2_N120,6500845,2.7504334043811154,2.0305040393399434,3.7256187455773846,6.388358275082285e-11,-0.8833333333333331,0.31976764474955877,0.006665059969040754,120,3.924548615312125e-06,3.1495981407824097e-06,True,0.0018624057528239155,0.011407125314874858,True,0.8398614854575366,0.8391136938754002,0.0022002078847052817,-0.050000000000000044,0.0023213977472043724,-0.05,6.388358275082285e-11,2.0305040393399434,3.7256187455773846,0,2.9812760619398215,7.36910598545524e-13,2.2118970494508887,4.018273345815028,0,,0,1
S2_N120,6500846,2.543234690823405,1.9236093671899612,3.3624512351258926,5.6819565629919806e-11,-1.0666666666666689,0.28387957185205465,0.0002692213505715819,120,4.468060986323246e-05,3.564558577725367e-05,True,0.026506128037777146,0.06671430298247467,True,0.4881532400691826,0.3061373864001943,0.00037666907568849263,-0.025000000000000022,0.00038073816243711214,-0.025,5.6819565629919806e-11,1.9236093671899612,3.3624512351258926,0,2.5570625332008405,9.493728436138977e-10,1.892826302230199,3.454394516282616,0,,0,1
S2_N120,6500847,2.49286915887028,,,,-1.0218875476626852,0.3244089844874789,0.002072977812865466,120,0.00042711295070937386,0.00036894524512515897,True,0.017665191391909026,0.022649399007886872,True,0.6990632165834301,0.48326025728367716,0.0016967924022303143,0.04166666666666663,0.0017716078385045465,0.041666666666666664,6.019146017440541e-10,1.9060968188039369,3.2602733407561684,1,2.6894821604490207,4.1425144837232124e-09,1.9752645655892078,3.661947071488058,1,0.0,0,1
S2_N120,6500848,2.8049340316733464,2.0947033900787537,3.7559756475801067,4.403330525761466e-12,-1.7166666666666672,0.3198060565465055,4.092134811715547e-07,120,8.093434005121696e-05,7.398239921911391e-05,True,0.007262547793803521,0.0005873797619439368,True,0.6226406697068376,0.7023619933403944,0.0013209853418930982,-0.04166666666666663,0.0011564514471420484,-0.041666666666666664,4.403330525761466e-12,2.0947033900787537,3.7559756475801067,0,3.143161822345921,1.0516103669194325e-13,2.3240267716059413,4.25101223538232,0,,0,1
S2_N120,6500849,2.6110413959257817,1.9641343999160483,3.471013578057312,3.9146728960161024e-11,-1.5464956887021881,0.3154734980470642,3.08248060837296e-06,120,7.639442178867206e-05,2.46414393715526e-05,True,0.0003517792572492477,0.00020995072295154426,True,0.15240644464812023,0.24752956446835517,0.00018699379317564012,-0.01666666666666672,0.00011304254359135568,-0.016666666666666666,3.9146728960161024e-11,1.9641343999160483,3.471013578057312,0,3.0887542306549447,2.712477507181194e-12,2.2515783152758413,4.237206688597915,0,,0,1
S2_N120,6500850,2.2114836139390763,1.600534256696714,3.0556420484336884,1.5010706956599026e-06,-1.6,0.3078626062900742,8.682457390329477e-07,120,4.121343674105445e-06,1.3962091202185359e-06,True,0.012224131651969347,0.00761501689091913,True,0.8991572264225428,0.9537796229342185,0.0034432714395124433,-0.07499999999999996,0.004561925939497086,-0.075,1.5010706956599026e-06,1.600534256696714,3.0556420484336884,0,2.3118367411765455,1.3517656958996624e-06,1.6456136042113267,3.2477788857459196,0,,0,1
S2_N120,6500851,2.4540467688477294,1.8808918166707038,3.2018564227430732,3.715950278352552e-11,-1.5833333333333337,0.33058854745708344,4.9446775180252274e-06,120,0.0007448903575897575,0.00013133122418962825,True,0.03835786674755309,0.09968477140712378,True,0.5665675965277164,0.55974113896911,0.0002747132206774531,-0.033333333333333326,0.00016556136137461415,-0.03333333333333333,3.715950278352552e-11,1.8808918166707038,3.2018564227430732,0,2.7272410549334625,2.253346168023117e-10,2.0002603174734386,3.7184378986778324,0,,0,1
S2_N120,6500852,2.5410805653140867,1.8430781148803286,3.503427438742181,1.2592110542211693e-08,-1.4247244996914414,0.27517158690518134,9.454866039213801e-07,120,0.0018918817403658964,0.002074001448865019,True,0.03632451743912638,0.060759702578574236,True,0.4714467587670097,0.648450540066265,0.00045275057520516613,0.008333333333333304,0.0002514146237412195,0.008333333333333333,1.2592110542211693e-08,1.8430781148803286,3.503427438742181,0,2.7915018864090495,6.267844972403484e-09,1.9743461210098248,3.9468676231093847,0,,0,1
S2_N120,6500853,2.3286575370342115,1.7206993038802865,3.151419839920797,4.357234160123564e-08,-1.760488072977593,0.30923430918273687,9.418124417906904e-08,120,0.00012786888455309316,9.708299714055502e-06,True,0.023045236703758513,0.013471817206102668,True,0.5730008604099186,0.5455651337920675,0.0008833239912646179,-0.025000000000000022,0.001331653772432159,-0.025,4.357234160123564e-08,1.7206993038802865,3.151419839920797,0,2.4541272485102543,1.2386638758021218e-07,1.7594457245063633,3.4230897083058784,0,,0,1
S2_N120,6500854,2.9589163383295634,2.101302998244187,4.166550899394003,5.225501815817668e-10,-1.692478688257128,0.2933532596052331,6.6273237437978e-08,120,0.004169048765238535,0.0016496540400179854,True,0.0008446732631620052,0.0007282069238393078,True,0.8731628863618037,0.9600774912682046,0.0003399294685642339,0.01666666666666672,0.0004858409287184833,0.016666666666666666,5.225501815817668e-10,2.101302998244187,4.166550899394003,0,3.244367413649135,1.1939160141621082e-10,2.2676398912941815,4.641795178837259,0,,0,1
S2_N120,6500855,2.864104683191047,2.068131709060655,3.966428056945528,2.3903427461268893e-10,-1.4565918728863587,0.28802742817941973,1.5925641098503524e-06,120,0.013218569351497827,0.00483857865380517,True,0.00011571697581971326,6.3761824851617044e-06,True,0.3680593986606102,0.3933383581870813,0.02224715344762082,0.09999999999999998,0.02783374357141189,0.1,2.3903427461268893e-10,2.068131709060655,3.966428056945528,0,3.0418663214597936,1.8472848630705662e-09,2.1164016676988915,4.3720201410027375,0,,0,1
S2_N120,6500856,3.527930014797335,2.7027866580023905,4.604984323293532,1.7868925555955436e-20,-1.5357202066465176,0.30315169249410373,1.5339463103990337e-06,120,0.00923628895310344,0.006213069570005027,True,9.671911284067029e-05,0.0001604362102538341,True,0.2170703108899774,0.2503937190918454,0.0006920368913453452,0.016666666666666607,0.0007731834312663715,0.016666666666666666,1.7868925555955436e-20,2.7027866580023905,4.604984323293532,0,4.400599381646609,4.18026985159572e-26,3.3432439878166695,5.7923606498116085,0,,0,1
S2_N120,6500857,3.1186593079794664,2.3146346485017264,4.201974547275817,7.60545075672346e-14,-1.3666666666666663,0.3130739671247764,2.754580343070093e-05,120,0.00020571608738421146,6.0324998920566903e-05,True,0.06754712797067314,0.035346026547434586,True,0.08545908194359834,0.11682321157350194,0.005051238310810441,-0.08333333333333337,0.004040951855127758,-0.08333333333333333,7.60545075672346e-14,2.3146346485017264,4.201974547275817,0,3.4667996845534934,3.601909008228691e-14,2.513158614846798,4.782308598358349,0,,0,1
S2_N120,6500858,4.140388915398657,3.0385023528286843,5.641865096729977,2.2657047039098046e-19,-1.5749871130113093,0.31431511189056144,1.9421033847716347e-06,120,0.00020123955573690165,0.00016946157713983924,True,0.00533801928465226,0.0099674467972761,True,0.1841725085204916,0.24197635315938715,0.001138000375220372,0.04166666666666663,0.0017716078385045465,0.041666666666666664,2.2657047039098046e-19,3.0385023528286843,5.641865096729977,0,4.828080471636408,1.3943614323876645e-21,3.494071938938309,6.67140272094106,0,,0,1
S2_N120,6500859,2.6850897436849017,2.0037062395648664,3.5981855969104237,3.752533595677901e-11,-1.0911861207245277,0.3264114506007198,0.0011136833967553472,120,1.5236850945275925e-06,2.064726272042275e-08,True,0.0031283616711706933,0.002601459349592086,True,0.4630567277498565,0.5798677458568902,0.0027438206221722743,-0.06666666666666665,0.0007518961015997713,-0.06666666666666667,3.752533595677901e-11,2.0037062395648664,3.5981855969104237,0,2.8257921224157823,3.3192528928592374e-10,2.0436670647385315,3.9072416720326766,0,,0,1
S2_N120,6500860,2.736398595867911,1.8843198327270951,3.973782552949619,1.2337358156061807e-07,-1.689504455465506,0.3139295904971329,3.8457659276492003e-07,120,0.00015247620653026267,5.644924775580361e-05,True,0.0017610690449497775,0.004338193507627737,True,0.9934711841536343,0.884798886470209,0.014515345178074863,-0.09999999999999998,0.009936821939419612,-0.1,1.2337358156061807e-07,1.8843198327270951,3.973782552949619,0,3.069725844835865,1.4272121372604585e-08,2.0831728046623748,4.523492598099902,0,,0,1
S2_N120,6500861,2.3258547197802084,1.6343316010045408,3.3099771026876454,2.751127737329044e-06,-1.1666666666666643,0.2984162915845028,0.00015547960967309048,120,0.00018528735234302806,6.762212247806962e-05,True,0.00022646116644925275,0.0021195001393271096,True,0.5809178554595102,0.6465548049292568,0.0015496883140637132,0.04999999999999993,0.0009350069426102083,0.05,2.751127737329044e-06,1.6343316010045408,3.3099771026876454,0,2.4321330485224872,3.366738231648268e-06,1.6718303313705853,3.5382006503410435,0,,0,1
S2_N120,6500862,2.2842054580171776,1.644663950541232,3.172438097593395,8.280957691173641e-07,-0.9270014003372237,0.26663485697148465,0.0007133472583575296,120,0.0008190378576166572,0.00010417445282837668,True,0.0006701662968548296,9.173201419337144e-05,True,0.14488371075377812,0.11598522883976814,0.00020647694229504105,-0.008333333333333304,0.00025141462374122007,-0.008333333333333333,8.280957691173641e-07,1.644663950541232,3.172438097593395,0,2.4069858248541913,7.010621264969397e-07,1.7012385492577164,3.4055075718668992,0,,0,1
S2_N120,6500863,2.9350853243967174,2.243572148170607,3.839736497225361,3.999645333307784e-15,-1.3333333333333361,0.28017569195789815,5.6133549324013555e-06,120,2.27150309406394e-05,1.289229697347205e-05,True,2.9728604109241398e-05,1.747565963870972e-05,True,0.5531324802556117,0.5965486625823146,0.0012758272050267952,0.04999999999999999,0.0007747204583669282,0.05,3.999645333307784e-15,2.243572148170607,3.839736497225361,0,3.213680728481916,8.639420444250293e-16,2.418136946704337,4.270950757644919,0,,0,1
S2_N120,6500864,1.9639611059705404,1.4770105710258734,2.611452687901894,3.438974084331822e-06,-1.6736845415945902,0.3158634402665542,5.557064929597861e-07,120,0.004794625786264236,0.0014665891230542236,True,0.0002936709479678895,0.00018145283904485171,True,0.01840326341439076,0.08800946694791995,0.0012850674876305108,-0.050000000000000044,0.0009350069426102083,-0.05,3.438974084331822e-06,1.4770105710258734,2.611452687901894,0,2.199503060788298,2.549866779672038e-07,1.629841410163097,2.9682726701200792,0,,0,1
S2_N120,6500865,3.1229172979907966,2.359140762198884,4.133968013421981,1.7503284680250253e-15,-1.1067213479451024,0.30221459890820446,0.000377091804183232,120,0.0002130696736564716,6.852214676990938e-06,True,0.08311649722232371,0.06634102780639453,True,0.8285073598447776,0.7677061771507983,0.0013394313920089512,0.050000000000000044,0.001314729838987552,0.05,1.7503284680250253e-15,2.359140762198884,4.133968013421981,0,3.530075053923499,1.299070119436271e-16,2.6182934265968454,4.759371031431672,0,,0,1
S2_N120,6500866,2.625265763053054,2.0031487837986877,3.4405933210756294,2.663669381046299e-12,-1.8766868560624268,0.29553450956815824,4.254281384550358e-09,120,0.012034481416296707,0.007289351086587709,True,0.0003782619113651417,6.539335474278658e-05,True,0.2659914234683731,0.3082892009446251,0.017483264097387995,-0.09999999999999998,0.006968155829301736,-0.1,2.663669381046299e-12,2.0031487837986877,3.4405933210756294,0,2.7590039289652624,2.365840979584034e-12,2.0774852081147848,3.664094767227421,0,,0,1
S2_N120,6500867,2.4730106974415618,1.8433964470665494,3.3176704443542904,1.5440637295775068e-09,-1.216666666666667,0.29666291597446104,7.625055953699112e-05,120,9.351205677251657e-06,1.3735547535820554e-06,True,0.22105009198632997,0.2728849704621865,True,0.1110029329573188,0.3309715871387191,0.0017513664909050068,-0.05833333333333335,0.002340590402455414,-0.058333333333333334,1.5440637295775068e-09,1.8433964470665494,3.3176704443542904,0,2.6931433299044265,2.6310148590073677e-10,1.9806506726165864,3.661938521358197,0,,0,1
S2_N120,6500868,2.3489434927135355,1.6927045769449525,3.259597455522622,3.2471121787243745e-07,-2.0127497314715357,0.30421216414446206,1.1620730493282096e-09,120,0.001108229428618075,0.001388030438247329,True,0.02234123926958635,0.03364224475606883,True,0.21560255047112065,0.2879899001266648,0.005015439537765662,-0.07499999999999996,0.0026351314434603546,-0.075,3.2471121787243745e-07,1.6927045769449525,3.259597455522622,0,2.379412750622677,4.95118312193965e-07,1.697164110354068,3.335920788853255,0,,0,1
S2_N120,6500869,2.5859127162990654,1.9144411649000026,3.492896360002002,5.880942611190788e-10,-1.327374511925482,0.26276634352251804,1.6312880357110745e-06,120,6.90517123090558e-06,2.5465725984610483e-06,True,0.03380303413577054,0.1508838086364863,True,0.6381487575899889,0.6826173173629673,0.0005986574104226538,0.016666666666666607,0.0007731834312663715,0.016666666666666666,5.880942611190788e-10,1.9144411649000026,3.492896360002002,0,2.7084450696112,2.1424546740473576e-09,1.9545712943465021,3.753086273352773,0,,0,1
S2_N120,6500870,3.1622249461478456,2.432194337720951,4.111376486226742,8.209505272841927e-18,-1.487686849488643,0.31090290286117767,5.035765944860876e-06,120,3.9055503880113506e-07,2.2067201773723015e-07,True,0.2747960119927313,0.2366500224029615,True,0.08303718788246,0.1527108801277239,0.004836595753953986,0.06666666666666665,0.004936809893005777,0.06666666666666667,8.209505272841927e-18,2.432194337720951,4.111376486226742,0,3.244867362174136,6.045405646756604e-16,2.439634521272188,4.315877688356505,0,,0,1
S2_N120,6500871,2.2102902266537305,1.660601138975216,2.941936369534137,5.438137672874945e-08,-1.2010105542623717,0.2692151405550842,1.8848284371199365e-05,120,1.4046614945738756e-06,1.0921870668063351e-07,True,0.0002046023431281353,0.00015633203663189488,True,0.1390349144987681,0.14494113360733166,0.0017731869601953967,0.04166666666666663,0.00012797376165866501,0.041666666666666664,5.438137672874945e-08,1.660601138975216,2.941936369534137,0,2.3387784986852234,4.43359625070644e-08,1.725202303207725,3.1705759120202726,0,,0,1
S2_N120,6500872,2.326777430693394,1.7304809852543226,3.1285482233649,2.2687341142751958e-08,-1.1999966978899546,0.30437910769899434,0.00013779457470550793,120,4.127905300239602e-06,1.195992973914607e-06,True,0.06274819742886277,0.08171173858786081,True,0.6353822138184606,0.5497144315153987,0.003335653204220302,0.05833333333333335,0.0012546330021904687,0.058333333333333334,2.2687341142751958e-08,1.7304809852543226,3.1285482233649,0,2.484961235671763,6.689758418068894e-08,1.7857371967517093,3.457973745534248,0,,0,1
S2_N120,6500873,3.0084589577015395,2.188256476693579,4.136089803262133,1.187985580071519e-11,-1.7981637881951016,0.30972648009221326,5.60494281101623e-08,120,9.577531187946886e-06,5.309717770763053e-06,True,0.017565985139228746,0.06443816435555967,True,0.6591571091771897,0.5372563700339725,0.001358246847820903,-0.04999999999999993,0.0009350069426102081,-0.05,1.187985580071519e-11,2.188256476693579,4.136089803262133,0,3.119944612880613,4.1150948608811664e-11,2.225359144944958,4.374149857812512,0,,0,1
S2_N120,6500874,2.59043216675313,1.8761311735572626,3.576689575402178,7.355411151653052e-09,-1.091666173774176,0.3156811240174302,0.0007593544583844594,120,0.0006851711988914459,0.005149243382341632,True,0.017546941111912167,0.016150196162345525,True,0.5501984899207801,0.5354099355936309,0.0003696725714259193,-0.050000000000000044,0.00040384554145996406,-0.05,7.355411151653052e-09,1.8761311735572626,3.576689575402178,0,2.9365554524369464,2.1367988641866597e-10,2.1060268973710543,4.094609587371208,0,,0,1
S2_N120,6500875,2.363069239830106,1.7158190372347781,3.25447853826741,1.3942697361063542e-07,-1.2933158733773649,0.3431554366449232,0.00025846936975033576,120,2.6549132775714795e-07,2.4892047292947355e-07,True,0.0030490698770238456,0.0029363467599896205,True,0.37923285214790314,0.3933424973089389,0.004380952927478111,0.06666666666666665,0.003949585755734289,0.06666666666666667,1.3942697361063542e-07,1.7158190372347781,3.25447853826741,0,2.3653188365175972,4.5689236018505165e-07,1.6927551055125005,3.3051049027502954,0,,0,1
S2_N120,6500876,2.3196813522611053,1.7131223495835368,3.1410024960190515,5.3042453973979755e-08,-1.6069325651160904,0.30757591667936185,7.702556302913594e-07,120,3.1297405750569145e-05,4.124638090876475e-06,True,0.0019048849977364585,0.00139695708456511,True,0.8401329588750981,0.8392020658592281,8.985656328010827e-05,-0.008333333333333304,0.00016713637846331025,-0.008333333333333333,5.3042453973979755e-08,1.7131223495835368,3.1410024960190515,0,2.496692029004058,6.1819961529845636e-09,1.8338219345029516,3.399169227072176,0,,0,1
S2_N120,6500877,2.533117122744634,,,,-1.574810036207865,0.3245953603759605,3.813043155682177e-06,120,3.2394263979884195e-06,4.326014533606533e-07,True,0.0005068763869528405,7.263827287059114e-05,True,0.5671241208260305,0.6773655545166167,0.022829946049581534,-0.11666666666666659,0.019714100618451483,-0.11666666666666667,3.2544018144826607e-06,1.7379676809577422,3.692060806335599,1,2.7941258883244626,5.271653683101521e-07,1.9041440135262728,4.100078263170323,1,0.0,0,1
S2_N120,6500878,2.6864563670450567,2.0325725922830955,3.5506962159370388,3.80608453523202e-12,-1.193849838547571,0.30139036390723617,0.00012861940073032876,120,0.010058892702602854,0.01364741019579805,True,0.3542662527018431,0.31262952766812435,True,0.33291930539251435,0.23884018709131327,0.0007162938811467003,-0.04166666666666663,0.0013440006887852646,-0.041666666666666664,3.80608453523202e-12,2.0325725922830955,3.5506962159370388,0,3.1879467745842587,3.137141356330934e-13,2.3340419792399123,4.354251006612911,0,,0,1
S2_N120,6500879,2.3510329397249157,1.7185134036015723,3.216358901878582,8.980198335455233e-08,-1.3904467844881223,0.3283324977344714,4.5777422267201686e-05,120,0.009910228774069973,0.008500700313363765,True,0.09433775157310204,0.1342869961466526,True,0.6751274964788937,0.5371750438170035,0.046871633504203515,-0.14166666666666672,0.039738267757584426,-0.14166666666666666,8.980198335455233e-08,1.7185134036015723,3.216358901878582,0,2.626136706860126,2.1404815705286883e-08,1.8731191322808995,3.681876867447376,0,,0,1
S2_N120,6500880,3.127243296435163,2.3661800421927732,4.1330965779069455,1.118422382693502e-15,-1.3166666666666658,0.31905074363135677,6.919757019808643e-05,120,0.0017074495824093328,0.0018333055595618024,True,0.010851512566520618,0.013138355365938076,True,0.42032409590749664,0.6501632576502862,0.0006240518517781389,0.016666666666666607,0.0002284137963262237,0.016666666666666666,1.118422382693502e-15,2.3661800421927732,4.1330965779069455,0,3.7021008084763993,5.154731841280186e-19,2.7758057125494897,4.937503491025492,0,,0,1
S2_N120,6500881,2.5054247193850765,1.8129137726125224,3.462466400406908,2.6336236519021706e-08,-0.6882433875246283,0.3096901294104202,0.028181424327612625,120,8.959496188683282e-05,8.247278392399827e-05,True,0.002214678523898842,0.0026166586054458844,True,0.5635046813363613,0.5838303919511172,0.00323451953974783,0.08333333333333326,0.000846064292884689,0.08333333333333333,2.6336236519021706e-08,1.8129137726125224,3.462466400406908,0,2.7445284158865992,2.007799139939661e-10,2.0107622592255963,3.746060077987524,0,,0,1
S2_N120,6500882,2.705087896580537,2.018095191784347,3.62594418638725,2.7909944556546956e-11,-2.0890789352491463,0.2747093366486546,7.865048424345747e-12,120,0.005632370493623492,0.004033021096801807,True,0.019560794325430498,0.022867218605115154,True,0.6624118115117332,0.6129158203710074,0.0004850236338412563,-0.02499999999999991,6.623411779481626e-05,-0.025,2.7909944556546956e-11,2.018095191784347,3.62594418638725,0,2.880811741224617,4.667599788348173e-09,2.0220263770307194,4.104336314625398,0,,0,1
S2_N120,6500883,2.708034299167149,2.0088585696150663,3.650555532573373,6.242215925513114e-11,-1.6136475214092925,0.29913977713388334,3.637495645263408e-07,120,4.794955175854342e-05,0.00011080161493473735,True,0.00028616326477720367,0.0002315611728136101,True,0.10754100372117938,0.09813066283475738,0.0001235530963225795,0.016666666666666607,0.00028062547098190956,0.016666666666666666,6.242215925513114e-11,2.0088585696150663,3.650555532573373,0,2.8356758176696046,5.94265482532463e-11,2.0754283314268984,3.8744085840766145,0,,0,1
S2_N120,6500884,2.0403612310661616,1.544112340331084,2.6960952545364596,5.290048301416082e-07,-1.2008062352576383,0.2522096035468413,5.561772292200745e-06,120,0.0007635949405946776,0.0008160191800327978,True,4.874556323926357e-05,4.400531638331718e-05,True,0.4949767313854201,0.7217858567770516,0.0005899893240501931,0.025000000000000022,0.0004601001763112121,0.025,5.290048301416082e-07,1.544112340331084,2.6960952545364596,0,1.9720847801199295,9.104000272890081e-06,1.4610334183451512,2.661895567307218,0,,0,1
S2_N120,6500885,2.716931465142364,1.9978486030458733,3.694832819176908,1.864518921455647e-10,-1.7833333333333337,0.3408204725246531,7.438413957090623e-07,120,0.00023070092924662853,0.0009776796975720248,True,0.0005209937178106658,0.00026717684094225,True,0.6992402331888172,0.6829364066028175,0.0008660118833469777,0.033333333333333326,0.001960947521312488,0.03333333333333333,1.864518921455647e-10,1.9978486030458733,3.694832819176908,0,2.9592919752127775,5.275703445649139e-10,2.101311607315462,4.167591786040149,0,,0,1
S2_N120,6500886,2.9328203749126853,,,,-1.4666666666666686,0.33004792102571096,2.0196721350317696e-05,120,1.2183725226272665e-05,8.847781611059802e-06,True,0.027118252494993583,0.07170020899310144,True,0.09713942560656573,0.13969237042916535,0.000949466293008678,-0.033333333333333326,0.0005151002191871772,-0.03333333333333333,6.598323548397809e-11,2.1796090984036267,3.9463201717238117,1,3.5258495488450285,2.0097949547013655e-12,2.565973354676941,4.844795063219136,1,0.0,0,1
S2_N120,6500887,2.642922120527735,1.9917181355129263,3.507041087104409,1.6548146785808628e-11,-1.3064126096203714,0.313644428615758,5.978558002837819e-05,120,9.296824236128347e-06,1.0826948827151775e-06,True,0.0007447877875667931,0.0007009906343838424,True,0.1583661080307257,0.2955871896759653,0.011054979308110897,0.08333333333333337,0.008156439963047738,0.08333333333333333,1.6548146785808628e-11,1.9917181355129263,3.507041087104409,0,2.8095767855645297,9.22642355679994e-12,2.087719142180312,3.7810266498487413,0,,0,1
S2_N120,6500888,2.1404153869906453,1.5945751863804787,2.8731025466823983,4.052506587063109e-07,-1.311592401263384,0.32350470155932476,9.094812457557678e-05,120,0.00045143328372526973,0.00011285149889529368,True,0.028835889352153535,0.0074814399677541835,True,0.5284265086200617,0.4653651876452646,0.023294921620295315,0.1166666666666667,0.01644089653464006,0.11666666666666667,4.052506587063109e-07,1.5945751863804787,2.8731025466823983,0,2.2715523829209894,3.332512089639222e-07,1.657609226051467,3.1128870105563795,0,,0,1
S2_N120,6500889,3.083596763315707,2.2826771806252646,4.165533821180332,2.1561668096171475e-13,-1.445282963365237,0.2967955255793359,3.5351256137811786e-06,120,8.950633760842692e-06,5.583919429210371e-06,True,0.14646972716722365,0.21847317248109244,True,0.8461772967783516,0.7616156787206521,5.675655077604807e-05,0.0,0.0001219392422312728,0.0,2.1561668096171475e-13,2.2826771806252646,4.165533821180332,0,3.4097019671628725,3.6883863100220795e-13,2.449229872536259,4.74682578194883,0,,0,1
S2_N120,6500890,3.107719864324737,2.3000320163576484,4.19903839878409,1.5342184271471326e-13,-1.4696628491919055,0.31833119732667153,1.006832220897969e-05,120,0.0020673249800717756,0.0005751139273308816,True,0.0017688770621133818,0.0012287318986227255,True,0.5993843677762227,0.5729719049539128,0.002274345680519876,-0.050000000000000044,0.004048876129886143,-0.05,1.5342184271471326e-13,2.3000320163576484,4.19903839878409,0,3.37371444702901,8.774910723945516e-15,2.4811403350477392,4.587386295452433,0,,0,1
S2_N120,6500891,2.5969766788806763,1.9651403733378638,3.4319623993041697,1.953666653029748e-11,-1.483333333333332,0.29747072485520054,2.1551039460616827e-06,120,0.0006677361784021795,0.0001283540251098666,True,0.1270998032272536,0.3344629722724096,True,0.11731018472273397,0.08928248323716986,0.0005125837198539509,-0.008333333333333415,0.00020623800138594466,-0.008333333333333333,1.953666653029748e-11,1.9651403733378638,3.4319623993041697,0,2.8391732279118065,8.183208582676243e-11,2.072433441115002,3.8895843206208123,0,,0,1
S2_N120,6500892,3.226491662220131,2.414627829089498,4.311326292591225,2.3567820351382996e-15,-1.7890200141865678,0.32584768710237183,2.365605741839199e-07,120,0.008600398707037047,0.005138524778840059,True,0.0005005846759661626,0.0001437827648975366,True,0.22845892097679943,0.2472788711490882,0.0006763737892384321,-0.02499999999999991,0.0011707413086868975,-0.025,2.3567820351382996e-15,2.414627829089498,4.311326292591225,0,3.597034591084691,2.7334182348136412e-17,2.673667437979323,4.839292151920904,0,,0,1
S2_N120,6500893,2.947156553686544,2.1895545769386904,3.966894382729404,1.0090605492395341e-12,-1.73682713098896,0.3230251993535919,3.9330071838604725e-07,120,2.7645710178156273e-05,3.0269787978921165e-05,True,0.0034537398704940175,0.011361016184540015,True,0.2860701781243127,0.253974940408918,0.020305510901225513,-0.11666666666666659,0.021406105263946207,-0.11666666666666667,1.0090605492395341e-12,2.1895545769386904,3.966894382729404,0,3.21619491579274,1.876302316566568e-12,2.3236142537290116,4.4516467050289545,0,,0,1
S2_N120,6500894,2.5532805088546064,,,,-1.1995729799374195,0.34654345518794083,0.0007506947545611321,120,1.9195087289226233e-05,4.62029760111144e-06,True,0.015011193306872617,0.00822691632606898,True,0.021678564365724098,0.03191958854657063,0.001300334476511373,0.04166666666666674,0.00022821986376204905,0.041666666666666664,1.2993455448431188e-06,1.774315063455958,3.6742298429225153,1,2.726891052620632,1.1929705447259552e-06,1.8499404356631328,4.019553640491652,1,0.0,0,1
S2_N120,6500895,3.0870422997159594,2.303061171803129,4.13789710708137,4.666397254155416e-14,-1.2086737981698679,0.30486935374179175,0.0001270049133513544,120,4.204544168125181e-06,5.485271340901426e-07,True,0.0004375982984282871,0.0016408518131579889,True,0.4393953109998542,0.3039975227862105,0.004304531600526876,0.06666666666666665,0.003498014398563002,0.06666666666666667,4.666397254155416e-14,2.303061171803129,4.13789710708137,0,3.1576461769370456,3.1191395586318374e-12,2.2855343460618,4.362537537843474,0,,0,1
S2_N120,6500896,2.6784810098759717,1.9940381115964514,3.5978552659268903,5.989759807240829e-11,-2.0984573304157554,0.32629535836294027,2.872854887367548e-09,120,1.9764307859738373e-05,1.4064332502938038e-05,True,0.00025177734449147583,0.00018965248428003402,True,0.09903507471896725,0.08438908500559553,0.0018181005253785688,-0.04166666666666663,0.002546389895488773,-0.041666666666666664,5.989759807240829e-11,1.9940381115964514,3.5978552659268903,0,3.0824958967229668,9.648019795347981e-12,2.2296018417517223,4.261649221570746,0,,0,1
S2_N120,6500897,2.00960849376408,1.475891005492878,2.7363309913661658,9.353713219534593e-06,-1.2565180033831873,0.2878302998343294,2.7527781635007508e-05,120,2.827356319652765e-06,3.048294806387592e-06,True,0.0059255272592931615,0.005488431407011663,True,0.5400832704827794,0.6031312023653566,8.724924979006941e-05,-0.008333333333333415,8.166492792034014e-05,-0.008333333333333333,9.353713219534593e-06,1.475891005492878,2.7363309913661658,0,2.247579021042584,7.6805792414977e-06,1.576277533867441,3.204772857122736,0,,0,1
S2_N120,6500898,3.977717008275167,2.8826460171490447,5.488787906594871,4.3089535160136796e-17,-1.292315288858858,0.3119019867782593,6.499256803205156e-05,120,0.002192691210633155,0.0003428945362311703,True,0.11806520966826635,0.13032855185733938,True,0.5573389517397341,0.7798600363696595,0.010523970375600883,-0.09166666666666667,0.008565792796947715,-0.09166666666666666,4.3089535160136796e-17,2.8826460171490447,5.488787906594871,0,4.474958647415542,4.4951453202168296e-18,3.1885524454737975,6.280359266006527,0,,0,1
S2_N120,6500899,2.2037232647523384,1.581247326378621,3.071243913963064,3.0776560599406785e-06,-1.4395315472663204,0.3146541628171675,1.1931278975423239e-05,120,2.900474077644277e-05,1.652606805168364e-06,True,0.0037671810214762566,0.008935947037540836,True,0.24475744418398193,0.2833995281631557,0.0036931251501325837,0.07500000000000007,0.002241304891997705,0.075,3.0776560599406785e-06,1.581247326378621,3.071243913963064,0,2.4180136903522667,1.1142757837683618e-06,1.6948950167105807,3.4496474112469357,0,,0,1
S2_N120,6500900,2.398429731133468,1.7760495586198195,3.238910281115827,1.1477796935660423e-08,-1.7104483003289652,0.2979244297189277,7.548006551089409e-08,120,5.6945922822803034e-05,1.3711062420243297e-05,True,0.04475423933238045,0.10138483747737242,True,0.06924101779649741,0.045588602928971156,0.0012692821145802184,-0.033333333333333326,0.0006197208657286441,-0.03333333333333333,1.1477796935660423e-08,1.7760495586198195,3.238910281115827,0,2.5130174055138945,1.833754953402393e-08,1.8230627251283085,3.464091714107815,0,,0,1
S2_N120,6500901,1.986935883850351,1.4808305704619373,2.6660134422404886,4.7089414693194164e-06,-1.205653899488356,0.29253505912727584,7.0635241000104e-05,120,0.0001647418726222139,3.024180345606667e-05,True,0.017849812095538944,0.0196527127766222,True,0.6815512962957986,0.8848054905002727,5.9071635503272304e-05,-0.008333333333333304,0.00013365482655809303,-0.008333333333333333,4.7089414693194164e-06,1.4808305704619373,2.6660134422404886,0,2.1593544768423816,6.538984153314946e-07,1.5944159918594254,2.924463741248238,0,,0,1
S2_N120,6500902,2.635101877943288,1.9242102053750796,3.6086296017678174,1.5399820619285033e-09,-1.0645053751357818,0.32211595551130534,0.0012622242258760838,120,3.1504781481792325e-05,8.02686490857713e-06,True,0.004932005408771835,0.0027461177737332348,True,0.1256541495418497,0.046727762268258206,0.0007933287839299995,0.04166666666666674,0.00012797376165866501,0.041666666666666664,1.5399820619285033e-09,1.9242102053750796,3.6086296017678174,0,2.7859660593967956,1.5064861905931501e-09,1.9983428431260428,3.8840216586505703,0,,0,1
S2_N120,6500903,2.5818887922260494,1.8874176004530596,3.5318891451591483,2.9635600024899043e-09,-1.6561676228565076,0.29156804942591313,9.989324150802101e-08,120,0.0007335055599844072,0.0006668445803786556,True,0.002655118523627869,0.008129806654979982,True,0.4104547695246199,0.4571144711294117,0.00013949432464904356,0.008333333333333415,0.00042764930016378445,0.008333333333333333,2.9635600024899043e-09,1.8874176004530596,3.5318891451591483,0,2.767876754165737,7.609613889574701e-10,2.001258147361785,3.828162666745703,0,,0,1
S2_N120,6500904,3.775286821638287,2.6465563663319136,5.3854097977855915,2.3003261042546336e-13,-1.283737282537746,0.29635348453187144,3.141829546814141e-05,120,2.0511493688344343e-05,2.49217728668722e-06,True,0.07735866028636444,0.06448286402411411,True,0.27506280316901943,0.19597546505673902,0.00018118810068733592,0.008333333333333304,0.00013365482655809303,0.008333333333333333,2.3003261042546336e-13,2.6465563663319136,5.3854097977855915,0,4.563530532449437,1.5780792868244173e-16,3.1818399453072526,6.54521009182541,0,,0,1
S2_N120,6500905,2.745336509901306,1.949368844342223,3.866314255750946,7.429410498666852e-09,-1.328561363483862,0.3019525745154169,2.4035437081550467e-05,120,0.0006250052874032775,0.00021908089263732622,True,0.025425244154913422,0.01699990023447559,True,0.4452549719676281,0.46236500379105183,0.0018007799935955118,-0.05833333333333335,0.0012546330021904687,-0.058333333333333334,7.429410498666852e-09,1.949368844342223,3.866314255750946,0,2.967704004681528,2.3666659656942214e-09,2.076511666427436,4.241376151069436,0,,0,1
S2_N120,6500906,3.717070641355386,2.7398351040569615,5.042863394358091,3.283352426909531e-17,-1.2757711817100716,0.2985619448013002,3.9493818865851004e-05,120,1.295659974571599e-06,7.750691719828876e-08,True,0.009758053889940482,0.012460317142476206,True,0.14435953366136936,0.1871675900362888,0.0003410923687184137,-0.008333333333333415,0.00016713637846331025,-0.008333333333333333,3.283352426909531e-17,2.7398351040569615,5.042863394358091,0,4.0337850510518605,3.6989315675766237e-16,2.8841105945880168,5.641746841685788,0,,0,1
S2_N120,6500907,2.943464594836446,2.2158892421124268,3.9099354139181752,9.174059596786866e-14,-1.7166666666666646,0.27756608376258995,9.418795939855376e-09,120,0.00023328234303526338,0.00010234704476788833,True,0.0006973329303308809,0.0027486559249962845,True,0.47988424109344785,0.8514620580533299,0.002525881434001733,-0.07500000000000007,0.001274385384173489,-0.075,9.174059596786866e-14,2.2158892421124268,3.9099354139181752,0,3.2197594506353537,1.8010480301931042e-13,2.358530946544671,4.395469533755098,0,,0,1
S2_N120,6500908,2.0204359583920053,1.532703026890851,2.6633740459456434,6.057269245483487e-07,-1.4585850808460508,0.3101417381516883,7.073986785373554e-06,120,0.00020975619143715008,6.840509112445816e-05,True,0.00018778583071951414,0.0006563567765770414,True,0.46783563335562184,0.3737551012902244,0.0004540387901313603,-0.025000000000000022,0.0007626860061639054,-0.025,6.057269245483487e-07,1.532703026890851,2.6633740459456434,0,2.098256454951977,1.5490444784786565e-06,1.5508391506479142,2.838901860910768,0,,0,1
S2_N120,6500909,2.9679471623539047,2.27514373497837,3.8717159813238524,1.04931639531417e-15,-1.0277625380729871,0.2997396276551638,0.0008377280598578568,120,5.415627963700053e-07,1.3750018066778714e-07,True,0.09370718847787564,0.12212112655143358,True,0.8731941358060679,0.5792890113468414,0.00022696630334695356,-0.033333333333333326,9.219110739233916e-05,-0.03333333333333333,1.04931639531417e-15,2.27514373497837,3.8717159813238524,0,3.378094189617314,2.0566595538082523e-15,2.501128156307581,4.562549234091667,0,,0,1
S2_N120,6500910,2.8861958962274943,2.1803854960034004,3.8204834726104036,1.2835323055897332e-13,-1.477867905316512,0.29724736412456976,2.2938147141424245e-06,120,0.005427692881199912,0.001589870700266401,True,0.23164343796470976,0.13737848680117673,True,0.5528104171558638,0.563818314732567,0.004017052731131553,-0.06666666666666665,0.0014041942366942422,-0.06666666666666667,1.2835323055897332e-13,2.1803854960034004,3.8204834726104036,0,2.8630964731800033,4.483199192901173e-12,2.125519379473294,3.856620407181175,0,,0,1
S2_N120,6500911,3.979238027554978,2.8818504061935664,5.494502853412885,4.8885716498891993e-17,-1.0038159060491247,0.3214653644758451,0.0022591836663719365,120,2.56730997006778e-07,2.6233919814248634e-09,True,0.27789678341726975,0.2796902530580013,True,0.7564272861971932,0.7044916638488888,0.011539607954000615,0.09999999999999998,0.012141517599910528,0.1,4.8885716498891993e-17,2.8818504061935664,5.494502853412885,0,4.550241303386693,1.1958216262680184e-16,3.1793399268717994,6.512262417758486,0,,0,1
S2_N120,6500912,2.5912217183216217,1.921424980895588,3.4945054114847727,4.376625104772175e-10,-1.766938930762839,0.3234383433703185,2.675251431996792e-07,120,0.000731905814268545,0.00022191178868019115,True,0.042955864551709105,0.024626881375363886,True,0.3068489578749224,0.43563917233242666,0.00032003778515802796,0.01666666666666672,0.0006676354397037559,0.016666666666666666,4.376625104772175e-10,1.921424980895588,3.4945054114847727,0,2.699698507909674,3.7124401371029937e-09,1.940657895529038,3.7556191899669447,0,,0,1
S2_N120,6500913,2.7761474449483337,,,,-1.4231856908664315,0.31116533473573477,1.1991136357343242e-05,120,7.116841395441372e-05,6.22078176176329e-06,True,0.005604908898258151,0.004643176775775529,True,0.7720545748140226,0.5431077489932616,0.004687517669579541,0.08333333333333337,0.0034914587970165415,0.08333333333333333,1.0240390088509567e-06,1.8753958305154081,4.1095295780705,1,2.7715591379263396,1.2809556264285327e-06,1.8660980975695374,4.116364549659885,1,0.0,0,1
S2_N120,6500914,2.9186697631470446,2.1669113755502916,3.931232851710653,1.801956089438661e-12,-1.0286470636148881,0.2980927629015878,0.0007784004648076414,120,0.00020753046378718228,2.2907956333408724e-05,True,0.004167005078801972,0.004965735321287217,True,0.14086809196262953,0.25377296633501445,0.00023377367114282044,0.008333333333333304,0.00010532403032307642,0.008333333333333333,1.801956089438661e-12,2.1669113755502916,3.931232851710653,0,3.1111999424471666,1.3608937246102838e-11,2.238994981421047,4.323174085785498,0,,0,1
S2_N120,6500915,2.040926626560353,1.5289551938322743,2.724331956754492,1.290259920275856e-06,-1.3264654904741384,0.3020877419142579,2.489584826618476e-05,120,0.0009755307902496978,0.00044878852922936957,True,0.09029928053120799,0.02947520870399184,True,0.3262296492404485,0.4351891463668115,0.03557203703431984,-0.125,0.029057627489164163,-0.125,1.290259920275856e-06,1.5289551938322743,2.724331956754492,0,2.0902473506539447,1.5399352198636624e-06,1.5474457864241833,2.8234488246673703,0,,0,1
S2_N120,6500916,2.2634094301833705,,,,-1.192978417266187,0.3362760722717198,0.0005604158153843915,120,0.000492431316787672,0.0004174559427992957,True,0.03805056248687932,0.06689158086380173,True,0.7066241317338966,0.5146927453475232,0.0018545914657241184,-0.033333333333333326,0.0015371491094189119,-0.03333333333333333,1.5218263277669377e-05,1.5814351977310035,3.2394765564807027,1,2.4095780626011876,8.796473392645352e-06,1.6564172869195235,3.5051955117943527,1,0.0,0,1
S2_N120,6500917,2.3038674625132187,1.7260558314988108,3.075106371395933,1.4704090542335504e-08,-1.155165876777253,0.32679369693756255,0.0005854341151986704,120,5.5615475680950445e-06,1.5662481278492767e-06,True,0.00013075869296652184,0.0003810860731300193,True,0.6363336127529853,0.5384760625513989,0.0019273101966358207,-0.050000000000000044,0.000509998852431564,-0.05,1.4704090542335504e-08,1.7260558314988108,3.075106371395933,0,2.4091167940945892,3.4334107702567176e-08,1.7628614451674032,3.292285813782405,0,,0,1
S2_N120,6500918,2.2067454145257437,1.6115630118561521,3.0217405641009254,7.988011742151875e-07,-1.4617302906347573,0.2891810641993153,1.6091187259017532e-06,120,3.805357866624614e-05,0.0006017773579895484,True,0.008298331946009957,0.010613532714172735,True,0.26401687446004973,0.4080159152616126,0.0008365019353821053,-0.033333333333333326,0.0011736016517738268,-0.03333333333333333,7.988011742151875e-07,1.6115630118561521,3.0217405641009254,0,2.326987788636689,7.096452887338895e-07,1.666541338867949,3.249167627694427,0,,0,1
S2_N120,6500919,2.34505481879144,1.7892875998192692,3.0734478368331737,6.583730256403643e-10,-1.1381625104577935,0.3110925816512245,0.000381658952108074,120,0.00019561931799661817,7.913460806615447e-05,True,0.011405872685989152,0.005518857281913137,True,0.3573288932408786,0.583675066865321,0.00035422593552464967,-0.025000000000000022,0.0004601001763112121,-0.025,6.583730256403643e-10,1.7892875998192692,3.0734478368331737,0,2.361310589264036,3.2583291014551993e-09,1.7765203726810956,3.1386004825576985,0,,0,1
S2_N120,6500920,2.3812749783452847,1.7116750091072441,3.312819602040504,2.59676822974567e-07,-1.4007963995811976,0.2800597676152982,2.018936249578237e-06,120,0.011587636790269015,0.009990386604010998,True,0.0008897626882316608,0.014449736923174075,True,0.7463071541215394,0.7358029076930608,0.0007266964525863484,0.04166666666666663,0.0017716078385045433,0.041666666666666664,2.59676822974567e-07,1.7116750091072441,3.312819602040504,0,2.7475138021722376,2.839826368515461e-07,1.867937143794742,4.04126665514632,0,,0,1
S2_N120,6500921,1.974880300303732,1.4714200691914656,2.65060418991761,5.833897063157533e-06,-1.4264368361903859,0.2778514556143324,1.1436601020655841e-06,120,0.0002908875486407799,0.00019753996156029167,True,0.010001650423173395,0.005520993234603771,True,0.19538031060605354,0.25820791047525005,0.00043135484666917,-0.016666666666666607,0.00028062547098190956,-0.016666666666666666,5.833897063157533e-06,1.4714200691914656,2.65060418991761,0,2.297296544603441,6.107798415055176e-08,1.7001572997676742,3.104166546570772,0,,0,1
S2_N120,6500922,2.578802374260971,1.9029757191210008,3.494643477934553,9.99278196512396e-10,-1.3786272719993593,0.30876154134126704,1.8559879413823002e-05,120,0.02045580381238066,0.012897869007835891,True,0.004314081539712419,0.0051400774282427085,True,0.12892920119237639,0.11370517397594887,0.001425027303895033,-0.033333333333333326,0.0021956944817237306,-0.03333333333333333,9.99278196512396e-10,1.9029757191210008,3.494643477934553,0,2.594520572687069,3.0693614095890274e-09,1.893017267353295,3.55598288414351,0,,0,1
S2_N120,6500923,3.0659423592947768,2.1644695340466447,4.3428666482285765,2.850967438020617e-10,-1.8793479775666002,0.3170587892030088,3.1789961171731833e-08,120,0.020791030425102344,0.06421204470415363,True,0.1804932359827086,0.08049183593434163,True,0.08912729604324818,0.13982357671023143,0.0013738389542992796,0.05833333333333335,0.0017480688463408869,0.058333333333333334,2.850967438020617e-10,2.1644695340466447,4.3428666482285765,0,3.2481474027262016,3.5114964147079524e-10,2.248080195456109,4.69309839175751,0,,0,1
S2_N120,6500924,2.2623854277673905,,,,-1.4974588938714495,0.32521670282165654,1.0584029983314895e-05,120,8.628610122794273e-06,8.065448024215214e-06,True,0.029189506440205615,0.03790619336297005,True,0.34440196146330737,0.5530457516146108,0.001061026284366337,-0.033333333333333326,0.0002735622756239425,-0.03333333333333333,0.00013641516637553618,1.5014336681454594,3.4090002990917125,1,2.4337398750419243,0.00017786104602368527,1.5440497610099049,3.8360744121970596,1,0.0,0,1
S2_N120,6500925,2.7010312652480386,1.9806355106900575,3.683449002338461,3.433058498325341e-10,-1.2954680936079224,0.3014965135721004,3.601408965059104e-05,120,3.725148588696794e-05,1.6673656876705083e-05,True,0.014688715110724304,0.0036380637097141967,True,0.33081713056566775,0.3373290488046118,0.004435828702422947,-0.08333333333333337,0.008156439963047738,-0.08333333333333333,3.433058498325341e-10,1.9806355106900575,3.683449002338461,0,2.890973351660961,2.258430176469045e-10,2.0824535512145643,4.013403763622614,0,,0,1
S2_N120,6500926,3.4519275825439086,2.474747864754079,4.814956790077495,2.951506905172585e-13,-1.687973349581965,0.31969932353693153,6.039587351439303e-07,120,0.0003874371738940495,5.7023983080532195e-05,True,0.0004044866244906935,0.0002942830348765873,True,0.21661305019151278,0.2548686259900934,0.04961791102710414,-0.14166666666666672,0.06726395550749831,-0.14166666666666666,2.951506905172585e-13,2.474747864754079,4.814956790077495,0,4.056992351411344,1.6218661016236475e-14,2.837515910490457,5.800561991056894,0,,0,1
S2_N120,6500927,1.9184478918300631,1.457631074470943,2.5249477581308115,3.344300709659344e-06,-1.5152199274791132,0.31792139930317526,5.450334580947694e-06,120,0.00025654637351210175,0.00022236358836335218,True,0.0006911756548970259,0.0015416254253838267,True,0.4102636089865105,0.47779423751534644,0.00028659412239643103,0.008333333333333415,0.0002514146237412195,0.008333333333333333,3.344300709659344e-06,1.457631074470943,2.5249477581308115,0,2.043726682348111,9.607350337312347e-07,1.535478285530631,2.720206981434576,0,,0,1
S2_N120,6500928,3.071383092695276,2.25642273058473,4.180685637593193,9.846122725117532e-13,-1.5833333333333353,0.3216642565420974,2.830493713409025e-06,120,5.200057793278103e-06,6.237681555125325e-06,True,0.029248002013703433,0.01854046501905194,True,0.18331607630860447,0.1956237467156975,0.00034447247211147325,0.01666666666666672,6.477205133248433e-05,0.016666666666666666,9.846122725117532e-13,2.25642273058473,4.180685637593193,0,3.581675780000799,1.777467209740362e-13,2.5504953721985006,5.029768543350221,0,,0,1
S2_N120,6500929,3.048901872787659,2.279142982558585,4.078639515390363,5.966249960312884e-14,-1.1408036106181174,0.33490486192066293,0.000903054232619653,120,2.652270871316833e-05,1.3789387739411966e-05,True,0.0044552999903274305,0.003778547590583493,True,0.23461171762648858,0.31998142853254596,0.011844698955829434,-0.09166666666666667,0.023957245056309584,-0.09166666666666666,5.966249960312884e-14,2.279142982558585,4.078639515390363,0,3.153277117513586,5.2511260438309696e-12,2.2754064058181758,4.369837649402017,0,,0,1
S2_N120,6500930,3.2331407153843754,2.3863628526577307,4.3803895429541635,3.634885740124751e-14,-1.694548293318395,0.29601114642627174,8.147519528228388e-08,120,3.7181150164592595e-05,9.348458118524037e-05,True,0.004441741850259731,0.0015087005094592564,True,0.9899374785673227,0.9852477617238459,0.000489947252622143,0.01666666666666672,0.00014518437035837133,0.016666666666666666,3.634885740124751e-14,2.3863628526577307,4.3803895429541635,0,3.5879201949179245,7.13256217547116e-14,2.5678157400089234,5.013276896984494,0,,0,1
S2_N120,6500931,2.2329452621042543,1.7058279506309106,2.9229469136730453,4.999104348503743e-09,-1.4753531338954875,0.3006079813378911,3.0084477177783615e-06,120,5.074511556296936e-06,1.1221814227189611e-06,True,0.00039573605563603424,0.00021322491225094192,True,0.21371534892785393,0.22383607672629457,0.0001419170699060211,0.0,9.709152342295577e-05,0.0,4.999104348503743e-09,1.7058279506309106,2.9229469136730453,0,2.432557401507834,8.15990917550912e-09,1.798098650412037,3.290884796712672,0,,0,1
S2_N120,6500932,3.1735927935844876,2.4365958979363813,4.133509059923058,1.0777383794888431e-17,-1.5553093724428784,0.30548875361305944,1.3750751134986004e-06,120,0.00017741493215769872,2.687820081113045e-05,True,0.08750057049775765,0.06526928377655292,True,0.7724919066342266,0.8310519933568085,0.0013848056143628113,0.04166666666666663,0.0009860328308185602,0.041666666666666664,1.0777383794888431e-17,2.4365958979363813,4.133509059923058,0,3.812347449039319,4.489178191349674e-17,2.789799924429404,5.209690108931103,0,,0,1
S2_N120,6500933,2.9202007801926357,2.1241056758033685,4.014664945242154,4.1456933924947013e-11,-1.4330544795186677,0.2943084073235227,3.5410481359231468e-06,120,2.983076469948507e-06,1.1357470433839203e-06,True,0.1439764211053398,0.19869843612943128,True,0.9621347237461432,0.903374768534121,0.0014452562224226062,0.05833333333333335,0.002674203999239457,0.058333333333333334,4.1456933924947013e-11,2.1241056758033685,4.014664945242154,0,3.004246735067674,4.765434345209905e-11,2.164674396287286,4.16944851412515,0,,0,1
S2_N120,6500934,2.650263839942909,1.971985875940755,3.561840126242341,1.0329866935354069e-10,-1.128017650908939,0.36721752607161445,0.0026467297176451083,120,5.120891317325198e-06,6.728628402406663e-07,True,1.4907859056532845e-05,4.30962033579413e-06,True,0.1735073047940039,0.13796430691406222,0.002205800994889801,-0.04166666666666674,0.001548980731183716,-0.041666666666666664,1.0329866935354069e-10,1.971985875940755,3.561840126242341,0,3.105945703198645,3.4063473223988175e-12,2.257288688678099,4.2736663500792575,0,,0,1
S2_N120,6500935,2.5811363797199074,1.8643546674093876,3.5734965707845356,1.110562751770029e-08,-1.304838683168157,0.33860877574102166,0.00019064187772062973,120,0.00028360878349455263,0.00022745382961149814,True,0.012093164089712737,0.005213553438045626,True,0.014292796800036702,0.07866509882931977,0.0022310756520600664,0.04166666666666663,0.005379923076108506,0.041666666666666664,1.110562751770029e-08,1.8643546674093876,3.5734965707845356,0,2.769215473346492,4.259638679535537e-09,1.9712926995873483,3.890114511876851,0,,0,1
S2_N120,6500936,2.6598751397989524,2.032441304387384,3.481003728888995,1.0276520867717898e-12,-0.9947656687895272,0.3132908732145526,0.0019141534544224968,120,0.006186669343934742,0.011192685254691193,True,0.06998275772182783,0.06898364141772634,True,0.6662553538758468,0.4770851161233607,0.0009414346114536472,0.04166666666666674,0.0011564514471420484,0.041666666666666664,1.0276520867717898e-12,2.032441304387384,3.481003728888995,0,2.824934408528804,1.2899299056369851e-13,2.1462011288192766,3.7183161938230302,0,,0,1
S2_N120,6500937,2.3206372310684786,1.7026459860220284,3.1629341639028783,9.908826755402482e-08,-1.4670259238155936,0.3058167719853952,4.789840890214383e-06,120,2.0133184520405264e-05,5.362110697813737e-06,True,0.020092531296439068,0.021233144625278078,True,0.29195697537138166,0.2750605273071137,0.0012259508598076068,-0.033333333333333326,0.0013479227965063482,-0.03333333333333333,9.908826755402482e-08,1.7026459860220284,3.1629341639028783,0,2.49024304761837,2.516937500132976e-08,1.80661313496666,3.432561358149358,0,,0,1
S2_N120,6500938,3.1164146786415543,2.27584603748754,4.267441772983166,1.3644707815734032e-12,-1.416165091810393,0.3218662241704072,2.4039672968660824e-05,120,0.009680633102063829,0.021223670488796993,True,4.946469635259208e-06,7.76599718601513e-06,True,0.17238957743233463,0.27851270100986014,0.0019273101966358207,0.050000000000000044,0.0040488761298861356,0.05,1.3644707815734032e-12,2.27584603748754,4.267441772983166,0,3.134954703630449,1.3852673535766168e-11,2.2508381822933714,4.366347199513481,0,,0,1
S2_N120,6500939,1.9262151793161693,1.4172695927373455,2.6179245896765893,2.8188540307123212e-05,-1.4166666666666663,0.3149664535921183,1.6278464703215906e-05,120,0.0054964271001610825,0.013244089930406761,True,0.008907236511145502,0.012968355606615082,True,0.8264474031152459,0.9264966715536195,0.011476504019288796,-0.09999999999999998,0.007908492367974147,-0.1,2.8188540307123212e-05,1.4172695927373455,2.6179245896765893,0,2.0450954119113818,2.6344992436778317e-05,1.4649358393051741,2.8550159888263256,0,,0,1
S2_N120,6500940,2.2806686309295867,1.661930439011778,3.1297636062307985,3.2939643050179576e-07,-1.5000000000000002,0.2796831459007902,4.177117315080696e-07,120,7.601354917646555e-05,6.267130969990336e-05,True,0.0004915185091649034,0.00031512695656777165,True,0.6985840982327409,0.33563579880196426,0.0021811881077044015,-0.07499999999999996,0.0015611278254752414,-0.075,3.2939643050179576e-07,1.661930439011778,3.1297636062307985,0,2.2980857146579625,2.334847986204639e-06,1.6269534049295633,3.2460658897257364,0,,0,1
S2_N120,6500941,2.9366115414198406,,,,-1.6654788229290693,0.3053014246354274,2.770404789860546e-07,120,0.0004756864717276105,0.0008338391917085207,True,0.0005044835483719475,0.0007140793053629438,True,0.6521203580437284,0.7839841197342162,0.04053143821575465,0.13333333333333341,0.04120625812510267,0.13333333333333333,2.9662675411334456e-06,1.901345392379214,4.535571169638526,1,3.1950929482520976,4.249559246696843e-07,2.0792565481108083,4.909744762975849,1,0.0,0,1
S2_N120,6500942,2.6700041132717116,2.0016248658480316,3.5615674477882426,2.3784134191107627e-11,-1.455593897218836,0.3307881369135882,2.398984989127273e-05,120,6.130425168882342e-07,4.728711760612283e-08,True,0.18130874502606642,0.14906636430143835,True,0.04311878038314963,0.09462109921513066,0.0005358545054470419,0.033333333333333326,0.0004229743957039548,0.03333333333333333,2.3784134191107627e-11,2.0016248658480316,3.5615674477882426,0,2.7007986608326773,2.0787706856690694e-10,1.9880300391165866,3.66911629242631,0,,0,1
S2_N120,6500943,2.88633524915266,2.149728905735831,3.8753403502520025,1.7768200587384801e-12,-1.4035836824880654,0.27334460960392787,1.1385160019000353e-06,120,5.930745051421474e-06,4.839683806461071e-06,True,0.004871198521130653,0.0013036524296871229,True,0.2563099463104336,0.1659378339745442,0.0010114759537794263,0.025000000000000022,0.0025695152954565326,0.025,1.7768200587384801e-12,2.149728905735831,3.8753403502520025,0,3.2460161141549717,2.5595598569503057e-14,2.3977540078532287,4.394370973354122,0,,0,1
S2_N120,6500944,2.5434198598769533,1.8520514406081074,3.4928752202975835,8.03000674244338e-09,-1.3548277665206865,0.29242330572123193,9.419847812317588e-06,120,4.232706909803048e-07,2.394582705058086e-07,True,0.0181597029813909,0.013265234605176696,True,0.957566080852509,0.6964563139874447,0.025313155639106206,0.125,0.027012813051767143,0.125,8.03000674244338e-09,1.8520514406081074,3.4928752202975835,0,2.810242330537074,2.0725743333252596e-10,2.0434510088359708,3.86476696636889,0,,0,1
S2_N120,6500945,4.384524863070863,3.2379747702890014,5.937062404340708,1.2144365678225532e-21,-0.8738175169826783,0.3006580399199852,0.004374805394882733,120,1.2892344674036306e-05,1.6391477489386734e-05,True,0.003767713430956248,0.0009149598921461511,True,0.05777957112359729,0.11780818243143086,0.005410008739895942,0.07499999999999996,0.004028676861892427,0.075,1.2144365678225532e-21,3.2379747702890014,5.937062404340708,0,4.997853717653013,7.039628298094758e-22,3.600081095191773,6.9383275327933855,0,,0,1
S2_N120,6500946,2.5314580738394503,1.9202506880473431,3.3372100942316885,4.470998540017378e-11,-1.6312706389088292,0.33399715071484576,3.326377033759194e-06,120,3.4575973124707e-05,1.7878058495804084e-05,True,3.6270455583868547e-05,1.4224347455897065e-05,True,0.32775699878322806,0.25521288310968726,0.0005406924301017843,0.033333333333333326,0.0007374116820841247,0.03333333333333333,4.470998540017378e-11,1.9202506880473431,3.3372100942316885,0,2.92017334278993,1.8169890045304273e-10,2.100606776418105,4.059499592056738,0,,0,1
S2_N120,6500947,2.556724507014132,1.9114317883064436,3.419865801519599,2.527218433379878e-10,-1.5933194318600248,0.31249485346927625,1.3313182099663127e-06,120,0.00010961500383888365,1.456313049173313e-05,True,0.010136515611944672,0.00951688796339302,True,0.8024543115000163,0.7023882920500468,0.00015704393723099173,-0.008333333333333415,0.00013365482655809303,-0.008333333333333333,2.527218433379878e-10,1.9114317883064436,3.419865801519599,0,2.666879150214277,2.6993253482034696e-10,1.9669301923040488,3.6159109406503083,0,,0,1
S2_N120,6500948,2.83596983155595,2.0427848936072897,3.9371374395142924,4.741264157156032e-10,-1.6131885993251487,0.3227680390078444,2.0519310886453086e-06,120,0.007929778189263777,0.004922420267541635,True,0.0008573498556359906,0.00039087452923846293,True,0.36644565051652167,0.59656663796132,0.01547726097480735,0.10000000000000009,0.007908492367974149,0.1,4.741264157156032e-10,2.0427848936072897,3.9371374395142924,0,3.0056155724656244,7.043208809793736e-10,2.1183253014023626,4.2645598216040765,0,,0,1
S2_N120,6500949,3.3706098649052083,2.442532720135722,4.651323917890042,1.4167443509689659e-13,-1.4421878773243186,0.2966771388666829,3.6635457012285115e-06,120,1.3821512775602294e-07,1.7365045839390247e-07,True,0.000929390222960369,0.0018369885800718208,True,0.316595099189812,0.28190118554050336,0.0014169456464073842,-0.050000000000000044,0.0007747204583669248,-0.05,1.4167443509689659e-13,2.442532720135722,4.651323917890042,0,3.6677856448023687,6.099977445537648e-12,2.532527434514179,5.311947011069195,0,,0,1
S2_N120,6500950,3.57031692673098,2.666499699906333,4.7804854272998885,1.2786657071928329e-17,-1.8065414405639846,0.30253928561259397,2.5886245427778793e-08,120,0.00033967989543681694,0.0009512044925663197,True,4.132085254032689e-05,9.32767475128804e-05,True,0.7655429568606051,0.8329960507378391,0.030583491775906087,-0.125,0.035294809194574256,-0.125,1.2786657071928329e-17,2.666499699906333,4.7804854272998885,0,3.7533508605937755,1.3528343180687495e-18,2.7957676589930665,5.038917535727519,0,,0,1
S2_N120,6500951,2.429383435648006,1.7955637772362956,3.28693636629551,8.682027956037395e-09,-1.5268004092985699,0.30597699660135835,2.1237694226704873e-06,120,4.8075333567487064e-05,6.403459338925286e-06,True,0.0023382927236673522,0.0017610763895178482,True,0.1638086796909396,0.14591421340028984,0.008315030515852853,0.08333333333333337,0.01640900829215008,0.08333333333333333,8.682027956037395e-09,1.7955637772362956,3.28693636629551,0,2.722069457781143,1.1194539370257956e-10,2.0079068918372216,3.690241894735036,0,,0,1
S2_N120,6500952,2.2814329691780073,1.6914161085414747,3.077265473923296,6.577440575062158e-08,-1.7333333333333338,0.3153234208022079,2.2958927046953078e-07,120,1.154942966406418e-06,4.141474195131021e-08,True,0.09985628201664512,0.056603666559497355,True,0.9682419607319779,0.9684714821813556,0.016039956915451455,-0.10833333333333328,0.0069381331689469875,-0.10833333333333334,6.577440575062158e-08,1.6914161085414747,3.077265473923296,0,2.479380976038013,3.797755943071777e-08,1.7939751862386322,3.426652760581439,0,,0,1
S2_N120,6500953,2.8683448484296608,2.0881210433927313,3.940098298202713,7.747026187615409e-11,-1.1999999999999997,0.29847162236128594,0.0001032100510102181,120,4.405515874656684e-05,2.74400235633967e-05,True,1.4996645220818761e-05,0.0002885634366561634,True,0.6701244258920052,0.5847471324253413,0.005485219613885973,0.07499999999999996,0.0018833218737531242,0.075,7.747026187615409e-11,2.0881210433927313,3.940098298202713,0,3.103978326524683,9.831256059879278e-12,2.24036800331455,4.300490561051032,0,,0,1
S2_N120,6500954,2.2164464992537223,1.6676261336980924,2.9458851626173104,4.180930235960314e-08,-1.373165839982745,0.30865091908831954,1.978882342853385e-05,120,2.795888208355697e-06,1.250216691044585e-06,True,0.018350605405332242,0.01605537594844699,True,0.6472386645855283,0.44796474111968176,0.039124182269232,-0.1333333333333333,0.026852087111599764,-0.13333333333333333,4.180930235960314e-08,1.6676261336980924,2.9458851626173104,0,2.2715495114184345,1.8426235234634157e-07,1.668758139939368,3.092082105446873,0,,0,1
S2_N120,6500955,2.603433840673067,1.931884963685049,3.508422028314258,3.2560605044044716e-10,-0.8876068430614228,0.30887548400305087,0.004820033715712668,120,0.00025176440513125555,4.033720989967675e-05,True,0.24379959469510892,0.25172684630832587,True,0.371855752019677,0.5653859960098307,0.00014340472944430842,0.01666666666666672,8.643709215774682e-05,0.016666666666666666,3.2560605044044716e-10,1.931884963685049,3.508422028314258,0,2.7828296775549903,3.772302665990497e-10,2.020185596605787,3.833380966230094,0,,0,1
S2_N120,6500956,2.5788486925643954,1.9054455246004356,3.49023915576682,8.49110689199376e-10,-0.7833333333333339,0.2720551385804573,0.004740252786563657,120,6.242389790018565e-07,8.621776263838283e-09,True,0.0037215625581990108,0.005205006322635835,True,0.6272801178846104,0.5600984272491023,0.0014934310841895307,-0.025000000000000022,0.0008865185920559777,-0.025,8.49110689199376e-10,1.9054455246004356,3.49023915576682,0,2.632779889235924,2.8545918497333512e-09,1.912883785470849,3.6236022270735884,0,,0,1
S2_N120,6500957,2.7241482762197906,2.031035610944296,3.6537930653914006,2.2349083737432185e-11,-1.8104209194675251,0.3036526817303732,2.701854889960632e-08,120,2.0196516416716667e-07,1.1663913075141125e-08,True,0.00036107627957430327,0.0005838056118318915,True,0.6192073666994569,0.48623034544319843,0.00020309410895743326,0.0,7.618512286987244e-05,0.0,2.2349083737432185e-11,2.031035610944296,3.6537930653914006,0,3.0576650173102093,2.433637172275355e-13,2.2670921045431744,4.1239239196973685,0,,0,1
S2_N120,6500958,2.315468672324043,1.7732555502165397,3.0234757600839677,6.912938875224389e-10,-0.9333333333333359,0.30014364632221796,0.002352975219322107,120,0.07010108863491517,0.041922946762906754,True,0.03175044799258132,0.055604769525460014,True,0.37374649471525456,0.18396121733989745,0.00023200872094927076,0.01666666666666672,6.328722530600454e-06,0.016666666666666666,6.912938875224389e-10,1.7732555502165397,3.0234757600839677,0,2.5415956829607222,5.2107265485412165e-09,1.8584698918513685,3.4758209664669653,0,,0,1
S2_N120,6500959,2.7770000311523497,2.0552706518576334,3.7521720879194147,2.901803880326269e-11,-1.0027965082849812,0.306401090779035,0.001400086980523674,120,0.002770056999321631,0.005647711373864057,True,0.01389847590187586,0.007091915071197692,True,0.9011225890219441,0.8825474435835536,0.002779897961710735,-0.05833333333333335,0.004707557962904475,-0.058333333333333334,2.901803880326269e-11,2.0552706518576334,3.7521720879194147,0,3.0062521514849108,3.433383394109171e-11,2.17090255089677,4.163039006322217,0,,0,1
S2_N120,6500960,2.3686218932752605,,,,-1.1999999999999997,0.28803106281884605,5.9569092927467464e-05,120,0.00010969974570759322,2.0300423035420813e-05,True,3.825494948868224e-05,4.3176960697559714e-05,True,0.4326177393123334,0.4542873595511847,0.0004539142416067254,0.033333333333333326,0.0011736016517738268,0.03333333333333333,8.95507798699551e-06,1.6396361549245806,3.4217162487252812,1,2.4758188585635255,1.104738979740539e-05,1.6745141131436745,3.6605717278256633,1,0.0,0,1
S2_N120,6500961,2.3863188801922477,1.8179418408175294,3.1323982264477483,3.7012330761353867e-10,-1.1328299674896967,0.2928821885412034,0.00018097773750683154,120,1.8385600208710127e-05,1.6969369200489828e-05,True,0.00019794823065086582,0.00036516786345898466,True,0.463510742229878,0.41269524159020166,0.0012687228587358254,0.04166666666666663,0.0004664834016804628,0.041666666666666664,3.7012330761353867e-10,1.8179418408175294,3.1323982264477483,0,2.594745541523754,4.0526224450210146e-10,1.9243245331846084,3.4987364704618154,0,,0,1
S2_N120,6500962,3.1728775133241744,2.3568691381219082,4.271408858355325,2.7012212217477626e-14,-1.3873948053281544,0.29389711028074467,6.57560826738443e-06,120,3.604241478407295e-05,4.214183587960874e-06,True,0.017849360707775448,0.007889989263070312,True,0.11344641896870529,0.16747697748916002,0.0012670775282648827,-0.033333333333333326,0.0005151002191871785,-0.03333333333333333,2.7012212217477626e-14,2.3568691381219082,4.271408858355325,0,3.4092679226804203,1.836109594311096e-14,2.4911383727983716,4.665781674568755,0,,0,1
S2_N120,6500963,2.149085490651505,1.4880505318315083,3.1037712411850946,4.5168976839729736e-05,-1.3657323726090926,0.3100702629496896,2.3594032084743023e-05,120,0.007271312112876829,0.004004796690061326,True,0.008656882642464062,0.019263763604722,True,0.7866840529583528,0.8328777708650907,6.437771198358796e-05,0.0,0.0001219392422312728,0.0,4.5168976839729736e-05,1.4880505318315083,3.1037712411850946,0,2.2014063038998146,8.664295442778899e-05,1.4845062581635038,3.264512822495682,0,,0,1
S2_N120,6500964,2.508926993063139,1.8301715358977737,3.439412390070328,1.094749258874806e-08,-1.1041549999999998,0.30370605661724487,0.0004135516246903142,120,4.656128185816274e-05,4.0499085467641895e-05,True,0.15745964168039028,0.12348721474304379,True,0.5474510307721419,0.5305811031371483,0.01975001911990787,0.10833333333333328,0.025946856609341384,0.10833333333333334,1.094749258874806e-08,1.8301715358977737,3.439412390070328,0,2.967112813474906,1.3904735322037719e-11,2.164538291364159,4.067268517730205,0,,0,1
S2_N120,6500965,2.930588081872104,2.069992971516775,4.148973751982239,1.3478311105395011e-09,-1.0737213774866292,0.2924286868095152,0.0003644933699434026,120,0.0002111897882751725,0.00016647898793771852,True,0.028070671030104594,0.04516085553380123,True,0.4032432170130712,0.2853202572813024,0.00010321504983637493,-0.008333333333333304,0.00020623800138594417,-0.008333333333333333,1.3478311105395011e-09,2.069992971516775,4.148973751982239,0,3.212956543771605,1.0159555946753577e-09,2.2091086287031705,4.672966108608619,0,,0,1
S2_N120,6500966,3.397149406323136,2.540994944924935,4.541773729983772,1.5270566255672833e-16,-1.8868781204111613,0.297736225794871,4.524085618899592e-09,120,5.4664922531067966e-05,2.7813605072513364e-05,True,0.0790832392313958,0.09376152924536836,True,0.33004329577066327,0.22633492608078254,0.04834045471807502,-0.15000000000000002,0.05308662173921752,-0.15,1.5270566255672833e-16,2.540994944924935,4.541773729983772,0,3.4730003733591515,3.611768308309005e-15,2.5468729086174196,4.735898502254109,0,,0,1
S2_N120,6500967,2.6778935146337335,1.988431943803769,3.6064164519502917,8.845004151115819e-11,-1.5607344674374666,0.28660069967109736,2.891178884408752e-07,120,0.0004303647157331349,0.0001355330864624444,True,0.0007994676139102656,0.0019291133225888407,True,0.589780711314362,0.5779346353979722,0.06711956505034511,0.15833333333333333,0.07687358522737739,0.15833333333333333,8.845004151115819e-11,1.988431943803769,3.6064164519502917,0,2.859392631290971,4.172267040286204e-11,2.0928214287711815,3.9067481379344384,0,,0,1
S2_N120,6500968,2.837914080998388,2.0601961880847552,3.9092181500520273,1.732730930225699e-10,-1.1833333333333313,0.30236695816702114,0.00015319798144386692,120,3.6664392306472233e-05,1.8449770421913164e-06,True,0.024671570911822358,0.024210656083392013,True,0.927785485839686,0.8930726218564331,0.0005681359088776561,0.01666666666666672,0.00014518437035837133,0.016666666666666666,1.732730930225699e-10,2.0601961880847552,3.9092181500520273,0,2.936591986928706,1.4581054456858563e-09,2.071351160537823,4.163259548639154,0,,0,1
S2_N120,6500969,2.6425333687538943,2.0326881204560316,3.4353438359305106,3.903713839579911e-13,-1.328674681636383,0.33368147959410616,0.00011913314068713513,120,0.0007111439595297942,0.0005933545532392713,True,1.538664330091351e-05,1.2338897010149174e-05,True,0.0497844734555985,0.03449189299490713,0.003134536285054078,0.06666666666666665,0.0014041942366942422,0.06666666666666667,3.903713839579911e-13,2.0326881204560316,3.4353438359305106,0,2.826300667497204,3.788994845664858e-13,2.135268937074296,3.7409692635908014,0,,0,1
S2_N120,6500970,2.594035680059712,1.9292671986325824,3.487863741317024,2.788161265555735e-10,-1.7792110415307092,0.3223646082952292,2.076796724611682e-07,120,0.0010123924194595717,0.0037244505078301957,True,0.0007392015146054355,0.0019667394867347258,True,0.7363325078573496,0.7100824639341432,0.003032985467056704,0.06666666666666665,0.0023177596635358642,0.06666666666666667,2.788161265555735e-10,1.9292671986325824,3.487863741317024,0,2.8243321372409858,1.944453403401768e-09,2.0122305564589946,3.96418392308356,0,,0,1
S2_N120,6500971,2.962159557997685,,,,-1.529308711515074,0.30812934272330883,2.3797270709029575e-06,120,0.00018325294056853117,0.00010381859881672937,True,1.735921351148241e-05,8.140773642911991e-06,True,0.08116952393020103,0.1581435143700618,0.0007956835186850781,0.04166666666666663,0.0017716078385045465,0.041666666666666664,2.3690237774761103e-09,2.123697591806653,4.131656635525292,1,3.0923125123900297,9.050365193606116e-08,2.0884712016319282,4.5786586220637835,1,0.0,0,1
S2_N120,6500972,2.6699480385564365,1.9923467677526967,3.5780029079135756,4.865680490749891e-11,-1.9307565455079398,0.30407919112599485,4.267165617870207e-09,120,5.571494358135217e-06,6.341401483563869e-07,True,0.004629817049136449,0.002727442213115933,True,0.40153514145069924,0.4764361616861086,0.0006665772801461196,0.025000000000000022,0.001505367703239746,0.025,4.865680490749891e-11,1.9923467677526967,3.5780029079135756,0,2.874236741297856,3.6485745774680615e-10,2.0661117024656557,3.998446374011494,0,,0,1
S2_N120,6500973,2.5323401986713647,1.9186350005312451,3.3423485342607226,5.3171002735229625e-11,-1.9904560316640851,0.30895275372993874,2.717552333275194e-09,120,4.2208499043508694e-08,6.31950214480545e-08,True,0.028004734832051462,0.034519548773701406,True,0.9706286044791975,0.8533980863806659,0.0009758103113027573,0.04999999999999993,0.0013147298389875547,0.05,5.3171002735229625e-11,1.9186350005312451,3.3423485342607226,0,2.417152482235824,2.2999592400939503e-09,1.809552572634558,3.2287683766338033,0,,0,1
S2_N120,6500974,2.308716359360749,1.7098009172423392,3.117422136243057,4.746448119335589e-08,-1.666666666666666,0.3005615415766215,1.8472306166570274e-07,120,3.5302297515500127e-07,1.4992726170943653e-07,True,0.00016508675739578145,0.00012492091561448868,True,0.5395228169004083,0.8226606714638471,0.00011749973912679157,0.0,0.0001219392422312728,0.0,4.746448119335589e-08,1.7098009172423392,3.117422136243057,0,2.5656295113117125,4.617650982764488e-08,1.8300066083684983,3.596956841146065,0,,0,1
S2_N120,6500975,2.654920410020735,2.012102306394905,3.50310337657417,5.093204523550796e-12,-1.1287934893019478,0.2771509316662151,8.483904800671349e-05,120,3.741579660865205e-06,1.8548491912532432e-06,True,0.0016631730583412233,0.0014080426727146108,True,0.057037431207711715,0.07092080675442203,0.00011771355839467486,0.0,0.000268489823906822,0.0,5.093204523550796e-12,2.012102306394905,3.50310337657417,0,2.73949127309813,2.8828327497742162e-11,2.0357388048756677,3.686530127247423,0,,0,1
S2_N120,6500976,2.650131185078254,1.940976949775331,3.6183816087755236,8.576133729710912e-10,-1.3017048459375964,0.3013148911889514,3.288807956026713e-05,120,1.5105861695630091e-05,1.2173048021540779e-06,True,0.007702749886870934,0.007194352405647854,True,0.19600401303400605,0.3013186001626219,0.000826678813010324,0.02499999999999991,0.0008865185920559777,0.025,8.576133729710912e-10,1.940976949775331,3.6183816087755236,0,2.69874461848293,3.4873640745381254e-09,1.9413186273216805,3.7516883695896923,0,,0,1
S2_N120,6500977,2.1333656164700905,1.584379978483234,2.8725740765127776,5.985304209073822e-07,-1.6361032050488817,0.3469415885189485,6.70973489354256e-06,120,7.440457438614067e-10,3.956109490583748e-12,True,0.006254052737095939,0.004307230200922809,True,0.008805842021530157,0.0031377405764654647,0.003587673575653695,-0.07499999999999996,0.0015611278254752412,-0.075,5.985304209073822e-07,1.584379978483234,2.8725740765127776,0,2.316442489057559,2.532206744476334e-07,1.6831476137328454,3.188018544143491,0,,0,1
S2_N120,6500978,3.9739299649188746,2.780322002821715,5.67996057652779,3.704024451060266e-14,-1.7714575845741343,0.3261894233974583,3.090795966309283e-07,120,0.00020820915076088638,0.000180648891714585,True,0.20402133684281776,0.13322279157986225,True,0.7591207136405866,0.6521173298319356,0.00023200872094927076,0.01666666666666672,0.00101511924596649,0.016666666666666666,3.704024451060266e-14,2.780322002821715,5.67996057652779,0,4.29595836790524,5.529203338329159e-16,3.019006721828416,6.113023255409617,0,,0,1
S2_N120,6500979,2.4477934634387473,1.7640718367698602,3.3965129507563985,8.492584794927613e-08,-1.495055842962822,0.3085323986005441,3.908726956510515e-06,120,0.0041202837514860875,0.0006749423391578251,True,0.16061212992579832,0.1639807803584188,True,0.7243226997450751,0.8784412766633112,0.0015594562448180823,0.050000000000000044,0.0009350069426102081,0.05,8.492584794927613e-08,1.7640718367698602,3.3965129507563985,0,2.6643047285040393,6.16843563133241e-08,1.8685755766121186,3.798893539644344,0,,0,1
S2_N120,6500980,2.165720970081338,1.6352072956035828,2.8683502898137228,7.036517691692428e-08,-1.624761154579985,0.2900551117417827,1.430366668056603e-07,120,1.2582872925047056e-05,1.3692291760631197e-06,True,0.0035905221293274165,0.0007931508102258408,True,0.5373127241356306,0.4785030660024878,0.047748198383266174,-0.13333333333333336,0.04362677423455887,-0.13333333333333333,7.036517691692428e-08,1.6352072956035828,2.8683502898137228,0,2.3712400676042664,1.9816241493393526e-08,1.754100222287536,3.205506382570989,0,,0,1
S2_N120,6500981,2.261438044470149,1.661192117731368,3.078573498146092,2.1624355501604438e-07,-1.5913794097856406,0.3035248935474298,7.102907333332257e-07,120,1.5333083967901832e-05,3.299006170395111e-06,True,0.0008834519091557731,0.001276394227119274,True,0.25395664912389493,0.4487109777959922,0.0017995237079015153,-0.05833333333333335,0.0008576193100746498,-0.058333333333333334,2.1624355501604438e-07,1.661192117731368,3.078573498146092,0,2.5080348796526764,6.42165764000475e-08,1.7970950631248064,3.500226051824374,0,,0,1
S2_N120,6500982,2.5395760435458508,1.8931379410599545,3.406749366261709,5.027418052316887e-10,-1.7189492635843073,0.312756423948394,2.3049437320701986e-07,120,6.32540334491761e-06,4.7903158118219945e-05,True,0.011574539924951591,0.011318770633694181,True,0.14354732914872975,0.16725471196902897,0.00038460637443158503,-0.01666666666666672,0.00011304254359135538,-0.016666666666666666,5.027418052316887e-10,1.8931379410599545,3.406749366261709,0,2.8688482683347307,5.589274585104247e-12,2.125695001513132,3.8718115161717086,0,,0,1
S2_N120,6500983,2.8045974383294814,1.9204658146711637,4.095759857319368,9.42881908595602e-08,-1.8380814417211004,0.29572138031189416,8.126367483211024e-09,120,1.001489159231261e-05,6.584192306371349e-06,True,0.02237528409007953,0.04023277252543342,True,0.5624557186374186,0.6890173760195013,0.0008043403816838807,-0.033333333333333326,0.0002735622756239425,-0.03333333333333333,9.42881908595602e-08,1.9204658146711637,4.095759857319368,0,2.9403674270555924,5.5571104264417245e-08,1.9925501460323776,4.339042921105503,0,,0,1
S2_N120,6500984,2.687018150708823,2.0088844093918907,3.5940676867636445,2.7246398200203245e-11,-1.3104616901929362,0.2797032113777185,7.6106578918517675e-06,120,3.62147713760871e-05,0.0001609990950515893,True,0.001888130574487286,0.004959841549877537,True,0.14675691904716429,0.2826730120440051,0.0012105970983814838,-0.050000000000000044,0.0006333151549355015,-0.05,2.7246398200203245e-11,2.0088844093918907,3.5940676867636445,0,3.0319340375702364,2.786272216478031e-11,2.187260893131746,4.202801795178099,0,,0,1
S2_N120,6500985,4.173032155403309,3.032486815982136,5.742546769948618,1.7777690941856137e-18,-0.2546858942483009,0.2925886939975498,0.3858331149947651,120,0.002094819368808632,0.0006702676001922302,True,0.0032296551338263013,0.003285128971693607,True,0.4110578260421057,0.5623274759631202,0.000638282017695041,-0.01666666666666672,0.0014585874930903532,-0.016666666666666666,1.7777690941856137e-18,3.032486815982136,5.742546769948618,0,4.420796848720883,1.100353675147787e-15,3.0736472758969082,6.358388918246191,0,,0,1
S2_N120,6500986,2.2536993732415502,1.6941155562273147,2.998119488531419,2.4045234962154945e-08,-1.4783494858326554,0.3477942689058086,4.3073632253133616e-05,120,0.00020315622111219782,0.0002758731482726423,True,0.02728638237366223,0.02164251048117574,True,0.30303580950514875,0.24848897337615738,0.0043862583705155285,-0.06666666666666665,0.0019835463690061877,-0.06666666666666667,2.4045234962154945e-08,1.6941155562273147,2.998119488531419,0,2.2117741627898537,2.124581491583851e-07,1.638717918193712,2.9852269831631175,0,,0,1
S2_N120,6500987,3.4427668873743746,2.5454641925002814,4.656378147342621,1.0205656644543095e-15,-1.1457358681875793,0.30244428103004667,0.00024118102244295977,120,0.0015402550751342672,0.002753171713933868,True,0.02253872170456345,0.01677142276885887,True,0.5800744827462854,0.5262167283834589,0.016181388234594883,0.10833333333333328,0.014128656149068662,0.10833333333333334,1.0205656644543095e-15,2.5454641925002814,4.656378147342621,0,3.9321707811128177,2.825507140489537e-17,2.862638047533736,5.401300057881373,0,,0,1
S2_N120,6500988,3.0029882549724753,,,,-1.338225048295081,0.28111763767093223,5.5795719442503726e-06,120,2.3116337170553803e-05,8.3254874181883e-05,True,0.0017922117712617402,0.0007169966754134306,True,0.20910066054635879,0.2259675013154695,0.00037886460110771197,0.025000000000000022,9.010345443394258e-05,0.025,1.8797328687480798e-09,2.1492044013442295,4.1959426724895605,1,3.257618952892208,2.226502515795919e-09,2.2700696083362977,4.674782307675566,1,0.0,0,1
S2_N120,6500989,3.9206054814861924,2.930843344028319,5.244615810933311,3.4669121583857186e-20,-1.5555327868852464,0.29669984355039114,7.109520484966493e-07,120,2.7575190498952966e-05,0.0001016750819578474,True,0.42346034076089345,0.5984117488986076,True,0.18798741192715607,0.21470851197691132,0.0023645228211469733,-0.05833333333333335,0.00032859281731163173,-0.058333333333333334,3.4669121583857186e-20,2.930843344028319,5.244615810933311,0,4.211531854624191,5.232260763438843e-19,3.0692843149463247,5.778871796314661,0,,0,1
S2_N120,6500990,2.964553509225922,2.174100560788174,4.042396965243234,6.496177402618121e-12,-1.2155931864036076,0.3065723784295868,0.0001267487077024437,120,2.513434333410549e-05,3.361202694750846e-06,True,0.0010344214000692447,0.0008485806739977782,True,0.9001714412450726,0.9621689206740723,0.0008145202455140967,0.025000000000000022,0.0010224416988120378,0.025,6.496177402618121e-12,2.174100560788174,4.042396965243234,0,3.1837174650027733,6.414496608383058e-13,2.3220029272069023,4.365221412169439,0,,0,1
S2_N120,6500991,2.7567357439045357,2.0751882870541967,3.66212165379402,2.5901383084842085e-12,-1.1104320843999704,0.29746470182323875,0.00029368778784903443,120,1.631431195289077e-05,3.427098868954053e-05,True,0.2924756918809268,0.24947256590665423,True,0.1080832996169167,0.17237630172635776,0.0007217521880448545,0.03333333333333344,0.00021479228004967526,0.03333333333333333,2.5901383084842085e-12,2.0751882870541967,3.66212165379402,0,3.0910386859806502,3.5409270016971624e-12,2.248939168885077,4.248456468018068,0,,0,1
S2_N120,6500992,2.302562880491971,1.700812776353337,3.117213071498033,6.799661183784531e-08,-1.3765265816227412,0.32129956897425693,3.781467096352066e-05,120,0.001367767690787246,0.00046024455346209154,True,0.00016633211940710925,0.00010895015499573813,True,0.25167514403720526,0.21438077647073894,0.00030315106954987355,0.008333333333333304,0.00030310281904539615,0.008333333333333333,6.799661183784531e-08,1.700812776353337,3.117213071498033,0,2.450571031517125,5.770466282722775e-08,1.7727658436200802,3.3875305089632004,0,,0,1
S2_N120,6500993,3.066465570558845,2.174940370486261,4.323433976868279,1.625428540435523e-10,-1.7180538455224488,0.3064881260782578,1.4042378175768e-07,120,0.035143973422733316,0.047546286291771094,True,0.013759234503596712,0.023651042838149523,True,0.10900172469737288,0.142861320347022,0.0004605327879473542,-0.033333333333333326,0.0006197208657286441,-0.03333333333333333,1.625428540435523e-10,2.174940370486261,4.323433976868279,0,3.2386587069860107,1.6407164521648777e-11,2.3005949298223483,4.559216437613488,0,,0,1
S2_N120,6500994,2.717150164862338,1.9219250307884177,3.841411553593635,1.530705276496105e-08,-1.152106482965841,0.3344615223352351,0.0007945104033826467,120,0.0012023958302568838,0.0005191732495199923,True,0.0015012615427579708,0.002689473766592745,True,0.26734406832197033,0.29229211574563285,0.0006578092352098726,0.033333333333333326,0.0011736016517738268,0.03333333333333333,1.530705276496105e-08,1.9219250307884177,3.841411553593635,0,2.7907643727777263,3.5829293925682716e-08,1.937235708241872,4.020350105684221,0,,0,1
S2_N120,6500995,2.446708879773029,1.8218206637812122,3.2859350326696664,2.739448313408614e-09,-1.466666666666666,0.33448289680583054,2.5503793532909856e-05,120,4.476035674900912e-05,1.4810610528974607e-05,True,0.009459690504656126,0.013351016736472737,True,0.3683146488415291,0.29440534992006073,0.00042669900858531844,-0.008333333333333304,0.00010532403032307642,-0.008333333333333333,2.739448313408614e-09,1.8218206637812122,3.2859350326696664,0,2.544970884343775,1.0599643549271936e-08,1.847973219359157,3.5048542556280102,0,,0,1
S2_N120,6500996,2.8479607015200923,2.0497683161395224,3.956974109483079,4.451561996959736e-10,-1.6062720023518193,0.30577240204545286,6.79279807888637e-07,120,0.0015180205268525888,0.001954847183451858,True,0.12894533934840663,0.06342849698850497,True,0.8348708518109442,0.9747869515665277,0.003216889542900537,0.06666666666666676,0.0023177596635358642,0.06666666666666667,4.451561996959736e-10,2.0497683161395224,3.956974109483079,0,3.0730946516199142,4.838588514527901e-10,2.1579551904783902,4.3763238363264305,0,,0,1
S2_N120,6500997,3.3456713824938356,2.402211332542674,4.659672048000117,8.998495536634868e-13,-1.8518937666514688,0.30154647970061327,1.1583522390217868e-08,120,3.5942329435010128e-06,9.919019970120318e-07,True,0.002722260260747087,0.0016173386018927373,True,0.9288811586143121,0.953763295026043,0.014179570718381608,0.09999999999999998,0.013302429480847935,0.1,8.998495536634868e-13,2.402211332542674,4.659672048000117,0,3.4283003981366718,4.282080521304936e-13,2.4567021760491055,4.784154845649932,0,,0,1
S2_N120,6500998,2.7816236231584512,2.086026802710053,3.7091709324449234,3.2223337365403754e-12,-1.2121345397908483,0.31146328152935193,0.00016591644972585863,120,2.96380752094909e-06,5.807889092508051e-07,True,0.0019567342641358784,0.009624733969222319,True,0.4610988643910733,0.4222222743527203,0.014336453276064401,0.10833333333333339,0.016903557849361157,0.10833333333333334,3.2223337365403754e-12,2.086026802710053,3.7091709324449234,0,2.6868900624383287,2.520746846455124e-10,1.9781109694473376,3.649632563155373,0,,0,1
S2_N120,6500999,2.840254812702797,2.169912154503256,3.717683863072391,2.959578956073154e-14,-1.1976517833116003,0.2726628651083769,2.475543103676052e-05,120,1.910741387731278e-05,2.0895616927754115e-06,True,0.04477352181481714,0.04740872233535748,True,0.003562365944183438,0.0013814638637963694,0.0004902885669920908,0.025000000000000022,0.0006506068590612337,0.025,2.959578956073154e-14,2.169912154503256,3.717683863072391,0,3.1288123377866053,6.008211569228019e-15,2.349427463894866,4.166745641449498,0,,0,1
