scenario,seed,itt_hr,itt_hr_lo,itt_hr_hi,itt_h1a_p,itt_tr_b,itt_tr_se,itt_tr_p,itt_tr_n,itt_el_wp,itt_el_mp,itt_el_low,itt_gl_wp,itt_gl_mp,itt_gl_low,itt_il_wp,itt_il_mp,itt_tost_p,itt_hid_diff,itt_ptost_p,itt_pdiff,itt_v2_p,itt_v2_lo,itt_v2_hi,itt_v2_fb,itt_st_hr,itt_st_p,itt_st_lo,itt_st_hi,itt_st_fb,itt_jk_fail_frac,itt_jk_invalid,ok
S2_N100,5500000,2.9112684356442537,2.1068407256861814,4.0228403604729746,9.406726714853563e-11,-0.9925987793125614,0.3254063132961109,0.002947650114168476,100,0.000809028962846481,0.00158628195112992,True,0.06471896726356217,0.08262615326699964,True,0.5324879540384324,0.5381341054153022,0.007303158998968383,-0.08999999999999997,0.004256537784372602,-0.09,9.406726714853563e-11,2.1068407256861814,4.0228403604729746,0,3.086381636585754,4.4844089410860325e-10,2.1658103093196965,4.398239109705733,0,,0,1
S2_N100,5500001,2.6060084652026894,1.860459701530965,3.6503236888816026,2.5377021262621324e-08,-1.0940060426421505,0.31307465874416324,0.0007177799877686974,100,9.868648746133954e-06,1.7666899904324036e-06,True,0.026663784970294726,0.045450265592916136,True,0.24470965652397692,0.502912093077876,0.0016276011720018821,0.020000000000000018,0.0028354798020727976,0.02,2.5377021262621324e-08,1.860459701530965,3.6503236888816026,0,2.9152005275170465,8.242830521227326e-10,2.0717858061063836,4.1019656040636505,0,,0,1
S2_N100,5500002,2.488694271581556,1.7556946307010517,3.5277200653793295,3.024030899596619e-07,-1.9524481619730678,0.2632489939659182,4.5566103876701425e-11,100,0.0004161968577196071,0.00029771365310209255,True,0.05770375135362554,0.16724728845552173,True,0.10257614164791726,0.21402220534219707,0.03621891358454488,-0.12000000000000005,0.039013104915678005,-0.12,3.024030899596619e-07,1.7556946307010517,3.5277200653793295,0,2.576222026809773,3.7768059278066824e-07,1.7881913370934663,3.7115267218593804,0,,0,1
S2_N100,5500003,2.829826724433357,2.0276319243725465,3.949394953818004,9.588982872644437e-10,-1.6109021479713608,0.31828681464796305,1.9777319804927365e-06,100,3.815611692088724e-06,6.480362336793465e-07,True,0.24833316005166306,0.13833420168430294,True,0.14981265645356304,0.10870321182653073,0.0015084331205467599,-0.019999999999999907,0.0002749606563079884,-0.02,9.588982872644437e-10,2.0276319243725465,3.949394953818004,0,2.882099128996925,8.15621350778633e-09,2.0110556560230397,4.130415468357216,0,,0,1
S2_N100,5500004,2.599778424161842,1.8969119840728028,3.5630793160079617,2.832658444836931e-09,-0.8000000000000008,0.37957659150188433,0.037643187219950275,100,0.001141617053086637,0.0016817239781984196,True,0.0043274559300858564,0.004235107106339345,True,0.3068095860941201,0.3579649941530213,0.048109706393301865,-0.13,0.042427538167603494,-0.13,2.832658444836931e-09,1.8969119840728028,3.5630793160079617,0,3.347884315380439,6.251725717362027e-11,2.3304766089006486,4.809458008015638,0,,0,1
S2_N100,5500005,1.9583757647445528,,,,-1.493292506043512,0.349891700419072,4.5961439073410736e-05,100,0.0005465463486650673,0.00019248915474221373,True,0.00016281056371784437,5.785736595255269e-05,True,0.9254185846735992,0.9392828660485113,0.004697314614034265,-0.07000000000000006,0.007531471292339249,-0.07,7.785661594656355e-05,1.4171586489859416,2.7062853115867744,1,2.1292759017413516,0.0002757717665197551,1.430775986887505,3.1687810721504075,1,0.0,0,1
S2_N100,5500006,2.1215349686443177,1.5364280167692514,2.9294640387025797,4.9118910165071635e-06,-1.3175261553177493,0.31580294721424207,6.581479318245349e-05,100,0.000166223313616064,0.0004767766544159567,True,0.03199685148309933,0.06823008518060679,True,0.07475540972230699,0.1163055532759726,0.0006445793264082005,0.010000000000000009,0.000196908553041359,0.01,4.9118910165071635e-06,1.5364280167692514,2.9294640387025797,0,2.198740569625003,3.4403407694276655e-06,1.5765905235142468,3.0664018465230853,0,,0,1
S2_N100,5500007,2.557265920090021,1.8827277127674065,3.473475713830834,1.8581679120707218e-09,-1.885621584699452,0.3114152666458102,2.656219408037394e-08,100,0.0009039511272477297,0.0001403605963534265,True,0.0005049550395180847,0.0032579488678269766,True,0.5165429265529959,0.7008001386459081,0.06493942697500824,0.14,0.0688686007471964,0.14,1.8581679120707218e-09,1.8827277127674065,3.473475713830834,0,2.925700959106646,3.6502362105960546e-09,2.0480073627613753,4.179538734946868,0,,0,1
S2_N100,5500008,3.3950328406363783,2.5260345848586265,4.562981068465696,5.371681196525435e-16,-1.7399999999999989,0.31961789025047577,3.923416488244877e-07,100,0.004644528227575007,0.00856071261965617,True,0.16389814621567855,0.2014050526308272,True,0.4649055058299585,0.757896419311696,0.017846246154362273,-0.08999999999999997,0.007446227346902531,-0.09,5.371681196525435e-16,2.5260345848586265,4.562981068465696,0,3.4475388450798206,2.3403049896908798e-15,2.538180363694084,4.682694838532292,0,,0,1
S2_N100,5500009,2.9544439316374747,2.1030799142730987,4.150455190004736,4.196183923504523e-10,-1.7599999999999982,0.30566811561150803,9.994377751006869e-08,100,0.000514533813549198,3.931954009602961e-05,True,0.5724544748879745,0.8927213722018317,True,0.006370787311068249,0.016612313282291954,0.0009487988946257678,0.010000000000000009,0.0005536828842662267,0.01,4.196183923504523e-10,2.1030799142730987,4.150455190004736,0,3.2271945402923254,6.463056508196518e-11,2.270720348874471,4.586555366033909,0,,0,1
S2_N100,5500010,3.2769742139429283,2.3760522277946667,4.5194966142700785,4.611451802488022e-13,-0.9727484223093994,0.3867410026428249,0.013538408724095114,100,1.1956452867351038e-05,8.092712961194006e-07,True,0.17438939142055587,0.08466925501168243,True,0.1859425179029519,0.13681025887270767,0.06984404920727395,0.14,0.08318177981431896,0.14,4.611451802488022e-13,2.3760522277946667,4.5194966142700785,0,3.4589377229809264,7.443407189474869e-13,2.463999509197065,4.855621978333602,0,,0,1
S2_N100,5500011,3.407940742531021,2.3500711994097583,4.942003505051193,1.0070701719338352e-10,-1.409945691821349,0.32554068953505555,3.6176703778566824e-05,100,0.00022746244465859675,1.52955264257169e-05,True,0.24842012014485104,0.48740941287698225,True,0.674860663880902,0.5103793449103007,0.002406399898892173,0.040000000000000036,0.003298630805785662,0.04,1.0070701719338352e-10,2.3500711994097583,4.942003505051193,0,3.666952798406137,9.065448683396981e-12,2.524335585273476,5.326765151267262,0,,0,1
S2_N100,5500012,3.4993312896609945,2.4989545040775987,4.90017703596425,3.0684885055747913e-13,-1.3077221531355478,0.30766150650275054,4.906408330033398e-05,100,5.372877171905436e-06,4.106826175720687e-07,True,0.0017552634125207675,0.0021158325674860545,True,0.5336668453464106,0.5493824578312232,0.00043884296671420266,0.019999999999999907,0.00036622227265213837,0.02,3.0684885055747913e-13,2.4989545040775987,4.90017703596425,0,3.6194336339065702,1.8496845271171743e-11,2.4868192422197453,5.267893865322007,0,,0,1
S2_N100,5500013,2.2685497894346374,,,,-1.3395094700593062,0.3529343390440777,0.00025674512865850763,100,2.9753627158650836e-05,4.36349283801771e-05,True,0.1648093488592356,0.2837438506664117,True,0.8876102975729933,0.7424399545162834,0.004632347969070829,-0.05999999999999994,0.0021114938313528315,-0.06,2.046951938141386e-05,1.5776087531279015,3.2621004015985635,1,2.373068830281422,3.93477459027688e-05,1.5933761170746432,3.5342915039998846,1,0.0,0,1
S2_N100,5500014,2.369352680530922,1.6922673672270083,3.3173434845216154,5.069789822142201e-07,-1.986437325951742,0.34966210875760023,1.4014522258492956e-07,100,1.0267706048388866e-06,3.726976493121476e-05,True,3.694876354743605e-05,0.0003073785174836628,True,0.12276727886592644,0.11508653107936868,0.00870881908162206,-0.07000000000000006,0.008508093630497853,-0.07,5.069789822142201e-07,1.6922673672270083,3.3173434845216154,0,2.2873008524011773,3.1196430370661367e-06,1.615416550211939,3.2386353777969887,0,,0,1
S2_N100,5500015,2.085197181213026,1.491532750462476,2.91515374582996,1.718326278160778e-05,-1.6853306295511123,0.4136902488215485,9.454038503864054e-05,100,0.0013095863721222592,0.0019524867152136399,True,0.00044533899111241787,0.0008344093716837211,True,0.8986682916956128,0.9502532024003048,0.0004849281805404953,-0.040000000000000036,0.0003909010159480295,-0.04,1.718326278160778e-05,1.491532750462476,2.91515374582996,0,2.165199402394233,1.6250167574727398e-05,1.5239371710748946,3.076300349588327,0,,0,1
S2_N100,5500016,2.173930718931848,1.5869341367843974,2.978053506550548,1.3261407471583818e-06,-1.1840995716261342,0.27402734898620934,3.757651797421352e-05,100,4.799545659132231e-05,3.5162544256249056e-06,True,0.017990472468085078,0.017491379110950677,True,0.8060200286913357,0.7110579850473089,0.0047948343139712505,-0.05999999999999994,0.003692702294121217,-0.06,1.3261407471583818e-06,1.5869341367843974,2.978053506550548,0,2.359539469169197,1.3928647714870236e-07,1.7142287999056607,3.247773288416137,0,,0,1
S2_N100,5500017,2.287035390287531,,,,-0.971548056292956,0.338663288007519,0.005056931666622603,100,0.005117090201376261,0.00163750373123305,True,0.0411789379886346,0.023302743863761667,True,0.012148165051419382,0.005946001417720477,0.024686640513076563,0.10999999999999999,0.0261818399591472,0.11,3.008757869992226e-06,1.6419280367894895,3.185602997957846,1,2.9318227981149323,2.1918726414039794e-08,2.064690507614356,4.163134807782029,1,0.0,0,1
S2_N100,5500018,2.4374222225585838,1.7561972044902203,3.3828929210412655,9.97245451283394e-08,-0.7853241985068096,0.3199350939584168,0.015884546730241072,100,0.0008129066419334846,0.0005439461414206766,True,0.016259616264370134,0.0036119504470254714,True,0.8696720806689004,0.7341567581119044,0.016711090529968213,0.07999999999999996,0.01785786428463911,0.08,9.97245451283394e-08,1.7561972044902203,3.3828929210412655,0,2.6781034083851054,3.462223703643764e-07,1.8335528586788183,3.9116613584687894,0,,0,1
S2_N100,5500019,2.324088241468447,1.7095099525302755,3.159610826563024,7.370728286603833e-08,-0.8975996787793619,0.3388704085977522,0.009430747739494223,100,0.0029810195150730854,0.002778708093790433,True,0.1380036398618417,0.26925378491168417,True,0.5763337689045269,0.3696994311928601,0.01385878630776873,0.07999999999999996,0.008688223222513593,0.08,7.370728286603833e-08,1.7095099525302755,3.159610826563024,0,2.5155654358693202,5.060986496403803e-08,1.8052365019341647,3.50539635962401,0,,0,1
S2_N100,5500020,2.352338077108618,1.7495921935458307,3.162733835592027,1.4824832952277451e-08,-1.98,0.35536169094032444,2.257931924831513e-07,100,0.0008222229174112369,0.0007997247741621478,True,0.02759068844627568,0.020707916544093274,True,0.3328332419168417,0.4142089539228344,0.00045644665979944143,-0.010000000000000009,0.0003442474922855943,-0.01,1.4824832952277451e-08,1.7495921935458307,3.162733835592027,0,2.53064656470926,1.6645675691449368e-08,1.8331384122310412,3.493556183616551,0,,0,1
S2_N100,5500021,2.5982783536340373,1.9077444046317642,3.5387604264871637,1.378597105321303e-09,-2.0596539622478014,0.367970657923491,2.0203957374192276e-07,100,0.0005697377075773474,0.000647406975191497,True,0.00740716064784635,0.005496144754690221,True,0.24938591014446265,0.49699246756768045,0.03845607808529779,-0.10999999999999999,0.035727685932444464,-0.11,1.378597105321303e-09,1.9077444046317642,3.5387604264871637,0,2.8821941975097958,2.2885968396351226e-10,2.077862682036315,3.997878908926838,0,,0,1
S2_N100,5500022,2.7195946643283433,1.8952525576375745,3.9024852431606925,5.637992718937123e-08,-1.123204163568774,0.3306765551888826,0.0009902145805126574,100,0.0007431205304077308,0.0037842432322836915,True,0.009270124404277413,0.05177242560544157,True,0.4864389798898199,0.49545655143088074,0.014322771942452156,0.07999999999999996,0.012339546245651405,0.08,5.637992718937123e-08,1.8952525576375745,3.9024852431606925,0,3.0071453400849273,9.677295651506293e-09,2.0643321610521634,4.380556223948685,0,,0,1
S2_N100,5500023,3.64519813220127,2.6083328596184514,5.094238403662686,3.6169829221829136e-14,-1.0938659907871187,0.31834311283650946,0.000870247323747905,100,0.00019035298436661946,0.00013739388491602894,True,0.013596990820439787,0.00612243326309744,True,0.618589087493177,0.700963724786279,0.014885177951506005,0.07000000000000006,0.017823098411914727,0.07,3.6169829221829136e-14,2.6083328596184514,5.094238403662686,0,3.943016396614792,4.1589836938194493e-13,2.7211888172263605,5.713450755622373,0,,0,1
S2_N100,5500024,2.9102869824833117,2.1446261269502394,3.9492992340143864,6.970280368877447e-12,-1.668020168667173,0.31449537423633067,7.142775254753133e-07,100,7.888809929181627e-05,3.7663519866461215e-05,True,0.0028306171128152924,0.0044303513477491055,True,0.7715507317372545,0.9256009729490944,0.0005939821401079792,0.010000000000000009,0.00044061024977077684,0.01,6.970280368877447e-12,2.1446261269502394,3.9492992340143864,0,3.099489291839547,3.2122555269468753e-10,2.1785103816905957,4.40981780530823,0,,0,1
S2_N100,5500025,2.02077621041435,1.4784989110890496,2.7619475820707122,1.020420660603681e-05,-1.3948694052728392,0.29755668361375415,9.024724187370887e-06,100,0.00017700846165135523,0.0003014035535035959,True,0.004000346923199522,0.0034793825022367657,True,0.7477794577001398,0.6677350245778401,0.005340960382002905,-0.05999999999999994,0.006516984457485697,-0.06,1.020420660603681e-05,1.4784989110890496,2.7619475820707122,0,2.1204240666033365,3.997083993385644e-06,1.5405956684476323,2.9184803737382867,0,,0,1
S2_N100,5500026,2.8513337199703574,2.0909560550245314,3.8882232666265257,3.56628821640291e-11,-1.568747448266971,0.36197505188606277,3.579803810387614e-05,100,8.665658705987026e-05,0.0008460167039732763,True,0.007438295337762622,0.010493595344309485,True,0.13756911873011787,0.1085906890200791,0.0015188345707522143,-0.030000000000000027,0.0012665234824340232,-0.03,3.56628821640291e-11,2.0909560550245314,3.8882232666265257,0,3.015280168739946,1.2676648306548878e-10,2.1539909792148713,4.220962197023869,0,,0,1
S2_N100,5500027,2.7754571682267812,1.9851810278204824,3.8803325161326354,2.364628860025177e-09,-1.1467299194561424,0.3284379756635426,0.0007247971139372716,100,0.02633350901365949,0.020862026733391156,True,0.0020504395562326353,0.0020921564653248433,True,0.7457000001834311,0.9668359840436763,0.003981198796766515,0.05999999999999994,0.003112309000957348,0.06,2.364628860025177e-09,1.9851810278204824,3.8803325161326354,0,2.9006250468228743,3.4336489497646093e-09,2.0374990742457624,4.129388704321617,0,,0,1
S2_N100,5500028,2.212881577128665,1.602270871476209,3.056190411727246,1.4236005607736514e-06,-1.806280784750242,0.34362094162459955,8.72371754528774e-07,100,7.339072023851939e-05,3.792673782710631e-05,True,0.001029360616900339,0.0015616336959589242,True,0.03950021805323162,0.0325905362816151,0.003045942553659909,0.04999999999999993,0.005630479757164879,0.05,1.4236005607736514e-06,1.602270871476209,3.056190411727246,0,2.253042258813772,1.0524204817041162e-06,1.6260413988881846,3.121814379062885,0,,0,1
S2_N100,5500029,2.7580331045520547,2.052074663436045,3.706856646759685,1.7534257802429024e-11,-1.6614313020604978,0.31247942512948357,6.75516498212292e-07,100,0.0016161788686245714,0.001753972091421519,True,0.08060372719051485,0.14089122524391656,True,0.4100612713404398,0.46530976095072474,0.02573247315201217,0.10999999999999999,0.02853275918834292,0.11,1.7534257802429024e-11,2.052074663436045,3.706856646759685,0,2.875362666580607,3.549455444235945e-10,2.0671345981474443,3.999599480253982,0,,0,1
S2_N100,5500030,2.5994640569770486,1.8707387048993231,3.6120562245379038,1.2588255005955982e-08,-1.210809447053052,0.32382154590782647,0.0003124042778428876,100,5.569396286141475e-05,6.599586236004425e-05,True,0.08853856410598089,0.10886925525275552,True,0.2726165906447672,0.2877559769441619,0.023035068238406377,0.09999999999999998,0.03472494272113015,0.1,1.2588255005955982e-08,1.8707387048993231,3.6120562245379038,0,2.97400210770894,1.0941177278727429e-09,2.094740630620278,4.22233111219989,0,,0,1
S2_N100,5500031,2.8489860714479107,1.9431876807384802,4.177013736634826,8.191366023564499e-08,-1.8111993658343222,0.3306589411013972,3.3956911045122114e-07,100,0.0010074600066385898,0.00026443520407285495,True,0.04077712372967142,0.04229429721240815,True,0.10703434309359015,0.16320997544102378,0.029351150235809233,-0.10999999999999999,0.019374575854828272,-0.11,8.191366023564499e-08,1.9431876807384802,4.177013736634826,0,2.88606399018442,2.7671702980421085e-07,1.9263619487103334,4.323883868769099,0,,0,1
S2_N100,5500032,2.1332506104254887,1.5217029538337226,2.990569319337724,1.1038753500358362e-05,-1.1916625555007376,0.32978593415077306,0.0004810986179772863,100,0.2209772719453701,0.20394060167220718,True,0.0038201902648340572,0.0005970281393519869,True,0.8096943290173997,0.7085478583425693,0.004225504553141997,-0.050000000000000044,0.003249990107817153,-0.05,1.1038753500358362e-05,1.5217029538337226,2.990569319337724,0,2.173959129654233,2.5932166674854723e-05,1.513960698386311,3.1216783252328866,0,,0,1
S2_N100,5500033,2.280181643810759,,,,-1.202416998671979,0.34069086737705545,0.0006388035246618443,100,0.051829861204637666,0.012616999404567019,True,0.002965873881103479,0.0021130114794914875,True,0.874150976282867,0.8651316492052114,0.003413826650550293,0.030000000000000027,0.0024880397386023738,0.03,1.1905000378695826e-05,1.5995131191710723,3.2505068363965464,1,2.3235844999358273,1.4467261714659358e-05,1.6104585137310488,3.352489295631545,1,0.0,0,1
S2_N100,5500034,2.4603652052855662,1.846169210156819,3.2788960568060244,8.040462444062716e-10,-1.602788408804564,0.348172034678025,1.2601443095673625e-05,100,0.0003936388326458173,0.00025195492906876,True,0.004116538347290328,0.002194009112470676,True,0.6983716168550262,0.8954297273593201,0.03135516877479964,0.10999999999999999,0.0261818399591472,0.11,8.040462444062716e-10,1.846169210156819,3.2788960568060244,0,2.9876790876037833,8.359168585344643e-10,2.1064485709441914,4.237571452553384,0,,0,1
S2_N100,5500035,2.7652233466370273,1.9994428002934066,3.824295526565905,7.844360569208973e-10,-1.19681666383653,0.35110128057657486,0.0009519540904212888,100,0.013972787464915063,0.006981686868231144,True,0.013992864479307345,0.00701291655841973,True,0.6182158984114865,0.437279812906592,0.00048380533420166967,-0.010000000000000009,0.0016309336765341189,-0.01,7.844360569208973e-10,1.9994428002934066,3.824295526565905,0,3.1493510251547523,1.1418989710059487e-09,2.176854975868774,4.556303469726958,0,,0,1
S2_N100,5500036,2.6683952297480036,1.9306975682638496,3.6879588078337675,2.7707007862804727e-09,-1.3423164569122867,0.3434985447162647,0.00017246138077175064,100,0.004326887691814327,0.001321108257608222,True,0.00020731692680340941,0.0005754747340963778,True,0.8165021711743834,0.9944748160165232,0.003514704395387807,-0.04999999999999993,0.0019110659101270976,-0.05,2.7707007862804727e-09,1.9306975682638496,3.6879588078337675,0,2.854800808324104,1.0253918410181618e-09,2.0385735878365563,3.9978383433570603,0,,0,1
S2_N100,5500037,3.878628031332238,2.7176896678428455,5.535494204302255,8.08472942495828e-14,-1.5206859166636542,0.3662195503042704,7.078376111124872e-05,100,9.88976899935189e-05,5.4974718192596586e-05,True,0.0009445113716319729,0.0013143176655330152,True,0.3528010308327463,0.24810797513582195,0.0003841188220133354,0.010000000000000009,6.880739795269412e-05,0.01,8.08472942495828e-14,2.7176896678428455,5.535494204302255,0,4.465179034912899,9.51031107490729e-16,3.0994574620645663,6.432681867021009,0,,0,1
S2_N100,5500038,4.29257416260419,3.1374385594389333,5.873005189542965,8.324966437445175e-20,-1.9045920749726524,0.29466973898853427,4.11682569682529e-09,100,0.0035138664775142504,0.002190072662315676,True,0.04878076361856039,0.02115981431998857,True,0.16400796486644886,0.2189573194210649,0.013629950773357071,0.08999999999999997,0.00868490521324729,0.09,8.324966437445175e-20,3.1374385594389333,5.873005189542965,0,4.579137565756993,5.952039304083096e-19,3.274535539098512,6.4035038239040025,0,,0,1
S2_N100,5500039,2.182405766617912,1.5980672035934693,2.9804096595294025,9.183539393493983e-07,-1.6346487703810455,0.31344513002251195,1.0393379078395713e-06,100,0.06003626343549535,0.04370063915825648,True,0.00010228740176738831,7.733063601432989e-05,True,0.8692892064442328,0.8032618851839126,0.006746369253104493,-0.06000000000000005,0.0036927022941212057,-0.06,9.183539393493983e-07,1.5980672035934693,2.9804096595294025,0,2.538732169360333,8.418038341811426e-08,1.805533491416746,3.569671268012705,0,,0,1
S2_N100,5500040,2.7692920522870867,1.994396348117138,3.845262993035725,1.1872683265800453e-09,-2.0819227462972623,0.2925657644775969,1.9230022238859408e-10,100,2.3486084280971276e-05,5.450312242860177e-06,True,0.0012160348321030607,0.003002406263774458,True,0.5792425215623696,0.3884908221926179,0.007269598299854755,-0.06999999999999995,0.008508093630497846,-0.07,1.1872683265800453e-09,1.994396348117138,3.845262993035725,0,3.0961384897688085,5.811036668114675e-11,2.2075900332488656,4.342325070982608,0,,0,1
S2_N100,5500041,2.457069661829797,1.8165625131420962,3.32341512026575,5.417553154487611e-09,-1.273447995621382,0.32830710458490675,0.00019120108621055462,100,0.01050688410497626,0.009712802140073055,True,0.0006661015330363122,0.00025304038476761865,True,0.9067980521349402,0.8897664257453659,0.02571557722747634,-0.10999999999999999,0.0261818399591472,-0.11,5.417553154487611e-09,1.8165625131420962,3.32341512026575,0,2.60354443133974,2.0717682047663715e-09,1.9038677602259475,3.560354215544737,0,,0,1
S2_N100,5500042,3.468204882733144,2.5063298032884362,4.7992267788668785,6.182355256201471e-14,-1.6499345930232545,0.3352444580105495,3.513585691026822e-06,100,2.1149117813978588e-05,0.00010482623613441733,True,0.00038705372337011895,0.00037277388124650265,True,0.4926311562629869,0.3303688173767094,0.003417911708430069,0.040000000000000036,0.002848536701698934,0.04,6.182355256201471e-14,2.5063298032884362,4.7992267788668785,0,3.6610337016545555,1.0773783066778498e-13,2.599868660707638,5.155324946684944,0,,0,1
S2_N100,5500043,4.520188484132747,3.1359756432701316,6.515389867881792,6.115818883658365e-16,-1.4876130927004882,0.3424435739247487,3.442710567524968e-05,100,0.0009751052508716531,0.0014732408497433382,True,0.0009130645074797541,0.002431561947579375,True,0.5900447343530753,0.6498816356088482,0.000625032361242764,0.0,0.0012232259286138393,0.0,6.115818883658365e-16,3.1359756432701316,6.515389867881792,0,4.646902871783989,1.01421209791402e-15,3.193179155442634,6.762447469628742,0,,0,1
S2_N100,5500044,2.899486241337035,,,,-0.6626460674157306,0.343129200437839,0.056379446840613454,100,0.0006852649933288226,6.585772607856781e-05,True,0.11549704397858615,0.06618462153662798,True,0.5005641959396332,0.644701659921872,0.0009590357121519284,0.020000000000000018,0.0009326302855561491,0.02,1.1965136955454847e-08,2.0645468499489366,4.072089942599607,1,3.106808298553185,1.522691580237162e-08,2.157279889353859,4.474272370308864,1,0.0,0,1
S2_N100,5500045,3.299398666287436,2.198740894735158,4.951029739413907,8.173930914881454e-09,-1.571530370108022,0.30952077729520855,1.8496066494235007e-06,100,0.007401794811405253,0.007987343613358448,True,0.0020925378617161487,0.0053743766211059455,True,0.11935062314927114,0.18135304545269448,0.0021854750097685337,-0.029999999999999916,0.0024880397386023738,-0.03,8.173930914881454e-09,2.198740894735158,4.951029739413907,0,3.4852539524977004,2.093101204313394e-09,2.3164571276001906,5.243781535462701,0,,0,1
S2_N100,5500046,2.8936344013987436,2.0490554311415274,4.086331644182806,1.6010221269942561e-09,-1.1747041940561056,0.3060041740627457,0.00022030217677295556,100,0.0013396901265550468,0.0013986657093383783,True,0.31280127707193506,0.17563916048594064,True,0.4306318994147369,0.4589224611560333,0.012629533148702429,0.08999999999999997,0.020868277713655018,0.09,1.6010221269942561e-09,2.0490554311415274,4.086331644182806,0,3.2248231508250877,1.0468724298577167e-09,2.213992836171177,4.697162603327142,0,,0,1
S2_N100,5500047,2.326729293042073,1.6752246209398112,3.2316079500210333,4.700245651894034e-07,-1.52707277785913,0.3472547121323014,2.8063821822176726e-05,100,5.731813460770216e-06,9.554316184283698e-06,True,0.0004677875076593233,0.00025207416300171615,True,0.32432050275174507,0.5194255524552773,0.0089946908504206,-0.06999999999999995,0.003486590210382957,-0.07,4.700245651894034e-07,1.6752246209398112,3.2316079500210333,0,2.3524281883407343,4.464289060579519e-07,1.6876009904865212,3.2791627952912523,0,,0,1
S2_N100,5500048,2.9123071703294023,2.0705052074753434,4.096359199547219,8.189089992305333e-10,-1.2543886470366425,0.32606012672104656,0.00021396520007179026,100,0.0001002195414049358,6.40245034475235e-05,True,0.022381804086072092,0.027713663270444396,True,0.9671700119941934,0.800405201663566,0.01469388766348123,0.08999999999999997,0.012840037195830456,0.09,8.189089992305333e-10,2.0705052074753434,4.096359199547219,0,3.01941427901246,3.922121882640021e-09,2.0900356508022235,4.362060802553768,0,,0,1
S2_N100,5500049,4.946653825875609,3.3886263318740815,7.221033444403707,1.199299192387207e-16,-1.6387420494699647,0.31624968647408497,1.195550418511902e-06,100,0.007059458891838621,0.004115756073863946,True,0.0640132374927546,0.18019129569515013,True,0.5072149721287103,0.8139276657414333,0.0009443072990399703,0.030000000000000027,0.0012665234824340232,0.03,1.199299192387207e-16,3.3886263318740815,7.221033444403707,0,5.105945685256974,1.6508567093525708e-14,3.3671380930229398,7.742682545398262,0,,0,1
S2_N100,5500050,2.103040072249016,1.5586708051374027,2.837531524236936,1.1505256359885304e-06,-1.3651641804416978,0.3818045222796251,0.0005469410579939431,100,0.011663864390492237,0.0027335101151007733,True,0.03495330690303946,0.034274519226559705,True,0.3768589947655434,0.37662101295878925,0.0003707063533093656,0.020000000000000018,0.00047626961671360193,0.02,1.1505256359885304e-06,1.5586708051374027,2.837531524236936,0,2.254536664032852,1.6747387150828353e-06,1.616474417346902,3.144457787220002,0,,0,1
S2_N100,5500051,3.4912141304384483,2.516649115647045,4.8431765989115,7.08111486024993e-14,-1.047880009140578,0.30672874373463604,0.0009286997771524698,100,0.18222035999027453,0.16580556130448065,True,0.00011928826235840101,3.804327400708152e-05,True,0.5823944369833169,0.6603019577301109,0.0011807033324293757,0.029999999999999916,0.0021376439941600237,0.03,7.08111486024993e-14,2.516649115647045,4.8431765989115,0,3.639203487277368,8.56169408370058e-13,2.554245059807993,5.18501620310751,0,,0,1
S2_N100,5500052,2.7738593152493327,1.9961377355747298,3.8545914761639164,1.2211493848143123e-09,-1.5789024944960985,0.3227003592947989,3.951811050002351e-06,100,0.0004951961299673545,0.00020895388522354134,True,0.06305382045085205,0.04704203281062662,True,0.3181981192904374,0.46451460034742953,0.005918703138369854,-0.07000000000000006,0.007531471292339249,-0.07,1.2211493848143123e-09,1.9961377355747298,3.8545914761639164,0,3.2188496091244962,9.481525764489814e-09,2.1594103179384305,4.798065805322477,0,,0,1
S2_N100,5500053,2.9357756685305034,,,,-1.4941676811729907,0.36956889327231845,0.00010584721622795006,100,0.08828044103293745,0.0938578249038741,True,0.0037865305196704965,0.0011076868430001502,True,0.7866738870526565,0.859861516149715,0.005660470373626176,-0.05999999999999994,0.0073395511025572315,-0.06,6.139196651174714e-09,2.098474157444777,4.107164601174048,1,2.778844194030069,9.272378886450668e-07,1.886370365387798,4.093562534898681,1,0.0,0,1
S2_N100,5500054,2.320950480577829,1.7270352986915252,3.119108878304764,2.3606550639591832e-08,-1.276532486535289,0.3446046794954758,0.0003523965688445687,100,2.152888063398635e-05,1.3012131951869865e-05,True,0.002821355303710208,0.003549726722803509,True,0.4112277426503381,0.3538140202511748,0.004170984806743085,-0.06000000000000005,0.000751563617164509,-0.06,2.3606550639591832e-08,1.7270352986915252,3.119108878304764,0,2.388841101628499,5.409245050917231e-07,1.6993069205356441,3.3581701691833743,0,,0,1
S2_N100,5500055,2.614964243201735,1.9199115382873837,3.5616422198927706,1.0760144383405946e-09,-0.817784848786168,0.3427250768801054,0.018968165255058497,100,1.841027921262504e-05,2.6664202026055403e-06,True,0.003323100820303454,0.005361881549296282,True,0.37570500346542723,0.4714304789360948,0.014750799903705694,-0.08999999999999997,0.02791449380244312,-0.09,1.0760144383405946e-09,1.9199115382873837,3.5616422198927706,0,2.6089570592220914,6.307670915296129e-09,1.8877117725179988,3.6057713025677947,0,,0,1
S2_N100,5500056,2.862672479133424,1.9757503164500392,4.147737522579376,2.7096917828449525e-08,-1.5462207345822296,0.3126098690437497,3.177341219204123e-06,100,0.001981039414102703,0.0009318684425227421,True,0.035463983768151124,0.0243515554977709,True,0.40240755908173076,0.18863668206011763,0.01758299930058028,0.08999999999999997,0.019178071300655655,0.09,2.7096917828449525e-08,1.9757503164500392,4.147737522579376,0,3.1597790857951056,3.6318245338190367e-10,2.205180739485351,4.527612495544598,0,,0,1
S2_N100,5500057,2.5078822393236733,1.7603669636627457,3.5728194496611048,3.5470518665666657e-07,-1.1866831887649725,0.3136631351290884,0.0002678102262920732,100,6.500749128274443e-06,3.836404419499157e-06,True,0.5381109699288738,0.45766290592055714,True,0.6626397540800467,0.60336799099638,0.0063794290573926824,-0.06999999999999995,0.002863566530019317,-0.07,3.5470518665666657e-07,1.7603669636627457,3.5728194496611048,0,2.7038301263198044,9.232469659456723e-07,1.817393209737012,4.02262829685188,0,,0,1
S2_N100,5500058,3.239252452336046,2.4462081922759777,4.289396333107084,2.330853467120848e-16,-1.358146553856813,0.3411867993097141,0.00013273663135678366,100,1.9772803787904708e-05,3.822579332894081e-05,True,0.02396517072219681,0.011108715699651873,True,0.4464823882114215,0.4910152395167917,0.005137161445982418,-0.06000000000000005,0.003692702294121217,-0.06,2.330853467120848e-16,2.4462081922759777,4.289396333107084,0,3.286187128190616,3.485397096841832e-13,2.3849211220834126,4.528043188301299,0,,0,1
S2_N100,5500059,2.1197821141098703,1.531467507140306,2.934098301367643,5.906663796363142e-06,-1.5399999999999991,0.3004365705402974,1.5108976372563562e-06,100,0.00010560049465084789,1.2406300783596404e-05,True,0.0042616520002000365,0.003325100819755456,True,0.5299419688580587,0.2045344971405807,0.0027242312763744642,0.029999999999999916,0.0021376439941600237,0.03,5.906663796363142e-06,1.531467507140306,2.934098301367643,0,2.2360449749636135,8.547828229762101e-06,1.5688767830131642,3.186927860872088,0,,0,1
S2_N100,5500060,2.5797059116331007,1.8269325654798692,3.6426536568780095,7.316575510373723e-08,-1.9153113569354223,0.36433878399298825,8.711074797038933e-07,100,0.0007321570400128693,0.0004344830292833477,True,0.0025682120375270126,0.003252544104261236,True,0.2300563729738222,0.17355921791444984,0.002155993620852289,-0.040000000000000036,0.002056235912685473,-0.04,7.316575510373723e-08,1.8269325654798692,3.6426536568780095,0,2.8090442733703553,7.3858194942257056e-09,1.9792706946747514,3.9866854751019556,0,,0,1
S2_N100,5500061,2.3454039238837523,1.7230437595121566,3.1925594087794793,6.020041700030782e-08,-1.2312093385213991,0.32869381310603074,0.0003052802403383725,100,3.5857555397528406e-06,8.289237835156136e-08,True,0.0003462043582236544,0.0005894456215589077,True,0.9830693781426773,0.7241224755593149,0.000639693212728425,0.020000000000000018,9.700087559221469e-05,0.02,6.020041700030782e-08,1.7230437595121566,3.1925594087794793,0,2.503151107516595,9.511272456243777e-08,1.7869568210382507,3.5063888468334934,0,,0,1
S2_N100,5500062,2.957705989978956,2.0694521186816175,4.227217747241471,2.659111225923589e-09,-1.8087440232507261,0.33919509104889795,6.323288368307147e-07,100,1.4089884944852401e-07,1.1130743824780098e-07,True,0.07985541528883293,0.07923402982400302,True,0.8976628570331268,0.8845498817627667,0.0006708611974521961,-0.010000000000000009,0.0005536828842662267,-0.01,2.659111225923589e-09,2.0694521186816175,4.227217747241471,0,2.9907736931106075,4.838011628703481e-08,2.017919404846998,4.432648430813155,0,,0,1
S2_N100,5500063,2.3085701013761333,1.6753141370552065,3.181191989662168,3.150341856545578e-07,-1.6600000000000004,0.3500063558415428,7.244531986709135e-06,100,0.1806055280234915,0.07878195552990755,True,0.007875336985181542,0.002614906984072169,True,0.629636826826999,0.645461462415101,0.003978431393790041,0.039999999999999925,0.004858021180771275,0.04,3.150341856545578e-07,1.6753141370552065,3.181191989662168,0,2.5584988464001097,1.524161533780537e-08,1.8478949991055469,3.542363797834385,0,,0,1
S2_N100,5500064,2.8520425305267554,2.0014861200505383,4.0640534622983395,6.623896571052508e-09,-1.3342955096822915,0.32850799105606243,9.886395726270143e-05,100,0.001727070383239522,0.0018228028758754625,True,0.06536877148030786,0.0785711097723856,True,0.6288044356357482,0.6179519439360579,0.021588423314091526,0.08999999999999997,0.019178071300655655,0.09,6.623896571052508e-09,2.0014861200505383,4.0640534622983395,0,3.106222149333014,4.931894039452115e-10,2.173492010315899,4.43922314653674,0,,0,1
S2_N100,5500065,2.1593338825781183,1.567786134668584,2.9740809115112823,2.441623084819594e-06,-1.5741992797880604,0.33301346088467176,7.712391726055705e-06,100,0.00023506304593561621,0.00010811205174028123,True,4.8444383547504154e-05,0.00024586361419992516,True,0.8568515774908059,0.7684103338203687,0.011832930099728127,0.07000000000000006,0.01528571325814906,0.07,2.441623084819594e-06,1.567786134668584,2.9740809115112823,0,2.287357587179139,5.604174751264072e-07,1.6542495124612846,3.162766373641849,0,,0,1
S2_N100,5500066,1.9499423143657857,1.4341196876529856,2.6512954686347174,2.044728800380327e-05,-2.008747237803841,0.33188802391456257,2.6865760657663436e-08,100,0.000215715838322032,3.680595977205946e-05,True,0.00019840895173156315,0.0004961554304691038,True,0.4193867852624311,0.31541990645305606,0.00340193363642654,-0.030000000000000027,0.0037181258173575073,-0.03,2.044728800380327e-05,1.4341196876529856,2.6512954686347174,0,1.9411363694674422,7.13604558264343e-05,1.3992831097410876,2.692814898313498,0,,0,1
S2_N100,5500067,3.079530470004469,2.156162227816066,4.3983276366415165,6.221691340630175e-10,-1.886275038447664,0.31602380751702847,3.9131670579820314e-08,100,0.00010436508684810123,0.00011670196573718733,True,0.2334550380013366,0.15861779573719725,True,0.27257661885561757,0.17435415857866943,0.010284512579529021,-0.06999999999999995,0.010604820442681719,-0.07,6.221691340630175e-10,2.156162227816066,4.3983276366415165,0,3.180228816986162,1.5491897314036933e-08,2.1298209640763868,4.748688034806321,0,,0,1
S2_N100,5500068,2.7050844368478706,1.9395964033858837,3.772682707445062,4.539258845412612e-09,-1.4888234807771787,0.3271927696840214,1.5525677979971465e-05,100,7.810190973597141e-05,7.586946646184646e-05,True,0.7615106672855776,0.6557161283709214,True,0.21004403612275602,0.1766286623859874,0.002062096322894083,0.040000000000000036,0.0005310088296280372,0.04,4.539258845412612e-09,1.9395964033858837,3.772682707445062,0,3.091670170361879,6.797889675044165e-09,2.110697056450086,4.528562928107484,0,,0,1
S2_N100,5500069,3.287796396047234,,,,-1.4675924104005624,0.29894206135560836,3.694590315883792e-06,100,0.001813723206575933,0.0004197941822217166,True,0.00024909565984811876,0.0010544093627401572,True,0.3292978220380389,0.340638108570808,0.014116691635448915,0.09999999999999998,0.011481379028468632,0.1,3.636880522092329e-08,2.214325982900824,4.881668383667845,1,3.9170583190191577,7.373683307509647e-10,2.6325594153736396,5.828299936934,1,0.0,0,1
S2_N100,5500070,2.558187727738382,1.7932581552946514,3.6494045383420914,2.1948759587955345e-07,-1.3550307167235487,0.33230073256735826,9.322239157002406e-05,100,0.00017600839362502045,0.0001594022889614518,True,0.001772378525777981,0.001176998480428961,True,0.8560720531559123,0.9916952439360033,0.07354130328879742,-0.15000000000000002,0.07647454592690764,-0.15,2.1948759587955345e-07,1.7932581552946514,3.6494045383420914,0,2.535251289752886,4.624389241596622e-07,1.7658116213078796,3.6399687399457874,0,,0,1
S2_N100,5500071,3.290810535868806,2.3319537573808526,4.64393170263731,1.2172796508140905e-11,-1.7000000000000015,0.34620716875685276,3.678525986688973e-06,100,0.0011136257040449647,0.00016495044015623757,True,0.01080893285918528,0.013570186145344122,True,0.7663278963428322,0.5698590781402652,0.006874572559268394,-0.05999999999999994,0.006516984457485697,-0.06,1.2172796508140905e-11,2.3319537573808526,4.64393170263731,0,3.771470938510297,9.808717550241032e-13,2.618811052801046,5.431469759841566,0,,0,1
S2_N100,5500072,2.2446765208088455,1.642778663124869,3.067103801729568,3.8439541637454354e-07,-1.0330671912919844,0.3349416837583805,0.0026577767515955403,100,7.026601423642165e-06,9.690251509106414e-07,True,0.0073272755042889754,0.015122483320945406,True,0.8009685331166487,0.8410632810925234,0.047461747811665914,0.13,0.039115914912229384,0.13,3.8439541637454354e-07,1.642778663124869,3.067103801729568,0,2.2568969671088155,1.217609473850008e-06,1.6245491301269848,3.1353831199594584,0,,0,1
S2_N100,5500073,3.0642777685753244,2.108650315473876,4.452989750875221,4.302224576665464e-09,-1.6400000000000006,0.354589266109552,1.1570711953354433e-05,100,1.883723775428468e-05,4.443333375865679e-06,True,0.08072111326251742,0.10914762845097128,True,0.3344336947245643,0.2706685640161983,0.0012717700691103069,0.030000000000000027,0.0024880397386023738,0.03,4.302224576665464e-09,2.108650315473876,4.452989750875221,0,3.280398507509787,7.488773623574536e-10,2.2472350941938384,4.788557457061603,0,,0,1
S2_N100,5500074,4.015098494804613,2.924664542150132,5.512090597279423,8.129812842659207e-18,-0.9076072694366938,0.28978556222952234,0.002295501030673441,100,0.26121923179442885,0.17915238967035607,True,5.812662135178059e-05,0.0001561300298154911,True,0.22605330560822667,0.21254256111166547,0.003947653576398931,0.05999999999999994,0.003692702294121217,0.06,8.129812842659207e-18,2.924664542150132,5.512090597279423,0,4.1502126005912805,1.9449164980725584e-16,2.9566226746292408,5.8256553255536945,0,,0,1
S2_N100,5500075,2.9776626504714936,,,,-1.4554693947144064,0.37539436168546664,0.00019233079331667475,100,1.3968967095257494e-07,2.9192149202081007e-08,True,0.041518717722867055,0.027708027808233296,True,0.6349161123144635,0.5847014162765161,0.01025513947500746,0.07000000000000006,0.012872075337825304,0.07,3.877124324005872e-08,2.0707475708678102,4.28177484535073,1,3.243264025782145,9.412516913154964e-09,2.2352229907662027,4.705911483724907,1,0.0,0,1
S2_N100,5500076,3.3461824913508282,2.3740081469823817,4.716469604224121,5.3161368177744434e-12,-1.8892155668157584,0.32311294916930805,6.738856763895176e-08,100,2.2032163681251487e-05,8.749452013365318e-06,True,0.040168622049955444,0.023464446849408863,True,0.15449553505982402,0.12769398599125956,0.0008438081075760204,-0.010000000000000009,0.0021545658645016836,-0.01,5.3161368177744434e-12,2.3740081469823817,4.716469604224121,0,3.6352528826185435,2.912905770395311e-12,2.5303471894264185,5.222628568841587,0,,0,1
S2_N100,5500077,3.3164879645946064,2.332975721399295,4.714619324329586,2.387358918179893e-11,-0.8463085591628654,0.3041139731948701,0.006476633586001419,100,0.0035569992938697106,0.0007269478669743645,True,0.003424840468043065,0.0007591354426615122,True,0.9835632504748767,0.7657869889851305,0.0017860247746411284,-0.009999999999999898,0.00044061024977077684,-0.01,2.387358918179893e-11,2.332975721399295,4.714619324329586,0,3.4214221983453474,4.7306365968933525e-11,2.3717246274687125,4.935703632602573,0,,0,1
S2_N100,5500078,2.059865816657603,1.499765512588966,2.829140386959523,8.070480599116462e-06,-1.2568113800110838,0.33924347517368336,0.00035189981219690134,100,0.0004655313299894418,0.0002695256288862689,True,0.004289617285817532,0.0025211613809815446,True,0.6483570778080041,0.8817731946064137,0.001862065615555728,-0.029999999999999916,0.001817351925169469,-0.03,8.070480599116462e-06,1.499765512588966,2.829140386959523,0,2.374354505559978,9.991136612806364e-07,1.6791082402143156,3.3574722480984365,0,,0,1
S2_N100,5500079,3.0078830955951865,2.236566384929351,4.045201062544393,3.226626127408443e-13,-2.0751400630823973,0.3305516906518462,9.662649922670064e-09,100,0.008191717805459403,0.008027857403588906,True,0.009287469404505368,0.021368191655890045,True,0.8051659406511023,0.8681072567398825,0.0010382347510000099,0.020000000000000018,0.0007583120208675366,0.02,3.226626127408443e-13,2.236566384929351,4.045201062544393,0,3.2791599387529966,5.2238603614882314e-12,2.340157835023092,4.5949421628718685,0,,0,1
S2_N100,5500080,3.124420281294655,2.3254405850389235,4.197915077672033,4.017922615441198e-14,-1.0872489290813907,0.3362116282650505,0.0016701517865894727,100,0.00413807630556183,0.0038503735903569663,True,0.005138651157005342,0.006834299101981388,True,0.9188463895450013,0.9613291847456952,0.00029550672295672255,0.0,0.0007409807452360707,0.0,4.017922615441198e-14,2.3254405850389235,4.197915077672033,0,4.00271712889526,1.8575980797772906e-14,2.8069377186892424,5.707908767364173,0,,0,1
S2_N100,5500081,2.880617925142642,2.0657193848278874,4.016982989848098,4.487510463749416e-10,-0.8259676969746677,0.2831249856022614,0.004386978706349204,100,0.007907932603321045,0.009933792825503876,True,0.009875464026531994,0.014965571282068347,True,0.06817187866857573,0.1265211849992036,0.0004487308069638316,0.010000000000000009,0.0006844905960408066,0.01,4.487510463749416e-10,2.0657193848278874,4.016982989848098,0,2.8987891552588696,4.093583088915103e-09,2.0330911924681954,4.1331046033626855,0,,0,1
S2_N100,5500082,2.2438399770067785,1.644158660873118,3.062245732258028,3.506397117138561e-07,-1.7635420611529133,0.29174509276196214,2.7811415548599996e-08,100,5.184450782860331e-05,0.0004229569432254186,True,0.03451552201824594,0.08779547736570256,True,0.21982678196481875,0.3256830873899217,0.011411790941517471,0.09000000000000008,0.0033874395357052682,0.09,3.506397117138561e-07,1.644158660873118,3.062245732258028,0,2.5047606663663315,5.045310944914649e-07,1.750723136510947,3.5835626233164146,0,,0,1
S2_N100,5500083,2.4167715020511498,1.7469792286490224,3.343362300674507,9.868996723747882e-08,-1.069285872208711,0.367061917446323,0.004441940182710133,100,0.001033143850108223,8.75851021999481e-05,True,0.005745765502810367,0.002546771623901617,True,0.9350593671076052,0.7949824065990878,0.0010000455852600563,0.020000000000000018,0.0021667585973345446,0.02,9.868996723747882e-08,1.7469792286490224,3.343362300674507,0,2.758388862272325,1.0248202965941422e-09,1.9915805324318427,3.820437582916775,0,,0,1
S2_N100,5500084,3.2302749374052726,2.182563181153912,4.780927425758125,4.580908647520932e-09,-1.5591789701116305,0.3472181241893809,1.9603037258061855e-05,100,0.0013203879382376873,0.002853431714711237,True,0.03048798342496308,0.11210026678620588,True,0.36413206063310144,0.42738395489123515,0.004345301836022207,0.050000000000000044,0.002759886080977479,0.05,4.580908647520932e-09,2.182563181153912,4.780927425758125,0,3.536581757756598,1.9755209372771823e-09,2.3408696043721644,5.343061615194628,0,,0,1
S2_N100,5500085,2.35777887442335,1.5831557784323258,3.5114176990098835,2.435551143551475e-05,-1.4123864615384627,0.35113474403907347,0.00011411689830500376,100,3.722376102724684e-06,1.3480933122994245e-08,True,0.11635141854079811,0.091883556261838,True,0.7589817345745188,0.8545753058896813,0.06358012142847982,-0.13,0.058810910703302265,-0.13,2.435551143551475e-05,1.5831557784323258,3.5114176990098835,0,2.377822731470631,7.027843387271231e-05,1.551356330628543,3.644579153525403,0,,0,1
S2_N100,5500086,2.427745139410339,1.7292784310009646,3.4083270549548876,2.988688486074023e-07,-1.2515819914557984,0.3771053483481863,0.001273687331539718,100,9.366976480498722e-05,3.273497956527124e-05,True,8.504828916483074e-07,4.944817839914351e-08,True,0.6520514567625255,0.7422866827363737,0.0006951567707999534,0.010000000000000009,0.001002731074302973,0.01,2.988688486074023e-07,1.7292784310009646,3.4083270549548876,0,2.6282916323999985,6.179814303437848e-08,1.852382957976105,3.729205602545258,0,,0,1
S2_N100,5500087,3.2272560552827265,2.363064019775167,4.407490258071795,1.734189096584794e-13,-1.4832509249334378,0.32415944504839195,1.4054896398243307e-05,100,0.00017660834537862604,0.0011687713112798854,True,8.293159591114998e-05,0.0003726825549700614,True,0.13502363626725614,0.23072553600012258,0.00047819072936086253,0.009999999999999953,0.0008339226551137527,0.01,1.734189096584794e-13,2.363064019775167,4.407490258071795,0,3.266377206512366,3.7561147694067054e-12,2.3389061819788184,4.561628053929421,0,,0,1
S2_N100,5500088,2.4706278941662947,1.7129232717695535,3.5635000656665583,1.2987118721812661e-06,-1.652270359465493,0.3550552388867937,1.0337176980122634e-05,100,9.779336276394553e-06,8.7772666883261e-06,True,0.024312425685232845,0.021819964190667535,True,1.0,0.6978501577705092,0.0021039499820273934,0.029999999999999916,0.0028684449701893836,0.03,1.2987118721812661e-06,1.7129232717695535,3.5635000656665583,0,2.502845783461175,2.2003972653581915e-06,1.711898920510628,3.6592329960234298,0,,0,1
S2_N100,5500089,2.7516124037689136,,,,-0.7275801282051273,0.34010212896247083,0.034921444264233124,100,0.01357726383013983,0.03090565191442559,True,0.009005273149985395,0.011896807316546592,True,0.9408339427072224,0.9585869258909235,0.000884378735232648,-0.010000000000000009,0.0001969085530413585,-0.01,5.503522898025774e-07,1.891372752045311,4.003108753886476,1,3.0678581628922315,1.1299362167856414e-07,2.079611149944746,4.525727662055748,1,0.0,0,1
S2_N100,5500090,2.095671829706416,1.4514543316147352,3.025820600872187,7.881199725848909e-05,-1.0460882154232203,0.35109036005269706,0.0036479026398439744,100,0.03360862468553729,0.03095060748756788,True,0.00600153969823237,0.008827258932807294,True,0.5814250017670359,0.4279145536111134,0.0016906186152573143,-0.039999999999999925,0.002056235912685473,-0.04,7.881199725848909e-05,1.4514543316147352,3.025820600872187,0,2.4330344160588178,3.048649976428255e-06,1.674936820954927,3.5342565735415117,0,,0,1
S2_N100,5500091,2.8643026896095116,2.0777906303617426,3.948535419218793,1.3195931847234015e-10,-1.3599999999999994,0.3139207269041626,3.600991418474896e-05,100,0.0002404620268692816,0.00034532871363861993,True,0.01306716217206454,0.0190172808910068,True,0.3856392959056053,0.615966644442921,0.0026113325028946023,-0.030000000000000027,0.002868444970189378,-0.03,1.3195931847234015e-10,2.0777906303617426,3.948535419218793,0,3.200383530750508,2.431048707749096e-10,2.232584698276355,4.587711611481828,0,,0,1
S2_N100,5500092,2.8977601373160735,2.087356040504549,4.022799010076101,2.0601411742998039e-10,-1.195659350420724,0.34818631938669803,0.0008764426673114196,100,0.008006619894653568,0.010209990563356528,True,0.061154943333755825,0.058022267369591166,True,0.45268280125714777,0.4278614188568034,0.010043351711113657,0.06999999999999995,0.006606840468801941,0.07,2.0601411742998039e-10,2.087356040504549,4.022799010076101,0,2.9480153550553063,3.214668703805746e-10,2.1046458736669758,4.129338166757565,0,,0,1
S2_N100,5500093,3.4921523849516385,2.397411186498299,5.08679042977848,7.205929496170995e-11,-1.2740741392715171,0.3662863796228793,0.0007570205189161067,100,0.0003607318368818715,0.00011320492800253156,True,0.10271941194543169,0.11372000448947968,True,0.2886947660305259,0.3429727414306416,0.008583915921467688,0.06999999999999995,0.003486590210382957,0.07,7.205929496170995e-11,2.397411186498299,5.08679042977848,0,3.5067892868682238,1.2873418240595347e-10,2.392093179669163,5.140924779608524,0,,0,1
S2_N100,5500094,2.523689677180276,1.8024607647663335,3.5335080303575688,7.013925740557304e-08,-1.75281942977825,0.3274896970144258,5.810922185930434e-07,100,0.0012747998441159636,0.00018014962064440802,True,0.0009047038304482296,0.0006435635138478003,True,0.05503175047481613,0.1012066536705168,0.037105742157701085,0.10999999999999999,0.0261818399591472,0.11,7.013925740557304e-08,1.8024607647663335,3.5335080303575688,0,2.6950609395734815,5.89922663147086e-08,1.8833030351491207,3.856709904064686,0,,0,1
S2_N100,5500095,2.1789289284097815,1.569221440445201,3.025533014457175,3.3141994382003324e-06,-1.4178622950819673,0.32514153890523256,3.230965021499182e-05,100,7.339933626085437e-05,6.819648741070902e-06,True,0.02539549778151814,0.0952971220323482,True,0.8930139906066628,0.7768203248261019,0.03862949844506552,-0.12,0.03339387191958958,-0.12,3.3141994382003324e-06,1.569221440445201,3.025533014457175,0,2.1575834716203337,2.4777259530857275e-05,1.5091782345691662,3.084570351187306,0,,0,1
S2_N100,5500096,3.1017909895966778,,,,-1.4940699028451263,0.34722765536259814,4.026934289473097e-05,100,0.0010255095924032853,0.00023875218450060168,True,0.10308572764214004,0.08069560611858122,True,0.13312656843852197,0.0721822672374053,0.03898982279405959,-0.12,0.039013104915678005,-0.12,3.755507661982842e-06,1.9611471778285685,4.905856863734148,1,3.1870188812065208,1.7837133893499517e-05,1.913889633691802,5.307040265208147,1,0.0,0,1
S2_N100,5500097,2.662026948988097,1.950322215882035,3.6334444736528075,6.894333727471395e-10,-1.380000000000001,0.32751461718829816,5.636259690472228e-05,100,0.022062345674956074,0.026929494026257612,True,0.0001898262167147242,0.00021525083083326278,True,0.671288128512241,0.6332878458722156,0.0034716431413275204,-0.04999999999999993,0.007055530019384569,-0.05,6.894333727471395e-10,1.950322215882035,3.6334444736528075,0,2.869150828549183,2.6335639136335604e-09,2.0278762574199516,4.059432347927381,0,,0,1
S2_N100,5500098,2.7171607088466048,1.860714873143551,3.9678095898845442,2.2867901309836236e-07,-1.1940018788163453,0.30776225120942224,0.0001906630975438829,100,0.023229973725245896,0.01179367767511742,True,0.08385167294550715,0.02469726301910177,True,0.6508201189189164,0.7396816439999503,0.0014115630765622026,-0.010000000000000009,0.0034559213131638822,-0.01,2.2867901309836236e-07,1.860714873143551,3.9678095898845442,0,3.007762387535909,5.320265423778683e-07,1.9557502731967535,4.625659371678686,0,,0,1
S2_N100,5500099,2.792422809770209,2.0082967125818967,3.8827057275317656,1.0210094006775995e-09,-1.469878601540461,0.332649086835122,2.5873353253488813e-05,100,0.00037593075654590054,0.0014114491194177367,True,0.16806944946570657,0.10973341736753846,True,0.3321746520585117,0.25840716059515934,0.0018657944821988575,0.029999999999999916,0.0024880397386023738,0.03,1.0210094006775995e-09,2.0082967125818967,3.8827057275317656,0,2.823013466404476,2.789344143757286e-09,2.0048603162593865,3.975042533821066,0,,0,1
S2_N100,5500100,2.9005955345770493,2.07234403297386,4.059873419344772,5.381995538051823e-10,-1.5251175275888014,0.3283727325493352,1.0716124261786655e-05,100,0.008135552335122413,0.008309750961371208,True,0.0016457987866154316,0.0004986895634340144,True,0.610713112578035,0.6280506498495821,0.0007021537059935666,-0.020000000000000018,0.00047626961671360193,-0.02,5.381995538051823e-10,2.07234403297386,4.059873419344772,0,3.1434166097080474,1.179248129938267e-09,2.173393405199995,4.546378008945502,0,,0,1
S2_N100,5500101,2.7912851284697515,2.0195076410353145,3.858006035779171,5.088962009253825e-10,-1.3696737071082732,0.3465520923564061,0.0001470292796012055,100,1.609115039767797e-05,5.720348049557278e-07,True,0.06312919522793058,0.03124621422820652,True,0.6945890067667925,0.6552459513343187,0.0008923189550312214,0.020000000000000018,0.0007583120208675366,0.02,5.088962009253825e-10,2.0195076410353145,3.858006035779171,0,2.758892194888304,8.586534207983054e-10,1.9948118979969938,3.8156410389663096,0,,0,1
S2_N100,5500102,2.6767511058658893,1.7693781693029667,4.049443249080471,3.1376341895306963e-06,-1.5860172706827567,0.2961813023061127,5.746885325693458e-07,100,5.182076448908912e-06,4.752492274787302e-06,True,0.0011183392678393736,0.0030199053965158855,True,0.023528306366593272,0.07955912607562486,0.0015315072413745786,0.040000000000000036,0.0017144240573671004,0.04,3.1376341895306963e-06,1.7693781693029667,4.049443249080471,0,2.775545486172076,5.6178643226143725e-06,1.786332604174466,4.31255228046982,0,,0,1
S2_N100,5500103,2.6675276126798693,1.8939319706099529,3.7571062080534525,1.9688727582651797e-08,-1.0554806279988254,0.2994359631016115,0.000648387728807585,100,0.0032555295405299217,0.0013523537706673049,True,0.022384466858121985,0.01064569258122315,True,0.09523139749950095,0.1534508631725668,0.0053577052346278735,0.06999999999999995,0.004174586070833923,0.07,1.9688727582651797e-08,1.8939319706099529,3.7571062080534525,0,2.846961674655509,1.078150146466701e-09,2.033872634468121,3.98510242952204,0,,0,1
S2_N100,5500104,2.4415296438917786,1.7671076331706577,3.3733468692603554,6.241357141951698e-08,-1.2058922682301216,0.3436823554985418,0.000684310425376226,100,0.006412066766385765,0.0008009797145787398,True,0.0015645108267650976,0.00010242049474621035,True,0.8131477315333462,0.8545822538922279,0.0042962309941596034,-0.04999999999999993,0.0012378385718783238,-0.05,6.241357141951698e-08,1.7671076331706577,3.3733468692603554,0,2.4210599369533443,1.9469326727976966e-07,1.7353544368709102,3.3777141394179413,0,,0,1
S2_N100,5500105,2.9394007200094605,2.0426845761260926,4.229765424272138,6.376919402743987e-09,-0.9999999999999998,0.3453915271922603,0.0046805534934531,100,0.00039858178212301133,0.0008207457835429523,True,0.004114693975381106,0.02932984157305224,True,0.058645186266492885,0.11797134590739301,0.008355731161177766,0.05999999999999994,0.012043063903440716,0.06,6.376919402743987e-09,2.0426845761260926,4.229765424272138,0,3.3782988636275784,2.690049626164963e-10,2.3153954331273168,4.929137826177886,0,,0,1
S2_N100,5500106,2.331960747554195,1.6116140753555204,3.374282349162218,7.069544314859119e-06,-1.3083573415765062,0.33695251671571,0.0001884459147072088,100,0.00022434467323126283,0.0001234936730473718,True,9.058442114731772e-05,3.7544349185620446e-05,True,0.7714836585056948,0.9503271919196176,0.009192309786344992,-0.07000000000000006,0.004925598122411888,-0.07,7.069544314859119e-06,1.6116140753555204,3.374282349162218,0,2.4480446769437356,2.336715870587985e-06,1.6882151678785504,3.549857183100304,0,,0,1
S2_N100,5500107,2.569998571924995,1.8648142138462835,3.5418502340099356,8.026293440568814e-09,-1.4347237222418052,0.31446059681590965,1.4801419673452554e-05,100,5.38926576120594e-05,4.473424090583354e-06,True,0.0002801097334524693,0.000765626968468191,True,1.0,0.9063037168072489,0.004859352976502307,0.050000000000000044,0.002759886080977471,0.05,8.026293440568814e-09,1.8648142138462835,3.5418502340099356,0,2.8535123617719242,1.1112768643881201e-09,2.0365014962511547,3.998294532940031,0,,0,1
S2_N100,5500108,3.7095154544525624,2.7153575313507545,5.067658585636507,1.786777021865506e-16,-1.9533493486719655,0.36495989203082696,5.812374654792138e-07,100,0.0003897415174644562,0.000632421818476632,True,0.020008866744375863,0.019752760149182362,True,0.4709925714163834,0.4776728412436664,0.0003754545971524549,-0.010000000000000009,0.0005536828842662267,-0.01,1.786777021865506e-16,2.7153575313507545,5.067658585636507,0,3.8692421904570997,1.8438322867171264e-14,2.7371032723344735,5.469663961800196,0,,0,1
S2_N100,5500109,1.9533706825570154,1.435657680529572,2.657776345448712,2.02916526787237e-05,-0.8968685079034209,0.2960689737348706,0.0031419187568287703,100,6.668026101840078e-07,1.1388146949843564e-06,True,0.013979716723737002,0.007309729993269071,True,0.28999320149322516,0.31225651737337357,0.014364648675817271,0.09000000000000008,0.004256537784372609,0.09,2.02916526787237e-05,1.435657680529572,2.657776345448712,0,2.2473805323237355,1.0844084629963595e-06,1.6229552675993595,3.1120508111961906,0,,0,1
S2_N100,5500110,2.901022672005755,2.1099328391101517,3.988720582708578,5.5260778985152395e-11,-1.5148604491767208,0.3671134358309488,7.792791839638053e-05,100,1.2477353888114342e-05,2.350000843914019e-06,True,0.2134722270182038,0.3616715758236857,True,0.10562853355751628,0.06771912099568278,0.0014010090649515707,0.020000000000000018,0.00047626961671360193,0.02,5.5260778985152395e-11,2.1099328391101517,3.988720582708578,0,3.2729539698281047,1.046648675007237e-11,2.3255056396450553,4.606407959624889,0,,0,1
S2_N100,5500111,3.1860291855982656,2.2346829453284354,4.542381277265295,1.5188250285086236e-10,-0.8737067199600277,0.3596170981641015,0.016957600131488407,100,0.008496224262448534,0.004528243223486746,True,0.002257796412233394,0.0034446994834787656,True,0.23459221117137086,0.1959541856063023,0.0007003587117786157,0.010000000000000009,0.00044061024977077684,0.01,1.5188250285086236e-10,2.2346829453284354,4.542381277265295,0,3.3328616641346684,9.80998515185125e-10,2.265561847689667,4.902963423217066,0,,0,1
S2_N100,5500112,2.9578063131004617,2.1485797224473813,4.071814554710432,2.939220100106258e-11,-2.0999999999999983,0.3277384116551475,5.328379272940505e-09,100,0.00020610699764416515,3.605778759475794e-05,True,0.05457063892500768,0.050507705710793986,True,0.7339536226443133,0.6984679833231069,0.002969387027696174,-0.040000000000000036,0.004858021180771275,-0.04,2.939220100106258e-11,2.1485797224473813,4.071814554710432,0,3.2562391820718464,4.89909970704933e-11,2.2901030384423153,4.629963557479034,0,,0,1
S2_N100,5500113,2.9773813051751175,2.0085846704164747,4.413455686967975,5.549075851057375e-08,-1.9735758224124083,0.2970440963458061,1.7805670904974013e-09,100,7.98287978215478e-05,3.310410729927596e-05,True,0.0029274675255316156,0.000630345942494636,True,0.11464331421024383,0.18018519718159864,0.003392396650446833,0.039999999999999925,0.002434299697067961,0.04,5.549075851057375e-08,2.0085846704164747,4.413455686967975,0,3.3427398816149965,8.966166221062815e-09,2.215290480262681,5.0439931086664895,0,,0,1
S2_N100,5500114,2.5990684613176462,1.8696508930836517,3.6130578663670545,1.3216983217301976e-08,-1.4166819863244051,0.3460230332858626,8.775486941067343e-05,100,0.0008237520634149089,0.0004950059937452002,True,0.00475660299014602,0.00260712063636908,True,0.9187646441677204,0.7344355479283382,0.001265991028833502,0.020000000000000018,0.0009326302855561491,0.02,1.3216983217301976e-08,1.8696508930836517,3.6130578663670545,0,3.0054853064247404,6.738460812150937e-11,2.1596819458175505,4.182533425640868,0,,0,1
S2_N100,5500115,2.9119169268261076,2.0450914827538758,4.146152023144909,3.063278284579511e-09,-1.6465243344291887,0.3590576332835239,1.3513464156122941e-05,100,0.004101165012141011,0.0011542332010494709,True,0.0024683332947203055,0.0028852812703875188,True,0.67138169977688,0.5403365230116286,0.001111771434783468,-0.019999999999999907,0.003207333790743604,-0.02,3.063278284579511e-09,2.0450914827538758,4.146152023144909,0,3.1665091770552896,9.819124230695465e-11,2.233225050866262,4.489820837575686,0,,0,1
S2_N100,5500116,4.2987259848768895,3.112044860392543,5.937910898471077,8.908700363536187e-19,-1.6666534653465328,0.34650748987397245,5.531456082918789e-06,100,4.793282848700015e-05,0.00012668536533363484,True,0.014762321040393038,0.02069129664038761,True,0.5063691906141108,0.5087053979652423,0.020837127979731744,0.09999999999999998,0.014878354575793533,0.1,8.908700363536187e-19,3.112044860392543,5.937910898471077,0,4.50542541053027,4.692930782783919e-17,3.170252640583737,6.402914982231269,0,,0,1
S2_N100,5500117,1.8723025713263148,1.3675360735849202,2.5633816806057714,9.124435313990504e-05,-1.3742240555359908,0.3258125871565839,5.546625838051005e-05,100,0.0001276051289985938,0.00044486479043676015,True,0.056893305899960514,0.18233638386394602,True,0.8362081903174106,0.9696483325595718,0.0003576836695577202,0.0,0.0007409807452360707,0.0,9.124435313990504e-05,1.3675360735849202,2.5633816806057714,0,1.957138206420989,0.00013279163433509874,1.386897417857373,2.761840861273187,0,,0,1
S2_N100,5500118,2.5298643114030255,1.8324929830490677,3.4926264347607217,1.690211028521177e-08,-1.3104230193491149,0.33607265438727674,0.00017780801331719254,100,0.0021187020011005347,0.001837479949200449,True,0.16843959653954255,0.20265579391948108,True,0.16402389033235598,0.17799170362083605,0.0015726743537724526,0.019999999999999907,0.0024885578646206353,0.02,1.690211028521177e-08,1.8324929830490677,3.4926264347607217,0,2.7606873961415843,7.60637298773134e-08,1.9065112926257115,3.9975608477611266,0,,0,1
S2_N100,5500119,3.4289462778901743,2.397983345670141,4.903150223243555,1.4445473841650974e-11,-1.679999999999999,0.34159351533882926,3.56361831638194e-06,100,0.00033978325272029144,0.00011976088777909192,True,0.00043262631343937724,0.0005229637367459226,True,0.059511445475090054,0.023539840734177853,0.004044463177902082,-0.05999999999999994,0.0021114938313528276,-0.06,1.4445473841650974e-11,2.397983345670141,4.903150223243555,0,3.616187403822562,1.1147135630874295e-10,2.446969312361113,5.34408473106145,0,,0,1
S2_N100,5500120,3.6715351893231087,2.649599627430255,5.08762550646634,5.511697808278288e-15,-1.6704204589871017,0.3332280200268197,2.415365399076918e-06,100,9.576808459002722e-06,4.2107816506731707e-07,True,0.026304826478051137,0.011367087697206566,True,0.0013627662141976484,0.0010436477091200582,0.00798082182732808,0.06000000000000005,0.012043063903440716,0.06,5.511697808278288e-15,2.649599627430255,5.08762550646634,0,3.9763644963465374,3.748301551100914e-14,2.78138154936347,5.684755696831227,0,,0,1
S2_N100,5500121,3.726640046402234,2.6836324258162607,5.17501797259909,4.069369002118522e-15,-1.4465379269987562,0.3121360134538379,1.1155346611651767e-05,100,0.00014398260435334495,0.00017954381765440469,True,2.176545751712473e-05,3.082250676189807e-05,True,0.38380008479094985,0.2237661497449096,0.00272470389961805,0.029999999999999916,0.004683092433503857,0.03,4.069369002118522e-15,2.6836324258162607,5.17501797259909,0,4.02762816200188,1.4528243368445377e-14,2.8240465951710125,5.744164646252346,0,,0,1
S2_N100,5500122,2.929136266292937,2.1056227626679846,4.074727638126983,1.7578371448744293e-10,-1.1663569885324914,0.3107120161383368,0.00029684142176229707,100,0.00045879955128367054,0.00013749231710411672,True,0.03249243807604505,0.05005405451856875,True,0.9661397108649771,0.7607247576938635,0.13472033172953218,0.16999999999999993,0.11163164219961645,0.17,1.7578371448744293e-10,2.1056227626679846,4.074727638126983,0,3.130379806985709,3.150838677520372e-11,2.23508765267521,4.384292367350775,0,,0,1
S2_N100,5500123,3.3560899559880593,2.333738551391357,4.826307465319462,6.493329491004038e-11,-1.5599999999999996,0.34471937625574883,1.71105899092668e-05,100,1.5653193460103352e-05,3.3210653988014126e-07,True,0.00032400407732738795,0.0014920210881779893,True,0.33135000629074995,0.4401704410309226,0.00048371520938734406,0.010000000000000009,0.0004406102497707788,0.01,6.493329491004038e-11,2.333738551391357,4.826307465319462,0,3.56623928907005,2.493653547548733e-12,2.498475698691851,5.090328744668505,0,,0,1
S2_N100,5500124,3.4241409516741084,2.4730156996483044,4.741070288635482,1.2306920586209859e-13,-1.1201392915566633,0.3342830351860018,0.001149064888384886,100,0.001742494226279569,0.0032019689200224076,True,0.035070243152125195,0.030715948072748363,True,0.09703099336063335,0.15390806058664622,0.027005185526812917,0.10999999999999999,0.015134161909700263,0.11,1.2306920586209859e-13,2.4730156996483044,4.741070288635482,0,3.5006385794500674,9.534052495620678e-13,2.481503878604106,4.938324122558922,0,,0,1
S2_N100,5500125,2.6441914909567,1.9186471286540527,3.6441034604172304,2.819186075568988e-09,-1.7540376205480763,0.3437117167755023,1.6605535827056028e-06,100,0.000655060966234608,0.0006890298558002375,True,0.15053248279544396,0.24560034690971344,True,0.6711748658789912,0.7316022862457118,0.0010754811205735543,-0.010000000000000009,0.001002731074302973,-0.01,2.819186075568988e-09,1.9186471286540527,3.6441034604172304,0,2.8087530635836355,6.428836498415283e-09,1.981917229103105,3.9805364504352094,0,,0,1
S2_N100,5500126,3.5700908845981147,2.538796335400532,5.020311691240784,2.543513695080293e-13,-0.9999999999999978,0.3899868811580416,0.011876069124810587,100,0.0005550737112830535,0.00017061697873605946,True,1.2023421383057121e-05,1.8010056789575524e-06,True,0.6183276790672582,0.8925910547867755,0.010105868022409266,0.07999999999999996,0.006550267318579072,0.08,2.543513695080293e-13,2.538796335400532,5.020311691240784,0,3.786706171921469,1.5439461232993497e-13,2.659237672169396,5.392200848587681,0,,0,1
S2_N100,5500127,2.402525556018373,1.7546266072849108,3.2896623266491543,4.5882615570063875e-08,-1.706914725936421,0.31015312871902784,3.0362790218552953e-07,100,0.005959491108677096,0.004991232619889177,True,0.0005147948476108094,0.000247127109528235,True,0.5486980788676945,0.680466636541113,0.08618784088168342,-0.15000000000000002,0.08494606694985435,-0.15,4.5882615570063875e-08,1.7546266072849108,3.2896623266491543,0,2.691302626372401,1.6560634904254374e-09,1.9506170161903242,3.713240357589633,0,,0,1
S2_N100,5500128,2.564662005953096,1.9292804134256738,3.4092976630080516,8.914795326952096e-11,-1.1972442228401565,0.2933597024234918,9.2058994206673e-05,100,0.001603909677458052,0.008269426172287524,True,8.767411797772343e-05,0.0011911126542753228,True,0.2975299398945863,0.20998940062508864,0.002797595973154535,0.040000000000000036,0.0017144240573671004,0.04,8.914795326952096e-11,1.9292804134256738,3.4092976630080516,0,3.141140219991612,1.3774013903887979e-14,2.3471056952168396,4.203799556942151,0,,0,1
S2_N100,5500129,2.26724550915442,1.6681614020726248,3.081477722955426,1.7080815721446034e-07,-1.5055801124762698,0.3183895096779277,7.663127995942325e-06,100,0.0008246627862697526,0.0007435943876933153,True,0.03348867800633241,0.18123373113368735,True,0.8909280671438012,0.9200755036856119,0.007193170601925609,0.08000000000000007,0.009850482882971755,0.08,1.7080815721446034e-07,1.6681614020726248,3.081477722955426,0,2.2932529936310138,1.685872497550463e-07,1.6803400119278884,3.1297292544762048,0,,0,1
S2_N100,5500130,1.9970616082305996,1.4350477828879868,2.7791792821297943,4.0939094772791444e-05,-1.447708012760367,0.2832197056807809,1.6035427478583918e-06,100,0.009391051265694117,0.00930906892565208,True,0.0001439110811049759,0.0001382350300451796,True,0.7772113469407791,0.5262276370102854,0.048246075364967826,-0.13,0.022929541586166453,-0.13,4.0939094772791444e-05,1.4350477828879868,2.7791792821297943,0,2.0090283240056412,8.790758626852418e-05,1.4176318896002238,2.847138835029405,0,,0,1
S2_N100,5500131,2.813920670338699,2.0634310346033073,3.837370576565769,6.289584076564661e-11,-1.5504156074490076,0.31683096235097136,3.9401000261378695e-06,100,8.89253117732353e-06,2.9974368325962833e-07,True,0.00013907004771720213,7.591757807601899e-05,True,0.49728326059508854,0.5962958691613045,0.0010661083850883027,0.030000000000000027,0.00028066164831895015,0.03,6.289584076564661e-11,2.0634310346033073,3.837370576565769,0,3.1309753558327342,4.277254937933573e-12,2.2669583350500666,4.32429944885397,0,,0,1
S2_N100,5500132,3.0905775810113334,2.222004099042954,4.298673341045543,2.0462232982248345e-11,-1.3123795761078996,0.29544469282448715,2.3647371108557254e-05,100,0.017284420711464354,0.006184590835865106,True,0.003601677657486038,0.006972315272318048,True,0.7541562600738697,0.8789011842227986,0.025451432369264407,-0.09999999999999998,0.03053737589516217,-0.1,2.0462232982248345e-11,2.222004099042954,4.298673341045543,0,3.233910545592269,2.460934560984004e-10,2.2484634190357493,4.6512553098941956,0,,0,1
S2_N100,5500133,2.898627575485168,1.980199330989251,4.243028310268948,4.3963248337208946e-08,-1.0254929577464793,0.34295535381606645,0.0035338434361798588,100,4.199116890196227e-05,3.801257950018277e-05,True,0.5114129979404296,0.5135315917411771,True,0.9323328589146885,0.6947303989318094,0.01141179094151748,-0.09000000000000008,0.017525078743950616,-0.09,4.3963248337208946e-08,1.980199330989251,4.243028310268948,0,3.3906237871906737,4.952319002332696e-09,2.2520553889872494,5.104816570001475,0,,0,1
S2_N100,5500134,2.0317713387549556,1.5022241003164256,2.747988647044453,4.197297662810136e-06,-0.7999999999999995,0.30282026064153234,0.009613386051884594,100,1.5195355839073949e-06,1.3212265019382708e-07,True,0.08130175666540891,0.11144412536779855,True,0.5817861597724743,0.7683530441660474,0.06862306562822776,0.14,0.08318177981431896,0.14,4.197297662810136e-06,1.5022241003164256,2.747988647044453,0,2.1613134422840865,6.742983063107682e-06,1.5452028420442967,3.023082580936629,0,,0,1
S2_N100,5500135,1.6110388124109887,1.1633138064019992,2.2310799036435713,0.004097734617235858,-1.226637696154508,0.3175298717598184,0.00020221167478782706,100,0.23812707591865456,0.22672850539064293,True,0.007532509244562377,0.007270557034691656,True,0.3553079021540514,0.3860051140505808,0.00590723062373882,0.05999999999999994,0.004324993265698792,0.06,0.004097734617235858,1.1633138064019992,2.2310799036435713,0,1.7318286449033882,0.0018624067038344318,1.225351284628398,2.44764949686853,0,,0,1
S2_N100,5500136,3.9507674878590198,2.753224028963112,5.669194943428629,8.886256809373258e-14,-0.9296479108635098,0.3262697197592181,0.005350728222668934,100,1.2365520871113811e-05,7.610426732507821e-05,True,0.0050846507162095175,0.0071623071976292035,True,0.8522034984945779,0.8925609886733374,0.0036296674010778563,0.040000000000000036,0.002848536701698934,0.04,8.886256809373258e-14,2.753224028963112,5.669194943428629,0,4.159165257027943,5.6891352169395904e-12,2.772359930699958,6.239686068071543,0,,0,1
S2_N100,5500137,2.481742134356816,1.8362284680587058,3.3541817527496334,3.3419921174141167e-09,-1.4496393861892596,0.3295524777374938,2.7929104321028175e-05,100,0.00413536349395471,0.0016784146242833323,True,0.00362839091434682,0.008770929784094215,True,0.805849207393904,0.6828854582745132,0.029569416257203676,0.10999999999999999,0.017217605894420323,0.11,3.3419921174141167e-09,1.8362284680587058,3.3541817527496334,0,2.578107797242946,1.1971185343485749e-09,1.8998825325218673,3.498447772653741,0,,0,1
S2_N100,5500138,2.88940350207591,2.0463387371344406,4.079799911083853,1.6608200215316998e-09,-1.8321600948710342,0.35330507894742097,1.1757632126627273e-06,100,1.2729399277444191e-05,1.5947073499570886e-06,True,0.009668951614220388,0.008747801285427511,True,0.48658111424637684,0.6085035208269134,0.000280791325606799,0.020000000000000018,0.0007583120208675366,0.02,1.6608200215316998e-09,2.0463387371344406,4.079799911083853,0,3.275023545650582,2.901302418386163e-10,2.2647965558879277,4.735868745773768,0,,0,1
S2_N100,5500139,3.257718171762246,2.327493861567946,4.559723169143204,5.803793658557942e-12,-1.046063325401005,0.34282738950877967,0.00293919689616263,100,0.001181289915029697,0.0010116285690487542,True,0.0005454871815879648,0.0005326974707185849,True,0.9548906962671729,0.8409101554935443,0.008634416325227262,-0.07000000000000006,0.0041745860708339065,-0.07,5.803793658557942e-12,2.327493861567946,4.559723169143204,0,3.6113476951561294,2.2250907298323376e-12,2.5232523382327163,5.168659502538686,0,,0,1
S2_N100,5500140,2.861456702059019,2.032023760603877,4.029448186828872,1.7462829463476434e-09,-1.2756089122873,0.34712843568812146,0.0003901997065639534,100,2.1203438867335894e-06,2.7848296369452027e-06,True,0.17204491406907718,0.35977328129971187,True,0.8392736035450479,0.961361679678795,0.0076488457287819805,-0.07000000000000006,0.010604820442681719,-0.07,1.7462829463476434e-09,2.032023760603877,4.029448186828872,0,3.064200387821391,1.6950743423985198e-10,2.1730766496687344,4.32075141857333,0,,0,1
S2_N100,5500141,3.189873912515945,2.2621354298389265,4.49809301579893,3.70599026359377e-11,-1.5247594650144483,0.35599211872897074,4.338975721183691e-05,100,0.00032989590764936834,0.00015540290195667315,True,0.00551062840308643,0.006245916211439091,True,0.23478300942268415,0.3984705223481587,0.0005420022770134602,0.010000000000000009,0.001002731074302975,0.01,3.70599026359377e-11,2.2621354298389265,4.49809301579893,0,3.506064070908125,2.2845667493778685e-12,2.469556853590433,4.977607724009709,0,,0,1
S2_N100,5500142,3.2754511555212065,2.418903447505015,4.435307363454805,1.706018973253667e-14,-1.4092315307511434,0.33314564889702036,5.297990393923992e-05,100,0.00012005728546096114,0.00014732894433385743,True,0.009391468826132189,0.008270590043795639,True,0.7227347838358191,0.6751659387092077,0.05851723986523427,0.13,0.058810910703302265,0.13,1.706018973253667e-14,2.418903447505015,4.435307363454805,0,3.107745787878191,6.521476719391643e-13,2.2813414584113647,4.233510878638985,0,,0,1
S2_N100,5500143,3.7366050996768783,2.5118750417912143,5.558484175619985,7.752070618197775e-11,-1.5459368133949543,0.3253225438648418,6.981106536170396e-06,100,0.000842650561607238,0.00041799671041709035,True,0.061100451976701456,0.04513678016315658,True,0.12147043955336091,0.1290889635244571,0.0002776197645258823,0.0,0.0005006636919721179,0.0,7.752070618197775e-11,2.5118750417912143,5.558484175619985,0,3.844300295718519,6.871422983287162e-10,2.506193382941487,5.896849327052324,0,,0,1
S2_N100,5500144,2.3952699891338707,1.771826799646729,3.238080788703102,1.357786196163477e-08,-0.9799999999999986,0.339384282278354,0.004786964165917536,100,0.0045705559788950965,0.006733975292243112,True,0.01126776131954191,0.00591446968690311,True,0.6030826991482898,0.5217846856389148,0.003488972711179601,0.039999999999999925,0.003298630805785662,0.04,1.357786196163477e-08,1.771826799646729,3.238080788703102,0,2.6604897344326894,2.3362070638455637e-08,1.8872519321347356,3.750535636763302,0,,0,1
S2_N100,5500145,2.3688505699033398,1.6907396260258405,3.3189338773122325,5.383254829589945e-07,-1.364812166106267,0.3225958168673525,5.285242422506089e-05,100,9.188972530532073e-05,0.00015385833342224483,True,0.00036585920298697755,0.0004513386343267166,True,0.2805324294981587,0.26971545626174875,0.0015653336624538267,-0.040000000000000036,0.0007010457179223919,-0.04,5.383254829589945e-07,1.6907396260258405,3.3189338773122325,0,2.6520441458991195,1.0271681341224923e-07,1.8517477286775117,3.798216162425584,0,,0,1
S2_N100,5500146,2.4047655758126942,,,,-1.2399999999999989,0.3357211783053676,0.00036576811817660363,100,0.001024746244674007,0.0018230930774777681,True,0.009123249013954938,0.022464730656134607,True,0.7172126864241328,0.6957356069547749,0.01432141588175354,-0.07999999999999996,0.0136577170322772,-0.08,2.4391967953678086e-06,1.6981332874319321,3.4054437996202114,1,2.516671033948095,4.283681788551558e-06,1.727500731210451,3.6663562444198967,1,0.0,0,1
S2_N100,5500147,3.1547508017029626,2.2467496867438106,4.429711364628903,3.262121062513418e-11,-1.1172318973418887,0.30706226648433177,0.0004418229515235497,100,0.0027367493140884073,0.0011261212799699005,True,0.16912272740301781,0.09445563591549022,True,0.6319424332188552,0.9779045880734516,0.11346089378080665,0.15999999999999992,0.12158440675470188,0.16,3.262121062513418e-11,2.2467496867438106,4.429711364628903,0,3.2656863244900975,8.863898063655236e-10,2.2366759832094414,4.768105550388522,0,,0,1
S2_N100,5500148,3.3435018682703075,2.4260241448661297,4.607952796670911,1.640697126672342e-13,-1.5449822016478065,0.3456699596542486,2.126332071084113e-05,100,0.00015280395197555166,3.992269657001398e-05,True,0.011968900496295717,0.006689528085164679,True,0.19397764695662634,0.28169750975453467,0.05864469077829081,0.13,0.045737042934159665,0.13,1.640697126672342e-13,2.4260241448661297,4.607952796670911,0,3.4916829020961706,2.514285657274145e-13,2.498030766203526,4.88058420005761,0,,0,1
S2_N100,5500149,2.934624304012633,2.1354132673924267,4.032952280107284,3.199479608755791e-11,-1.439694095718436,0.3460740067075413,6.879337331296233e-05,100,0.00019832166953030053,4.32374488105089e-05,True,0.03632773727811222,0.023923959569192473,True,0.6481447891512533,0.5469663765049959,0.020439536837186488,-0.07999999999999996,0.015019434220916577,-0.08,3.199479608755791e-11,2.1354132673924267,4.032952280107284,0,3.0372107769405963,5.320686425082319e-11,2.1795170498763508,4.232428144614624,0,,0,1
S2_N100,5500150,2.610780967897493,1.9433000229326312,3.5075269808567633,1.8877616943790794e-10,-1.7896936553923184,0.35906001296166934,2.71588434101624e-06,100,0.0050965736860290115,0.003324342358461568,True,0.005999983045728495,0.006493921638786732,True,0.8608697130265593,0.8111309708922356,0.000645449437116847,-0.020000000000000018,0.0003662222726521399,-0.02,1.8877616943790794e-10,1.9433000229326312,3.5075269808567633,0,2.7578456508062956,3.2224100473469834e-11,2.0438396334095996,3.7212864010191953,0,,0,1
S2_N100,5500151,3.1074836538518325,2.270927184491777,4.252207963734164,1.3840713332966895e-12,-1.18499211356467,0.3214490887798688,0.0003748659640424774,100,5.681864878457308e-05,8.561824090697024e-06,True,0.007390606792899714,0.0035600485631666584,True,0.45426299684909155,0.4859293993163709,0.0008351660540071516,-0.020000000000000018,0.0003662222726521399,-0.02,1.3840713332966895e-12,2.270927184491777,4.252207963734164,0,3.4852771995720198,6.912454040058826e-13,2.478812340736961,4.9003940145969995,0,,0,1
S2_N100,5500152,2.157734178188853,1.5624190950932297,2.979877037054845,3.023726510225855e-06,-1.5737114370102256,0.3666911468137066,4.201342878619276e-05,100,7.787882742459839e-05,0.0001133021729528604,True,3.532041158595653e-05,9.019866286158645e-06,True,0.4476558303679531,0.38648486530097437,0.000998922746418561,-0.020000000000000018,0.001130375263271851,-0.02,3.023726510225855e-06,1.5624190950932297,2.979877037054845,0,2.2224375191466836,5.0253210158253655e-06,1.577168899989865,3.131705505062017,0,,0,1
S2_N100,5500153,2.7054475037925534,1.877735073948168,3.8980185742535696,9.222683679291769e-08,-1.2534547083594638,0.33182870784890117,0.0002733842811938261,100,0.0007576345589442264,0.00021445969801182948,True,0.003600382716683978,0.018370945716636077,True,0.9492107684521666,0.9751472651026414,0.0029013329338017915,-0.030000000000000027,0.0021376439941600237,-0.03,9.222683679291769e-08,1.877735073948168,3.8980185742535696,0,2.8514694654071824,3.098307003061144e-07,1.9088697292829155,4.259524883976216,0,,0,1
S2_N100,5500154,2.9178342375454753,2.148976311186457,3.9617731444848325,6.779739204582425e-12,-1.573831723521858,0.3433208047595857,1.3595481891023312e-05,100,3.485952721694161e-05,2.3633374958865344e-06,True,0.012115512800977522,0.029774774445542617,True,0.6027499421119372,0.642239509868754,0.0013383023287752084,-0.019999999999999907,0.0003662222726521399,-0.02,6.779739204582425e-12,2.148976311186457,3.9617731444848325,0,3.0115354048381753,2.610452633624099e-11,2.1778822993620466,4.164295516452133,0,,0,1
S2_N100,5500155,2.569310670768295,1.8708579041498028,3.5285188192439243,5.544473494297389e-09,-1.8199999999999996,0.350411607100671,1.1363417699765026e-06,100,0.010881584837217729,0.00419711155846016,True,0.008131986370461221,0.03963612164231574,True,0.46942811761864045,0.2702704855117962,0.0008810726696397588,0.010000000000000009,0.001002731074302973,0.01,5.544473494297389e-09,1.8708579041498028,3.5285188192439243,0,2.694692096222859,8.234413510504686e-09,1.9235804076890533,3.7749217367885284,0,,0,1
S2_N100,5500156,3.7052780445426214,2.647701304019297,5.185284822924849,2.195874473398474e-14,-1.4717830188679235,0.34735555432442045,5.160043822944794e-05,100,0.000975171982890269,0.00015012335661422808,True,0.0009034997081029586,0.00021106659324254782,True,0.6252039595714487,0.6329047697603847,0.02994752122734895,-0.10000000000000003,0.03053737589516217,-0.1,2.195874473398474e-14,2.647701304019297,5.185284822924849,0,3.9661978991070375,1.0705573804877261e-14,2.7968311169018327,5.624481821521874,0,,0,1
S2_N100,5500157,2.6668306460635227,1.9290065937669167,3.6868643776356795,2.9246872514760386e-09,-1.2748806658235097,0.30634147006158646,6.839686031403201e-05,100,0.0011968178584922278,0.0014872424134644918,True,0.0009069499843961145,0.0009895762826978196,True,0.9233461246557878,0.8108435138224803,0.0015359011217476223,0.039999999999999925,0.002056235912685473,0.04,2.9246872514760386e-09,1.9290065937669167,3.6868643776356795,0,2.8528711631069092,4.289159387553963e-08,1.960662297463454,4.151083990249817,0,,0,1
S2_N100,5500158,3.3183251149390496,2.2512177575935706,4.89125564654648,1.3680780459653568e-09,-1.0823736521675333,0.3923242865132943,0.006933610709686055,100,2.2943008712156688e-05,3.6368614706144666e-06,True,0.0010776100474045713,0.0010086800465711897,True,0.06570930080392567,0.18001366475778435,0.0006453445841855667,-0.010000000000000009,0.0011915325554775293,-0.01,1.3680780459653568e-09,2.2512177575935706,4.89125564654648,0,3.5916041903738205,8.095064530458076e-10,2.3884798830012284,5.400765881311027,0,,0,1
S2_N100,5500159,2.928067315058641,2.0812820368459937,4.119373563857423,6.893733113122764e-10,-1.2066967071057177,0.3147174314655613,0.00022393099929844806,100,0.0012157207433664444,0.00045391121547715406,True,0.1027534239914227,0.12091223705505948,True,0.9909702693833053,0.9640909698374895,0.012745586600222888,-0.06999999999999995,0.006606840468801946,-0.07,6.893733113122764e-10,2.0812820368459937,4.119373563857423,0,3.1598314354132455,6.77856780796915e-11,2.2365932786001537,4.4641709316388924,0,,0,1
S2_N100,5500160,2.604151781471318,1.8373855822005798,3.690900030258276,7.502327022092191e-08,-1.0619373992705066,0.36720436039409965,0.004726169923599921,100,0.00019839798284693552,2.06352675304969e-05,True,0.006115673990236996,0.0038500538271153983,True,0.7193923887788165,0.7529016075193357,0.007084507475101081,0.06999999999999995,0.006606840468801959,0.07,7.502327022092191e-08,1.8373855822005798,3.690900030258276,0,2.854009025618261,6.0012137556719135e-09,2.0044175034962053,4.063708036924911,0,,0,1
S2_N100,5500161,2.566675718200518,1.8700672772662206,3.5227739250272494,5.388550781720837e-09,-1.5132527705392156,0.3588711572368782,5.570217543456947e-05,100,2.683524508589972e-06,1.2685893910982172e-06,True,0.044281878838687866,0.0708531197344483,True,0.9800994321709204,0.8463099194120871,0.0010198934708062733,-0.010000000000000009,0.0006844905960408066,-0.01,5.388550781720837e-09,1.8700672772662206,3.5227739250272494,0,2.670049657956632,6.138069927845282e-09,1.9173835880482406,3.7181736718688136,0,,0,1
S2_N100,5500162,2.2431575819492773,1.6897656423908773,2.9777833157602935,2.2796043445618572e-08,-1.345598501103018,0.3367776418403719,0.00012579142996316958,100,0.007173161995562197,0.007187225658746336,True,0.13961818886494112,0.12167040284446955,True,0.1455359617116826,0.19978085901758436,0.20858898853078373,-0.19,0.20656250379536967,-0.19,2.2796043445618572e-08,1.6897656423908773,2.9777833157602935,0,2.397249402357864,4.062423562021287e-09,1.7913464048950614,3.208092349643445,0,,0,1
S2_N100,5500163,3.0064708785313425,2.1299472628764877,4.243704668654593,3.861885170158161e-10,-1.8852552976791135,0.35486395126511316,6.880234410713073e-07,100,1.5649620497976533e-05,5.3106925185118434e-05,True,0.0031253860689459535,0.0015082009630038662,True,0.7291107073891361,0.6548159549048761,0.0006985761893038788,0.010000000000000009,0.0011915325554775322,0.01,3.861885170158161e-10,2.1299472628764877,4.243704668654593,0,2.9371792539689294,8.63595886950866e-09,2.0350916231462577,4.239131974121183,0,,0,1
S2_N100,5500164,3.278882782126057,2.4477468323974882,4.392232136357169,1.6978265478557507e-15,-1.2112908901148063,0.32527107470766453,0.0003292975203855868,100,0.0003952566986564022,3.788183364191671e-05,True,0.017465075123923892,0.01794160406464348,True,0.570335644842159,0.7765260156212467,0.0014330647382666505,-0.020000000000000018,0.0007583120208675366,-0.02,1.6978265478557507e-15,2.4477468323974882,4.392232136357169,0,3.9001171790733458,3.4316448421305305e-15,2.7794006434867478,5.472731700680978,0,,0,1
S2_N100,5500165,2.581143874900081,1.8402924626443855,3.620241802958259,3.940054644520461e-08,-1.6544371944785403,0.3288553265787782,2.2418194706772816e-06,100,8.483149260757255e-05,3.459968096386073e-05,True,0.01391188576996025,0.049348760353842926,True,0.730030429139088,0.7817803120678917,0.00803239612237458,-0.06999999999999995,0.0023069183939319537,-0.07,3.940054644520461e-08,1.8402924626443855,3.620241802958259,0,2.5947634598748746,3.540266116466612e-08,1.8486825224690637,3.6419435629810786,0,,0,1
S2_N100,5500166,2.8987244061989133,2.0381889178203667,4.122583097978455,3.1722788672081487e-09,-1.5137352590433295,0.32254699120924674,8.83539702735339e-06,100,0.0001692458642160275,1.4688066214255554e-05,True,0.02906755598753937,0.048922808629400016,True,0.8210711904150125,0.8761288461416551,0.07384192696110094,0.13999999999999996,0.0613733516289057,0.14,3.1722788672081487e-09,2.0381889178203667,4.122583097978455,0,3.115409749090627,1.0882657425774082e-09,2.161918047569719,4.489429150952089,0,,0,1
S2_N100,5500167,2.677204587172607,1.8524306108510036,3.869199936339503,1.5972521507006733e-07,-1.4110160467080382,0.36855345235386405,0.00022847737737603704,100,1.8095177900621855e-05,3.028062869007342e-05,True,0.09162435406294868,0.08333463557679789,True,0.1281397730084455,0.18387868972459376,0.004471863159746761,-0.04999999999999993,0.003249990107817147,-0.05,1.5972521507006733e-07,1.8524306108510036,3.869199936339503,0,2.882238030166054,6.247014185650525e-07,1.900725884078023,4.37059132625275,0,,0,1
S2_N100,5500168,2.5485458480152503,1.8085878291874042,3.5912471789407117,8.986371968206416e-08,-1.7542020953024675,0.3571568592610348,3.660272444711143e-06,100,0.0026055407541164632,0.008158246832263615,True,0.05532567454823078,0.03312665256291357,True,0.8698410324890775,0.8463411329031534,0.0008108874600885104,-0.010000000000000009,0.00026343889354967713,-0.01,8.986371968206416e-08,1.8085878291874042,3.5912471789407117,0,2.8489539686639387,4.6535336997734026e-08,1.9569937577970349,4.147452531837761,0,,0,1
S2_N100,5500169,2.5109063213846228,1.8163343619717245,3.4710847775435107,2.5145345348325913e-08,-1.6258967281150465,0.30884928250367644,8.442034446424658e-07,100,0.0012212582213168733,0.0007291322460128681,True,0.21067253132691743,0.2675931832847369,True,0.8161272221859416,0.9723520054494064,0.028050060360681417,0.09999999999999998,0.032624666507825126,0.1,2.5145345348325913e-08,1.8163343619717245,3.4710847775435107,0,2.893269492589393,2.740370176666612e-09,2.0385142917745815,4.106426131288632,0,,0,1
S2_N100,5500170,2.7028166465364856,1.9732155549134631,3.7021894575096783,5.869965712206425e-10,-1.7050593975007708,0.32382284651672577,8.405022377571796e-07,100,0.0027225588143376805,0.00045098459019543514,True,0.0047154875063003966,0.002225782064856039,True,0.3054100109068728,0.1752284251820928,0.003159180082729062,0.040000000000000036,0.0007010457179223901,0.04,5.869965712206425e-10,1.9732155549134631,3.7021894575096783,0,2.7963206723199625,1.4251896268405956e-09,2.0043454083889487,3.9012284358358404,0,,0,1
S2_N100,5500171,2.1496634625446,1.6046680182384498,2.8797564042387243,2.8974599919754153e-07,-0.8387137039191837,0.3362418358312841,0.014308592959399171,100,3.2471388376313944e-06,4.903211204688641e-07,True,0.062392054913073106,0.03601274289873877,True,0.38469265952920517,0.29437534763126016,0.0008023488645280476,-0.020000000000000018,0.0003662222726521399,-0.02,2.8974599919754153e-07,1.6046680182384498,2.8797564042387243,0,2.2773501033562606,5.25895014615129e-07,1.6511402578228032,3.1410556848123052,0,,0,1
S2_N100,5500172,2.580763054671648,1.8449229662652034,3.6100899962457977,3.091019873358078e-08,-2.0798622432859397,0.31632679771637445,2.455131179712817e-09,100,2.819343738874622e-06,2.279777026934745e-06,True,0.0001793561001599068,0.0007773472832041465,True,0.8608884338236775,0.7342025087895658,0.0003284815024622802,0.0,7.159753111724698e-05,0.0,3.091019873358078e-08,1.8449229662652034,3.6100899962457977,0,2.735263860150373,4.7598462711979614e-08,1.906040822490115,3.9252403707022494,0,,0,1
S2_N100,5500173,2.1536696464292433,,,,-1.4799999999999995,0.3384939971184346,3.091411646196524e-05,100,0.00037929420697219325,0.0006581111787108008,True,0.030390996877846497,0.00781645935351532,True,0.28975757631936805,0.35704220767250416,0.0012956529260968585,-0.030000000000000027,0.0006568092743074176,-0.03,0.001015736563938396,1.3739694242325131,3.3758341809837358,1,2.347589117977083,0.000686644099363029,1.4482094825644738,3.8055093086984133,1,0.0,0,1
S2_N100,5500174,2.9251268250813274,2.095290222099103,4.0836189910906135,2.878206783785828e-10,-1.938571842410196,0.28932017496869283,1.3683410048251432e-09,100,9.887044502582946e-06,3.16910963663066e-05,True,0.06022238598283548,0.042856162389918497,True,0.6651759559302424,0.6032373376747933,0.0005459455718221039,-0.010000000000000009,0.0006844905960408066,-0.01,2.878206783785828e-10,2.095290222099103,4.0836189910906135,0,3.4432674211200487,4.166003247654202e-11,2.384857954468116,4.9714032280765,0,,0,1
S2_N100,5500175,2.570292928442977,1.8926346483459207,3.490586914795036,1.4888833326594542e-09,-1.6999999999999993,0.32971111173913054,1.3319398616737581e-06,100,0.0019400915129133682,0.00022198365590711704,True,0.09922159611116776,0.08917705011295897,True,0.18863778257236208,0.1410371053380671,0.001063342241814002,0.030000000000000027,0.0012665234824340232,0.03,1.4888833326594542e-09,1.8926346483459207,3.490586914795036,0,2.6359902550703915,3.6928685382500254e-09,1.9100539067860716,3.6378264509391687,0,,0,1
S2_N100,5500176,1.9368056855848141,1.4372254468718277,2.610040249341756,1.4057862837219363e-05,-1.1056625130939157,0.30512540364184815,0.0004647129328846185,100,0.0013433130891736232,0.0009199151611389701,True,0.19231725294946012,0.215006087041703,True,0.07189195771061216,0.06835340822137677,0.004854572723366618,-0.050000000000000044,0.006324639560517969,-0.05,1.4057862837219363e-05,1.4372254468718277,2.610040249341756,0,2.022552854643565,1.669620556337909e-05,1.4676819847039149,2.7871978347217237,0,,0,1
S2_N100,5500177,2.4582802176447043,1.8037807459085744,3.3502639620533983,1.236727000846225e-08,-1.8895074775672962,0.342610945319942,2.8881602372605657e-07,100,0.005967063776757796,0.0017413905221674887,True,0.08757047096117071,0.1233547684460458,True,0.6946787846681657,0.5563199556859986,0.0007051111783337306,0.019999999999999907,0.0003662222726521399,0.02,1.236727000846225e-08,1.8037807459085744,3.3502639620533983,0,2.7319014822947136,1.7099340495814633e-09,1.9698739410265642,3.788712340178832,0,,0,1
S2_N100,5500178,1.8212217224755356,1.3078168061458728,2.536172151045747,0.00038772870462830134,-1.548661892197512,0.2985886951544929,1.171660202311096e-06,100,0.0002929904279789412,2.3319175543028218e-05,True,0.0391264596221486,0.02140582510674568,True,0.6584848221585284,0.5279213732453871,0.004488046063397664,0.050000000000000044,0.009452438340492697,0.05,0.00038772870462830134,1.3078168061458728,2.536172151045747,0,2.038145391789971,8.264830706377167e-05,1.4297889555220789,2.9053495077235874,0,,0,1
S2_N100,5500179,2.516287809997891,1.758563024029491,3.6004989620649503,4.4653444525977483e-07,-1.2940459103500785,0.2943617218450865,2.822041145027567e-05,100,1.902040090994495e-07,3.1152879143350368e-09,True,0.059868364154340305,0.045788687491083724,True,0.0013992954873350831,0.011208274167798621,0.00033430783926018554,0.010000000000000009,0.000196908553041359,0.01,4.4653444525977483e-07,1.758563024029491,3.6004989620649503,0,3.063166845601063,3.6723114819462004e-10,2.1584029595033614,4.347191557849118,0,,0,1
S2_N100,5500180,2.297237550919486,1.644848142988369,3.2083815079529048,1.0623539578535512e-06,-0.9248575417940301,0.3186360890790566,0.00458165067894225,100,0.0011872694164114844,0.00014631340059351945,True,0.005056624318709159,0.006320684191911144,True,0.3061870309242605,0.6058154671386107,0.003858326466014061,-0.039999999999999925,0.0037840618870307492,-0.04,1.0623539578535512e-06,1.644848142988369,3.2083815079529048,0,2.4756046306291486,3.3389822488013405e-07,1.7477640923634037,3.5065477737931414,0,,0,1
S2_N100,5500181,3.039318586180641,2.2144235482844024,4.171495320061829,5.949572166179214e-12,-1.4348085106382984,0.365846809067295,0.0001639792033219111,100,0.0013096770714087996,0.00041893676147243075,True,0.087489177444488,0.14313973956772574,True,0.9503464296798483,0.9613626135726056,0.0006303539893111904,-0.010000000000000009,0.0006844905960408066,-0.01,5.949572166179214e-12,2.2144235482844024,4.171495320061829,0,3.508311645775705,1.2631478461383013e-13,2.5172015400111416,4.889656393516649,0,,0,1
S2_N100,5500182,2.2097738699494194,1.558629285086714,3.1329454688383853,8.516862258756487e-06,-1.53104483297147,0.3230943483309595,7.363828370315141e-06,100,0.04998245521553625,0.014907770616611995,True,7.528689702308725e-05,6.229823257611501e-06,True,0.4056436914607817,0.44247323612540324,0.11294430904252842,-0.16000000000000003,0.13333555395793456,-0.16,8.516862258756487e-06,1.558629285086714,3.1329454688383853,0,2.337226977651547,2.5485385710541757e-05,1.5742401363594902,3.470010590439393,0,,0,1
S2_N100,5500183,2.4726910855560256,1.804722182066073,3.387890538137348,1.7536349901755426e-08,-1.7030284157259623,0.3392753122943923,2.348884904172266e-06,100,0.00021028422420554647,9.081005612807024e-05,True,0.5081715508026805,0.45355385049063823,True,0.06185765247833622,0.04423178011089858,0.0006586822205410711,0.0,0.00024798975325449675,0.0,1.7536349901755426e-08,1.804722182066073,3.387890538137348,0,2.666541365893706,4.998021932451578e-08,1.874152182489095,3.793951698510824,0,,0,1
S2_N100,5500184,4.318908307838374,2.8659404984214927,6.508498338255465,2.7113291551263083e-12,-1.239242087612661,0.2960809183180598,6.258989148318867e-05,100,0.003129796075534353,0.0019815629433658955,True,0.014596069434833105,0.005545548177147585,True,0.2930588753115503,0.32180567775493296,0.0032686964577692632,0.06000000000000005,0.003692702294121217,0.06,2.7113291551263083e-12,2.8659404984214927,6.508498338255465,0,5.013163473165844,4.418022210480371e-13,3.2406875468836636,7.755085192601081,0,,0,1
S2_N100,5500185,1.7654110544040507,1.2984421601921698,2.4003196188197964,0.0002877091456264517,-1.675124897522127,0.38741952371884497,3.719295147622848e-05,100,2.6170049001212863e-06,2.693575867805465e-06,True,0.17230661627730226,0.214812598651002,True,0.7061626272552346,0.5487629058418783,0.0013803285864589006,0.020000000000000018,0.004469173518011981,0.02,0.0002877091456264517,1.2984421601921698,2.4003196188197964,0,1.7975001186332475,0.0005976511170203844,1.2860564570479234,2.5123365765008088,0,,0,1
S2_N100,5500186,2.4945730854006842,1.7800445342521438,3.4959208933612076,1.1029932936044341e-07,-1.8373496759933705,0.36103705022321514,1.7611696637956762e-06,100,0.04137392378388774,0.0939399846809016,True,0.15318949030218806,0.17093491556889706,True,0.04452390598375381,0.058781982371886976,0.0005014809910885619,0.0,0.001045539042346221,0.0,1.1029932936044341e-07,1.7800445342521438,3.4959208933612076,0,2.736101658615329,6.124176936375946e-08,1.9007099171836581,3.9386611384498753,0,,0,1
S2_N100,5500187,2.136784930699279,,,,-0.8698246405413028,0.35629040057659855,0.016445587058147467,100,0.0033017355327544244,0.0011823825024008462,True,0.006589541824775702,0.009221906743330427,True,0.6868146306240458,0.7315788186117987,0.002721659203598837,-0.040000000000000036,0.002056235912685473,-0.04,0.0003837118858869866,1.4184356289269313,3.218933412944273,1,2.3051145454689506,0.0011021127782185538,1.4080374576241061,3.773729909642111,1,0.0,0,1
S2_N100,5500188,2.7446388199495537,1.9958352828987396,3.7743807399943017,5.25079444735528e-10,-0.7677858495944692,0.33449431801576496,0.02386632524404148,100,7.041521775442061e-05,2.04499550560089e-05,True,0.00438804466732251,0.0029366444846324106,True,0.6023223180062964,0.5281292855898787,0.0016139406033471757,0.039999999999999925,0.0011384769640687454,0.04,5.25079444735528e-10,1.9958352828987396,3.7743807399943017,0,2.9238927231129925,4.005433071393611e-09,2.0452602284875248,4.179980883212709,0,,0,1
S2_N100,5500189,2.127306929055895,1.5433334847147862,2.93224686383678,4.021430897079255e-06,-1.7664923926452458,0.36388072046248376,4.615582333453763e-06,100,0.0009193513385742235,0.0005149921592581614,True,0.002252801412562581,0.00039037705197940707,True,0.4050417393453105,0.8490846792290387,0.011828302961694404,-0.07000000000000006,0.009533589408970344,-0.07,4.021430897079255e-06,1.5433334847147862,2.93224686383678,0,2.264186661702675,1.0592553456761001e-05,1.5739354408820803,3.257148359375679,0,,0,1
S2_N100,5500190,2.4474187377645227,1.7290604979696107,3.464227240744104,4.4459472105833676e-07,-1.9608259150946425,0.32856042427504767,3.927993559241489e-08,100,0.0004321538114518988,0.0016624909685346181,True,0.06687739960213443,0.13756785903795157,True,0.7664890588060613,0.7551714435010304,0.0023994841835592714,-0.039999999999999925,0.002056235912685473,-0.04,4.4459472105833676e-07,1.7290604979696107,3.464227240744104,0,2.620402570192055,4.4925095111514257e-07,1.8025686918556505,3.8092915187606042,0,,0,1
S2_N100,5500191,2.647785597703939,1.9140448257067495,3.662802708301109,4.074180935718298e-09,-1.4740396167403078,0.34632793261048206,4.802782495128843e-05,100,0.0006912859666195704,0.00018147515512024085,True,0.0003330290967708709,4.355404071011418e-05,True,0.9507905959959818,0.9613260243932088,0.010249379694446255,-0.07999999999999996,0.012339546245651405,-0.08,4.074180935718298e-09,1.9140448257067495,3.662802708301109,0,2.8963926906753716,3.942217946338978e-09,2.032733248124253,4.127000247739799,0,,0,1
S2_N100,5500192,2.7054102499221577,2.04680746902357,3.5759321436693408,2.703950715918223e-12,-1.5647582010493322,0.35077926935032344,2.1993777997471772e-05,100,1.3690317989977353e-05,1.4188315725502095e-05,True,0.043758959541091956,0.046856091239175966,True,0.8831102025086317,0.8218321491756666,0.002722432249749652,-0.050000000000000044,0.002759886080977471,-0.05,2.703950715918223e-12,2.04680746902357,3.5759321436693408,0,3.0588446198041757,1.4431899763660153e-12,2.244590055291228,4.168480737072041,0,,0,1
S2_N100,5500193,2.1150795776664917,1.5241049272985687,2.935205798324609,7.446735501196278e-06,-1.931049153502424,0.35688240551351874,4.5229421662900564e-07,100,0.019366002441716018,0.01030779125102166,True,0.006023367387702908,0.001135894640612323,True,0.19766009724836364,0.10004692876302532,0.020138664784601062,-0.09999999999999998,0.009903478234002474,-0.1,7.446735501196278e-06,1.5241049272985687,2.935205798324609,0,2.155231759655282,1.006177839862919e-05,1.5327567033546432,3.030503097889278,0,,0,1
S2_N100,5500194,3.1212720181317484,2.2718291339482426,4.288323829284157,2.1706967250651956e-12,-1.2386341238657168,0.34454950246049065,0.0005122610268346228,100,0.0004419910449850748,0.0005023899809742614,True,0.10468270128632273,0.073074627542535,True,0.7840432240374622,0.9696166598343623,0.0006040521447204528,0.010000000000000009,0.0003442474922855943,0.01,2.1706967250651956e-12,2.2718291339482426,4.288323829284157,0,3.5227029249967146,1.6519502812449975e-12,2.483581551104978,4.996588854615741,0,,0,1
S2_N100,5500195,2.532667971639498,1.8131258479241879,3.5377616296807295,5.050723664783522e-08,-1.339999999999999,0.3119171927255793,4.132629048329879e-05,100,0.0003895792272735146,0.00012083021720410336,True,0.06819601076321335,0.03691324037823346,True,0.3352397073372819,0.26758833525673764,0.002025868802392684,0.039999999999999925,0.002434299697067961,0.04,5.050723664783522e-08,1.8131258479241879,3.5377616296807295,0,2.7945897406703772,8.122648667458182e-09,1.970624848144945,3.96307385751877,0,,0,1
S2_N100,5500196,2.170805948483839,1.6158206322937563,2.916411866385987,2.6715725032828535e-07,-1.235531156222419,0.3494141726517679,0.0006247220037020186,100,4.678258676989329e-06,1.3885901331957644e-06,True,0.028105518687558638,0.016632939054606784,True,0.155265353752257,0.3453986152187687,0.0014726949185125363,0.030000000000000027,0.001817351925169469,0.03,2.6715725032828535e-07,1.6158206322937563,2.916411866385987,0,2.380349962203642,5.9355036766532944e-08,1.7396405708749176,3.2570325373092697,0,,0,1
S2_N100,5500197,2.2559230953607092,1.6455006430253118,3.092790655386914,4.3311007519418776e-07,-0.6857215277878344,0.3448115327412693,0.04955336149148942,100,0.04562126046339148,0.034026541045367516,True,0.0001982998533963107,0.0002652164628667378,True,0.8208345368638081,0.6827083226232249,0.05478748732629205,-0.13,0.05231868733399284,-0.13,4.3311007519418776e-07,1.6455006430253118,3.092790655386914,0,2.3130247816216025,2.8319317738439723e-07,1.6794165031182517,3.1856800445046893,0,,0,1
S2_N100,5500198,3.2699650207952264,2.29807199869206,4.652887830890427,4.589180260876588e-11,-1.8983483766671154,0.32721174476721304,8.2389032024056e-08,100,0.0010634757784165074,0.0021023489148984534,True,0.017189823740372683,0.009257503413470543,True,0.33999951091571345,0.2345782130673767,0.0008967857490134428,-0.030000000000000027,0.0012665234824340232,-0.03,4.589180260876588e-11,2.29807199869206,4.652887830890427,0,4.227585358198922,3.099334953055208e-15,2.954620762635147,6.048992204643524,0,,0,1
S2_N100,5500199,2.4692716997135906,1.8067009837595873,3.3748267044823814,1.4218124922051221e-08,-1.4531435039343235,0.33351386599271404,3.276718042143551e-05,100,0.024022874492232872,0.007764923314401862,True,0.0050861895004603455,0.011316006087645738,True,0.7423014039237767,0.5891785011567039,0.000738693049741428,-0.010000000000000009,0.0005536828842662267,-0.01,1.4218124922051221e-08,1.8067009837595873,3.3748267044823814,0,2.6011516402619295,2.4763673161265843e-08,1.8586892817104992,3.640194153059718,0,,0,1
S2_N100,5500200,2.876398323359587,2.0501840103111446,4.035573037841709,9.623223775028866e-10,-1.2744925004071836,0.34888553514184595,0.00042034304607572396,100,0.0012642597492818503,0.0033844554303638966,True,0.004333053398263857,0.005960703983130178,True,0.3134867532557618,0.26254416401372893,0.013655652860510693,0.09000000000000008,0.017525078743950616,0.09,9.623223775028866e-10,2.0501840103111446,4.035573037841709,0,3.336506382416639,1.9247731068166717e-12,2.385623131181244,4.666401282919658,0,,0,1
S2_N100,5500201,3.035634825532741,2.2316768785167285,4.12921730860605,1.5072155395591419e-12,-0.21376856055957738,0.3011771936885351,0.4795453835607602,100,3.180288052967432e-05,4.2885530805235114e-05,True,0.0020795912390786106,0.0009533256079461555,True,0.6830155512538869,0.6179828120833013,0.011336408864536246,-0.07999999999999996,0.008688223222513593,-0.08,1.5072155395591419e-12,2.2316768785167285,4.12921730860605,0,3.2559540353945238,2.2397959911494396e-12,2.341601372981844,4.527344749162855,0,,0,1
S2_N100,5500202,2.8985665370638753,2.0472734164733333,4.103842653444575,1.9878733256113083e-09,-1.7948052129848684,0.3328183969609482,4.888401482573434e-07,100,0.0014165639092757472,0.00743115778804084,True,0.014378919396080114,0.010183131070830478,True,0.24585634244474686,0.21142288299634282,0.004789613109980125,-0.05999999999999994,0.0031123090009573516,-0.06,1.9878733256113083e-09,2.0472734164733333,4.103842653444575,0,3.1528161285080447,1.0564127797252977e-09,2.180122673424218,4.559490922851495,0,,0,1
S2_N100,5500203,2.8352715105713453,2.040754952978252,3.9391130850501406,5.237964887617862e-10,-0.9696263467563226,0.3588846263065896,0.008141775057306417,100,2.2373204607843378e-05,3.1921808705483416e-06,True,0.04425685333432884,0.06069412876795756,True,0.1128064908667245,0.20621946562992466,0.010290064458859478,0.07999999999999996,0.011069046452352998,0.08,5.237964887617862e-10,2.040754952978252,3.9391130850501406,0,3.4248459662778905,6.732132963471345e-13,2.447901843819336,4.791683098873315,0,,0,1
S2_N100,5500204,3.411926034386621,2.382192876759044,4.8867744411875815,2.1483993274417996e-11,-0.9429864203335432,0.3118439508544358,0.003193076528328138,100,0.003911615638720349,0.004329808090314003,True,0.18733511097934885,0.19515522466712232,True,0.9388608692310086,0.9613725320141093,0.0057432573963490195,0.04999999999999993,0.00862108014375106,0.05,2.1483993274417996e-11,2.382192876759044,4.8867744411875815,0,3.5718069808820787,2.2543027406069893e-11,2.4596489112031543,5.186839898397281,0,,0,1
S2_N100,5500205,2.761162005843652,1.8881112823803277,4.037905865857122,1.6276663570780034e-07,-1.6857017927415832,0.3295155911341479,1.576436787631819e-06,100,0.00029456221481335363,0.0004133241674235732,True,0.01281584042284612,0.007293445880460967,True,0.6291500968836621,0.5286753206640162,0.002595204435444647,0.030000000000000027,0.0005074715033109183,0.03,1.6276663570780034e-07,1.8881112823803277,4.037905865857122,0,2.795274541422148,1.2811050897211908e-07,1.9087862562977833,4.0934702542744175,0,,0,1
S2_N100,5500206,2.5757875420969922,1.871323967822614,3.54544780920103,6.475212982415465e-09,-1.3425993301372545,0.34875193919193176,0.00021199325585888508,100,0.0017275870997037232,0.008268068427748139,True,0.08378243643429048,0.08927248935227378,True,0.40502110885749054,0.3326136681539327,0.0053548211414396725,0.040000000000000036,0.005444760598187564,0.04,6.475212982415465e-09,1.871323967822614,3.54544780920103,0,3.017483457603483,3.436979785662994e-10,2.137439600044715,4.25986606438853,0,,0,1
S2_N100,5500207,2.3590002392228175,1.7507174976451765,3.1786294111633784,1.6939378542387954e-08,-1.4246552084058175,0.34902112733351826,9.181878868104034e-05,100,0.00010763116146851971,7.2841111347065655e-06,True,0.022528717287705342,0.03920794241969355,True,0.3363374177084518,0.1922550950318903,0.004260001456282699,0.050000000000000044,0.0012378385718783238,0.05,1.6939378542387954e-08,1.7507174976451765,3.1786294111633784,0,3.0717398599900103,1.1416048174099162e-12,2.254619235586456,4.185001892347081,0,,0,1
S2_N100,5500208,3.4075670699626937,2.3836025973625548,4.8714132754940875,1.7730334990753797e-11,-1.4051578106981282,0.348914085200624,0.00011210772037310895,100,4.704785259008133e-05,2.3072084647660618e-05,True,0.015792228723115413,0.02245865093396528,True,0.21377823472007962,0.27680401782595787,0.0012946059667106092,-0.020000000000000018,0.0009326302855561507,-0.02,1.7730334990753797e-11,2.3836025973625548,4.8714132754940875,0,3.741723382993232,2.118206103201646e-11,2.5431424860345286,5.505194440233277,0,,0,1
S2_N100,5500209,2.2913465280391025,1.6844709336922101,3.116865246257903,1.2806447010120118e-07,-1.146685074238082,0.30271637481396846,0.00026345804295092114,100,0.0002002453837267122,8.620478023184443e-05,True,0.004405061695916836,0.00204346288904643,True,0.9403318484962834,0.9118560515647688,0.0010540972539115241,0.010000000000000009,0.0005536828842662267,0.01,1.2806447010120118e-07,1.6844709336922101,3.116865246257903,0,2.297329242542485,1.4223152470086222e-06,1.638305515249214,3.2214514322977155,0,,0,1
S2_N100,5500210,2.586463589042613,1.7995151317007676,3.717553567399291,2.834235202322291e-07,-1.205697569214069,0.33388754898921424,0.00048496058562722016,100,0.0006343505691394076,0.00020341997595929302,True,0.02446393403273866,0.026523419892848545,True,0.46216352436082564,0.24298941340973135,0.017733644462346466,0.09999999999999998,0.022403999281442665,0.1,2.834235202322291e-07,1.7995151317007676,3.717553567399291,0,2.804836066728824,9.19450309215728e-09,1.9728688001242696,3.987647511444896,0,,0,1
S2_N100,5500211,3.2220473540338763,2.0833238216646555,4.983185544022349,1.4485584560354973e-07,-1.33255856448489,0.3309462090156641,0.00011240205962853079,100,0.0009188682496876203,0.0001936206240923555,True,0.00012970127031968664,0.00034694695632630997,True,0.188740554888447,0.12530531001158773,0.0014378713205396353,-0.020000000000000018,0.0013522337758173286,-0.02,1.4485584560354973e-07,2.0833238216646555,4.983185544022349,0,3.3528754053443297,9.388089175600036e-08,2.150332423348839,5.22792353484371,0,,0,1
S2_N100,5500212,2.6558974782473195,1.8494447441438435,3.8140049532682068,1.2227438020637482e-07,-1.2280128532388375,0.339228136968681,0.00047046014214663454,100,0.0007849647953503105,0.0001741482268514686,True,0.010377738085452283,0.014277814031041985,True,0.3834466524676806,0.558771968627852,0.38362456939504264,-0.23000000000000004,0.3686013147282086,-0.23,1.2227438020637482e-07,1.8494447441438435,3.8140049532682068,0,2.936698987434387,3.580825272195853e-09,2.053539402295711,4.1996763895335585,0,,0,1
S2_N100,5500213,2.292566893393023,1.6129677307460029,3.258504718039761,3.7462664494035525e-06,-1.473674166651914,0.3790271971018636,0.00018503647021829173,100,0.014730943904800425,0.01735866036722276,True,0.031905558688442505,0.04139234198329171,True,0.9424595733798582,0.8274259883670814,0.0007736601088543805,-0.020000000000000018,0.0007583120208675366,-0.02,3.7462664494035525e-06,1.6129677307460029,3.258504718039761,0,2.4476286823327293,7.673077110338293e-07,1.7164002632349071,3.4903782613542633,0,,0,1
S2_N100,5500214,3.1819840248881386,2.231514045073551,4.53728819542769,1.6184187858489232e-10,-1.7420968373428427,0.37213461695970207,9.25678503185002e-06,100,0.0017698477681497443,0.004624754064469841,True,0.01878375244834771,0.057383433642576406,True,0.6145360835188918,0.9145697422150434,0.0009608461973276972,0.019999999999999907,0.00020086758622411604,0.02,1.6184187858489232e-10,2.231514045073551,4.53728819542769,0,3.2737093709659066,4.3299551165711233e-10,2.255850320650564,4.750835171749902,0,,0,1
S2_N100,5500215,3.330510493063679,2.2788495664862705,4.867499947137954,5.152235315409593e-10,-1.6465174228796053,0.3499002360739879,8.40240163107309e-06,100,8.321962603467048e-05,0.00011619958791570093,True,0.00043477544562126497,0.0002735609389373648,True,0.011709354813084676,0.02084501729164623,0.0014227975870081118,0.020000000000000018,0.0007583120208675348,0.02,5.152235315409593e-10,2.2788495664862705,4.867499947137954,0,3.5252823923118988,6.170737663593644e-11,2.4165434661596117,5.14272394416905,0,,0,1
S2_N100,5500216,2.8422708346140326,2.0244339072576545,3.9904999952509583,1.6004067464605004e-09,-1.1951729657269756,0.35849480263915995,0.0012138965641650342,100,9.842556260435659e-08,3.8281943862953075e-09,True,0.1007535703144012,0.09448047666780242,True,0.35140749598380006,0.31953371670278985,0.006524336350432688,-0.06999999999999995,0.006606840468801946,-0.07,1.6004067464605004e-09,2.0244339072576545,3.9904999952509583,0,2.9971081347170636,2.8589536209982407e-10,2.130808738899729,4.215609316407023,0,,0,1
S2_N100,5500217,3.3392911339465785,2.5040030143649963,4.453215596500404,2.22163709216474e-16,-1.3320836422957125,0.3127102255554496,4.73802278069825e-05,100,0.00011664815516637814,7.453074462992007e-05,True,0.06396274821008224,0.027279474388927586,True,0.09746435593635758,0.14383549835828108,0.00025673309035668436,0.0,0.0007409807452360707,0.0,2.22163709216474e-16,2.5040030143649963,4.453215596500404,0,3.876623655932619,2.9997566229162345e-18,2.857981175857174,5.258330984363142,0,,0,1
S2_N100,5500218,2.6775836837266795,1.9483741687746425,3.6797112681227433,1.2635115596525523e-09,-1.4936263567557604,0.3294706423878561,1.6584996762187748e-05,100,7.15613745232066e-05,2.9838151326032445e-05,True,0.015599650100444633,0.014636061563405436,True,0.9010315845693799,0.7316726522568509,0.004305091322033705,0.04999999999999993,0.003249990107817147,0.05,1.2635115596525523e-09,1.9483741687746425,3.6797112681227433,0,3.1883851676181085,2.9531064882535063e-12,2.3023337990929376,4.415432714879237,0,,0,1
S2_N100,5500219,1.970371266510638,1.452797302127449,2.672336273068154,1.2877537209476804e-05,-1.0366591343646783,0.2864525717479691,0.0004721673644135107,100,0.0001629886958483895,0.0001833691245200673,True,0.6428778528409457,0.8331441170178239,False,0.6075635308161039,0.46278727505344375,0.0016222658656703398,-0.030000000000000027,0.0008322810625426249,-0.03,1.2877537209476804e-05,1.452797302127449,2.672336273068154,0,2.02374168301872,0.00017361366550452826,1.4141689352344875,2.896068706889216,1,0.0,0,1
S2_N100,5500220,2.895392531466383,2.0894479876057495,4.012207033149238,1.6881222482516682e-10,-1.5413178763201856,0.3146009626671567,3.848544869670244e-06,100,0.0002452006188528832,0.0001337301494515889,True,0.12006266623950539,0.1788746993776562,True,0.9801137773007463,0.6085100256764284,0.003419994988692629,-0.040000000000000036,0.00284853670169893,-0.04,1.6881222482516682e-10,2.0894479876057495,4.012207033149238,0,3.0777973675385626,3.083982355193777e-10,2.1687681329989794,4.3678420442890955,0,,0,1
S2_N100,5500221,3.534514733020939,2.5937851120322417,4.816433844110518,1.2792374230729472e-15,-0.7245366798999034,0.34257271896950636,0.036993867140151314,100,0.006413049526774093,0.004599670221975054,True,0.019125250664897096,0.006711649502184682,True,0.09140873976799914,0.1550444897550382,0.0018520178362061567,0.030000000000000027,0.0024880397386023738,0.03,1.2792374230729472e-15,2.5937851120322417,4.816433844110518,0,4.375400005755212,1.2245750768402218e-18,3.1510093298881188,6.075553324700073,0,,0,1
S2_N100,5500222,2.038014886136411,1.4969579801260018,2.7746301040220245,6.104781325277191e-06,-0.9437901562039492,0.35763994643245917,0.009690116097414872,100,4.1105839796257596e-07,1.3646106305512195e-07,True,0.2312653799193224,0.3546200386183679,True,0.49358331504692277,0.4779207734805828,0.003913155570050315,-0.050000000000000044,0.003249990107817147,-0.05,6.104781325277191e-06,1.4969579801260018,2.7746301040220245,0,2.223679603036717,2.529696275823316e-06,1.5940955556755256,3.101916293133449,0,,0,1
S2_N100,5500223,2.996761779600501,2.1195050321794713,4.237112451882076,5.270102237981016e-10,-1.292356237098201,0.31099665434118207,6.996354068932909e-05,100,0.00022167719511553214,0.00023240713632954836,True,0.07978264873208066,0.11824107754688552,True,0.21435523628525643,0.43518187869484226,0.03173112956822135,0.10999999999999999,0.033311901865832945,0.11,5.270102237981016e-10,2.1195050321794713,4.237112451882076,0,3.345788203911335,2.753969658227291e-11,2.3449031539876906,4.773885303704532,0,,0,1
S2_N100,5500224,2.8411636207760367,2.0758818816731495,3.888569379253429,6.961606271979617e-11,-1.825979341068193,0.3468955982462055,8.463398934038381e-07,100,2.9854649418825882e-06,1.0556759565463601e-06,True,0.046009055574020054,0.03650857449149491,True,0.6983058702250914,0.5378084336676314,0.003561814746524554,-0.04999999999999993,0.0007346319119985798,-0.05,6.961606271979617e-11,2.0758818816731495,3.888569379253429,0,3.010490446878167,3.7132480653243725e-11,2.1718176107072176,4.173026632652393,0,,0,1
S2_N100,5500225,2.2537730877801416,1.647492722717753,3.083165747052741,3.7205717367619066e-07,-0.7436074055287858,0.2950031120393185,0.013344156607387645,100,2.9659553112156044e-05,4.246570680015525e-06,True,0.1856217357490021,0.20003512384778677,True,0.49350699287713007,0.917210915838455,0.0005731923109752584,0.0,0.0008849419835679408,0.0,3.7205717367619066e-07,1.647492722717753,3.083165747052741,0,2.2797627356722607,4.3932636995933915e-07,1.6558389995483573,3.1387822924677327,0,,0,1
S2_N100,5500226,2.9492613002223727,2.13951581750407,4.065472265185912,3.9946782030271054e-11,-1.2609874660439413,0.3421718167734539,0.0003763658717946661,100,2.595872515631105e-07,4.065446412175632e-08,True,0.11245573960456491,0.05700285239071606,True,0.3631865868252032,0.2589961064311551,0.05210519023568391,-0.12,0.0474713950538829,-0.12,3.9946782030271054e-11,2.13951581750407,4.065472265185912,0,3.2020061179306936,2.4937695139614162e-11,2.2750351320107747,4.506674659658413,0,,0,1
S2_N100,5500227,3.1917392053275857,2.24772291393641,4.532230859801331,8.754256738198097e-11,-1.1137124777536083,0.34182040079054676,0.0015462424621439687,100,0.0001710014112311511,0.0006843626015347165,True,0.05161873385664257,0.03034854052640276,True,0.04483495645622221,0.07877082953617158,0.000882951332932177,0.020000000000000018,0.0021667585973345446,0.02,8.754256738198097e-11,2.24772291393641,4.532230859801331,0,3.3057870752379364,3.562787797012908e-11,2.320399167289354,4.709632868717298,0,,0,1
S2_N100,5500228,2.223217011065036,1.5974445600315663,3.094125456342148,2.165560779434747e-06,-1.2632946706666928,0.3427105112339733,0.00037515102440938836,100,0.0010827781158871607,0.000455300728014134,True,0.033590221823702936,0.03280727336286279,True,0.9322036003898271,0.9558498720711086,0.017549106489204595,-0.09000000000000008,0.01591420427654483,-0.09,2.165560779434747e-06,1.5974445600315663,3.094125456342148,0,2.4271422412707806,1.2469831809496576e-06,1.6959322259021712,3.4736172645266823,0,,0,1
S2_N100,5500229,2.4749781760122778,1.7715048494992527,3.4578042354603484,1.0871944360572116e-07,-1.8254365131149703,0.34720622202578494,8.690922418369704e-07,100,1.4926442939177979e-05,2.443798062592389e-05,True,0.007518340960791187,0.012802879829196468,True,0.4976202537302432,0.4083449437978387,0.0007943580578990846,0.0,0.000613104509899044,0.0,1.0871944360572116e-07,1.7715048494992527,3.4578042354603484,0,2.7062882368292063,2.180964695131977e-08,1.9096981127638564,3.835159060926287,0,,0,1
S2_N100,5500230,3.375143464985173,2.409763266776231,4.727266601781898,1.4772828790987809e-12,-1.56898335820039,0.3629911007528494,3.7395095160758414e-05,100,0.000128748203090328,1.2301297739747092e-05,True,0.4205685418974686,0.40303137780864495,True,0.9491896756358188,0.9475176984708539,0.0017059605514977518,-0.029999999999999916,0.0006568092743074176,-0.03,1.4772828790987809e-12,2.409763266776231,4.727266601781898,0,3.7649418073984897,2.219189520841126e-13,2.641855601857823,5.365466153081537,0,,0,1
S2_N100,5500231,2.8305472946302697,2.0401352854770307,3.9271895565814643,4.733428597912948e-10,-1.9000000000000012,0.3497228780060427,4.115618781700014e-07,100,0.0014404932250958694,0.010618715108051338,True,0.0007005053404688881,0.0006236259763900094,True,0.19324590364576588,0.21114775141174047,0.00084316835806658,0.010000000000000009,0.001882139237311611,0.01,4.733428597912948e-10,2.0401352854770307,3.9271895565814643,0,3.0465052848500287,3.8487508556083543e-10,2.149452238423722,4.3179347206269725,0,,0,1
S2_N100,5500232,2.758418992612462,1.9643093841736097,3.8735625864793315,4.70120809577378e-09,-1.301079954273418,0.2956221448376582,2.7678650409658845e-05,100,1.7053106125573974e-06,6.732668303940659e-08,True,0.03289231653097138,0.012225819815639744,True,0.014233001589009983,0.022827792236611726,0.005953519498724295,0.07000000000000006,0.007531471292339249,0.07,4.70120809577378e-09,1.9643093841736097,3.8735625864793315,0,3.0257535544438707,9.703636671993744e-09,2.0726697897441033,4.417097512363529,0,,0,1
S2_N100,5500233,3.7414888687242795,2.644949196461166,5.292630563005683,8.887187724506468e-14,-1.3497940994697988,0.35400786365128506,0.0002414063490417916,100,0.01637105041839724,0.019410498336691236,True,0.4585401431452254,0.3234264468524881,True,0.6339753144930709,0.5258060955117101,0.03655096946071249,-0.10999999999999999,0.04545029168506313,-0.11,8.887187724506468e-14,2.644949196461166,5.292630563005683,0,4.341286504516772,1.927669521553487e-15,3.0223270039614505,6.235846911865081,0,,0,1
S2_N100,5500234,3.053193623035716,2.1308779343839355,4.374718583981711,1.1813275369041588e-09,-1.1806620345069865,0.3595653946531112,0.0014262180368089562,100,1.446606298173217e-06,2.2027750407489135e-07,True,0.0016937605589750955,0.003526083530111924,True,0.8120383654892249,0.9613624968395825,0.03640478510389329,-0.09999999999999998,0.016680055478641157,-0.1,1.1813275369041588e-09,2.1308779343839355,4.374718583981711,0,3.5102573848035004,1.5630498933131588e-09,2.335130457218529,5.276753112219968,0,,0,1
S2_N100,5500235,2.1371797588750425,1.546251071190374,2.953942866619253,4.23996954261768e-06,-1.8113740755157655,0.30459454600725555,4.316957672379163e-08,100,0.0012895693621151703,0.0006989655051577273,True,0.0027841968489999147,0.0011652418285281129,True,0.860893716724217,0.5817326714489768,0.00017611515020946882,0.0,7.159753111724698e-05,0.0,4.23996954261768e-06,1.546251071190374,2.953942866619253,0,2.3385590905772657,6.278049440532867e-07,1.6742263159981632,3.2664990197941486,0,,0,1
S2_N100,5500236,2.6724196305304635,1.872002173335667,3.8150739263933446,6.225329761367773e-08,-1.045785067949977,0.31190636483211276,0.0011416188930237709,100,0.003274266530391104,0.001092586258028666,True,0.007471137847597698,0.0025053709707812065,True,0.9876979709965172,0.781869120758443,0.0016849030297629826,0.020000000000000018,0.0009326302855561491,0.02,6.225329761367773e-08,1.872002173335667,3.8150739263933446,0,2.9297632591447886,5.944399568433468e-09,2.039739911803687,4.208140805091432,0,,0,1
S2_N100,5500237,2.214024803772978,1.594670444460155,3.073930321309379,2.061485412461562e-06,-1.7090800642349167,0.3475035074700318,3.5630327812298443e-06,100,5.569396286141475e-05,1.5124635466712286e-05,True,0.16210228585737307,0.17492687063801404,True,0.34642619345557313,0.3775490802540252,0.003419994988692629,-0.040000000000000036,0.0032986308057856664,-0.04,2.061485412461562e-06,1.594670444460155,3.073930321309379,0,2.596538392395741,5.615403534102814e-07,1.7868360105632493,3.773156340776808,0,,0,1
S2_N100,5500238,3.4674014394881887,2.5850735807279275,4.6508822155767255,1.0494235377326097e-16,-1.1866643681557738,0.3547861209151656,0.0011720841533515323,100,5.706711279401057e-05,7.52073041044423e-05,True,0.006491867479489565,0.0021535126726333308,True,0.6343388742216327,0.537581904109484,0.0017626020322042224,0.020000000000000018,0.0021667585973345446,0.02,1.0494235377326097e-16,2.5850735807279275,4.6508822155767255,0,3.9230491213205614,2.0981888654106512e-16,2.83150848332663,5.435376407635742,0,,0,1
S2_N100,5500239,2.992834718888702,2.104637325289532,4.255868480025843,1.044246304677922e-09,-1.4861021824776426,0.3321068705896394,2.0835820950586522e-05,100,0.012284230368520065,0.00781497136825961,True,0.07907449437535355,0.09659763526793426,True,0.3667220799508013,0.2533614096602742,0.001133534781746783,0.020000000000000018,0.0018701602225529605,0.02,1.044246304677922e-09,2.104637325289532,4.255868480025843,0,3.214626571525398,5.992777450274681e-10,2.2211193642049025,4.65252978335829,0,,0,1
S2_N100,5500240,2.5854770236350877,1.8709965021840211,3.572797400712341,8.601154303326017e-09,-1.1940468912346227,0.33042733497928195,0.0004807689370797262,100,0.009135295429405346,0.011231148670277061,True,0.02582534200583453,0.0069143221027778805,True,0.14155256897686982,0.16317053377527457,0.0035476431030885738,0.040000000000000036,0.0017144240573671004,0.04,8.601154303326017e-09,1.8709965021840211,3.572797400712341,0,2.7173275921238313,1.073287945296583e-08,1.9290768078588196,3.827669905540584,0,,0,1
S2_N100,5500241,2.4146808290705137,1.728133517010313,3.373977443807583,2.403727172337551e-07,-1.5458954230363142,0.3562906699786991,3.5122580142043475e-05,100,0.0008284263811457579,0.00033266060006538066,True,0.000702706965441435,0.0010021287353249436,True,0.44640737058997004,0.4912392864122661,0.0020364538210771495,-0.06000000000000005,0.0005378951159832174,-0.06,2.403727172337551e-07,1.728133517010313,3.373977443807583,0,2.607183989369239,2.1770382706307532e-07,1.8147299144518032,3.7456859559603797,0,,0,1
S2_N100,5500242,2.7518378709312183,2.004108237965245,3.7785442544658525,3.916214541957021e-10,-1.6199999999999992,0.30912964529406667,9.33724731633551e-07,100,9.220185201463123e-05,8.195600494511692e-06,True,0.07256694043768686,0.01446741949975558,True,0.15376782626368754,0.147601415100517,0.004527308276187221,-0.06000000000000005,0.002584986065727564,-0.06,3.916214541957021e-10,2.004108237965245,3.7785442544658525,0,3.207869387623747,4.380775605304095e-10,2.2243904846399407,4.626177858209662,0,,0,1
S2_N100,5500243,2.1952752515090785,1.5924174568352543,3.026363099200079,1.5848244412446666e-06,-1.4760793378316386,0.3112140851368292,7.238734681732268e-06,100,0.008922229981739619,0.009609422239026517,True,0.14209246765766728,0.1943133552724936,True,0.7563915401659365,0.7601347251213935,0.0032094251851468264,0.050000000000000044,0.0015526725964046973,0.05,1.5848244412446666e-06,1.5924174568352543,3.026363099200079,0,2.40865060088239,1.397926111646809e-07,1.7364714463147146,3.3410268446646416,0,,0,1
S2_N100,5500244,2.3565067089882197,1.7136830083516736,3.240461533692761,1.3328428993980898e-07,-1.4363043752540918,0.3395871581547308,5.308251989860487e-05,100,0.0015975486309328098,0.016870219924938323,True,0.17426406105725867,0.159627071987969,True,0.41696563823050725,0.3346966322822499,0.0012971344158013134,0.020000000000000018,0.0009326302855561491,0.02,1.3328428993980898e-07,1.7136830083516736,3.240461533692761,0,2.4654243768777357,1.7408200449435683e-07,1.7574796799573882,3.458542040298496,0,,0,1
S2_N100,5500245,2.1021606624990805,1.5087165847024828,2.929032195818283,1.133583439256399e-05,-0.8679024452776977,0.34420052558196784,0.013314838310712993,100,9.305107719518265e-07,2.2055741176741957e-08,True,0.00517169042766968,0.012879414750543732,True,0.8041517604832806,0.8167950574076089,0.011126423428961273,0.06999999999999995,0.002863566530019317,0.07,1.133583439256399e-05,1.5087165847024828,2.929032195818283,0,2.0603384866832557,2.6310213518803702e-05,1.470788080793158,2.8862041616621155,0,,0,1
S2_N100,5500246,2.690305462570993,1.961770694359733,3.6893932113210215,8.148974557598544e-10,-1.3482214621633164,0.31790494338146597,5.08599058943573e-05,100,0.0067391039383028215,0.001756730128610508,True,0.00624098233649906,0.011806640687231477,True,0.9440263057665811,0.7817983399917088,0.004176725545321224,-0.06000000000000005,0.004324993265698792,-0.06,8.148974557598544e-10,1.961770694359733,3.6893932113210215,0,2.9354080227910893,8.018542048484415e-10,2.082062205785548,4.138502796084952,0,,0,1
S2_N100,5500247,2.3486826242239234,1.7112792212706855,3.223500876283251,1.252234092752275e-07,-1.1755417404107855,0.3529912543824971,0.001228191788168446,100,4.528953573852174e-05,1.5206192306232461e-05,True,0.07015826280431785,0.05524135138060463,True,0.7382163215894758,0.5606457096195798,0.0038871035843579117,-0.06000000000000005,0.006516984457485697,-0.06,1.252234092752275e-07,1.7112792212706855,3.223500876283251,0,2.5118928667248763,2.956858927874602e-07,1.7662939726480555,3.57222855969092,0,,0,1
S2_N100,5500248,2.662013059266461,1.885466328113688,3.7583877378466233,2.640913478585056e-08,-1.3478594417077185,0.3829396002676154,0.0006595876114695252,100,7.61968006579701e-05,0.002573241878579566,True,0.003094309858117941,0.0012488552669352572,True,0.7009816164271764,0.5032469979788468,0.17818589343383298,0.17999999999999994,0.14933709119807428,0.18,2.640913478585056e-08,1.885466328113688,3.7583877378466233,0,3.0711654781058026,1.3890203945709545e-09,2.1360520680138677,4.41564956919749,0,,0,1
S2_N100,5500249,2.7882848466317776,1.9334297633084996,4.021109291631342,4.0355727983089987e-08,-1.6451120090873532,0.34814212907224684,7.765941330543464e-06,100,0.0015709652971537724,0.0013995521403887187,True,0.6002170837379353,0.6987715932486176,True,0.13243859253458354,0.0605440202865664,0.003981198796766516,0.05999999999999994,0.003692702294121217,0.06,4.0355727983089987e-08,1.9334297633084996,4.021109291631342,0,2.954305813637622,2.996272683688208e-08,2.014027851239173,4.333566109884237,0,,0,1
S2_N100,5500250,2.162901469485541,1.6191135983830482,2.889323375070538,1.7742515437950477e-07,-1.5908404384896475,0.30442638711436487,9.939649603154843e-07,100,1.2741253229518531e-05,1.601158328903193e-06,True,0.0006581364445402222,0.0005254506336743079,True,0.261331816823984,0.25093419985652654,0.009032913267708671,0.06999999999999995,0.008508093630497846,0.07,1.7742515437950477e-07,1.6191135983830482,2.889323375070538,0,2.4631820718461457,1.2989732300837772e-08,1.805312647102936,3.3607840330596903,0,,0,1
S2_N100,5500251,3.66898811637971,2.4633903570136404,5.4646125246892785,1.601115585986566e-10,-1.197812584657059,0.3922462242738273,0.0029174727541931033,100,0.0010434331844358696,0.0003153483336957835,True,0.00026517845050697263,0.0001472814239140375,True,0.21683707674320574,0.4083356390164159,0.0035046533787038083,-0.039999999999999925,0.0037840618870307492,-0.04,1.601115585986566e-10,2.4633903570136404,5.4646125246892785,0,4.047996900472818,6.40388089389799e-10,2.598130925323685,6.3069488710219925,0,,0,1
S2_N100,5500252,2.483815291927955,1.872114716025783,3.29538481355017,2.844510228755024e-10,-1.6400000000000001,0.3250037960876556,2.1051848297826954e-06,100,3.976286095859882e-06,1.1682895742795789e-06,True,0.04504234974236753,0.028954192018934507,True,0.17643895003356158,0.14512581338637778,0.016616372170576692,-0.08999999999999997,0.011388114749943837,-0.09,2.844510228755024e-10,1.872114716025783,3.29538481355017,0,3.0965194869076282,1.3418552957137615e-12,2.265556528755731,4.23226382175719,0,,0,1
S2_N100,5500253,3.7091495120398887,2.5879103960344216,5.316177145757233,9.51021369862012e-13,-1.4930649838589065,0.3007163083437003,2.9407962850901292e-06,100,0.016946280130159707,0.00902944792077171,True,0.11969204469589398,0.06878021515235704,True,0.2834727213160626,0.3996557438870064,0.002321517853853591,0.030000000000000027,0.0028684449701893836,0.03,9.51021369862012e-13,2.5879103960344216,5.316177145757233,0,4.0141849433034364,3.210296529508589e-11,2.6628010028047124,6.051402542687782,0,,0,1
S2_N100,5500254,3.04198482048368,2.250132602645481,4.11250058648703,4.77333241096611e-13,-1.3939165882721851,0.3369617155179833,7.501317640981787e-05,100,0.0005351091544199318,0.0001681238680580813,True,0.030774983969870485,0.03541637200017173,True,0.8754080068305373,0.4883854171185499,0.005189468410707041,-0.06000000000000005,0.0031123090009573516,-0.06,4.77333241096611e-13,2.250132602645481,4.11250058648703,0,3.7297983194274944,1.341183584154587e-12,2.592078501357001,5.366888192746202,0,,0,1
S2_N100,5500255,2.2846317411256662,1.6258642505995846,3.210318567884149,1.9318509768801034e-06,-1.464809169656136,0.36300009690189966,0.00010886723146790548,100,0.007763897104254664,0.011480242594005268,True,0.04154153172502569,0.03812141750911653,True,0.44264822604179244,0.3739535634366369,0.011719475158027006,-0.07999999999999996,0.009850482882971747,-0.08,1.9318509768801034e-06,1.6258642505995846,3.210318567884149,0,2.5260504773482273,1.091798181679733e-07,1.7943954849626091,3.556033810597874,0,,0,1
S2_N100,5500256,2.3442417053369513,,,,-1.4985440746304066,0.33280569269080224,1.8689876971349537e-05,100,0.0054193971007352165,0.002394431394336734,True,0.07625563882871786,0.0808441002567135,True,0.8868726849337956,0.9200680376596433,0.010804656876853122,0.06999999999999995,0.0041745860708339065,0.07,5.580718264871978e-05,1.569318395598658,3.5018191263505236,1,2.652794893059813,2.553764380159789e-06,1.8002202947122101,3.9091442115806365,1,0.0,0,1
S2_N100,5500257,2.568076841916766,1.90291373384058,3.465747578939751,6.979429390079924e-10,-0.859999999999998,0.3591259237421662,0.01855495347752243,100,2.1421011828414588e-05,5.8191597137531844e-05,True,0.21827595713246917,0.14026561861316364,True,0.13924902827534125,0.24173094560820974,0.0014164034419868361,0.030000000000000027,0.00019926774154521487,0.03,6.979429390079924e-10,1.90291373384058,3.465747578939751,0,3.016910271124769,1.1126662279772565e-11,2.193599691360429,4.149229059370169,0,,0,1
S2_N100,5500258,2.44970286865485,1.7340445743528523,3.4607208104413347,3.7245856259657485e-07,-1.2894500215557063,0.31274424734262396,7.891034886023146e-05,100,0.0018476339257900139,0.0017063742922828438,True,0.0012132206211604068,0.0009376546887457364,True,0.6691845803941225,0.6207940381498687,0.00018001084312007395,-0.009999999999999898,6.880739795269412e-05,-0.01,3.7245856259657485e-07,1.7340445743528523,3.4607208104413347,0,2.664229165162634,1.4930667048732317e-07,1.8484071589094306,3.8401263543531767,0,,0,1
S2_N100,5500259,3.5039258625966196,2.4311390651119456,5.050100435125923,1.7752344810814278e-11,-1.519999999999999,0.36091023121992843,5.6781348607163783e-05,100,0.09359508592489836,0.03271266621322358,True,0.006009364881411472,0.008825421149671648,True,0.4587721946626614,0.37336360750666897,0.007233346537214672,0.07000000000000006,0.005737246717089491,0.07,1.7752344810814278e-11,2.4311390651119456,5.050100435125923,0,3.7719808642709594,8.060135990763811e-13,2.622668181809932,5.4249484319467,0,,0,1
S2_N100,5500260,2.5668668533095755,1.8110061877338566,3.6382015076735263,1.1768583833338548e-07,-0.7454591811228298,0.27818634381169055,0.008657829235982982,100,0.3656274743022342,0.44289337574999876,True,0.13306050075862014,0.09118655574146396,True,0.9344327997001111,0.8300016173824567,0.011188688612420207,0.08999999999999997,0.006291268101550735,0.09,1.1768583833338548e-07,1.8110061877338566,3.6382015076735263,0,2.728780922786167,3.0225531612106786e-08,1.9130810419521815,3.8922790834638605,0,,0,1
S2_N100,5500261,2.3216156234796985,1.6596134243733602,3.2476834810010997,8.751506148821648e-07,-1.4050967833356938,0.3024171675754018,1.0642136886531806e-05,100,0.00015433042759087443,2.2897571347183707e-05,True,0.10303024596476366,0.10227422818229367,True,0.2615316977471227,0.2770439945394385,0.0006019482794682534,0.010000000000000009,0.0011915325554775293,0.01,8.751506148821648e-07,1.6596134243733602,3.2476834810010997,0,2.449235621410854,6.464668167837206e-07,1.7211640170603815,3.4852896468479706,0,,0,1
S2_N100,5500262,2.4757101568105613,1.740668238865037,3.5211424231715402,4.5609923998193454e-07,-1.1119354838709665,0.32450089920939945,0.0008978869645509904,100,0.016452933045126437,0.01625908388299034,True,0.011414197126194573,0.011243154909683846,True,0.36710093308162794,0.46128697571362587,0.010460841375688317,-0.07999999999999996,0.009850482882971747,-0.08,4.5609923998193454e-07,1.740668238865037,3.5211424231715402,0,2.574722786746659,2.12186855224823e-07,1.8012390395371307,3.680354069105678,0,,0,1
S2_N100,5500263,3.38762618007449,2.339272277833914,4.905803930850013,1.0594468366562035e-10,-1.0193382797471833,0.3578435676613698,0.005362596853137842,100,0.0005258885796298261,0.0004269123059810788,True,0.2841198744944936,0.20013133324066024,True,0.05542488733683204,0.05927895787190661,0.0037282360846362032,0.039999999999999925,0.006712550559013189,0.04,1.0594468366562035e-10,2.339272277833914,4.905803930850013,0,4.092309675394723,2.310962686093284e-11,2.7073446718788694,6.185765208722765,0,,0,1
S2_N100,5500264,4.019734083238452,2.8339633490711216,5.701648225353733,6.145362844725013e-15,-1.6546429268812224,0.3520311322731534,8.585354673310144e-06,100,0.001267503066557773,0.000795534289250123,True,0.022047763808384892,0.015785899488048732,True,0.8007650539359301,1.0,0.000191199468312772,0.0,0.0005006636919721179,0.0,6.145362844725013e-15,2.8339633490711216,5.701648225353733,0,4.221080631251186,6.0838658343747614e-15,2.9397679226971594,6.060859960393338,0,,0,1
S2_N100,5500265,2.369207065976029,1.6848975388481917,3.3314441929257774,7.053734212756913e-07,-1.3914476534296016,0.36357528564513697,0.0002296086330820693,100,0.00010944160324500183,7.255256859477594e-05,True,0.28468150606954334,0.4145120945588072,True,0.6791736504399829,0.7607387864873292,0.0018861832748555325,0.04999999999999993,0.0019110659101270976,0.05,7.053734212756913e-07,1.6848975388481917,3.3314441929257774,0,2.4317833645358857,5.944023713235196e-07,1.715670322368964,3.446798755525555,0,,0,1
S2_N100,5500266,2.9601579957573514,2.1200639230357923,4.133146771960916,1.8626630054476676e-10,-1.3245314955203307,0.3518757160501207,0.00028629279494035297,100,0.0017855382519266676,0.0006412374273588066,True,0.007175994329105615,0.0030175394432778425,True,0.869286752776987,1.0,0.05085473511480384,0.13,0.03252650520040848,0.13,1.8626630054476676e-10,2.1200639230357923,4.133146771960916,0,3.1431131126483747,1.8554159475601417e-10,2.210026711725154,4.470154132748219,0,,0,1
S2_N100,5500267,1.6696514267908693,1.2309099964412251,2.2647763809251815,0.0009820451912245032,-1.1514380232244117,0.2992332708950981,0.0002133207572924594,100,0.005030147936867275,0.0030180651143417,True,0.02182064020626877,0.010903195385101013,True,0.8819614875239886,0.7793712982161564,0.000351776725212962,-0.010000000000000009,0.00026343889354967713,-0.01,0.0009820451912245032,1.2309099964412251,2.2647763809251815,0,1.8622027197896132,4.8654338139257546e-05,1.3795443045120197,2.5137278724937233,0,,0,1
S2_N100,5500268,3.316702638091877,2.3349694190871118,4.711203624168413,2.14914242666523e-11,-1.0321048138663094,0.3502543649206517,0.004022004834063547,100,0.012325175143194249,0.011560821297483363,True,0.016935546972052008,0.01987749449221017,True,0.5959913264336305,0.4955503772156904,0.00020529773825014343,0.0,0.00010183727369989881,0.0,2.14914242666523e-11,2.3349694190871118,4.711203624168413,0,3.6362373877017697,1.2216638351868216e-12,2.5465173826665266,5.192276490912797,0,,0,1
S2_N100,5500269,2.527251410474716,1.733863233694136,3.6836813698035584,1.4153831838181717e-06,-1.7652257141079102,0.3410863842983499,1.2285778338498677e-06,100,7.493345116290067e-05,3.427028332918644e-05,True,0.002132830646343445,0.002461075537300161,True,0.44504618236918025,0.7216685359626616,0.004637916096953505,0.05999999999999994,0.002584986065727564,0.06,1.4153831838181717e-06,1.733863233694136,3.6836813698035584,0,2.6543571384078857,3.0975638917097775e-07,1.8263471117690535,3.857761634036978,0,,0,1
S2_N100,5500270,2.5113550342271433,1.7959998649302842,3.511639522413234,7.316809015264966e-08,-0.8586611586127397,0.30973931347093675,0.006676182094460695,100,7.374610651392812e-06,8.067642272960877e-06,True,0.12077079289497546,0.21347313200810014,True,0.5035269975320906,0.5351161398892099,0.001208107481101685,-0.020000000000000018,0.0021667585973345446,-0.02,7.316809015264966e-08,1.7959998649302842,3.511639522413234,0,2.669955951070471,1.9716692766460038e-05,1.7289640204773187,4.123084515482629,1,0.0,0,1
S2_N100,5500271,2.8512626864659336,2.068923376752303,3.929434506170328,1.5260687048092337e-10,-2.1400000000000006,0.3462354407053477,1.5036261854031048e-08,100,0.04097710259489329,0.030426413924265337,True,0.04015550218524521,0.039460073908006675,True,0.5307523161348839,0.7766654319345293,0.0003176602215382564,0.0,0.0012232259286138393,0.0,1.5260687048092337e-10,2.068923376752303,3.929434506170328,0,2.9879570012823167,1.5357035324721346e-10,2.137146173176028,4.177480770182518,0,,0,1
S2_N100,5500272,2.5506510731780714,1.8514440617389547,3.5139170723818163,1.0151453057447756e-08,-1.3556107964011992,0.36311648102406086,0.00031882286852809614,100,4.200512511041209e-07,2.631704806751484e-07,True,0.18906593373834002,0.21726585929091569,True,0.29140759874841826,0.4891494688737271,0.023664096742263982,0.09999999999999998,0.018539765615259943,0.1,1.0151453057447756e-08,1.8514440617389547,3.5139170723818163,0,2.7097262923132504,2.50672732811616e-08,1.9083799468888538,3.847565360988022,0,,0,1
S2_N100,5500273,4.042471581496801,,,,-1.428383880932321,0.33689271923146413,5.1066666396563625e-05,100,5.757984911092116e-05,1.9777330045105717e-05,True,0.0030018791696417705,0.0019725871709545127,True,0.34076597740404824,0.4261127281128745,0.01725759878710877,0.08999999999999997,0.010000984601126492,0.09,3.223586418605695e-10,2.7194326105900752,6.009186042548551,1,4.169185363693181,1.2434488979934057e-08,2.64220152743288,6.57864527605569,1,0.0,0,1
S2_N100,5500274,3.1140720412261884,2.2928232156353783,4.229477707577782,3.535098216777127e-13,-1.4964475119235583,0.3260360172516413,1.329525432529862e-05,100,0.0021016862525365756,0.0010351991601719567,True,0.29513733087950533,0.2674187506448641,True,0.6958621641664388,0.6598291767220735,0.014116548546047677,0.08999999999999997,0.020868277713655018,0.09,3.535098216777127e-13,2.2928232156353783,4.229477707577782,0,3.1708179042823,4.1171379091582385e-13,2.3212163241847428,4.331386987659753,0,,0,1
S2_N100,5500275,2.163207753578827,1.617078935866702,2.8937782079484657,2.0209036322995695e-07,-1.5465205360533885,0.38587359830660367,0.00012029177462111903,100,0.00022079803943638184,2.778460229839605e-05,True,0.06067691719543207,0.14398877622554587,True,0.17454026938754097,0.28459791302839,0.004935622604465767,-0.05999999999999994,0.0050076780645391585,-0.06,2.0209036322995695e-07,1.617078935866702,2.8937782079484657,0,2.272965963966371,5.207103726772142e-07,1.6494035139499612,3.1322682591946442,0,,0,1
S2_N100,5500276,2.8380968007982266,2.0573982449382995,3.915038554406217,2.0777415789035078e-10,-1.2480859095346561,0.32024150029963594,0.0001790157547879427,100,0.00112000966315377,0.0005385124496070417,True,0.016092012608489737,0.007398463483164557,True,0.3339371598955371,0.2049586602725172,0.006153378528831077,-0.050000000000000044,0.005630479757164879,-0.05,2.0777415789035078e-10,2.0573982449382995,3.915038554406217,0,3.243343228881568,9.42505964692034e-12,2.3122459746057342,4.549375549080836,0,,0,1
S2_N100,5500277,2.475432896704699,1.7746122768247476,3.4530179386857505,9.416910024340726e-08,-1.6214300678952478,0.2916289475241897,2.377540551027481e-07,100,0.0017306227908268856,0.0019717591812050037,True,0.03818675291298041,0.03766471536899779,True,0.3002994775392478,0.4694320745982613,0.20190067932161712,-0.19,0.18687029555946963,-0.19,9.416910024340726e-08,1.7746122768247476,3.4530179386857505,0,2.7609447924807835,1.7991282494048265e-08,1.938744904837482,3.931830396101415,0,,0,1
S2_N100,5500278,2.5393090794906303,1.8928974446641915,3.40646590197467,5.064879889359771e-10,-1.5229533376761393,0.35004461639779816,3.356811382008604e-05,100,0.004058753570272174,0.002762577102985017,True,0.011412458589860116,0.007208870054144018,True,0.35160409575203866,0.42800960069631233,0.0007541933240149389,0.0,0.00024798975325449675,0.0,5.064879889359771e-10,1.8928974446641915,3.40646590197467,0,2.90931428376187,3.017722034578048e-10,2.0866709279852973,4.056274273142355,0,,0,1
S2_N100,5500279,2.7924647569886316,1.9941483356108485,3.9103707982861433,2.2631642876147525e-09,-1.2665315727546074,0.30366917509984076,6.611579473103398e-05,100,0.0029726345074751227,0.0005773759192279899,True,0.004265952265955494,0.0009709771887230437,True,0.7876041125631593,0.9806640628514475,0.0027198405996870043,0.050000000000000044,0.0023134631302174345,0.05,2.2631642876147525e-09,1.9941483356108485,3.9103707982861433,0,2.927652032805645,3.343740586491286e-09,2.0507073853070135,4.1796047971553145,0,,0,1
S2_N100,5500280,2.804352776521032,1.9026444928630042,4.133401970090206,1.8895471361159694e-07,-1.686952743452043,0.31755077552488253,6.886871141365419e-07,100,0.0009390750381413329,0.0003652950817797554,True,0.16135893476602348,0.08274758838077077,True,0.9197500079754231,0.9862043969911967,0.0011819462494402125,-0.020000000000000018,0.0006065469451128544,-0.02,1.8895471361159694e-07,1.9026444928630042,4.133401970090206,0,2.7907416050418057,9.757469479849396e-07,1.8505739121230262,4.2085531710411095,0,,0,1
S2_N100,5500281,3.029922490061196,2.1841114143142506,4.203279299586937,3.1869592257770035e-11,-1.0000000000000018,0.3254391225693699,0.002753176452469742,100,9.543178347055559e-05,0.00249039269420853,True,0.011941716067175003,0.006426052604043886,True,0.08455716024412882,0.06732197909913516,0.004538451827911211,0.06000000000000005,0.010052557024168804,0.06,3.1869592257770035e-11,2.1841114143142506,4.203279299586937,0,3.269733890589673,9.084380986680562e-11,2.285209478745323,4.678415617784232,0,,0,1
S2_N100,5500282,2.812863289725219,1.894680443288748,4.17600757674468,2.9026085808251625e-07,-1.3555426047824686,0.31693224224321226,4.439307196590598e-05,100,3.030821185119888e-06,3.0434001397166847e-05,True,0.09163640379178889,0.21230749241567737,True,0.72068785296583,0.8898284720410294,0.002857747388922257,-0.04999999999999993,0.003249990107817153,-0.05,2.9026085808251625e-07,1.894680443288748,4.17600757674468,0,3.0233624231875695,2.3378695548890818e-07,1.987666110586666,4.598720224316094,0,,0,1
S2_N100,5500283,2.8363641191300775,2.0749606044870617,3.87716345018381,6.280979688415406e-11,-1.3136845791324387,0.3509068311050601,0.000307494496335935,100,0.0002443693579451727,0.00017274579665366066,True,0.00026535163339837074,0.00012115010970690429,True,0.9819343194617274,0.5938591986120382,0.0023906823687731434,0.040000000000000036,0.0017144240573671004,0.04,6.280979688415406e-11,2.0749606044870617,3.87716345018381,0,3.2606082108644747,1.2256355373751733e-11,2.31660446264584,4.589288364149272,0,,0,1
S2_N100,5500284,2.4521929515049674,1.723280171133103,3.489421147030764,6.234512784092276e-07,-1.1739664487674253,0.36834991105206505,0.001934229949320122,100,0.00010997712106185436,1.1442255372285277e-05,True,0.05113497584396788,0.02221476012460246,True,0.11411792875783952,0.18025378739195297,0.0008578483408461913,-0.030000000000000027,0.0008322810625426249,-0.03,6.234512784092276e-07,1.723280171133103,3.489421147030764,0,2.572391979109252,1.1266114672051678e-06,1.7584526236703741,3.763081475788467,0,,0,1
S2_N100,5500285,2.808969101475491,1.9454144601226429,4.055849061873739,3.5757055908521936e-08,-0.9985515985176803,0.3468765772755889,0.004912837222962395,100,0.0016449729015928093,0.0004537490004409438,True,0.40591256495195627,0.35627206344579543,True,0.6612127472777392,0.7925002200671291,0.00017866500943000587,0.0,0.0001405310804329361,0.0,3.5757055908521936e-08,1.9454144601226429,4.055849061873739,0,3.285772506859925,1.8991184246883885e-09,2.2286752782959094,4.844268284382652,0,,0,1
S2_N100,5500286,3.4149232362699626,2.456009334231338,4.748231428552898,2.8176953218253007e-13,-0.7955936364065517,0.362505036198775,0.03057074087109368,100,3.644324166964565e-05,3.49835266981479e-05,True,0.03276869183931714,0.034862449213487856,True,0.43929176220221167,0.34397547640978865,0.013630023980389316,-0.09000000000000008,0.00868490521324729,-0.09,2.8176953218253007e-13,2.456009334231338,4.748231428552898,0,3.522641616758269,3.4769884479174676e-11,2.427036099042483,5.112822164043183,0,,0,1
S2_N100,5500287,2.4160716253521746,1.8035258270663543,3.2366612172818816,3.358567864802967e-09,-0.6101886634595266,0.36441405231370794,0.09726603827044089,100,0.0024459868687704426,0.0028726255501663922,True,0.4879590074418301,0.3744454076462873,True,0.03770830554103932,0.13900827404040247,0.0007815567041405891,-0.020000000000000018,0.0006065469451128544,-0.02,3.358567864802967e-09,1.8035258270663543,3.2366612172818816,0,2.535782070256417,1.0043417924699191e-08,1.8445229516406663,3.4860995912869464,0,,0,1
S2_N100,5500288,2.326322799745177,1.6107510593818326,3.3597853231840493,6.740895500898862e-06,-0.5299726387216808,0.361445673686081,0.14581241651489557,100,0.0003994441696711913,0.00029344814849704964,True,0.00019418019945695552,0.0003766393527858961,True,0.9824874109313161,0.8002440398432327,0.018246984157900836,0.09999999999999998,0.020450044495365083,0.1,6.740895500898862e-06,1.6107510593818326,3.3597853231840493,0,2.2795687124360144,2.9273685298803523e-05,1.5488895052345166,3.3549413932728522,0,,0,1
S2_N100,5500289,2.385430501864293,1.6768271195698916,3.393479633537951,1.3365894117745422e-06,-0.9999999999999993,0.3154085041643505,0.002037095309197109,100,1.0924797168703114e-05,1.5341856268199114e-06,True,0.03284911194528904,0.058502733731445586,True,0.9579891964090402,0.8980827479769162,0.0004308450227071664,-0.010000000000000009,0.00010108082607661683,-0.01,1.3365894117745422e-06,1.6768271195698916,3.393479633537951,0,2.551183014673625,1.3798015506414943e-07,1.8005727339668762,3.614702506363144,0,,0,1
S2_N100,5500290,2.685656475577526,1.9603339643300128,3.6793479254319887,7.715128975272782e-10,-1.415890901533195,0.3449167129390908,8.432403899833099e-05,100,0.00012215614656869425,1.9093609271063317e-05,True,0.0032173856267064603,0.005372848582160153,True,0.8192008414288555,0.8543297507322825,0.0008010328974620984,-0.020000000000000018,0.0006065469451128545,-0.02,7.715128975272782e-10,1.9603339643300128,3.6793479254319887,0,3.1873755238876833,2.114581994664671e-11,2.2704734059220573,4.474557025763746,0,,0,1
S2_N100,5500291,2.5697182177450864,1.8072707464711057,3.6538253781316095,1.476591286994746e-07,-1.4739029500881853,0.36263739707671255,9.788656833086265e-05,100,0.00025483813088768867,2.7003788415882997e-05,True,0.0002820391066718166,0.0005668400166581934,True,0.27133887200942475,0.2595276757890387,0.046267229756674945,-0.13,0.042427538167603494,-0.13,1.476591286994746e-07,1.8072707464711057,3.6538253781316095,0,2.8086420847260123,1.09695614450804e-08,1.9709905274680808,4.002287301820547,0,,0,1
S2_N100,5500292,2.935842444156977,2.1876095570837713,3.9399950640202626,7.214070022999092e-13,-1.7571787090394524,0.34002230053388505,1.2676718307277928e-06,100,0.00014671770004615165,9.959115933437987e-05,True,0.014160346622450522,0.017175625777836705,True,0.7124418138759164,0.9585859241389169,0.0012983994442648686,-0.030000000000000027,0.001817351925169469,-0.03,7.214070022999092e-13,2.1876095570837713,3.9399950640202626,0,3.519714624434977,1.4998377392840093e-11,2.4421469152126365,5.072746017158759,0,,0,1
S2_N100,5500293,2.1856055359770328,1.5768516365124239,3.0293728644367723,2.6764900650370246e-06,-1.1833490290695412,0.35546329821930694,0.0012329301449469892,100,0.0023123378150506713,0.0008285864751284097,True,0.6553186194185678,0.599791278292086,True,0.8815013371680586,0.8246927889073327,0.0005381110033634716,-0.010000000000000009,0.0003442474922855943,-0.01,2.6764900650370246e-06,1.5768516365124239,3.0293728644367723,0,2.1557182173621556,4.7521693831629814e-06,1.5512882068930702,2.995652910927721,0,,0,1
S2_N100,5500294,2.8426916667088262,2.0841884243290623,3.8772386496567326,4.1817723142300806e-11,-1.4076876832023295,0.3154130283664278,2.1807986642350007e-05,100,0.003537191591134465,0.0047730379165912525,True,0.016414341944642332,0.07295451627800176,True,0.3347175765275665,0.6132334669924222,0.0007541933240149389,0.0,0.0004029097983974472,0.0,4.1817723142300806e-11,2.0841884243290623,3.8772386496567326,0,3.140939634535439,1.638399441545088e-11,2.251184726263445,4.382359951495649,0,,0,1
S2_N100,5500295,2.9914111524124527,2.1451768636726976,4.171469884052848,1.0570404155068544e-10,-1.5282515136042027,0.35021070905561896,3.1935257522226435e-05,100,0.013233879551340444,0.01342772098123877,True,0.012122744545058134,0.008320672510938504,True,0.13894912407629129,0.18724797870210463,0.007674216291780412,-0.08000000000000007,0.0024839321271236947,-0.08,1.0570404155068544e-10,2.1451768636726976,4.171469884052848,0,3.698927034864649,1.347523008409598e-13,2.6160362310255545,5.230073286824799,0,,0,1
S2_N100,5500296,2.3260644100845793,,,,-1.159716974355291,0.35676403502775483,0.0015835732990608594,100,7.213670888947348e-06,5.252681243790132e-06,True,0.2219937636863556,0.2050455373222574,True,0.002052409643353901,0.005490894503428263,0.0005434501362598927,-0.010000000000000009,0.0016309336765341189,-0.01,4.224471958024336e-07,1.7075662122758,3.1685890719581797,1,2.9505503512185136,1.5304137759139194e-07,2.018081875158873,4.313872237909245,1,0.0,0,1
S2_N100,5500297,1.9259125479052752,1.374449054346509,2.698637050568981,0.00014019091730294733,-1.886437897327228,0.31447639137451666,3.422314750156024e-08,100,0.0029775685329974347,0.00021755925942729717,True,0.0027884388872816673,0.0011648411974258474,True,0.26307858680481155,0.25059634914867557,0.017193484021212256,-0.08999999999999997,0.019178071300655655,-0.09,0.00014019091730294733,1.374449054346509,2.698637050568981,0,2.0428451666953165,0.00012178856247682794,1.4190311945592273,2.940891215845808,0,,0,1
S2_N100,5500298,3.1360429672976275,2.2284507056117997,4.413274867588721,5.4975648629069016e-11,-1.2144266087060551,0.33162798413369005,0.00040762049820774435,100,0.000225189412497725,0.0004793811738489525,True,0.29051107669522935,0.27063468655006684,True,0.32167647365902297,0.2942468211944451,0.00965217124927032,0.07000000000000006,0.012872075337825304,0.07,5.4975648629069016e-11,2.2284507056117997,4.413274867588721,0,3.6856040143841757,5.592177455456696e-12,2.5430158247226053,5.3415621007102745,0,,0,1
S2_N100,5500299,2.000465836866451,1.4509210902536145,2.7581538316258696,2.3239355574963003e-05,-1.1016561958203612,0.323064809110982,0.0009480223364562692,100,6.889721200965395e-06,4.995621705843793e-06,True,0.039179383246251434,0.014450871421232709,True,0.9819432848929561,0.9283636037078289,0.033900264289103386,0.12000000000000005,0.027858406777678944,0.12,2.3239355574963003e-05,1.4509210902536145,2.7581538316258696,0,2.11835004045402,1.6118428676453347e-05,1.5060794604966568,2.979528644797895,0,,0,1
S2_N100,5500300,2.8416302204303983,2.040628626730696,3.957046472782312,6.334388882785162e-10,-1.7406075576183744,0.35335717546090945,3.4519562907239597e-06,100,0.000957361113498191,0.0020397653594924747,True,0.12227680747354176,0.11743817281842271,True,0.9282854267785425,0.8843323129443269,0.010775790708451999,-0.07999999999999996,0.012339546245651423,-0.08,6.334388882785162e-10,2.040628626730696,3.957046472782312,0,2.9722270474970256,1.1541218601018555e-09,2.092862659069616,4.221076611783072,0,,0,1
S2_N100,5500301,3.0880584893558245,2.1522837835903705,4.43069139227298,9.269637741688767e-10,-1.724950358567046,0.2967420997094042,7.834319657160022e-08,100,0.002007553242462175,0.000457617202141806,True,0.007049061379513224,0.0047679780791246166,True,0.10304958778415123,0.19422791264722172,0.001595330972987899,-0.039999999999999925,0.003298630805785662,-0.04,9.269637741688767e-10,2.1522837835903705,4.43069139227298,0,3.5548017194208734,1.1432023852976438e-11,2.464647214555147,5.12714971529036,0,,0,1
S2_N100,5500302,4.75225736923073,3.3906849738260147,6.660586364625987,1.4425731133512185e-19,-1.5542921873340663,0.282674025377778,3.1016031847092756e-07,100,0.00011689268939540371,0.00034368936644436275,True,0.029204244410719452,0.015319923033606317,True,0.669231690171409,0.4254443511460271,0.0017056951254025498,0.030000000000000027,0.0021376439941600237,0.03,1.4425731133512185e-19,3.3906849738260147,6.660586364625987,0,5.153804120710923,7.1596027097744055e-19,3.5876866092495083,7.403572220097903,0,,0,1
S2_N100,5500303,2.8281426041707514,1.9644837475871808,4.071497460515775,2.2466272920551392e-08,-1.1156507574523529,0.32667794962290536,0.0009322613209167437,100,0.0038296315148873164,0.002077628062574625,True,0.01651207044647209,0.007129476424729152,True,0.05195024165407916,0.08529499262207797,0.014451998746357914,0.08000000000000007,0.0164207406461758,0.08,2.2466272920551392e-08,1.9644837475871808,4.071497460515775,0,3.239036781846077,7.290910737506989e-10,2.2284577173054743,4.7079014300694695,0,,0,1
S2_N100,5500304,2.403609111956008,1.7944111303411128,3.219628247613295,4.090748681575479e-09,-2.026507296733842,0.3168186150533305,5.60829115253198e-09,100,0.004122149994241727,0.004452323385400409,True,0.015343007357314321,0.010933881351644449,True,0.20608587621086438,0.12348883321272548,0.0010325060282177243,0.030000000000000027,0.0012665234824340232,0.03,4.090748681575479e-09,1.7944111303411128,3.219628247613295,0,2.5787647509975256,2.11201807255436e-09,1.8913491334187977,3.5160233102847376,0,,0,1
S2_N100,5500305,2.7184860890556326,1.9769514089359526,3.738163003392467,7.563614797268372e-10,-1.5431103948428693,0.3109254839295039,2.965887714652828e-06,100,0.0036263922783291796,0.0029836619767579825,True,0.003627454607611468,0.011438717005107997,True,0.5230185728533114,0.6880984265640715,0.002250217746087281,-0.050000000000000044,0.000542794393131266,-0.05,7.563614797268372e-10,1.9769514089359526,3.738163003392467,0,3.0974207164269836,2.89644802801205e-11,2.219856492948192,4.321907801260266,0,,0,1
S2_N100,5500306,3.099062333365395,2.1620260745696807,4.442216242926551,7.405383924650134e-10,-0.9325354568704955,0.32723629683093813,0.005344410395249082,100,2.2974377863554252e-05,2.501954577584258e-05,True,0.4619214341154143,0.6021246789419096,True,0.8755341938586275,0.7294209555340139,0.001986640159392848,0.030000000000000027,0.0032786050540857766,0.03,7.405383924650134e-10,2.1620260745696807,4.442216242926551,0,3.315568536991233,3.740695347497716e-10,2.278722118200323,4.824192750701949,0,,0,1
S2_N100,5500307,2.2414719400621754,1.6520965175374458,3.041103473527669,2.1574304108681872e-07,-2.146869037832138,0.34672430314383607,1.429678351858371e-08,100,0.0024677055057027455,0.0011946680735077325,True,0.2686636345139267,0.3767010204610687,True,0.1781019362834797,0.16720025753353307,0.0022519112807631394,-0.030000000000000027,0.0008322810625426249,-0.03,2.1574304108681872e-07,1.6520965175374458,3.041103473527669,0,2.4279564542519987,1.3446216641420382e-07,1.7459761088602181,3.3763191339383254,0,,0,1
S2_N100,5500308,2.644194553013681,1.9208189839277585,3.639991531055265,2.4793341956996357e-09,-1.7335987300036597,0.3171022209034965,3.553569675753366e-07,100,0.0026467638353719685,0.0027762485113701344,True,0.38382048490297227,0.3974151584638097,True,0.9058640210540873,0.8113517185217619,0.004853864703930827,-0.050000000000000044,0.008621080143751052,-0.05,2.4793341956996357e-09,1.9208189839277585,3.639991531055265,0,2.7536492885310304,1.8891961497008262e-09,1.9786848552366998,3.83213344164419,0,,0,1
S2_N100,5500309,2.224855649308985,1.6192956304234534,3.056873968694439,8.078102090725569e-07,-1.7361636494346784,0.32628102368513573,6.637336903124795e-07,100,0.0002249019318969715,0.00015964990444379678,True,0.03442292798766637,0.031100838278587617,True,0.6029523371234708,0.5659619946114036,0.019171440910430736,-0.09000000000000008,0.01591420427654483,-0.09,8.078102090725569e-07,1.6192956304234534,3.056873968694439,0,2.2840854661257013,1.1568687065969758e-06,1.6373252356053947,3.186322609043328,0,,0,1
S2_N100,5500310,3.167556832682095,2.304585360827866,4.353675267930525,1.2046969324646904e-12,-1.214272952028752,0.35113533107610023,0.0008093817181985573,100,0.017700956496617196,0.00206569887593135,True,0.12912929033323975,0.09331854971170367,True,0.5308772441424893,0.8924193714375303,0.005517017249363876,-0.030000000000000027,0.006334952290856704,-0.03,1.2046969324646904e-12,2.304585360827866,4.353675267930525,0,3.475312148219241,1.1098436687738478e-12,2.4659865093705946,4.897753690730006,0,,0,1
S2_N100,5500311,2.1445382266836868,1.5729114535108994,2.9239053447300383,1.4097237823053502e-06,-1.3466373944171106,0.2792522448321214,5.260470548764825e-06,100,6.285687152679242e-05,2.2057483457490647e-05,True,0.00692999545814499,0.012240192942009103,True,0.7651841856622815,0.51249519120303,0.0019230918989958,-0.020000000000000018,0.001130375263271851,-0.02,1.4097237823053502e-06,1.5729114535108994,2.9239053447300383,0,2.2360930214127435,5.079872894025123e-06,1.5824188040242573,3.1597905609406074,0,,0,1
S2_N100,5500312,2.2435688715953623,1.6508825697183886,3.0490365419815,2.43051483643497e-07,-1.017275027105168,0.30929005871428633,0.0014014764108139586,100,0.02722038755275304,0.02477407218496163,True,0.01302960819894418,0.019179667029938643,True,0.8266680997648822,0.742415179082067,0.0015953309729878989,0.039999999999999925,0.0014086709186982203,0.04,2.43051483643497e-07,1.6508825697183886,3.0490365419815,0,2.35048785305042,4.339569559310809e-08,1.7311086159019775,3.19147689323869,0,,0,1
S2_N100,5500313,2.0614054199891276,1.4881588208171352,2.8554696220039517,1.354263832674759e-05,-1.687621901021633,0.3313685606186128,1.7335792057137018e-06,100,0.0015786325762474484,0.0076161726918732705,True,0.10498037245958175,0.17036445175003756,True,0.3116462379208029,0.18374074563957332,0.08288357374236723,-0.14999999999999997,0.07210715147287587,-0.15,1.354263832674759e-05,1.4881588208171352,2.8554696220039517,0,2.3305714121085046,4.614995614506055e-07,1.6772977767394588,3.2382819450795317,0,,0,1
S2_N100,5500314,2.641629319480814,1.934381658760094,3.6074605184240522,9.968119315210692e-10,-1.7446174666450942,0.31900942506163066,3.5252648762401723e-07,100,0.00010756365762283644,0.000293472868378324,True,0.0002767240878653052,0.0011851821138710878,True,0.7012425288342238,0.789666967367344,0.005964508727351198,-0.06000000000000005,0.008204503020966432,-0.06,9.968119315210692e-10,1.934381658760094,3.6074605184240522,0,2.968229587374981,4.3603291794791697e-10,2.1091168443593054,4.177287240833078,0,,0,1
S2_N100,5500315,3.3326999262282313,2.3757011540136537,4.675204530467565,3.163124127188326e-12,-1.4896799304689556,0.3639994711501154,8.828903381638012e-05,100,8.309539367161446e-06,3.234390645061191e-07,True,0.04154921512404755,0.051842280305065845,True,0.9548957448504879,0.8462405390319365,0.0051283094255089165,-0.050000000000000044,0.00945243834049268,-0.05,3.163124127188326e-12,2.3757011540136537,4.675204530467565,0,3.8016161450399966,6.391243818508085e-15,2.717440894415962,5.318343940406063,0,,0,1
S2_N100,5500316,2.269902523798839,1.6283145100167093,3.1642888617970155,1.3212363170327182e-06,-1.2077657537296813,0.32821486463529276,0.00038347949859450416,100,0.010570450559725698,0.020523735725110254,True,0.00027249788965508985,0.0006625691562951665,True,0.9712824948650478,0.8653943091779702,0.0017673745867047726,0.020000000000000018,0.0009326302855561491,0.02,1.3212363170327182e-06,1.6283145100167093,3.1642888617970155,0,2.36068957213536,3.671866661510305e-05,1.5915357460184847,3.501558334413874,1,0.0,0,1
S2_N100,5500317,3.0150145052945847,2.0543665638349107,4.42487364580533,1.7182970597393583e-08,-1.684627819825116,0.3555377685486946,7.376810383992275e-06,100,0.012303379321469611,0.024676447847608248,True,0.00323274747699068,0.012688724410216458,True,0.18422058373948114,0.22974446166093854,0.0013640798934975223,-0.010000000000000009,0.0042310181000850475,-0.01,1.7182970597393583e-08,2.0543665638349107,4.42487364580533,0,3.24097088926112,9.54465583140483e-09,2.1690011018723543,4.842732581357707,0,,0,1
S2_N100,5500318,2.380593644158715,1.6993169258646796,3.3350024426580474,4.592809907578085e-07,-1.3743610895188543,0.35029413514984736,0.0001630627374205495,100,0.011432187149316913,0.011627510366585063,True,0.02799730127902846,0.022619863196852764,True,0.7984494300522804,0.773622419909084,0.003085647865004087,-0.040000000000000036,0.002434299697067963,-0.04,4.592809907578085e-07,1.6993169258646796,3.3350024426580474,0,2.5333150946929432,1.482071175849035e-07,1.791093394151036,3.583110400583576,0,,0,1
S2_N100,5500319,2.413039712717966,1.7389586993615822,3.348418025851732,1.3630747892810312e-07,-1.0746719722133238,0.3690611915376462,0.004457468080204987,100,0.0001384107801850869,2.5463330091736077e-05,True,0.01286115872980919,0.011277001033041715,True,0.10129865764363505,0.15643958320266826,0.003053330167803154,0.040000000000000036,0.005444760598187564,0.04,1.3630747892810312e-07,1.7389586993615822,3.348418025851732,0,2.602994150960079,2.3051501417818533e-08,1.860938083769623,3.6409478687261747,0,,0,1
S2_N100,5500320,2.771722736026254,2.022100108277143,3.7992416369288535,2.3495267375412323e-10,-1.3237853928452628,0.33594678327192184,0.00015341305400855889,100,0.00040284767502973574,9.299840637186551e-05,True,0.11834336547868507,0.1577286222076707,True,0.5406425940411296,0.6955491998998167,0.011919175253786293,0.06999999999999995,0.01528571325814906,0.07,2.3495267375412323e-10,2.022100108277143,3.7992416369288535,0,2.987371963778779,1.9192119049481442e-11,2.1702082849770497,4.112227988322261,0,,0,1
S2_N100,5500321,2.5475785128065236,1.8450390639393506,3.5176254019556312,1.3412044556191536e-08,-0.9249741905208804,0.3425917182618715,0.00818384599087228,100,0.0010443330522683838,9.831607905161477e-05,True,0.0616219877543759,0.04425685816195762,True,0.3456658785049712,0.7109025027655033,0.0023488306704349004,0.030000000000000027,0.0024880397386023738,0.03,1.3412044556191536e-08,1.8450390639393506,3.5176254019556312,0,2.9119809475062093,8.801510936690494e-09,2.0231502365295033,4.19130170638492,0,,0,1
S2_N100,5500322,2.2372494766478215,1.6233321998274242,3.0833400713009094,8.642634205652135e-07,-1.4267089676346416,0.3392633036129295,5.81256341177515e-05,100,3.3283156269015184e-05,3.232918847099327e-06,True,0.016024910801091034,0.07526781140719321,True,0.5106417855948191,0.5724349998665088,0.005135424933668749,-0.06000000000000005,0.0073395511025572315,-0.06,8.642634205652135e-07,1.6233321998274242,3.0833400713009094,0,2.4597986895323785,1.5104773841563477e-07,1.7579313700016725,3.4418918145931086,0,,0,1
S2_N100,5500323,2.4868344111077056,1.8184653365781183,3.4008596500974546,1.1681930735154226e-08,-1.2634899029674447,0.3347778433970818,0.00027655592640709546,100,0.0006437682409810878,0.00021107588595236824,True,0.00020262886090576654,0.0002345441006614826,True,0.5858020856187178,0.4117131208307948,0.08717040550243571,0.15000000000000002,0.08075480078136715,0.15,1.1681930735154226e-08,1.8184653365781183,3.4008596500974546,0,2.8236444137437036,1.753450349922629e-09,2.0138003173074472,3.9591650208528546,0,,0,1
S2_N100,5500324,2.7153897434221497,1.9483277879215408,3.7844460795521595,3.682449302491774e-09,-1.1930393640522534,0.3173171814563938,0.0002907527434523238,100,2.250376395215312e-05,6.3086556625429275e-06,True,0.0025092662643872846,0.0011717447496760176,True,0.5559402957941615,0.6601044011332511,0.0010509100948949337,0.010000000000000009,0.001002731074302973,0.01,3.682449302491774e-09,1.9483277879215408,3.7844460795521595,0,2.7443391712828897,6.709204785619942e-08,1.9022533113926323,3.9591979900531493,0,,0,1
S2_N100,5500325,2.315779218879439,1.677329619289196,3.1972447925092258,3.346708388686656e-07,-1.5725797645452986,0.3614250224043565,3.352803321159195e-05,100,7.674901639291417e-07,1.4478060847922868e-08,True,0.005501154781650854,0.002676694761924655,True,0.24981078276141844,0.20658885423212658,0.0023604267240102143,0.019999999999999907,0.0007583120208675366,0.02,3.346708388686656e-07,1.677329619289196,3.1972447925092258,0,2.393109082702553,3.328958614060212e-07,1.7117218092698958,3.345737053006407,0,,0,1
S2_N100,5500326,2.3876135277221935,1.7853734443549047,3.1930005320661685,4.400490715576949e-09,-0.6400000000000001,0.332568388680505,0.0572330478415946,100,0.0005461044158813623,0.0015951623846270056,True,0.0005876288228084703,0.00012969441803898545,True,0.09942222802137832,0.16405653452733338,0.002030512760480266,0.050000000000000044,0.0009656415193804101,0.05,4.400490715576949e-09,1.7853734443549047,3.1930005320661685,0,2.647079832216534,5.860223528363482e-09,1.9072673870289072,3.673859095888432,0,,0,1
S2_N100,5500327,2.9432046070480964,2.1280711285735507,4.070565707432719,6.823612420862794e-11,-1.1432532829475677,0.29864128941737433,0.00022875351999840336,100,0.0017822280214546485,0.0022905363822409057,True,0.03236192646746157,0.1097355578052486,True,0.5270155062797011,0.6476602866227772,0.024774018158938895,0.09999999999999998,0.028467046149661078,0.1,6.823612420862794e-11,2.1280711285735507,4.070565707432719,0,3.0103209772089112,1.6255773974442073e-10,2.14724742866826,4.220301892010815,0,,0,1
S2_N100,5500328,3.8306930649924653,2.657651811728499,5.521494310662717,6.023525827701658e-13,-1.4797341639970965,0.31422713605057745,8.287684980814283e-06,100,0.0007895738041801814,0.0002914139346341089,True,0.002686973580914647,0.002717455485250731,True,0.6732894028244257,0.9420638404153087,0.0005165730616508478,0.009999999999999898,0.0006844905960408066,0.01,6.023525827701658e-13,2.657651811728499,5.521494310662717,0,4.092031670031563,4.3672768619219143e-13,2.794877302134146,5.991219426969178,0,,0,1
S2_N100,5500329,2.7198862855400163,1.9556253902281275,3.7828213129334047,2.7654035474685476e-09,-1.0522097378277144,0.3368883064129599,0.0023578110096653436,100,4.0138245891589216e-05,1.5717538744913656e-06,True,0.09758732787003896,0.10168581265941892,True,0.8606999265887788,0.7159726688994056,0.00381244497689442,0.06000000000000005,0.0025849860657275753,0.06,2.7654035474685476e-09,1.9556253902281275,3.7828213129334047,0,2.9813619196204675,9.944997940958313e-11,2.141166930536566,4.151249848387868,0,,0,1
S2_N100,5500330,3.0679660417748376,2.172260524102349,4.3330049637453545,1.9656574342293254e-10,-1.3005584888987067,0.33341547064894506,0.0001768661137437913,100,0.0008717371314878214,0.001975912730783575,True,0.005332922678115405,0.006449214554825574,True,0.6276441284052429,0.640460227237714,0.0030249761968363952,0.06000000000000005,0.003692702294121217,0.06,1.9656574342293254e-10,2.172260524102349,4.3330049637453545,0,3.620766401893231,1.848380168891083e-11,2.4874820325869402,5.270369460094038,0,,0,1
S2_N100,5500331,2.7486010942650916,,,,-1.1840179704655818,0.31303976376879644,0.00026873024665959966,100,0.0005358268925463031,8.88526644365104e-05,True,0.02038667007715721,0.007423826298202336,True,0.418294567374334,0.5798177644284971,0.011703005391174831,0.08999999999999997,0.005226141653263815,0.09,6.12647258837824e-08,1.9515995174409533,3.8710851831432844,1,2.779415333519795,5.778176185514265e-07,1.9018516228941575,4.061909721668584,1,0.0,0,1
S2_N100,5500332,3.8799089821344186,2.7978281130324856,5.380492689856874,4.3925695684398575e-16,-1.0756503387419887,0.34463527389727183,0.0023738034880573505,100,0.00038335691615267093,3.7540297487473216e-05,True,0.2389527689729446,0.38232022283140954,True,0.5949058127022548,0.8595431386996599,0.0012970991747148564,-0.030000000000000027,0.0010351788500388907,-0.03,4.3925695684398575e-16,2.7978281130324856,5.380492689856874,0,4.053259631821503,2.2734089521873127e-15,2.8674389026709606,5.729472954994993,0,,0,1
S2_N100,5500333,2.719821604995518,1.9333929563054895,3.8261386744348687,9.134359687880235e-09,-1.7504283310387012,0.34708876994341353,2.130816583351485e-06,100,2.46031643369244e-05,1.894607868987523e-05,True,0.18072225767813377,0.3953505085688468,True,0.8610618734642889,0.7766154825010866,0.004705177146122612,0.04999999999999993,0.0037831190449990784,0.05,9.134359687880235e-09,1.9333929563054895,3.8261386744348687,0,2.959594494927872,4.249629179715123e-09,2.0606386559460343,4.250720789466137,0,,0,1
S2_N100,5500334,2.843950634827931,2.0012909908301535,4.041418889305644,5.554937824557942e-09,-1.2806012202785144,0.3044302794693449,5.785790017006378e-05,100,3.820771566270033e-05,7.2803812579494e-05,True,0.08554420338076102,0.07823002616620148,True,0.7138719345397864,0.8272495484608953,0.001724059718333809,0.040000000000000036,0.003298630805785662,0.04,5.554937824557942e-09,2.0012909908301535,4.041418889305644,0,3.172056797191831,3.031478804294848e-10,2.2146277731451263,4.543402031990832,0,,0,1
S2_N100,5500335,4.282257762146999,2.798465855244278,6.552780162424933,2.0678739852270182e-11,-1.7268567906307775,0.342931624460586,2.198894961083574e-06,100,1.4863179575264625e-05,1.4399789004364241e-05,True,0.03189750120582332,0.019201431131314534,True,0.14393055744686253,0.1660003059834032,0.005372941665545931,0.06999999999999995,0.006606840468801959,0.07,2.0678739852270182e-11,2.798465855244278,6.552780162424933,0,4.504330605515496,1.1643753205931756e-12,2.9746556656809116,6.820619420883242,0,,0,1
S2_N100,5500336,3.390203132113693,,,,-1.8621966771441414,0.3360633298074711,2.578512657101289e-07,100,0.006047799780597471,0.0021831252146151613,True,0.00992491183692758,0.004857446553074026,True,0.4030503731853561,0.3170827569878205,0.012308865808265563,-0.07999999999999996,0.009850482882971755,-0.08,3.96956337213082e-09,2.329854204743716,4.933131546854786,1,3.354526922596873,6.591679742144919e-07,2.1350523815404663,5.27052683658664,1,0.0,0,1
S2_N100,5500337,2.717880499680329,2.0179336060172486,3.660613207746665,4.673429713354005e-11,-1.427628736760744,0.3297044280228203,3.6323243813586654e-05,100,0.00029661016358911057,0.00023986273457412766,True,0.0025533187599902263,0.001864075667041447,True,0.26273481578577307,0.5727602863273584,0.0007270660827603322,-0.010000000000000009,0.0003442474922855943,-0.01,4.673429713354005e-11,2.0179336060172486,3.660613207746665,0,3.027372357762629,1.3448407615774467e-10,2.1589725332211205,4.245067156491976,0,,0,1
S2_N100,5500338,2.41466510690644,1.7817287022143942,3.272444099522564,1.3151841711545104e-08,-2.0475371698977267,0.3246812182591571,8.481961153527222e-09,100,0.0008232363157979757,0.00020720077202618833,True,0.026163308891529784,0.049279607511895626,True,0.6544463323269221,0.6904647148039591,0.008988695690920227,0.06999999999999995,0.005737246717089491,0.07,1.3151841711545104e-08,1.7817287022143942,3.272444099522564,0,2.823413531403069,5.132687943592304e-10,2.0352509961651934,3.9167964955330348,0,,0,1
S2_N100,5500339,2.677257660809981,1.877018245022893,3.8186675070269827,5.467198587317323e-08,-0.8170160356274763,0.28313877222939016,0.0048152338971525314,100,0.0995704965040343,0.06928608750383072,True,0.0186116555045135,0.0070023277699558725,True,0.6863225398781748,0.3663441503051549,0.3935775495310776,0.22999999999999998,0.40309349742057826,0.23,5.467198587317323e-08,1.877018245022893,3.8186675070269827,0,2.7167861625532406,1.5733477057905124e-07,1.8698996775972074,3.9472315768967565,0,,0,1
S2_N100,5500340,2.635140320905036,,,,-0.6950149946245681,0.3194862313289236,0.0320289442250716,100,0.0013886586742220964,0.00042267120994104605,True,0.013791798959033185,0.005616026271679907,True,0.6908366584671416,0.900893824345524,0.0025782962470072726,-0.04999999999999993,0.0019110659101270976,-0.05,3.597099729345349e-05,1.6900449510318551,4.108745454740637,1,2.6384318729123226,4.6835936397648326e-05,1.6789521351279058,4.146230617509117,1,0.0,0,1
S2_N100,5500341,3.0230309492444127,2.146361597270565,4.257770979368473,2.437991544373495e-10,-1.6058797953108792,0.2967559599492904,4.5119870861694644e-07,100,2.398009100890572e-07,6.879829686509981e-09,True,0.017493070945877102,0.017169933812856687,True,0.7211559448531961,0.5151046126451574,0.0007329330091444418,-0.010000000000000009,0.00014327644244089226,-0.01,2.437991544373495e-10,2.146361597270565,4.257770979368473,0,3.2534932416790103,1.256728200401052e-11,2.312588283346172,4.577216943404575,0,,0,1
S2_N100,5500342,2.544486831182422,1.786912738716314,3.623239732854479,2.2306641840031833e-07,-1.4977464788732382,0.26084001148881486,1.071858319812212e-07,100,0.00017607358842519494,6.913797688025167e-05,True,0.4836373510799856,0.4122309523995653,True,0.1824673079013206,0.19424419306314722,0.003164684158539284,-0.050000000000000044,0.002759886080977479,-0.05,2.2306641840031833e-07,1.786912738716314,3.623239732854479,0,2.8067191072688833,6.091961170224332e-08,1.9319919729359678,4.077486996561826,0,,0,1
S2_N100,5500343,3.2221456746634516,2.295976304024546,4.52192068818555,1.3151546371170467e-11,-0.8468583135717616,0.30361032500068524,0.006358975355359899,100,2.5394087455871194e-07,1.3630346534748464e-06,True,0.07797912036730287,0.09068697742087432,True,0.03518594634583914,0.04483338224467789,0.0024950826716182875,0.030000000000000027,0.0032786050540857766,0.03,1.3151546371170467e-11,2.295976304024546,4.52192068818555,0,3.323787092985982,1.3916217076116065e-10,2.3030553562909666,4.796914937073906,0,,0,1
S2_N100,5500344,2.598017306318584,1.838960791609829,3.6703849014758925,6.115932364850422e-08,-1.3944076489583994,0.28176330494160656,3.1424486138268e-06,100,9.107963472279059e-05,0.00018358304752960614,True,0.22462798299822206,0.13369259792825633,True,0.6292321557033552,0.5301387051405966,0.0007021537059935685,0.020000000000000018,0.0018701602225529605,0.02,6.115932364850422e-08,1.838960791609829,3.6703849014758925,0,3.1317050063034055,3.636472325689315e-12,2.2697542765624816,4.320985909258548,0,,0,1
S2_N100,5500345,2.977408483593861,2.169874729847447,4.085471458898435,1.3898766094395992e-11,-1.304776694869871,0.3294748533309503,0.0001429162230150161,100,0.002599399789318906,0.0014211575513311914,True,0.001528419860022654,0.001580135259351717,True,0.7255543916613693,0.5964048004546794,0.017613112031005122,0.08999999999999997,0.011388114749943837,0.09,1.3898766094395992e-11,2.169874729847447,4.085471458898435,0,3.146411572231402,4.236094993300928e-11,2.2381178299662086,4.423317507828062,0,,0,1
S2_N100,5500346,2.6983760577717626,1.853538248221977,3.9282886965728747,2.2128469071361708e-07,-1.1377071043857394,0.3105816557407261,0.00040603818377033874,100,9.077926858273428e-08,4.56269572637016e-09,True,0.03799637485322177,0.15085562191337884,True,0.911355985123756,0.8512152846307861,0.0013994393821226947,-0.020000000000000018,0.0021667585973345446,-0.02,2.2128469071361708e-07,1.853538248221977,3.9282886965728747,0,3.416798123722844,1.6993468558869977e-10,2.3434253982880935,4.981813983412635,0,,0,1
S2_N100,5500347,3.0719045040400776,2.1357940307000245,4.418308669422019,1.4303938855119401e-09,-1.1388956344684569,0.3443068615772401,0.001319979832742664,100,0.0002626506924671866,0.0006352875568497603,True,2.2420600166199587e-05,3.031879535759419e-06,True,0.9207626826022268,0.9861745141349884,0.003372245518451099,0.039999999999999925,0.0011384769640687457,0.04,1.4303938855119401e-09,2.1357940307000245,4.418308669422019,0,3.205697189606885,2.4647516132464673e-09,2.186017757170141,4.701011434031845,0,,0,1
S2_N100,5500348,2.0024833155399455,1.44773487933364,2.7698023210310008,2.722472077800686e-05,-1.333112227805695,0.35075741782411524,0.0002520008141625755,100,6.068203181784838e-07,5.670910590803749e-08,True,0.056020840900359095,0.02658495578957515,True,0.3710301586366661,0.36959646284242487,0.01080802668072321,-0.07000000000000006,0.0028635665300193254,-0.07,2.722472077800686e-05,1.44773487933364,2.7698023210310008,0,2.2021058394447697,1.3311388312822195e-05,1.5436236303059452,3.1414847718777357,0,,0,1
S2_N100,5500349,2.340778208683313,1.717669748666453,3.189927881364027,7.221161653530433e-08,-1.832260224623861,0.3341995130548198,3.3234006698176756e-07,100,0.007002661476878198,0.04195604429955365,True,0.02754778206613767,0.04016117230978005,True,0.04684419156991478,0.05238594628991884,0.0018708745066116994,0.050000000000000044,0.00026564875384073197,0.05,7.221161653530433e-08,1.717669748666453,3.189927881364027,0,2.678139353682837,3.3286780509531064e-09,1.93222097665901,3.7120135245330608,0,,0,1
S2_N100,5500350,2.737521157518834,1.9455178805079612,3.851942026822504,7.49937534469279e-09,-1.717415922292187,0.2902409980443189,4.9280726681023365e-08,100,0.0007946825913408818,0.00018641412556755324,True,0.008220501297493146,0.0058207960841688755,True,0.003118260449433986,0.002207801320807011,0.002509226638567208,0.039999999999999925,0.00284853670169893,0.04,7.49937534469279e-09,1.9455178805079612,3.851942026822504,0,2.8756535139251866,7.89858191762656e-09,2.0087621937808846,4.116656096850207,0,,0,1
S2_N100,5500351,3.466635692383871,2.4345150315323267,4.936327304640109,5.424259463963061e-12,-1.8825826490847144,0.33826519215814627,2.3214463941663984e-07,100,0.020736108019525863,0.007532658639372061,True,0.003872599483137867,0.014029158674252225,True,0.2165595569256148,0.36320978484309296,0.0020728383507072146,0.040000000000000036,0.000903003780770482,0.04,5.424259463963061e-12,2.4345150315323267,4.936327304640109,0,3.79928812182279,1.3974640114313925e-11,2.5797667265454725,5.595308321521337,0,,0,1
S2_N100,5500352,2.654725790314105,1.9360198281020287,3.640235972514761,1.35030387908847e-09,-1.1336929039245882,0.31897752856497275,0.000587833892799213,100,0.0015488435908347583,0.0009153630745444229,True,0.14067194932968144,0.16462643649440434,True,0.4932799205900785,0.4290350685204535,0.0003818188929321229,0.010000000000000009,0.00014327644244089226,0.01,1.35030387908847e-09,1.9360198281020287,3.640235972514761,0,2.9736144115710785,1.9885395421524293e-10,2.125608526286923,4.15992999621118,0,,0,1
S2_N100,5500353,2.629535239447636,1.9551630502266193,3.536510970118577,1.610649853227055e-10,-1.4000000000000004,0.33534969239837303,6.51429455540238e-05,100,0.003640585750725505,0.005935154382827281,True,0.01252137071227514,0.03765032363085491,True,0.28609117067122813,0.7130378614614251,0.0009109143780140813,0.020000000000000018,0.0011303752632718508,0.02,1.610649853227055e-10,1.9551630502266193,3.536510970118577,0,3.361042957287253,1.370804009946754e-12,2.4036598844550636,4.699753835302414,0,,0,1
S2_N100,5500354,2.3096911470098855,1.731153614837712,3.0815712417733314,1.2668084300186432e-08,-1.426496630895932,0.37239735188420436,0.0002268300981652198,100,0.00012013889959843399,0.00012496746381697072,True,0.2247255507050917,0.29062396583048133,True,0.1277022848042253,0.16167287747383607,0.0007254833175428428,0.020000000000000018,0.0002749606563079884,0.02,1.2668084300186432e-08,1.731153614837712,3.0815712417733314,0,2.6271597606115957,2.3007586712831258e-09,1.9137430944507616,3.6065281843682477,0,,0,1
S2_N100,5500355,2.7001993266893454,,,,-1.2148664933285596,0.3248289007913962,0.00031143561704762745,100,4.0395747699455426e-05,0.00012799520891643504,True,4.564200518203669e-05,5.3123477544846155e-05,True,0.5051961514674044,0.48221379680375454,0.0026226934864241177,0.040000000000000036,0.0017144240573670963,0.04,9.25915101401751e-06,1.7714932764484612,4.1157798907772,1,2.7388862378621774,2.949400085404526e-05,1.7352248029294728,4.323069732109935,1,0.0,0,1
S2_N100,5500356,2.6358871055438238,1.8095923745087799,3.839483925244894,4.4034220005528253e-07,-1.3250988784225293,0.3360463157724221,0.00015191004328108184,100,0.0002022328372799837,9.143753898433321e-05,True,0.0009543479877219794,0.0011274062247866067,True,0.24160907674717214,0.2708572269267312,0.03413339545108178,0.10999999999999999,0.0261818399591472,0.11,4.4034220005528253e-07,1.8095923745087799,3.839483925244894,0,2.6832976789824023,1.1721534496959788e-06,1.8022019794756639,3.9951606512646016,0,,0,1
S2_N100,5500357,2.4570021008563194,1.7709519066685413,3.408821719483459,7.404644751612458e-08,-1.3422008373944672,0.3309265613013237,0.00010098192054116543,100,4.1576287320231256e-05,1.1506647125543913e-06,True,0.006661074703141848,0.006321028149992712,True,0.4448330086365213,0.28703537496403897,0.0009722155428406686,-0.020000000000000018,1.2468241562099465e-05,-0.02,7.404644751612458e-08,1.7709519066685413,3.408821719483459,0,2.6163163752420626,6.719871677780109e-09,1.8901152781639068,3.6215311597339355,0,,0,1
S2_N100,5500358,2.2941570495430748,1.581768203537598,3.3273880181667743,1.2029292549951342e-05,-1.1676480497602695,0.2860088935437971,9.158354185737071e-05,100,0.0016343705676491662,0.003778561271651024,True,0.016332929232552734,0.01721079932705818,True,0.4052036889837818,0.28055796448600523,0.005089823070652137,0.04999999999999993,0.0009656415193804101,0.05,1.2029292549951342e-05,1.581768203537598,3.3273880181667743,0,2.4308971530406414,6.476708258566394e-06,1.6524442207424905,3.576072883117286,0,,0,1
S2_N100,5500359,3.3446264489969,2.382171191593413,4.695937102592128,3.0937054380354487e-12,-1.926679512661397,0.3275479289759224,5.76220392068983e-08,100,0.00012791284191271748,4.581282871481555e-05,True,0.2731025596081472,0.22032570334208412,True,0.5068838867339891,0.700688056634126,0.010632316827432146,0.08999999999999997,0.01435067668493556,0.09,3.0937054380354487e-12,2.382171191593413,4.695937102592128,0,3.5756062698595548,1.2026025237087274e-12,2.515972210337124,5.081518843702116,0,,0,1
S2_N100,5500360,2.923577308505187,2.1369778135178614,3.9997159655747603,1.9612889206767053e-11,-1.559999999999999,0.3104033750639905,2.2903183275150604e-06,100,8.246731009800723e-05,9.265483562518889e-05,True,0.17074425692927309,0.13123713042328367,True,0.4160160341370416,0.4420134590962206,0.002471783425077171,-0.030000000000000027,0.004683092433503857,-0.03,1.9612889206767053e-11,2.1369778135178614,3.9997159655747603,0,3.5506184593516306,4.8645833911751464e-15,2.5855994100711297,4.875809993916162,0,,0,1
S2_N100,5500361,2.5192631383512483,1.8220425718407423,3.48328126814488,2.2814306991904953e-08,-2.160525881381912,0.3086225646205078,3.3297603756744515e-10,100,0.0013703411714158756,0.001954514647696572,True,0.0687986003123701,0.0536718686500603,True,0.584734283682578,0.5513509187195687,0.0004530451810735447,0.0,0.0004029097983974472,0.0,2.2814306991904953e-08,1.8220425718407423,3.48328126814488,0,2.6389868847387206,4.788308495201066e-08,1.8626320223901633,3.7389305531676205,0,,0,1
S2_N100,5500362,2.746982144797512,1.9048070919299014,3.961509244587606,6.318992793579019e-08,-1.429711259794627,0.3405297919907012,5.9626109823856845e-05,100,7.60681824090816e-05,0.00011275354526072482,True,0.2359316876649986,0.17160988662976395,True,0.4533216279186547,0.4177351921466056,0.00045056696721063386,0.010000000000000009,0.00044061024977077684,0.01,6.318992793579019e-08,1.9048070919299014,3.961509244587606,0,2.8323054729260226,3.5423033075528094e-08,1.9560298678799064,4.101141001830152,0,,0,1
S2_N100,5500363,2.968503657649336,2.1064916950232475,4.183265467552787,5.075859743290226e-10,-1.17661803441586,0.2933376468116059,0.00011886109394609954,100,0.012668190724907177,0.005742832342629404,True,0.1087066793358706,0.1516771371226941,True,0.8131440996812417,0.7472934019498565,0.001263577422004653,0.010000000000000009,0.002448250421218162,0.01,5.075859743290226e-10,2.1064916950232475,4.183265467552787,0,3.6418122179461876,7.961093298532406e-11,2.466587650735305,5.376981526210272,0,,0,1
S2_N100,5500364,4.003490323671498,2.9010819570141444,5.524812814398256,3.1383658036074156e-17,-1.3200000000000007,0.34136814486276346,0.00019955339008481703,100,0.00020279577817487352,0.0003372195534692681,True,0.01568811405823666,0.019082935421027212,True,0.12374138411911094,0.25368146119144575,0.001208527987726819,0.030000000000000027,0.0012665234824340232,0.03,3.1383658036074156e-17,2.9010819570141444,5.524812814398256,0,4.456340698664738,6.915853196294653e-17,3.137747881706434,6.329052929445566,0,,0,1
S2_N100,5500365,3.4943766216883905,2.5551629092614325,4.778821706413956,4.741399087728852e-15,-1.4477137498196513,0.3446014290555579,5.904250738656251e-05,100,0.026939104337936698,0.05790371412055835,True,0.02771253529400939,0.07688944869325244,True,0.869478888805084,0.9613662317716177,0.0009544277638960433,0.0,0.0004029097983974472,0.0,4.741399087728852e-15,2.5551629092614325,4.778821706413956,0,4.072543632335512,3.0660704367732204e-17,2.9397349735476466,5.6418730894170235,0,,0,1
S2_N100,5500366,2.495742004983256,1.8282812768575785,3.4068763019570407,8.413375308311547e-09,-1.4947875077782087,0.31583183421990624,7.537797136413367e-06,100,0.00577306389123014,0.0011266273543754195,True,0.011788583986067034,0.00811852489912885,True,0.40234402866837715,0.3570975188776482,0.0013007913151355716,-0.020000000000000018,0.0009326302855561491,-0.02,8.413375308311547e-09,1.8282812768575785,3.4068763019570407,0,2.862526200388181,1.4660724477571676e-08,1.9894723422316618,4.118708299667657,0,,0,1
S2_N100,5500367,3.271191533841614,2.252245718541019,4.751121941529918,4.854816499133521e-10,-1.2200000000000002,0.34211246818062363,0.0005647015668375784,100,7.223330653542927e-05,0.0004936501142152362,True,0.0019309440380562114,0.0007413713616942747,True,0.7220695318106698,0.9337844890398694,0.004916150424183338,0.050000000000000044,0.0023134631302174345,0.05,4.854816499133521e-10,2.252245718541019,4.751121941529918,0,3.6517677668601745,3.0660986629772914e-12,2.537657250051355,5.255007476998352,0,,0,1
S2_N100,5500368,2.7200984961318957,1.9912551074075069,3.715714677207767,3.2139800473635593e-10,-1.1799999999999993,0.3616519509859272,0.0015237059690113208,100,0.000869477308938027,0.002576862664512311,True,0.20264858117804296,0.11834982693845435,True,0.7424612622426572,0.9640891221377624,0.0005922737118915273,-0.010000000000000009,0.00044061024977077684,-0.01,3.2139800473635593e-10,1.9912551074075069,3.715714677207767,0,2.7729804343271978,1.597235089796285e-09,1.9910138148267487,3.862062850543588,0,,0,1
S2_N100,5500369,2.054794537585796,1.5022170027432085,2.8106329405021206,6.597466295610622e-06,-1.345744750712865,0.30008822438104377,2.0064413208141426e-05,100,0.00032334498817944164,0.0001365006860317461,True,0.14601939838744674,0.09601960758594974,True,0.5342176692143508,0.5394810163307047,0.0012247057910526752,-0.050000000000000044,0.0043583570531188,-0.05,6.597466295610622e-06,1.5022170027432085,2.8106329405021206,0,2.169696258916189,5.719757392540083e-06,1.5526008425384,3.0320618970284214,0,,0,1
S2_N100,5500370,4.831730520429584,3.1576478609147194,7.393357603620782,3.931552374924645e-13,-1.232965470339115,0.3504105192365059,0.0006621008214719703,100,0.0001728245486923266,0.002806166849779989,True,0.06958532040694791,0.08776486392348683,True,0.22498777228924283,0.14483256515537465,0.0022079858036557934,0.039999999999999925,0.002434299697067961,0.04,3.931552374924645e-13,3.1576478609147194,7.393357603620782,0,5.48647161434969,4.831148825947893e-16,3.637065500933177,8.276279535615089,0,,0,1
S2_N100,5500371,2.5807877206989533,1.8580724933566095,3.5846100101715423,1.5514962255242385e-08,-1.6132129230869994,0.30387629837309105,6.993194851161853e-07,100,0.0001900253628199321,0.0004323192636357105,True,0.0008242958835437081,0.005503780795932045,True,0.7868904450821825,0.616021015142254,0.0012963445017131427,0.030000000000000027,0.0010351788500388907,0.03,1.5514962255242385e-08,1.8580724933566095,3.5846100101715423,0,3.033482851882325,1.273280100425924e-10,2.16294653065462,4.254390056456511,0,,0,1
S2_N100,5500372,2.3928695502081667,1.681358686680057,3.4054748279912936,1.2607404441521087e-06,-1.2854363767074053,0.33714979283161606,0.00024160712399606493,100,0.00013261532073962167,0.00030087264434717,True,0.0038789165245028995,0.005369654368667526,True,0.8749845053756642,0.9144937208008079,0.000976541842439245,0.010000000000000009,0.00026343889354967713,0.01,1.2607404441521087e-06,1.681358686680057,3.4054748279912936,0,2.600843910093174,2.36148779914173e-08,1.8594712939851663,3.6378023508884096,0,,0,1
S2_N100,5500373,2.312609038259437,1.6499710135421324,3.2413663754964337,1.1330909190315465e-06,-1.7743819548872182,0.3400055545074379,1.0237767846762661e-06,100,0.0005359135792413717,0.00026737181343401353,True,0.04082702212357073,0.04249451699930506,True,0.5984203883976527,0.5988836523989958,0.0005768105386197516,-0.020000000000000018,0.0006065469451128544,-0.02,1.1330909190315465e-06,1.6499710135421324,3.2413663754964337,0,2.3671861273717467,2.1927378617058688e-06,1.6569878918405139,3.381780995030104,0,,0,1
S2_N100,5500374,2.2749753000184914,1.6450925774283784,3.1460312244461197,6.706748113552203e-07,-1.599570448205636,0.329342655096047,4.5733410942639474e-06,100,0.0004746277810289185,0.0016806927482430163,True,0.0055381346463982345,0.025214016601661157,True,0.19646371647821226,0.31686297151436205,0.0016896845939557469,-0.040000000000000036,0.0005310088296280372,-0.04,6.706748113552203e-07,1.6450925774283784,3.1460312244461197,0,2.4647943482051446,5.323999196547804e-08,1.7808630626915967,3.4113859208028887,0,,0,1
S2_N100,5500375,3.0681615683318615,2.3236290243626416,4.05125573432305,2.672234137368472e-15,-1.782243871877201,0.3271559404473241,3.861668388359518e-07,100,0.027689389150009916,0.030334070868181465,True,5.724990104932986e-05,8.481993636222603e-06,True,0.7014835533254973,0.5912883904598134,0.0011297305922910502,-0.030000000000000027,0.0006568092743074176,-0.03,2.672234137368472e-15,2.3236290243626416,4.05125573432305,0,3.086794614111169,9.810191342525135e-13,2.2646775566351955,4.207354359029656,0,,0,1
S2_N100,5500376,3.274836460478291,2.3712541096030813,4.522734952549283,5.949197364110752e-13,-1.44,0.33916168917059325,4.9950024981259135e-05,100,0.004933573915705049,0.004213889222605197,True,0.008529758462311847,0.009107867943716449,True,0.8378071801991054,0.944726986789244,0.020027820674285025,0.08999999999999997,0.012840037195830456,0.09,5.949197364110752e-13,2.3712541096030813,4.522734952549283,0,3.7393949343498765,4.993083846318579e-15,2.6876169065135,5.202778134470438,0,,0,1
S2_N100,5500377,2.7711696838319666,1.9625302415460373,3.913000296260259,7.041153707522633e-09,-1.1308328931149871,0.3487919155774279,0.001626825080707687,100,0.0014658189752425645,0.0015211175368410408,True,0.10386222966834864,0.06562294989472352,True,0.2168455689802582,0.18955085301604502,0.0014290446449788659,0.030000000000000027,0.0032786050540857766,0.03,7.041153707522633e-09,1.9625302415460373,3.913000296260259,0,3.001637417694395,2.8032059533944906e-09,2.0889172414338226,4.3131566002675985,0,,0,1
S2_N100,5500378,2.814736956943269,2.03013172895577,3.9025763815126635,5.39469600747822e-10,-1.7073023732890027,0.3380530073751783,2.0679938830117177e-06,100,0.0006798234817943223,0.000365564174463515,True,0.00378044621453383,0.012409052429593555,True,0.41993204675778784,0.3344615783233491,0.0011734247756671095,-0.020000000000000018,0.00027496065630798846,-0.02,5.39469600747822e-10,2.03013172895577,3.9025763815126635,0,3.2423859104228363,1.3859860020130485e-11,2.3053292277194855,4.560331889128229,0,,0,1
S2_N100,5500379,2.7242178311664857,1.9705731364312569,3.7660935564592406,1.3183420583645867e-09,-1.4320864376713422,0.289239851068206,3.112379076322594e-06,100,0.0006702293829767058,0.0001392199107656098,True,0.03614500116004038,0.00901865415880138,True,0.8062298620023989,0.8409039832759533,0.0004868203934000947,0.020000000000000018,0.00047626961671360193,0.02,1.3183420583645867e-09,1.9705731364312569,3.7660935564592406,0,3.1383086740644934,1.4428306657765617e-11,2.2518950740330483,4.3736413153874585,0,,0,1
S2_N100,5500380,2.8273304125616616,2.084103243065435,3.8356052121670787,2.405872399012028e-11,-1.4863763495637021,0.3296605070335836,1.825498264953133e-05,100,0.0033868111658637073,0.0011979845801546813,True,0.01784215800356744,0.01221693851784149,True,0.6864571975494971,0.6827819380354199,0.0003751827688103195,0.0,0.0005006636919721179,0.0,2.405872399012028e-11,2.084103243065435,3.8356052121670787,0,3.104983177404173,1.1765759518619776e-10,2.1996767587438364,4.382880572629466,0,,0,1
S2_N100,5500381,2.6040002753613494,1.9208488026263093,3.5301151370221384,7.065194085751814e-10,-1.7932014147787008,0.3194416721714727,1.8825084427443407e-07,100,0.0001822394288335516,6.643874922679285e-05,True,0.3171481850991944,0.28450021282609483,True,0.17805596766142162,0.22594391124339253,0.0013051688827694465,-0.039999999999999925,0.0011384769640687454,-0.04,7.065194085751814e-10,1.9208488026263093,3.5301151370221384,0,3.0284918187765526,1.043607452310464e-11,2.200542622012344,4.1679550328405615,0,,0,1
S2_N100,5500382,2.8628329782323987,2.0704094125059798,3.958546851530658,1.9990726387716816e-10,-1.3253936278938871,0.3280172416233666,0.00010677005668809974,100,4.935331945141977e-05,0.00017439982592488704,True,0.02236955315462674,0.011924453823954314,True,0.9114588533239529,0.8112083767284392,0.0009354717881599334,-0.020000000000000018,0.00027496065630798846,-0.02,1.9990726387716816e-10,2.0704094125059798,3.958546851530658,0,2.87335460769295,7.579141870608629e-10,2.0529894840906127,4.021533848824092,0,,0,1
S2_N100,5500383,3.2579615495815193,2.310448113016427,4.594049699170262,1.627358903519293e-11,-0.6690322977545363,0.3414301356924587,0.0529246643329343,100,0.0005554009831424622,0.000565446830659613,True,0.002741974673651797,0.002128479113926717,True,0.3919600773315496,0.43592944946330914,0.0042971166742721304,0.050000000000000044,0.004974576271199278,0.05,1.627358903519293e-11,2.310448113016427,4.594049699170262,0,3.4460727638048567,1.666744553901871e-11,2.4038128264351286,4.940242169790304,0,,0,1
S2_N100,5500384,3.1913739516276967,2.348392165630902,4.33695353279787,1.212967184121362e-13,-1.6113082938084864,0.32381104513906495,2.810306330110424e-06,100,0.023836796899563063,0.011899365921792984,True,0.00015012830388936115,0.0002351152439855697,True,0.514188666176571,0.5044332252356463,0.00045637537513774814,0.010000000000000009,0.00010108082607661683,0.01,1.212967184121362e-13,2.348392165630902,4.33695353279787,0,3.2697116984693695,2.940411857658791e-12,2.3444874831526348,4.560064691295015,0,,0,1
S2_N100,5500385,2.627914484891094,1.9467558294294243,3.547406631844779,2.758500289270799e-10,-1.093265055305203,0.34585717874451144,0.002097965413147191,100,0.0004949133853146188,5.1065871414162264e-05,True,0.09916772916741448,0.18809422091319117,True,0.6923649255554072,0.6677813321297564,0.00013243007595278514,-0.010000000000000009,0.0005536828842662267,-0.01,2.758500289270799e-10,1.9467558294294243,3.547406631844779,0,2.845848627257449,2.5276194127762788e-11,2.093041445794987,3.869419033977594,0,,0,1
S2_N100,5500386,3.361384739841176,2.474937640321196,4.565330125962595,8.375878854607625e-15,-0.8156790017947187,0.3298764766625996,0.015150713479027654,100,0.0004248550550022448,6.272322294279442e-05,True,0.018258174369445365,0.038801477708247684,True,0.8392223682007884,0.7032834417029868,0.0001957881771762879,0.010000000000000009,0.000196908553041359,0.01,8.375878854607625e-15,2.474937640321196,4.565330125962595,0,3.3838850118272967,4.199871354560727e-13,2.43373284417695,4.7049855125499045,0,,0,1
S2_N100,5500387,3.1010674517539445,2.246024576693658,4.281618037539106,6.14354477477392e-12,-0.5167908636688062,0.3631091979000887,0.1578755722218092,100,0.00034776113866516147,0.00012658432922166082,True,0.018287243988324032,0.011857437199982161,True,0.946584831903453,0.8298544177584886,0.002638582790163505,-0.040000000000000036,0.0011384769640687454,-0.04,6.14354477477392e-12,2.246024576693658,4.281618037539106,0,3.538485679854466,3.912348365934439e-12,2.4764514848272587,5.055976659849041,0,,0,1
S2_N100,5500388,2.440696188134005,1.7508319806682906,3.4023812384887333,1.405318274359548e-07,-1.1852549626192312,0.3320939065318655,0.0005591038547633223,100,0.0005652982183276822,0.0017632139285642208,True,0.0862890596673089,0.03824355138215686,True,0.03198226731865167,0.06547462272241296,0.016212333313314484,0.09999999999999998,0.009903478234002474,0.1,1.405318274359548e-07,1.7508319806682906,3.4023812384887333,0,2.456680858774402,5.488572913014264e-07,1.7281893856765722,3.4922566310669523,0,,0,1
S2_N100,5500389,2.688507663878578,1.9717641803719252,3.665790022298939,4.060896617867397e-10,-1.7121988744483563,0.31332050475008766,3.5891822188948115e-07,100,2.508197928204068e-05,3.262238975853931e-05,True,0.008119100923734164,0.004099420390127232,True,0.22945896885205141,0.2939237577076843,0.0014097154256079662,-0.030000000000000027,0.0015270756526480317,-0.03,4.060896617867397e-10,1.9717641803719252,3.665790022298939,0,2.5766500545169797,1.478686992818753e-08,1.8570121642624695,3.5751653280521984,0,,0,1
S2_N100,5500390,1.9565170454047838,1.4372061387801416,2.663472445371353,2.0031344556496173e-05,-1.634010275786069,0.3168397453766852,1.325348223423398e-06,100,0.050661674029044694,0.09266033307421614,True,0.11107394893165562,0.12839453948173826,True,0.39589430110396195,0.284825337664277,0.0020494889266140614,-0.040000000000000036,0.0037840618870307492,-0.04,2.0031344556496173e-05,1.4372061387801416,2.663472445371353,0,1.94650874576038,4.8562950838847484e-05,1.4115676857141433,2.684176136693553,0,,0,1
S2_N100,5500391,2.113596254145075,1.532250339320419,2.9155086547524722,5.109337863860952e-06,-1.7705829525134091,0.3419772533203943,1.2173748588518183e-06,100,0.010077038914310424,0.009260682348511785,True,0.0007166433272516499,0.0006476020012083769,True,0.49031323606215904,0.5110023968130539,0.0429890757433522,0.13,0.03252650520040851,0.13,5.109337863860952e-06,1.532250339320419,2.9155086547524722,0,2.3351733462050586,5.762229450948697e-07,1.6746050204997405,3.256310885297131,0,,0,1
S2_N100,5500392,2.657904600358002,1.8807946967801599,3.7561020757333474,3.0264410478837066e-08,-1.4566076994236103,0.3259680494938301,2.1343374136951514e-05,100,1.4249951854936908e-05,6.952468474978151e-06,True,0.039663580195357824,0.04980730759323867,True,0.7177307328304481,0.758095093493582,0.0012649438393532513,0.020000000000000018,0.0006065469451128544,0.02,3.0264410478837066e-08,1.8807946967801599,3.7561020757333474,0,2.8709601982474817,3.8408729959734274e-08,1.9712742656540017,4.181261128159997,0,,0,1
S2_N100,5500393,2.064930589485049,1.5497054671765222,2.7514507948144056,7.374168752263954e-07,-1.3353438205601882,0.34077663440695,0.00016595839477666544,100,3.234222664956346e-06,7.820446791412565e-07,True,0.009467352844107064,0.016380882272831576,True,0.37811327931592076,0.34252558670620814,0.06563395364910456,-0.14,0.0651469506093429,-0.14,7.374168752263954e-07,1.5497054671765222,2.7514507948144056,0,2.1625691202960575,1.467993660788222e-06,1.5799181753888902,2.960093296544875,0,,0,1
S2_N100,5500394,2.3495848377233917,1.7041192482493575,3.239532042919485,1.8608481776844397e-07,-1.4210123591138752,0.3483562466801182,9.272150222652883e-05,100,7.102967427919265e-05,1.5797181814626937e-05,True,0.11964281213770808,0.13561665425258815,True,0.6416732278709728,0.8517734925635576,0.0007395278300270439,-0.010000000000000009,0.0008339226551137527,-0.01,1.8608481776844397e-07,1.7041192482493575,3.239532042919485,0,2.5665426312740105,5.043293263000218e-07,1.7769462350813405,3.7070007792584634,0,,0,1
S2_N100,5500395,3.051363487131309,2.2316617973262765,4.1721461297376266,2.764715932996444e-12,-1.7200000000000002,0.3847501949148022,2.1189047080258844e-05,100,0.00031840167862705375,0.00020474441617080716,True,0.00034717510706036336,5.529953745909481e-05,True,0.9143438182011178,0.8030751882080159,0.003155548821713119,-0.050000000000000044,0.0019110659101270976,-0.05,2.764715932996444e-12,2.2316617973262765,4.1721461297376266,0,3.2536316422923504,2.0185699831364107e-11,2.304563853305053,4.593545476530887,0,,0,1
S2_N100,5500396,2.5590720596319754,1.8458572053038242,3.5478637175030627,1.7286411438687683e-08,-0.6221157014419527,0.3315004780258125,0.06356974792725434,100,0.1246141595257752,0.16681884792247403,True,0.0003984726326127044,0.0001505205976793455,True,0.5576005498300456,0.8597762385772214,0.07789406929245037,0.15000000000000002,0.06765570270275817,0.15,1.7286411438687683e-08,1.8458572053038242,3.5478637175030627,0,2.8145384012991568,2.3769059089458824e-08,1.9570952339022556,4.047644833610202,0,,0,1
S2_N100,5500397,2.737993483372059,1.9623547269475228,3.820210592938499,3.087500153079942e-09,-1.0553073997544375,0.36029550601723903,0.004238500113307299,100,0.0003234037606582375,0.0005598302311422804,True,0.5603607263900402,1.0,True,0.8941315551284297,0.9641264554719933,0.05705936985755633,0.14,0.04586680159569175,0.14,3.087500153079942e-09,1.9623547269475228,3.820210592938499,0,2.787521603434585,9.2327233956585e-09,1.9647525909699313,3.954837227509952,0,,0,1
S2_N100,5500398,2.8015783435823343,2.0251323874942893,3.875717589476194,4.9293836578641e-10,-0.96,0.35229672924208916,0.007629520360274558,100,0.0031287354433016845,0.0009444665495963464,True,0.011177704824674648,0.009878410889627667,True,0.6714524128018392,0.41743179187343826,0.012597316187692172,-0.07999999999999996,0.0136577170322772,-0.08,4.9293836578641e-10,2.0251323874942893,3.875717589476194,0,3.1671313546563336,4.512912446706017e-12,2.28488208179327,4.390038811007147,0,,0,1
S2_N100,5500399,2.236179355287493,1.6244622907832882,3.0782481916541333,7.998162459501869e-07,-1.4354035724816476,0.3272210512038215,2.9262804120139265e-05,100,0.08113663744246417,0.12178050716200914,True,0.00685203719676976,0.014735830512139511,True,0.7705754099149777,0.9035615009195953,0.003204168633558152,-0.050000000000000044,0.0023134631302174345,-0.05,7.998162459501869e-07,1.6244622907832882,3.0782481916541333,0,2.300716165598165,2.087358776869212e-06,1.6307422131462013,3.245942143382881,0,,0,1
S2_N100,5500400,3.3545477266030694,2.3913986044779145,4.705610528076123,2.397149300610899e-12,-1.5347739428571447,0.30587734267727246,2.368301152983162e-06,100,2.060741443043617e-05,4.253766811989747e-05,True,0.06549365427700124,0.09516448576350926,True,0.6728130508182097,0.647351637376009,0.0412521574932258,0.12,0.03339387191958958,0.12,2.397149300610899e-12,2.3913986044779145,4.705610528076123,0,3.8975098120389084,1.312032013409777e-13,2.7190415485158286,5.586741674922639,0,,0,1
S2_N100,5500401,2.2055810929599424,1.5179394891425015,3.20473114535707,3.335672660699082e-05,-1.5549559802767805,0.36491894388282287,4.714923800467681e-05,100,0.007773007192859706,0.00439330606073489,True,0.04551897398432436,0.023233755998846382,True,0.9728959065661198,0.6981026119174216,0.000610608978962893,0.010000000000000009,0.0011915325554775293,0.01,3.335672660699082e-05,1.5179394891425015,3.20473114535707,0,2.3903082339484696,8.621637669088711e-06,1.6283013832942554,3.5089164155364068,0,,0,1
S2_N100,5500402,2.796998066247581,1.9753203112730862,3.96047068313224,6.7947736664649495e-09,-1.5393227754791472,0.3057178624103667,2.2031071295073935e-06,100,0.0003596473619701877,0.00024895587522308685,True,0.004631471890176632,0.001034002954805136,True,0.2476973150469216,0.21765806342555472,0.003368507452700684,-0.050000000000000044,0.0012378385718783238,-0.05,6.7947736664649495e-09,1.9753203112730862,3.96047068313224,0,3.0111451051875187,2.557332272873496e-08,2.0429404612794513,4.438208071328854,0,,0,1
S2_N100,5500403,3.6788040669453026,2.6161517619777412,5.173094145250296,6.916779261192919e-14,-1.2555103145079467,0.3869035319339561,0.0016120733696111129,100,0.00825127053661968,0.007250333762840052,True,0.0007785171770296483,0.0007405036900375189,True,0.89995430031848,0.8087258578297651,0.06913153811071032,0.15000000000000002,0.07210715147287587,0.15,6.916779261192919e-14,2.6161517619777412,5.173094145250296,0,4.404129036984006,1.1067762828865791e-13,2.9782313498156108,6.512708482370432,0,,0,1
S2_N100,5500404,2.596252474301574,1.8586826666644096,3.626507650396067,2.202945279817956e-08,-1.61728064300067,0.32033473469625967,2.082414881642916e-06,100,0.005518662421705073,0.008866920103379944,True,0.007886556250808629,0.014930732654692582,True,0.9957594611029339,0.9006849105769021,0.0008467304693866936,0.010000000000000009,0.002448250421218162,0.01,2.202945279817956e-08,1.8586826666644096,3.626507650396067,0,2.73817637602589,2.859448768705227e-09,1.9638289264547442,3.8178528512468457,0,,0,1
S2_N100,5500405,2.67064411327844,1.899485920630594,3.754879097719756,1.600360140713906e-08,-2.021245704778095,0.3557297019110572,1.3956199910382772e-07,100,0.012678513663151002,0.02934495358893236,True,0.03774060835389267,0.03231045935809894,True,0.46623279105970217,0.8925503139818634,0.001284469241249191,-0.010000000000000009,0.0005536828842662267,-0.01,1.600360140713906e-08,1.899485920630594,3.754879097719756,0,3.080867378421986,7.879040722678762e-11,2.1947625109102056,4.324724773747103,0,,0,1
S2_N100,5500406,2.427391475375778,1.748267624523853,3.3703245956589543,1.1831594103388408e-07,-1.0641836596893985,0.35528289685445735,0.0034797550231074146,100,0.00019185394061858554,0.000307455793628068,True,0.02645948773881398,0.015467520840664183,True,0.9684065640826895,0.7476220005623666,0.0077254485261164605,0.06999999999999995,0.0023069183939319537,0.07,1.1831594103388408e-07,1.748267624523853,3.3703245956589543,0,2.5088000212638706,5.995158365071188e-08,1.798805607319883,3.499031535748552,0,,0,1
S2_N100,5500407,2.1288305534319636,1.5926422420856996,2.8455351776243916,3.336098386226023e-07,-1.3368600275824505,0.3366716571661279,0.0001375378040287253,100,0.0004158997619643648,0.001121301683095571,True,0.06541594574006551,0.06310500133983048,True,0.7045255247572102,0.7422114495535606,0.0019576869556194457,0.040000000000000036,0.0007010457179223901,0.04,3.336098386226023e-07,1.5926422420856996,2.8455351776243916,0,2.1408565791954093,2.2575444207958906e-06,1.5616013440012644,2.9349788345728767,0,,0,1
S2_N100,5500408,2.6416898475234216,1.9171834886454082,3.639988186753589,2.8605552420617772e-09,-1.6463324815109392,0.3473184929569157,7.321765893752211e-06,100,0.0015021551708521122,0.0012357075745464546,True,0.004406932448010699,0.005540998654839593,True,0.0948262907308477,0.11691361732744794,0.00198152555239819,-0.040000000000000036,0.0014086709186982203,-0.04,2.8605552420617772e-09,1.9171834886454082,3.639988186753589,0,3.079477463107794,2.238535213841969e-10,2.175522302290776,4.359036648717984,0,,0,1
S2_N100,5500409,2.5475213328313995,1.816290733268154,3.5731421310251865,6.050786328204864e-08,-1.589215967246672,0.33811272722193814,8.586026366693156e-06,100,0.00104469612884285,0.0009271011017247998,True,0.03147229003732768,0.04819448662798585,True,0.6545799929765561,0.7897099020935407,0.004908181638961489,0.04999999999999993,0.007055530019384569,0.05,6.050786328204864e-08,1.816290733268154,3.5731421310251865,0,2.939146526697597,2.3407251155105643e-09,2.0632880448716264,4.186803838111719,0,,0,1
S2_N100,5500410,3.1578175656245606,2.2145380940752517,4.502885637616932,2.133171447964396e-10,-0.9669621713522366,0.37235172313316006,0.010869804063806174,100,7.095376306836175e-05,3.046301967805171e-05,True,0.2303182238289646,0.42857891088866373,True,0.8486930844723529,0.7739682330968498,0.0010804121452328206,0.020000000000000018,0.00014217573846074432,0.02,2.133171447964396e-10,2.2145380940752517,4.502885637616932,0,3.16373981061372,5.917855784659651e-10,2.1972871174870385,4.555276144662136,0,,0,1
S2_N100,5500411,2.5193074790566423,1.7619686698972903,3.602169710770573,4.085620893301723e-07,-1.4911654920386315,0.32028809986141454,1.0249771276624095e-05,100,0.00029487977607572425,3.063811994960812e-05,True,0.14839905954921326,0.0959995899141837,True,0.7479400551188735,0.9393057840477722,0.0004668843432635998,0.0,0.000613104509899044,0.0,4.085620893301723e-07,1.7619686698972903,3.602169710770573,0,2.703788002008049,6.251001942339093e-08,1.8858959346831283,3.8763907516620186,0,,0,1
S2_N100,5500412,2.817551134296729,2.0953963024191222,3.78858852867676,7.0767945520263655e-12,-1.7300176531325984,0.3122483421942811,2.58623054214888e-07,100,0.0028138946420830416,0.0012975443195064656,True,0.00014649067146821872,0.0025335091259149167,True,0.4234827821635214,0.349787533789493,0.004607856584312976,-0.04999999999999993,0.007055530019384569,-0.05,7.0767945520263655e-12,2.0953963024191222,3.78858852867676,0,2.9319967013357737,9.505432618088194e-12,2.1517194294217283,3.9952256502857275,0,,0,1
S2_N100,5500413,2.6333225103323814,1.947144333720996,3.561311466917098,3.250936652167139e-10,-1.3133854030719818,0.3779968023707316,0.0007665115734125181,100,0.000901045500189678,0.00022450832063204774,True,0.003912150903967569,0.0006979754552684584,True,0.7424515669328953,0.8599206568781625,0.0013350599993789227,0.010000000000000009,6.880739795269412e-05,0.01,3.250936652167139e-10,1.947144333720996,3.561311466917098,0,2.718751494385324,1.1165847383277335e-09,1.9706793321252092,3.7507927178853664,0,,0,1
S2_N100,5500414,3.291496028228241,2.3700402064032993,4.571207726591082,1.1652249438533392e-12,-1.5799999999999985,0.3066230923813438,1.349466090489252e-06,100,9.485850113399028e-06,0.0007829850124984161,True,0.10372499705784208,0.07194664472193649,True,0.6693525189765617,0.7138282929615569,0.03127769329663373,0.10999999999999999,0.04301892814240384,0.11,1.1652249438533392e-12,2.3700402064032993,4.571207726591082,0,3.8032037948811324,1.0423709735340883e-13,2.674380107024026,5.408490389009725,0,,0,1
S2_N100,5500415,2.0351153168769174,1.5248907755789436,2.716059680677517,1.399570834211014e-06,-1.1214771387990703,0.2848505119158524,0.00015529068458983752,100,0.010752829613912086,0.004499903372391244,True,0.01480363644963417,0.012784807438894392,True,0.1146161083768613,0.09861797628703908,0.000598071266354728,-0.030000000000000027,0.0005074715033109183,-0.03,1.399570834211014e-06,1.5248907755789436,2.716059680677517,0,1.9787500242690683,7.801414859089443e-06,1.4670622644063018,2.6689062581330614,0,,0,1
S2_N100,5500416,3.4722864021481263,2.486179299088773,4.849518642103485,2.8077068744364006e-13,-0.6839437939110067,0.3448863963610578,0.05018411575778824,100,3.062348594045403e-07,5.309292298926517e-10,True,0.30951371965286933,0.23210128051442835,True,0.6892195230425935,0.6752364189043825,0.0026960118185734698,-0.019999999999999907,0.005427680049752789,-0.02,2.8077068744364006e-13,2.486179299088773,4.849518642103485,0,4.130802836249911,4.570018454124949e-16,2.933481901053052,5.816818595623479,0,,0,1
S2_N100,5500417,2.0390937812314367,1.5024669632981078,2.767384275478235,4.815106043269894e-06,-1.7368113924728306,0.2936684759455282,4.994850986846741e-08,100,3.4646149381128244e-06,2.354274786433517e-06,True,0.016936419141593422,0.0327720491363937,True,0.16305586085361157,0.24512585008052423,0.0005874772818792453,0.010000000000000009,0.001002731074302973,0.01,4.815106043269894e-06,1.5024669632981078,2.767384275478235,0,2.276493361798745,1.3241967735190821e-06,1.6310747873611215,3.1773049687674186,0,,0,1
S2_N100,5500418,3.457011504461822,2.4785449190447464,4.821751847284409,2.739716059726606e-13,-1.3893944562899772,0.33185932063894225,6.230769370960358e-05,100,0.002254647505755602,0.0011715838955935875,True,0.008205928796051887,0.012484094598213862,True,0.24777192200197484,0.2927273421638028,0.005414875268683713,-0.05999999999999994,0.0036927022941212057,-0.06,2.739716059726606e-13,2.4785449190447464,4.821751847284409,0,3.6869108078331934,7.875665525764357e-14,2.6183649011007084,5.191526704013965,0,,0,1
S2_N100,5500419,2.3166904740684893,1.623740263069896,3.305365319015095,3.602028257570727e-06,-1.3250338258456444,0.3245420893483373,9.150926207105716e-05,100,7.003627086200682e-06,1.2703611715187918e-06,True,0.044241736097009154,0.026968731640634135,True,0.749587802064393,0.9143936825701499,0.002843811764871106,0.040000000000000036,0.0017144240573671004,0.04,3.602028257570727e-06,1.623740263069896,3.305365319015095,0,2.445601336898558,2.5581695200343047e-06,1.6847751022588735,3.5500084794825093,0,,0,1
S2_N100,5500420,3.0541034541683856,1.9528155872263677,4.776461213120186,9.924823502647856e-07,-2.1429188577890876,0.2831222004226866,2.1865017811645447e-11,100,0.008803355455441413,0.008596459612379533,True,7.66543908801216e-05,3.4939824876173896e-05,True,0.9009418010902965,0.85449663719242,0.005958305231676231,0.06000000000000005,0.0031123090009573516,0.06,9.924823502647856e-07,1.9528155872263677,4.776461213120186,0,3.2775058878549466,2.6843512591441604e-07,2.085091498897984,5.151833792714249,0,,0,1
S2_N100,5500421,3.1152590076499878,2.098145570425743,4.625436300292138,1.754440722967637e-08,-1.008767675139989,0.3541025120887749,0.005358825539240492,100,0.0006121959296414108,7.178559259748899e-05,True,0.0007289174489077856,0.0009040209545774786,True,0.3163470129309828,0.2533786414840068,0.019956864867913662,0.08999999999999997,0.03155673594021054,0.09,1.754440722967637e-08,2.098145570425743,4.625436300292138,0,3.161593390032021,7.33045859645753e-09,2.1403452521374353,4.670121679627193,0,,0,1
S2_N100,5500422,2.454661259985862,1.7434838709154734,3.455932114881892,2.679231881835317e-07,-1.6977547092785923,0.39642349864161847,4.3463214659211935e-05,100,0.0004995375644417855,0.0009277953141881546,True,0.0044826594472360615,0.0012090159973798336,True,0.13474363958047497,0.15512559014024477,0.006405781796521289,0.05999999999999994,0.003692702294121217,0.06,2.679231881835317e-07,1.7434838709154734,3.455932114881892,0,2.8916851792644556,4.451467135823068e-08,1.9768501010101052,4.229882261535703,0,,0,1
S2_N100,5500423,2.9569962207175657,2.0643137927667667,4.235706160553603,3.3621009521336033e-09,-1.9201918883558657,0.3652815477685467,8.7186933451347e-07,100,0.010560552643563497,0.008673835978832332,True,0.009429303056784619,0.003714168610738698,True,0.6962330950842675,0.5650006206586913,0.003203292927382145,0.050000000000000044,0.002759886080977479,0.05,3.3621009521336033e-09,2.0643137927667667,4.235706160553603,0,3.0387516308434863,5.650793145415241e-09,2.090884844764812,4.4163175686476475,0,,0,1
S2_N100,5500424,2.384924262024876,1.758678678146628,3.2341688145039753,2.2367267131591095e-08,-1.7207479855515433,0.2895066138022858,4.377440429128624e-08,100,0.004570940869670161,0.0018361940458707865,True,1.0672882760769065e-05,4.606971897961749e-07,True,0.12071868684316603,0.1980288337335594,0.0005401772549622553,0.010000000000000009,0.00026343889354967713,0.01,2.2367267131591095e-08,1.758678678146628,3.2341688145039753,0,2.46587387914889,1.79803627638537e-08,1.8010427535074935,3.3761186268494066,0,,0,1
S2_N100,5500425,2.5012925650751106,1.7880590575797615,3.4990256443590306,8.646314826459184e-08,-1.34,0.3134017036953266,4.4630147638400506e-05,100,0.0016074506461066238,0.004440254972178171,True,0.026481141031929098,0.0583836136999837,True,0.7585492529474396,0.7269282412090936,0.005858063136934825,-0.07999999999999996,0.003873344612811002,-0.08,8.646314826459184e-08,1.7880590575797615,3.4990256443590306,0,2.6012954384129765,3.0507933253706906e-07,1.8041039135831525,3.75074734163658,0,,0,1
S2_N100,5500426,3.0885772967229066,2.153858276516372,4.428940298365851,8.679014848779222e-10,-0.7743504039504835,0.34674780177893866,0.027835505607736507,100,0.0001181151079531764,2.4987102281172294e-05,True,0.00816322190102534,0.02503577427628823,True,0.34336854458708943,0.31642280140305934,0.04655469175907769,0.12999999999999995,0.06201230256709226,0.13,8.679014848779222e-10,2.153858276516372,4.428940298365851,0,3.8342816147076357,3.28214672699909e-11,2.577635210406856,5.703567146169014,0,,0,1
S2_N100,5500427,2.4190049712052657,1.7259030913029763,3.3904482124185287,2.9235892760152424e-07,-0.8008330322580643,0.3179627333104142,0.013416766455420219,100,0.010902416897570832,0.009137163437312478,True,0.03243713164086108,0.02325120375593465,True,0.04084930424756859,0.0547691398479254,0.000739527830027046,-0.010000000000000009,0.00014327644244089226,-0.01,2.9235892760152424e-07,1.7259030913029763,3.3904482124185287,0,2.5310141155038974,3.90966317875274e-07,1.768032440917694,3.623255040249679,0,,0,1
S2_N100,5500428,2.453826112675615,1.755035081390088,3.4308502747874052,1.5266538049447883e-07,-1.5091651603400953,0.39184308906333654,0.00021070162395280247,100,0.0027383415450970006,0.003358201033200363,True,0.08614797649429967,0.1228010586487697,True,0.8031253111765886,0.718929824064725,0.0016272339680170479,-0.020000000000000018,0.0006065469451128544,-0.02,1.5266538049447883e-07,1.755035081390088,3.4308502747874052,0,2.5885433409145913,2.755861111712663e-08,1.8507643865302226,3.6204266067359057,0,,0,1
S2_N100,5500429,2.837379249781576,2.0850564062889863,3.861152620527831,3.254648943415496e-11,-1.3300972590627766,0.33131708324910525,0.00011738720345993645,100,0.0008878652559468846,0.001076794427599314,True,0.010742086289261711,0.011129625652051457,True,0.3682459632780475,0.19501671376198992,0.0014995760686998458,-0.040000000000000036,0.000903003780770482,-0.04,3.254648943415496e-11,2.0850564062889863,3.861152620527831,0,3.4824639705914375,1.6408866812851453e-13,2.499655033223348,4.851691591550852,0,,0,1
S2_N100,5500430,2.1815956764971927,1.5482797368298953,3.073966275277902,8.252490072572094e-06,-1.304963490057856,0.3580752134039309,0.0004329673375575103,100,0.0037297092594252667,0.0012148926138708734,True,0.2639623992181803,0.17457763402348891,True,0.8020946231189288,0.6503542053373088,0.0013285481437292843,-0.019999999999999907,0.0009326302855561507,-0.02,8.252490072572094e-06,1.5482797368298953,3.073966275277902,0,2.310782984477995,2.8812701646011287e-06,1.6270065669795248,3.2819277498467687,0,,0,1
S2_N100,5500431,3.484102424504172,2.4589244463542888,4.936698938608557,2.2153641986475944e-12,-1.1233554787313995,0.340336646906924,0.00135022677456751,100,1.8801545064736254e-05,0.00015216824146545047,True,0.00508747169812742,0.0048283976176047025,True,0.10920875474432418,0.1768371581647039,0.0015971746504955964,-0.020000000000000018,0.0018701602225529644,-0.02,2.2153641986475944e-12,2.4589244463542888,4.936698938608557,0,3.749311047275179,9.02910047502997e-11,2.514291385374029,5.5909722361509475,0,,0,1
S2_N100,5500432,2.8558697600532046,2.140486344116648,3.8103453025075127,9.823738258015852e-13,-2.108333905874271,0.3863225664965669,3.7029134131224515e-07,100,0.003226274027534436,0.002570162814830632,True,0.05287279515337161,0.038280211069741804,True,0.8754432321807694,0.9282773784119961,0.0011607074090395268,0.020000000000000018,0.00027496065630798846,0.02,9.823738258015852e-13,2.140486344116648,3.8103453025075127,0,3.059552547077284,3.864343924158169e-09,2.1706338737535296,4.312501477801041,1,0.0,0,1
S2_N100,5500433,2.6702173327480523,1.86003520023271,3.8332933716609654,1.0146542582305814e-07,-1.8955342017003356,0.3331936454066638,1.3533182490732775e-07,100,0.011994778650656809,0.0031567642439170422,True,0.00030362939912335386,4.701398114855314e-05,True,0.29336605874899613,0.14408309687238954,0.001129485792322792,0.010000000000000009,0.001882139237311611,0.01,1.0146542582305814e-07,1.86003520023271,3.8332933716609654,0,2.8478062753590656,3.194109424175711e-08,1.9653241483887325,4.126546040063388,0,,0,1
S2_N100,5500434,2.3937785279426445,1.779952155303963,3.2192863295590715,7.734792069341878e-09,-1.5938916273078567,0.3413359047258553,9.700945983623194e-06,100,0.014170245239531426,0.03989782012532064,True,0.019570353993635086,0.011564326756795869,True,0.730266848039939,0.6856517180260121,0.007287759947769835,-0.06999999999999995,0.005737246717089491,-0.07,7.734792069341878e-09,1.779952155303963,3.2192863295590715,0,2.8330902703039875,7.509564572857165e-10,2.0335002185299924,3.9470861161221653,0,,0,1
S2_N100,5500435,2.630906422029401,1.9051407015454769,3.63315349667381,4.25699214583023e-09,-1.1803641246143755,0.31501857538019573,0.0003040057119581277,100,8.614023232112411e-07,8.823630604582796e-07,True,0.03424358906462864,0.028822086793171577,True,0.5809603687759819,0.4927549224347719,0.04056766560918529,0.12,0.04183467676823715,0.12,4.25699214583023e-09,1.9051407015454769,3.63315349667381,0,2.9193343391186493,1.3144388256958863e-09,2.065086461752874,4.126952135613388,0,,0,1
S2_N100,5500436,2.103527504632045,1.5041008107236333,2.9418426818177856,1.391657223793909e-05,-1.1667084288260754,0.3392272795513268,0.0008611689387122195,100,0.0005979590483893787,0.00023910401819149995,True,0.08736330623050957,0.06968141741446861,True,0.9565189395559224,0.8165402593991449,0.0015301087822477113,-0.020000000000000018,0.0003662222726521399,-0.02,1.391657223793909e-05,1.5041008107236333,2.9418426818177856,0,2.2179976490276627,6.093728782532682e-06,1.5705381591055603,3.132374430108695,0,,0,1
S2_N100,5500437,2.3707331021273395,1.7993698721745235,3.123524256149816,8.509076476592887e-10,-1.2399999999999989,0.34242572409427663,0.00046853938350718697,100,0.0007515436259453483,0.0004291556185580729,True,0.07190241151761838,0.05169976581760971,True,0.5091099498205458,0.5059804424654477,0.005007569484654985,0.06000000000000005,0.0021114938313528276,0.06,8.509076476592887e-10,1.7993698721745235,3.123524256149816,0,2.5602766677573925,1.6715115718700434e-10,1.9188140027161955,3.4161813527438727,0,,0,1
S2_N100,5500438,3.385153647923807,2.3692248312987485,4.836714974732971,2.1174533019978324e-11,-1.424056305213085,0.3056377714755934,1.0104736058698472e-05,100,0.0013800697216984623,0.00011495754436522512,True,0.0012679036837621414,0.0005962543298477747,True,0.3034786136445642,0.27391725844541936,0.001124557363194281,-0.019999999999999907,0.0024885578646206353,-0.02,2.1174533019978324e-11,2.3692248312987485,4.836714974732971,0,3.6928521409107957,1.292621267592133e-12,2.5741430580590654,5.297746328408036,0,,0,1
S2_N100,5500439,3.495236049132407,2.4926362171405283,4.901106288654224,4.010029092751045e-13,-1.090517642368264,0.35281104255057155,0.0026044813189048982,100,0.0005752812102055187,0.00037004274944229333,True,0.000168475573689586,9.199752217980586e-05,True,0.9432134798359832,0.9226837623825874,0.0009731339052480138,-0.020000000000000018,0.0007583120208675366,-0.02,4.010029092751045e-13,2.4926362171405283,4.901106288654224,0,3.738918072274559,2.90941384648169e-13,2.6238518678843064,5.327857308672466,0,,0,1
S2_N100,5500440,2.7438386580854277,1.9800817944041431,3.8021917088882695,1.3250257486237166e-09,-1.4801466454845398,0.36172559722128816,8.849325048763241e-05,100,0.0164969420103092,0.006706032926353133,True,0.10049430074852181,0.044368924854518946,True,0.10210636309657378,0.26123542097314145,0.005739212744203144,-0.04999999999999993,0.0019110659101271013,-0.05,1.3250257486237166e-09,1.9800817944041431,3.8021917088882695,0,2.985393496783439,6.24969835219295e-09,2.0642450129365004,4.317595186027956,0,,0,1
S2_N100,5500441,3.1511807217344487,2.173093759382956,4.569494481384191,1.418082602113197e-09,-1.4249923147863501,0.30264189031627237,8.30797836933236e-06,100,0.0048138980764755954,0.012841727737542006,True,0.02021956671505296,0.0267812434335956,True,0.7087260299621039,0.9200612923536545,0.0007014224442855591,0.0,0.000613104509899044,0.0,1.418082602113197e-09,2.173093759382956,4.569494481384191,0,3.322392735933518,1.825048109991054e-09,2.2463223148349605,4.913940185202141,0,,0,1
S2_N100,5500442,2.603091263566473,1.7355804144594549,3.904217903130985,3.73187073087077e-06,-0.8352336887764318,0.33506043215252584,0.014368898429522511,100,0.000275885782720036,6.971936536893616e-05,True,0.33998048542606296,0.20993110124125336,True,0.5792364487804947,0.7007811797628494,0.00023483005760133361,0.0,0.0004029097983974472,0.0,3.73187073087077e-06,1.7355804144594549,3.904217903130985,0,2.707283974803164,7.421094790713315e-07,1.8250353229237495,4.016024472602628,0,,0,1
S2_N100,5500443,4.177091776146259,2.9430482522438175,5.928579557962074,1.2258791099186691e-15,-1.5549252236759046,0.31666500164763667,3.67910722887699e-06,100,0.0009207284269916142,0.007549102246199931,True,0.07250195692457574,0.1192787380717275,True,0.5851986618705388,0.5198223937005988,0.00021230720533536474,0.0,0.0005006636919721179,0.0,1.2258791099186691e-15,2.9430482522438175,5.928579557962074,0,4.792441086164467,2.6156856562476057e-16,3.293732683570159,6.9730891273976185,0,,0,1
S2_N100,5500444,3.4938771241246753,2.50366151434895,4.875729921365211,1.8740976667801106e-13,-1.019999999999999,0.3391081985222182,0.003350846394687138,100,6.009541648687513e-05,6.011180239571202e-07,True,0.020164561325934725,0.026187363767345165,True,0.49713792244939825,0.6600812500504898,0.0008118498934269432,-0.010000000000000009,0.0005536828842662267,-0.01,1.8740976667801106e-13,2.50366151434895,4.875729921365211,0,3.583420800532871,9.013953580922411e-13,2.5248886945889772,5.085730971511991,0,,0,1
S2_N100,5500445,2.5703263371281504,,,,-1.4519099364293995,0.3119395352860559,1.0300326649234318e-05,100,0.0005562431568876756,0.00030024148974226966,True,0.13280616591678393,0.22283181459087498,True,0.768512407919256,0.9889471530080131,0.0006569031875162735,0.0,0.0004029097983974472,0.0,7.23595603239895e-06,1.730920142583887,3.8168008545284082,1,2.974734473651484,1.0997541738110571e-05,1.8649723027643046,4.744866814168936,1,0.0,0,1
S2_N100,5500446,2.852626982934465,2.049015934454821,3.9714091857128073,5.324579359531075e-10,-1.1724958195772395,0.3345204866254251,0.0006928815191123508,100,0.0012095392659695625,0.0001823728924801345,True,0.001264308831751074,0.0011809640807086074,True,0.5227600112055782,0.5892415974330732,0.0009515934700091207,-0.030000000000000027,0.0012665234824340232,-0.03,5.324579359531075e-10,2.049015934454821,3.9714091857128073,0,2.9007737348913865,2.20230311866758e-09,2.0463390673091353,4.11197166464719,0,,0,1
S2_N100,5500447,2.569472998485561,1.8428041420603383,3.582687567960875,2.63310318509026e-08,-1.7800000000000007,0.38231552136177577,1.0244096036551965e-05,100,0.00010476421162550952,0.00015727571581273606,True,0.029298874051180326,0.01595112059861135,True,0.7271021560333653,0.9475264324087992,0.0019114351821045746,0.030000000000000027,0.0010351788500388907,0.03,2.63310318509026e-08,1.8428041420603383,3.582687567960875,0,2.6402838559504604,2.49937983528516e-07,1.8256678271959967,3.81838291508888,0,,0,1
S2_N100,5500448,3.255468618544659,,,,-1.6400000000000006,0.2848176629240459,9.985962600387745e-08,100,0.004219802366642208,0.002181104274586142,True,0.4234149786896727,0.5339355237177388,True,0.48650605899454946,0.6882520280172038,0.08959780550251974,-0.15000000000000002,0.11179744698392319,-0.15,1.0519355394470102e-07,2.164315195983155,4.896734055186829,1,3.556852993944873,3.5682960375636086e-07,2.242486308107584,5.641596639763146,1,0.0,0,1
S2_N100,5500449,3.240767336438744,2.39277100804412,4.389292955163812,3.035794880641018e-14,-1.339999999999999,0.36503529270092555,0.00039541670048726845,100,0.008624931192040537,0.003047436850275131,True,0.131696879886731,0.1331043045308243,True,0.14940574222675193,0.22441454035469655,0.0023592875007997396,-0.030000000000000027,0.0024880397386023738,-0.03,3.035794880641018e-14,2.39277100804412,4.389292955163812,0,3.886251262329239,4.136858713231235e-14,2.7329012136568966,5.526342773929372,0,,0,1
S2_N100,5500450,2.6179973180356133,1.9294701185880376,3.552223945430816,6.360676452510377e-10,-1.49456530388147,0.344443284905714,3.509385217498174e-05,100,0.00010105335080382502,8.087499441303684e-05,True,0.007526914699926638,0.0038500538271153983,True,0.19017349160507546,0.32263716317404323,0.02150278603934269,0.09999999999999998,0.032624666507825126,0.1,6.360676452510377e-10,1.9294701185880376,3.552223945430816,0,3.0566759534485297,7.803084757959656e-12,2.219457941729623,4.209707113039173,0,,0,1
S2_N100,5500451,2.5234110201947173,1.7679571230760869,3.6016728537856646,3.414111528011292e-07,-1.4290476329717239,0.3240526118913441,2.676209861307545e-05,100,1.1801032113119343e-07,4.789854257952436e-07,True,0.00234125350326049,0.000917817698858891,True,0.1890803411886648,0.39841774021463006,0.00038104030639871437,0.010000000000000009,0.00026343889354967713,0.01,3.414111528011292e-07,1.7679571230760869,3.6016728537856646,0,2.7042781000360554,2.418108439748166e-07,1.8538172188073396,3.944898109771329,0,,0,1
S2_N100,5500452,2.852306231836563,2.0857037017043902,3.9006743064824696,5.281237658188639e-11,-1.1993188717966121,0.3190307356523275,0.0002912711407540088,100,0.0013793119754623073,0.0005624643656649846,True,0.002092034033559561,0.001577196486978454,True,0.8019880139768398,0.8516945767798919,0.005322492749866279,0.06999999999999995,0.0028635665300193254,0.07,5.281237658188639e-11,2.0857037017043902,3.9006743064824696,0,3.047872377092498,4.928192962230699e-10,2.145456984536698,4.329858903719529,0,,0,1
S2_N100,5500453,2.608038928900938,1.8764018042529658,3.6249523099188847,1.153311429234818e-08,-1.6599999999999997,0.3331371043611585,2.7321619524757923e-06,100,0.00014492667738084762,5.638957392762769e-05,True,0.04814867219474379,0.02902341823958469,True,0.9189278886432706,0.6203191657756353,0.003514191637747262,0.040000000000000036,0.002848536701698934,0.04,1.153311429234818e-08,1.8764018042529658,3.6249523099188847,0,2.8936103110609133,1.5303744363367563e-09,2.0498968607399704,4.084586299261692,0,,0,1
S2_N100,5500454,2.7874320570661566,1.9801382852493823,3.923855990583771,4.212075374031759e-09,-1.5747053483323452,0.311434108144476,2.0180038534770154e-06,100,0.0018753276136488518,0.002168878977706389,True,0.016978214660592916,0.027318482821133697,True,0.46825564268694975,0.3147952288355209,0.0021306525001452926,0.030000000000000027,0.0010351788500388907,0.03,4.212075374031759e-09,1.9801382852493823,3.923855990583771,0,2.7236581395272568,1.325609887746757e-08,1.9278321344847902,3.8480080958893286,0,,0,1
S2_N100,5500455,2.4224259231184457,1.7806642601424636,3.2954821884990078,1.7585530187779613e-08,-1.6545653475065238,0.31975484304310625,1.2328264137601857e-06,100,4.158667026631142e-05,1.1524802099139622e-05,True,1.6789158580563592e-05,8.469689924147701e-05,True,0.4197749282138312,0.6109415874759161,0.004109819139668947,-0.04999999999999993,0.0037831190449990784,-0.05,1.7585530187779613e-08,1.7806642601424636,3.2954821884990078,0,2.7346116017659434,6.69144175371036e-11,2.0216712230094007,3.6989697075379135,0,,0,1
S2_N100,5500456,2.385592077112689,1.6564156789617575,3.435761705630551,2.991562241560651e-06,-1.4919804932814091,0.3032268731663425,3.5314729873952717e-06,100,0.019047265476157746,0.025051328062388984,True,0.0027643536161742503,0.001987403588835733,True,0.3615145704223841,0.32907391039899003,0.0007689229192785695,0.030000000000000027,0.0006568092743074176,0.03,2.991562241560651e-06,1.6564156789617575,3.435761705630551,0,2.634501946334785,9.669819578263429e-06,1.7152781300268394,4.046341164003047,0,,0,1
S2_N100,5500457,4.05053870080367,2.9364298471357477,5.587350837859064,1.54529605993729e-17,-1.394951856088177,0.38309341973027433,0.000437575607128164,100,0.0011768690356681682,0.001390904798806422,True,0.043836700096755554,0.05838740682660361,True,0.21162947598881876,0.351270035093731,0.01246257793253424,0.05999999999999994,0.012043063903440704,0.06,1.54529605993729e-17,2.9364298471357477,5.587350837859064,0,4.346693056980394,1.8517603201154436e-16,3.063419180464586,6.167533536411498,0,,0,1
S2_N100,5500458,2.655526668000973,1.8797322232324252,3.75150343081202,3.022748788581682e-08,-2.290141522029372,0.33018554280626555,4.521382193636176e-10,100,0.0001906002516265625,0.00030647799644233044,True,0.0023492924968252765,0.002008391531291566,True,0.09865317916914552,0.14022061248869921,0.041249047002978725,-0.12,0.02248577924893737,-0.12,3.022748788581682e-08,1.8797322232324252,3.75150343081202,0,2.9751513934888587,2.682513536295728e-10,2.1211592753499273,4.172966130852415,0,,0,1
S2_N100,5500459,2.700565225262318,1.7525943141684501,4.161289624722099,6.684557504427871e-06,-1.074345973386663,0.29369846508149716,0.0004132799993503915,100,0.05063432757582827,0.0377908996275924,True,5.172095330061157e-06,1.8636080341805402e-05,True,0.8603917443222195,0.8978602535732018,0.0009570750763230587,0.020000000000000018,0.0013522337758173286,0.02,6.684557504427871e-06,1.7525943141684501,4.161289624722099,0,2.9353695788733862,6.66495608630594e-07,1.9198550675549984,4.488044285316076,0,,0,1
S2_N100,5500460,3.9222865370440685,2.8119254017118362,5.471102351901484,8.371295755475546e-16,-1.6842051119449,0.39387637252563756,4.4577761557766234e-05,100,0.007734036530103436,0.004159603790665555,True,0.0026424560823560483,0.0018815162230846883,True,0.09920801029971119,0.13855286576868683,0.010804315030621594,0.07000000000000006,0.007531471292339249,0.07,8.371295755475546e-16,2.8119254017118362,5.471102351901484,0,4.490218247378775,1.034430554124955e-17,3.1848891210414125,6.330537467031385,0,,0,1
S2_N100,5500461,1.9580487891940241,,,,-0.7892504106746582,0.3711001775107582,0.03597519918286952,100,6.159666711803963e-05,0.00021398910342228196,True,0.06939940636603437,0.056971442224539225,True,0.3733125028495753,0.6157745636429923,0.006503816138774621,0.06000000000000005,0.008204503020966432,0.06,2.893642922905206e-05,1.4447045235380451,2.6537987515086643,1,2.1030755282995846,5.543274650127036e-05,1.4819629323427181,2.984505604833666,1,0.0,0,1
S2_N100,5500462,3.915132652553107,2.674231165409245,5.731839448046294,2.2556173090660216e-12,-0.6186860552037351,0.33792696081474943,0.07019638791458487,100,0.00024922400879378475,3.600790391000463e-05,True,0.03278706849497038,0.016529578969367457,True,0.5081004982934585,0.4733408860566174,0.09436159286444987,0.15000000000000002,0.08494606694985435,0.15,2.2556173090660216e-12,2.674231165409245,5.731839448046294,0,4.439873015526699,7.720791098362336e-13,2.953313674681834,6.674696481783571,0,,0,1
S2_N100,5500463,3.534797301563298,2.5262724199961575,4.945940059448609,1.7410900998489627e-13,-1.3224433952510593,0.25664913391856375,1.350467594317367e-06,100,0.001393337340267283,0.0030252548021713825,True,0.04459369720478211,0.018513848373372083,True,0.670117267278036,0.7345290556423165,0.1773838587987452,0.18000000000000005,0.18267542593069364,0.18,1.7410900998489627e-13,2.5262724199961575,4.945940059448609,0,3.6001351432324764,6.577097172063407e-13,2.5387818482748314,5.105193681113185,0,,0,1
S2_N100,5500464,2.1808523077855186,1.5296694944334672,3.109244713110339,1.6406266483736992e-05,-2.1528306264501156,0.32340216064578575,1.6775774269479253e-09,100,0.00010717426124851986,0.00013964685306398252,True,0.022657730494244268,0.009101805459243374,True,0.9880708102432538,0.9779250181397298,0.00039366840073160866,0.0,0.0007409807452360707,0.0,1.6406266483736992e-05,1.5296694944334672,3.109244713110339,0,2.4358796701959706,2.7065279976301802e-05,1.6072533441424004,3.691707837658933,0,,0,1
S2_N100,5500465,2.746703482120488,2.021292961816335,3.732452524800478,1.0629272302939975e-10,-1.4590148315177687,0.34306246759925174,4.862487370118628e-05,100,0.0055095753348351996,0.006513432131212109,True,0.033254001522428564,0.04344049047328173,True,0.9864646465917025,0.9806798446354245,0.020177435001194118,0.09999999999999998,0.014878354575793533,0.1,1.0629272302939975e-10,2.021292961816335,3.732452524800478,0,3.006859017631178,6.272650013786071e-11,2.1615448358395506,4.182749763966058,0,,0,1
S2_N100,5500466,2.8521283288096453,1.9244492092338812,4.226994386220711,1.777274454200338e-07,-1.2208736717827628,0.31839596612352783,0.0002237507583194016,100,0.07623924651184624,0.125893511297537,True,0.00015510778388818413,3.878291643603555e-05,True,0.4446487927182037,0.6011493696757352,0.005012306693701673,-0.040000000000000036,0.006063309683541459,-0.04,1.777274454200338e-07,1.9244492092338812,4.226994386220711,0,2.933089055596442,1.0481792692780314e-07,1.97286153540252,4.360676739690384,0,,0,1
S2_N100,5500467,1.9160564135401787,1.3173441290024497,2.7868740589814593,0.0006693393081028101,-1.4949981167608268,0.31779067967616453,8.447029916144249e-06,100,0.000584964069384167,2.470610404612675e-05,True,0.00043789010017183445,0.00034628414590771466,True,0.44159748952350353,0.5018252236178822,0.0021042016003538643,0.029999999999999916,0.0024880397386023738,0.03,0.0006693393081028101,1.3173441290024497,2.7868740589814593,0,1.9142539947280777,0.0009613039452735666,1.3019486223271368,2.814526083051277,0,,0,1
S2_N100,5500468,3.13187135626158,2.237664572004676,4.383417566192424,2.823991736853642e-11,-1.4286313286436139,0.30793275296119116,1.093223901957191e-05,100,0.00012688237797592127,4.086339742257929e-05,True,0.02836652239133821,0.03400152525519921,True,0.6233248371389916,0.9778771253265797,0.022209917687552858,0.08999999999999997,0.012840037195830456,0.09,2.823991736853642e-11,2.237664572004676,4.383417566192424,0,3.3601444723134617,1.5733496653287094e-11,2.3622030328001187,4.779678426470838,0,,0,1
S2_N100,5500469,2.544616690586788,1.888712165570301,3.4283011567608,8.19545540628808e-10,-1.8997028319718603,0.31315046552319775,2.5229950037018882e-08,100,0.000225239229900238,0.00012204459447794979,True,0.00262371057196442,0.0032805639236071276,True,0.629031739991547,0.531027133534292,0.024259034487408983,-0.10000000000000009,0.013142638091621925,-0.1,8.19545540628808e-10,1.888712165570301,3.4283011567608,0,2.522131235601134,3.650345400685985e-08,1.8145814948832437,3.5055719390570563,0,,0,1
S2_N100,5500470,2.0793108068437065,1.520869086184595,2.8428044666904735,4.485604563651627e-06,-1.7554495929239127,0.37602719974083193,9.745658762589379e-06,100,2.5821913832881134e-05,5.729177595296636e-06,True,0.11527532335197017,0.041586333255120726,True,0.032981373344135194,0.04018656914439738,0.000976541842439245,0.010000000000000009,0.001002731074302973,0.01,4.485604563651627e-06,1.520869086184595,2.8428044666904735,0,2.1982289520894405,1.8852171661706284e-06,1.5899381277260876,3.0392443841290957,0,,0,1
S2_N100,5500471,2.229669844418774,1.5907072808718334,3.1252938079127324,3.2524992616052503e-06,-1.3289554473979788,0.33078350802897244,0.00011610459379135442,100,4.683145189438967e-08,2.4405183304394747e-08,True,0.005922926388445477,0.001273357948380868,True,0.06555334966249743,0.17536986895696738,0.002450433011977149,-0.029999999999999916,0.0024880397386023738,-0.03,3.2524992616052503e-06,1.5907072808718334,3.1252938079127324,0,2.433696713525237,5.849632307421285e-07,1.71686083043615,3.4498309871271835,0,,0,1
S2_N100,5500472,2.1862898719923476,1.4999574624685412,3.186665971520218,4.720376494366141e-05,-1.4931932650073219,0.31564323602821476,7.605129287284693e-06,100,0.002598987811234649,0.0064380439075733716,True,0.013887690210371112,0.018721492283374393,True,0.5760050884492459,0.8544099975780772,0.0004926890412008187,0.0,0.001045539042346221,0.0,4.720376494366141e-05,1.4999574624685412,3.186665971520218,0,2.3424193672499856,3.722707905795995e-05,1.5630779058730835,3.5103359029331336,0,,0,1
S2_N100,5500473,2.9265013978057106,2.1805535901235316,3.927631253893463,8.489053856883628e-13,-1.5000000000000002,0.3765925076552719,0.00013157548588806322,100,0.0009164845073417933,0.0002900824964695519,True,0.029948359018548084,0.03542577939348792,True,0.14169970135616883,0.11133133500387282,0.16525863340896307,0.18000000000000005,0.18267542593069364,0.18,8.489053856883628e-13,2.1805535901235316,3.927631253893463,0,3.025121265088372,1.0897923235903394e-11,2.198154816508474,4.163200244023665,0,,0,1
S2_N100,5500474,3.0152992900157516,2.1675354440145727,4.194639507961083,5.638025681634493e-11,-1.58268111519626,0.28572916623705,2.602233755952806e-07,100,0.009741730548604825,0.004367894977323074,True,0.2134894585588516,0.1629252266475001,True,0.6100840995085077,0.541785853077188,0.0015227060281538783,0.020000000000000018,0.0007583120208675366,0.02,5.638025681634493e-11,2.1675354440145727,4.194639507961083,0,3.57083218452536,4.626250395724483e-12,2.4896053518861914,5.121632021067829,0,,0,1
S2_N100,5500475,3.0024321122928046,2.1545156811048596,4.184048725189248,8.400368275660315e-11,-1.4901998696831482,0.3482657052033068,4.4085311602504374e-05,100,0.002170171719869978,0.00040565122934376716,True,0.2865659913438885,0.4047042136809522,True,0.29536252837316945,0.4002126406277958,0.013866556155916946,0.07999999999999996,0.011069046452352998,0.08,8.400368275660315e-11,2.1545156811048596,4.184048725189248,0,3.342307761876489,8.256031495599937e-10,2.2738525124338542,4.912816954492243,0,,0,1
S2_N100,5500476,3.1810095928037176,2.277081241664527,4.443768559663906,1.1653499621402409e-11,-0.8400000000000014,0.35501509263073316,0.019964883905519752,100,0.0018989772838604816,0.0048030795596503,True,0.008091743607263164,0.012132805072876788,True,0.14995551433254653,0.1739076482506795,0.001060834403824728,-0.019999999999999907,0.0009326302855561507,-0.02,1.1653499621402409e-11,2.277081241664527,4.443768559663906,0,3.7088779692742637,7.769396217621283e-13,2.591382491573895,5.308276889149358,0,,0,1
S2_N100,5500477,2.7011506382355095,2.0022260188918395,3.644051521455252,7.794073984990658e-11,-1.4949736932012287,0.32119736725973336,1.0303689323288397e-05,100,7.012077910070489e-06,1.8523065990041976e-06,True,0.0038402916985954922,0.004034541351597228,True,0.5415344724318933,0.5488489719425748,0.024698630348347028,-0.10999999999999999,0.033311901865832945,-0.11,7.794073984990658e-11,2.0022260188918395,3.644051521455252,0,3.224122728295726,1.6995423080733134e-12,2.329226395999619,4.46284113256064,0,,0,1
S2_N100,5500478,3.0223215110126396,2.2331325341911294,4.090409850769711,7.873428850343304e-13,-1.5911399925733396,0.31744572469820476,2.420591379674876e-06,100,0.0008099302831495286,0.0002569985838283541,True,0.4002524391182123,0.38405092474089697,True,0.9069115047831111,0.884291925982641,0.00041192207124124083,-0.010000000000000009,0.0003442474922855943,-0.01,7.873428850343304e-13,2.2331325341911294,4.090409850769711,0,3.3936093264721747,1.0850961402267563e-13,2.458556941673174,4.684286162142456,0,,0,1
S2_N100,5500479,2.4598565843366798,1.7207683470387931,3.516391050496296,7.930985000223027e-07,-1.3394418250505167,0.321433871020273,6.702580107739824e-05,100,1.4584455293321112e-05,4.9211250144413775e-06,True,0.3415553328909111,0.3635870339070857,True,0.4373683710539691,0.4945993024961879,0.0005127049270763988,0.0,7.159753111724698e-05,0.0,7.930985000223027e-07,1.7207683470387931,3.516391050496296,0,2.61343286471047,5.176493833046249e-07,1.7960061019672728,3.8028998514356003,0,,0,1
S2_N100,5500480,3.079322271970251,2.2522531935263688,4.2101064311537915,1.8180793226616019e-12,-0.9935835576906153,0.3400775480715494,0.004331603098518399,100,2.649735338404492e-05,5.526631858520573e-05,True,0.003829749240972516,0.014520073717682965,True,0.8830210355016939,0.53534866556602,0.019519227138872452,0.07999999999999996,0.007586685277812996,0.08,1.8180793226616019e-12,2.2522531935263688,4.2101064311537915,0,3.300701106713148,1.9657377493854147e-13,2.4006815510578563,4.5381395091975865,0,,0,1
S2_N100,5500481,2.0143262263976514,1.4633030962042288,2.7728432727836627,1.7493899638820342e-05,-2.1047707129094393,0.29182524536305277,1.2142777611523233e-10,100,0.0001874764920972048,5.5817423508616805e-05,True,0.006762205142059206,0.014222633542735072,True,0.04777667835396648,0.04465956344473241,0.001686743674180434,-0.030000000000000027,0.0024880397386023738,-0.03,1.7493899638820342e-05,1.4633030962042288,2.7728432727836627,0,2.2849914590136087,5.209947408344965e-07,1.6547052294563358,3.1553571444749684,0,,0,1
S2_N100,5500482,4.5783044744378225,3.168731260834531,6.6149099230134905,5.378084218296118e-16,-1.3608623784280183,0.34587380692069586,0.0001566950578584735,100,3.493296066090546e-05,2.5732412217477424e-05,True,0.302082809271881,0.4768491453654904,True,0.9114950743356925,0.9696484242206557,0.0012659910288335026,0.020000000000000018,0.0011303752632718508,0.02,5.378084218296118e-16,3.168731260834531,6.6149099230134905,0,4.792123966632419,8.337786095532701e-16,3.2720474943713116,7.018373709757289,0,,0,1
S2_N100,5500483,2.4184875308936595,1.657240551121506,3.5294103400558554,4.66507073871884e-06,-2.094228247748167,0.32860540890730117,6.244026959093375e-09,100,0.00023467122532205977,0.0003477423174882469,True,0.026336476776859706,0.020869724456870728,True,0.4875482796838101,0.5772372017170397,0.02003251236598188,-0.08999999999999997,0.01435067668493556,-0.09,4.66507073871884e-06,1.657240551121506,3.5294103400558554,0,2.5660527564328945,1.7281793996332087e-06,1.7440262625913934,3.7755318770331865,0,,0,1
S2_N100,5500484,2.471878380688405,1.8027550826628471,3.389358203827327,1.9199964548358362e-08,-1.5071547802414313,0.3246423983837738,1.0799734627244261e-05,100,0.00015746285036217104,0.00013267906438104376,True,0.0014687960327887729,0.0017990485914320536,True,0.4143107729623904,0.27678364613277395,0.005333504223345451,-0.05999999999999994,0.006516984457485704,-0.06,1.9199964548358362e-08,1.8027550826628471,3.389358203827327,0,2.6609516697889917,3.123646956583911e-08,1.8815356132922858,3.763236655703355,0,,0,1
S2_N100,5500485,3.0153257693194444,,,,-1.3985307980324477,0.3511830714251625,0.00013192975043811858,100,8.981915602447607e-06,1.030948791111823e-06,True,0.03334721207081743,0.030896057243430586,True,0.9097690798409417,0.9117377654961707,0.00019255406812293928,0.0,3.1697884354602466e-05,0.0,1.5370678240359295e-07,2.0465845420498416,4.442616128633141,1,3.071208617936652,3.6572041611649805e-07,2.0415807486717705,4.620107424614443,1,0.0,0,1
S2_N100,5500486,2.949944034241249,2.1569654353324133,4.034450280291316,1.2685123368230123e-11,-1.127759516488179,0.3398018103750504,0.0012738687386310622,100,0.0005375629481315943,0.00025905445494256695,True,0.002242635647787576,0.0014390778913274556,True,0.03620662763167493,0.06862565254723027,0.0012971344158013134,-0.020000000000000018,0.0013522337758173286,-0.02,1.2685123368230123e-11,2.1569654353324133,4.034450280291316,0,3.37044688085593,5.112149125949984e-11,2.345367390114799,4.843553391486112,0,,0,1
S2_N100,5500487,3.6842876240632285,2.574011129348467,5.273471875104639,1.023345534819799e-12,-1.8242194367572862,0.3563884919264972,1.5572925576061445e-06,100,0.0013400132659139629,0.000543273046389718,True,0.058990916597775486,0.031707847275199284,True,0.5501404728975319,0.8217301203359311,0.007348552847239755,-0.04999999999999993,0.004974576271199261,-0.05,1.023345534819799e-12,2.574011129348467,5.273471875104639,0,3.9686592325807055,3.3408610095059785e-13,2.7382371516849933,5.751969326198077,0,,0,1
S2_N100,5500488,3.1443803138475745,2.1731943192928442,4.549582828529312,1.216069721801574e-09,-1.3616792644741815,0.2568591249780628,7.219913753167007e-07,100,0.00030303285108826557,0.00019536857696884742,True,0.012100135365884808,0.02103171007717636,True,0.10634301334788143,0.216842509962895,0.0002840394763601096,0.0,0.0008849419835679408,0.0,1.216069721801574e-09,2.1731943192928442,4.549582828529312,0,3.4693749004498327,4.0318118019011607e-10,2.3491307169083275,5.12383670829204,0,,0,1
S2_N100,5500489,1.927664180256668,1.3909945509381259,2.6713901857764375,8.069474315247602e-05,-1.4200000000000008,0.30051939282523243,7.773731200353687e-06,100,6.84343527949062e-06,8.536494977975823e-07,True,0.011265080366880733,0.006461098845417792,True,0.21543413020357793,0.3941002375191812,0.0004668843432635998,0.0,0.000613104509899044,0.0,8.069474315247602e-05,1.3909945509381259,2.6713901857764375,0,1.9248862503132709,0.0002625207662907427,1.3541748991798195,2.7361215149455194,0,,0,1
S2_N100,5500490,2.7565524287940373,1.918611771429766,3.9604579758351934,4.152960610598769e-08,-1.3508137574022532,0.3627886719693546,0.00032989709403846734,100,0.013829506497328755,0.0023949400887745376,True,0.015017856157942598,0.014150079550211851,True,0.7129400089273128,0.6320894588466828,0.0013051688827694465,0.039999999999999925,0.0007010457179223901,0.04,4.152960610598769e-08,1.918611771429766,3.9604579758351934,0,3.0579332448869376,5.782199033945507e-09,2.0991139550236597,4.454715623135075,0,,0,1
S2_N100,5500491,2.8613839941011,1.9851334044080915,4.1244172021473,1.7434851806713255e-08,-1.4823597234902817,0.33086021436958535,2.0392242868400047e-05,100,2.2306694946113276e-06,6.42472229826824e-07,True,0.011816239927426673,0.02106075812410152,True,0.28928927651877856,0.2803626330273813,0.001502567764790151,0.020000000000000018,0.003603830253385331,0.02,1.7434851806713255e-08,1.9851334044080915,4.1244172021473,0,2.9627030644420165,2.7812508248521238e-08,2.019543914344699,4.346332548506265,0,,0,1
S2_N100,5500492,2.193236386427927,1.627449168454417,2.955721100229351,2.48044935434347e-07,-1.1459629537869618,0.3695605183398817,0.002526313884519756,100,0.00044160663403151163,0.0003767773838599719,True,0.002214419301665741,0.0007468685757732825,True,0.552601889170298,0.535948167847618,0.0019432068114418656,-0.039999999999999925,0.0011384769640687454,-0.04,2.48044935434347e-07,1.627449168454417,2.955721100229351,0,2.3937263901940105,1.7112090664010027e-07,1.7257077924531192,3.32033386890261,0,,0,1
S2_N100,5500493,3.0422810772286506,2.0072020818244733,4.6111322007252165,1.573980409346846e-07,-1.1399999999999997,0.32223966591425834,0.0006211075707823915,100,0.004208125461673679,0.005256383022429815,True,0.28028373841404775,0.3336739766580219,True,0.8242133192868557,0.9668674886430474,0.22041859430334182,0.19,0.17547237956712072,0.19,1.573980409346846e-07,2.0072020818244733,4.6111322007252165,0,3.2901922826597225,2.2091964767671192e-07,2.0967674929688074,5.162883005948357,0,,0,1
S2_N100,5500494,2.2753457495443974,1.7017217089377354,3.042329572913255,2.9065426689096255e-08,-1.322800822498106,0.3357848914120261,0.00015398269293333136,100,0.0617064530849212,0.1824128260284198,True,0.004388273676154722,0.005562080889789147,True,0.17271256121566336,0.10353022178063798,0.0015487463076887197,0.050000000000000044,0.0019110659101270976,0.05,2.9065426689096255e-08,1.7017217089377354,3.042329572913255,0,2.5546137861565956,1.6808543134241793e-08,1.8442733851492128,3.5385489206597973,0,,0,1
S2_N100,5500495,2.4909131627409407,,,,-1.6404227586008018,0.4060520914696983,0.00010703906163367187,100,0.034418464112867,0.035741312180613015,True,0.21206744057396454,0.10213360174019553,True,0.5065061553819155,0.5816284696340763,0.0022522235337916617,0.020000000000000018,0.0015987147049700585,0.02,3.7644212848194722e-06,1.7211351405505113,3.6049745532076556,1,2.886487648941075,8.201819900576847e-07,1.9356851455739639,4.30432137506477,1,0.0,0,1
S2_N100,5500496,3.967298973268851,2.8449618153032055,5.532398030313326,4.56955484835428e-16,-1.3026134439682124,0.34337101430638983,0.0002583224438482209,100,0.002100289164811507,0.0010122687672281798,True,0.28581491353670185,0.32150432037263754,True,0.8382769955416243,0.8651231376084599,0.010459760385605135,0.06999999999999995,0.0028635665300193285,0.07,4.56955484835428e-16,2.8449618153032055,5.532398030313326,0,4.159510215577061,3.987106538027081e-15,2.9146510593311596,5.93605370979132,0,,0,1
S2_N100,5500497,3.6792358033408177,2.6855761987431315,5.040548133737652,5.042451213352508e-16,-1.7281862197392928,0.31730332794308547,3.881805412183443e-07,100,0.0021448572530619824,0.0007463150146517849,True,0.043786692422865627,0.04294019751775751,True,0.9180805170131485,0.7008544100832463,0.026076011007387014,0.09999999999999998,0.020450044495365083,0.1,5.042451213352508e-16,2.6855761987431315,5.040548133737652,0,3.963247060648217,9.534683585768933e-16,2.8322256842306532,5.545930661949872,0,,0,1
S2_N100,5500498,2.5850321420168503,1.8061544340381814,3.699789480526205,2.082872597859857e-07,-1.7116185502200296,0.35255666157518517,4.610282381109778e-06,100,0.0304228707155743,0.0028490800671793514,True,2.2626133284151907e-05,3.328121886724347e-06,True,0.7259543057987803,0.5791584699286694,0.03749336146802,-0.10999999999999999,0.02853275918834292,-0.11,2.082872597859857e-07,1.8061544340381814,3.699789480526205,0,3.0697420453535003,2.1846166076791932e-10,2.1712119170796904,4.340118139037105,0,,0,1
S2_N100,5500499,2.1269140661650687,1.550870560801254,2.9169187675557096,2.8280298224090892e-06,-1.573450911433398,0.2924525145961577,5.158127528539294e-07,100,0.0010832718388151348,0.00022639838939249432,True,0.013632648010590545,0.01349749646562761,True,0.538339886938546,0.47184469901656423,0.0004926890412008187,0.0,0.00024798975325449675,0.0,2.8280298224090892e-06,1.550870560801254,2.9169187675557096,0,2.171225383468238,6.426753189541881e-06,1.550382167690621,3.040682332433482,0,,0,1
S2_N100,5500500,3.7650304126452987,,,,-1.6265752432869827,0.35288979532609765,1.2313613032047453e-05,100,2.6405234965633493e-05,1.008095076023356e-05,True,0.09445416643123777,0.11508054126628593,True,0.6821416990616171,0.7006069342845149,0.0020298160968738096,0.039999999999999925,0.000903003780770482,0.04,1.8679822114496165e-08,2.449917057235955,5.7860954787330865,1,4.415470458373873,1.4740752274074476e-09,2.8387204763334917,6.868016605126976,1,0.0,0,1
S2_N100,5500501,3.6550402876868664,2.521099441942111,5.299005379305004,7.93943194142399e-12,-1.6746479250334658,0.2643437956261533,7.4329354705407404e-09,100,0.06190185096532214,0.030472368161742917,True,0.002255291132556857,0.001311705187767887,True,0.22556061371646807,0.40814856416835565,0.0009822583417854877,-0.020000000000000018,0.0002749606563079884,-0.02,7.93943194142399e-12,2.521099441942111,5.299005379305004,0,4.156314867174419,1.5744273982613614e-12,2.7998473357777773,6.1699625741545105,0,,0,1
S2_N100,5500502,3.6594398057368283,2.5364813058571603,5.279557811401164,4.001530995708085e-12,-1.7513121287314832,0.34446491325146106,1.7976935097276896e-06,100,1.2007071879947014e-05,1.3151036102585822e-05,True,0.7501082273049472,0.8709828372610214,True,0.7711678255018417,0.8297654052094365,0.0010179199917287622,0.010000000000000009,0.001002731074302973,0.01,4.001530995708085e-12,2.5364813058571603,5.279557811401164,0,4.057043656025576,9.268810537741479e-14,2.8068568959443643,5.864069255073139,0,,0,1
S2_N100,5500503,2.888002394313391,2.0689296110823387,4.031339580081994,4.5974711215260963e-10,-1.674587675788143,0.36380670889580907,1.2625207615727253e-05,100,0.01605437160555297,0.010004330615505309,True,0.0018662964473025502,0.006380397571357993,True,0.5848214728838836,0.5771576498042184,0.004125961376631106,-0.05999999999999994,0.0016920918746869324,-0.06,4.5974711215260963e-10,2.0689296110823387,4.031339580081994,0,3.269058707308697,3.347896668777673e-11,2.303339058805419,4.639675079956867,0,,0,1
S2_N100,5500504,2.6492246831229034,1.8894524634523548,3.714510715365571,1.606091361671883e-08,-0.8804078027456317,0.3029561939588818,0.004534757093447772,100,0.00043075606789858657,0.00021196483444960369,True,0.10058155727991488,0.1965403029002183,True,0.1074636099319206,0.10522022614584375,0.018011548545588972,0.10999999999999999,0.013136133769537183,0.11,1.606091361671883e-08,1.8894524634523548,3.714510715365571,0,2.8090614753730776,1.9237759476481248e-08,1.9592540076365408,4.027464709358395,0,,0,1
S2_N100,5500505,2.1372992512715587,1.5645885509542383,2.9196481635378992,1.8184256662835457e-06,-0.9521582183812516,0.35968462690841374,0.009472306819075857,100,0.00011705213971366623,6.111951637690896e-05,True,0.03213716162637126,0.013705242132946754,True,0.969432478417692,0.8542782181964007,0.004704159885840024,-0.05999999999999994,0.003112309000957348,-0.06,1.8184256662835457e-06,1.5645885509542383,2.9196481635378992,0,2.4229214876355525,5.917746085767688e-08,1.7594958324552141,3.336494708858883,0,,0,1
S2_N100,5500506,3.474256968075661,2.553009529176802,4.7279343622796075,2.3328446351723856e-15,-1.0536440919723855,0.30127201089978867,0.0007108341787191481,100,0.00016256148203054528,6.94216098509458e-05,True,0.09639051845703397,0.076957084318741,True,0.3057769860459979,0.27887335118503054,0.000897838231856824,-0.010000000000000009,0.00026343889354967713,-0.01,2.3328446351723856e-15,2.553009529176802,4.7279343622796075,0,3.627242321546619,5.246473367465982e-15,2.626289481604541,5.00968646121244,0,,0,1
S2_N100,5500507,3.3018194021521348,2.2472638035075923,4.851237913151148,1.1675778253431128e-09,-1.7744225713369666,0.34822000776357903,1.7134326262311135e-06,100,0.001180541285323482,0.00012553595531801577,True,0.001006845744097512,0.0019293755021671047,True,0.19753545910372938,0.22046183455912127,0.002156767793364031,0.040000000000000036,0.002434299697067961,0.04,1.1675778253431128e-09,2.2472638035075923,4.851237913151148,0,3.3954889609063423,5.812532079910614e-10,2.3064711578153694,4.998694756953793,0,,0,1
S2_N100,5500508,2.6705125020820177,1.850435678403952,3.8540313003084643,1.5378308593937734e-07,-1.2289783155461902,0.363288738058652,0.0010356153393621477,100,0.00018697455606647234,4.0530504690731264e-05,True,5.318557437997623e-05,4.43745278187718e-06,True,0.13352641225944262,0.11772371750755883,0.006314644601151005,0.06000000000000005,0.011031126595127163,0.06,1.5378308593937734e-07,1.850435678403952,3.8540313003084643,0,2.7542795262052393,3.5807456601070763e-07,1.8645652662260759,4.068538573513017,0,,0,1
S2_N100,5500509,1.9139337885216903,1.3540846103694941,2.705253806736209,0.00023609793701628723,-1.6838077470355741,0.3226300532559838,1.0224000474702606e-06,100,0.000141451167495985,2.9021745489195578e-05,True,0.11222301865543395,0.08796958645768868,True,0.6518901725824269,0.6032768766225954,0.015280987905106763,-0.07999999999999996,0.009850482882971747,-0.08,0.00023609793701628723,1.3540846103694941,2.705253806736209,0,2.0080365043715243,0.0001344930331987937,1.4039371073390787,2.872073529369825,0,,0,1
S2_N100,5500510,4.5302535336745615,3.2693266212550123,6.277499759718873,1.1095514943224294e-19,-1.3137307058176966,0.3954009093281455,0.0012589990234227644,100,0.009823592825873967,0.011720159497456483,True,0.0036066174764515847,0.0054817370675285726,True,0.2936048385265565,0.3073345425733569,0.0014010090649515707,0.020000000000000018,0.0011303752632718508,0.02,1.1095514943224294e-19,3.2693266212550123,6.277499759718873,0,4.9214574554217005,2.214585191104667e-19,3.478635141769256,6.962714541314906,0,,0,1
S2_N100,5500511,2.736788861730032,1.9032212297600408,3.9354401666872483,5.559101127391757e-08,-1.125418375326633,0.3013642500637591,0.00031755833238215995,100,2.2623325217725668e-05,1.8258987195068344e-05,True,0.09859426935069764,0.188386928862864,True,0.4769148971909094,0.4526592806406926,0.0003261311511950438,-0.010000000000000009,0.00044061024977077684,-0.01,5.559101127391757e-08,1.9032212297600408,3.9354401666872483,0,3.0346256533907616,2.028794525528603e-08,2.059007952132027,4.472519324989385,0,,0,1
S2_N100,5500512,2.35595810356172,1.7224117657481044,3.2225387077098486,8.217480136859713e-08,-2.1000522637496206,0.3465112269307689,2.5905590145578357e-08,100,0.0011257452026946673,0.00462166995032197,True,0.1591781545143004,0.16612712291910492,True,0.7261068880626094,0.8138231370464587,0.030109812674606915,-0.09999999999999998,0.03053737589516217,-0.1,8.217480136859713e-08,1.7224117657481044,3.2225387077098486,0,2.6205511431171646,3.619004751745788e-08,1.8600540864107709,3.6919831223532062,0,,0,1
S2_N100,5500513,5.548869372513855,3.796989992360999,8.109041997784374,8.543415682951616e-19,-1.9313766810988926,0.3746635265729616,1.3378957147686704e-06,100,0.0009885239995758512,0.0011996656186520893,True,0.01824305551453237,0.03303895869908679,True,0.7045903178441375,0.8030862881838362,0.008988695690920227,0.06999999999999995,0.012872075337825304,0.07,8.543415682951616e-19,3.796989992360999,8.109041997784374,0,5.437525126390605,1.1346494237603132e-16,3.643587465023394,8.114716548993101,0,,0,1
S2_N100,5500514,3.2664830842791277,2.355340062082611,4.530093939151724,1.3001837456993737e-12,-1.092542372881356,0.35235618281983583,0.0025278983847352807,100,0.0005164170210507555,0.0002892553593789359,True,0.005340385003432298,0.005041443205137755,True,0.3484715423387036,0.34950426996701633,0.006795331815562227,0.06999999999999995,0.0041745860708339065,0.07,1.3001837456993737e-12,2.355340062082611,4.530093939151724,0,3.5351404338322467,6.875741893075549e-13,2.5046344874812014,4.989637389958459,0,,0,1
S2_N100,5500515,2.0495094395897655,1.5157064001919553,2.7713077825861183,3.138697015237085e-06,-1.1750964483370054,0.32179154132758986,0.0004222269752584347,100,2.9666382457833926e-06,9.39882246713947e-08,True,0.0308081146428949,0.020491810236894906,True,0.27075882449225286,0.2397411308506543,0.00022316680905622266,-0.010000000000000009,0.0001969085530413585,-0.01,3.138697015237085e-06,1.5157064001919553,2.7713077825861183,0,2.4336942680571116,1.5117991174376155e-07,1.7461974582558977,3.3918660013912754,0,,0,1
S2_N100,5500516,3.4489991333893566,2.3270768293726523,5.111818772793772,6.952686754871091e-10,-1.106831917986381,0.30358607791311276,0.0004307910625285427,100,1.574633602303772e-05,9.833107556833622e-07,True,0.06513047899720056,0.18925869159048492,True,0.01987557551109777,0.023206871099410355,0.010951424151991032,0.07000000000000006,0.004925598122411888,0.07,6.952686754871091e-10,2.3270768293726523,5.111818772793772,0,3.7177531144326963,3.232072188648465e-08,2.33399630420229,5.921898074554993,0,,0,1
S2_N100,5500517,3.05939000810132,2.045582412422628,4.575649049790715,5.189946372018448e-08,-1.417726262305493,0.34966142560702856,0.00010146978522721975,100,0.0005564772518977864,0.0008704633336838369,True,0.01902630355759649,0.022626792708252866,True,0.9503539767835785,0.8299904639027523,0.004704855883766196,0.05999999999999994,0.005738994260508967,0.06,5.189946372018448e-08,2.045582412422628,4.575649049790715,0,3.317221706603153,1.0090700619885337e-09,2.2576938895947367,4.87398220878136,0,,0,1
S2_N100,5500518,3.433289403396684,,,,-2.156575981787136,0.2971337347286752,9.76766517381365e-11,100,0.00021015103448039662,0.0006309896749385536,True,0.025620641086187144,0.014854955998637535,True,0.4541694270615445,0.7447748498687827,0.0006993217462978224,0.010000000000000009,0.00044061024977077684,0.01,2.2320748143203493e-09,2.3670973804591555,4.979717448375314,1,3.5794174343376914,1.7321758987359498e-09,2.4446840276329054,5.2408528155052485,1,0.0,0,1
S2_N100,5500519,3.47957041529898,2.456944757505096,4.92783170563362,2.173284533247788e-12,-1.7943852162316638,0.3376178943827093,6.815445535263688e-07,100,0.00034885343990802585,0.00017074835362581182,True,0.06899933880292203,0.13503185991166744,True,0.5464368659213574,0.8272521243589616,0.003995951438131818,0.050000000000000044,0.0023134631302174345,0.05,2.173284533247788e-12,2.456944757505096,4.92783170563362,0,4.227819598952661,2.429126636167636e-16,2.995291944969298,5.967517988124345,0,,0,1
S2_N100,5500520,2.719695191564475,2.0224100227168758,3.6573898724464655,3.596860101701381e-11,-0.9401996901359966,0.30937808890630264,0.0030507006742504046,100,4.5553425281677645e-06,1.6749703813871438e-08,True,0.018796005495852246,0.013908035779984364,True,0.7013151108113791,0.43184318941048583,0.015135868483087195,-0.08000000000000007,0.0136577170322772,-0.08,3.596860101701381e-11,2.0224100227168758,3.6573898724464655,0,2.809474938164298,1.955626892304649e-10,2.0439774473473555,3.861661702000138,0,,0,1
S2_N100,5500521,2.3052852008517477,1.6847542859169793,3.1543708787027,1.7874280595137069e-07,-1.197579150255593,0.33338415841369196,0.0005170491769647033,100,2.4687286449013637e-05,2.6275839483095506e-06,True,0.20502715135667138,0.10088494054115081,True,0.3962330573355828,0.49477345373296533,0.00044032275944678887,0.0,0.0001405310804329361,0.0,1.7874280595137069e-07,1.6847542859169793,3.1543708787027,0,2.4352094660518784,1.0290725897951257e-07,1.7545725544324586,3.3798802611881142,0,,0,1
S2_N100,5500522,3.1215939985455243,2.244281092506567,4.341857677405408,1.3628993358301642e-11,-1.58,0.35144590818624327,1.920908675963561e-05,100,0.01416741938283268,0.02568700875881717,True,0.40923808087256985,0.5829441729056548,True,0.8491431023131646,1.0,0.0009037405105506663,-0.040000000000000036,0.002056235912685473,-0.04,1.3628993358301642e-11,2.244281092506567,4.341857677405408,0,3.3202521520471633,1.6017650883544662e-12,2.380105388577976,4.631758915415208,0,,0,1
S2_N100,5500523,2.8909749823290842,2.0557553051167172,4.065530721312249,1.0435445965867713e-09,-1.395721074151841,0.34256951595992907,9.441014319959071e-05,100,0.004134623814188721,0.0010625775558780475,True,0.0028284362089414736,0.004087991733777106,True,0.31371379352755957,0.23068738701271707,0.0011087476624493783,0.0,0.000613104509899044,0.0,1.0435445965867713e-09,2.0557553051167172,4.065530721312249,0,3.2913821017955796,7.306285792931904e-13,2.376951192539669,4.557601424051743,0,,0,1
S2_N100,5500524,3.6651687447621204,2.6198593983325833,5.1275507136493275,3.3978219383967206e-14,-1.4085857418111758,0.3520154016738512,0.00012309573472767447,100,3.4172507652674784e-05,1.17843049284235e-05,True,0.12630697841120164,0.1727461077390562,True,0.7299880257297864,0.6498826262454617,0.43995177707418054,0.24,0.4413050910501315,0.24,3.3978219383967206e-14,2.6198593983325833,5.1275507136493275,0,4.114348898868405,8.354798048957567e-13,2.7927423784595566,6.0613778743733855,0,,0,1
S2_N100,5500525,2.141854616914011,1.4412225806510983,3.1830900109290265,0.0001644901881522085,-1.3840296738962448,0.31284856061994437,2.535529169946477e-05,100,0.01648374965101596,0.014793413602091724,True,0.0005611141055493606,0.002503486245507302,True,0.4812761564775052,0.47988182988052663,0.0026848691014950865,0.039999999999999925,0.00284853670169893,0.04,0.0001644901881522085,1.4412225806510983,3.1830900109290265,0,2.1246193764492314,0.00021726055807887715,1.4250248592150638,3.1676692975517198,0,,0,1
S2_N100,5500526,2.493303171241091,1.7297752077440924,3.5938546672941887,9.7022328214817e-07,-1.0523204919515277,0.33312066779788657,0.0021113988329899383,100,1.0289787043755165e-07,9.441380197915191e-08,True,0.22948452754453774,0.23468294494519293,True,0.15531366044537823,0.13651354433659882,0.004109819139668947,0.04999999999999993,0.004358357053118797,0.05,9.7022328214817e-07,1.7297752077440924,3.5938546672941887,0,2.9593658430810366,7.913690327821498e-09,2.047146828526126,4.2780742793618165,0,,0,1
S2_N100,5500527,3.7115798775673605,2.6358066568700154,5.2264171773211725,5.91612604490713e-14,-1.8800000000000014,0.3339394942748945,1.753892675197058e-07,100,3.7173778972121756e-05,2.396074730447297e-06,True,0.0006153816388946979,0.001462656522127977,True,0.23685868824989376,0.3978805924045564,0.0019648545718363433,-0.020000000000000018,0.0024885578646206266,-0.02,5.91612604490713e-14,2.6358066568700154,5.2264171773211725,0,3.879266049482848,1.0084401171298368e-11,2.6253442295019878,5.732088353809859,0,,0,1
S2_N100,5500528,2.23022752071271,1.5997544909842634,3.1091738277190992,2.2274435398928423e-06,-1.6,0.352727511752959,1.6413126283183045e-05,100,0.00755481200614229,0.005475669487768286,True,0.0046037695711271,0.002440267435052436,True,0.8528054899323207,0.7318085365271594,0.04114753589242275,-0.12,0.04183467676823718,-0.12,2.2274435398928423e-06,1.5997544909842634,3.1091738277190992,0,2.6451689286970836,8.832384154937998e-08,1.8521080433077548,3.777813441622118,0,,0,1
S2_N100,5500529,2.256606915684963,1.6180217682579185,3.1472226590621952,1.6256388305550029e-06,-1.4591626388192886,0.32416095243403825,1.879248641008808e-05,100,0.00873602769350558,0.004640563000629692,True,0.7942564504670722,0.5318673282404092,True,0.08339145761516194,0.17804035718674538,0.03969650104256085,0.13,0.042427538167603494,0.13,1.6256388305550029e-06,1.6180217682579185,3.1472226590621952,0,2.457659253938121,3.098573031895196e-08,1.7875402473581483,3.378994692508033,0,,0,1
S2_N100,5500530,2.5637128781171232,1.846531345762167,3.559443351182697,1.8751424626054932e-08,-1.4439202037960606,0.36015782843867183,0.00011973019312425535,100,0.0001440722442678557,8.227964362526771e-05,True,0.0117536150322069,0.007275307772662081,True,0.6660269594639494,0.5287152310646901,0.030268514644553126,0.12,0.012662850435403243,0.12,1.8751424626054932e-08,1.846531345762167,3.559443351182697,0,2.6304520832955,4.464064435990566e-08,1.8602363868679586,3.719569303857926,0,,0,1
S2_N100,5500531,2.5640844991370098,1.8532282805514155,3.5476089954543983,1.314207433666116e-08,-1.4177370906237536,0.38577823935637134,0.00038985260572428106,100,0.00046929358029953083,0.00011649198324830928,True,0.20203047408640595,0.21004093877563457,True,0.6457242899490878,0.7977760992307429,0.0063146446011510034,-0.06000000000000005,0.004324993265698792,-0.06,1.314207433666116e-08,1.8532282805514155,3.5476089954543983,0,2.7140824783393436,4.677886249029377e-09,1.9433359741707597,3.790514762827813,0,,0,1
S2_N100,5500532,2.6573465665685556,1.9949977176170215,3.5395984228435498,2.3627924191573466e-11,-1.5331460015722156,0.3596584412915624,4.685114837974433e-05,100,0.00021308049089736994,5.820057019010395e-05,True,0.02042485992448915,0.012096224345894845,True,0.34081698523982484,0.2885540046300912,0.009410981525384419,-0.06999999999999995,0.010604820442681719,-0.07,2.3627924191573466e-11,1.9949977176170215,3.5395984228435498,0,2.9828055437774603,2.7452141560375566e-10,2.124513556950664,4.187842851311191,0,,0,1
S2_N100,5500533,2.681335065940593,1.936570193116815,3.712521116661101,2.8349183494550686e-09,-1.0574316675599,0.32185358256927427,0.001417770070119889,100,0.0001330572396350136,1.3956143105099903e-05,True,0.0058321495411198625,0.010952497419849208,True,0.05749425112477362,0.13182395190951532,0.005375329401595772,0.04999999999999993,0.006324639560517969,0.05,2.8349183494550686e-09,1.936570193116815,3.712521116661101,0,3.1927392048907275,5.402688848033599e-10,2.2129103545847877,4.606415081083985,0,,0,1
S2_N100,5500534,2.632482344740897,1.9409342115764288,3.570426681151655,4.817076429737999e-10,-1.4263911006574252,0.3311025438600435,3.949099685371107e-05,100,0.0015525082167835056,0.0004779603248939826,True,0.006859378424972765,0.004479717073039909,True,0.9673691985243335,0.9944717860303918,0.00969770500917227,0.07999999999999996,0.011069046452353017,0.08,4.817076429737999e-10,1.9409342115764288,3.570426681151655,0,2.679380059566615,3.1480791841149272e-09,1.9337974913756528,3.7124246647440784,0,,0,1
S2_N100,5500535,2.8481798805737433,2.016635379842342,4.022605530574029,2.8165607281196694e-09,-1.870138696038816,0.30797039576773094,2.4551806072249847e-08,100,0.0005810244264885878,0.0014369918153474043,True,0.00025481422080133193,0.0011028030578337869,True,0.561536538787913,0.6038587112374005,0.0007138535695904676,-0.020000000000000018,0.0007583120208675366,-0.02,2.8165607281196694e-09,2.016635379842342,4.022605530574029,0,2.9188980640538404,6.275695146218483e-09,2.0335739167456115,4.189651449686182,0,,0,1
S2_N100,5500536,3.5913544105180804,2.544038728809929,5.069823173635851,3.64569104600355e-13,-1.5000000000000004,0.320399148223501,9.245804832323397e-06,100,0.00048772097865547906,1.4712464358104273e-05,True,0.0003892547911781151,1.6164133971134875e-05,True,0.1665411084561499,0.1314877314901852,0.004254152221719118,-0.050000000000000044,0.0015526725964046973,-0.05,3.64569104600355e-13,2.544038728809929,5.069823173635851,0,4.0479551481627,6.427521568393421e-12,2.716385463652004,6.032259081340786,0,,0,1
S2_N100,5500537,3.084268326028368,2.23053374199258,4.2647689778698155,9.63612015958179e-12,-1.120552688947789,0.36683803735758913,0.002909518207335293,100,0.0001705544625329058,4.592175438290358e-05,True,0.022209203574198387,0.020441680272766875,True,0.9880788019103385,0.9613886186409569,0.0032433987731513604,0.04999999999999999,0.002759886080977479,0.05,9.63612015958179e-12,2.23053374199258,4.2647689778698155,0,3.122499743867826,1.8321036693154221e-10,2.2002144538538206,4.431388328249941,0,,0,1
S2_N100,5500538,2.4527968560434648,1.7437381557595544,3.450181093500305,2.549755814265066e-07,-1.3783134408340254,0.3653462360058884,0.00027800111024103396,100,0.032468147524597694,0.019782751089335762,True,0.0016461085620692849,0.0010625034471937228,True,0.1477174249369276,0.1801933497463879,0.0015438604850194556,0.020000000000000018,0.0024885578646206266,0.02,2.549755814265066e-07,1.7437381557595544,3.450181093500305,0,2.7496372152907114,4.196243605289955e-08,1.9152858390152203,3.9474550804380364,0,,0,1
S2_N100,5500539,1.8465166823697385,1.3194617991802389,2.5841019879378795,0.0003479550946714785,-1.5599999999999972,0.3345054266268099,9.93352221886825e-06,100,3.1061250789188502e-06,9.408433673419677e-07,True,0.0005594317950008387,0.0002144973783389751,True,0.16943894685116057,0.2339231942988773,0.0026056908622662817,0.04999999999999993,0.0037831190449990676,0.05,0.0003479550946714785,1.3194617991802389,2.5841019879378795,0,1.993057889258131,0.00012826190175289144,1.4003432234841344,2.836647247130469,0,,0,1
S2_N100,5500540,2.646497617925486,1.882293901672419,3.7209649542307175,2.167872522340511e-08,-1.5609622579586468,0.33203760744162253,8.55506682227981e-06,100,8.916723711133785e-06,4.791091563946779e-06,True,0.030426979200375084,0.023680819315395406,True,0.9280757963640932,0.7683407622810572,0.004368428793649737,-0.050000000000000044,0.004974576271199261,-0.05,2.167872522340511e-08,1.882293901672419,3.7209649542307175,0,2.8818195256350547,9.877007593608972e-08,1.952558696770041,4.253333736941965,0,,0,1
S2_N100,5500541,2.314514863318563,1.6526561467011889,3.241435953398673,1.0428281430114967e-06,-1.6799999999999977,0.28975581096978603,8.371381973379153e-08,100,0.008751428772692742,0.005615474807878189,True,0.022947097107181565,0.007969392257079167,True,0.3817161388201745,0.4771786044794022,0.011234782174903838,0.08000000000000007,0.006550267318579072,0.08,1.0428281430114967e-06,1.6526561467011889,3.241435953398673,0,2.3236117695972447,9.783183064135398e-07,1.6579815037427532,3.2564727915375813,0,,0,1
S2_N100,5500542,2.3510007096916827,1.6697572611058875,3.310184339794459,9.74752601158876e-07,-0.9770423062523387,0.3152328972295967,0.0025375810286490455,100,0.010858607512886132,0.012540386087859762,True,1.4121359483693016e-05,4.825559489171905e-05,True,0.017685821709333614,0.026142975222551282,0.0037408276367687622,-0.050000000000000044,0.004974576271199278,-0.05,9.74752601158876e-07,1.6697572611058875,3.310184339794459,0,2.641168658500011,4.006273967215472e-08,1.8673600855195027,3.7356329594578837,0,,0,1
S2_N100,5500543,2.53642545780824,1.885992189083399,3.4111774906896244,7.426550512294403e-10,-1.5744981295115665,0.2965131208802588,6.955749762306302e-07,100,0.04322034257159319,0.01904359502310753,True,0.019581605075217973,0.012385058592993737,True,0.15840908345668403,0.17463019942589564,0.0018878311666095228,0.04999999999999993,0.0015526725964046973,0.05,7.426550512294403e-10,1.885992189083399,3.4111774906896244,0,2.7743828589250326,4.853849738504174e-10,2.0118981619055734,3.82583989271436,0,,0,1
S2_N100,5500544,3.1073072547307454,2.1813057138411684,4.426412269511608,3.382560272158357e-10,-1.6412171407994247,0.31445325600390195,1.0212483039704872e-06,100,0.022532680240001494,0.02660730292268404,True,0.0010639252138820955,0.0014362291009650792,True,0.3406230989601611,0.4397300153577277,0.0006454494371168496,0.020000000000000018,0.0007583120208675366,0.02,3.382560272158357e-10,2.1813057138411684,4.426412269511608,0,3.556422383767601,1.3154909650679343e-11,2.4627394890525287,5.135801097918501,0,,0,1
S2_N100,5500545,2.9279821607199503,2.1576410830883788,3.9733575712337825,5.31419633161477e-12,-1.1682166737198476,0.2939143087181298,0.00013562928903650056,100,0.0020970569026004795,0.010675865650960577,True,0.15758443023210966,0.1495337671060213,True,0.11858157687091546,0.312250663804036,0.003529998550830822,0.05999999999999994,0.001013534751106373,0.06,5.31419633161477e-12,2.1576410830883788,3.9733575712337825,0,3.286010274168184,1.2216492148533638e-13,2.3993300746834514,4.500366012943612,0,,0,1
S2_N100,5500546,2.4647144166531487,1.7839508714469627,3.4052603425847634,4.509496466686532e-08,-1.7099101629941773,0.32447456398593116,8.250874910786571e-07,100,0.001906401105029095,0.001820598302791542,True,0.001990572666727172,0.003045758796616393,True,0.8052126829612323,0.652897377427389,0.0004926890412008187,0.0,0.001631222449761753,0.0,4.509496466686532e-08,1.7839508714469627,3.4052603425847634,0,2.946660781615587,9.16760387639451e-11,2.125086177772144,4.085862424183707,0,,0,1
S2_N100,5500547,2.552198382937295,1.828848585180817,3.561648918695879,3.5829144670507816e-08,-2.1261557805869273,0.3388882285645643,9.83610846741128e-09,100,0.0001783365724064868,5.391706293104441e-06,True,0.04764968043191877,0.0207023904817307,True,0.49977734092105264,0.6200518643664736,0.028089981170563272,0.09999999999999998,0.028467046149661078,0.1,3.5829144670507816e-08,1.828848585180817,3.561648918695879,0,2.6404441696863152,5.072288850027824e-08,1.8620709485094153,3.7441889197677916,0,,0,1
S2_N100,5500548,2.2728724056345495,1.673120866282727,3.0876125427641585,1.4979747460921582e-07,-1.4496150794418767,0.3495692518166246,7.224910100986728e-05,100,0.0005663257844592749,0.00015952065515684267,True,0.02154885821781152,0.06442372791728379,True,0.07837980640896654,0.06452392620397732,0.0067285317367658335,-0.07000000000000006,0.0041745860708339065,-0.07,1.4979747460921582e-07,1.673120866282727,3.0876125427641585,0,2.411633875109996,2.1803658060636036e-07,1.728807963969934,3.364154995111536,0,,0,1
S2_N100,5500549,2.8084076159492413,1.9921965701668816,3.959023650292206,3.768719868357402e-09,-1.0336819218167252,0.3355347966220212,0.0026873457415710848,100,0.00014461506114270463,0.0002812268838546614,True,0.009304274153412097,0.009985720821716329,True,0.17169665160112013,0.2556158157263553,0.03277940898311756,0.10999999999999999,0.0261818399591472,0.11,3.768719868357402e-09,1.9921965701668816,3.959023650292206,0,3.3271287948791155,4.472529582861254e-10,2.2803377890606185,4.854450104198787,0,,0,1
S2_N100,5500550,3.684045830884229,2.7066751838287133,5.0143414936316795,1.129799100677533e-16,-1.4938665382763578,0.3551527627326069,5.7919640609191865e-05,100,3.482351542993614e-05,0.00015537443856164054,True,0.06470323899168605,0.13741856456410312,True,0.34236916626275116,0.44424336258690433,0.0005635931896924198,-0.010000000000000009,0.00044061024977077684,-0.01,1.129799100677533e-16,2.7066751838287133,5.0143414936316795,0,3.926901563528208,7.266016582698494e-14,2.744445047937955,5.618824797102989,0,,0,1
S2_N100,5500551,2.7996301959282412,2.0366995744247705,3.8483482455515747,2.2676267344827858e-10,-1.381958778959183,0.31874700551236046,3.5561468281850505e-05,100,0.007524636020946265,0.0023731196192405277,True,0.005926444653480868,0.0023177216093958303,True,0.8930748439708276,0.8572267197775638,0.003332913690839622,0.029999999999999916,0.0021376439941600237,0.03,2.2676267344827858e-10,2.0366995744247705,3.8483482455515747,0,2.811506002352968,4.819977537445564e-09,1.9888960122912207,3.9743485594104326,0,,0,1
S2_N100,5500552,2.7672894804589396,1.9810348443416474,3.8656014004658443,2.39355399022634e-09,-1.472723968193867,0.3319023939114042,2.409206656073328e-05,100,0.0075190280882989945,0.011912418797923818,True,0.001741662395427571,0.0009699805528358554,True,0.4636136537152332,0.4854681896635009,0.0013835603828341505,-0.010000000000000009,0.0005536828842662267,-0.01,2.39355399022634e-09,1.9810348443416474,3.8656014004658443,0,3.0448639534340622,9.998045090151596e-10,2.1302714355379098,4.352119800442734,0,,0,1
S2_N100,5500553,2.8009727605801698,2.002584548144466,3.917661510362423,1.7825258479087676e-09,-1.420000000000002,0.35755465307490936,0.000137236272236771,100,0.00018659693946892442,0.0001478592311894308,True,0.0004478570345349408,7.201952358523817e-05,True,0.0373510152067994,0.05439530239241542,0.003555998284761246,0.04999999999999993,0.003249990107817147,0.05,1.7825258479087676e-09,2.002584548144466,3.917661510362423,0,3.0032158647174905,1.1610100869855298e-09,2.107514889375882,4.279592792230186,0,,0,1
S2_N100,5500554,2.9986381413478425,,,,-0.7719418651594694,0.34074194594783197,0.02570734232265491,100,0.03040408977311486,0.03666412986627621,True,0.04546157456387577,0.028772005837017535,True,0.33735125961294876,0.8461710646116086,0.012199237707526117,0.08999999999999997,0.005226141653263815,0.09,3.7373979942408167e-08,2.0815061707157567,4.31986742544898,1,2.9825547970840702,6.376704320241295e-08,2.0587598757707535,4.320869676109689,1,0.0,0,1
S2_N100,5500555,2.242351162544458,,,,-1.1748804756492082,0.36269506191562956,0.00164147329992955,100,0.0003917950238793055,0.0004230077870344683,True,0.010255600383111654,0.008315600883004757,True,0.21914001493573576,0.15309015463069617,0.003069846849487781,0.05999999999999994,0.005007678064539155,0.06,3.714684117202785e-05,1.5474603000662182,3.2492844798340355,1,2.4822972569600585,1.2984402440686395e-05,1.6756912882033776,3.6771687692653185,1,0.0,0,1
S2_N100,5500556,2.754636072862759,1.9188489672723925,3.9544643811664812,3.9544373177421556e-08,-0.9703275215903546,0.32470420037851633,0.0035531643840480357,100,0.00024910672643342114,0.0001674719614338419,True,0.1858262712325236,0.28559796508167157,True,0.6481459553194382,0.892689159593494,0.0008578483408461911,0.030000000000000027,0.0012665234824340232,0.03,3.9544373177421556e-08,1.9188489672723925,3.9544643811664812,0,2.999929696285496,1.4674450624410787e-09,2.1013194073498886,4.282822569085557,0,,0,1
S2_N100,5500557,3.2591660608283664,2.4126345167160985,4.402723801909956,1.3659628836090845e-14,-1.6733193197576803,0.2967643744264323,1.6878658314327905e-07,100,0.013520335237966261,0.010704426317371398,True,0.004704667484441717,0.008427469002089334,True,0.38068378197661723,0.2169034639531845,0.006792582417346403,0.07000000000000006,0.007531471292339249,0.07,1.3659628836090845e-14,2.4126345167160985,4.402723801909956,0,3.5780381468476494,2.631948010607611e-14,2.577218672007598,4.967509012467382,0,,0,1
S2_N100,5500558,2.8643579743474965,1.9807224181159881,4.142199093708469,2.2529298730534e-08,-1.9906740137941101,0.37008686313920236,5.18589233246545e-07,100,0.00023059666798966018,5.23299268405049e-05,True,0.011434897773741756,0.020622489315336095,True,0.9278234522102763,0.9806733612477047,0.0011801696655644879,-0.030000000000000027,0.0015270756526480373,-0.03,2.2529298730534e-08,1.9807224181159881,4.142199093708469,0,3.4472257997608318,1.875252985594457e-09,2.3021884523428455,5.161769316687987,0,,0,1
S2_N100,5500559,2.8551663803915766,2.094884442489959,3.891372189498424,3.116101071641017e-11,-1.454186973859106,0.30739169082895657,7.6022829382295686e-06,100,1.1764856535936678e-07,3.4387075553084143e-10,True,0.17880842381233264,0.2086465079209392,True,0.06417430476230468,0.022397241306568904,0.001270075591534231,-0.010000000000000009,0.001882139237311611,-0.01,3.116101071641017e-11,2.094884442489959,3.891372189498424,0,2.807609811008973,2.0540984589989613e-09,2.0031949156947744,3.93505034837804,0,,0,1
S2_N100,5500560,2.6268907866808666,1.8732041516266114,3.6838244241326663,2.1695552342468686e-08,-1.4955798147577437,0.32381555037005033,1.1869328432462409e-05,100,0.0018133775242655675,0.0016932273826475374,True,0.20394797319191993,0.16494481564008356,True,0.39942109076648213,0.3662136250140503,0.0009802347250893644,-0.020000000000000018,0.001130375263271851,-0.02,2.1695552342468686e-08,1.8732041516266114,3.6838244241326663,0,2.844691965630179,7.361198754483491e-10,2.039520695277891,3.9677324177474427,0,,0,1
S2_N100,5500561,2.361700702400786,1.7176721168443359,3.247203091337041,1.2240448356763113e-07,-1.7448257216403036,0.3401514010125622,1.4878469037613144e-06,100,0.002180298343784538,0.0020170911870778037,True,0.022135360814184046,0.012068601825245107,True,0.625078136456112,0.7084106149178946,0.0007270660827603322,-0.010000000000000009,0.001882139237311611,-0.01,1.2240448356763113e-07,1.7176721168443359,3.247203091337041,0,2.9843414962056927,6.259227260539386e-09,2.0637295473022204,4.315630494130326,0,,0,1
S2_N100,5500562,3.3837746544337444,2.4655764364087234,4.643916425753077,4.4480653750438664e-14,-0.9345470136209219,0.3361293687143711,0.006523807578739698,100,3.903655890192889e-06,5.256451076018786e-06,True,0.20150192001728218,0.21862895055760356,True,0.4428798034092122,0.521796029826911,0.0004392048549600073,0.019999999999999907,0.00020086758622411604,0.02,4.4480653750438664e-14,2.4655764364087234,4.643916425753077,0,3.995452248164958,5.82625541111799e-14,2.783615432560269,5.734857797035432,0,,0,1
S2_N100,5500563,2.8247160300717122,2.072776920056335,3.849435302631234,4.848756795007838e-11,-0.8958290505815527,0.3465730212425107,0.011232173081800521,100,0.00020078370716769306,0.00017580996356776483,True,0.09757060121696817,0.14304699044484315,True,0.5763545224135501,0.5725744988523316,0.032853445476975496,-0.12,0.025145949558655137,-0.12,4.848756795007838e-11,2.072776920056335,3.849435302631234,0,2.937306820726802,1.2005439557035789e-10,2.116003055406208,4.077390784973098,0,,0,1
S2_N100,5500564,2.2998169067238203,1.7039201966416004,3.104111222390325,5.241863868356088e-08,-1.3823271044669854,0.3380392425458056,8.936055532430784e-05,100,0.0032828152464333678,0.0015531489652122101,True,0.005493570827774093,0.0028002170176762687,True,0.839371172550808,0.9861463772370931,0.0009731339052480141,-0.020000000000000018,0.00027496065630798846,-0.02,5.241863868356088e-08,1.7039201966416004,3.104111222390325,0,2.390460377207629,2.9074987800332456e-07,1.7134078156640122,3.3350500463225248,0,,0,1
S2_N100,5500565,2.817672294895873,1.8686007317093096,4.2487820039336555,7.67821816422492e-07,-1.4714366499002942,0.3620350739711358,9.790459953829675e-05,100,0.006509141921686273,0.004338949070266852,True,7.8035515870623e-05,9.152251739866185e-05,True,0.5522552726595068,0.4225200253737015,0.0028235953430100166,-0.029999999999999916,0.004186493347892531,-0.03,7.67821816422492e-07,1.8686007317093096,4.2487820039336555,0,2.9707435961394393,4.7545319929242065e-07,1.9445947711956633,4.538383854944293,0,,0,1
S2_N100,5500566,2.2594751790569334,1.6425039257548504,3.1081984065445303,5.452958727511474e-07,-0.6290320984600148,0.31886088562715353,0.05137094585979019,100,2.9739663481848236e-05,2.352621564353771e-05,True,0.013620808468441038,0.02893532130478059,True,0.6446764055221986,0.5889946809850889,0.0009169817627208104,0.019999999999999907,0.0018701602225529644,0.02,5.452958727511474e-07,1.6425039257548504,3.1081984065445303,0,2.408818736593951,3.837359308885361e-07,1.7155575289113718,3.3822285804942185,0,,0,1
S2_N100,5500567,4.061816943962442,2.838370055639419,5.81261659433047,1.7880874904591924e-14,-1.560000000000001,0.31978820136500674,4.193006064838682e-06,100,0.014041668137853017,0.017699195689381452,True,0.0018268333079519584,0.0017927852834007019,True,0.8051831474358955,0.7816017233604153,0.009346881978240226,0.08999999999999997,0.012840037195830456,0.09,1.7880874904591924e-14,2.838370055639419,5.81261659433047,0,4.446953894093586,7.666277286670813e-13,2.956898160666047,6.687886380144951,0,,0,1
S2_N100,5500568,2.2520240304095696,1.6164164812400197,3.1375652824645286,1.6012642518208684e-06,-1.2599999999999996,0.32983695897697674,0.000235386737479969,100,0.00023057474721571055,0.00011283410000879326,True,0.0073951169523127774,0.039607538994124634,True,0.2121188696521692,0.3568106253663622,0.0007420143015860615,0.0,0.0007409807452360707,0.0,1.6012642518208684e-06,1.6164164812400197,3.1375652824645286,0,2.2675819798818044,1.294532158182169e-05,1.5695072932926013,3.276141536556773,0,,0,1
S2_N100,5500569,2.6377968011468536,1.822951770870357,3.816871118218631,2.673480039362895e-07,-1.2555253673412796,0.33300175213164046,0.0002802391219211495,100,2.4086583740156628e-05,9.934048082196682e-07,True,0.001526151858509824,0.0007637149712542463,True,0.31321300496534654,0.27935015914717,0.005062603098971668,0.039999999999999925,0.0037840618870307492,0.04,2.673480039362895e-07,1.822951770870357,3.816871118218631,0,2.6381761099968317,8.780816172409585e-07,1.792146511816771,3.8835960907584552,0,,0,1
S2_N100,5500570,2.997533138677575,2.075171136902272,4.329862129290682,4.890567509706737e-09,-1.4472530555850756,0.3707997276686115,0.00017539274914492387,100,0.009818591264770247,0.015513488736808695,True,0.009339842720809734,0.020422704002647576,True,0.5911391885027473,0.6106694882075874,0.03301081564883451,0.13,0.026068396353330258,0.13,4.890567509706737e-09,2.075171136902272,4.329862129290682,0,3.4098948996592675,4.892375619697437e-10,2.317067301863449,5.018146524000933,0,,0,1
S2_N100,5500571,3.3655325028599785,2.4723122463865996,4.581463787335769,1.2400306044425978e-14,-2.0599999999999987,0.29827841879357836,5.200601119919227e-10,100,0.00027120303186517453,4.807845359064967e-05,True,0.06382002544322803,0.0719534988547766,True,0.9859724913667235,0.9007295537709045,0.0009054967769741836,0.020000000000000018,0.00020086758622411604,0.02,1.2400306044425978e-14,2.4723122463865996,4.581463787335769,0,3.5390197928026095,2.7287195356756765e-14,2.5558084869542284,4.900469326156099,0,,0,1
S2_N100,5500572,2.9941872191336447,2.221879882025059,4.034942291773339,5.797321127139224e-13,-1.6542918059540406,0.3470481381391837,6.580150530271827e-06,100,0.0005469164486668927,0.000156437321059397,True,0.3493113457726259,0.3954259980091551,True,0.4104243272024115,0.3791067206709836,0.0009760156780679917,0.010000000000000009,0.00010108082607661683,0.01,5.797321127139224e-13,2.221879882025059,4.034942291773339,0,3.087770703388148,2.0826609748760807e-13,2.2853763149786053,4.171885327686787,0,,0,1
S2_N100,5500573,2.7588031812444083,2.0261370604738733,3.756406780824692,1.1655806110965636e-10,-1.6381058122730958,0.3611812719693054,1.6455987562888814e-05,100,0.0004404982830395702,0.0002042396139323803,True,0.0033789200624250214,0.0015426869146849924,True,0.6140522466564369,0.8433773081715088,0.002838973162444867,-0.030000000000000027,0.001817351925169469,-0.03,1.1655806110965636e-10,2.0261370604738733,3.756406780824692,0,3.1543389531292902,1.1607130138640487e-11,2.2635521082142684,4.395681546327773,0,,0,1
S2_N100,5500574,3.209765778586561,2.270519185338687,4.537550891404859,4.0435856098913925e-11,-1.3068647699597877,0.3121286064933468,6.225055493602051e-05,100,0.004705760264194117,0.005349581663013461,True,0.009699020167597383,0.01762744080076666,True,0.971025367919009,0.8246285833075004,0.10777615155224175,0.15999999999999998,0.08488206842953683,0.16,4.0435856098913925e-11,2.270519185338687,4.537550891404859,0,3.294127511460175,7.756409574504859e-11,2.3001207096651055,4.717698517369873,0,,0,1
S2_N100,5500575,2.24452982997822,1.598164268794773,3.152313098240714,3.0773197093657543e-06,-1.5199999999999998,0.3177382404937971,6.1438719357409e-06,100,0.0021191496364849167,0.0012953534022930428,True,0.08711965656295052,0.06275724516542826,True,0.4135657909868172,0.4015511270433324,0.00961040626882864,-0.06999999999999995,0.008508093630497846,-0.07,3.0773197093657543e-06,1.598164268794773,3.152313098240714,0,2.5070964273100236,3.792812560121276e-07,1.758469665189223,3.5744332815399003,0,,0,1
S2_N100,5500576,2.5403511729650066,1.8801902083776765,3.4323038452332923,1.2623341483347872e-09,-1.3799999999999994,0.32676390176494147,5.435650325968489e-05,100,0.00027379483053214274,0.00012762349497262096,True,8.865870636895303e-05,3.4652394582717506e-05,True,0.8069910527850706,0.5816422149706717,0.002229818044323874,-0.040000000000000036,0.0037840618870307492,-0.04,1.2623341483347872e-09,1.8801902083776765,3.4323038452332923,0,2.800618787725965,2.089082751267142e-09,1.999528046593233,3.922658453092087,0,,0,1
S2_N100,5500577,2.277594752161836,1.70642692248122,3.0399414043071777,2.3003114982521963e-08,-1.4932451361867711,0.33796824744141507,2.5913824317823518e-05,100,0.0020739675628559415,0.00469488908785945,True,0.2180147950231951,0.21236674608264972,True,0.3987630398463192,0.5305928900512741,0.0009722155428406686,-0.020000000000000018,0.0009326302855561507,-0.02,2.3003114982521963e-08,1.70642692248122,3.0399414043071777,0,2.3010556201123116,7.723108267725172e-08,1.6979116242262995,3.118452628100243,0,,0,1
S2_N100,5500578,3.2664576778566863,2.3449476961191116,4.550099679787026,2.564026886889302e-12,-1.7535313710178642,0.29177086036074157,3.253015621282002e-08,100,0.00021587006831043522,2.798102504335821e-05,True,0.17476452262940778,0.20607885881768218,True,0.3567126991190739,0.3771534793201631,0.0015881909996562774,0.019999999999999907,0.0024885578646206353,0.02,2.564026886889302e-12,2.3449476961191116,4.550099679787026,0,3.632058000782326,9.476642504620137e-13,2.5488423084868352,5.175622390260179,0,,0,1
S2_N100,5500579,2.900376843599603,2.1084594145567364,3.9897309745738214,5.954622878337527e-11,-0.893753247916854,0.3371325908057698,0.009372590063444416,100,0.0003669365291771094,0.00022127073148962893,True,0.053972257995379365,0.08119212907733374,True,0.12633666366148338,0.1079534841330193,0.006253645584050566,-0.05999999999999994,0.0021114938313528315,-0.06,5.954622878337527e-11,2.1084594145567364,3.9897309745738214,0,3.08729581537268,1.635590595693111e-09,2.1402197753620666,4.4534657427904625,0,,0,1
S2_N100,5500580,2.445780470410346,1.8024766348289105,3.3186794180044634,9.27567219937154e-09,-1.6328755410299447,0.3337190636719752,3.948872649440965e-06,100,0.000991395457352434,0.00011187686549522678,True,0.17886380816268244,0.07802632566704519,True,0.31336922968716563,0.2958065966793987,0.0026415303776169924,0.040000000000000036,0.005444760598187564,0.04,9.27567219937154e-09,1.8024766348289105,3.3186794180044634,0,2.59065842854332,3.728583381823185e-08,1.8457609424073698,3.6361757035713005,0,,0,1
S2_N100,5500581,2.8123386412507245,2.0380348099458163,3.8808211687425738,3.1077996654062145e-10,-1.7799999999999994,0.36968016746025867,5.418487885108496e-06,100,4.146503696547701e-05,0.000187726980572287,True,0.001815703417129153,0.000895405142950749,True,0.5039062508099772,0.5655356314298978,0.001026383158906315,0.040000000000000036,0.0017144240573671004,0.04,3.1077996654062145e-10,2.0380348099458163,3.8808211687425738,0,3.300865682480057,7.920896397289013e-12,2.3443222118547364,4.647703373997496,0,,0,1
S2_N100,5500582,2.4684387107932846,1.776925498297001,3.429063106349987,7.130212530341937e-08,-0.3600605544516986,0.3629340076502351,0.3236255400918334,100,0.0005423078513290674,8.590939571016687e-05,True,0.16593330323926037,0.09177979999147429,True,0.6027745892462191,0.5888558072651959,0.0017066242102583321,-0.029999999999999916,0.0012665234824340232,-0.03,7.130212530341937e-08,1.776925498297001,3.429063106349987,0,2.5587531088384985,1.1257480539359926e-07,1.808357843360656,3.620532018056404,0,,0,1
S2_N100,5500583,3.028371165745882,2.191948570697577,4.183963091160681,1.8344390822624317e-11,-1.4649869066323873,0.338677182383841,3.693753484095616e-05,100,0.006218844094474545,0.0019964020804632697,True,0.0035988579841117366,0.0004492140807096655,True,0.5070813907042262,0.5332408561174566,0.0032213311408227376,-0.06000000000000005,0.0005378951159832174,-0.06,1.8344390822624317e-11,2.191948570697577,4.183963091160681,0,3.2012056749551308,1.9981738679425518e-11,2.278394490624435,4.497780263924516,0,,0,1
S2_N100,5500584,2.8458530369402193,1.9682730186596937,4.114713472715714,2.7041985560248575e-08,-1.0158473510829598,0.31031892322695864,0.0014724920741498533,100,0.011227242151795663,0.0131600541592296,True,0.013106057551453068,0.005378128281602375,True,0.19438851915542332,0.10934527142361779,0.004485920131283486,-0.050000000000000044,0.0009656415193804101,-0.05,2.7041985560248575e-08,1.9682730186596937,4.114713472715714,0,3.5576923901726185,2.743240773194434e-12,2.4924683366555795,5.078168880602789,0,,0,1
S2_N100,5500585,3.465390721081187,2.5207643194559064,4.764004614420935,1.9526940666064016e-14,-1.3078651552020901,0.328666945107481,0.0001333863389802709,100,0.027331474323218752,0.008966510254494998,True,0.00011657101386364768,2.723710023840154e-05,True,0.7384703927045659,0.9392847004439008,0.0035572317224003246,-0.04999999999999993,0.003249990107817147,-0.05,1.9526940666064016e-14,2.5207643194559064,4.764004614420935,0,3.4076684868198854,8.169032070659734e-13,2.435951821251461,4.767009106977988,0,,0,1
S2_N100,5500586,2.4386154311664763,1.7182670402832672,3.460955184325065,6.028850568638695e-07,-1.3499824983592212,0.28339986390159577,6.665923759528306e-06,100,0.007446522044153931,0.0067381140239400426,True,0.0004680583689453735,0.00042775043336461174,True,0.7386630022583194,0.8731052116016655,0.0033487152789939746,0.04999999999999993,0.0023134631302174345,0.05,6.028850568638695e-07,1.7182670402832672,3.460955184325065,0,2.6702758817818584,4.393780029322887e-07,1.8240606376273414,3.9090659256266607,0,,0,1
S2_N100,5500587,2.7529872004199025,1.9579709146629405,3.8708126197985466,5.73156376257986e-09,-1.3138120473715598,0.3422712281645284,0.00022056588298625406,100,0.00025033385039738965,0.00024012276494879745,True,0.006655893254095685,0.0018832454669026435,True,0.17484411721507698,0.1680993929366258,0.00924485053134286,0.06000000000000005,0.00820450302096642,0.06,5.73156376257986e-09,1.9579709146629405,3.8708126197985466,0,3.036473324025692,6.498041240633388e-10,2.134688680685901,4.319210726576338,0,,0,1
S2_N100,5500588,3.1451573835420352,,,,-1.5073815039529324,0.3460269930816474,3.286946302856623e-05,100,0.0018756858705079435,0.0011449806763446108,True,0.27719469147559217,0.39315831922603095,True,0.2938831187972608,0.32016941175322855,0.000845268865227414,-0.020000000000000018,0.00027496065630798846,-0.02,3.363455483606865e-10,2.27106475187304,4.35567280020996,1,3.6121047880419446,9.496089106075329e-12,2.5966036824812817,5.024756410777213,1,0.0,0,1
S2_N100,5500589,2.31589377224477,1.6721619962966292,3.207442805302633,4.32712769205605e-07,-1.2130777508252928,0.3494792463625011,0.0007754260172460266,100,0.0003539561057807908,8.472610745572969e-05,True,0.0058321495411198625,0.0034384623801867625,True,0.4051653665266447,0.32342281182306076,0.05848958892203368,0.13,0.049036347676075065,0.13,4.32712769205605e-07,1.6721619962966292,3.207442805302633,0,2.359100893641948,8.683939233474098e-07,1.6758556607816133,3.3209047512997474,0,,0,1
S2_N100,5500590,2.525415026814891,1.8574899930686437,3.433515702082583,3.401420779824348e-09,-1.0040111952329973,0.3306977895053611,0.0030781538478464013,100,3.385266152220166e-05,0.00019572477352756311,True,0.14233289002873734,0.14525616931498814,True,0.052665378483196,0.019215626347807106,0.0013177959474756854,-0.029999999999999916,0.0032786050540857766,-0.03,3.401420779824348e-09,1.8574899930686437,3.433515702082583,0,2.947590130975519,1.0968840186146924e-10,2.1226349943600775,4.0931613788095405,0,,0,1
S2_N100,5500591,2.4393559230129713,1.675731057523,3.5509620069548617,3.244577062438621e-06,-1.1451626408431481,0.3080304472274969,0.00033650063850286044,100,0.004521903572875926,0.005673690217105969,True,0.030456983595383597,0.01748357515761381,True,0.4794579355607128,0.6155404774051869,0.0011088290368152464,0.030000000000000027,0.0006568092743074176,0.03,3.244577062438621e-06,1.675731057523,3.5509620069548617,0,2.5405392423149062,2.318327320203141e-06,1.7254643450280418,3.740639243192883,0,,0,1
S2_N100,5500592,3.0277803035047977,2.187241218454913,4.191331751130575,2.4377447826365866e-11,-1.6007349774227158,0.30780212921552036,1.1050590114926558e-06,100,0.0020917453396417924,0.0009050568008152245,True,0.05999057369162967,0.09798375128452994,True,0.4207643965156306,0.4646040272353341,0.000786466079091408,-0.010000000000000009,0.0014008129642144632,-0.01,2.4377447826365866e-11,2.187241218454913,4.191331751130575,0,3.1017594067630734,9.170675454794388e-11,2.202496152498913,4.368185345762124,0,,0,1
S2_N100,5500593,3.3183789991457564,,,,-1.6999999999999993,0.3394507044103864,2.463208142510595e-06,100,0.0027039115913356088,0.0008965285066447002,True,0.06162153940601419,0.1381796882349496,True,0.5249657876643599,0.7136752010740642,0.002186956984448856,0.040000000000000036,0.0011384769640687454,0.04,3.5636147854740986e-08,2.2287321702828624,4.940763779873126,1,3.6202854867784793,3.360391790373488e-06,2.156246314963535,6.078371897878718,1,0.0,0,1
S2_N100,5500594,2.1623039245757663,1.615322183000837,2.894505078578085,2.187290216941228e-07,-1.378459096620594,0.3394313992163543,9.908140036396836e-05,100,9.274679537849318e-05,7.195497629986449e-05,True,0.15234801146648022,0.07988478945038527,True,0.7033824582190126,0.6086292240068949,0.0076934649951795,-0.07000000000000006,0.009533589408970344,-0.07,2.187290216941228e-07,1.615322183000837,2.894505078578085,0,2.3125291445289085,1.6224695517478036e-07,1.6898757136192846,3.1646061312059417,0,,0,1
S2_N100,5500595,4.044853343041059,2.856349325902154,5.727884337656425,3.4688728181838696e-15,-2.4055704222296153,0.3234783861890302,4.1414477560955326e-11,100,0.00010217003337455227,1.3382412133586193e-05,True,0.009418522446782904,0.008062391209128444,True,0.6026386826888568,0.8059371438668967,0.0032094251851468103,0.04999999999999993,0.002759886080977479,0.05,3.4688728181838696e-15,2.856349325902154,5.727884337656425,0,4.577666632317027,5.344912539890092e-15,3.126312278702322,6.702795475481668,0,,0,1
S2_N100,5500596,2.652625027977624,1.8921028865894514,3.7188355817883454,1.520276647497289e-08,-0.8800000000000012,0.34360755541527926,0.011976526886054275,100,1.2105309724652187e-05,4.25879232783649e-05,True,0.007544399785311015,0.004702252479377918,True,0.5447911300663957,0.3004648840470331,0.053067686810876036,0.13,0.006890016473306151,0.13,1.520276647497289e-08,1.8921028865894514,3.7188355817883454,0,2.613644078628754,1.3679924230787428e-07,1.8283258403997957,3.736278960131855,0,,0,1
S2_N100,5500597,2.2002474007298605,1.625432649646923,2.978338490659758,3.319753387211568e-07,-1.5809970536240425,0.3023381355785252,9.792555607670945e-07,100,0.00014513395035048947,5.4633754502088564e-05,True,0.015150623892471515,0.021857245115506903,True,0.02874031443276822,0.01609228447522652,0.005739212744203144,0.04999999999999993,0.0037831190449990676,0.05,3.319753387211568e-07,1.625432649646923,2.978338490659758,0,2.326597475333859,1.0950069631338762e-06,1.6567055749154205,3.267361379227711,0,,0,1
S2_N100,5500598,2.6176314444351103,1.9285122998776234,3.5529949066595248,6.696021898933148e-10,-2.0511125652071174,0.33621339966134134,2.1619738688244538e-08,100,0.0001364156661776225,2.9348233451073618e-05,True,0.0032282961497227965,0.0011885148756907858,True,0.6715092825861783,0.49768139459936644,0.0009850933712739693,-0.010000000000000009,0.001002731074302973,-0.01,6.696021898933148e-10,1.9285122998776234,3.5529949066595248,0,3.0915124377034986,5.0449977167249636e-11,2.2076702458262814,4.329201415177061,0,,0,1
S2_N100,5500599,2.8303276488131295,1.8999038253588838,4.216400058104447,3.1229318380375634e-07,-1.690207136640557,0.3192491871914398,7.436023120230852e-07,100,0.0008425879058196582,0.0004519344600287279,True,0.053711421271024,0.04287246479403268,True,0.7301157736446606,0.8762162457970899,0.0008189648746974543,-0.010000000000000009,0.0011915325554775293,-0.01,3.1229318380375634e-07,1.8999038253588838,4.216400058104447,0,3.062426429270724,4.7133853558165794e-08,2.0494681318031533,4.576043652088666,0,,0,1
S2_N100,5500600,2.5345452710190406,1.810681966457009,3.5477901972010972,5.960847238045696e-08,-1.3602113597477108,0.3566398534842292,0.00024049920937745532,100,0.008653204552326939,0.017037782746910653,True,0.0033323924905238546,0.00232792104710793,True,0.28699899261761075,0.38091265439686806,0.007090560551129078,0.06999999999999995,0.008508093630497853,0.07,5.960847238045696e-08,1.810681966457009,3.5477901972010972,0,2.5461616280803203,1.9515009544880836e-08,1.8375511244416036,3.528031927970803,0,,0,1
S2_N100,5500601,2.731888323015292,1.9475292510583189,3.8321446547576494,5.8765895103508255e-09,-1.9082473287791202,0.3344667087577867,1.2595299887675958e-07,100,0.00020346941563819022,4.755612301081854e-05,True,0.007734439654841589,0.01824499542146043,True,0.44496604276645535,0.4672226162519223,0.002178433060355713,-0.030000000000000027,0.0037181258173575107,-0.03,5.8765895103508255e-09,1.9475292510583189,3.8321446547576494,0,3.1025994761818416,6.235084130238523e-12,2.246595465832419,4.284760499165845,0,,0,1
S2_N100,5500602,2.306759785082408,1.6290948821992894,3.266317244143483,2.477340805775101e-06,-0.7799999999999996,0.3529867891431155,0.02947724553958035,100,0.00013263275570219154,7.675894857274806e-05,True,0.07822400764907883,0.09466627335331661,True,0.9650311081336901,0.6153831115690532,0.011081871038437599,0.07999999999999996,0.009850482882971747,0.08,2.477340805775101e-06,1.6290948821992894,3.266317244143483,0,2.536488536407566,4.414693542552111e-07,1.7674615277126968,3.6401211536711973,0,,0,1
S2_N100,5500603,2.43577642824528,1.8337835870152503,3.23539094275141,7.922150938404839e-10,-1.669269267839931,0.35374251214480634,7.97097902198811e-06,100,1.3806312295102472e-05,1.7972796780885985e-06,True,0.5697148252719986,0.455697259380239,True,0.29814091881844174,0.2959894831622125,0.0010688159706846185,-0.010000000000000009,0.0008339226551137527,-0.01,7.922150938404839e-10,1.8337835870152503,3.23539094275141,0,2.710891485747603,4.391650866962923e-09,1.942972521566946,3.7823142457888013,0,,0,1
S2_N100,5500604,2.8816184819304946,2.0857666533345274,3.9811380923787403,1.3826110067065675e-10,-1.065935300365444,0.34111951127877066,0.002346960350455281,100,0.021823088648689443,0.004746758763891863,True,0.002689667732396345,0.0043864426801543096,True,0.3545776683075127,0.37160541525285895,0.024698630348347028,0.10999999999999999,0.019374575854828272,0.11,1.3826110067065675e-10,2.0857666533345274,3.9811380923787403,0,3.033384068919566,3.919346552074379e-10,2.1427514558690466,4.294207283990927,0,,0,1
S2_N100,5500605,3.040391159295508,2.2889314084674455,4.038556318169268,1.6310788105166618e-14,-1.024905173363552,0.36897477437909015,0.00657245066353335,100,0.00016305350702570866,1.5542952572966288e-05,True,0.639844260080643,0.4533687453418149,True,0.6451449824978233,0.551190457984335,0.0009443656191817028,0.030000000000000027,0.0015270756526480373,0.03,1.6310788105166618e-14,2.2889314084674455,4.038556318169268,0,3.2678047780423958,2.973067226505642e-13,2.377394945534899,4.491701342030954,0,,0,1
S2_N100,5500606,2.5029924636231264,1.8443931874225783,3.396765568034366,3.876642258348639e-09,-1.7528093550673285,0.3481629398963709,2.209109086867314e-06,100,2.6870616753254305e-05,6.871081233205513e-06,True,0.4088426787381404,0.4205188800485862,True,0.5804612200375043,0.5981566611805601,0.0009478506329276732,0.010000000000000009,0.0005536828842662267,0.01,3.876642258348639e-09,1.8443931874225783,3.396765568034366,0,2.958120461122284,3.3896445389655655e-10,2.108673799366809,4.149753586893288,0,,0,1
S2_N100,5500607,2.1627562425044555,1.5024755941626409,3.1132050215423717,3.3181331143563924e-05,-1.6132406218578397,0.33546595821419806,5.551766094476916e-06,100,0.0009032749959423162,0.0002593543001072645,True,0.2059151190916837,0.14692434036214827,True,0.6138232303482558,0.7683202881322894,0.025008716378846725,0.09999999999999998,0.014878354575793533,0.1,3.3181331143563924e-05,1.5024755941626409,3.1132050215423717,0,2.190170561854859,9.38570534920813e-05,1.4778474833253437,3.245833649370987,0,,0,1
S2_N100,5500608,2.3423948063199145,1.6763087965293808,3.2731519634296338,6.158862459660701e-07,-1.6612483471774897,0.30756867001265004,4.7140466283500314e-07,100,0.0025055235938654485,0.006558536164663736,True,0.07711469663161834,0.08183581160530136,True,0.2706655746143757,0.19830946884054734,0.0004490932801893981,0.010000000000000009,0.0008339226551137527,0.01,6.158862459660701e-07,1.6763087965293808,3.2731519634296338,0,2.3603993775729712,1.4435209306015157e-06,1.6644976955948896,3.3472471823733154,0,,0,1
S2_N100,5500609,3.385762199379285,2.371413244369396,4.833989056088782,1.911080804811076e-11,-1.6244123513923237,0.3137410755732429,1.2170190911025095e-06,100,0.0007434022495893187,0.00045261636719120954,True,0.000523655992136674,0.0002843496526251341,True,0.7022551654691713,0.6928430639928339,0.026104648840717008,0.12,0.019891386054272958,0.12,1.911080804811076e-11,2.371413244369396,4.833989056088782,0,3.6249340921789517,3.0218184779282123e-11,2.4793923756552028,5.299744930113707,0,,0,1
S2_N100,5500610,2.7798743648092845,1.9988489709580224,3.8660757247807656,1.236708265293998e-09,-1.489367596136321,0.3611120971281513,7.851106009410727e-05,100,0.0029352361674728367,0.0017240752007487523,True,0.009694555846077547,0.002676217126126703,True,0.4106226693378352,0.41909173289654345,0.004173941730330723,0.06000000000000005,0.003692702294121217,0.06,1.236708265293998e-09,1.9988489709580224,3.8660757247807656,0,2.753524685878109,9.819878297299939e-09,1.9477069469307595,3.8927304786214707,0,,0,1
S2_N100,5500611,2.308615571952922,1.7204909747244121,3.0977819339722066,2.4494941915436492e-08,-1.3549440650878979,0.3446876304149544,0.0001587481632627316,100,0.0002551018070926217,9.67701860646484e-05,True,0.10527122993133146,0.10611167206174846,True,0.9215278749987933,0.8980029036750498,0.01170359327276386,-0.07999999999999996,0.003137284119621111,-0.08,2.4494941915436492e-08,1.7204909747244121,3.0977819339722066,0,2.3514068760316484,1.0390601465905024e-07,1.7160070638286453,3.22208131492927,0,,0,1
S2_N100,5500612,2.50840730706977,1.823236656503125,3.451064454917749,1.6065017745299725e-08,-1.4727106497183475,0.3232564116580387,1.5191092573059658e-05,100,0.0001561403691815342,4.965983436195216e-05,True,0.03988071121212835,0.05390244958397606,True,0.15517429617397857,0.2041331262404601,0.0026226934864241247,0.040000000000000036,0.004858021180771275,0.04,1.6065017745299725e-08,1.823236656503125,3.451064454917749,0,2.7748862800340675,1.1819543191520303e-07,1.902021883750399,4.048320333695893,0,,0,1
S2_N100,5500613,3.0043458534945335,2.1788337905359927,4.142626228129765,1.93154226730691e-11,-1.5182175991003635,0.3602921050484496,5.6299459400930137e-05,100,0.012357811676375613,0.006995842039605974,True,0.06619608373675322,0.16047091963230153,True,0.7990584768172734,0.6551405552995551,0.0697800541464816,0.14,0.09970654961374785,0.14,1.93154226730691e-11,2.1788337905359927,4.142626228129765,0,3.2532393150021917,4.446104584729938e-10,2.24561229556106,4.712997903332042,0,,0,1
S2_N100,5500614,2.4650393010176703,1.7673585880240548,3.438135756227746,1.0687024394354474e-07,-1.475189934040098,0.37737134769656516,0.000171637244073501,100,3.336658577554098e-05,4.907561246684992e-06,True,0.01958902781739329,0.03286302383265735,True,0.2950978528481384,0.5182380739041837,0.008711220910424233,0.06999999999999995,0.01171867002513968,0.07,1.0687024394354474e-07,1.7673585880240548,3.438135756227746,0,2.6747584441369034,2.38630091990694e-08,1.8933834204939914,3.7785969059637554,0,,0,1
S2_N100,5500615,2.4570697485134456,1.7903991277412985,3.371980948558787,2.6000807248374026e-08,-1.5320780552225037,0.3362875864591913,1.5191232376599871e-05,100,0.004865354498813258,0.022491488639519216,True,0.02612316755862561,0.05466818397782251,True,0.38961134494008665,0.7107425795824038,0.026022407460221695,-0.09999999999999998,0.014878354575793533,-0.1,2.6000807248374026e-08,1.7903991277412985,3.371980948558787,0,2.6228638837809384,2.4529908969877814e-08,1.8689224203712897,3.680952659059934,0,,0,1
S2_N100,5500616,2.9590142929261725,,,,-1.1333043698635112,0.31938665876164196,0.0005993372160680875,100,0.0002260416546133674,0.00013715092261189565,True,0.19335388894396854,0.26245912694709783,True,0.6254594583687215,0.9254616546821967,0.0012586080551032909,-0.030000000000000027,0.0015270756526480373,-0.03,1.099789275544687e-06,1.9551574212524665,4.478291870806221,1,3.4311526026993717,3.98646844770735e-07,2.1870848141518433,5.382876835334891,1,0.0,0,1
S2_N100,5500617,2.5799618696249618,1.8225300230425976,3.652177557880019,9.048182101828574e-08,-1.199999999999999,0.3472117296450065,0.0008148208766928918,100,0.0015244882738784016,0.001063772418049026,True,0.009466350928459624,0.014139894359019094,True,0.5754568941101901,0.5399185673346576,0.0007736601088543807,-0.020000000000000018,0.001130375263271851,-0.02,9.048182101828574e-08,1.8225300230425976,3.652177557880019,0,2.9705356391201736,1.147529508308724e-08,2.043892997483364,4.317291557898652,0,,0,1
S2_N100,5500618,2.872561211348896,2.1201352687844657,3.8920195491475025,9.80454238605013e-12,-1.5768823695345549,0.3075526109563924,1.5025849118080887e-06,100,0.0005366810281291914,0.00017675257967258637,True,0.014028895754537475,0.026631025160401032,True,0.739420892180116,0.6626001488091326,0.0008671948749776049,-0.020000000000000018,0.0013522337758173286,-0.02,9.80454238605013e-12,2.1201352687844657,3.8920195491475025,0,3.061304620594092,9.506579399348464e-12,2.218896172510366,4.223535150573593,0,,0,1
S2_N100,5500619,2.171858528166132,1.5916395020173637,2.963591605001833,1.0048702478396058e-06,-0.9971611076466717,0.3155965767874053,0.002107269307566016,100,0.0005367293783298937,9.687341694067351e-05,True,0.3348514722080249,0.5027121176221416,True,0.44495474193363604,0.4694240093245202,0.003529998550830822,0.05999999999999994,0.005007678064539155,0.06,1.0048702478396058e-06,1.5916395020173637,2.963591605001833,0,2.171094939815899,1.9294652205836438e-06,1.5778603564597715,2.987370345161707,0,,0,1
S2_N100,5500620,1.8059300862464183,1.2695315968659808,2.5689659749006517,0.00101202472944239,-1.8335698126093836,0.34931541561632884,9.007346474134162e-07,100,0.0013569123853204516,0.0030491154588664538,True,0.13685380365237926,0.08237450555347611,True,0.6142625831568153,0.5083898893998433,0.0010113326288943804,0.010000000000000009,0.00044061024977077684,0.01,0.00101202472944239,1.2695315968659808,2.5689659749006517,0,1.878400947368456,0.0006544338075835744,1.3071646822562208,2.6992697760044773,0,,0,1
S2_N100,5500621,2.5900964842085954,,,,-1.0870688245872167,0.33776222232402436,0.0017531016597404025,100,0.002713625408047884,0.00645116811504803,True,0.23801506944951167,0.1691055044474089,True,0.20950034779353577,0.1436837182626278,0.002524008082594752,0.030000000000000027,0.0024880397386023738,0.03,4.0437225818997445e-07,1.8291806461352675,3.667543613958415,1,3.449014403254802,9.838043776195036e-10,2.397646370231193,4.9614073624677335,1,0.0,0,1
S2_N100,5500622,2.770524723318542,1.9607920011730027,3.914646345929295,7.573877919440281e-09,-1.7913345091122872,0.28548467851654113,9.800273984144099e-09,100,0.0008889335708034891,0.0008991760824855566,True,0.025968622627095882,0.04365118867814463,True,0.11712166907534649,0.15857740259542408,0.002870457686074562,0.050000000000000044,0.000542794393131266,0.05,7.573877919440281e-09,1.9607920011730027,3.914646345929295,0,2.7349679297931027,3.1058062887970386e-08,1.915296605027961,3.905426218247576,0,,0,1
S2_N100,5500623,2.509390206596602,1.7559438981015933,3.586127789031794,4.403418919300214e-07,-1.260000000000001,0.34471665929764284,0.00041728066609104383,100,0.0002038964018160515,0.00021881395210800075,True,0.14937130170591625,0.14303373906778077,True,0.034112690378411824,0.1024611118151048,0.011126423428961259,-0.06999999999999995,0.01171867002513968,-0.07,4.403418919300214e-07,1.7559438981015933,3.586127789031794,0,2.6703247811497475,3.518542521325381e-08,1.88332794100504,3.7861884176248,0,,0,1
S2_N100,5500624,1.9498825628879348,1.390478476774273,2.7343407845295506,0.00010847374224390904,-1.1554928035400667,0.33109865767967833,0.000728637531057337,100,0.002670462820703978,0.0075610989181787115,True,0.041017015812480295,0.024145884326107023,True,0.580979010968576,0.5843241571993159,0.005683105682022634,-0.06999999999999995,0.008508093630497853,-0.07,0.00010847374224390904,1.390478476774273,2.7343407845295506,0,2.097131663807796,8.148878176561525e-05,1.4508791472551286,3.0312388345132772,0,,0,1
S2_N100,5500625,2.7287907219576453,1.9394701673107992,3.8393469153314697,8.29387283191865e-09,-1.4794900888585103,0.3499993062003448,5.3569822862896014e-05,100,0.00680169259392762,0.004755341731143508,True,0.0025049781043049416,0.002488893614620412,True,0.8030493105069593,0.8899208493315098,0.004140761947365136,-0.05999999999999994,0.005007678064539155,-0.06,8.29387283191865e-09,1.9394701673107992,3.8393469153314697,0,2.937468793231783,7.895984935807425e-10,2.083342278684055,4.141769213583534,0,,0,1
S2_N100,5500626,2.93494979137408,2.117781945164995,4.067430217522065,1.0005680957153791e-10,-1.4791374956527,0.29228075724671554,1.9817686088275917e-06,100,0.00017491134165830924,0.000175050067222887,True,0.8364074871140175,0.9889757303049035,True,0.5236589048839202,0.465008605919469,0.0026879437951859795,0.030000000000000027,0.0024880397386023738,0.03,1.0005680957153791e-10,2.117781945164995,4.067430217522065,0,3.2034789947237536,6.127216495778639e-11,2.259990659152708,4.54084959514113,0,,0,1
S2_N100,5500627,2.5267838122755983,1.769206482732329,3.6087570875942614,3.444133422930834e-07,-1.2999999999999992,0.32929274268319225,0.00014939185688825373,100,0.0006075973674172422,0.0012901411920511919,True,0.0847619548648827,0.060803630687860266,True,0.8557073618674532,0.9089595156097915,0.007911979265588563,0.05999999999999994,0.011031126595127163,0.06,3.444133422930834e-07,1.769206482732329,3.6087570875942614,0,2.7856406842299855,1.1741755648475753e-07,1.906826732791793,4.0694804033275505,0,,0,1
S2_N100,5500628,3.002114575918272,2.2321460297087365,4.037680244476198,3.5830331378927684e-13,-1.428432349559217,0.32854227843644424,3.394806291440534e-05,100,0.00016602481828394247,4.296531562895707e-05,True,0.17533891545268743,0.18587921682005448,True,0.7774005559078943,0.7321380173680812,0.0031627592340642947,-0.050000000000000044,0.0043583570531188,-0.05,3.5830331378927684e-13,2.2321460297087365,4.037680244476198,0,3.0665718993448903,2.1727427119707898e-11,2.2088295202017223,4.2573965658485555,0,,0,1
S2_N100,5500629,3.021671010342125,,,,-1.0300384705974732,0.29950653334839217,0.0008617168901580528,100,0.007340528789372633,0.005209501541358046,True,0.1724364961911029,0.03619660697736606,True,0.770002837960687,0.7577200415224972,0.014132542295324325,0.08999999999999997,0.011388114749943837,0.09,6.927611023419094e-10,2.1914937767821625,4.166334301961188,1,3.3766660697027326,1.6560393939011242e-09,2.348000578823739,4.855992732332977,1,0.0,0,1
S2_N100,5500630,2.5547496119245836,1.8893589595831777,3.4544762108459857,1.10820704228535e-09,-1.3378762476131136,0.32857296655094553,9.527662620700726e-05,100,7.184984421517849e-05,0.00042421235463700865,True,0.002604883376819711,0.008611859979112449,True,0.8051156272338653,0.6724974546094489,0.0032543208046224657,0.039999999999999925,0.003298630805785662,0.04,1.10820704228535e-09,1.8893589595831777,3.4544762108459857,0,2.611905023570279,4.985632908568375e-09,1.893238331160073,3.6033750953961947,0,,0,1
S2_N100,5500631,2.297805344938353,1.7172000525830795,3.0747200335132856,2.1627799053794062e-08,-1.5541898071571727,0.3509413185127183,2.4903152289858098e-05,100,0.000499241928213107,0.0003464126316387176,True,0.014963657061707186,0.005314123122763436,True,0.3924568413146986,0.40815707132283063,0.001233132237819734,0.0,0.0007409807452360707,0.0,2.1627799053794062e-08,1.7172000525830795,3.0747200335132856,0,2.377337182406421,3.9572052535385725e-08,1.7453852074739056,3.238100136663726,0,,0,1
S2_N100,5500632,3.789213398036342,2.7462982282302,5.228178800199332,5.018583170482459e-16,-2.193773188534804,0.3083675612246336,1.9407991277857289e-10,100,0.0011115653114239304,0.00018209506048925375,True,0.0003393037658383307,0.0003023967096440803,True,0.6861858703012946,0.7952843177113069,0.004732810325556801,-0.04999999999999993,0.002759886080977479,-0.05,5.018583170482459e-16,2.7462982282302,5.228178800199332,0,4.254742312338041,1.5638867738766776e-16,3.0164667197344674,6.001336605494924,0,,0,1
S2_N100,5500633,3.6775198426582563,2.6195972234813802,5.162683817160236,5.304809468598225e-14,-0.9998724808122923,0.3496172100882724,0.005188978677263193,100,0.02886542766023849,0.01590230104183929,True,0.008151311752779366,0.0029983427132217167,True,0.35216120778606674,0.4527112181665012,0.003770244072634417,-0.040000000000000036,0.005444760598187564,-0.04,5.304809468598225e-14,2.6195972234813802,5.162683817160236,0,4.084623255642028,6.1049707123210745e-12,2.735120785349203,6.0999672226181225,0,,0,1
S2_N100,5500634,2.280970426860637,1.6389079424444892,3.17456884152541,1.013069169279646e-06,-1.5400000000000007,0.30143445362106663,1.6217075637007485e-06,100,0.0008587570640356305,0.00011366904035236594,True,0.004286347373689194,0.016053552977386733,True,0.47911655485158733,0.5351755410882888,0.005484426802039906,-0.07000000000000006,0.003486590210382957,-0.07,1.013069169279646e-06,1.6389079424444892,3.17456884152541,0,2.4283643525364003,7.730257666251759e-07,1.7080584561992267,3.452430686588699,0,,0,1
S2_N100,5500635,1.6412470943375541,1.1385673279495958,2.365860989110266,0.007919192736367419,-1.2662623599208958,0.317873915492742,0.00013136093971476763,100,0.003025838280191041,0.0015695457309989537,True,0.009750869270214516,0.0074341987807585745,True,0.22355412244792428,0.4609509286018635,0.002696011818573466,-0.019999999999999907,0.0013522337758173286,-0.02,0.007919192736367419,1.1385673279495958,2.365860989110266,0,1.6288261039789107,0.011520721977655655,1.1156035582324106,2.3781516806980365,0,,0,1
S2_N100,5500636,2.6336082498947557,1.8654415292416504,3.718096925146367,3.722042152935508e-08,-0.9590711872153557,0.34314269444063206,0.006256809173977428,100,0.0015482919898819902,0.0009066120703302286,True,0.006198750394388754,0.004862199304414598,True,0.6213427775534754,0.6750740602248674,0.006732132722506192,0.07000000000000006,0.004925598122411888,0.07,3.722042152935508e-08,1.8654415292416504,3.718096925146367,0,2.801395629076567,1.964203280603301e-08,1.9553208214053575,4.013570246221177,0,,0,1
S2_N100,5500637,2.634769194270803,1.9666992089428015,3.5297765288725005,8.414716630392746e-11,-1.6206029430215276,0.32724529907981836,3.099006709848774e-06,100,8.259449902333863e-06,5.0946176367040475e-05,True,0.5922743531820018,0.3335327821308044,True,0.22776107114688082,0.3501025043907564,0.0007420143015860613,0.0,0.0007409807452360707,0.0,8.414716630392746e-11,1.9666992089428015,3.5297765288725005,0,3.003807530915195,9.681258044051954e-11,2.1528395493712957,4.191143592386079,0,,0,1
S2_N100,5500638,2.5236135055827265,1.7759101018078807,3.586119094134473,2.424547181580452e-07,-1.3032173064411214,0.3368708622227896,0.00019828070295716495,100,0.006489963819247583,0.00959419685547061,True,0.043753413431441276,0.055115905092512095,True,0.5897414314640819,0.7444571799365249,0.002801016903639816,-0.040000000000000036,0.005444760598187564,-0.04,2.424547181580452e-07,1.7759101018078807,3.586119094134473,0,2.7333585393968356,5.038919570086771e-08,1.9039125424113026,3.92415551579448,0,,0,1
S2_N100,5500639,3.006133293571186,2.115413723034315,4.271900706853152,8.308288928380108e-10,-1.9763888334633322,0.35531732586991216,2.3527578142276894e-07,100,0.00015630103337805736,0.00024143644912866117,True,0.00018953778770077113,3.918064061758258e-05,True,0.951978635349072,0.7346247793864947,0.027005185526812917,-0.10999999999999999,0.0261818399591472,-0.11,8.308288928380108e-10,2.115413723034315,4.271900706853152,0,3.263643225045403,6.755260922133459e-09,2.187846792310599,4.868424579737497,0,,0,1
S2_N100,5500640,3.464965535673351,2.4000707299102317,5.002346811609657,3.2902165880979076e-11,-1.5921627211349447,0.3361106187235071,7.4133073921655055e-06,100,3.215724422819595e-05,7.558997336515671e-06,True,0.03831333104720412,0.070190533825874,True,0.30355771663655007,0.43213159851158145,0.05610530135168946,0.13,0.045737042934159665,0.13,3.2902165880979076e-11,2.4000707299102317,5.002346811609657,0,3.8316450847776475,1.0363541412551194e-11,2.601775279940971,5.6428793712091085,0,,0,1
S2_N100,5500641,2.8212879252718697,2.0269883009719023,3.926843363362454,7.835775349875507e-10,-1.3973570989551325,0.35895739797812015,0.00018191398103286626,100,0.01111393303957586,0.004698133168094701,True,0.006922901813492112,0.009198085327421807,True,0.8154587857616298,0.9420564924564734,0.0041203953552564005,0.06000000000000005,0.001013534751106373,0.06,7.835775349875507e-10,2.0269883009719023,3.926843363362454,0,3.114240732056017,5.30434098372385e-09,2.1266814182172977,4.560389371966494,0,,0,1
S2_N100,5500642,2.3404570354660295,1.5814025268586653,3.4638487303694543,2.1254917846635813e-05,-1.091087885985749,0.3440742025763082,0.0020333447681554276,100,1.4191769019890643e-05,1.5336306086459961e-06,True,0.14972742835637906,0.0822415523225232,True,0.7035991619538557,0.6548511967674061,0.0110818710384376,0.07999999999999996,0.009850482882971755,0.08,2.1254917846635813e-05,1.5814025268586653,3.4638487303694543,0,2.531636227648617,1.04168797021158e-05,1.6751255896376787,3.826090430944462,0,,0,1
S2_N100,5500643,2.965371050500042,2.156193999304218,4.078216278303933,2.2964419775660533e-11,-0.7860664206642052,0.31613441927217445,0.014609555678766107,100,0.00010621660664920452,3.7174193291850787e-06,True,0.0025403270773431824,0.0027575250365339246,True,0.8691343838500076,0.9640052414658696,0.002595180951128683,0.030000000000000027,0.0012665234824340232,0.03,2.2964419775660533e-11,2.156193999304218,4.078216278303933,0,3.2101637293079004,5.067864458446791e-11,2.2667061362936676,4.546311056365757,0,,0,1
S2_N100,5500644,2.5266887363725954,1.9043986224961307,3.3523212499199935,1.3161415806913106e-10,-0.5000000000000007,0.39216439349854115,0.20536337221174325,100,0.0009110845064030357,0.0005264313482541245,True,0.0027815292752234916,0.004196509045778684,True,0.27733540258981804,0.4340540100751441,0.20998103624852474,0.18999999999999995,0.21916217301323093,0.19,1.3161415806913106e-10,1.9043986224961307,3.3523212499199935,0,3.1387494254778705,1.1075933338768885e-11,2.256332829512138,4.3662653962570745,0,,0,1
S2_N100,5500645,2.4332080123549145,1.7563530990881342,3.370906017965275,8.964589357299148e-08,-1.2822947126916262,0.32266005131151204,0.0001358984594103552,100,0.00017564134891009033,9.226272116054302e-05,True,0.03216288423806383,0.07706121145234457,True,0.7136821151123864,0.8004950929876484,0.007674216291780408,0.08000000000000007,0.008688223222513593,0.08,8.964589357299148e-08,1.7563530990881342,3.370906017965275,0,2.742234167165418,7.341955055466855e-09,1.9481420019664888,3.860010317512146,0,,0,1
S2_N100,5500646,3.1779233687274018,2.307958177551972,4.375814534133298,1.3928445014575952e-12,-1.53416887030318,0.3350378524004811,1.3868048098874433e-05,100,0.009873832485992445,0.010999731369796246,True,0.04316620063826735,0.01835086929841788,True,0.20274501044225812,0.3847709506512832,0.0003317646087434845,0.010000000000000009,0.00010108082607661683,0.01,1.3928445014575952e-12,2.307958177551972,4.375814534133298,0,3.645051172496036,3.708940546551597e-12,2.530748708295034,5.249987091395486,0,,0,1
S2_N100,5500647,2.8448640150643043,2.1545903904477948,3.756283003993975,1.663462455473396e-13,-0.7478945415234676,0.2959910548695473,0.013130004534412041,100,0.0006663920992891085,0.00010739968647946387,True,0.0009210835331617975,0.00022331335550365982,True,0.7430675737259332,0.752677342116391,0.01892318983976932,0.09999999999999998,0.01853976561525995,0.1,1.663462455473396e-13,2.1545903904477948,3.756283003993975,0,2.8406053659097186,8.31920633495054e-11,2.072914001225038,3.8926066590637594,0,,0,1
S2_N100,5500648,3.1684666238811756,2.3090200531009897,4.347810116749077,9.109834718259973e-13,-1.9457956543938257,0.3362305253307971,8.784778936599274e-08,100,7.916100323788158e-06,2.2969190998131685e-06,True,0.07399952305355464,0.02902971414783115,True,0.6974410508520279,0.8708820720955909,0.00926211555088068,-0.07999999999999996,0.008688223222513593,-0.08,9.109834718259973e-13,2.3090200531009897,4.347810116749077,0,3.498229529376027,1.6104114434098516e-11,2.430204270250998,5.035630127888174,0,,0,1
S2_N100,5500649,2.5539245842292213,,,,-1.5228364096150404,0.34351530619333775,2.4478280252158846e-05,100,4.048290139772399e-05,4.332419071277909e-06,True,0.700379886410863,0.7638059284015741,True,0.706363873311709,0.8380477392083192,0.0007921317269068267,0.0,0.00024798975325449675,0.0,2.3423357313384803e-07,1.8270598879492297,3.5699600352189704,1,3.168586224118774,1.9039768842572623e-08,2.179789500429373,4.6059211945454415,1,0.0,0,1
S2_N100,5500650,2.592770834589101,1.8641840043757434,3.6061143025132893,1.5122355440470538e-08,-1.1193543761475921,0.3177657962129632,0.0006534331891586968,100,0.00033915316774731086,0.0008701119395819921,True,0.005318657748584028,0.002372687035013308,True,0.873831258872026,0.9255372532342813,0.001263444993989287,0.010000000000000009,0.0005536828842662267,0.01,1.5122355440470538e-08,1.8641840043757434,3.6061143025132893,0,2.9264059217643528,4.778119522261645e-10,2.0870664644372963,4.103296068841972,0,,0,1
S2_N100,5500651,2.1620534433816876,1.55866336065556,2.9990280197980463,3.868888653101988e-06,-1.5157738540488834,0.3147726936630889,5.407939780179769e-06,100,7.89861696356587e-07,2.7286144375178067e-08,True,0.10713616056872821,0.08468520299776938,True,0.33100487251205113,0.249308032213734,0.010119712179861901,0.06000000000000005,0.017528471033168774,0.06,3.868888653101988e-06,1.55866336065556,2.9990280197980463,0,2.181631476265028,7.389771451533882e-06,1.5510938269762584,3.068490000703985,0,,0,1
S2_N100,5500652,2.652218114275249,1.9408812764599819,3.6242613141797664,9.218244436649101e-10,-1.0579832538760459,0.33238043862005884,0.0019588436440727904,100,0.0017604473946432025,0.0013624030771536555,True,8.823387489017515e-05,8.967689535901376e-05,True,0.8651423806674631,0.5141708359989892,0.002253877036041806,0.040000000000000036,0.002848536701698934,0.04,9.218244436649101e-10,1.9408812764599819,3.6242613141797664,0,2.962617258283902,1.0798132092446244e-10,2.1304224102491314,4.119887669626622,0,,0,1
S2_N100,5500653,2.5815930509133813,,,,-1.9761841026520988,0.3428907031864415,9.757877311203596e-08,100,4.6753242010522344e-05,0.0001417867472046764,True,0.05859572462606507,0.08058431840134872,True,0.14688612202861223,0.13313799060795722,0.4449135017691708,-0.24000000000000005,0.4469284117001241,-0.24,1.0231683546053789e-08,1.9107270051777994,3.488003604106749,1,3.03260468086885,6.462855022429024e-09,2.1445685970106574,4.288364178812956,1,0.0,0,1
S2_N100,5500654,2.4497324723210823,1.6891903135253628,3.5527016333759334,2.3114025207739025e-06,-1.3991425860433024,0.29090944056222423,5.538513769063937e-06,100,0.00023505944987213008,0.00011310831052948753,True,0.006921391479478122,0.011805369509501978,True,0.8945138881203096,0.6279601795988103,0.008218842418790041,-0.08000000000000007,0.007586685277812996,-0.08,2.3114025207739025e-06,1.6891903135253628,3.5527016333759334,0,2.6044881040664976,4.1538649933888287e-07,1.7978389084795952,3.7730623429217482,0,,0,1
S2_N100,5500655,3.1693936006321373,2.2745423964689357,4.416297454521918,9.43754332073002e-12,-1.443110927494319,0.32722126338040153,2.6733889748270533e-05,100,5.1522521015502225e-05,8.311654555077508e-05,True,0.0740647208513689,0.07709147148862724,True,0.7343694513994798,0.4845090023404608,0.003591031166081757,-0.06000000000000005,0.0021114938313528276,-0.06,9.43754332073002e-12,2.2745423964689357,4.416297454521918,0,3.4439897309612775,1.4956664053096e-11,2.4048004561630956,4.932245100240577,0,,0,1
S2_N100,5500656,2.418825229708137,1.7947476814089036,3.2599097647418183,6.581429779365175e-09,-1.1362509097679458,0.37649705416832685,0.0032508756907019547,100,0.0002653375501923577,8.04322563057384e-05,True,0.022523993329352433,0.10311686498916707,True,0.16553577763939065,0.16933721378514244,0.0023906823687731434,-0.040000000000000036,0.0037840618870307492,-0.04,6.581429779365175e-09,1.7947476814089036,3.2599097647418183,0,2.8831745348074045,6.686103294306696e-10,2.0600003799577173,4.0352882839431885,0,,0,1
S2_N100,5500657,2.910654933938755,,,,-1.38701046296552,0.3281006147208283,5.351548026222663e-05,100,0.00029204971172902636,0.00046292729368153425,True,0.5438098252901289,0.3300491438384664,True,0.11205373004310432,0.17902009811240038,0.021725928037063864,-0.08999999999999997,0.019178071300655655,-0.09,6.713184607385181e-09,2.0839813874208937,4.0652532674232456,1,3.2578730903323407,2.62818542711747e-08,2.2111345304469636,4.800131754337946,1,0.0,0,1
S2_N100,5500658,3.1679444098552745,2.319119556368276,4.327449077118466,4.2918334411079414e-13,-1.9574866876390706,0.3185887729923997,1.7746654611014223e-08,100,2.8459914875154272e-05,1.3659956278108226e-05,True,0.027364790531386195,0.06697316926776069,True,0.25672147759973307,0.6059322352877141,0.0013522224611997905,0.020000000000000018,0.0003662222726521399,0.02,4.2918334411079414e-13,2.319119556368276,4.327449077118466,0,3.3444987362669703,1.165079366458418e-12,2.3976243651901497,4.665314533540059,0,,0,1
S2_N100,5500659,2.6111601986466586,1.8953276593935129,3.5973503310652917,4.325431602086529e-09,-1.4832940294310613,0.30960456761534777,5.970270499549503e-06,100,3.5242391039138535e-05,5.784501099653343e-05,True,0.013408256970197424,0.007990936374692066,True,0.08422913245409942,0.1199180285923914,0.002865422578331665,0.020000000000000018,0.001130375263271851,0.02,4.325431602086529e-09,1.8953276593935129,3.5973503310652917,0,2.8992270858071416,3.757961606524737e-09,2.0350275063126517,4.1304196965416295,0,,0,1
S2_N100,5500660,3.665986179260963,2.540455045100107,5.290176140866453,3.852707823933262e-12,-1.546249361177198,0.3497599712300656,2.5657091196811342e-05,100,0.00033782076373656803,4.5077558716587314e-05,True,0.0354500133705448,0.025617599851781143,True,0.9046484772878984,0.77100445245907,0.0008422758361499397,0.010000000000000009,0.0011915325554775293,0.01,3.852707823933262e-12,2.540455045100107,5.290176140866453,0,4.015881024140124,3.8640019533998623e-14,2.8013125406518604,5.757051441427502,0,,0,1
S2_N100,5500661,3.0792551664736485,2.1369280050612636,4.4371229904784855,1.599069151570719e-09,-1.7621779435269045,0.35002386483674586,2.2091129363043327e-06,100,0.0008891957979851379,0.0004999600291507948,True,0.0924452473544594,0.07325519261053431,True,0.6143079469455677,0.3554222976786596,0.0003754545971524549,0.010000000000000009,0.0005536828842662267,0.01,1.599069151570719e-09,2.1369280050612636,4.4371229904784855,0,3.4295209028079325,4.852518696662442e-10,2.3263806966483718,5.05575619662833,0,,0,1
S2_N100,5500662,3.2786651532279576,2.300731669513581,4.67227244681862,5.014555724459412e-11,-1.6599999999999997,0.34813209684069035,6.539181857858756e-06,100,0.03158395568235131,0.06873346895885041,True,0.033603397250715386,0.011007693548515921,True,0.4318595542272804,0.40020123224380433,0.016612220105867603,-0.08999999999999997,0.019178071300655655,-0.09,5.014555724459412e-11,2.300731669513581,4.67227244681862,0,3.7145319940216743,8.452449470683662e-12,2.549047735724571,5.412902921054401,0,,0,1
S2_N100,5500663,2.4876281864132825,1.7435951139691523,3.5491576824568463,5.0059099708884e-07,-1.4896710337180192,0.338192902298257,2.7294630747917468e-05,100,0.0038504151776082253,0.006889818567257674,True,0.0020673768481481577,0.002469235018289982,True,0.7073486185836142,0.6628213473331617,0.012979684251001749,-0.07000000000000006,0.003486590210382957,-0.07,5.0059099708884e-07,1.7435951139691523,3.5491576824568463,0,2.6649530075315333,3.9225092758044564e-07,1.8247911143146822,3.891938357568438,0,,0,1
S2_N100,5500664,2.7483169792722144,1.9376419054351715,3.8981641537421123,1.4341858238560326e-08,-1.3028613668436249,0.3481921177651358,0.000309527348747043,100,6.892926037541045e-05,8.33331420353175e-06,True,0.015569533251847104,0.01846475255685089,True,0.9262949137888777,0.7033219442483908,0.01720247627563218,0.08999999999999997,0.024342347516380196,0.09,1.4341858238560326e-08,1.9376419054351715,3.8981641537421123,0,3.023621047218053,5.446779040496526e-08,2.0289636973269345,4.505888522906807,0,,0,1
S2_N100,5500665,2.082508872768345,1.532705468849685,2.829534632256345,2.7272671662151843e-06,-1.8708388048690512,0.3418542924236398,3.468568536943223e-07,100,6.0680008544333184e-05,0.0002720048836144225,True,0.026846767561017303,0.015531519154637291,True,0.0785952874449501,0.06990392207108824,0.0012070120777275877,-0.010000000000000009,0.0011915325554775293,-0.01,2.7272671662151843e-06,1.532705468849685,2.829534632256345,0,2.125309798260213,5.423332942459839e-06,1.5357139212504851,2.941265085949641,0,,0,1
S2_N100,5500666,2.3206588816994205,1.6219574602016276,3.3203445696664153,4.1022134242799654e-06,-1.6591254814151362,0.3364830210985561,3.383885389947795e-06,100,3.212579519963743e-05,1.1105478051089968e-05,True,0.0643565084012423,0.027571008730519164,True,0.04166584350232604,0.029340523220614402,0.0031147735315592592,0.039999999999999925,0.003298630805785662,0.04,4.1022134242799654e-06,1.6219574602016276,3.3203445696664153,0,2.600194661629276,7.345692522236964e-07,1.7813509479357277,3.795440918702857,0,,0,1
S2_N100,5500667,2.369390702663242,1.6445880138462023,3.413628370510561,3.650977685857118e-06,-1.0642665638256852,0.31173575017637845,0.000935738177570787,100,0.0005551672038085314,0.0003657286896625954,True,0.0021292295136070088,0.0037669363678504136,True,0.6972800116584851,0.5610524369727177,0.12998012699888634,0.16999999999999993,0.10016161815500858,0.17,3.650977685857118e-06,1.6445880138462023,3.413628370510561,0,2.6088493471484773,6.007371042087442e-07,1.7902305559281424,3.801797982712024,0,,0,1
S2_N100,5500668,2.4641721889893433,1.7741321212717058,3.4225999880076525,7.444132176635036e-08,-1.2130372625587387,0.31548619864203076,0.00021558368676500677,100,3.541686432422881e-05,5.836526535261186e-05,True,0.028599399432886898,0.025043228793350383,True,0.3264513880263551,0.5192102946878212,0.00034871903328599825,0.020000000000000018,0.0007583120208675366,0.02,7.444132176635036e-08,1.7741321212717058,3.4225999880076525,0,2.9767082048821174,3.0906464380418314e-08,2.0231195447570656,4.379766761670286,0,,0,1
S2_N100,5500669,2.194379795363138,1.5861708836828732,3.0358032263948065,2.0781338324941196e-06,-1.3246661839734633,0.3469025305106074,0.00023664534719682894,100,0.006030861067808625,0.0009053482767070216,True,0.00412801372588476,0.007001986336667878,True,0.6148464698610931,0.9283730932359142,0.0006744965659038675,0.0,0.0005006636919721179,0.0,2.0781338324941196e-06,1.5861708836828732,3.0358032263948065,0,2.435449154162693,3.514868893962696e-07,1.7291193753495357,3.430308321721721,0,,0,1
S2_N100,5500670,2.960804856317285,2.1461743503550963,4.084647361357933,3.8001202658769535e-11,-1.3666649813775553,0.31204589138352823,3.0052862137425825e-05,100,5.005012504589254e-05,8.170358000600107e-05,True,0.010822341201939619,0.014287485632858832,True,0.4106584502093581,0.5153397646734925,0.011048890980709379,0.07999999999999996,0.009850482882971747,0.08,3.8001202658769535e-11,2.1461743503550963,4.084647361357933,0,3.0738888804756277,6.680723270746462e-10,2.15206843084912,4.390563382681838,0,,0,1
S2_N100,5500671,3.876996364036027,2.6164064808893386,5.744940977840483,1.4433033537624983e-11,-1.273149145791846,0.3296145719855935,0.00020258726114041214,100,0.003851159167475287,0.002581489476416228,True,0.005665065016450776,0.002660449183615635,True,0.753018359942724,0.9558140918536602,0.000962699748074392,-0.029999999999999916,0.0012665234824340232,-0.03,1.4433033537624983e-11,2.6164064808893386,5.744940977840483,0,4.5788415421516815,7.051751057268423e-14,3.074533769066433,6.819176968903531,0,,0,1
S2_N100,5500672,3.2190282387027533,2.3664249678225926,4.378817390141138,9.567935070078686e-14,-1.492123218655534,0.33958635587376756,2.8455717665734726e-05,100,6.513325052777316e-07,8.976173721457987e-08,True,0.0013776080382119742,0.0055018005203743,True,0.47197793158072654,0.5773432014509539,0.011603719541363404,0.06999999999999995,0.009533589408970344,0.07,9.567935070078686e-14,2.3664249678225926,4.378817390141138,0,3.2958755249761404,3.954852619826062e-13,2.388248925197124,4.548435199333396,0,,0,1
S2_N100,5500673,4.17106239915078,2.97766538939458,5.842752378952418,9.952280114396187e-17,-0.7646457485801742,0.2989213607556545,0.012075062246234346,100,0.013856116276181956,0.018711880655499436,True,0.0005719707113468998,0.0006006824287389297,True,0.4497532146844404,0.5443664867114897,0.007545384125973246,-0.06000000000000005,0.005007678064539155,-0.06,9.952280114396187e-17,2.97766538939458,5.842752378952418,0,5.050936276398222,5.643151843017496e-19,3.5355316544756317,7.2158757894134355,0,,0,1
S2_N100,5500674,2.2158144989608415,1.5702752490223397,3.1267345625309764,5.947654135807132e-06,-1.6338885060755275,0.2877807414646581,1.422959548768002e-07,100,0.00025542165428425853,0.0005574358387907514,True,0.22009403446156195,0.20226821030202513,True,0.9431811135144209,0.9944651058384721,0.0022076231970015216,-0.039999999999999925,0.0017144240573671004,-0.04,5.947654135807132e-06,1.5702752490223397,3.1267345625309764,0,2.4316477913163834,9.159753675352061e-07,1.7053852253235118,3.4671996058205368,0,,0,1
S2_N100,5500675,2.02960087670408,1.4479226610855673,2.8449583872315225,3.989490055017405e-05,-1.1803569419585769,0.30932113148115026,0.00023881624499301105,100,0.006154501584336997,0.00345660747150742,True,0.029187363658859353,0.10867081689344035,True,0.1125797532945879,0.11403248623538932,0.005107609020542581,0.050000000000000044,0.003249990107817147,0.05,3.989490055017405e-05,1.4479226610855673,2.8449583872315225,0,2.158282281290899,1.4082947883346145e-05,1.52514981955163,3.0542457836068055,0,,0,1
S2_N100,5500676,2.6160526220092946,1.8763916101467577,3.647283053342174,1.4129975417630702e-08,-1.5287025924847062,0.304256318711369,2.3029195884156576e-06,100,6.649090136577028e-05,7.530862849752596e-05,True,0.1978193402787043,0.176909153254717,True,0.438337545778665,0.24603467154197278,0.0014174150670174,0.040000000000000036,0.0014086709186982203,0.04,1.4129975417630702e-08,1.8763916101467577,3.647283053342174,0,2.9882758620053536,2.8059069941351554e-08,2.0305900273762942,4.39763443484549,0,,0,1
S2_N100,5500677,2.2521809869969283,1.6894985071214863,3.0022632022519593,3.1023373501804184e-08,-1.3517015272987865,0.36265292537040306,0.00032553482781756205,100,0.00015961042464037782,7.293516051072364e-05,True,0.0008830782712074297,0.00020732890424129128,True,0.9912565299407613,0.7524401155552806,0.01690102006110478,0.09999999999999998,0.011481379028468632,0.1,3.1023373501804184e-08,1.6894985071214863,3.0022632022519593,0,2.1493352530449177,1.7704203128217207e-07,1.6127981048501665,2.864364743540443,0,,0,1
S2_N100,5500678,1.866061686572962,1.3481262744883347,2.5829822354119982,0.0001693830530386931,-1.1158901054020511,0.31336666075353126,0.0005744931757825211,100,9.581708965281628e-05,1.218219548431084e-05,True,0.14802206141328442,0.1871674401822262,True,0.5983030190503721,0.458621960029033,0.129133866137539,-0.17000000000000004,0.09410935939968429,-0.17,0.0001693830530386931,1.3481262744883347,2.5829822354119982,0,1.9278493158645014,9.054975437146126e-05,1.3878514210122892,2.6779545190567746,0,,0,1
S2_N100,5500679,2.0067192269925003,1.4476499219797772,2.7816960404862527,2.9112544169909246e-05,-2.064827313076134,0.2993763640048155,5.431528362063064e-10,100,4.71598497266552e-05,2.5275422841841373e-05,True,0.01797646400480947,0.029832459219626992,True,0.8297619327154486,0.570270226199584,0.02748644381720023,-0.08999999999999997,0.01435067668493556,-0.09,2.9112544169909246e-05,1.4476499219797772,2.7816960404862527,0,2.1153663105930627,2.3062256221087807e-05,1.4952869772719852,2.9925858353664823,0,,0,1
S2_N100,5500680,4.103673845936061,,,,-1.3871718686111483,0.3481388760307635,0.00013088718819621563,100,0.0039841310083664075,0.0008323504930524658,True,0.003540204431644239,0.004534069037798038,True,0.9825255148602777,0.9889483579292571,0.031497907096247495,0.12,0.03339387191958958,0.12,1.1078548398046662e-13,2.9650102262702993,5.679622580932195,1,4.791106319375949,3.1884452423289436e-13,3.310176798198697,6.934584211953706,1,0.0,0,1
S2_N100,5500681,2.8545841491539052,2.023046882794706,4.027909948060078,2.361642472601539e-09,-1.7546909090909057,0.33615711379127183,1.0187502083643026e-06,100,4.331977943297577e-05,0.0006815134841949575,True,0.5449086729597525,0.6685496642624114,True,0.8694076667915804,0.8245977604566176,0.012857361031948249,-0.08000000000000007,0.0136577170322772,-0.08,2.361642472601539e-09,2.023046882794706,4.027909948060078,0,3.038695204787239,1.6699068679591284e-08,2.0655741079163517,4.470267376129838,0,,0,1
S2_N100,5500682,3.253868378999381,2.341060674925406,4.52259078171454,2.162251391423748e-12,-1.1914524697637612,0.32612113632997336,0.00041981765318381016,100,0.0019567974996628594,0.000795357548931937,True,0.07818712884033714,0.08274480741811166,True,0.2949267490026688,0.22517696832342493,0.0005409840232955141,0.010000000000000009,0.00026343889354967713,0.01,2.162251391423748e-12,2.341060674925406,4.52259078171454,0,3.9080204277190504,2.141499524607811e-14,2.7550709120694665,5.543459370342446,0,,0,1
S2_N100,5500683,2.9574856547817663,2.2156778248870923,3.947650375877934,1.8468733468172434e-13,-0.9627030143601008,0.31846885606277814,0.0032026628584757937,100,0.00018288089694466574,3.3100490700076856e-05,True,0.007435858597136779,0.006180407444995635,True,0.8370116718897943,0.568016613512137,0.020259867001512916,-0.09999999999999998,0.013142638091621925,-0.1,1.8468733468172434e-13,2.2156778248870923,3.947650375877934,0,3.3561681696454255,1.191965445339789e-12,2.4033252403989644,4.686783375633032,0,,0,1
S2_N100,5500684,2.663295866929122,,,,-1.6315305238282778,0.3283186728434418,2.889056786229627e-06,100,0.009686939079363919,0.004676446922149585,True,0.0040917280488724055,0.0013721961439443885,True,0.35444398001819843,0.4152689180270698,0.009893505718867025,0.08999999999999997,0.017525078743950616,0.09,1.828334458171156e-06,1.8156865732818632,3.9065910268757706,1,2.9911105025922216,4.303417198984402e-07,2.00198518647351,4.468935184519097,1,0.0,0,1
S2_N100,5500685,2.620147007795793,1.9372901211667473,3.543697594620804,4.038019844680389e-10,-1.3169910938570455,0.3285252795393472,0.00011987584146685411,100,0.0012455594315417902,0.0004248580498992919,True,0.231943665251924,0.2888062244487619,True,0.42550488973766754,0.5267892100555348,0.0010282502516536832,-0.030000000000000027,0.0010351788500388907,-0.03,4.038019844680389e-10,1.9372901211667473,3.543697594620804,0,2.9102239985751512,8.262087972067208e-10,2.069334747836385,4.092814722575947,0,,0,1
S2_N100,5500686,2.918944135596255,1.9922701063100867,4.276646444548738,3.8634886433961215e-08,-1.2832206480193407,0.31937047909375543,0.00011594857418752733,100,7.633784412227441e-05,6.809993110769217e-05,True,0.0011689073081401324,0.0006040570476683673,True,0.5144336922165198,0.9557920196746625,0.0013994393821226945,0.020000000000000018,0.0015987147049700554,0.02,3.8634886433961215e-08,1.9922701063100867,4.276646444548738,0,3.0104071675699715,1.2852473766014656e-08,2.059214434767868,4.400975032781502,0,,0,1
S2_N100,5500687,2.416802271322584,1.7082680966986379,3.4192134302326798,6.201794373906249e-07,-1.539792699414149,0.36210504790013376,4.8730353244926605e-05,100,8.349769726399588e-05,0.0006756751515109306,True,0.011961511515259574,0.020918761770859978,True,0.20953579409340461,0.11218800837723773,0.002186311460525054,0.030000000000000027,0.0006568092743074176,0.03,6.201794373906249e-07,1.7082680966986379,3.4192134302326798,0,2.659239524549841,2.6370065934003007e-07,1.8324532978965506,3.8590641611687504,0,,0,1
S2_N100,5500688,3.1728254462720464,2.24725413145018,4.479609658572603,5.3404897379219906e-11,-1.6620117135027652,0.35750356383220505,1.0528215199856717e-05,100,5.462040367206554e-06,3.777043181161062e-08,True,0.9877218657674599,0.9724541323502974,False,0.7763882628775396,0.8763119867465494,0.0015768384378351962,-0.019999999999999907,0.003603830253385328,-0.02,5.3404897379219906e-11,2.24725413145018,4.479609658572603,0,3.3285315667550854,6.999901471404061e-09,2.2156136218054914,5.000475841928046,0,,0,1
S2_N100,5500689,2.259772247932618,1.6187446816173372,3.154648580790583,1.6707673003738055e-06,-1.4627579401043231,0.3378505254828021,3.6382001794629093e-05,100,0.0005597323028014453,0.0007280529793598057,True,0.03119402124559923,0.03522653201025302,True,0.2924892459881122,0.2518641830490369,0.002851323589916474,-0.04999999999999993,0.0043583570531188,-0.05,1.6707673003738055e-06,1.6187446816173372,3.154648580790583,0,2.231719486284717,5.091148552339194e-06,1.5805972600205656,3.1510695301332587,0,,0,1
S2_N100,5500690,2.4114860320487024,1.728698492757174,3.3639555464012605,2.1849600967976263e-07,-1.2637466642221251,0.3284756049104501,0.00021381455961929242,100,8.336549842555819e-05,1.944553857041537e-05,True,0.0006504441421567399,0.0006447780904946553,True,0.5244800464601544,0.459079993266714,0.0010689717017641149,-0.010000000000000009,0.0021545658645016836,-0.01,2.1849600967976263e-07,1.728698492757174,3.3639555464012605,0,2.5814802424744006,4.5071246756832415e-08,1.8377409033923908,3.6262131565903326,0,,0,1
S2_N100,5500691,2.8769444396291974,,,,-1.287289887640449,0.3151317880231152,9.079124696593766e-05,100,0.00027084769310554036,4.582157664201101e-05,True,0.7351149751455527,0.41073905576337644,True,0.14727738713774388,0.12295441081678726,0.00551531476867289,-0.050000000000000044,0.0009656415193804101,-0.05,1.4721766534818343e-08,2.048526542491355,4.040372012289065,1,3.2570696718416854,6.6498980819170515e-09,2.2516980494157517,4.711334563701156,1,0.0,0,1
S2_N100,5500692,2.6639269075894503,1.8723530031220337,3.790154184144818,5.14442860371919e-08,-1.1077396528704935,0.3220434923626786,0.0008600119359393682,100,1.205494336840338e-05,1.0089198599041927e-05,True,0.34445052003243515,0.45139920423058844,True,0.25044829624363574,0.36136952077418116,0.002155993620852289,0.040000000000000036,0.0037840618870307492,0.04,5.14442860371919e-08,1.8723530031220337,3.790154184144818,0,2.877900240098294,8.037535422934975e-09,2.0094307587261606,4.121719425260627,0,,0,1
S2_N100,5500693,2.4459247546989578,1.7493850234624175,3.419800573008438,1.6908370244820186e-07,-1.1399999999999992,0.3080476750740896,0.00035681821292135417,100,7.379326023505442e-05,3.81918025827744e-05,True,0.06631860714553647,0.06957028399227302,True,0.9233815969765682,0.6426659789548645,0.00066544337568433,-0.010000000000000009,0.0011915325554775293,-0.01,1.6908370244820186e-07,1.7493850234624175,3.419800573008438,0,2.5627147654990776,1.4022971510714194e-07,1.8053225544170952,3.6378579291762723,0,,0,1
S2_N100,5500694,3.396716043808725,2.4678096467518507,4.675271408171038,6.294613491532393e-14,-1.5400000000000025,0.3017021622929467,1.6526286470231887e-06,100,2.537398752232121e-05,6.730750752422972e-06,True,0.0008531651803839453,0.001292202743365601,True,0.26623827342255524,0.318470037310556,0.08092217680690936,-0.13999999999999996,0.049790835790168325,-0.14,6.294613491532393e-14,2.4678096467518507,4.675271408171038,0,3.7742062216195014,4.8465502048755923e-14,2.6718032390465063,5.331467675140207,0,,0,1
S2_N100,5500695,2.3015866608807447,1.60631235754136,3.2978026550528967,5.553334541312344e-06,-1.469150624837656,0.327769777756738,2.0239054162824535e-05,100,0.0002016080505166133,5.679735677122903e-05,True,0.030807796354324825,0.013651084230955467,True,0.36505332468511453,0.41118116859010323,0.012157859235458307,-0.07999999999999996,0.008688223222513593,-0.08,5.553334541312344e-06,1.60631235754136,3.2978026550528967,0,2.528746274876775,9.744967914074875e-07,1.744368172812248,3.665830311724813,0,,0,1
S2_N100,5500696,4.030006475207307,2.819477004764299,5.760271200215204,2.052755402941115e-14,-1.8862562795231312,0.35438357627280964,6.593111019679299e-07,100,0.00025484713117469783,0.0001317409766427395,True,0.002599569458599632,0.0005771543803079661,True,0.04075842842606367,0.02882358964220107,0.0008833794295412729,0.010000000000000009,0.0005536828842662267,0.01,2.052755402941115e-14,2.819477004764299,5.760271200215204,0,4.271614697309219,4.800677287123268e-13,2.8818132512918164,6.331670559877112,0,,0,1
S2_N100,5500697,2.700544695817461,1.9492814450255729,3.7413487276139046,2.3302278480519908e-09,-1.392852528109359,0.3283205807652532,5.059364946102493e-05,100,0.004567543104302104,0.0019486188957352167,True,0.0010255882002415176,0.002054325856890901,True,0.9593321295861522,0.4196291762717197,0.008683504311107714,0.07999999999999996,0.0136577170322772,0.08,2.3302278480519908e-09,1.9492814450255729,3.7413487276139046,0,2.778405479646028,1.0905896917255441e-08,1.957141599926544,3.9442915165754013,0,,0,1
S2_N100,5500698,2.4823810424989863,1.82375953435011,3.378853145984641,7.476398547078084e-09,-1.447915212783301,0.3317862893615689,3.191162764243999e-05,100,0.0003859466294637221,0.0013384654209797737,True,0.09659320247795566,0.13493349298569016,True,0.7166268949704973,0.703219237500931,0.002559434494958611,0.020000000000000018,0.0021667585973345446,0.02,7.476398547078084e-09,1.82375953435011,3.378853145984641,0,2.508449268407123,7.445753418652722e-09,1.8364629647705646,3.426324327187481,0,,0,1
S2_N100,5500699,2.5103693996266054,,,,-1.2730608667424121,0.3178894488900277,0.000121658378631143,100,0.007326053878440415,0.007892307628682305,True,0.0015234579918849028,0.0005243776851676571,True,0.2803049664484567,0.6136067863269774,0.00035179688847431986,-0.010000000000000009,0.0011915325554775293,-0.01,2.0436695160159303e-07,1.8102935926984232,3.481178162481342,1,2.512744842439879,3.29881273541248e-06,1.7343155080303905,3.6405640230817635,1,0.0,0,1
S2_N100,5500700,2.3182310409489415,1.65902746441975,3.2393647932156777,8.413486475439701e-07,-1.4448070358500407,0.33859078493486844,4.609192520014708e-05,100,0.02885946925580221,0.039631931422805314,True,0.13062639110878252,0.05882404264269766,True,0.668050568584108,0.9448378439591383,0.0077254485261164605,0.06999999999999995,0.004925598122411888,0.07,8.413486475439701e-07,1.65902746441975,3.2393647932156777,0,2.7620093086709123,1.577422248256474e-08,1.9419807203850141,3.9283064662311973,0,,0,1
S2_N100,5500701,2.059037361563154,1.5047272044449413,2.8175438337189207,6.376036119500099e-06,-0.9490921399022196,0.307886544441348,0.0026717563740750916,100,0.0018457717850885401,0.0005933020640939776,True,0.0008029403936652993,0.0006338959727013545,True,0.18495343620380222,0.16453972925849492,0.01957099206112289,-0.09999999999999998,0.014878354575793533,-0.1,6.376036119500099e-06,1.5047272044449413,2.8175438337189207,0,2.3916769263630413,9.412686134787847e-07,1.6878486932307173,3.388999584523459,0,,0,1
S2_N100,5500702,2.280943397815619,1.6452406736450975,3.1622745944590953,7.540391769896014e-07,-2.0000000000000004,0.3677377438217212,4.014565919455347e-07,100,0.0021411467667957797,0.002147747389759299,True,0.28689103752426626,0.4474596542056679,True,0.31364510334763085,0.4039610881227943,0.12139755009921381,-0.16000000000000003,0.12158440675470188,-0.16,7.540391769896014e-07,1.6452406736450975,3.1622745944590953,0,2.5623280631909253,9.073937404772296e-08,1.8145708719254872,3.6182246750433684,0,,0,1
S2_N100,5500703,2.858809505480162,2.1741927814326973,3.7590005166139036,5.4512236640729785e-14,-1.3853935339241303,0.3299339748276154,5.951238670224346e-05,100,0.028141738203012984,0.01347388716110412,True,7.008837084372878e-05,0.0001598102784426679,True,0.23695900753794863,0.2769582097142602,0.007090560551129078,-0.06999999999999995,0.0041745860708339065,-0.07,5.4512236640729785e-14,2.1741927814326973,3.7590005166139036,0,3.2506092380224625,9.67038697228087e-16,2.437919823104399,4.334211616878299,0,,0,1
S2_N100,5500704,2.6402592103502918,1.8984186610430112,3.671987028409015,7.982109477144633e-09,-1.1491223607224625,0.341220333857577,0.0010881759617647787,100,2.5883568260888556e-05,2.5274003497190878e-05,True,0.08389668657221855,0.10372911258483902,True,0.8999281131914684,0.9641267805414372,0.004297116674272117,-0.04999999999999993,0.0043583570531188,-0.05,7.982109477144633e-09,1.8984186610430112,3.671987028409015,0,2.6004726083372924,1.8061364076597576e-07,1.8161835579828365,3.7234440081724762,0,,0,1
S2_N100,5500705,3.4040954737290074,2.420051435998954,4.788272605238678,1.9659665125595913e-12,-1.842288625096648,0.3115309683172821,5.006667397815803e-08,100,4.737825738034805e-06,4.728904027906398e-06,True,0.13021657886851204,0.17156862268925188,True,0.9276740274218974,0.9309905754465201,0.00033605097503256956,0.0,0.0004029097983974472,0.0,1.9659665125595913e-12,2.420051435998954,4.788272605238678,0,3.767777937131921,2.9902321290973078e-12,2.595852813359199,5.468781015040429,0,,0,1
S2_N100,5500706,1.8657566423437102,1.37978443709221,2.5228925293473496,5.098625196717374e-05,-1.152243412752106,0.36541502735371606,0.002149314619518015,100,0.002740655147922861,0.002551049051523776,True,0.01688153865387086,0.012279170275562858,True,0.8267243058813694,0.7422603586114378,0.0010182700046907718,0.020000000000000018,0.00027496065630798846,0.02,5.098625196717374e-05,1.37978443709221,2.5228925293473496,0,1.8880133086988509,5.382205038022536e-05,1.38691642840198,2.5701579279229865,0,,0,1
S2_N100,5500707,2.102721895199967,1.5544799183780336,2.8443206736094298,1.4207061968232381e-06,-1.5098714055411877,0.3333872258238016,1.6880983762455962e-05,100,3.167367655677633e-05,6.721312543878706e-06,True,0.03718004238780285,0.04089928696138144,True,0.07982600999168094,0.10544343225256507,0.017290763103106423,0.09999999999999998,0.028467046149661078,0.1,1.4207061968232381e-06,1.5544799183780336,2.8443206736094298,0,2.2494872419039105,7.488885987709157e-07,1.6316445662654413,3.101283794344003,0,,0,1
S2_N100,5500708,2.6101985693565943,1.8770880025308412,3.6296308762749496,1.1743374059044858e-08,-1.9176456599286562,0.30183380930760495,6.837359224723834e-09,100,0.0015441266563735257,0.003951654789041814,True,0.0011447962015072443,0.0020507427086744953,True,0.37205125732347755,0.3450301781389131,0.00920131530450572,0.07000000000000006,0.009533589408970344,0.07,1.1743374059044858e-08,1.8770880025308412,3.6296308762749496,0,2.704340593788713,9.559012828465128e-09,1.9252588290734984,3.798688226628198,0,,0,1
S2_N100,5500709,2.314644945275476,1.6284391796013387,3.2900100229723725,2.898197573300804e-06,-1.9651133108739853,0.3526872317490524,2.2575192358540756e-07,100,0.0002451663233892884,4.597873477128223e-05,True,0.0003740295197765376,0.00470270776749486,True,0.0626974601853179,0.03656439079944735,0.00031751388511869547,0.009999999999999898,0.00010108082607661683,0.01,2.898197573300804e-06,1.6284391796013387,3.2900100229723725,0,2.337182784573204,2.073136891255257e-06,1.6460316366332843,3.3185409362349434,0,,0,1
S2_N100,5500710,2.175834357580228,1.5831839812789041,2.9903379566803148,1.6521100668239027e-06,-0.8900228191240742,0.337204766437237,0.009677498592839374,100,1.2804062484123464e-05,3.57089332190023e-05,True,7.772067546988027e-05,7.037054246252299e-05,True,0.48682593081215453,0.4114522853967367,0.050721986908987965,-0.13,0.049036347676075065,-0.13,1.6521100668239027e-06,1.5831839812789041,2.9903379566803148,0,2.441074064498632,6.109946108231536e-09,1.806828050620769,3.2979577588031144,0,,0,1
S2_N100,5500711,2.8108707291469974,1.9309764418643656,4.091709295193126,6.856518156617264e-08,-1.679999999999999,0.3275748466739477,1.493806256375494e-06,100,0.00019010267384118147,0.00043613320255585995,True,0.0007035145873644524,0.0006062910217137054,True,0.24281974767778103,0.31993030554358826,0.009254494276821469,0.07999999999999996,0.006550267318579054,0.08,6.856518156617264e-08,1.9309764418643656,4.091709295193126,0,2.8492419249378504,1.8966069623479552e-07,1.9214853031494736,4.224950112039461,0,,0,1
S2_N100,5500712,3.82571350699593,2.7049562454003113,5.4108394035945215,3.298239745578437e-14,-0.9369440813362391,0.28719740563231444,0.001525817075004526,100,0.0005535260155416909,0.0004876635862257862,True,0.00024413438097567203,6.832381955154978e-05,True,0.9140045935610088,0.9255044321341652,0.004791619385895546,-0.039999999999999925,0.006063309683541459,-0.04,3.298239745578437e-14,2.7049562454003113,5.4108394035945215,0,4.102400614311397,1.8081212811561223e-14,2.859258570916417,5.886033173595931,0,,0,1
S2_N100,5500713,2.324660476105429,1.7043542563301335,3.170729505967189,9.995548332310584e-08,-1.3748764080850053,0.34521516352505494,0.00013177533963619348,100,0.06395402621086686,0.08421575358041364,True,0.0001480547567984985,0.0003803770983284216,True,0.8874780519311207,0.7577214654655857,0.0008089038331814628,0.020000000000000018,0.001130375263271851,0.02,9.995548332310584e-08,1.7043542563301335,3.170729505967189,0,2.425504010661784,8.900642645521018e-07,1.7034851513463958,3.453549155439691,0,,0,1
S2_N100,5500714,2.6904720243936264,1.9077426755673028,3.794348056868935,1.6776764900569317e-08,-1.4568659088622848,0.2935658898735994,2.969603253313605e-06,100,1.9453993619923537e-05,8.29171766320026e-06,True,0.030434669747633956,0.0379349217398488,True,0.3436765917965615,0.4843477359625511,0.0011870393630574216,-0.020000000000000018,0.00027496065630798846,-0.02,1.6776764900569317e-08,1.9077426755673028,3.794348056868935,0,3.21449742146797,1.550446792736155e-10,2.2481251492627816,4.596271553660028,0,,0,1
S2_N100,5500715,4.200701180403552,2.9739756515247002,5.933434726675415,3.7791588889137205e-16,-1.4804069179259074,0.3387116956347416,3.1104892992075914e-05,100,7.858102344151943e-07,2.3508085636059084e-07,True,0.26377158085580144,0.30986654211941445,True,0.7384118745127097,0.7739629146596,0.00900094146255545,0.06999999999999995,0.006606840468801959,0.07,3.7791588889137205e-16,2.9739756515247002,5.933434726675415,0,4.56009896474717,2.8741637556717343e-17,3.207410869454765,6.483267474810023,0,,0,1
S2_N100,5500716,2.533642126311947,1.7915102327667607,3.583201651217288,1.463655118373744e-07,-1.3953481167875708,0.3179377467693985,2.902843152770086e-05,100,0.0005060576795955535,0.0004913125319281409,True,0.03925649138032715,0.01143573586070732,True,0.6694736492620295,0.9117978983401401,0.025171878476850828,-0.09999999999999998,0.03472494272113015,-0.1,1.463655118373744e-07,1.7915102327667607,3.583201651217288,0,2.6540573388390376,2.5971934972080415e-07,1.830618038202525,3.847891920021636,0,,0,1
S2_N100,5500717,2.1490995548857783,1.5825328882226708,2.918504210043554,9.590175003974107e-07,-1.4504441453566639,0.34804247433414376,6.693851112753041e-05,100,0.0005868787774115054,0.0008636690180341246,True,0.0017186426226437524,0.004377931150528307,True,0.5876952562555253,0.660358751786667,0.0040111098183556486,-0.040000000000000036,0.0017144240573671004,-0.04,9.590175003974107e-07,1.5825328882226708,2.918504210043554,0,2.2739427865923534,6.487470987618421e-07,1.6453303033629372,3.1427220334583397,0,,0,1
S2_N100,5500718,3.8847872857302055,2.734946879027091,5.51804949891371,3.4893509805604935e-14,-1.7242829597089244,0.3051907863353359,1.6064416592242535e-07,100,1.8023381800614475e-07,2.0703215998276694e-08,True,0.05207093700242638,0.05967492960176983,True,0.7462361263230538,0.8953353676332423,0.0013515851877913285,-0.020000000000000018,0.0006065469451128544,-0.02,3.4893509805604935e-14,2.734946879027091,5.51804949891371,0,4.0419922088845155,2.440655600379048e-12,2.734723502107787,5.97416923652093,0,,0,1
S2_N100,5500719,4.464637981117261,3.1514782192264366,6.324965909911183,3.797288153746824e-17,-1.6800000000000006,0.3650219017545318,1.2649915242462036e-05,100,1.796442169122261e-05,9.583274081980666e-06,True,0.9235284649181474,0.958685989579743,True,0.550826675459279,0.6451577253643181,0.023586131589134675,0.10999999999999999,0.038153777591970195,0.11,3.797288153746824e-17,3.1514782192264366,6.324965909911183,0,4.9598195803978475,1.5298937695201558e-17,3.432181915394012,7.167396972684603,0,,0,1
S2_N100,5500720,2.414519490228318,1.7544311643519233,3.3229598784777346,6.303031476223632e-08,-1.3058854860186415,0.35538036898365416,0.00039037769168475664,100,3.707300590686971e-05,4.5470713778083175e-06,True,0.15596199577113212,0.14976697939334466,True,0.4358186595068513,0.35511938053719416,0.0013504644946360064,0.030000000000000027,0.0024880397386023738,0.03,6.303031476223632e-08,1.7544311643519233,3.3229598784777346,0,2.4470039966735238,1.0011984924210713e-07,1.760479616731049,3.4012484454973206,0,,0,1
S2_N100,5500721,2.829225796358048,1.9468806231828288,4.111458356235403,4.939661423457074e-08,-1.0860513394642135,0.3297001874423819,0.0013793012562462212,100,6.801201636221145e-06,3.4112504099516973e-06,True,0.0004891565099973519,0.0015214894185652278,True,0.27252454330030695,0.3397330442255586,0.0003838087637006394,0.0,0.0003189975526944323,0.0,4.939661423457074e-08,1.9468806231828288,4.111458356235403,0,3.384792331993831,1.7851814341495067e-09,2.275210510730236,5.035498507365429,0,,0,1
S2_N100,5500722,2.904944493804433,2.1223954332608077,3.9760274545632766,2.7521624430143977e-11,-1.5340804229163072,0.35951879317400764,4.610589733073063e-05,100,0.01001510557255009,0.011493934197213599,True,0.05271432881966204,0.06034553452639607,True,0.620336662577303,0.8844119183860777,0.0143164439415437,-0.07999999999999996,0.011069046452353017,-0.08,2.7521624430143977e-11,2.1223954332608077,3.9760274545632766,0,3.1842345263076,2.6741418366337533e-12,2.3016680265241356,4.405218042604227,0,,0,1
S2_N100,5500723,2.625269327798577,1.8696797292954492,3.686213705743666,2.4972280522233015e-08,-1.6285557067271341,0.34825724865061053,9.444931033545186e-06,100,0.0003571978995194324,3.958387680191918e-05,True,0.02286017819613243,0.07915260352847912,True,0.6773815632638253,0.48905234216365756,0.0017554820975584748,0.039999999999999925,0.0014086709186982203,0.04,2.4972280522233015e-08,1.8696797292954492,3.686213705743666,0,2.8652781574567676,4.9175599284951754e-08,1.9628455037772754,4.182610859489437,0,,0,1
S2_N100,5500724,3.051743618178217,2.242542592461633,4.152937448054652,1.2704007043535391e-12,-1.312695061968338,0.32550356201270303,0.00010985239559019338,100,4.0038456412651995e-05,6.111951637690896e-05,True,0.0018538322044975054,0.011425553047480767,True,0.21340021417495458,0.3773658083519067,0.011162294422097504,-0.06999999999999995,0.003486590210382957,-0.07,1.2704007043535391e-12,2.242542592461633,4.152937448054652,0,3.218805780449335,9.689780288524282e-13,2.334690980007692,4.437722482750123,0,,0,1
S2_N100,5500725,2.7826324749100686,1.9296127360040518,4.012744809333531,4.272068554791033e-08,-1.7133539775760827,0.31051316974392734,2.8534974153205666e-07,100,0.009547546816986755,0.002706516572444661,True,0.0016902456112725102,0.0021205615249024444,True,0.7608126104946991,0.739775704470101,0.0016272371301806067,-0.040000000000000036,0.0011384769640687457,-0.04,4.272068554791033e-08,1.9296127360040518,4.012744809333531,0,3.147299590981101,7.683540223541822e-10,2.1841520677979895,4.535167153162687,0,,0,1
S2_N100,5500726,3.0347723917613063,2.26741688387714,4.0618218622631,8.370011369573469e-14,-1.314944444444444,0.30224747150710285,3.35918018083065e-05,100,0.0037872254096717553,0.012557668572347537,True,0.11591373682514745,0.2690649156818128,True,0.18188594299219585,0.19285800887220783,0.004250963188506011,0.050000000000000044,0.0043583570531188,0.05,8.370011369573469e-14,2.26741688387714,4.0618218622631,0,3.208347925353306,6.856580080730538e-13,2.3341169707928664,4.4100173808437315,0,,0,1
S2_N100,5500727,3.8511646978010243,2.690785905686873,5.511947085140855,1.6952205242498893e-13,-1.8165719268239506,0.3832908092925565,7.34273744992974e-06,100,0.0169158830848351,0.017670137670232004,True,0.1707639574165214,0.07690012786976815,True,0.048413460099864865,0.02868022894293258,0.003392396650446833,0.039999999999999925,0.002056235912685473,0.04,1.6952205242498893e-13,2.690785905686873,5.511947085140855,0,4.089210401501222,1.3794733540009261e-12,2.769901536968024,6.036908346586769,0,,0,1
S2_N100,5500728,2.5612897759105557,1.8989498416876265,3.4546490761197712,7.238593207409541e-10,-1.753639380346511,0.31551775466621856,2.397592815659549e-07,100,6.739531613229627e-05,1.1144740725113642e-05,True,0.042129416357767735,0.04162994923932366,True,0.29504555579756564,0.3254796156200054,0.029443589758823923,-0.10999999999999999,0.021594118766444095,-0.11,7.238593207409541e-10,1.8989498416876265,3.4546490761197712,0,3.159502585968196,3.3065625932750135e-10,2.2068909857320054,4.523312050879864,0,,0,1
S2_N100,5500729,3.7704107814397143,2.7157638112234532,5.234622172239831,2.2286167135205428e-15,-1.20865174761393,0.3270302761946225,0.0003628809156222375,100,2.5413562334598464e-05,3.3625866849145826e-07,True,0.9155801578817946,0.7689876702487246,True,0.16380963378427038,0.21831770741569834,0.026630062706939475,0.10999999999999999,0.006262954633874739,0.11,2.2286167135205428e-15,2.7157638112234532,5.234622172239831,0,4.023965920247201,6.894557791934422e-17,2.902058031823137,5.579592671735284,0,,0,1
S2_N100,5500730,3.6267069522991293,2.607039679220571,5.045187237728274,2.0225465396510807e-14,-1.2483113897221276,0.3263341388448033,0.0002311257847199936,100,1.152969193906743e-06,8.036426268897414e-07,True,2.5197175011768088e-05,1.0940855900924975e-05,True,0.28213527662355353,0.17930700305166558,0.014457179593953423,0.08000000000000007,0.009850482882971747,0.08,2.0225465396510807e-14,2.607039679220571,5.045187237728274,0,4.003151127866044,4.7200640043414305e-14,2.791261985473719,5.741209186358571,0,,0,1
S2_N100,5500731,2.733964279368415,1.9595752082107596,3.8143780598690546,3.2352488701930057e-09,-1.7980787182841529,0.3033269293618137,4.699186922765534e-08,100,0.000259206695239112,0.0031435164498771484,True,0.3439690446035245,0.561313903204002,True,0.4053217015803341,0.4677098866389613,0.004109819139668947,-0.04999999999999993,0.005630479757164879,-0.05,3.2352488701930057e-09,1.9595752082107596,3.8143780598690546,0,2.8237511769337154,6.062896671788551e-09,1.990097335248885,4.006623479166335,0,,0,1
S2_N100,5500732,2.7005905022936587,1.873972679024571,3.891833185569665,9.890802698102095e-08,-1.2456526333090703,0.31907220606126346,0.0001748146595175963,100,0.0019236948772378662,0.0031865619508765425,True,0.13412880899881183,0.0740974041501416,True,0.7260880142174311,0.9447816640499711,0.0005922136089876644,0.010000000000000009,0.0004406102497707788,0.01,9.890802698102095e-08,1.873972679024571,3.891833185569665,0,3.025974601361879,4.412844999004791e-09,2.0904989007173027,4.380065583839986,0,,0,1
S2_N100,5500733,1.9402392303055327,1.429394964993025,2.633651553988072,2.1235038832180885e-05,-1.0554722938483403,0.29998442458714003,0.0006625603365358292,100,0.0013441999560435808,0.0004628357302116776,True,0.10227897271383515,0.07122586541724037,True,0.7035338271977338,0.5219018703264519,0.0005260908627327188,0.020000000000000018,0.00014217573846074465,0.02,2.1235038832180885e-05,1.429394964993025,2.633651553988072,0,2.014302397356333,2.4012980862904512e-05,1.455475383981782,2.7876899827020756,0,,0,1
S2_N100,5500734,2.9133495425940352,2.014814501115557,4.2125990023565345,1.3226752152394717e-08,-1.6277694440656378,0.3457600495578488,8.331512200271802e-06,100,5.549124540671459e-05,4.4754457764103396e-05,True,0.0007311389240101389,0.010252796912664208,True,1.0,0.6578065935469652,0.0022682627061739974,-0.020000000000000018,0.0003662222726521399,-0.02,1.3226752152394717e-08,2.014814501115557,4.2125990023565345,0,3.3210216722803048,1.5602068653400813e-08,2.190777317368489,5.03437061371599,0,,0,1
S2_N100,5500735,2.380695712197572,1.7286328182254356,3.278725252881761,1.0863420958200958e-07,-1.1130823786142932,0.3671391759312605,0.003118116424019549,100,5.1236115304736444e-05,5.163656010924214e-05,True,0.0014767068117095509,0.0022639194611161597,True,0.7627148382260621,0.4452725699159533,0.0008034020334854062,0.020000000000000018,0.0013522337758173286,0.02,1.0863420958200958e-07,1.7286328182254356,3.278725252881761,0,2.553975768442963,4.700136653483734e-09,1.8661987905356197,3.4952290500208236,0,,0,1
S2_N100,5500736,2.5772825104758983,1.9014043009075927,3.4934101788001395,1.0542392248944977e-09,-1.8669300095877261,0.35526272579510176,8.780692040225211e-07,100,2.9549108666459543e-05,4.1683952353677426e-05,True,0.05170953833553437,0.06745348807202978,True,0.4936545944390166,0.42126283038835055,0.0007101363766054635,0.0,0.0004029097983974472,0.0,1.0542392248944977e-09,1.9014043009075927,3.4934101788001395,0,2.859352412860024,1.4493526700984677e-09,2.0344748420010608,4.018676491908263,0,,0,1
S2_N100,5500737,2.6015051888082708,1.8575607132702319,3.6433959864932794,2.6454820993848556e-08,-1.3191173560261218,0.3144180562238894,6.031236307636287e-05,100,0.015666481943257305,0.008508611189699292,True,0.01533809301356065,0.02895564377513787,True,0.7622375762324494,0.6854293580047932,0.002831702220090791,-0.040000000000000036,0.0017144240573670963,-0.04,2.6454820993848556e-08,1.8575607132702319,3.6433959864932794,0,2.586519824915702,2.0180898050635125e-07,1.8075346351966142,3.7012208089469008,0,,0,1
S2_N100,5500738,2.6119873031134846,1.6967987653047816,4.020793632767991,1.2866506488273656e-05,-1.663380081156119,0.3020449326515555,2.9893463252972695e-07,100,0.032425027195005146,0.010626694459203926,True,0.0026440266228019084,0.00104827526185619,True,0.6687542405530364,0.773623087742259,0.0011381962086204221,0.040000000000000036,0.0011384769640687454,0.04,1.2866506488273656e-05,1.6967987653047816,4.020793632767991,0,2.6287665083400773,2.0859190618814693e-05,1.6843236174845564,4.102782436602533,0,,0,1
S2_N100,5500739,3.583838250422082,2.225956528512282,5.770057249847832,1.495792040843235e-07,-1.2200000000000006,0.3583668010484441,0.0009657976012173041,100,0.00013160621944172614,0.00012153940560866184,True,0.0035110015882424076,0.0005727875740221,True,0.19001529523051663,0.3252041393137979,0.0017132459764582465,-0.030000000000000027,0.001817351925169469,-0.03,1.495792040843235e-07,2.225956528512282,5.770057249847832,0,3.656030260638017,7.262101634861691e-08,2.280741039748293,5.86062031320138,0,,0,1
S2_N100,5500740,3.3356842330942325,2.187230560510644,5.087158850009726,2.2121904639906992e-08,-1.353244062947067,0.33714849753030574,0.00011772134086219742,100,3.100748857585016e-05,9.504251039612877e-06,True,0.0029289390284839164,0.00383663773262122,True,0.07375068004837784,0.223178206095485,0.023972343966319823,0.08999999999999997,0.012840037195830444,0.09,2.2121904639906992e-08,2.187230560510644,5.087158850009726,0,3.974238782825631,1.0319556365385088e-10,2.6151827287007414,6.039567992544183,0,,0,1
S2_N100,5500741,2.433542684406167,1.7751253081147988,3.336175744751302,3.29013655850683e-08,-1.239999999999999,0.344404720068275,0.0005028436238215572,100,0.0004881146410469063,4.312751982630346e-05,True,0.010841937410643612,0.01575104517700183,True,0.6354959586567503,0.4997569190651058,0.0010697625674764022,-0.030000000000000027,0.0012665234824340232,-0.03,3.29013655850683e-08,1.7751253081147988,3.336175744751302,0,2.548625098211944,1.766439378916331e-08,1.8405420950429237,3.529117811937009,0,,0,1
S2_N100,5500742,2.993673884823965,2.2001972113948294,4.0733091025942345,2.980472654709532e-12,-1.7200000000000004,0.3080885365565487,2.1522458967663722e-07,100,0.000154034740145523,4.2195272211957834e-05,True,0.5504480782785616,0.5183270974588812,True,0.9577210156188467,0.7475467945162393,0.001712294884434542,0.030000000000000027,0.0024880397386023738,0.03,2.980472654709532e-12,2.2001972113948294,4.0733091025942345,0,3.391407310165967,2.3552943351569413e-13,2.446257003250267,4.701731473089409,0,,0,1
S2_N100,5500743,2.753827777681072,1.9568917994397805,3.875312590761992,6.1895099790082385e-09,-1.5799999999999996,0.3214357008630928,3.6028385161017155e-06,100,0.00019557165810698247,0.00022513705558969123,True,0.00010956484858383472,6.488253945357028e-05,True,0.8194224807744727,0.9447646261740363,0.0019287106935411366,-0.039999999999999925,0.000903003780770482,-0.04,6.1895099790082385e-09,1.9568917994397805,3.875312590761992,0,2.8506401620018074,4.490617240405485e-09,2.0086790963972083,4.045518942170928,0,,0,1
S2_N100,5500744,2.6701407970449864,1.9791872351749318,3.6023129845084494,1.289823849383968e-10,-1.384363077253144,0.345208998563511,0.0001192594229563756,100,0.0010054951213528762,0.0001624382754613146,True,0.00014191292054606175,0.000124852423230848,True,0.6635872303964776,0.7843032976929355,0.0026960118185734645,0.019999999999999907,0.0007583120208675366,0.02,1.289823849383968e-10,1.9791872351749318,3.6023129845084494,0,2.8678688023138488,2.4776145171790206e-10,2.0694184170371575,3.974387876116689,0,,0,1
S2_N100,5500745,3.2248596221005243,2.340442161599553,4.4434849759956245,8.110723609770855e-13,-1.3446354964079608,0.3740909290661037,0.0005131809194340993,100,0.000584271808636465,0.0015009051299770485,True,0.005283798752138536,0.005419694144928536,True,0.3575306939857228,0.26795642850727774,0.0010000455852600563,-0.020000000000000018,0.0013522337758173286,-0.02,8.110723609770855e-13,2.340442161599553,4.4434849759956245,0,3.351621027180372,4.247395620914889e-12,2.380524842827636,4.718860021008808,0,,0,1
S2_N100,5500746,1.9918900095977592,1.472364423258283,2.694730834065635,7.860602452677793e-06,-1.0454483119851417,0.315088256398263,0.0012776404121840783,100,0.010378510175301215,0.009807870010910255,True,0.013551770136668912,0.025462554004759233,True,0.13972297107842568,0.33709117334665284,0.009023364101878328,-0.06999999999999995,0.007531471292339249,-0.07,7.860602452677793e-06,1.472364423258283,2.694730834065635,0,1.939525042564077,3.8330727212446884e-05,1.4149593093962165,2.658562239742697,0,,0,1
S2_N100,5500747,3.508766171122951,2.4955989623181516,4.933260603771356,5.180676142009419e-13,-1.7933791590106951,0.335793312939573,6.10459887148307e-07,100,0.028609599433867924,0.026667991273737247,True,0.004696718203605042,0.0017591527236608068,True,0.4370551743314419,0.4259013924287023,0.007348552847239755,-0.04999999999999993,0.0043583570531188,-0.05,5.180676142009419e-13,2.4955989623181516,4.933260603771356,0,3.6770230791111502,3.799534050136902e-12,2.546206301506244,5.3100562654007275,0,,0,1
S2_N100,5500748,2.894680474956234,2.09979462870472,3.990473609917571,8.641001505987896e-11,-1.4903997011580121,0.27867696131714503,5.914978644743017e-07,100,0.00015942732408568753,6.38592908144405e-05,True,0.05111946130797542,0.1159706060738407,True,0.45578860597178994,0.7925885009318789,0.0017060711520132128,-0.029999999999999916,0.0006568092743074176,-0.03,8.641001505987896e-11,2.09979462870472,3.990473609917571,0,3.20172291199736,1.5715165771714268e-11,2.282680054323589,4.490786865111709,0,,0,1
S2_N100,5500749,3.3798227531440643,2.3150129021675783,4.934400940908201,2.831856257202969e-10,-1.2275692148090498,0.33915953810761845,0.0004713824996904167,100,0.0007056318632651178,0.00014896766202973538,True,0.0023774682449666656,0.005799642060706698,True,0.8411349456898651,0.8139204815741137,0.026768971494191534,0.08999999999999997,0.02972842599184433,0.09,2.831856257202969e-10,2.3150129021675783,4.934400940908201,0,3.6936013762458866,5.898186925967511e-12,2.5459199606959784,5.35864887240053,0,,0,1
S2_N100,5500750,2.5377649833006743,1.8134411267606971,3.551397955758909,5.589531449430922e-08,-1.081826809901914,0.3396514882020865,0.0019462817772385639,100,0.0010819836947097026,0.0004918913715638772,True,0.05261181541258555,0.12014688588067868,True,0.7788120334262031,0.6233435079426488,0.021218965716885797,-0.09999999999999998,0.03472494272113015,-0.1,5.589531449430922e-08,1.8134411267606971,3.551397955758909,0,2.958347625378345,5.3336782335542724e-11,2.139634526209083,4.090334384390315,0,,0,1
S2_N100,5500751,2.855078501293001,2.0776955739482643,3.923324162959624,9.846842503719384e-11,-0.8731313259376646,0.3066317509171621,0.005379188795383258,100,0.00013820480623879166,3.923538559330249e-06,True,0.2834164113131252,0.21605249997809883,True,0.43641552514437465,0.37031333019346646,0.06933196098454998,0.14,0.04192797586807693,0.14,9.846842503719384e-11,2.0776955739482643,3.923324162959624,0,3.1646804357208684,1.0514504336926389e-09,2.1857873615719643,4.581965490472842,0,,0,1
S2_N100,5500752,2.801541505912381,2.0661820496672387,3.7986172663797184,3.3213962450558546e-11,-1.6399999999999992,0.29209028009370563,1.8730592365431856e-07,100,0.0023372764676673637,0.002538687114419908,True,0.003779224082840907,0.005117121656353606,True,0.22432879648391124,0.22977405603408052,0.0014224614810742409,0.040000000000000036,0.0002783380229452388,0.04,3.3213962450558546e-11,2.0661820496672387,3.7986172663797184,0,2.9030466642971002,1.6991098757683998e-10,2.0931686956233597,4.0262784135402425,0,,0,1
S2_N100,5500753,2.489190829242628,,,,-1.0937530937530937,0.2900103610748519,0.00027916372409616597,100,1.7630226957848423e-06,3.345979611715806e-07,True,0.14258159832430511,0.27046004384427047,True,0.9439908821584643,0.9944714844332121,0.0008422758361499394,-0.010000000000000009,0.0021545658645016836,-0.01,4.2841884134320467e-07,1.782166154320542,3.4767078082839467,1,2.696077068789584,1.734392699873141e-07,1.899999035704803,3.8257027631367553,1,0.0,0,1
S2_N100,5500754,2.8118410120231943,1.9981217174064523,3.956941065211051,3.007215834535942e-09,-1.0150204217167542,0.35373229396300393,0.005046838699585637,100,7.886989148460085e-05,2.1211608972021787e-05,True,0.001917630540499443,0.003605865646293021,True,0.44843526693078184,0.5588373169414894,0.013729313999728134,0.08000000000000007,0.0164207406461758,0.08,3.007215834535942e-09,1.9981217174064523,3.956941065211051,0,3.0358262841695245,4.774878821917434e-10,2.140241111632859,4.306169607508929,0,,0,1
S2_N100,5500755,2.63289979799487,1.892833451219603,3.6623197576177926,8.948294424222444e-09,-0.770603207250057,0.313798183758137,0.015839220690749816,100,0.00029874784002638307,7.794877297175019e-05,True,0.08966676424498972,0.05298443398982033,True,0.8113011579465518,0.7241792658200753,0.002786392744323387,0.050000000000000044,0.005630479757164879,0.05,8.948294424222444e-09,1.892833451219603,3.6623197576177926,0,2.7069203149920993,9.088405039558952e-08,1.8787234952332328,3.900210760289273,0,,0,1
S2_N100,5500756,2.506919018049483,1.77919029617698,3.5323051033732917,1.4945131211032662e-07,-0.7000000000000018,0.33102744709021453,0.03702518217218823,100,0.00181317602736928,0.0006986513123657005,True,0.011412036386001646,0.0074819999283593204,True,0.42230091120802893,0.30975651179783137,0.00039366840073160866,0.0,0.00024798975325449675,0.0,1.4945131211032662e-07,1.77919029617698,3.5323051033732917,0,2.5675490236162424,2.242390082708936e-06,1.7371451391029495,3.7949091531159818,0,,0,1
S2_N100,5500757,2.682965944883583,1.973717493980052,3.6470803361475457,2.9634918702473e-10,-0.6599999999999991,0.3364680071860781,0.05268122935762157,100,0.0011232930511827536,0.0015790521438100082,True,5.234434946006361e-05,0.0004126251046984461,True,0.22612830868127165,0.2978250134246555,0.003122371510410781,0.039999999999999925,0.002848536701698934,0.04,2.9634918702473e-10,1.973717493980052,3.6470803361475457,0,2.8056924191299353,8.786308431777196e-10,2.0173789792084316,3.9020481683872448,0,,0,1
S2_N100,5500758,3.796839495246643,2.7382668179413736,5.2646404134943685,1.2388700614462261e-15,-1.3054433740634164,0.3313562414074778,0.00015383444803615277,100,9.565186370583373e-06,4.3154899001195546e-07,True,0.02655571665938884,0.021203818528807577,True,0.4897116367839911,0.6032933477080302,0.0007386930497414266,0.010000000000000009,0.0008339226551137527,0.01,1.2388700614462261e-15,2.7382668179413736,5.2646404134943685,0,3.8986525694578624,1.3632306145102796e-14,2.7573886346355603,5.512277691443116,0,,0,1
S2_N100,5500759,2.406901087350741,1.6603249412553638,3.489180160065528,3.5501177950669156e-06,-1.4275765272022447,0.3714265746407911,0.0002167155693404021,100,0.005091247534946578,0.003180521236525509,True,0.023269562330555753,0.022667162408429007,True,0.9426146777536369,0.792641782728039,0.050469423210946586,0.11999999999999994,0.047471395053882856,0.12,3.5501177950669156e-06,1.6603249412553638,3.489180160065528,0,2.425339963658689,4.395625097749114e-06,1.6616294408930374,3.5400636234264855,0,,0,1
S2_N100,5500760,2.6839168408988954,1.8712805774853718,3.849454590364345,8.080281573161764e-08,-1.8170221565731166,0.3350738110123665,4.2984276968065363e-07,100,0.008533456416476806,0.015622616921298743,True,0.34313994045367147,0.23964888150737862,True,0.2256320824156718,0.5018239292262792,0.0016135388588335937,-0.030000000000000027,0.0006568092743074176,-0.03,8.080281573161764e-08,1.8712805774853718,3.849454590364345,0,2.866023276911361,9.26625320269879e-08,1.9474205094859534,4.217933098571479,0,,0,1
S2_N100,5500761,3.0612565547821617,2.208114286360282,4.244024755459467,1.9142247038056137e-11,-0.6811335756474328,0.3530760813904758,0.056636086154945205,100,0.005920170893758953,0.008174586491105392,True,0.05006267695116257,0.06363183598527081,True,0.48521192361716314,0.8571587914953617,0.002592267423059003,0.04999999999999993,0.0015526725964046973,0.05,1.9142247038056137e-11,2.208114286360282,4.244024755459467,0,3.2656804240501227,1.0529365802432579e-11,2.321725514279503,4.593423540566008,0,,0,1
S2_N100,5500762,4.236597337323868,3.033100757784429,5.917626360599577,2.5012566106696097e-17,-1.0936238171185524,0.352821602009849,0.002535861655875132,100,0.0052507370757283334,0.00680482119278394,True,0.09438036079608214,0.033053760653015116,True,0.11809482671921992,0.2501145137584013,0.014358534349902448,0.09000000000000008,0.00868490521324729,0.09,2.5012566106696097e-17,3.033100757784429,5.917626360599577,0,4.4192068973098575,1.332405356099781e-15,3.0695232143822833,6.3623527946378955,0,,0,1
S2_N100,5500763,2.6753091238285864,1.8976044140267103,3.771744445330814,1.9612339394935282e-08,-1.412171165887894,0.34562410555810463,9.048079201596528e-05,100,0.0023183961525346406,0.0007183167476988103,True,0.34150999545887517,0.33891844494720336,True,0.27675900434736955,0.3410272147685076,0.17389779109094078,0.17999999999999994,0.17408620997144708,0.18,1.9612339394935282e-08,1.8976044140267103,3.771744445330814,0,2.8972205393466033,1.033090530107383e-09,2.0589544172418623,4.0767715804297024,0,,0,1
S2_N100,5500764,2.481924896634052,1.788807511870971,3.4436076277928085,5.3139092891904544e-08,-1.3711751941884962,0.32321040423201824,5.05925615183543e-05,100,9.234109195769369e-05,3.5319727053414806e-05,True,0.009356700420322241,0.023413873418548843,True,0.4108968270485802,0.22018805625184712,0.001923037674085445,0.050000000000000044,0.0023134631302174345,0.05,5.3139092891904544e-08,1.788807511870971,3.4436076277928085,0,2.789977229365348,1.2001838099872493e-09,2.004291544585543,3.8836530351110916,0,,0,1
S2_N100,5500765,2.580530977596962,1.895398720115208,3.51331888940643,1.7278557579395421e-09,-1.2152368704306868,0.3214351277150052,0.0002702997708490968,100,0.01076423065920615,0.012760549443752574,True,0.0013580871814620758,0.002323030353874994,True,0.9774090306721999,0.865175397692914,0.0019074205564402315,0.020000000000000018,0.0015987147049700585,0.02,1.7278557579395421e-09,1.895398720115208,3.51331888940643,0,2.8497166484904284,1.4331876633443036e-09,2.030043020204956,4.000351172786291,0,,0,1
S2_N100,5500766,2.2911186193591244,1.708677150190342,3.0720985104701093,3.0310710781580745e-08,-1.1121467260884481,0.36727243408945587,0.0031526652150295096,100,5.557737317129439e-07,3.414516153717652e-08,True,0.0012877817583293234,0.00013989162282812998,True,0.2951712595232926,0.3556099591391927,0.0015687256856983264,-0.029999999999999916,0.0024880397386023738,-0.03,3.0310710781580745e-08,1.708677150190342,3.0720985104701093,0,2.463850519584995,3.9358471504605805e-09,1.8248657010821132,3.3265787061806873,0,,0,1
S2_N100,5500767,3.264952584640435,2.1602221567846134,4.934638479876082,1.9675176676413353e-08,-1.1660333153015334,0.31566096818046857,0.0003652632391782402,100,0.00010468234986622534,1.474475455409888e-05,True,0.6295148514450455,0.6759046252777186,False,0.2760075322910994,0.31514882345052153,0.009713058562927557,0.07999999999999996,0.004689718729544157,0.08,1.9675176676413353e-08,2.1602221567846134,4.934638479876082,0,3.4131176694957133,9.444249489395146e-08,2.174504057880946,5.3572547651054565,0,,0,1
S2_N100,5500768,2.1386829564098315,1.5203869208950702,3.00842155715543,1.2627877130223716e-05,-1.4660780273251475,0.34447217165543215,4.806095329017478e-05,100,0.0001002195414049358,1.7895071790242588e-05,True,0.196006398950348,0.2034406663150118,True,0.6732663268996384,0.7499626167709588,0.0016638736330315744,-0.020000000000000018,9.700087559221469e-05,-0.02,1.2627877130223716e-05,1.5203869208950702,3.00842155715543,0,2.217637112711969,1.4213913554071102e-05,1.547760779486783,3.177438289467571,0,,0,1
S2_N100,5500769,3.0344010217250577,2.2072453484848147,4.171529715519262,8.160949011663957e-12,-1.3799999999999986,0.3297848529461808,6.280905334672348e-05,100,7.989747919539312e-05,9.089448515247063e-05,True,0.0003435809411616538,0.0016218249085037824,True,0.021549129063996204,0.025936973563624247,0.00790194531284536,-0.05999999999999994,0.004324993265698792,-0.06,8.160949011663957e-12,2.2072453484848147,4.171529715519262,0,3.38105715324331,3.2160888892366164e-13,2.436218154973386,4.692333258481376,0,,0,1
S2_N100,5500770,2.159680245665238,1.5183066051866867,3.071987402006437,1.845857886567539e-05,-1.6132273507726498,0.3635827142743737,2.41097537993867e-05,100,0.0008703516084168023,0.002057085170492497,True,0.0016337348383952378,0.0009876897532325834,True,0.3311007938109348,0.4717790776971943,0.004252557576407375,-0.050000000000000044,0.0015526725964046973,-0.05,1.845857886567539e-05,1.5183066051866867,3.071987402006437,0,2.1895341530366905,1.8908273152664163e-05,1.5289669815319882,3.1354894286275328,0,,0,1
S2_N100,5500771,2.6439650056675603,1.7926205147959002,3.899626771810416,9.398690938897201e-07,-0.8800000000000004,0.343653189114719,0.011987496422797284,100,4.142207694345691e-05,2.0592704898912117e-05,True,0.009793602189965714,0.024471232274125992,True,0.48061437116068284,0.616062577204624,0.037024586606644525,0.12,0.039013104915678005,0.12,9.398690938897201e-07,1.7926205147959002,3.899626771810416,0,2.7911898659802192,1.436707929897659e-07,1.9041287954622128,4.091498897825097,0,,0,1
S2_N100,5500772,2.6223082961686077,1.8618788324688327,3.6933127334803713,3.4419273414212726e-08,-1.8492167163613997,0.35171680940181943,8.684051482594997e-07,100,7.614342169830016e-05,0.0001012231300536804,True,0.06406597050621878,0.07898975642699034,True,0.14807557455227577,0.18528885605647583,0.011699249324307036,0.08999999999999997,0.006291268101550735,0.09,3.4419273414212726e-08,1.8618788324688327,3.6933127334803713,0,2.9141391822202536,3.039843065191481e-08,1.9959424176672111,4.254735556588215,0,,0,1
S2_N100,5500773,1.8573172877897035,1.3784189384103944,2.5025972956383224,4.713443179361501e-05,-0.8819540698464461,0.29948200570394773,0.004043487921921355,100,0.00045222216601648643,6.245200699936665e-05,True,0.0033438616368487383,0.002212892937598912,True,0.706499776334264,0.44441285080256754,0.002025868802392684,0.039999999999999925,0.0014086709186982203,0.04,4.713443179361501e-05,1.3784189384103944,2.5025972956383224,0,2.0618557640435577,3.812850412598918e-06,1.516971583329261,2.8024580278488336,0,,0,1
S2_N100,5500774,2.7771614594103,1.9505496079649163,3.9540782455058023,1.460151374908866e-08,-1.2730103425641754,0.34818312292125503,0.00041588897825175917,100,2.9817884025969387e-05,5.777895017846932e-06,True,0.1851950997305407,0.16174510588251723,True,0.29064230516070255,0.2647180648592945,0.001260818375774492,0.020000000000000018,0.0011303752632718508,0.02,1.460151374908866e-08,1.9505496079649163,3.9540782455058023,0,2.8073967907687183,1.9767326501941763e-07,1.9027423596146262,4.142167067965407,0,,0,1
S2_N100,5500775,2.579035111766928,1.8045704027117708,3.685875650920241,1.9923604279739863e-07,-1.4923278206541715,0.36035549981411197,7.376202521023249e-05,100,0.0016931161359471382,0.0008336479922226648,True,0.0069712074564442774,0.010292653597166477,True,0.9394335558094494,0.7344772908431128,0.017063270845239915,0.08000000000000002,0.008688223222513593,0.08,1.9923604279739863e-07,1.8045704027117708,3.685875650920241,0,2.5644690139422384,1.3048700867899155e-06,1.751215406089486,3.7553925694129155,0,,0,1
S2_N100,5500776,2.5472275593844387,1.844133238127991,3.5183836531649155,1.3976126239737649e-08,-1.64573456097013,0.32564406012117103,2.0391913927566516e-06,100,0.002342082579279786,0.004629444151593976,True,0.20412225675302764,0.14216161229295382,True,0.23643004635848697,0.3406908079678618,0.06984247431484467,-0.14,0.041927975868076915,-0.14,1.3976126239737649e-08,1.844133238127991,3.5183836531649155,0,2.6464764040345576,3.40562666989977e-08,1.8731433909683288,3.739082331273647,0,,0,1
S2_N100,5500777,2.7609760896785733,1.9514277717587212,3.906364907836982,9.69637223213684e-09,-1.3628388485737108,0.35867408621674196,0.00025289493497022546,100,1.676287542601285e-05,5.157640180805003e-06,True,0.004257354223008684,0.01324033772222123,True,0.24728881495776456,0.4117626979839263,0.0009455908094110701,0.030000000000000027,0.0012665234824340232,0.03,9.69637223213684e-09,1.9514277717587212,3.906364907836982,0,2.8817869067405355,1.6259690185943083e-08,1.995916113023376,4.160844096439197,0,,0,1
S2_N100,5500778,2.533998122064849,1.8315374547630137,3.505877789138102,1.9830957765358676e-08,-1.5655691158156941,0.3361659848965061,1.0191790684087116e-05,100,5.9116753397884004e-05,0.00010245008509580346,True,0.000989369599339993,0.0003431256249059725,True,0.36447136470247776,0.3375800491061913,0.004114599938941168,0.04999999999999993,0.0023134631302174345,0.05,1.9830957765358676e-08,1.8315374547630137,3.505877789138102,0,2.7128317155948896,1.8133718115711133e-09,1.9595807878959093,3.7556277151704953,0,,0,1
S2_N100,5500779,2.561686895694966,1.8641914706077451,3.5201532970408644,6.605680880180121e-09,-1.3272446253839014,0.349215853094255,0.00025202266559456863,100,0.0013563520341346716,0.0015682986209783747,True,0.2601110460029531,0.26584618580866926,True,0.20559286818423916,0.3603985202348515,0.00129346820168899,0.0,0.001045539042346221,0.0,6.605680880180121e-09,1.8641914706077451,3.5201532970408644,0,2.6083823033919256,4.2362246427658435e-09,1.8943405297099312,3.5915708574793417,0,,0,1
S2_N100,5500780,2.765311878857222,1.9628272775638191,3.8958852237064594,6.022171790771781e-09,-0.8496111529766376,0.3360903156132742,0.01308880721798382,100,5.604914188658141e-07,8.97016911063682e-08,True,0.0024299908170451303,0.0020396379334925736,True,0.29874882723673535,0.4845842968990426,0.015047974020861526,-0.08999999999999997,0.011388114749943837,-0.09,6.022171790771781e-09,1.9628272775638191,3.8958852237064594,0,3.1534343796259936,8.789798639112293e-11,2.22879056615021,4.461679144570189,0,,0,1
S2_N100,5500781,2.957943109169749,2.072559742062324,4.221556203913614,2.292821491579292e-09,-1.161119737367463,0.30709927249680763,0.00027004786976385386,100,0.0016631237619586883,0.004025952786977622,True,5.927692367019749e-05,8.250762017213435e-05,True,0.991795160988602,0.7950012392547028,0.0007878782379219402,0.010000000000000009,0.001002731074302975,0.01,2.292821491579292e-09,2.072559742062324,4.221556203913614,0,3.080866571351801,2.093871286594121e-10,2.177424479096946,4.359158685682433,0,,0,1
S2_N100,5500782,3.153681460689704,2.2914872666425694,4.340284539337698,1.805257005642206e-12,-0.7742030047636504,0.3380285656224429,0.024166873133411013,100,0.0004205170447499973,0.0005207409643345975,True,0.06273661459444711,0.08806046422664432,True,0.6638600728600372,0.9779027826960329,0.0013310529307882081,0.010000000000000009,0.001002731074302973,0.01,1.805257005642206e-12,2.2914872666425694,4.340284539337698,0,3.421367886129382,2.28815104684537e-12,2.426392841590192,4.824345840290973,0,,0,1
S2_N100,5500783,3.20937022204756,2.2383172010555383,4.601696853917014,2.2630215357830482e-10,-1.2886818242730154,0.3565786359611605,0.0004801580899962496,100,0.0020312275601980785,0.0017252342494093094,True,0.093581129475946,0.12686128564184304,True,0.45984159876076014,0.45060932632872774,0.00041332032346678873,-0.010000000000000009,0.00044061024977077684,-0.01,2.2630215357830482e-10,2.2383172010555383,4.601696853917014,0,3.52755065064637,4.288318125279935e-11,2.4251542068075085,5.131060762217053,0,,0,1
S2_N100,5500784,2.2346244778691053,1.5804176320263583,3.1596373362964916,5.371438159044993e-06,-0.8445631485463212,0.34127628171433805,0.015069701179461801,100,0.002602964267230206,0.0003258207043316641,True,0.003073997785345337,0.0008370154811833405,True,0.509587177164624,0.1916730132273129,0.0005165730616508478,-0.009999999999999898,0.00014327644244089226,-0.01,5.371438159044993e-06,1.5804176320263583,3.1596373362964916,0,2.453706131623468,8.491815722374267e-07,1.7165137531022092,3.507501043603992,0,,0,1
S2_N100,5500785,3.120718151146979,2.2295725172727283,4.368048898813606,3.276429222133425e-11,-1.5276896479609618,0.3059709310165819,2.622091364868992e-06,100,0.0019822888970843873,0.0007469512454635885,True,0.07487540744547495,0.055843430484580334,True,0.3514803164215574,0.2647658268021922,0.003370857799706828,0.039999999999999925,0.002434299697067961,0.04,3.276429222133425e-11,2.2295725172727283,4.368048898813606,0,3.2269634649738324,4.660906856923364e-11,2.2765281053837367,4.574199272853095,0,,0,1
S2_N100,5500786,2.5135844539666388,1.8265688885538343,3.4590027492612423,1.5290866109666406e-08,-1.7305058209554405,0.3333985499101195,1.1526430264679457e-06,100,9.221751511946335e-05,4.475477565815677e-05,True,0.05870421338284233,0.06395368478836896,True,0.09956416575107425,0.15272501159127566,0.0048554578079872505,-0.050000000000000044,0.004974576271199278,-0.05,1.5290866109666406e-08,1.8265688885538343,3.4590027492612423,0,2.5949895308586575,1.165720102935506e-08,1.8700368029643055,3.600982961721193,0,,0,1
S2_N100,5500787,2.814846261710478,1.9852804306311347,3.9910530294939544,6.264950817594361e-09,-2.178520078207253,0.36395366849780575,3.62716201747276e-08,100,0.00013838716182986273,4.3570208900754305e-05,True,0.0006777366464970126,0.0005812846879419106,True,0.4729868171218399,0.40205903378391716,0.001598912523934913,-0.039999999999999925,0.0014086709186982203,-0.04,6.264950817594361e-09,1.9852804306311347,3.9910530294939544,0,2.8751912567130113,9.454513743174196e-09,2.004740307917396,4.123588840924113,0,,0,1
S2_N100,5500788,3.140318070329135,2.3123683129672887,4.264717487925206,2.3312317102230223e-13,-1.4325279080520508,0.3669594390909466,0.0001749434218070332,100,0.0001842465366628421,0.00016364854143457585,True,0.16279441717437249,0.27493780676605206,True,0.581951353726813,0.6204547226649111,0.03173112956822133,0.10999999999999999,0.0261818399591472,0.11,2.3312317102230223e-13,2.3123683129672887,4.264717487925206,0,3.18300287077995,6.207128913811632e-12,2.2881342140128678,4.427846589306944,0,,0,1
S2_N100,5500789,2.921862961708646,2.1546265444648314,3.9623029749340257,5.230656872836376e-12,-1.144959040959041,0.3191262001618666,0.0005247956996401523,100,1.041692580698682e-05,4.345074377318934e-06,True,0.09749109547840559,0.08000379983580218,True,0.8284156111973179,0.42011598729398536,0.024248817006796496,0.10000000000000009,0.022403999281442665,0.1,5.230656872836376e-12,2.1546265444648314,3.9623029749340257,0,3.009954929149181,4.9010116093030124e-11,2.1671093247183575,4.1806052755030665,0,,0,1
S2_N100,5500790,3.7275676680205,2.706623460062928,5.133614233635859,7.787266062358384e-16,-1.4232513070756372,0.33451637751847463,4.830746039086024e-05,100,0.006019378822005222,0.0033713130833621175,True,0.0004696950267847712,0.00010388098358276726,True,0.3452841456218716,0.23777280331223105,0.05043853483862567,0.14,0.034064177817443225,0.14,7.787266062358384e-16,2.706623460062928,5.133614233635859,0,3.9034595364399474,1.2241341178540482e-15,2.796297700665537,5.4489893365064335,0,,0,1
S2_N100,5500791,2.623493238197495,1.8406760450950879,3.7392330873260318,9.582103885240539e-08,-1.2799999999999983,0.3261329618348233,0.0001622874384163642,100,0.0028763777907262205,0.00045969371230092886,True,0.006412308038666086,0.002754675544614736,True,0.8610970455624982,0.9944706799326791,0.0012705342652655368,-0.020000000000000018,0.0015987147049700554,-0.02,9.582103885240539e-08,1.8406760450950879,3.7392330873260318,0,2.6649458827374204,2.3989153632416266e-07,1.837238896291762,3.865548771176957,0,,0,1
S2_N100,5500792,3.2002502780180513,2.3858958905909162,4.2925602421898095,8.239195067289014e-15,-1.7325899244416894,0.3442299555400215,2.2202580293691656e-06,100,1.903833485061592e-05,2.018752354052422e-06,True,0.004328272631493412,0.00398268598941559,True,0.038160568453678656,0.015543047691158142,0.0007584937447823771,-0.030000000000000027,0.0005074715033109183,-0.03,8.239195067289014e-15,2.3858958905909162,4.2925602421898095,0,3.286247786357663,4.153293405808012e-12,2.34749588380388,4.600401895419413,0,,0,1
S2_N100,5500793,3.4796880746325636,2.431563223629352,4.979606937247278,9.171829263623931e-12,-1.4204082493357508,0.3202210570150912,2.4232656066284332e-05,100,0.00014955214537103697,3.0334085365557262e-05,True,0.44837768873225514,0.4682601792483052,True,0.9099132622571283,0.8625261075884714,0.0011801696655644879,-0.030000000000000027,0.0010351788500388907,-0.03,9.171829263623931e-12,2.431563223629352,4.979606937247278,0,4.301896470228754,1.3636293330081137e-14,2.967302518860734,6.236746379223891,0,,0,1
S2_N100,5500794,2.1768598993551573,1.5929074944830004,2.974886512765489,1.052453759369675e-06,-1.2909924798068888,0.3620540578378529,0.0005653365331242772,100,7.496111849781932e-05,0.00026175376940734023,True,0.004782467768518905,0.005919412451896486,True,0.9774283837432787,0.90912507318451,0.0009354717881599321,0.020000000000000018,0.00020086758622411604,0.02,1.052453759369675e-06,1.5929074944830004,2.974886512765489,0,2.468724284725376,5.233056123908925e-08,1.7830062394063861,3.4181594316921102,0,,0,1
S2_N100,5500795,3.157902596251723,2.293103310955482,4.348844101253391,1.881264103935693e-12,-1.3913670072992717,0.3014407680679374,1.2005645797902851e-05,100,0.00014998772115975938,0.00018368184336701424,True,0.00149662771826546,0.0006307988920363834,True,0.3868471980612902,0.5918347528204918,0.006663588551509501,-0.05999999999999994,0.004324993265698792,-0.06,1.881264103935693e-12,2.293103310955482,4.348844101253391,0,3.4719794729963067,2.7712231281608527e-11,2.4068514976153668,5.008469144378485,0,,0,1
S2_N100,5500796,3.454979395364179,2.5392454620243616,4.70095656403166,3.0003983951911882e-15,-1.7144955860831796,0.35766150056529544,5.905785588337771e-06,100,0.0018599927358587576,0.001426812267730781,True,0.006448087436956942,0.0016187327938957633,True,0.4791236003245225,0.3429975578671176,0.037105742157701085,-0.10999999999999999,0.03091163845108605,-0.11,3.0003983951911882e-15,2.5392454620243616,4.70095656403166,0,3.8106594508216056,3.4050508015704574e-14,2.696550218436783,5.385075104795957,0,,0,1
S2_N100,5500797,3.6669965581486226,,,,-0.8516143277723249,0.34037224025307206,0.014022472979844332,100,0.016821933098563814,0.022538398144574565,True,0.04286083439166899,0.04935081467687698,True,0.054086294592949585,0.04406424844181188,0.0024126239081759555,0.039999999999999925,0.002056235912685473,0.04,9.84388923971631e-12,2.625029215459408,5.12255775222696,1,3.920154625843068,1.159438089504364e-11,2.7542487882415636,5.579602088281278,1,0.0,0,1
S2_N100,5500798,2.293514356194013,1.650576853425187,3.186890747408908,7.587364518273093e-07,-1.1600000000000006,0.32531555497078335,0.0005652917206272631,100,0.0026903149903043646,0.0004725101305327453,True,0.008441048263629196,0.016658167997531503,True,0.40206535780394725,0.46245897949583914,0.036047290552524695,-0.10999999999999999,0.043018928142403906,-0.11,7.587364518273093e-07,1.650576853425187,3.186890747408908,0,2.4555691435820384,3.008320868157655e-07,1.7413459402742864,3.462735163331442,0,,0,1
S2_N100,5500799,2.6276451892838564,1.8936682188438902,3.646108210540649,7.452449216201861e-09,-1.4641099919123592,0.29720667728896855,3.44744577338824e-06,100,0.0001342322804163763,4.9716982201212266e-05,True,0.0011325847608014638,0.0002960748315716977,True,0.3133180557713773,0.3749596824058986,0.004236050319985976,0.040000000000000036,0.002848536701698934,0.04,7.452449216201861e-09,1.8936682188438902,3.646108210540649,0,2.790422982845291,8.475779268875969e-10,2.0105187663009647,3.8728613498679554,0,,0,1
S2_N100,5500800,2.89851945846469,2.0860963579358227,4.027337960271202,2.273617731842427e-10,-1.0161846241275814,0.3234845623985256,0.0022299111083807967,100,0.001251979746500247,0.0007147038414474659,True,0.00344959758297313,0.008030613874200662,True,0.5341659640070954,0.8166427418310509,0.00522482080851615,-0.050000000000000044,0.0019110659101270976,-0.05,2.273617731842427e-10,2.0860963579358227,4.027337960271202,0,3.1742514981672043,1.1633949364364283e-10,2.2339129500352364,4.510414147273649,0,,0,1
S2_N100,5500801,3.4324275221752405,2.544485374280271,4.630232428951796,6.748529754060196e-16,-1.3961888117998629,0.3586983993593317,0.00018220342293504715,100,0.0009366695359837702,0.0024683580578001027,True,0.0005342575847422053,0.00034175197133823175,True,0.8848793647267508,0.9145524941314728,0.014116548546047677,0.08999999999999997,0.010000984601126492,0.09,6.748529754060196e-16,2.544485374280271,4.630232428951796,0,3.795558698758817,7.792936790581968e-16,2.7438914496596745,5.250304576556967,0,,0,1
S2_N100,5500802,2.659144785575992,1.833389103976465,3.8568195781896395,2.535323625401478e-07,-1.6222814774505128,0.35280878858853376,1.2864669121951525e-05,100,4.3565913270501745e-05,9.503075597517538e-06,True,0.5497859724338594,0.573293085424069,True,0.625068980753602,0.7975222629177602,0.0150913478349955,0.08000000000000007,0.015019434220916577,0.08,2.535323625401478e-07,1.833389103976465,3.8568195781896395,0,2.844536502619411,8.711138456848863e-08,1.939720987966092,4.1714184488041,0,,0,1
S2_N100,5500803,2.59899171183318,1.8708563945656103,3.6105165194926325,1.2357895619112164e-08,-1.1517696498054464,0.33107811514290436,0.000755791254781399,100,0.00024971703384730923,0.00016136864714840982,True,0.11814100305493269,0.12341468602966546,True,0.90170286121368,0.8598690702008739,0.006425554452900814,-0.05999999999999994,0.0036927022941212057,-0.06,1.2357895619112164e-08,1.8708563945656103,3.6105165194926325,0,2.6996672533291184,1.197913144097552e-08,1.918683637743063,3.7985435093774287,0,,0,1
S2_N100,5500804,3.3438390485377134,2.392873923309898,4.67273243007276,1.545468907486039e-12,-1.6895928418090307,0.32320917938236493,9.862270486880148e-07,100,1.4654480139738863e-06,9.682663530421906e-06,True,0.007029110956867878,0.0017782805635473693,True,0.3354500616045777,0.4584749294289322,0.02401123312269253,0.10000000000000003,0.028467046149661078,0.1,1.545468907486039e-12,2.392873923309898,4.67273243007276,0,3.672733364467921,9.168655172670134e-14,2.6085409189140116,5.171078693330058,0,,0,1
S2_N100,5500805,2.152255656594857,,,,-1.1837987668055718,0.34441075898333573,0.0008672525500642541,100,0.029226855263061898,0.02181281213500707,True,0.002924481120517333,0.0013227983613652388,True,0.11175827916778529,0.1031593877008776,0.02678751682891583,-0.09999999999999998,0.013142638091621925,-0.1,1.3010254531937186e-05,1.545247303558127,2.9977107228586153,1,2.287419261337008,1.6963282673709398e-05,1.5911016718169342,3.2884679651933326,1,0.0,0,1
S2_N100,5500806,2.489641395942722,1.7868213817033616,3.4689053667372307,7.058334133746724e-08,-1.566852707160877,0.3218323177298442,4.3615045303477085e-06,100,1.7254814981328437e-05,6.411470495978353e-06,True,0.2142283448223592,0.3802884228363451,True,0.9100077392957482,0.8952644299695649,0.01845759578328311,0.10000000000000009,0.02439528086563956,0.1,7.058334133746724e-08,1.7868213817033616,3.4689053667372307,0,2.954895178257201,1.092782627421356e-09,2.0856241214824043,4.186471293917341,0,,0,1
S2_N100,5500807,2.6907074241070106,1.8266804329709831,3.9634225622975126,5.473135966419163e-07,-1.4941075182027617,0.31526120922131823,7.346870753228002e-06,100,3.3578548502911676e-06,2.0408550387795837e-06,True,0.8189843585047165,0.7324616397308249,True,0.47639522582800575,0.6152609400375153,0.007419743323577438,0.06999999999999995,0.008508093630497853,0.07,5.473135966419163e-07,1.8266804329709831,3.9634225622975126,0,2.6630866219589695,2.425298974914335e-06,1.77227999334169,4.001642168675948,0,,0,1
S2_N100,5500808,2.9506428878343955,2.099156064360257,4.147520805786801,4.709334602198256e-10,-1.1283841415258256,0.3440147957402091,0.001442384925463658,100,0.0016059651124186256,0.0007900940186615493,True,0.4628912557037653,0.9311723606205292,False,0.510375224703685,0.7134903365692444,0.012715046766626463,0.06999999999999995,0.005737246717089491,0.07,4.709334602198256e-10,2.099156064360257,4.147520805786801,0,3.338041828169292,7.292746832654596e-11,2.3227012154967954,4.797226252031969,0,,0,1
S2_N100,5500809,2.066601904774921,1.5079348964939725,2.832246566313483,6.352477057507914e-06,-0.8000000000000003,0.3202378553091309,0.014166739580932055,100,0.0003102951079611961,1.5263918797190602e-05,True,0.23364646950335943,0.19537724035268644,True,0.6493245973889401,0.8406584120954054,0.0024026255453362937,0.039999999999999925,0.002434299697067961,0.04,6.352477057507914e-06,1.5079348964939725,2.832246566313483,0,2.545610035832155,6.54006280966327e-07,1.7616128398584312,3.678521357195688,0,,0,1
S2_N100,5500810,2.2936180153839505,1.6603505795727025,3.168417360294877,4.7624004094763703e-07,-1.274754280597198,0.33975605544602067,0.00029876017404460703,100,0.0015791957223837067,0.0005956857964609346,True,0.10799351844333185,0.04088895661216617,True,0.1877799737017226,0.20859493046480893,0.0015953309729878989,-0.039999999999999925,0.0017144240573671004,-0.04,4.7624004094763703e-07,1.6603505795727025,3.168417360294877,0,2.4873404644853805,2.3381400122054627e-07,1.7608290551648644,3.5136077338791303,0,,0,1
S2_N100,5500811,2.2146351808624196,1.601398502639608,3.062703615764087,1.535337599434108e-06,-1.46585967467832,0.3538015201406919,7.324383442342371e-05,100,0.00043315524819319864,0.0002117830108977379,True,0.03516931286750706,0.03691153376367998,True,0.9873042961170642,0.8301454018910177,0.0023982506261000574,-0.039999999999999925,0.003298630805785662,-0.04,1.535337599434108e-06,1.601398502639608,3.062703615764087,0,2.2748258994700494,8.547712280158529e-07,1.639917670413095,3.1555443094873046,0,,0,1
S2_N100,5500812,2.368587030480472,1.741004818629737,3.222394597032666,4.014069067794651e-08,-1.1464672537234606,0.3259291622529174,0.0006645287878796946,100,0.00015602299020217684,0.00015452216777865163,True,0.03080545225734852,0.04746897991061403,True,0.4200450217438224,0.25641636139518265,0.00041265819394824043,0.010000000000000009,0.00044061024977077684,0.01,4.014069067794651e-08,1.741004818629737,3.222394597032666,0,2.4161069025906574,3.8211818565364396e-08,1.764262683944626,3.308788774976686,0,,0,1
S2_N100,5500813,2.3226149312230633,1.624203078198951,3.321345828701557,3.879802293560224e-06,-1.59315727081138,0.3311714786174602,5.513420878187703e-06,100,0.0006413724873038642,0.0008263036083077122,True,0.087114937403092,0.04539728405013743,True,0.20515445519602837,0.32711722380708697,0.005431875255595673,-0.05999999999999994,0.004324993265698792,-0.06,3.879802293560224e-06,1.624203078198951,3.321345828701557,0,2.4366294278359084,2.4425372820724245e-06,1.6824161406035087,3.5289503145554666,0,,0,1
S2_N100,5500814,3.1456038522038745,,,,-1.4659923419308427,0.33788349095818165,3.5137187928189265e-05,100,0.0009057209639468751,0.0032339152924198513,True,0.07984767902351167,0.05340408835678895,True,0.2491115656341002,0.30395688615997285,0.0005138820034031651,0.020000000000000018,0.0003662222726521399,0.02,6.757174244046006e-09,2.198010519152427,4.501718034914315,1,3.141367072381342,2.1423583822277645e-07,2.0902499218349155,4.721056071026658,1,0.0,0,1
S2_N100,5500815,4.431256972109188,3.145687404045054,6.242209040738192,1.661978491277192e-17,-1.6644424821385564,0.3330833271482976,2.5776382286199903e-06,100,4.6193131198332434e-05,2.8955642306960323e-06,True,0.03620137766479579,0.046169061903657306,True,0.6423870978929795,0.8220811699342332,0.0017321355673625511,0.030000000000000027,0.001817351925169469,0.03,1.661978491277192e-17,3.145687404045054,6.242209040738192,0,4.791799136548619,2.2972275078779143e-14,3.2044889913888888,7.165366779767338,0,,0,1
S2_N100,5500816,2.1988015965517826,1.616778792746094,2.9903462877484284,5.102194842223298e-07,-1.484327546773649,0.3387590732363699,2.982713990615661e-05,100,0.0028645722476245764,0.00735916484994384,True,0.02882435448123743,0.039180148747676495,True,0.02587011516513574,0.04136105463623957,0.01745159141621836,-0.09999999999999998,0.01853976561525995,-0.1,5.102194842223298e-07,1.616778792746094,2.9903462877484284,0,2.1919839389776934,1.7423950486974125e-06,1.5889778625637088,3.0238266384554615,0,,0,1
S2_N100,5500817,3.802166780413825,2.8361554279266583,5.097207326416057,4.2476885772466486e-19,-1.3132501055646313,0.3149334070834094,6.632052672890798e-05,100,0.0012652779793717597,0.0005193450484726852,True,0.008867436641788774,0.006130480269711107,True,0.8929930766785477,0.9419865471210208,0.01111473365992684,0.06999999999999995,0.005737246717089494,0.07,4.2476885772466486e-19,2.8361554279266583,5.097207326416057,0,4.516039301848653,2.92776551141473e-19,3.248733203354899,6.2777118646679195,0,,0,1
S2_N100,5500818,2.3472061096658887,1.708478727323687,3.2247264382877354,1.4016576455161327e-07,-1.7942662934826057,0.3595137501659154,2.644972210948187e-06,100,0.00011700626084327879,0.00021133620375746358,True,0.0013732597685719816,0.0004808744374264511,True,0.15358628862646084,0.26793470465315605,0.004706416841420976,-0.04999999999999993,0.003249990107817147,-0.05,1.4016576455161327e-07,1.708478727323687,3.2247264382877354,0,2.5530753086068776,1.6807438069064452e-07,1.7970522395580788,3.627158625628503,0,,0,1
S2_N100,5500819,2.3144889291697126,1.6703261172699582,3.207073725222358,4.589901846125945e-07,-1.1158949556017363,0.3278202542290072,0.0009668994880271899,100,0.00034293791943083065,0.00037567414458336665,True,0.012592818627331845,0.014499891646436218,True,0.46247410035822,0.389887257950005,0.0018493931730393662,-0.030000000000000027,0.0012665234824340232,-0.03,4.589901846125945e-07,1.6703261172699582,3.207073725222358,0,2.5464082323074497,2.8387891303116663e-07,1.782196888931792,3.638315679840306,0,,0,1
S2_N100,5500820,2.725923773780318,1.9584896348180976,3.794076970517579,2.7723146406336413e-09,-1.9399999999999973,0.3296492629056196,5.6879511246968956e-08,100,1.4594244477772099e-05,2.4863885131407516e-06,True,0.00188059366690992,0.0011743204003007363,True,0.1814902368715845,0.09161964883109776,0.00039366840073160866,0.0,0.0001888653370134974,0.0,2.7723146406336413e-09,1.9584896348180976,3.794076970517579,0,2.775367096472994,2.7847181861238477e-08,1.9359271047564104,3.9787978076551243,0,,0,1
S2_N100,5500821,2.9389085578159895,2.1582196201904105,4.001994713791935,7.736212796752832e-12,-1.640000000000001,0.35547618907027084,1.2109960579819462e-05,100,0.0035789441965424222,0.0019719450432292836,True,0.03442129772113287,0.020224195345095158,True,0.8608003300059548,0.9254812513962039,0.027468568728406317,-0.10999999999999999,0.013136133769537183,-0.11,7.736212796752832e-12,2.1582196201904105,4.001994713791935,0,3.156778467405366,8.21735233931161e-12,2.270270823672625,4.3894544159068,0,,0,1
S2_N100,5500822,3.0612309546392886,2.278668092681466,4.112549338685877,1.105275879987654e-13,-1.3077656199417276,0.34682597321110215,0.0002799052013452439,100,1.0266893476270516e-05,1.6532677988587435e-05,True,0.37677636102418677,0.23875113360317812,True,0.33779735682762935,0.4237927729024308,0.0007984310866023425,0.039999999999999925,0.000903003780770482,0.04,1.105275879987654e-13,2.278668092681466,4.112549338685877,0,3.4971902046271235,5.835257358012952e-14,2.522619300088158,4.848269941846749,0,,0,1
S2_N100,5500823,2.7218180687543545,1.9575175506548683,3.784534957001694,2.619726280938466e-09,-1.087866344605478,0.30846158234810017,0.0006443848217370516,100,0.045460176310178894,0.04158387633608206,True,0.002967665467858553,0.000673046547857296,True,0.7672891756937037,0.739700616008806,0.019566077431304608,0.09999999999999998,0.026418068385658276,0.1,2.619726280938466e-09,1.9575175506548683,3.784534957001694,0,2.9036829807529503,5.391836253537863e-09,2.02971475780094,4.1539703154393814,0,,0,1
S2_N100,5500824,2.7503079898271863,1.9625041474391658,3.854358243664162,4.216530545709789e-09,-1.195142263509451,0.33261824236642357,0.0005153974930598089,100,5.5145011107642985e-06,6.597482483844892e-06,True,0.09774129960372772,0.10921954816934519,True,0.2643801678576656,0.36741559799317247,0.00034455419868122507,0.0,0.00024798975325449675,0.0,4.216530545709789e-09,1.9625041474391658,3.854358243664162,0,2.916390466737475,6.522805385920499e-09,2.031597991083488,4.1865238062876715,0,,0,1
S2_N100,5500825,2.4330489824486983,1.798295287900999,3.2918550089202836,8.182099842538544e-09,-1.178403252216138,0.33539257430977815,0.00067352741908968,100,0.07322920349436625,0.09658055639009328,True,0.010525653442659034,0.013411628824101908,True,0.9114716866843365,0.898067714735701,0.1617281413718003,0.17999999999999994,0.17846330367920638,0.18,8.182099842538544e-09,1.798295287900999,3.2918550089202836,0,2.5213151943175793,3.4832353790340464e-08,1.8150963954886667,3.5023100287658444,0,,0,1
S2_N100,5500826,2.730850563935704,1.977208285197814,3.7717547809091077,1.078303845147806e-09,-1.1138022065219046,0.3345423385807157,0.0012317474897370103,100,0.0002813086802886009,0.0012381918529358452,True,0.015112994551933219,0.005684130166880429,True,0.2928559117085373,0.15685632449056197,0.017105559884159974,-0.07999999999999996,0.015019434220916577,-0.08,1.078303845147806e-09,1.977208285197814,3.7717547809091077,0,2.8138054478425003,1.1125826581500223e-09,2.017215707875707,3.92496502352042,0,,0,1
S2_N100,5500827,2.5145907851096685,1.7474591582046934,3.6184919040138035,6.840559484326575e-07,-1.1339107014447265,0.3365196642820183,0.001081704679369948,100,0.0023703032149815155,0.0009572876008952901,True,0.0028352626849018217,0.000996199437938479,True,0.05629474174931067,0.034663373810520655,0.005372941665545931,0.06999999999999995,0.004925598122411888,0.07,6.840559484326575e-07,1.7474591582046934,3.6184919040138035,0,2.682948468306832,1.2616971411660146e-07,1.8605414635590138,3.8688804439867615,0,,0,1
S2_N100,5500828,2.7479915994905837,2.046377161547376,3.6901593571151627,1.8080483249369818e-11,-2.288134943454092,0.2959884849239149,9.987430372925799e-12,100,7.529850946058339e-05,0.00010735858338318105,True,0.16689219384752785,0.07562596481123227,True,0.5797720246755215,0.859863614619795,0.00284354787462764,-0.030000000000000027,0.0037181258173575107,-0.03,1.8080483249369818e-11,2.046377161547376,3.6901593571151627,0,3.19335238166426,9.78054302439394e-15,2.3800881192123047,4.284504994233444,0,,0,1
S2_N100,5500829,3.217234274634395,2.316905435868492,4.467422889878274,3.0296220233372786e-12,-1.6053900313083365,0.33084790112544227,4.657736215291161e-06,100,0.0015009078653931641,0.0012170493137855468,True,0.008239729006813539,0.004652955481480582,True,0.34625417763995614,0.2753352863606282,0.0011069477277894488,-0.030000000000000027,0.0010351788500388907,-0.03,3.0296220233372786e-12,2.316905435868492,4.467422889878274,0,3.5316709003375486,2.991298775588793e-12,2.47780865729587,5.033762115393921,0,,0,1
S2_N100,5500830,2.069936186280068,1.5370005349807248,2.7876605881112497,1.6678785736657931e-06,-1.4794124010211591,0.3411434115540321,3.5422168707411465e-05,100,0.0002759113992325948,3.264381196844032e-05,True,0.20489396894174838,0.16947794719923137,True,0.9277639708231105,0.8163243763275446,0.007748107085655071,-0.06999999999999995,0.010604820442681719,-0.07,1.6678785736657931e-06,1.5370005349807248,2.7876605881112497,0,2.1785734940979333,3.6310425894631215e-06,1.5669772558253052,3.0288777016653823,0,,0,1
S2_N100,5500831,3.4891946695658156,2.41845256613021,5.033995544352151,2.3539875336369945e-11,-1.0799999999999992,0.294602076251069,0.00040214217895068167,100,7.378678936391797e-05,4.933739263799675e-06,True,0.03709950039447169,0.04337487181660937,True,0.76436714456571,0.9585484314466539,0.006251928860618364,0.05999999999999994,0.004324993265698792,0.06,2.3539875336369945e-11,2.41845256613021,5.033995544352151,0,3.594580698767776,5.532858310972382e-10,2.3993044876543794,5.3853149804199045,0,,0,1
S2_N100,5500832,2.347712530025335,1.6711404293215537,3.2981992577820707,8.624105817421809e-07,-1.7796440145102785,0.33032870984471546,4.999526313924333e-07,100,6.508907767942545e-07,9.412989877726885e-08,True,0.03037463321124229,0.052303777997995474,True,0.11783691799915966,0.14808222402569657,0.0004757382961107118,0.010000000000000009,0.0005536828842662267,0.01,8.624105817421809e-07,1.6711404293215537,3.2981992577820707,0,2.4689943653190682,3.864255365531868e-08,1.7888134778476157,3.407808165282957,0,,0,1
S2_N100,5500833,2.873219049734187,2.0711611625374546,3.9858741352804485,2.6194928589670807e-10,-1.948312422577263,0.33656524631252316,8.718128372620068e-08,100,3.887838835173382e-05,2.9927216090976066e-05,True,0.0013366820803783592,0.0025968631475326446,True,0.5452191732205354,0.5936858733670808,0.1670341399202486,0.17999999999999994,0.15471008557375587,0.18,2.6194928589670807e-10,2.0711611625374546,3.9858741352804485,0,2.994770470638094,1.7859182114932176e-09,2.0949446559588223,4.281091696764231,0,,0,1
S2_N100,5500834,2.5650682095087296,1.8826980173052414,3.494758510900144,2.3791298489600203e-09,-1.564227021022333,0.32338964898260264,4.957231307034102e-06,100,0.023017792886978278,0.016471963627367817,True,0.001691923024394073,0.008059153448405658,True,0.05038960150889368,0.13771347681442708,0.10864857934699956,0.16000000000000003,0.09484933885525008,0.16,2.3791298489600203e-09,1.8826980173052414,3.494758510900144,0,2.981649121344881,3.7273377672766073e-10,2.118492052777792,4.196490362642485,0,,0,1
S2_N100,5500835,2.7340058800141276,2.016906227452702,3.706066276265248,9.165747929817601e-11,-1.195122291407222,0.3376613955423739,0.0006176391007509924,100,0.00010945376017410262,4.8376944891533735e-05,True,0.009928451162114214,0.03171247213052355,True,0.57110581386593,0.4400029778216574,0.00048532771758680364,0.010000000000000009,0.0003442474922855943,0.01,9.165747929817601e-11,2.016906227452702,3.706066276265248,0,3.104499366537995,6.044782710716306e-11,2.2110901451924203,4.3588979570962145,0,,0,1
S2_N100,5500836,3.1624967130822204,2.252731032211809,4.439671366552865,2.8829247558573542e-11,-1.8662041074249596,0.3360244760643863,2.441702881111545e-07,100,4.6846826265908184e-05,1.019247797341705e-05,True,0.1772024173850303,0.23068300638386752,True,0.14034646214036467,0.2130199422741913,0.0008108874600885102,-0.010000000000000009,0.00044061024977077684,-0.01,2.8829247558573542e-11,2.252731032211809,4.439671366552865,0,3.387041384960163,2.835696606518989e-11,2.364720358859288,4.851334450796047,0,,0,1
S2_N100,5500837,2.8919021044153568,2.070633379960275,4.038908028075166,4.6535947990891076e-10,-2.2142095325486593,0.33153075285539746,1.5143552589068243e-09,100,6.60525610996131e-05,1.6589960821048215e-05,True,0.00018961629230604572,5.897792623080082e-05,True,0.21843672259882496,0.2826234214661969,0.0029181604184442267,-0.039999999999999925,0.0014086709186982203,-0.04,4.6535947990891076e-10,2.070633379960275,4.038908028075166,0,3.0776594299027864,8.092933006299048e-09,2.100296387846294,4.509833765025136,0,,0,1
S2_N100,5500838,3.3746626120639838,2.4403144355192263,4.6667542426103,1.925382812175081e-13,-1.0338122318667058,0.34691937827030583,0.0036431436643232593,100,0.0009392386049720501,0.0003629093608920861,True,0.00045031196865089485,0.000121403378318318,True,0.8416984543473129,0.8679228018727403,0.007738728267190067,0.06999999999999995,0.01528571325814906,0.07,1.925382812175081e-13,2.4403144355192263,4.6667542426103,0,3.3011128581747595,3.088726651662798e-12,2.359874611791854,4.617764879521446,0,,0,1
S2_N100,5500839,2.24343102917054,1.5968845238698195,3.1517512427564145,3.185319086905553e-06,-1.5570126194519371,0.3506454918532508,2.3796611979428177e-05,100,0.0006920765657400615,0.0001904204282353953,True,0.004470574651129763,0.011422325243500939,True,0.04228027633929782,0.08105602989740524,0.0014318465178818857,0.020000000000000018,0.0011303752632718508,0.02,3.185319086905553e-06,1.5968845238698195,3.1517512427564145,0,2.44913428392509,5.057419127274875e-07,1.726849897295601,3.4735264194595405,0,,0,1
S2_N100,5500840,2.9628346117578013,2.106300728476866,4.167680720016622,4.405547426752553e-10,-1.3751496946029829,0.3191933708371973,3.946128906050385e-05,100,0.005581389880586114,0.0026373870947716898,True,0.006928418825189903,0.0007463726889821268,True,0.9719728830522834,0.9034503660411284,0.016765185465575323,0.08999999999999997,0.022591121037897267,0.09,4.405547426752553e-10,2.106300728476866,4.167680720016622,0,3.04500904871802,2.2888712244085764e-09,2.113396297311722,4.387288895399729,0,,0,1
S2_N100,5500841,3.01869036728768,2.1818342127209958,4.17652793251927,2.5607162629930755e-11,-1.75332373562681,0.28329771006915433,1.4485346597259802e-08,100,0.0002929390607755561,0.0005738657920802711,True,0.013387495904763519,0.006893702263474056,True,0.4796652557024449,0.46308656518622293,0.008355731161177766,0.05999999999999994,0.01103112659512717,0.06,2.5607162629930755e-11,2.1818342127209958,4.17652793251927,0,2.923448442127811,1.3653296566576097e-09,2.066333809803306,4.136093961794619,0,,0,1
S2_N100,5500842,3.032808733351599,2.142155086108286,4.2937735333644165,3.9868636490423155e-10,-1.2452303870043009,0.36572226721506274,0.0009641602981888866,100,0.00018697455606647234,0.000146367345989986,True,0.13297603643576042,0.12517433266932673,True,0.23326840933612136,0.2632501759229052,0.032189815836924277,0.09999999999999998,0.020450044495365083,0.1,3.9868636490423155e-10,2.142155086108286,4.2937735333644165,0,3.270536314868374,4.739366998558117e-10,2.2524458384498587,4.748796887491026,0,,0,1
S2_N100,5500843,3.326150739937568,2.321757251165781,4.765045415162257,5.663624195162558e-11,-1.3177048346055955,0.3304346172436264,0.0001293545880174231,100,0.00110382510417449,0.001622208454689886,True,0.006973066231104523,0.002769532399412904,True,0.3223845488068161,0.13560278236058002,0.0012487059370716945,-0.020000000000000018,0.0013522337758173286,-0.02,5.663624195162558e-11,2.321757251165781,4.765045415162257,0,3.5157954938452667,3.8769498424552647e-11,2.421518078902945,5.104573887857439,0,,0,1
S2_N100,5500844,3.421026785577565,2.55065161644828,4.58840564198097,2.1962368062012088e-16,-1.9829814076145291,0.3198148990194994,1.3752121192865056e-08,100,0.012335633032253495,0.004069989003052298,True,0.0828825888053512,0.14359483049042523,True,0.20968638871407508,0.17485073616001967,0.0008095791740487541,-0.040000000000000036,7.695088744133083e-05,-0.04,2.1962368062012088e-16,2.55065161644828,4.58840564198097,0,4.0393324729028315,1.4144594462134492e-16,2.9007035217961707,5.624913647343041,0,,0,1
S2_N100,5500845,2.8056197671044045,2.060298793684928,3.8205634550163827,5.818862155047509e-11,-1.9599999999999986,0.30718900295741564,6.03637009271683e-09,100,0.24229486566495684,0.19058207144100503,True,0.0006094990385258389,0.0004274424145992801,True,0.052660063036890706,0.06062290119625677,0.22465167551316495,0.19000000000000006,0.23372252479099634,0.19,5.818862155047509e-11,2.060298793684928,3.8205634550163827,0,3.001158389759667,6.845502313232236e-11,2.1572481803924712,4.175204207976752,0,,0,1
S2_N100,5500846,3.2704945357947715,,,,-2.0413395784543322,0.3170621219281758,4.62436924287702e-09,100,0.00025961963136458154,0.00011822918991920964,True,0.007156988496955086,0.005553811147879511,True,0.04536686290458529,0.03178385076031777,0.0017450621670008354,0.040000000000000036,0.0037840618870307492,0.04,7.379343971902898e-07,2.09672942662104,5.101342296655172,1,3.4068846226571154,1.242914932330728e-07,2.223394981056994,5.2203332880510755,1,0.0,0,1
S2_N100,5500847,2.448557667133116,1.8173299645918934,3.2990347191148226,3.928682969539383e-09,-1.8000000000000012,0.3674233515142023,3.853223500361235e-06,100,2.142898333869534e-06,1.5653077258166312e-07,True,0.050511538305162224,0.021657658843659937,True,0.8694861569227819,0.9696422810913156,0.0008892725916023545,-0.040000000000000036,0.0007010457179223919,-0.04,3.928682969539383e-09,1.8173299645918934,3.2990347191148226,0,2.9411192046774084,2.6418482154126434e-11,2.1416254430573916,4.0390733142268065,0,,0,1
S2_N100,5500848,2.803625118018397,1.9740691785999827,3.981782344607718,8.43257045519162e-09,-1.7265983829667135,0.3579097956714458,5.221937169304561e-06,100,2.066978655980031e-05,3.9711981540183815e-06,True,0.04127584970332772,0.08050769532722565,True,0.8378042811298689,0.7315529971077819,0.000483478679917272,0.010000000000000009,0.00026343889354967713,0.01,8.43257045519162e-09,1.9740691785999827,3.981782344607718,0,2.9448161691331265,7.094180703977641e-10,2.0888697012127566,4.151499858968295,0,,0,1
S2_N100,5500849,3.760655317158097,2.6457463555689436,5.345383311102868,1.5477293425615464e-13,-1.9131359652408397,0.34795885242531754,3.106495291168078e-07,100,0.00044361654987639195,0.00011214349704672346,True,0.0023500736552929118,0.004146692916828844,True,0.27959898941488015,0.15686761589603868,0.1471790407844663,0.17000000000000004,0.15012811305215532,0.17,1.5477293425615464e-13,2.6457463555689436,5.345383311102868,0,4.2528552655824425,1.585566372894181e-14,2.939327540192262,6.153372723071633,0,,0,1
S2_N100,5500850,2.390203931806481,1.711139419857958,3.338754732269217,3.2210439043956843e-07,-1.596295455834799,0.3649576756359801,3.0724162820207105e-05,100,0.007869546671781604,0.010586592214520744,True,0.05083301958292526,0.044759220603639564,True,0.23732956179140507,0.33463825585969975,0.011566587172388707,0.06999999999999995,0.016540281419436247,0.07,3.2210439043956843e-07,1.711139419857958,3.338754732269217,0,2.691725251172044,1.535569606260654e-07,1.8596667033616272,3.896066329896686,0,,0,1
S2_N100,5500851,3.418240065900763,2.4546818921272036,4.760032322560416,3.457896031917537e-13,-1.5853128689492326,0.2923594676680327,4.303478955929434e-07,100,0.0044826594472360615,0.0034875485165807413,True,0.015814256723908095,0.020687471706190605,True,0.3459741472540623,0.2975796819412073,0.0037284605341843537,-0.050000000000000044,0.004974576271199261,-0.05,3.457896031917537e-13,2.4546818921272036,4.760032322560416,0,3.560861003127309,1.11430827985192e-13,2.5467906693044693,4.97870957217527,0,,0,1
S2_N100,5500852,2.7934980448943865,1.966113142283452,3.969065237906701,9.896118345813775e-09,-1.1350178111663665,0.3472577185615308,0.0014963006548256194,100,0.008123701180862317,0.006175296487969848,True,0.0013904920485295212,0.000398152526066922,True,0.313671040670066,0.3868644352530256,0.007472615371230227,0.06000000000000005,0.005738994260508967,0.06,9.896118345813775e-09,1.966113142283452,3.969065237906701,0,2.915106569147995,2.8526572845999462e-08,1.9978854455084245,4.25342019913822,0,,0,1
S2_N100,5500853,2.655357260840944,1.9144748846433917,3.682953607413916,4.887312252838289e-09,-1.7547122401847572,0.3198007494491419,3.261483777353476e-07,100,9.618848969894702e-06,3.178724451133396e-06,True,0.008227003092278622,0.001607862910507833,True,0.33399825582199794,0.4157369100849738,0.010105868022409249,0.07999999999999996,0.0136577170322772,0.08,4.887312252838289e-09,1.9144748846433917,3.682953607413916,0,2.799897782957616,4.9396267063249605e-09,1.9829535006023538,3.953409695502,0,,0,1
S2_N100,5500854,3.77468411071461,2.5619160170951814,5.561556288576804,1.8483600440509407e-11,-1.3284266340369129,0.3770045160650877,0.0006511244215268976,100,0.017063486965491762,0.010012183186876076,True,0.0632488119131697,0.06819351802072904,True,0.4152341042044797,0.4547529640168766,0.0006930500912697643,0.010000000000000009,2.7927009498809158e-05,0.01,1.8483600440509407e-11,2.5619160170951814,5.561556288576804,0,4.049565378292218,4.681833182787678e-12,2.724232902764735,6.019668779574684,0,,0,1
S2_N100,5500855,2.619979206525368,1.9430432962619082,3.532752489782935,2.6929257385152036e-10,-2.0227759427239644,0.28941293546089886,3.5130451491800833e-10,100,0.0008892645469763113,5.585777362433206e-05,True,0.05486560646287129,0.029262598669752903,True,0.9221841540298853,0.9889385061905976,0.004176725545321224,0.06000000000000005,0.0013264459435098023,0.06,2.6929257385152036e-10,1.9430432962619082,3.532752489782935,0,2.811844391437418,6.092680541029328e-10,2.0266548392360733,3.9012409654513864,0,,0,1
S2_N100,5500856,2.084675037025019,1.501402810016803,2.894539680491624,1.1501479496337022e-05,-1.1,0.3964082062124847,0.006624903167622782,100,0.006452637428822239,0.0039872784632545575,True,0.0013398040248520122,0.002087900119934525,True,0.044060780492976584,0.0877681664585153,0.0013350599993789227,-0.010000000000000009,0.0006844905960408066,-0.01,1.1501479496337022e-05,1.501402810016803,2.894539680491624,0,2.272160282549578,1.8719941805788461e-06,1.6213666339579713,3.184173302612569,0,,0,1
S2_N100,5500857,2.434173856737261,1.7058938990805974,3.4733709804675303,9.371977950879016e-07,-1.9,0.32661908751249796,7.689457568138212e-08,100,0.0002150699248303246,0.0005486106008073003,True,0.1773256363942497,0.1575182354360123,True,0.9252909836669189,0.964101832889232,0.034300374036604596,0.13,0.029273479277783333,0.13,9.371977950879016e-07,1.7058938990805974,3.4733709804675303,0,2.522170429310732,6.294433228460775e-07,1.7527152626611826,3.6294221942421636,0,,0,1
S2_N100,5500858,2.6683590700113116,1.8262208937405755,3.898838388563025,3.922660344601333e-07,-1.4624772912309827,0.35255074821448606,7.187162673837472e-05,100,0.0025375089481155175,0.0011860756630265733,True,0.00010806782325286319,0.00013561470930443715,True,0.7991945982031365,0.8926878704855332,0.010919640118184672,-0.09000000000000002,0.012840037195830456,-0.09,3.922660344601333e-07,1.8262208937405755,3.898838388563025,0,3.0034205996225065,4.054377753056109e-09,2.0819328998627507,4.332769465736137,0,,0,1
S2_N100,5500859,2.7490674609626966,1.9891922321798772,3.7992164772542183,8.998852276010296e-10,-1.3868122825593712,0.3476276717565437,0.0001286228567757016,100,0.0020719783250143947,0.0005272700550111203,True,0.19754374527513074,0.13300035598800244,True,0.09571395365606032,0.17033120235263421,0.0007046906524039214,0.019999999999999907,0.0013522337758173286,0.02,8.998852276010296e-10,1.9891922321798772,3.7992164772542183,0,3.2602965094378624,9.139834279719449e-11,2.2804907742077414,4.661072717185398,0,,0,1
S2_N100,5500860,3.232202531639853,2.2839354092561917,4.574180672185204,3.559074529677351e-11,-1.113416776460254,0.3607248096711449,0.0026392246716902545,100,0.0005444817708840589,0.0003881190033884399,True,0.01704310986428872,0.03510597982142698,True,0.029343625375824134,0.018543133088444692,0.028157365067322165,0.09999999999999998,0.02439528086563956,0.1,3.559074529677351e-11,2.2839354092561917,4.574180672185204,0,3.3308163252409657,1.4801619212142654e-11,2.3486400626815063,4.72372824119547,0,,0,1
S2_N100,5500861,2.1611205252962375,1.5691953705649395,2.9763291508916696,2.36935870305612e-06,-1.4999999999999982,0.32569343072859813,1.2496620924342366e-05,100,0.08792497122851764,0.05021105367560757,True,0.32705609691137627,0.4873805400360044,True,0.14400892281346164,0.1412598127983886,0.002015651262570089,0.050000000000000044,0.0015526725964046973,0.05,2.36935870305612e-06,1.5691953705649395,2.9763291508916696,0,2.258947560044939,5.35070952393912e-07,1.64265082620041,3.1064691276089955,0,,0,1
S2_N100,5500862,2.9884365954038095,2.094142013846281,4.264635934764388,1.601116053840409e-09,-1.5500719026548655,0.3670711922139121,5.444265061437273e-05,100,0.00010742874580836224,3.34071887845212e-05,True,0.0031216449720869043,0.0005594423172446752,True,0.39921950761892677,0.5611353046319079,0.0015635844145666206,0.030000000000000027,0.0015270756526480373,0.03,1.601116053840409e-09,2.094142013846281,4.264635934764388,0,2.8705828974683953,5.334853120841075e-08,1.9631898713634395,4.197376062008296,0,,0,1
S2_N100,5500863,2.889629714414233,2.1139793729731076,3.9498776540483793,2.8508270331247077e-11,-1.0476855253490087,0.3469637399397861,0.0032349682608841606,100,0.0014179551651261261,0.0036296304507857976,True,0.003272611067306397,0.004908788490539349,True,0.9180167569568709,0.8461687625231402,0.002229818044323874,-0.040000000000000036,0.0037840618870307492,-0.04,2.8508270331247077e-11,2.1139793729731076,3.9498776540483793,0,3.0598198374385936,2.0317763196278998e-11,2.2064453505893957,4.2432491858825285,0,,0,1
S2_N100,5500864,3.5223546098043723,2.586858756704089,4.796157488326815,1.2988361396596674e-15,-1.8914123539232053,0.40628810087633344,1.026412359926616e-05,100,0.009718525157743694,0.0026646452488625887,True,0.0324223186806262,0.015900083483880785,True,0.9180491959213763,0.8380574185884173,0.05137506251588521,0.13,0.045737042934159665,0.13,1.2988361396596674e-15,2.586858756704089,4.796157488326815,0,4.040441103620476,8.893397708829602e-16,2.8748713718587258,5.678572082086212,0,,0,1
S2_N100,5500865,2.548895203204536,1.8735991080631165,3.467586384386895,2.553697559838745e-09,-1.6249371751179043,0.2900656038040757,1.980027792623879e-07,100,1.6135069748087388e-06,2.2579241301465034e-07,True,0.0044820223698777495,0.005671516552017355,True,0.0038889890249169026,0.004893758903200644,0.004001791830141241,-0.050000000000000044,0.0015526725964046973,-0.05,2.553697559838745e-09,1.8735991080631165,3.467586384386895,0,2.600758512252396,1.1975352855354142e-08,1.8722697519458,3.6126978134554113,0,,0,1
S2_N100,5500866,2.1378350746289327,1.587370278590577,2.879188849605833,5.674044845013944e-07,-1.3920556780901898,0.30115266658664674,1.169218528582105e-05,100,1.3176421717016218e-06,6.908625910350353e-07,True,0.15230754275054464,0.09049366754055015,True,0.9323562680382284,0.70564040457962,0.002255887712488671,-0.040000000000000036,0.002056235912685473,-0.04,5.674044845013944e-07,1.587370278590577,2.879188849605833,0,2.5409003005567885,1.315277862537856e-07,1.797050075779639,3.5926513258505652,0,,0,1
S2_N100,5500867,2.6015134754022324,1.8470759932939864,3.664100658159659,4.464108271864879e-08,-1.1266977719173676,0.31936358495080996,0.0006418068376000504,100,2.913965631073843e-06,3.7853402668575664e-07,True,0.01509384045117795,0.030684701526905143,True,0.6401110367403929,0.6856526173120474,0.02619077736712312,0.09999999999999998,0.022403999281442665,0.1,4.464108271864879e-08,1.8470759932939864,3.664100658159659,0,3.0233835758193646,2.8287403486550866e-09,2.0988560737261275,4.355157250161711,0,,0,1
S2_N100,5500868,2.385872704652669,1.7301494494255958,3.290113790283549,1.1360664485773562e-07,-1.1234281650071127,0.3781561199860649,0.0037442358919922854,100,0.00012510932724937372,0.00032576657537223733,True,0.049570667848007274,0.06764210479385314,True,0.0008393075076415381,0.0008803783095096266,0.08285711438877444,-0.14,0.0725350030254394,-0.14,1.1360664485773562e-07,1.7301494494255958,3.290113790283549,0,2.6040359983454153,6.690484640972327e-08,1.8397782420592401,3.685772190179244,0,,0,1
S2_N100,5500869,2.9918498831720375,2.0604801040230774,4.34421361602057,8.451558964876143e-09,-0.9134599071517797,0.3418199540702087,0.008836681892943505,100,0.0003091071914211015,0.0006216409366611862,True,0.0307927046333427,0.04040744093441668,True,0.799018526585084,0.7922568653568879,0.16928862181014512,-0.17999999999999994,0.12528762702210583,-0.18,8.451558964876143e-09,2.0604801040230774,4.34421361602057,0,3.3086194053148703,3.200034861104971e-10,2.278730901511989,4.80397328265596,0,,0,1
S2_N100,5500870,2.5232351746075476,1.786854619864319,3.563085477463312,1.4661607569284376e-07,-1.2929559302164146,0.33411205136475436,0.0001974160935723905,100,1.0644540065826233e-05,1.1649905285825475e-05,True,0.0005065924673371006,0.0004846257289755094,True,0.8362569493761252,0.8058393166311011,0.03274901159604421,-0.12,0.025145949558655137,-0.12,1.4661607569284376e-07,1.786854619864319,3.563085477463312,0,2.9788056843151183,1.5871619995442456e-09,2.089756534462148,4.246084727373194,0,,0,1
S2_N100,5500871,3.4034242194727855,2.3914484652133843,4.843632044004923,1.0273131750720725e-11,-2.147378820266913,0.3398889728145745,8.043750851117283e-09,100,0.04888362064997955,0.05084515985419936,True,3.284038272375312e-05,0.00012670320151288392,True,0.7519057332031384,0.7241152742902601,0.013912950088288089,0.07999999999999996,0.0164207406461758,0.08,1.0273131750720725e-11,2.3914484652133843,4.843632044004923,0,4.022925959523337,4.898060199671737e-13,2.7581317344126637,5.8677158432583285,0,,0,1
S2_N100,5500872,2.8946014598651137,2.0266426372975737,4.134284682091683,5.100479459352297e-09,-1.9340123251887018,0.3508186757464377,2.9153895788920577e-07,100,2.9745993978455175e-05,8.934370572102463e-06,True,0.000918612613588808,0.00052314691447022,True,0.042310561596877815,0.03945771831797063,0.0010579523557792821,-0.019999999999999907,0.0013522337758173286,-0.02,5.100479459352297e-09,2.0266426372975737,4.134284682091683,0,2.947069077420846,5.360524064642073e-08,1.9963707415990968,4.3505026226407635,0,,0,1
S2_N100,5500873,2.514574876334702,1.8700906571272842,3.381165926151842,1.039000967047926e-09,-1.2146154219754237,0.3181366199189568,0.0002371868075976643,100,0.009259790084964544,0.005328456364194311,True,0.04886864692905043,0.052779929704510446,True,0.11660928695748761,0.19903207270938428,0.002869936813472775,-0.050000000000000044,0.0015526725964046973,-0.05,1.039000967047926e-09,1.8700906571272842,3.381165926151842,0,2.6186466273090043,1.5125386513938417e-08,1.8763215494680527,3.6546561865480403,0,,0,1
S2_N100,5500874,2.8798852774088717,2.06910761037737,4.008365330754226,3.604624524751163e-10,-1.1015472884304327,0.3324262028797973,0.001295375519789915,100,9.102366882874047e-07,1.4333224184212244e-08,True,0.09750283056432053,0.1880409748476929,True,0.03884685211508544,0.12594058380497006,0.24529542877299038,0.19999999999999996,0.2295551443411359,0.2,3.604624524751163e-10,2.06910761037737,4.008365330754226,0,2.931653849447719,2.468740597189947e-09,2.0586936393108703,4.174780612747506,0,,0,1
S2_N100,5500875,2.7429260121098866,1.9573511806402641,3.843788065383345,4.6043609625609795e-09,-1.1853976350568063,0.3238080465699681,0.0004093159355825069,100,0.004691662097466293,0.0039002184951888105,True,0.00011639116678527437,0.0003112612813985254,True,0.6732086157203836,0.6803433118453805,0.14733882106820737,-0.17000000000000004,0.15012811305215532,-0.17,4.6043609625609795e-09,1.9573511806402641,3.843788065383345,0,2.9630599444717842,5.406846251077858e-10,2.1026942146336047,4.175464113341371,0,,0,1
S2_N100,5500876,2.4186094702400904,1.7859547920873429,3.2753750517381355,1.1401429230990373e-08,-1.7846990744966311,0.2891618496496708,1.5648862130184033e-08,100,0.000506267346577064,0.00018900684922888228,True,0.015801188830309437,0.0050353689244458134,True,0.4739157546525773,0.46923302527924526,0.005852473399230429,0.06,0.0013264459435098023,0.06,1.1401429230990373e-08,1.7859547920873429,3.2753750517381355,0,2.859354003891545,6.619793455147652e-11,2.085930339534296,3.919548589238104,0,,0,1
S2_N100,5500877,2.3894003513406004,1.704287746926612,3.349923772721009,4.360878234480018e-07,-1.0455238282401491,0.3378544532656352,0.002575454265987769,100,1.43257525923597e-06,9.772870303924832e-07,True,0.10268085401927521,0.09679955195862484,True,0.9140079911481221,0.8980594282697804,0.0430154879726511,-0.13,0.02606839635333026,-0.13,4.360878234480018e-07,1.704287746926612,3.349923772721009,0,2.562418438941473,4.2684840920049394e-08,1.83010649744159,3.587762933690594,0,,0,1
S2_N100,5500878,3.81340997812635,2.764935283797348,5.2594705367937475,3.3532800806333734e-16,-1.1399999999999995,0.3469800864559845,0.0014175532734504216,100,0.006858729397732715,0.0115141121787855,True,0.012687256678204748,0.0062991427227270455,True,0.6806559740289652,0.5084476493708701,0.005366703182976744,0.04999999999999993,0.0037831190449990676,0.05,3.3532800806333734e-16,2.764935283797348,5.2594705367937475,0,4.805819325765389,5.5125406013451015e-18,3.3662782784156753,6.860959636043544,0,,0,1
S2_N100,5500879,2.486795534192167,1.781972874276306,3.4703962771541113,8.437760563616984e-08,-1.2158026875886825,0.3353863229078443,0.00046242767583734356,100,5.814285290335462e-05,4.53095049519464e-05,True,0.031603734667827794,0.04431064246487351,True,0.8209092967760883,0.9917126329585976,0.0008923189550312214,0.020000000000000018,0.0006065469451128545,0.02,8.437760563616984e-08,1.781972874276306,3.4703962771541113,0,2.757879587028327,6.532926327900659e-09,1.9577551950922427,3.885010667122336,0,,0,1
S2_N100,5500880,3.1001342884496195,2.2714676250795454,4.231111419025601,1.003106710913685e-12,-1.7730640872702192,0.336740916023545,8.406523882511332e-07,100,2.4806928344980142e-05,2.276265703124785e-06,True,0.19421714330485607,0.20198913893062098,True,0.6731372829005855,0.36984147668372214,0.0015578793877162414,0.030000000000000027,0.0010351788500388907,0.03,1.003106710913685e-12,2.2714676250795454,4.231111419025601,0,3.332318613172536,5.025719238121017e-12,2.3678990719423805,4.6895357455363476,0,,0,1
S2_N100,5500881,3.219633638596127,2.32466839458696,4.459148148147617,1.9711374769023556e-12,-1.3999999999999995,0.30229020932233247,1.1288817034087737e-05,100,0.0009196522728785404,0.0034900103735067754,True,0.1019193383427059,0.11137410572322087,True,0.7343113702185726,0.5151007965737071,0.001216012108392802,0.040000000000000036,0.00012453757197259998,0.04,1.9711374769023556e-12,2.32466839458696,4.459148148147617,0,3.4300236222133207,1.2814824463865053e-11,2.4007175588915874,4.900643978450062,0,,0,1
S2_N100,5500882,2.8894133781419575,2.170353407056804,3.8467051691398626,3.668313883216156e-13,-0.9079452519174553,0.2884406570032732,0.0021861236907277596,100,0.0009060597610565577,0.00023746192543594712,True,0.00013559390248115102,1.3806440092222584e-05,True,0.7428001946921321,0.8789604494480583,0.07712465909833059,0.14,0.09652357746925352,0.14,3.668313883216156e-13,2.170353407056804,3.8467051691398626,0,3.0604626628605813,1.0450128515630763e-12,2.2498059410590505,4.1632176090505935,0,,0,1
S2_N100,5500883,3.6324259170694457,2.6409690444003244,4.99608962512237,2.167598994106109e-15,-1.3954223826714802,0.32307615622504454,3.7852244225889074e-05,100,0.0015495117159635605,0.0020518296888485353,True,4.6971257449580156e-05,0.001114693497344501,True,0.5575709638117766,0.46477056872263056,0.000645449437116847,0.020000000000000018,0.0009326302855561491,0.02,2.167598994106109e-15,2.6409690444003244,4.99608962512237,0,3.9250768946841403,8.286821453319935e-16,2.8135830363395273,5.475661613750275,0,,0,1
S2_N100,5500884,3.090316714224352,2.1914519029284576,4.357867668212369,1.2440787881448702e-10,-1.8156448023206349,0.3437683958895329,7.848291671723211e-07,100,1.4803824862655874e-06,1.2045845212455298e-06,True,0.005874321581557478,0.014275469835577332,True,0.3166414982447434,0.3052072313734596,0.014682684827978945,-0.07999999999999996,0.007586685277812996,-0.08,1.2440787881448702e-10,2.1914519029284576,4.357867668212369,0,3.2840189407316247,3.7127358509497636e-10,2.2639576704145714,4.7636846501238574,0,,0,1
S2_N100,5500885,3.0464196461364446,2.1999090916489705,4.218661896346657,1.9923211359340066e-11,-0.8297999929450773,0.3415695299473761,0.016965246313354564,100,1.8784305374519645e-05,7.634028264158789e-07,True,0.18210024098523048,0.2280164122244802,True,0.3559272120845045,0.49750194450819096,0.0047948343139712505,-0.05999999999999994,0.0016920918746869324,-0.06,1.9923211359340066e-11,2.1999090916489705,4.218661896346657,0,3.0883993427660563,2.6239121852677713e-10,2.1769333980591616,4.38148935052472,0,,0,1
S2_N100,5500886,2.644059758695582,1.9187022315265474,3.643635730798706,2.7994578701851933e-09,-1.0084906198323542,0.3392868774654224,0.0037266629923899722,100,3.249078983565117e-05,1.2244746411446e-06,True,0.030804812299178853,0.04234645631989837,True,0.049338654466332024,0.0438532938473421,0.0021607514371131597,0.040000000000000036,0.0017144240573671004,0.04,2.7994578701851933e-09,1.9187022315265474,3.643635730798706,0,3.0036210341631824,2.343406092918579e-11,2.1755050047381372,4.146963255528543,0,,0,1
S2_N100,5500887,2.326984130236049,1.6179011511405372,3.3468392914815754,5.248964764977352e-06,-1.8854588278590498,0.33176296473031736,1.3884168420522942e-07,100,6.6876981612203335e-06,1.2504764592994884e-06,True,0.13674249020954124,0.13212518745859725,True,0.8386868192629537,0.7083102963782965,0.004220379364960067,-0.040000000000000036,0.0037840618870307492,-0.04,5.248964764977352e-06,1.6179011511405372,3.3468392914815754,0,2.4220705730496688,2.3555286221755806e-06,1.6775019748126352,3.497120092206383,0,,0,1
S2_N100,5500888,3.263969552678678,2.366442295627396,4.501904508932458,5.581653249516856e-13,-1.1574263622974972,0.32765261939997165,0.0006321449960325055,100,1.3391673899812192e-07,1.3214097983677493e-08,True,0.012473613949259098,0.010702300710105833,True,0.3920136887751938,0.3659232906680787,0.0014168331357624234,0.020000000000000018,0.0006065469451128545,0.02,5.581653249516856e-13,2.366442295627396,4.501904508932458,0,3.43672530704385,4.201007225522907e-13,2.4613986378189057,4.798524162076274,0,,0,1
S2_N100,5500889,2.7421473461163104,1.834579568309012,4.098689529581734,8.696231311112971e-07,-1.14,0.33204102565389637,0.0008783265337550839,100,9.570451735919789e-05,6.520977987080797e-05,True,0.0004760229861167632,0.0004140848144042755,True,0.22331335459221768,0.17730355094076178,0.0008108874600885104,0.010000000000000009,0.00026343889354967713,0.01,8.696231311112971e-07,1.834579568309012,4.098689529581734,0,2.992950926584741,2.5628711056199797e-07,1.972490371998344,4.541342952092229,0,,0,1
S2_N100,5500890,2.4715564983608016,1.7639526604645501,3.463013300470753,1.4564536874776793e-07,-1.6276927109881296,0.35039299177784533,1.0679526199609458e-05,100,0.0020159676224088575,0.0036892648447485053,True,0.5724544748879745,0.5430876376240426,True,0.4930705234024252,0.6754133447264306,0.00973151622741113,-0.06999999999999995,0.010604820442681719,-0.07,1.4564536874776793e-07,1.7639526604645501,3.463013300470753,0,2.7074418149832415,6.802406811245267e-08,1.8856097502782387,3.8874646147953498,0,,0,1
S2_N100,5500891,2.992722082504226,2.1848031892696302,4.099401496252169,8.611095596530726e-12,-1.444848318556753,0.36369292046851903,0.00013659689752409278,100,0.212872214975652,0.2797726280172168,True,0.0024285457707368713,0.0046179705528314975,True,0.4394912677378815,0.47531896172539423,0.04392646116405989,0.12,0.03619717733690832,0.12,8.611095596530726e-12,2.1848031892696302,4.099401496252169,0,3.2604505416171556,4.583673182966232e-11,2.2933958228410636,4.6352825920658,0,,0,1
S2_N100,5500892,2.681564570883906,1.9691336208758168,3.6517524618880475,3.835492593714739e-10,-1.4741185377096628,0.3272215597618655,1.8530886105511703e-05,100,0.00016234875001542307,0.00048783593946088684,True,0.0002555794584548775,8.982179400730053e-05,True,0.5242078710817071,0.6351280475320946,0.004050711906662556,0.04999999999999993,0.0023134631302174345,0.05,3.835492593714739e-10,1.9691336208758168,3.6517524618880475,0,3.1234163726715156,4.373400261422337e-12,2.262701070881232,4.311541618386657,0,,0,1
S2_N100,5500893,2.9730839819747836,2.122115742373165,4.165290416247566,2.3962677098877144e-10,-1.3063017746567729,0.2757062885681578,7.3837029370762695e-06,100,0.00016084295527259826,9.287171537936845e-05,True,0.001042092968651855,0.00724156006500072,True,0.7716542801126323,0.8544422333954671,0.23404632846303433,0.19999999999999996,0.2436187947749195,0.2,2.3962677098877144e-10,2.122115742373165,4.165290416247566,0,2.9856474907448076,2.024134544861721e-09,2.08811752247794,4.268960364075935,0,,0,1
S2_N100,5500894,2.474316330679362,1.801451204801706,3.398505209548812,2.2076939475864447e-08,-1.0199999999999978,0.32461122387300745,0.0022240462965618614,100,0.0001382889480258438,0.0002553500792166414,True,0.8817337388656842,0.9586684495732887,True,0.38026820712108345,0.584498141667526,0.009449053595541566,0.06999999999999995,0.0041745860708339065,0.07,2.2076939475864447e-08,1.801451204801706,3.398505209548812,0,2.777031476967882,1.5151475322701594e-09,1.993909192561629,3.867730713535016,0,,0,1
S2_N100,5500895,2.1205309851185707,1.509000956702002,2.9798865526736282,1.4892573884149355e-05,-1.4938182895662793,0.31746798866754106,8.411216224936745e-06,100,0.00010212876133834797,6.245200699936665e-05,True,0.0011925208151413712,0.0006271578405584383,True,0.07627037844943871,0.06543220891304655,0.0026684381377813753,-0.040000000000000036,0.002434299697067961,-0.04,1.4892573884149355e-05,1.509000956702002,2.9798865526736282,0,2.286850648090729,1.317205581835551e-06,1.635603384906737,3.197404661137447,0,,0,1
S2_N100,5500896,2.1402614232552253,1.498681949482484,3.056498386102714,2.8481283403093443e-05,-1.4077421844847566,0.3331717823076209,5.394226734315887e-05,100,0.0004507980688056408,0.0001989684163635641,True,0.013225922936996978,0.006608362545000113,True,0.5766088956029533,0.5818104859601922,0.00041893029832926974,0.0,0.0003189975526944323,0.0,2.8481283403093443e-05,1.498681949482484,3.056498386102714,0,2.16339927029481,3.953955935229339e-05,1.4973513737760766,3.1257168388667322,0,,0,1
S2_N100,5500897,2.377187428034661,1.7156940851238713,3.2937224164866485,1.9458697683990052e-07,-0.6657652975378103,0.3317975862756131,0.04758235673078624,100,0.0007840211191202796,0.0002731300248663296,True,0.002507161171081202,0.002216231838504457,True,0.16757414164659623,0.24887705538130112,0.013721908780474296,0.09999999999999998,0.022403999281442665,0.1,1.9458697683990052e-07,1.7156940851238713,3.2937224164866485,0,2.5041185479941723,9.388403471976547e-08,1.787660029021924,3.5077193653198457,0,,0,1
S2_N100,5500898,2.9349213879852996,2.11043882358465,4.081503551485465,1.5651405260651428e-10,-1.8182671121941238,0.3432596895375236,7.350055517287073e-07,100,0.00016927735998885406,0.00015150618926454686,True,0.2789071287520668,0.22008948854301802,True,0.20729581488193627,0.26214613596402636,0.0027998763734002844,-0.040000000000000036,0.002056235912685473,-0.04,1.5651405260651428e-10,2.11043882358465,4.081503551485465,0,2.984441873267399,2.031706702819003e-10,2.1305886329930543,4.1804847528916955,0,,0,1
S2_N100,5500899,3.180262448732081,2.305489596918034,4.386950718118966,1.796024145703576e-12,-1.376675377468061,0.33547398063983946,8.474424787477198e-05,100,0.003940745272404788,0.0041616444630034706,True,0.07839503244813992,0.0358526728085486,True,0.29017186624226443,0.4392301873238963,0.01728209590315672,0.09999999999999998,0.013142638091621925,0.1,1.796024145703576e-12,2.305489596918034,4.386950718118966,0,3.7251616102576377,2.3853470824487457e-13,2.6201551792365483,5.296185940628393,0,,0,1
S2_N100,5500900,2.775202455788135,2.064094182537334,3.7312971160768207,1.3992282369574022e-11,-1.365601864300439,0.30975411314554574,2.689207083966403e-05,100,0.00037061718258689727,0.0002248814768229502,True,0.03500961931474538,0.08163074439856334,True,0.3935071945005587,0.1452997268566295,0.000951593470009119,-0.030000000000000027,0.0006568092743074176,-0.03,1.3992282369574022e-11,2.064094182537334,3.7312971160768207,0,2.8740394921752728,2.5899639807265645e-11,2.107312386561357,3.919733521835206,0,,0,1
S2_N100,5500901,2.3139798433277345,1.6882763716530431,3.1715794909125505,1.8298942589785038e-07,-1.6051758469267985,0.31850994607099054,2.162183163354519e-06,100,1.282439328979343e-06,2.061922321334279e-07,True,0.00010839773920626414,7.601619523869569e-05,True,0.6734932433364464,0.5611684386302149,0.022884008317730704,0.10999999999999999,0.015134161909700263,0.11,1.8298942589785038e-07,1.6882763716530431,3.1715794909125505,0,2.5421244639125185,1.2481061565787865e-08,1.8437318131503164,3.505063341604141,0,,0,1
S2_N100,5500902,2.7868036199595934,2.0335629254216463,3.8190479965647515,1.8312299219175396e-10,-1.1588058928170484,0.35668627339362846,0.001592857347593333,100,0.0008089861128808166,0.0006046322673798954,True,0.004670739191670577,0.0015437495050011016,True,0.5244609095823092,0.41363242594439553,0.0007146978918013604,0.020000000000000018,0.00047626961671360193,0.02,1.8312299219175396e-10,2.0335629254216463,3.8190479965647515,0,3.2564814877447827,1.081316788715716e-11,2.3166241291609055,4.577640173274697,0,,0,1
S2_N100,5500903,2.613927345912124,1.8359566596671653,3.721556352504457,9.788705398078652e-08,-1.8417809517790542,0.3214909442942108,1.1357082076730089e-07,100,0.00045956922783534136,0.00028894638044525933,True,0.023596853859483742,0.024682518302521314,True,0.22026560277976015,0.2309020881064231,0.000643435920241269,-0.020000000000000018,0.0003662222726521399,-0.02,9.788705398078652e-08,1.8359566596671653,3.721556352504457,0,2.64959378257337,9.251102776574511e-08,1.853030959486632,3.788575240316758,0,,0,1
S2_N100,5500904,3.231020297674637,2.376008944574608,4.3937091178983545,7.530263288466637e-14,-1.4940334356874776,0.3262931382231187,1.3883513867504676e-05,100,0.003604498628480522,0.0031939849095105975,True,0.008305692324063793,0.006046822269124058,True,0.3112052432822384,0.2593621204247031,0.02569886843422141,-0.10999999999999999,0.006262954633874739,-0.11,7.530263288466637e-14,2.376008944574608,4.3937091178983545,0,3.460247565558225,1.171617422821694e-13,2.492890604835292,4.802983809930445,0,,0,1
S2_N100,5500905,2.8673446073791196,2.050273460976075,4.010033419421049,7.489251437321265e-10,-1.1740676779463224,0.3311477258218254,0.0006052551082404187,100,0.0004961122404435086,0.0012274923066993085,True,0.02014185967224293,0.011219393347104208,True,0.14408902536262103,0.21727611049615703,0.009238402017736212,0.06999999999999995,0.01528571325814906,0.07,7.489251437321265e-10,2.050273460976075,4.010033419421049,0,3.0072809068900335,1.0117266794848031e-10,2.1538350181605517,4.198900276340108,0,,0,1
S2_N100,5500906,3.7357142013526334,,,,-2.0255571095571074,0.29368382312705016,5.432244714962619e-10,100,0.0005862987854416311,8.876135408819915e-05,True,0.11055049115583054,0.06762638504505429,True,0.8013837789712042,0.8273391220096128,0.0008814636340716809,0.010000000000000009,0.0005536828842662267,0.01,1.7634827588035247e-09,2.518463594464665,5.541299316321542,1,4.404462319298014,1.8061038075297514e-08,2.7255073684209017,7.117679646324186,1,0.0,0,1
S2_N100,5500907,2.5290161523558403,1.789802219903012,3.5735360185346785,1.4405686107022936e-07,-2.1199999999999997,0.33304238772595457,6.463640749385712e-09,100,4.2487529484428865e-05,3.1515180027512806e-06,True,0.03487288237273086,0.033780780531106135,True,0.01568505664392447,0.048687427369500554,0.009231982880186661,-0.06999999999999995,0.006606840468801959,-0.07,1.4405686107022936e-07,1.789802219903012,3.5735360185346785,0,2.855859943061024,4.033982983146653e-09,2.013258483413113,4.051112205201595,0,,0,1
S2_N100,5500908,2.8918301702832974,2.1646824651642356,3.8632371575690865,6.657300622488134e-13,-1.7868212775743402,0.2902310314009159,1.678357025576084e-08,100,1.8569726901519425e-06,6.325826180663483e-07,True,0.04488143653857607,0.0671518991404356,True,0.2637617906333629,0.34106667384484946,0.007456043132484135,-0.06999999999999995,0.006606840468801946,-0.07,6.657300622488134e-13,2.1646824651642356,3.8632371575690865,0,3.4809907627670964,2.5377035601266914e-15,2.555688836360401,4.741303603973281,0,,0,1
S2_N100,5500909,2.550246224856696,1.8676728539877767,3.4822778483444163,3.848263547494525e-09,-1.4147367077296207,0.353341710213596,0.00012203459483775198,100,0.00016877394863550968,2.9736149116315e-05,True,0.09013735713087033,0.039996594307567315,True,0.32331787567008874,0.43376175048478605,0.03138424959224984,0.10999999999999999,0.03091163845108605,0.11,3.848263547494525e-09,1.8676728539877767,3.4822778483444163,0,2.8077555478615577,3.584001753837072e-09,1.992848968947799,3.955889954224553,0,,0,1
S2_N100,5500910,3.437865829227499,2.4346279316516486,4.8545082828126995,2.3143671026705093e-12,-0.8834453444542465,0.3160314110413004,0.0062483701871679,100,0.013606840219605157,0.0055610824582218365,True,0.3054039213443013,0.33714563116986296,True,0.7952961042535718,0.6224939645531062,0.007107255825007406,-0.06999999999999995,0.007531471292339249,-0.07,2.3143671026705093e-12,2.4346279316516486,4.8545082828126995,0,3.6614845105255713,2.841665406404037e-10,2.4462453243771844,5.480426957681352,0,,0,1
S2_N100,5500911,2.952680020626343,2.168761773112614,4.019952496531428,6.094078163749849e-12,-1.2867034433668476,0.31966422617079326,0.00011295111224795127,100,0.0010713845489696769,0.0017994400273105265,True,0.012700989625475716,0.011257864698939357,True,0.4635065826583362,0.5512532148806433,0.001328971442000322,0.019999999999999907,0.0018701602225529644,0.02,6.094078163749849e-12,2.168761773112614,4.019952496531428,0,3.3607445324845404,7.904675002666548e-12,2.37462031773276,4.756383042914664,0,,0,1
S2_N100,5500912,4.4354438229905755,3.1906298199221688,6.165918021597741,7.775912624245176e-19,-1.0849113977777431,0.3335021292433483,0.0015714199360970537,100,3.80946635368835e-06,3.6227767971148717e-07,True,0.029507031856165447,0.034901316883939805,True,0.9548694140249778,0.7265110094323793,0.0012064479627213669,-0.020000000000000018,0.0009326302855561507,-0.02,7.775912624245176e-19,3.1906298199221688,6.165918021597741,0,4.603342428554864,1.691486730148364e-16,3.20181277735828,6.618363717074442,0,,0,1
S2_N100,5500913,1.9626584152027202,1.4211887853791714,2.710426717685038,4.2379633242587255e-05,-0.7175840466739996,0.3232548872512662,0.028756581058849998,100,7.876071200420832e-05,8.343218222119697e-06,True,0.014062518359881634,0.011696419259300138,True,0.312776499369099,0.3574131128594079,0.001440298774997578,-0.030000000000000027,0.0010351788500388907,-0.03,4.2379633242587255e-05,1.4211887853791714,2.710426717685038,0,2.0372399400337637,3.7328115723485217e-05,1.4526028977524579,2.8571790540211666,0,,0,1
S2_N100,5500914,2.636885719447286,1.8363961770911978,3.7863105925425415,1.4991827175009258e-07,-1.5400000000000003,0.3139539392569284,3.7570589476756907e-06,100,0.0013763782707329232,0.00029306518265556923,True,0.02222510933616165,0.039893634397681316,True,0.2522759052529071,0.37531283742850763,0.0003838087637006394,0.0,0.0008849419835679408,0.0,1.4991827175009258e-07,1.8363961770911978,3.7863105925425415,0,2.7392899958197883,5.8990976532718655e-08,1.9029798143491734,3.9431367714032604,0,,0,1
S2_N100,5500915,2.488139998641113,1.777498312861052,3.482895374945843,1.0842931647440159e-07,-1.7943003479688788,0.33019878289376897,4.09573255678707e-07,100,8.126372376119091e-05,0.0002861020000419871,True,0.5370813715632621,0.4616913076219109,True,0.6579321905980406,0.6653168246273928,0.005673270284304637,0.05999999999999994,0.0031123090009573516,0.06,1.0842931647440159e-07,1.777498312861052,3.482895374945843,0,2.7918365930126585,2.56626267163165e-07,1.8892410247567435,4.12565229102418,0,,0,1
S2_N100,5500916,3.123871576282559,,,,-1.0847597714674588,0.3318797507309449,0.0014962273748250316,100,1.1428076132898618e-05,2.2882546188651744e-06,True,1.9665098067954665e-05,3.8391703549546555e-05,True,0.020446610153574577,0.019707137123557508,0.0043408084562389536,0.06999999999999995,0.005737246717089491,0.07,5.416474850438454e-08,2.1278025575349138,4.586221400359396,1,3.515874890777096,2.35532531713209e-09,2.4051338306799526,5.139579382201025,1,0.0,0,1
S2_N100,5500917,2.943977138863493,2.099921115468462,4.127298559125825,3.757380635198585e-10,-1.3844282350238348,0.36660871196178235,0.00027444196344353545,100,6.265908963237143e-05,8.223085404260109e-05,True,0.06700748042874695,0.08864984804461813,True,0.7727042476178188,0.9861828506784396,0.0011741798564596747,0.020000000000000018,0.0007583120208675348,0.02,3.757380635198585e-10,2.099921115468462,4.127298559125825,0,2.9507044038378694,1.2441773610236318e-09,2.0811372967184054,4.18360503776329,0,,0,1
S2_N100,5500918,1.8873588188872337,1.3342319725446548,2.6697930978506776,0.00033128662484455086,-1.2797504034427114,0.361703668581865,0.0006203195246444511,100,0.009757302002940447,0.005986514324992064,True,0.1397624303902104,0.13941181566495792,True,0.5105450052804744,0.4479038404171206,0.00026742479280351017,0.0,0.00010183727369989881,0.0,0.00033128662484455086,1.3342319725446548,2.6697930978506776,0,2.0555885533935503,0.0001479600853969014,1.4167547126257642,2.9824812038290642,0,,0,1
S2_N100,5500919,2.0822302271616344,1.5390251307578209,2.817161742362639,1.9804248361192847e-06,-1.2471862498743584,0.33777669110651715,0.0003672855877040919,100,1.1147664948559987e-05,3.6393124704528833e-06,True,0.002599883645107682,0.000724012527659391,True,0.9959002350043192,0.7686268318007471,0.021730546995128563,-0.08999999999999997,0.01435067668493556,-0.09,1.9804248361192847e-06,1.5390251307578209,2.817161742362639,0,2.1507621827394385,1.5284014255731487e-06,1.5739748778356457,2.9389147386284633,0,,0,1
S2_N100,5500920,3.418289442439468,2.4995703905303834,4.674684400391601,1.4018836675241646e-14,-1.7399999999999998,0.358700422466967,4.686273292146052e-06,100,6.789183212240266e-05,4.9808004262507476e-05,True,0.04713492282583864,0.043615059651696916,True,0.6068377148971938,0.4230715830553695,0.011672121679334877,0.07999999999999996,0.007586685277812996,0.08,1.4018836675241646e-14,2.4995703905303834,4.674684400391601,0,4.0891848144093155,9.138380462811579e-16,2.900649356198048,5.764720375686131,0,,0,1
S2_N100,5500921,2.1441440316137355,1.5809439925940332,2.907980073830071,9.295900069108571e-07,-1.1158784039164162,0.28333390879935405,0.0001545602048134697,100,3.729523592669549e-05,6.954679240041155e-06,True,0.0069531617144891,0.002999961264099028,True,0.6141004963320891,0.7319652497671845,0.0100707721317734,0.06999999999999995,0.01171867002513968,0.07,9.295900069108571e-07,1.5809439925940332,2.907980073830071,0,2.275597545533426,2.159562126638445e-07,1.6676785775730687,3.105121249907562,0,,0,1
S2_N100,5500922,2.037389524267279,,,,-1.7350232845200018,0.3007940366263045,9.551707903206155e-08,100,0.004486867210701008,0.018389545494209326,True,0.1011135623153273,0.060586203667141514,True,0.31657953106481584,0.45062165118257524,0.0006654433756843299,-0.010000000000000009,0.00026343889354967713,-0.01,8.863056324807322e-05,1.4422903315102271,2.8780308533633234,1,1.9888985417733744,0.0006700866426159902,1.3487594432193286,2.93285613632215,1,0.0,0,1
S2_N100,5500923,2.5556105782751826,1.8393872052823887,3.5507180918926364,2.2431518338986494e-08,-1.9707470817120634,0.29830804229287355,2.121808605569098e-09,100,3.9238741752193494e-05,3.9293149553699755e-06,True,0.005347030510790472,0.00294256728794499,True,0.15401360043219225,0.1365123571249111,0.0007246049067521006,0.0,0.0007409807452360707,0.0,2.2431518338986494e-08,1.8393872052823887,3.5507180918926364,0,3.077370988208409,6.873577612307118e-10,2.1531715668793865,4.398261775670796,0,,0,1
S2_N100,5500924,2.3204027485982093,1.7098805223958897,3.1489152868749395,6.535329249025175e-08,-1.644399901421177,0.24988300299275767,2.3916502505483146e-09,100,0.008667701402423575,0.003370259172462527,True,0.011742534316813632,0.024312963493227407,True,0.7302034471651588,0.7502024801159367,0.0006396932127284235,-0.020000000000000018,0.001130375263271851,-0.02,6.535329249025175e-08,1.7098805223958897,3.1489152868749395,0,2.3642458296810918,8.911396496252679e-08,1.7247661787772335,3.2408209367412346,0,,0,1
S2_N100,5500925,3.2734628308900273,2.3944046623357633,4.475249766163347,1.0662841572789902e-13,-0.9268409014571093,0.34613331376020445,0.008706341119285988,100,0.006604283313573833,0.0060198939327243345,True,0.0001791033800606789,0.0005726336580032685,True,0.5314914002215557,0.42084386116020067,0.0044880460633976655,0.050000000000000044,0.0043583570531188,0.05,1.0662841572789902e-13,2.3944046623357633,4.475249766163347,0,3.4937226069770695,5.306957246729338e-12,2.448506580724787,4.9851193991439064,0,,0,1
S2_N100,5500926,2.5675491362089,1.8524840794472215,3.55863169891004,1.497870000883659e-08,-1.3178151625332402,0.327998329508806,0.0001160410058425763,100,7.762559736258057e-06,1.0987018419839804e-05,True,0.09029859928595932,0.07145192015652636,True,0.00014650666517778218,0.00014640308931622797,0.0008431683580665801,0.010000000000000009,0.0008339226551137527,0.01,1.497870000883659e-08,1.8524840794472215,3.55863169891004,0,2.6583830824533266,7.559775836976989e-08,1.8614452328877875,3.796512778466508,0,,0,1
S2_N100,5500927,3.447152909947208,2.52473479596973,4.7065787676100825,6.7613949928935e-15,-1.271692109806046,0.3340855789411126,0.00024690430598581404,100,0.00044822853001214046,0.0005028219649116862,True,0.0402367688431903,0.03166571902953411,True,0.5106550922418192,0.6182422351898176,0.21286188744561033,0.19,0.23029223559778242,0.19,6.7613949928935e-15,2.52473479596973,4.7065787676100825,0,3.765813161478973,1.7547200951486746e-14,2.6832222671325074,5.285193455972437,0,,0,1
S2_N100,5500928,3.8239875474231457,2.7750377283887318,5.269434938939645,2.4209953934006003e-16,-1.6342093944538767,0.33677404744970674,4.654168540849109e-06,100,0.003018259659802231,0.0098041139678922,True,0.0002500902815016787,4.371962396333985e-05,True,0.8998093076449056,1.0,0.0005445940132523276,0.010000000000000009,0.0003442474922855943,0.01,2.4209953934006003e-16,2.7750377283887318,5.269434938939645,0,4.290838072570199,7.698579092150147e-18,3.079292957476646,5.979064551268039,0,,0,1
S2_N100,5500929,2.1385478756525136,1.551414009387587,2.947883020769679,3.454480741958098e-06,-1.573892897835171,0.326018913061359,5.148625368443405e-06,100,0.00037815930154477644,0.000152119385299711,True,0.00721940254380019,0.003369492814485272,True,0.2094121787975478,0.2811276278419479,0.0015687256856983264,-0.029999999999999916,0.0015270756526480373,-0.03,3.454480741958098e-06,1.551414009387587,2.947883020769679,0,2.3003170870877336,2.4082876211584834e-06,1.6271253490563018,3.252028925870235,0,,0,1
S2_N100,5500930,2.1376659703893153,1.5883423416015006,2.876971595653001,5.355634134594877e-07,-1.6077980414003397,0.32214741436205147,2.644290020177234e-06,100,0.0024717470897790473,0.0014213464930543384,True,0.057789545836299736,0.0626520302842383,True,0.17966936682545576,0.20044020428675846,0.0037328752658233556,0.04999999999999993,0.0043583570531188,0.05,5.355634134594877e-07,1.5883423416015006,2.876971595653001,0,2.507168678443627,2.5236552627555805e-09,1.853143352872936,3.3920175535388095,0,,0,1
S2_N100,5500931,3.024068168287962,2.1727066452590367,4.209030384477981,5.383641854526986e-11,-1.267568836327523,0.3328555779069359,0.0002454524860152443,100,7.893676596875191e-06,1.2262545693334187e-05,True,0.04512503008334873,0.09115632653394853,True,0.1954462850331009,0.18423836299749086,0.057881035549154615,-0.13,0.05231868733399292,-0.13,5.383641854526986e-11,2.1727066452590367,4.209030384477981,0,3.395333781258913,1.4772319551885565e-12,2.4201780220144493,4.763406402873747,0,,0,1
S2_N100,5500932,2.977793596504315,2.241599130243372,3.9557718343776203,5.0453102490940206e-14,-1.2000000000000004,0.3392173105977748,0.0006214910423227216,100,9.458496220303878e-05,0.00015101973556423814,True,0.3584666854716133,0.19244308542758604,True,0.49395300102174877,0.5470257983001969,0.01892318983976932,-0.09999999999999998,0.013142638091621925,-0.1,5.0453102490940206e-14,2.241599130243372,3.9557718343776203,0,3.4068860737009494,2.829912001290276e-14,2.4841275035295944,4.672414239078204,0,,0,1
S2_N100,5500933,3.06559303269961,2.1956201003305655,4.280276283097189,4.763371277040689e-11,-2.2463904496840486,0.3211775504086048,3.430879730805963e-10,100,4.323086774092844e-05,5.700864539186032e-05,True,0.005901719159859737,0.003342068042862636,True,0.479647695681776,0.49746420978453665,0.0030140047686526617,0.06000000000000005,0.0025849860657275753,0.06,4.763371277040689e-11,2.1956201003305655,4.280276283097189,0,3.296513909029958,2.0430416605784425e-11,2.3258043569670424,4.6723637436981384,0,,0,1
S2_N100,5500934,2.6150258150020758,1.8794605728747613,3.6384695224904546,1.1683486331423365e-08,-1.9800000000000004,0.35343998432983087,1.9790075072059736e-07,100,0.00046161064718123606,0.00011491389072218449,True,0.06620686525393576,0.04768895332342507,True,0.7881932201518628,0.9503204382987442,0.007830390319561885,-0.07999999999999996,0.009850482882971747,-0.08,1.1683486331423365e-08,1.8794605728747613,3.6384695224904546,0,2.6747481926078907,8.61687211896386e-09,1.9133206545004724,3.7391944089617364,0,,0,1
S2_N100,5500935,2.3072829086925633,1.643266942379429,3.2396163297950715,1.3766476794852336e-06,-1.1740330152960778,0.3592086952929413,0.001496920202350733,100,0.0016362854689617084,0.002182316698501602,True,0.535504934188294,0.4247893528521095,True,0.9661598819608614,0.7858353651346701,0.00973876804447722,0.06999999999999995,0.007531471292339249,0.07,1.3766476794852336e-06,1.643266942379429,3.2396163297950715,0,2.4774069786715964,5.695127523266508e-07,1.7361718928256225,3.5351023497920258,0,,0,1
S2_N100,5500936,3.4142499439897445,2.4790732151716135,4.702201858619578,5.503362921144343e-14,-2.1229382818521385,0.3750912900492453,1.5380696360498814e-07,100,0.0003543184882843749,0.00031797009913519077,True,0.018786310675361073,0.04018881836586491,True,0.17426374200068484,0.12734882496007044,0.0018493931730393703,-0.030000000000000027,0.0010351788500388907,-0.03,5.503362921144343e-14,2.4790732151716135,4.702201858619578,0,3.8809665008496226,3.314008846062872e-15,2.7696611657839454,5.4381745921811095,0,,0,1
S2_N100,5500937,2.87555464073206,2.04390386443051,4.0455985409762,1.3265357924634455e-09,-1.8840726866745987,0.32792509361850236,1.0558057867197799e-07,100,0.008574907749710193,0.015292192491883242,True,0.0032619798420770773,0.0034067619805352293,True,0.3958048457611111,0.39427501299092016,0.0015655248716402172,-0.030000000000000027,0.0015270756526480317,-0.03,1.3265357924634455e-09,2.04390386443051,4.0455985409762,0,3.1526486763548216,2.8543791613191986e-10,2.2064521918870192,4.504604139200285,0,,0,1
S2_N100,5500938,2.385637326568461,,,,-1.3800000000000003,0.3673359360323154,0.00029379786338345706,100,0.0001121028267699035,7.445255121847244e-05,True,0.0052758897433931124,0.005163534110334357,True,0.3847453740998401,0.3521533584273372,0.009284991769036311,0.07999999999999996,0.006550267318579054,0.08,3.0279966165471884e-06,1.6838176457085803,3.3799773202410703,1,2.515552525150703,8.669368153076128e-07,1.775171813233905,3.5647279094996924,1,0.0,0,1
S2_N100,5500939,4.192377983516045,3.0495475415424127,5.763488818338075,1.0830401543332546e-18,-1.4759255715045212,0.3562521100762518,7.331034180125168e-05,100,1.586833025415642e-07,1.599210517760834e-08,True,0.40306183046440225,0.2513304238997369,True,0.30385332974744916,0.2564738658037169,0.04238253567944877,0.12,0.04465584707759909,0.12,1.0830401543332546e-18,3.0495475415424127,5.763488818338075,0,4.3693022104609796,7.558102762109688e-17,3.0893959099217776,6.179461086559986,0,,0,1
S2_N100,5500940,2.4362265819129774,1.7537990342993068,3.3841961606454367,1.0956317211311407e-07,-0.5277233864874524,0.3578580345838348,0.14353897860192674,100,0.003657934030554631,0.005562080889789147,True,0.20580277857518858,0.1159233519598805,True,0.5559839833868931,0.37330278535032213,0.0008968049320598157,0.030000000000000027,0.00028066164831895015,0.03,1.0956317211311407e-07,1.7537990342993068,3.3841961606454367,0,2.345765241524641,1.5135142513905956e-06,1.6572371704877602,3.320354301928685,0,,0,1
S2_N100,5500941,3.1850352490640463,2.2545888090215604,4.499467706567269,4.969368444759605e-11,-1.9578181990431518,0.325593321849523,3.2077630482993895e-08,100,0.04317075625405081,0.034809914930164616,True,0.0018991627079035921,0.0017443126830898128,True,0.14203762945602708,0.2103985751535239,0.028878797621563746,0.10999999999999999,0.02853275918834292,0.11,4.969368444759605e-11,2.2545888090215604,4.499467706567269,0,3.584234949838127,1.6817740891026862e-11,2.4715615152755146,5.19782335832699,0,,0,1
S2_N100,5500942,2.1401289064637647,1.4630026533924714,3.1306516947601857,8.835638179238652e-05,-1.5736215554535473,0.2916450578696212,4.827520598857305e-07,100,0.004098171445825903,0.0036008330961192114,True,0.0002853757235249598,0.00019595902101888357,True,0.5009702253110146,0.7472253067854016,0.007419167652326979,0.06999999999999995,0.004925598122411888,0.07,8.835638179238652e-05,1.4630026533924714,3.1306516947601857,0,2.2372729708181383,6.764762140610441e-05,1.5055299355847906,3.32467008967788,0,,0,1
S2_N100,5500943,2.12581324105653,1.521827329392841,2.9695103042039817,9.76633737030342e-06,-1.1847371671313862,0.3520921203724129,0.001098223307018748,100,2.0951664375347116e-05,9.859911816607924e-05,True,0.039503124268609316,0.04865780360165195,True,0.6535189802824504,0.7952510396055136,0.0012145697319098576,0.010000000000000009,0.0008339226551137527,0.01,9.76633737030342e-06,1.521827329392841,2.9695103042039817,0,2.205913971461116,9.20575058871275e-06,1.55506058439478,3.129174836221054,0,,0,1
S2_N100,5500944,3.562131800776123,2.5805350457730394,4.917113211419077,1.1292476673339424e-14,-1.54616874912256,0.3776427575728213,8.772942092387215e-05,100,9.908583404095763e-05,0.00012850011548117945,True,0.2097003870379861,0.4150439461118357,False,0.03213598525846192,0.026621825804540235,0.001267388010479671,-0.020000000000000018,6.338621491862465e-05,-0.02,1.1292476673339424e-14,2.5805350457730394,4.917113211419077,0,4.435746713405572,1.0403823215921746e-17,3.1549644326248316,6.2364724945943815,0,,0,1
S2_N100,5500945,2.199492106352145,1.5519979101836965,3.1171211598685664,9.394771668043433e-06,-1.4052968991677113,0.32262384911426334,3.2921821435605705e-05,100,8.491133754951235e-05,7.817445178943771e-06,True,0.005771898007050771,0.0013595287863754685,True,0.8986909837475225,0.9972380101323175,0.024569225686122582,-0.09999999999999998,0.01853976561525995,-0.1,9.394771668043433e-06,1.5519979101836965,3.1171211598685664,0,2.529409065401719,1.7257327844438995e-07,1.7860364336159538,3.5821834872558496,0,,0,1
S2_N100,5500946,2.363546921093638,1.6697264336331978,3.3456702461466903,1.2257477279086103e-06,-1.2829969600931364,0.34137054515794885,0.00029217354327172633,100,0.0007417130296117332,0.002308796545309394,True,0.002379911997239946,0.0023026858017083708,True,0.12246622247960806,0.2231964011682096,0.006506381805837933,0.06999999999999995,0.0041745860708339065,0.07,1.2257477279086103e-06,1.6697264336331978,3.3456702461466903,0,2.541024859760647,1.4757387557585335e-06,1.7383256912052134,3.714382966660862,0,,0,1
S2_N100,5500947,3.957653220743245,,,,-1.7800000000000002,0.3617253444118354,3.524023965494369e-06,100,0.0006163727410517419,0.0006290836403529417,True,0.4847723890050806,0.4941519306400878,True,0.7614511584318663,0.8517322770023038,0.0010345131232338423,0.0,0.0005006636919721179,0.0,9.59858539171043e-13,2.835403041575564,5.524089092799951,1,3.980934541266943,6.241473765510462e-11,2.7393174857547335,5.785324229216121,1,0.0,0,1
S2_N100,5500948,2.3287654983602497,1.7402733337191922,3.1162626245401825,1.2868999892110445e-08,-1.723007907767348,0.34834999339785894,3.17694744535616e-06,100,0.0002763184278952407,1.1376417969190848e-05,True,6.165997748588425e-05,3.8487734295336225e-05,True,0.7623846210301881,0.664407204357734,0.0025268428524674764,0.030000000000000027,0.0028684449701893836,0.03,1.2868999892110445e-08,1.7402733337191922,3.1162626245401825,0,2.649998560574432,6.867018065704716e-10,1.9443666918749263,3.6117119267636024,0,,0,1
S2_N100,5500949,2.4200480545993996,1.7764044337809266,3.296902707062598,2.11595537903239e-08,-0.7999999999999984,0.33686890105031286,0.019525633670461985,100,0.013810547964202153,0.014455007660416184,True,0.1466850519846812,0.1365099770433507,True,0.17293784177795413,0.12740336762583174,0.05797877960310312,-0.13,0.06517948558158926,-0.13,2.11595537903239e-08,1.7764044337809266,3.296902707062598,0,2.4759935973102682,8.273004894898477e-08,1.7774520330908223,3.449063141952136,0,,0,1
S2_N100,5500950,2.7646321917254064,1.930942050077747,3.9582706043491465,2.8021431157447148e-08,-1.035392643284859,0.3020902120982983,0.0008954552206294885,100,0.0015513979662165403,0.0008972029811415654,True,0.0001408731837916364,0.00014918058117003831,True,0.9704057466479922,0.9889429661917122,0.028971607649071033,0.10999999999999999,0.0261818399591472,0.11,2.8021431157447148e-08,1.930942050077747,3.9582706043491465,0,2.8762799200886158,6.956057976400841e-09,2.0117132344326585,4.112408288171407,0,,0,1
S2_N100,5500951,3.276954740908279,2.3447972487762883,4.579684823310612,3.650061350077527e-12,-1.2248862810841021,0.3566247325749514,0.0008744283021821618,100,0.00030274793345493273,0.0004761387056435253,True,0.024498978023407055,0.026414041348753664,True,0.3090973719544099,0.2285186665754415,0.028098868470945733,0.09999999999999998,0.026418068385658276,0.1,3.650061350077527e-12,2.3447972487762883,4.579684823310612,0,3.271915049159435,3.1536767662449296e-11,2.3058290643538144,4.642767434244342,0,,0,1
S2_N100,5500952,2.9189621625660473,2.144409112117322,3.973281058332913,9.846242742217855e-12,-1.0984977355157588,0.32519903262505606,0.0010525907548890458,100,9.781200214291711e-05,1.366158645484138e-05,True,0.026456726305030015,0.02919978546749693,True,0.14064188723387244,0.3110638923694713,0.019925593854070216,0.09999999999999998,0.014878354575793533,0.1,9.846242742217855e-12,2.144409112117322,3.973281058332913,0,3.367928601391648,2.280232310587558e-12,2.3990782266637267,4.728042186371698,0,,0,1
S2_N100,5500953,3.0599498380477455,2.167591980312686,4.319675057119248,2.0478735983176677e-10,-0.5199999999999995,0.3443284241432958,0.13424670853815893,100,0.0038416106928890414,0.003815054245321696,True,0.015101642703345719,0.00758270380512456,True,0.7628551603357626,0.7393996112036927,0.054690437190936005,0.13,0.05231868733399284,0.13,2.0478735983176677e-10,2.167591980312686,4.319675057119248,0,3.3634651966438263,2.1785397473615196e-11,2.35795721777381,4.797753769135389,0,,0,1
S2_N100,5500954,2.4439129760397336,1.7289540471254796,3.4545224868095725,4.1773044419950023e-07,-1.7668181560390952,0.34269929838978475,1.334371706207978e-06,100,8.524315320943828e-06,6.872385370354705e-06,True,0.9651064286055963,0.6165740721271805,True,0.44461959347136415,0.4332596999965477,0.034855740114168705,0.09999999999999998,0.01853976561525995,0.1,4.1773044419950023e-07,1.7289540471254796,3.4545224868095725,0,2.52379480881232,9.88289422821699e-07,1.741954350341792,3.6565483106593666,0,,0,1
S2_N100,5500955,2.9725190764182905,2.1083027592435513,4.190987096578536,5.114743241590424e-10,-1.4302170214531738,0.33136404934125335,3.82893564019507e-05,100,0.0005545796414689094,7.375454312787658e-05,True,0.0031699306404287544,0.0006282034473987164,True,0.4519051755903686,0.7187603840148415,0.0005273616899567337,-0.010000000000000009,0.001882139237311611,-0.01,5.114743241590424e-10,2.1083027592435513,4.190987096578536,0,3.168772671492667,3.205606780377149e-10,2.2119537460419743,4.539480204577583,0,,0,1
S2_N100,5500956,2.465285547402145,1.7659765744482756,3.4415138446152165,1.1506287802413486e-07,-1.6815701201775237,0.3629306281332536,1.1199952886377035e-05,100,9.606673851716909e-05,4.371361687290117e-05,True,0.053362681589904766,0.02778977882459546,True,0.6598803240028084,0.8437572569819607,0.011418349189778602,0.09000000000000008,0.006291268101550735,0.09,1.1506287802413486e-07,1.7659765744482756,3.4415138446152165,0,2.5147195223113696,4.287033463708708e-07,1.7588615200798716,3.595402027788266,0,,0,1
S2_N100,5500957,3.100257745158924,2.087534929902716,4.604281321829579,2.0558029720151293e-08,-1.6122874963262903,0.3403216751927007,7.397895706030557e-06,100,0.0006426221235925039,0.0005036081425040161,True,0.04546418473352942,0.05074341422807231,True,0.33617140337821994,0.3618815500090179,0.03421219240861652,-0.10999999999999999,0.017217605894420323,-0.11,2.0558029720151293e-08,2.087534929902716,4.604281321829579,0,3.207419986311394,3.5919317253231594e-08,2.1188743641184224,4.855192522408006,0,,0,1
S2_N100,5500958,3.0686886217872495,2.240878984861598,4.202301829372609,2.743929593347404e-12,-0.9687387470997673,0.40462238968216335,0.018579935136243113,100,2.602137938622854e-06,8.208460124366224e-07,True,0.24625223916413785,0.3248763673173589,True,0.5953285314319617,0.6037000830835377,0.04704024685202829,-0.14,0.0379881324110378,-0.14,2.743929593347404e-12,2.240878984861598,4.202301829372609,0,3.4461262534458816,1.7659088271588645e-12,2.4433563961963807,4.860439587600159,0,,0,1
S2_N100,5500959,2.153273138503602,1.5365342409084453,3.017560615024019,8.40230058888171e-06,-1.4,0.3572136481620671,0.00016554791615203197,100,0.0020307847837519035,0.0013867350736125868,True,0.007635608008344252,0.0036458306423741435,True,0.21814792216593926,0.2836246064503829,0.003909990437537779,-0.040000000000000036,0.004304137334698133,-0.04,8.40230058888171e-06,1.5365342409084453,3.017560615024019,0,2.2819864302439377,4.497645613784092e-06,1.604017309531791,3.2465123891571457,0,,0,1
S2_N100,5500960,2.6671270955055344,1.9040639548728027,3.7359916012143595,1.1618408382106976e-08,-2.164895206122856,0.30804830637422875,2.9262570515965165e-10,100,7.966830365643227e-05,3.250340255604205e-06,True,0.0072897436445181615,0.0018460867925238823,True,0.655929358300452,0.8271907867060756,0.0016272339680170479,0.020000000000000018,0.0018701602225529644,0.02,1.1618408382106976e-08,1.9040639548728027,3.7359916012143595,0,2.843137157334849,2.030847523992019e-08,1.973496281318628,4.095993983843231,0,,0,1
S2_N100,5500961,2.5423125083853013,1.86082449914022,3.473381231426557,4.6150561256583816e-09,-1.7872432689309001,0.34097525022504577,9.296213636059782e-07,100,0.0035427549382357755,0.0009999621786829223,True,0.00017761704842775495,0.001236253848792569,True,0.47687764514641906,0.43223181389806364,0.0038231234588191653,-0.05999999999999994,0.000751563617164509,-0.06,4.6150561256583816e-09,1.86082449914022,3.473381231426557,0,2.790585308455656,8.107339228303767e-10,2.0113560944403863,3.871699489361284,0,,0,1
S2_N100,5500962,3.0660227967479696,2.1536513249878078,4.364910736064233,5.071181609637131e-10,-1.2664276434561068,0.3108937729259488,9.467527523355651e-05,100,1.3121195102099917e-05,5.593938792832672e-07,True,0.2883120914583964,0.4071545498273531,True,0.47931020258814994,0.4545154508558601,0.0014342118015790968,-0.020000000000000018,0.0018701602225529644,-0.02,5.071181609637131e-10,2.1536513249878078,4.364910736064233,0,3.4332850295512016,1.541200705641371e-11,2.3989394293092072,4.913607217475549,0,,0,1
S2_N100,5500963,3.117060134181896,2.2564263140107226,4.305952212920299,5.3357834822867585e-12,-1.4659667085119923,0.3435878222130533,4.617456619366395e-05,100,0.028830447253806884,0.06464441002031092,True,0.00011399992824321218,2.7962360286581386e-05,True,0.29664093295428917,0.5058927654571563,0.00041265819394824043,0.010000000000000009,0.0003442474922855943,0.01,5.3357834822867585e-12,2.2564263140107226,4.305952212920299,0,3.307654754486226,5.349737550299e-13,2.3900857439779726,4.577484302578295,0,,0,1
S2_N100,5500964,2.3728142850280682,1.6835994871988287,3.3441728119084084,7.997118297291673e-07,-1.6000000000000019,0.3657574209220894,3.065786998966057e-05,100,0.0005367177071672919,0.00010568506647677034,True,0.00239075503297199,0.0007052173921396258,True,0.15408454281932435,0.1620564836195546,0.16992988648549007,-0.18000000000000005,0.13785651936145896,-0.18,7.997118297291673e-07,1.6835994871988287,3.3441728119084084,0,2.7699067685683527,4.399403355681535e-09,1.9710094466144918,3.8926163036606747,0,,0,1
S2_N100,5500965,2.423518175484423,1.7853117202030424,3.28986825126279,1.3719808213539097e-08,-0.4569685230024205,0.37663928429658866,0.2279694163875359,100,0.0008232902030462102,0.0010224887561788773,True,0.002646935973640311,0.006432926151957354,True,0.16812346167563452,0.19187611483277933,0.0007312010266340781,-0.020000000000000018,0.0024885578646206266,-0.02,1.3719808213539097e-08,1.7853117202030424,3.28986825126279,0,2.6285102849886655,7.623714952749881e-09,1.8936694773840304,3.648506986465019,0,,0,1
S2_N100,5500966,2.626318044015651,1.9380205760067353,3.559067717709424,4.752087515817512e-10,-1.9919817632191887,0.2706531698588772,5.988995748546e-11,100,5.540255323044661e-05,4.618886437203055e-05,True,0.03697905202973642,0.01778510512458533,True,0.6425310225965557,0.448288946180758,0.0005321858594259506,0.030000000000000027,0.00019926774154521487,0.03,4.752087515817512e-10,1.9380205760067353,3.559067717709424,0,2.8264385903181877,2.861866719057806e-10,2.0464064575189247,3.903796860827677,0,,0,1
S2_N100,5500967,2.8799296821947915,2.11216749761495,3.9267695311816584,2.284421590074883e-11,-2.0032756845430284,0.3153519924062288,6.86281365295372e-09,100,0.001042273776777109,0.0011307984649005732,True,0.1288008334334151,0.09793821094088254,True,0.1902167625140252,0.14450502554385486,0.0018063150741963402,-0.040000000000000036,0.002848536701698934,-0.04,2.284421590074883e-11,2.11216749761495,3.9267695311816584,0,3.009168267180009,6.515118700660433e-12,2.1973910305172257,4.120838546461044,0,,0,1
S2_N100,5500968,2.9999793337061407,2.2331826522589724,4.0300671302278515,2.9936494879284196e-13,-1.546918809152553,0.32348369303186497,6.1873137318919265e-06,100,0.00012750677819697636,9.767822909528424e-06,True,1.1922308116084555e-05,5.155102661333832e-06,True,0.2793056008386904,0.20370883251841565,0.0014091606298828531,-0.030000000000000027,0.0003827008774990416,-0.03,2.9936494879284196e-13,2.2331826522589724,4.0300671302278515,0,3.185681544180967,1.3220995766998455e-11,2.2774024814665608,4.456202618344359,0,,0,1
S2_N100,5500969,3.3097580709286523,,,,-1.5076626331948715,0.32976764697786154,1.4265524102062412e-05,100,0.0010282632619480487,0.0004452366416084006,True,0.0013410092132842468,0.006780540994020351,True,0.16268984289291177,0.11222057328934153,0.03029690600033645,-0.10999999999999999,0.007785635459740133,-0.11,1.1043302298252031e-09,2.3258798870529156,4.709829836465725,1,3.6081810517671578,1.4598249111742429e-08,2.3891440674189024,5.449219525885067,1,0.0,0,1
S2_N100,5500970,1.7427383786522335,1.2817931725057945,2.36944393336881,0.000394258285393458,-1.5602175221736165,0.333428552399888,9.332407092474273e-06,100,6.61626484199414e-05,3.264559765084712e-05,True,0.00011434064645616045,0.0001522869407879579,True,0.24512478276008764,0.3024866042423935,0.00040581679380164457,0.020000000000000018,0.0009326302855561507,0.02,0.000394258285393458,1.2817931725057945,2.36944393336881,0,1.7626151749545298,0.00061651833281079,1.2742719058146268,2.4381077859468614,0,,0,1
S2_N100,5500971,2.0331364378403056,1.4719301993946303,2.808315079460994,1.664870898455087e-05,-1.1799999999999977,0.3511982397710115,0.0011158867720656147,100,0.0006847620405865515,0.0015441034454806663,True,0.004187262489836591,0.004645263882957516,True,0.07860852753248414,0.1396463270929399,0.061687668854869246,0.14,0.05755214548419541,0.14,1.664870898455087e-05,1.4719301993946303,2.808315079460994,0,2.232101922994259,2.3199380573193385e-06,1.5996108200765118,3.11468197895558,0,,0,1
S2_N100,5500972,2.3080147864712104,1.645457751934543,3.237355835059844,1.2681653149628441e-06,-1.3696354389098118,0.3497762447003643,0.00016761913707134926,100,6.744491120283252e-05,7.725334761676097e-05,True,0.00024978752392789663,0.000411308917490374,True,0.26477120977101376,0.3511531662416545,0.0014341281373689504,0.020000000000000018,0.0002749606563079884,0.02,1.2681653149628441e-06,1.645457751934543,3.237355835059844,0,2.544849892595687,7.830075007688306e-07,1.7567083654599895,3.6865885671060075,0,,0,1
S2_N100,5500973,2.8678804166238727,2.1393888338300715,3.8444334914706744,1.8362076839798358e-12,-1.446112880664678,0.3057245618226827,7.620941553491058e-06,100,0.00022231758900675356,0.00043803506324880645,True,0.0006923189066231817,0.0007201003923179234,True,0.7390202352462808,0.6351977199886438,0.00036145761617117623,0.0,0.0007409807452360707,0.0,1.8362076839798358e-12,2.1393888338300715,3.8444334914706744,0,3.633081037557476,9.374070162881141e-16,2.6521893426728576,4.976747931638082,0,,0,1
S2_N100,5500974,2.8007218712119273,1.9813965345026057,3.958845623929562,5.456693190103051e-09,-1.210736482787492,0.3366115348681529,0.0005089790134364662,100,0.0007369599997319927,0.0012879631584248315,True,0.006722544285999996,0.0036195539771093086,True,0.2664718832683216,0.33958270241581334,0.007628984957487963,-0.06999999999999995,0.005737246717089491,-0.07,5.456693190103051e-09,1.9813965345026057,3.958845623929562,0,2.970092692203528,1.1754425842432902e-08,2.043144599051648,4.317585061955669,0,,0,1
S2_N100,5500975,2.958766207624467,2.102466714827755,4.163822147404445,4.881210434012201e-10,-1.7515809523809516,0.3023980079667906,8.584496568082464e-08,100,0.0012952288717764551,0.0002579682449088179,True,0.0015790375560703878,0.0002522273436034883,True,0.3060161940015548,0.33969364368792554,0.0022455662466655717,-0.040000000000000036,0.0017144240573671004,-0.04,4.881210434012201e-10,2.102466714827755,4.163822147404445,0,3.4730321341946255,1.5812045989911305e-11,2.418124343468233,4.988143904894663,0,,0,1
S2_N100,5500976,2.360749228146666,1.7173283285633376,3.2452367002280744,1.2181080937438565e-07,-1.2941391140433542,0.35979576181758327,0.0005089178304298139,100,7.98145334642652e-05,7.871502932287867e-05,True,0.009708454503387332,0.014762510484076978,True,0.442069274259013,0.7947797796164021,0.0011381962086204221,-0.040000000000000036,0.002056235912685473,-0.04,1.2181080937438565e-07,1.7173283285633376,3.2452367002280744,0,2.5947188676944766,2.3989162579424613e-08,1.8563238186945217,3.6268273533787063,0,,0,1
S2_N100,5500977,3.19694994641485,2.298908652048589,4.4458003804432575,4.929653155551889e-12,-1.119174817128297,0.3679112366906478,0.003023381380441532,100,6.678985690939618e-07,2.9435530528470935e-08,True,0.004627561034649814,0.00858167239118006,True,0.6267013298253561,0.6721480796588563,0.002721659203598837,0.040000000000000036,0.004858021180771275,0.04,4.929653155551889e-12,2.298908652048589,4.4458003804432575,0,3.4849349075285274,3.860731155498131e-12,2.4497328022889353,4.9575901903927075,0,,0,1
S2_N100,5500978,1.989747597811448,1.476922125027599,2.6806393078595425,6.058215906673933e-06,-0.9799999999999993,0.33424010832594864,0.004200884288611091,100,0.00010710268005912665,2.4635393667036303e-05,True,0.81840067426203,0.5662432029332327,False,0.051180820706215956,0.06196901290256565,0.0009418970833951835,0.009999999999999898,0.0005536828842662267,0.01,6.058215906673933e-06,1.476922125027599,2.6806393078595425,0,2.126392666226448,2.176290627100581e-06,1.5561790137624283,2.905543469610043,0,,0,1
S2_N100,5500979,3.127953177119792,2.233140968193649,4.381313682211468,3.2905681757546436e-11,-1.0737572603804546,0.33127034790020016,0.0016309955193431085,100,2.3696634441417725e-06,3.611561075212472e-07,True,0.002080439929117905,0.002173032187280869,True,0.31589401433526165,0.18626350081415222,0.0005151229330497665,-0.009999999999999898,0.0003442474922855943,-0.01,3.2905681757546436e-11,2.233140968193649,4.381313682211468,0,3.12825953435345,1.0735118808910777e-10,2.2127885178157296,4.422477627429643,0,,0,1
S2_N100,5500980,3.22547366593086,2.4175304295260207,4.303433058194513,1.7135889081665467e-15,-1.9262317752578129,0.32572159546228296,5.0049811232223854e-08,100,0.0011118339146828702,0.0007783449817967689,True,0.03985507017010619,0.039176600974222625,True,0.47369166561853104,0.4101679600053625,0.005264142958871529,-0.050000000000000044,0.00862108014375106,-0.05,1.7135889081665467e-15,2.4175304295260207,4.303433058194513,0,3.7399149226521766,3.271396410207503e-15,2.6938757320421156,5.192133943785707,0,,0,1
S2_N100,5500981,2.1538683613244234,1.5826879711934283,2.931183532289185,1.0593668481212479e-06,-1.6709598205800742,0.3998243626044758,6.40639260530362e-05,100,0.0006702293829767058,0.0021383976592415778,True,0.03591687842422493,0.09424795240715146,True,0.9671919187745125,0.8329019441131933,0.002391242842971578,-0.040000000000000036,0.0017144240573671004,-0.04,1.0593668481212479e-06,1.5826879711934283,2.931183532289185,0,2.275216686198754,9.424184922069078e-07,1.6379938758807906,3.1603359727908913,0,,0,1
S2_N100,5500982,1.8164659984238731,1.3199946226530008,2.4996683068287173,0.00024800060753692475,-0.8637380918926517,0.3179199743358651,0.007805702732713275,100,0.0010073102431978145,0.00027346785941339234,True,0.007051989704910048,0.006506333783101587,True,0.18113373462113602,0.32266784943694216,0.003685075501652526,-0.050000000000000044,0.004974576271199278,-0.05,0.00024800060753692475,1.3199946226530008,2.4996683068287173,0,1.895810600604546,0.00036083645063698586,1.3340205862754315,2.694184685259802,0,,0,1
S2_N100,5500983,3.3183067154591077,2.4088831988382857,4.571064077814683,2.1384778486501758e-13,-1.6118952844685552,0.32813385335462414,3.6492767634658626e-06,100,0.06946439240389446,0.05660968002747461,True,0.0016631618605024003,0.0007122933523439484,True,0.02626701944413947,0.05386918039386039,0.0219678396439423,0.10999999999999999,0.015134161909700265,0.11,2.1384778486501758e-13,2.4088831988382857,4.571064077814683,0,3.6137155058601484,2.3726463065869938e-12,2.523285382221362,5.17537169965202,0,,0,1
S2_N100,5500984,2.6133503274326855,1.9075258188950492,3.58034468851836,2.225009678523275e-09,-0.8538809793292423,0.3151696543409934,0.007972913543883381,100,0.0003897739812750473,8.642176348567044e-05,True,0.016698191776190134,0.005972318683409229,True,0.7461326244687561,0.6598272429638657,0.0023540233655406076,0.020000000000000018,0.0015987147049700554,0.02,2.225009678523275e-09,1.9075258188950492,3.58034468851836,0,2.86160657445486,7.873037761393291e-09,2.002344792871626,4.089601459306852,0,,0,1
S2_N100,5500985,2.437279733602362,1.764299935645624,3.3669629408306987,6.5271285234141e-08,-1.6986591913336802,0.3513336620046122,4.999238497303079e-06,100,0.0015808401397550502,0.00398475905947154,True,0.003902819358781445,0.00043396302848874944,True,0.08890524507769812,0.06279598949240998,0.0007921317269068267,0.0,0.000613104509899044,0.0,6.5271285234141e-08,1.764299935645624,3.3669629408306987,0,2.367447066998268,6.226785016435638e-07,1.686923950911449,3.322500467202693,0,,0,1
S2_N100,5500986,2.3890181906427004,,,,-0.7199999999999999,0.3322846332667989,0.03269792151083954,100,0.0025534967405207404,0.012767016184647526,True,0.028573820481983824,0.09038874909672548,True,0.901807592676946,0.6749635173327122,0.004729445463901523,-0.04999999999999993,0.000965641519380408,-0.05,1.6721637218725656e-05,1.6308946842220216,3.499556391002833,1,2.5412176908712953,1.0431736659698923e-05,1.7063210442463606,3.7846262133217037,1,0.0,0,1
S2_N100,5500987,2.264195302029575,,,,-1.4667080932097216,0.33425792597073956,2.9116820309996827e-05,100,0.0001244658711926401,0.0007247903188965517,True,0.00011520886813745937,0.00015209845051835586,True,0.6245298534395279,0.5728066955407423,0.0008118498934269432,0.010000000000000009,0.0021545658645016836,0.01,0.0003102618949089287,1.4673460728379897,3.493777276288677,1,2.4750057381868316,0.0001207846914913986,1.579439475271505,3.8783717261497124,1,0.0,0,1
S2_N100,5500988,2.93031239055415,2.106002650884044,4.077264908774306,1.7796453475307463e-10,-0.8524391978381444,0.3769541673615922,0.02596851656873725,100,0.0005109126468728044,0.0001593950104758066,True,0.006448059922716741,0.005954524546560189,True,0.971036505989569,0.9086562198277968,0.0007693091996561345,0.029999999999999916,8.904073040843644e-05,0.03,1.7796453475307463e-10,2.106002650884044,4.077264908774306,0,2.9079133000827277,2.1603275494979707e-08,2.001205455054652,4.2254330955574435,0,,0,1
S2_N100,5500989,2.256316446091627,1.665211354152672,3.057247893612906,1.5200285345717765e-07,-1.3454965570007644,0.3132385580814189,4.1416289612286875e-05,100,0.0004661562007876917,0.00042368611826186324,True,0.03663362848353392,0.057398460352130656,True,0.33099170156470303,0.5198287049476265,0.008684892663594594,0.07000000000000006,0.008508093630497846,0.07,1.5200285345717765e-07,1.665211354152672,3.057247893612906,0,2.45286732083278,9.408585345749313e-08,1.7643756701340192,3.4100210037198995,0,,0,1
S2_N100,5500990,3.561403466501918,2.485343560960287,5.103356674886103,4.5137430048533964e-12,-1.6556087756062103,0.34747302722636986,6.6342503164970905e-06,100,0.00011429012135578819,0.001261428667345521,True,0.004334077533454468,0.001430802372282592,True,0.7167685091117386,0.4075919875216997,0.0005067546586091272,0.029999999999999916,0.0003827008774990416,0.03,4.5137430048533964e-12,2.485343560960287,5.103356674886103,0,3.928954663415109,1.822469273179754e-14,2.7686649161255423,5.575497654939538,0,,0,1
S2_N100,5500991,3.135646687927536,2.197243009222941,4.474826002513091,3.00714696080306e-10,-1.2189281641961225,0.3186251691526585,0.00023085612136436296,100,0.0011670395284492342,0.0017587018471351388,True,0.09381937508786242,0.0966197370344993,True,0.4132104232057845,0.4122267132994697,0.010520488489531845,0.06999999999999995,0.011718670025139686,0.07,3.00714696080306e-10,2.197243009222941,4.474826002513091,0,3.6701671769946724,5.121670923544567e-11,2.4897789538590067,5.410169881230285,0,,0,1
S2_N100,5500992,3.2113828441246457,2.3375892140179957,4.411801573045205,6.00646942870877e-13,-1.2200000000000006,0.3493526247994987,0.0007230946003798243,100,1.6230509235127428e-06,1.708869344872031e-07,True,0.2172403314169512,0.20358922836926052,True,0.6614198815344832,0.6279476957756065,0.02610674013394569,0.09999999999999998,0.03472494272113015,0.1,6.00646942870877e-13,2.3375892140179957,4.411801573045205,0,3.0766787602865002,1.5383814716485368e-11,2.219417271561106,4.265061967072041,0,,0,1
S2_N100,5500993,2.2649156999294475,1.6459094652577755,3.1167225391607336,5.189351074305484e-07,-1.1454953930343337,0.3554664850833651,0.001730788245639651,100,0.00012721559624740672,3.319462307992056e-05,True,0.0020044554988648076,0.0021617218188435226,True,0.1902610848140096,0.15830130827225797,0.021414643066923894,-0.09999999999999998,0.013142638091621925,-0.1,5.189351074305484e-07,1.6459094652577755,3.1167225391607336,0,2.496525255431069,2.430769316240789e-07,1.7640023421340973,3.5332370043595818,0,,0,1
S2_N100,5500994,3.7510370832974322,2.6399409054353375,5.329770515432147,1.6267972260904748e-13,-1.2779233381853434,0.28591951629243983,2.1264033313082732e-05,100,0.0001509989579233479,9.405671156967296e-05,True,0.0022299996090316618,0.007553481309904355,True,0.45617520127655886,0.21877450267931142,0.000489412855228217,0.010000000000000009,0.0008339226551137527,0.01,1.6267972260904748e-13,2.6399409054353375,5.329770515432147,0,4.869204238973778,1.014841671966435e-18,3.427087387852067,6.918163220722527,0,,0,1
S2_N100,5500995,2.4692508116832963,1.8117115987030359,3.365436074573606,1.055487176278485e-08,-1.6698114076950947,0.3044399159632988,3.2901630699301046e-07,100,0.0005870073751322502,0.0008194050427829629,True,0.19893054375293506,0.3114596910946874,True,0.22779859635391841,0.3004722026327282,0.0017116934443497538,-0.020000000000000018,0.0003662222726521399,-0.02,1.055487176278485e-08,1.8117115987030359,3.365436074573606,0,2.7092515799020247,1.677051219869485e-09,1.9591725950143113,3.7465020396265802,0,,0,1
S2_N100,5500996,3.610032755444106,2.493555910169438,5.22640637101007,1.0463749196008835e-11,-1.5787394615601587,0.36688240616588425,4.022859705048119e-05,100,2.601059155091225e-05,9.777456178061903e-06,True,0.19470153713078953,0.20233760100205722,True,0.6862653081167569,0.911693251947308,0.006723530868534351,0.04999999999999993,0.004974576271199261,0.05,1.0463749196008835e-11,2.493555910169438,5.22640637101007,0,4.244089016661662,4.403292512588334e-10,2.695059271202165,6.683449144817341,0,,0,1
S2_N100,5500997,3.1585015344950547,2.2403013694626024,4.453031221331023,5.289799179977209e-11,-1.0027496355119896,0.3390605641346021,0.003896222965405297,100,0.00015119259551520738,3.3805677735342035e-05,True,0.05054212357124102,0.039579581514381644,True,0.35350454121331,0.3354860998977015,0.0007079799875113369,0.0,0.001631222449761753,0.0,5.289799179977209e-11,2.2403013694626024,4.453031221331023,0,3.220172017149824,6.481037567268228e-10,2.2220910450072227,4.666553984515545,0,,0,1
S2_N100,5500998,3.560606716065802,2.4269175529212474,5.223877577230696,8.386194717897195e-11,-1.4727665994667354,0.3228369573502172,1.4832757086160897e-05,100,0.00046877682846230024,2.9930001072245174e-05,True,0.03989806920760114,0.028463156206248064,True,0.7989775865487979,1.0,0.0037298629664770716,0.039999999999999925,0.0037840618870307492,0.04,8.386194717897195e-11,2.4269175529212474,5.223877577230696,0,3.8313784547059497,8.561194349256682e-10,2.4943852139970035,5.88500155501747,0,,0,1
S2_N100,5500999,2.205364413580796,1.6417325226537611,2.9624997553357844,1.5033864454592154e-07,-1.6598456187971813,0.33206724977977076,2.5623147397280835e-06,100,2.6313284718701846e-06,8.963298404110321e-06,True,0.24628168207183698,0.1768048207854448,True,0.3623915064980936,0.22692143218081928,0.0017027988940314606,-0.050000000000000044,0.005630479757164879,-0.05,1.5033864454592154e-07,1.6417325226537611,2.9624997553357844,0,2.3308966580014374,3.8955828278577824e-07,1.680960334257692,3.232128158860753,0,,0,1
