scenario,seed,itt_hr,itt_hr_lo,itt_hr_hi,itt_h1a_p,itt_tr_b,itt_tr_se,itt_tr_p,itt_tr_n,itt_el_wp,itt_el_mp,itt_el_low,itt_gl_wp,itt_gl_mp,itt_gl_low,itt_il_wp,itt_il_mp,itt_tost_p,itt_hid_diff,itt_ptost_p,itt_pdiff,itt_v2_p,itt_v2_lo,itt_v2_hi,itt_v2_fb,itt_st_hr,itt_st_p,itt_st_lo,itt_st_hi,itt_st_fb,itt_jk_fail_frac,itt_jk_invalid,ok
S2_N60,3500000,3.5387051320200538,2.244985441641658,5.577957780531514,5.2375001769099273e-08,-1.2829081467056134,0.5040788432193274,0.013657537342337827,60,0.001589056175275343,9.139709890639647e-05,True,0.09716768942477233,0.25685187819647326,True,0.1803171809727574,0.2320462785912354,0.05695138734774003,0.09999999999999998,0.0722118480201929,0.1,5.2375001769099273e-08,2.244985441641658,5.577957780531514,0,3.743418388689087,2.176375050359395e-09,2.429435921673664,5.768080198271609,0,,0,1
S2_N60,3500001,3.4620179948365486,2.156012073683583,5.5591379764838385,2.755896595617144e-07,-1.2121743975484038,0.4195442411095061,0.005451807001307393,60,0.0015890442772581023,0.0003391362993472003,True,0.24384793959572304,0.09868926295286001,True,0.4250880831223689,0.5133516769703116,0.01604646260907965,0.033333333333333326,0.020703871074318144,0.03333333333333333,2.755896595617144e-07,2.156012073683583,5.5591379764838385,0,3.7101119698394154,2.450387990652927e-07,2.2551380624509707,6.103808479816731,0,,0,1
S2_N60,3500002,3.086192595403949,2.066785764602192,4.608404460226879,3.6108096431773125e-08,-1.6899658402203865,0.3618527770973916,1.875466579471989e-05,60,0.00012407893536029376,4.882999917721244e-05,True,0.6887900213212179,0.4945808401787475,True,0.4100653316995908,0.5775709499426422,0.07187169595076534,0.1166666666666667,0.06460371565539562,0.11666666666666667,3.6108096431773125e-08,2.066785764602192,4.608404460226879,0,3.070432317797593,2.7480773454514114e-07,2.0018008249721357,4.709536783364613,0,,0,1
S2_N60,3500003,4.2698474833718665,2.76538820023182,6.592780546951317,5.77682256860688e-11,-0.3562058996807651,0.4825647882780386,0.4634507766478486,60,0.008680000256996508,0.010789403754834961,True,0.0023611615540856984,0.004651285714703221,True,0.55803576861584,0.8109472881517432,0.12250989841225939,0.13333333333333336,0.11629985943292288,0.13333333333333333,5.77682256860688e-11,2.76538820023182,6.592780546951317,0,4.442128696023483,2.6638268264558515e-10,2.7968545708602153,7.055249692859881,0,,0,1
S2_N60,3500004,2.0674639221793307,1.307248329367611,3.2697743599954805,0.0018994295764217814,-1.1500481788398547,0.3644840661007718,0.002560482357615922,60,0.004015024256176341,0.004793545577778288,True,0.45208442370709445,0.5145172801049618,True,0.018615531058616044,0.09023573992377645,0.0638877215292074,0.09999999999999998,0.06658844131424868,0.1,0.0018994295764217814,1.307248329367611,3.2697743599954805,0,2.197092731627035,0.003929954236580174,1.286787293453941,3.7513709499037184,0,,0,1
S2_N60,3500005,3.1529926025820956,1.9788193390467865,5.023885786726873,1.3555743060017309e-06,-1.7945615997569455,0.42429177533582707,8.58110046191474e-05,60,0.019524039069720046,0.019967997680542863,True,0.2843613853056698,0.1999900851010662,True,0.6130844346329365,0.8582967089299074,0.01584484539360543,0.033333333333333326,0.010976711961823486,0.03333333333333333,1.3555743060017309e-06,1.9788193390467865,5.023885786726873,0,3.302402624859369,1.0300003456494242e-06,2.045028936808995,5.332864929381022,0,,0,1
S2_N60,3500006,2.4123297971609277,1.6025355451021535,3.6313297811434997,2.4449945322035087e-05,-1.5333333333333319,0.4290360263112567,0.0007242181855129954,60,0.04577012827796085,0.08048270512465873,True,0.17407162835210455,0.06610418877684077,True,0.900063535098144,0.8003591891669599,0.0759499085832005,-0.10000000000000003,0.06658844131424868,-0.1,2.4449945322035087e-05,1.6025355451021535,3.6313297811434997,0,2.4891281298530483,3.832673134523783e-05,1.6125687903982808,3.8421671582118817,0,,0,1
S2_N60,3500007,3.308076484898976,2.199660247561748,4.975027412561524,9.124652263768446e-09,-0.7999999999999994,0.349483345600519,0.025798799371327317,60,0.036058869322386826,0.013347232493055883,True,0.34897573734074805,0.3854311031783224,True,0.8281949750453409,0.452990333885558,0.04512223456892943,0.08333333333333326,0.041943380194408623,0.08333333333333333,9.124652263768446e-09,2.199660247561748,4.975027412561524,0,4.037735809291039,1.493423935699093e-09,2.5681052424067023,6.348380976144305,0,,0,1
S2_N60,3500008,1.4986529994062145,1.0139689019624138,2.2150194234581146,0.04240172575350548,-2.0242266837064204,0.4570699734637208,4.349312423852602e-05,60,0.10216090610424403,0.1270362659167916,True,0.1982658043106479,0.14793091514678325,True,0.014350773012062177,0.03983244399615175,0.004648563660660762,0.016666666666666607,0.005019462966991282,0.016666666666666666,0.04240172575350548,1.0139689019624138,2.2150194234581146,0,1.5726283276776625,0.03241439685164586,1.0386754980156039,2.3810707595772014,0,,0,1
S2_N60,3500009,2.5645358214889318,1.737752037473506,3.7846849480676736,2.1072379851156466e-06,-1.1097244827636776,0.4727209069639823,0.022394074776793785,60,0.0019806923042576664,0.006146859445958739,True,0.003966842415868134,0.005259336349238165,True,0.325606653885115,0.3930359118198167,0.0475307032518188,-0.10000000000000003,0.04904051370916518,-0.1,2.1072379851156466e-06,1.737752037473506,3.7846849480676736,0,2.933178772924673,1.5287205276171966e-06,1.891505584011007,4.548512987041662,0,,0,1
S2_N60,3500010,3.0867600982368937,1.8231984829512253,5.226028868038683,2.721257010128016e-05,-1.5760494033213706,0.4062443244081859,0.00027373962730637433,60,0.0017374926463383101,0.0010606880112878983,True,0.46887560854869137,0.6617235719518115,True,0.03663959485032349,0.01872409166716045,0.015403945149026514,-0.033333333333333326,0.003815074791308549,-0.03333333333333333,2.721257010128016e-05,1.8231984829512253,5.226028868038683,0,3.2711923981596254,1.7015814705545525e-05,1.9060994535967126,5.613925173518959,0,,0,1
S2_N60,3500011,4.346078622028647,2.700895664285721,6.993383579609561,1.4148900213834436e-09,-1.3919312543626352,0.401498958053401,0.001008395174291196,60,0.005093896479961105,0.006237427074700733,True,0.2633211994794078,0.4858993338183819,True,0.23952937595199586,0.2738848811585325,0.03836933384485515,0.08333333333333337,0.037074759908350734,0.08333333333333333,1.4148900213834436e-09,2.700895664285721,6.993383579609561,0,5.016391824487792,7.14512536645243e-12,3.1632186233617814,7.955247465647557,0,,0,1
S2_N60,3500012,3.1230761511555034,1.900610532143397,5.131827105533677,6.981289907778033e-06,-1.4327076516847488,0.32753407200992096,5.244604424421242e-05,60,0.06286586800670073,0.048008279584622594,True,0.0062180701056077335,0.0008629347203326191,True,0.45797163004197505,0.6188204364086659,0.012723734176163872,-0.04999999999999993,0.009676838605003346,-0.05,6.981289907778033e-06,1.900610532143397,5.131827105533677,0,3.3984918742137062,1.4769960646192965e-05,1.9539655740632615,5.910926565138479,0,,0,1
S2_N60,3500013,3.0364626393720227,1.998294633677251,4.613986949129379,1.9612658594356942e-07,-1.4546079887438434,0.41113760619553386,0.0008096985415833036,60,0.002849348204369069,0.0024524798203156653,True,0.03400577536926272,0.054158921129101575,True,0.29148128923859606,0.6553393823819351,0.015398165121890703,0.033333333333333326,0.006984090312687173,0.03333333333333333,1.9612658594356942e-07,1.998294633677251,4.613986949129379,0,3.099300159953304,2.745810577339514e-07,2.0134502375568517,4.770746901171104,0,,0,1
S2_N60,3500014,2.3528992069226002,1.6867891068028327,3.2820550332046428,4.6832084616589945e-07,-1.059124025027857,0.3684519608031712,0.0056785012890570846,60,0.04900198462931719,0.0663576504805349,True,0.055488151775312945,0.06599829087893862,True,0.6031690677872819,0.5519774022340518,0.012914141290309307,-0.016666666666666607,0.006438935487666036,-0.016666666666666666,4.6832084616589945e-07,1.6867891068028327,3.2820550332046428,0,2.2832198032844513,6.903004317630078e-06,1.5931881128814758,3.272113712097545,0,,0,1
S2_N60,3500015,1.8450108358193578,,,,-0.7742036717401541,0.35791385291172617,0.034741204716734954,60,0.005845487930604291,0.005720151055054312,True,0.004603405643238785,0.0068147949975791,True,0.9394817948175382,0.8701908272693653,0.010337971819414978,0.033333333333333326,0.008888955299185571,0.03333333333333333,0.008448390038432221,1.17672514812402,2.8928292980886283,1,1.9875080578303463,0.005380847359708377,1.2352987332802103,3.1977595163974883,1,0.0,0,1
S2_N60,3500016,2.5676204555826425,1.631003661148397,4.042096876278307,4.6436145156332484e-05,-1.5666666666666649,0.431961714358668,0.0006136456016885223,60,0.000195898047947931,0.0003496136560747304,True,0.6574163921301384,0.7276176195334552,False,0.08514252922213525,0.12542755678605452,0.00388589704449868,0.0,0.0012910097575818788,0.0,4.6436145156332484e-05,1.631003661148397,4.042096876278307,0,3.2361559459250766,2.563112829644821e-06,1.983708598451573,5.279356713239498,0,,0,1
S2_N60,3500017,3.732691191205433,2.475094756328647,5.629272775628873,3.313175522991628e-10,-1.8615289732657607,0.436578420697633,7.639057266395051e-05,60,0.02806617964638428,0.05992607155537368,True,0.017806820632372232,0.03442284862474372,True,0.7528718206690496,0.8466886188353586,0.03666193911031183,-0.06666666666666665,0.04388585412165995,-0.06666666666666667,3.313175522991628e-10,2.475094756328647,5.629272775628873,0,3.9503737033585127,6.596829372613923e-10,2.554334091973984,6.109401446435924,0,,0,1
S2_N60,3500018,2.3078761610298137,1.4907391294090893,3.5729204859343744,0.00017649036002625286,-1.1199338296112489,0.38286521093259024,0.004934684593065763,60,0.00023419095607669972,0.0002777795296377812,True,0.304132054640721,0.25345735088600685,True,0.898785926235868,0.9347408080930938,0.016549987878666468,0.033333333333333326,0.008888955299185571,0.03333333333333333,0.00017649036002625286,1.4907391294090893,3.5729204859343744,0,2.442980988846255,0.00012286860545828915,1.5486023150561075,3.853898482418317,0,,0,1
S2_N60,3500019,3.298297666702268,2.129036396068546,5.109714196648883,9.118483557787128e-08,-1.3869282395456906,0.4518250802792546,0.0032796665593792834,60,0.006253845702968927,0.0009053382835586733,True,0.008216838862884582,0.005843775259737374,True,0.8287183836831713,0.9053759032432357,0.04801168168022245,0.08333333333333337,0.056442885783694885,0.08333333333333333,9.118483557787128e-08,2.129036396068546,5.109714196648883,0,3.5162355901699756,1.847692405911701e-08,2.2689604317057515,5.449153080330755,0,,0,1
S2_N60,3500020,1.6902741508579429,1.134832814360558,2.517574984530548,0.009816944260946413,-1.192737106432294,0.43919263249898877,0.008737403837158887,60,0.001030889417229647,0.0007057492740251467,True,0.7670175866137965,0.7611289735662458,True,0.7630747404939514,0.8643576537109114,0.0068011270200921395,0.016666666666666607,0.00270812550347756,0.016666666666666666,0.009816944260946413,1.134832814360558,2.517574984530548,0,1.8139470438816,0.0048304308987534485,1.1988237380979412,2.744693630464279,0,,0,1
S2_N60,3500021,3.8323903414208282,2.411355035014433,6.090855770198827,1.319246250865029e-08,-1.4748575532678978,0.3884805092886971,0.00035800855760157135,60,0.006004934592655869,0.0117879081041355,True,0.4888845640785443,0.40660089401582833,True,0.7061634850916825,0.8122640186543857,0.011730261724250844,-0.01666666666666672,0.009738868887544626,-0.016666666666666666,1.319246250865029e-08,2.411355035014433,6.090855770198827,0,4.014329328760061,2.64430178501184e-09,2.5401282073379883,6.344104960210368,0,,0,1
S2_N60,3500022,2.75117941571485,1.766067763377859,4.285785820005188,7.650043150401243e-06,-1.4701495138186995,0.4786770045370082,0.003264060243003753,60,0.07340604997682336,0.09408162382803656,True,0.3927637251115471,0.3901280619627129,True,0.221903622042132,0.2238316603316125,0.013667965630290317,0.016666666666666607,0.015617236041822826,0.016666666666666666,7.650043150401243e-06,1.766067763377859,4.285785820005188,0,2.8715135375976737,1.2290314112924225e-05,1.7896070307827714,4.6074863669931485,0,,0,1
S2_N60,3500023,2.226148934222006,1.4868289074773093,3.333093036068377,0.00010189922986533969,-0.9333333333333332,0.4375615748794776,0.03724048625572843,60,5.2949073701577573e-05,1.2443774161635334e-06,True,0.017966989417084644,0.009048112673535572,True,0.23290578822578967,0.2715841319114687,0.008728790101144305,0.01666666666666672,0.006438935487666038,0.016666666666666666,0.00010189922986533969,1.4868289074773093,3.333093036068377,0,2.220837452143364,0.0001012726837385552,1.4852998435512739,3.3206217655353627,0,,0,1
S2_N60,3500024,2.499104434912011,1.7512291384031244,3.566365382825873,4.4611487045177503e-07,-1.2099492840095463,0.4529365701869844,0.009830582021194651,60,0.004400805173069177,0.003455537674627052,True,0.2515056094920941,0.3464236621899147,True,0.6043028564300604,0.7205374761357087,0.12570309974145835,-0.1333333333333333,0.129934368288178,-0.13333333333333333,4.4611487045177503e-07,1.7512291384031244,3.566365382825873,0,2.7006498611687704,5.927871263376105e-06,1.7568893378334298,4.1513768201389105,0,,0,1
S2_N60,3500025,2.61440283063474,1.7469418826353567,3.9126099321173866,2.983167514959882e-06,-1.0949986029617222,0.4405247603039979,0.015887480046178213,60,6.137593511341173e-06,1.353397080847479e-07,True,0.047304277353979775,0.06294814267639207,True,0.8384960999131313,0.9703737758883988,0.14270413756925074,0.1499999999999999,0.06480508717879031,0.15,2.983167514959882e-06,1.7469418826353567,3.9126099321173866,0,2.6677651790107855,7.647366873777444e-06,1.7357847597622509,4.100146063799555,0,,0,1
S2_N60,3500026,2.151294067075941,1.4217598542799073,3.2551672837746324,0.00028872513960820513,-1.0013188157247508,0.3940658686317665,0.01380047863244369,60,0.0013101313679694606,0.0025494925986458182,True,0.3083716876937197,0.16777594351327696,True,0.9566989138608434,0.8937845832467697,0.024034266817697457,0.06666666666666665,0.024052808432163397,0.06666666666666667,0.00028872513960820513,1.4217598542799073,3.2551672837746324,0,2.44639299062172,6.329792626237702e-06,1.6590868865268822,3.6073087631303578,0,,0,1
S2_N60,3500027,2.819195187433557,1.9153312388000792,4.149601564389312,1.4796178614919792e-07,-1.3081654822202173,0.3939476241957454,0.0015707476567177624,60,0.0032464866647556024,0.0010526520243866633,True,0.02658588018657986,0.020763553697705456,True,0.38717475230528986,0.3768597755900557,0.009179733810173844,0.01666666666666672,0.013553595914397868,0.016666666666666666,1.4796178614919792e-07,1.9153312388000792,4.149601564389312,0,3.2674090329324854,1.3705152807432887e-07,2.103466785116312,5.075412582708536,0,,0,1
S2_N60,3500028,2.1767041392613113,1.320133507306919,3.589061927185653,0.0022999849906013355,-1.7400703549728198,0.46257673899830504,0.0004002464025839648,60,0.002558507835001192,0.005741124342374196,True,0.5924124731502317,0.43184028547514985,True,0.3918189445661907,0.356208419485353,0.2502745434847135,0.1833333333333333,0.24940601875492935,0.18333333333333332,0.0022999849906013355,1.320133507306919,3.589061927185653,0,2.2656494914989387,0.0036564028311324567,1.305156485893251,3.9329901615715093,0,,0,1
S2_N60,3500029,2.6742100979664647,1.7915740044832134,3.9916853170286197,1.4861864127012828e-06,-1.4551674515960216,0.3924200145763102,0.0004746595543011999,60,0.0028430481874063395,0.0030577860256359546,True,0.11930673854781038,0.11115934805785825,True,0.7542868328287573,0.645247175521769,0.017751326565232216,-0.04999999999999993,0.009676838605003346,-0.05,1.4861864127012828e-06,1.7915740044832134,3.9916853170286197,0,3.4515602579804026,1.2670370351811695e-07,2.1798945508905745,5.465066284790103,0,,0,1
S2_N60,3500030,2.3471301400516325,1.6821920805116994,3.274905379808368,5.160022439353349e-07,-2.4539235557088848,0.40102493363134256,9.170856084328627e-08,60,0.024553524542631888,0.006824106806851031,True,0.04260755330787399,0.03111486084865557,True,0.44747188578264485,0.457444698746028,0.07504556774387752,-0.09999999999999998,0.054984261064004655,-0.1,5.160022439353349e-07,1.6821920805116994,3.274905379808368,0,2.424104374543657,3.220648721820661e-06,1.6698614330758546,3.519023735914235,0,,0,1
S2_N60,3500031,2.0990307407575357,1.3611239088008307,3.2369793978028167,0.0007936675976024296,-1.3597065390749599,0.4437669471564375,0.0033327465481082542,60,0.02885860235888763,0.08306865365529989,True,0.0025487332985021038,0.0012032915818770812,True,0.1338804176024547,0.25524650820549566,0.016416731124894515,-0.01666666666666672,0.015617236041822826,-0.016666666666666666,0.0007936675976024296,1.3611239088008307,3.2369793978028167,0,2.4683342989917154,6.252712363000784e-05,1.5859035679073417,3.841768399334919,0,,0,1
S2_N60,3500032,3.6760762440686876,2.411384956915223,5.604056089614747,1.435279832396753e-09,-1.1999742808276428,0.4348056159037095,0.0077642911451041175,60,0.16629461687762181,0.07075574220456417,True,0.019045581921735756,0.03099742005470636,True,0.18969646163789666,0.17225544028213624,0.2049565905813054,0.16666666666666663,0.22887824745217414,0.16666666666666666,1.435279832396753e-09,2.411384956915223,5.604056089614747,0,4.089347537573722,2.641107435448072e-09,2.5719090569399072,6.50208188269193,0,,0,1
S2_N60,3500033,2.3924891870323037,1.457055479299203,3.9284739609363095,0.0005655007547824696,-0.6980626280362887,0.3840701054394905,0.07439175830398931,60,0.0015886008873777396,0.00035841244087334966,True,0.001167875838241226,0.008633470438253396,True,0.7307192775592453,0.489053874563958,0.005596553082575612,0.0,0.010093116271481574,0.0,0.0005655007547824696,1.457055479299203,3.9284739609363095,0,2.657509349240911,0.00039342731429444443,1.5479412989204009,4.562418449736067,0,,0,1
S2_N60,3500034,2.94876437140728,1.8426593938068894,4.718838081147964,6.5492121803445176e-06,-1.7822628678625856,0.42033421093487666,8.280102655884838e-05,60,0.0005123431608187507,0.0004203223067609211,True,0.13305903022855203,0.23550930331804043,True,0.5002246297879949,0.4164942503801271,0.052212539744570255,-0.09999999999999998,0.03702976749185184,-0.1,6.5492121803445176e-06,1.8426593938068894,4.718838081147964,0,3.408490529316323,3.578008485057503e-07,2.1256827043677133,5.465447719251587,0,,0,1
S2_N60,3500035,2.78794979163685,1.8462101278651863,4.210064674315085,1.0850450734357674e-06,-1.0685520933286206,0.4531860690126886,0.021835159833826643,60,0.0014308917428159061,0.0009768826262261836,True,0.7654289658365663,0.8126601147057744,True,0.8549311890625819,0.9230489221413867,0.008804539418130829,0.033333333333333326,0.010976711961823486,0.03333333333333333,1.0850450734357674e-06,1.8462101278651863,4.210064674315085,0,2.9806958617629458,4.008224548991308e-07,1.9539064811132076,4.547069118307503,0,,0,1
S2_N60,3500036,1.8886121077575844,1.2041498606314285,2.9621360348770613,0.0056233077858603596,-1.460420956302906,0.4624171254287212,0.0025385297001894436,60,0.025408724963405245,0.04711001257841069,True,0.028674478507410308,0.014391860803798411,True,0.7696255473598929,0.8643877873972606,0.05883269277009924,0.09999999999999998,0.049040513709165096,0.1,0.0056233077858603596,1.2041498606314285,2.9621360348770613,0,1.9618150906783383,0.004814811758313714,1.2279880301351076,3.1341660957312487,0,,0,1
S2_N60,3500037,2.385507648786963,1.5837776520547624,3.59308437964014,3.179615919376786e-05,-1.1519952109303482,0.3796905226309348,0.0036306028742143837,60,0.3387028491833832,0.18006841953221986,True,0.007077179738059159,0.04395793880008569,True,0.3789761498214935,0.3518204723792069,0.04095575860660296,0.08333333333333326,0.056442885783694885,0.08333333333333333,3.179615919376786e-05,1.5837776520547624,3.59308437964014,0,2.419495916767426,4.523629030979667e-05,1.5824979620654067,3.69918990834839,0,,0,1
S2_N60,3500038,1.9146901230540816,1.262040467757352,2.9048500115336315,0.002255964388508745,-0.644433133122944,0.40275909335481885,0.11511703438490443,60,0.028914835564029233,0.03355759748976006,True,0.03961849419993738,0.04793354241753609,True,0.47681320960897045,0.6447133705713877,0.006840388110804964,0.016666666666666607,0.015617236041822791,0.016666666666666666,0.002255964388508745,1.262040467757352,2.9048500115336315,0,2.0983775794346853,0.0010914234596167774,1.344954960782124,3.2738557009474936,0,,0,1
S2_N60,3500039,2.3312134800220887,1.5508714107210804,3.5041952878026756,4.697654296710948e-05,-1.386741641802463,0.391567793569203,0.0008009503988471525,60,0.006169536187130827,0.006870766964283857,True,0.002946875239206462,0.010860014568620666,True,0.45764226379567063,0.29833610340091643,0.019422067959360113,0.033333333333333326,0.005285535552518436,0.03333333333333333,4.697654296710948e-05,1.5508714107210804,3.5041952878026756,0,2.9716035060164585,1.9904966491109912e-06,1.8967214564192665,4.655626880311602,0,,0,1
S2_N60,3500040,2.5627445734403227,1.7271767722002611,3.8025405704890525,2.9479212826794217e-06,-1.8040694903275651,0.549673307403618,0.0017625937199894869,60,0.004581952508034,0.008777622928806697,True,0.0010854183389043444,0.0010023163257866056,True,0.3992248286136768,0.4992719524132372,0.021389367710618733,0.04999999999999999,0.009676838605003346,0.05,2.9479212826794217e-06,1.7271767722002611,3.8025405704890525,0,2.888690314762972,5.609399316848033e-07,1.906606844707967,4.376639975759408,0,,0,1
S2_N60,3500041,2.150833178578385,1.406380183541907,3.2893547678004174,0.0004104968360715961,-1.2245049736297478,0.44458659017016816,0.007880946748286075,60,0.0231047697857826,0.0026266888150246748,True,0.0024482536692456273,0.019919597353810006,True,0.8841299190768135,0.8754010205895952,0.027452125558571735,-0.06666666666666665,0.0279104823273028,-0.06666666666666667,0.0004104968360715961,1.406380183541907,3.2893547678004174,0,2.1787082533240723,0.0003824225697653768,1.4176850223297353,3.3482540750144087,0,,0,1
S2_N60,3500042,3.422302268760228,2.2415090732180123,5.225119522691427,1.209178515511655e-08,-1.289756342627478,0.43689070984663547,0.004576087283596011,60,0.0003489919684347893,1.2950324285194908e-05,True,0.024145995553516833,0.032310614466154484,True,0.8291337994220074,0.7604756432176778,0.05598324855198601,0.09999999999999998,0.03702976749185184,0.1,1.209178515511655e-08,2.2415090732180123,5.225119522691427,0,3.6307658105319076,1.4247027354456613e-09,2.3914454922004498,5.512339885613614,0,,0,1
S2_N60,3500043,4.467219550941362,3.0288861182488014,6.588577363829926,4.361636120187662e-14,-1.5351478409744757,0.4636664222160382,0.0016173700286198941,60,0.008969466153874386,0.05307398183714451,True,0.020555397904498115,0.017297640654508645,True,0.6075429666302442,0.677112518434716,0.10086726583801812,0.13333333333333336,0.11629985943292288,0.13333333333333333,4.361636120187662e-14,3.0288861182488014,6.588577363829926,0,4.548587973210072,2.339146045839213e-13,3.033299054451052,6.820841657426224,0,,0,1
S2_N60,3500044,5.014071185476776,3.363853891669812,7.473841213878814,2.4433291705545167e-15,-1.4217197823815906,0.4334340044558708,0.0017728335311845457,60,0.00011245803297793288,0.00036721360745408044,True,0.19009727480315353,0.26929710767911896,True,0.47195150695124843,0.5825652907662668,0.025604938744527003,0.06666666666666665,0.024052808432163397,0.06666666666666667,2.4433291705545167e-15,3.363853891669812,7.473841213878814,0,5.553657791682463,5.400384151422335e-14,3.5527507843642137,8.681474367089585,0,,0,1
S2_N60,3500045,3.0059771457516837,1.9237230159260932,4.697089199419646,1.345227148377151e-06,-1.484408703878902,0.3723947042673221,0.00019323559265931945,60,0.004824360716866149,0.0021690954321398103,True,0.03235372981878291,0.024738443792969276,True,0.8113049452602326,0.7322132022295922,0.03529136327269825,0.06666666666666665,0.04388585412165995,0.06666666666666667,1.345227148377151e-06,1.9237230159260932,4.697089199419646,0,3.3217093835608056,1.5881065789091258e-06,2.0345487218728526,5.423194396976182,0,,0,1
S2_N60,3500046,3.279149309442838,2.126512067011061,5.056552633972666,7.687323058883364e-08,-0.7918230498335648,0.4666976182511654,0.09521778729875008,60,0.014084758963400135,0.007487339422932175,True,0.11329890159391807,0.07303208958677657,True,0.055718087947086395,0.0603171071069597,0.014137164571034115,0.04999999999999993,0.009676838605003346,0.05,7.687323058883364e-08,2.126512067011061,5.056552633972666,0,3.3633395698530406,2.5481720891525027e-08,2.194873947091852,5.153850897509352,0,,0,1
S2_N60,3500047,1.9556816422584702,1.342992423070492,2.847887017204738,0.0004690383639200702,-1.6666666666666656,0.4194101842069904,0.00020119608450441822,60,0.0117258832910661,0.0009580140846225712,True,0.042255824039229964,0.03276695151983641,True,0.06317151901146772,0.23541765645534352,0.2519365795458694,0.18333333333333324,0.2092748660652203,0.18333333333333332,0.0004690383639200702,1.342992423070492,2.847887017204738,0,1.9415195350360108,0.001649637940508673,1.2843548958107,2.934934975700074,0,,0,1
S2_N60,3500048,2.763231445279702,1.761904433258855,4.33363346845088,9.561716513005188e-06,-2.101489168032042,0.41852063631899455,5.371473967625716e-06,60,0.00024026463301706673,0.0006021176111269321,True,0.02890546093148258,0.07626052677391303,True,0.3732060189852756,0.3609238530993234,0.023037093608610754,-0.04999999999999993,0.012218683801636616,-0.05,9.561716513005188e-06,1.761904433258855,4.33363346845088,0,2.74100435133541,2.625223005421394e-05,1.7129243337127191,4.386127691790794,0,,0,1
S2_N60,3500049,3.124688258564884,2.0405887140013923,4.784735231661477,1.5994330882767716e-07,-1.355480259770458,0.3923679731944886,0.001046872036726716,60,0.21363767053966787,0.1506305700011845,True,0.007676309156233579,0.018712123456970677,True,0.837184370172408,0.7382610164362275,0.014598327331704476,0.033333333333333326,0.005285535552518433,0.03333333333333333,1.5994330882767716e-07,2.0405887140013923,4.784735231661477,0,3.2889837239470596,5.624633532812499e-08,2.1401268018920176,5.054566826052241,0,,0,1
S2_N60,3500050,3.821948452341941,2.318785393980453,6.299543722450279,1.4510728868133246e-07,-1.6278692370859895,0.47555364423683716,0.0011526123048165994,60,0.05418366806867413,0.01414686660438169,True,0.31068372098009256,0.2568253086052519,True,0.28698742086974294,0.1833075523283333,0.04366298939235756,-0.06666666666666665,0.024052808432163397,-0.06666666666666667,1.4510728868133246e-07,2.318785393980453,6.299543722450279,0,4.045642526703634,1.3475823805961662e-08,2.4976693544669297,6.5529984681924285,0,,0,1
S2_N60,3500051,2.25369575124861,1.3911631199341576,3.651005742185307,0.0009626605358529214,-1.056692746880947,0.4752411115029089,0.030162277323946367,60,0.0007132708323900915,0.0003382937743318546,True,0.06439540665980775,0.032827885999017634,True,0.3791723260999026,0.628939260311605,0.02088312712569225,-0.033333333333333326,0.006984090312687173,-0.03333333333333333,0.0009626605358529214,1.3911631199341576,3.651005742185307,0,2.627159122340083,0.00014348719551041347,1.5967685820833604,4.322457951351648,0,,0,1
S2_N60,3500052,2.4323408955781893,1.6918443480332634,3.4969423985011807,1.5964019875729547e-06,-1.3387477171928013,0.3641001488272298,0.000524190135615652,60,0.0072878853563740735,0.0022016642603828124,True,0.5886612189146855,0.36979056505385843,True,0.3045933355795306,0.3849852214252433,0.011342163188802889,0.01666666666666672,0.015617236041822826,0.016666666666666666,1.5964019875729547e-06,1.6918443480332634,3.4969423985011807,0,2.911991123518014,2.710046993883817e-06,1.8632543432517976,4.551011693147988,0,,0,1
S2_N60,3500053,3.3562015645975483,1.9689869195625858,5.720753566361615,8.587020139568782e-06,-1.4433417990220239,0.4123032557472759,0.0009087352491855557,60,0.04102228931720817,0.014398694520466084,True,0.008970799487457493,0.006394053905734829,True,0.5312065469140599,0.5087194823888174,0.013121081836682504,-0.04999999999999999,0.007374317650564295,-0.05,8.587020139568782e-06,1.9689869195625858,5.720753566361615,0,3.250014270582817,1.4320932240040246e-05,1.9083409149803532,5.534961115215992,0,,0,1
S2_N60,3500054,2.6423786438536796,1.6935239984705381,4.122861502877887,1.8609829058717305e-05,-1.4988284158144263,0.39691186157764596,0.00038204796575969904,60,0.0018759067791188828,0.0006282873592216177,True,0.3738192301978589,0.5480565278924036,True,0.5223016171721256,0.5282312399187383,0.014178149426675304,0.033333333333333326,0.020703871074318144,0.03333333333333333,1.8609829058717305e-05,1.6935239984705381,4.122861502877887,0,2.9260702627889605,3.006980861812559e-05,1.7671687064563693,4.844974422360985,0,,0,1
S2_N60,3500055,2.6433799491326933,1.703459773076949,4.101921081972694,1.4513819580337692e-05,-1.3372893211196737,0.47598812155048364,0.006786411763620226,60,0.06599528625290693,0.06628576429346464,True,0.02458392641561458,0.02380753033297351,True,0.12270036534083106,0.1278930287060486,0.07046316292488632,0.10000000000000003,0.049040513709165096,0.1,1.4513819580337692e-05,1.703459773076949,4.101921081972694,0,2.7354735094012463,5.732272233144565e-06,1.7709082796540767,4.2254109976252625,0,,0,1
S2_N60,3500056,2.795230178322538,1.7910148590686712,4.362505263562121,6.010565327926189e-06,-1.5227061193304159,0.47906765168680665,0.0023928550150682957,60,0.021255814772596658,0.07919989844872072,True,0.17291432389136308,0.2599341222057683,True,0.7698425321693264,0.8410302674922758,0.017762580537935765,0.04999999999999993,0.014962499607782146,0.05,6.010565327926189e-06,1.7910148590686712,4.362505263562121,0,2.944826298784008,7.745119939181877e-06,1.8343738149263817,4.727499847329618,0,,0,1
S2_N60,3500057,2.5145465029804237,1.7149483288912175,3.686958964961419,2.3319575046251894e-06,-2.24931852819508,0.40140204647700756,6.350013180473591e-07,60,0.0683012515465255,0.0804193800745552,True,0.1646912413818954,0.21031502279065672,True,0.037570065389286963,0.1804494099531313,0.020800515246860347,0.04999999999999993,0.01221868380163662,0.05,2.3319575046251894e-06,1.7149483288912175,3.686958964961419,0,3.0979534213438606,2.7990924725670337e-06,1.9303494446835219,4.971802088605568,0,,0,1
S2_N60,3500058,2.6850055576500655,1.7862429010195116,4.035987961378043,2.037298707942813e-06,-1.8242834287476606,0.46022209863955627,0.00020785201233663336,60,0.00367856340446201,0.002045932823916231,True,0.35769513655506335,0.4617165848448852,True,0.7887059404577715,0.988151209922055,0.017005320793431675,-0.04999999999999993,0.024072630704938636,-0.05,2.037298707942813e-06,1.7862429010195116,4.035987961378043,0,2.7093041819964556,8.340783662643106e-06,1.747738567317768,4.199901110981714,0,,0,1
S2_N60,3500059,2.9843483570536082,1.951097601288472,4.5647819516394135,4.5960463556481024e-07,-2.133333333333332,0.40168266478966347,1.871932492933369e-06,60,0.004981205491470244,0.005863042725611912,True,0.5023794225100078,0.39044528650902743,True,0.9309214698512276,0.7607233031066541,0.012884394374827543,0.01666666666666672,0.01999000241339333,0.016666666666666666,4.5960463556481024e-07,1.951097601288472,4.5647819516394135,0,3.074814144580086,1.447079983206726e-06,1.9471114380433232,4.855645053993774,0,,0,1
S2_N60,3500060,1.7116215372122026,1.1245411597838306,2.6051943596371583,0.01215479291764366,-1.4580531665363545,0.452260151511732,0.0020939492611636835,60,8.029576044176724e-05,2.2521027023313197e-05,True,0.1717104483960532,0.11972860872625771,True,0.837211567716612,0.8006252575093866,0.0075261408899111116,0.01666666666666672,0.017766855632497677,0.016666666666666666,0.01215479291764366,1.1245411597838306,2.6051943596371583,0,1.8780859102616039,0.005904890921707303,1.1990804551943386,2.941593010747133,0,,0,1
S2_N60,3500061,3.511398941802207,2.308356887387263,5.341428180304219,4.395446312415908e-09,-2.0648563826158153,0.43833819255592193,1.627079409459844e-05,60,0.0008615816658320235,0.0004971577863671363,True,0.0011253372127825259,0.00037764398617451725,True,0.1320609880036756,0.12986482026436674,0.04320342127485086,-0.08333333333333326,0.004298972491037453,-0.08333333333333333,4.395446312415908e-09,2.308356887387263,5.341428180304219,0,4.516681225569928,2.080404475821291e-11,2.9058383062104287,7.020490179999215,0,,0,1
S2_N60,3500062,2.53203307131214,1.7483032082980448,3.667093581816175,8.823522441580404e-07,-1.4904195892309642,0.4321548559367657,0.0010656350854732132,60,0.07018974124684718,0.10014835201367969,True,0.000582580909815365,0.004312613828129279,True,0.4781806701622052,0.8064507600681265,0.022453254277329963,0.050000000000000044,0.04745079251427193,0.05,8.823522441580404e-07,1.7483032082980448,3.667093581816175,0,2.53632046740748,8.288173986549935e-07,1.7516969269479605,3.672394130757762,0,,0,1
S2_N60,3500063,2.9009612096251467,1.869371015509075,4.501822201120428,2.031794546425862e-06,-1.4000000000000004,0.5203188903774723,0.009340583030459735,60,0.0068394838507339325,0.002057503127771159,True,0.6034307843761575,0.9763546841722748,True,0.05097556564923684,0.060194775462007,0.4253882340936011,-0.23333333333333328,0.4078332347077258,-0.23333333333333334,2.031794546425862e-06,1.869371015509075,4.501822201120428,0,3.1344751990087634,2.2667284072715436e-06,1.9520250524372806,5.033201167645724,0,,0,1
S2_N60,3500064,2.788457432771277,1.825723981923874,4.258855627335233,2.0764106169593733e-06,-2.022434799628126,0.4655967672067226,5.821160435985245e-05,60,0.0005816150945666059,0.0004119253705607268,True,0.11865369860152306,0.07665929518646984,True,0.39650046079347734,0.6137987000885663,0.017277442771253933,0.033333333333333326,0.015607878351443505,0.03333333333333333,2.0764106169593733e-06,1.825723981923874,4.258855627335233,0,2.7719686145059237,8.748221291366772e-06,1.7684417425056076,4.344960772594705,0,,0,1
S2_N60,3500065,2.448069651724349,1.6688992291966012,3.5910167102053205,4.650074462172476e-06,-0.9795106753413372,0.42160382071173624,0.023753986592766806,60,0.032207661154762514,0.006057921767240495,True,0.048620985359413636,0.16131150089822466,True,0.7402839983821483,0.531956000141036,0.026870350336385712,-0.06666666666666665,0.020312249929417412,-0.06666666666666667,4.650074462172476e-06,1.6688992291966012,3.5910167102053205,0,3.3246873192036897,1.324490411706582e-07,2.1276792828879634,5.195118389962658,0,,0,1
S2_N60,3500066,2.9841266978967136,1.865338983121901,4.773937729107115,5.101837029491442e-06,-1.299999999999998,0.38569867766162824,0.0013519938462131877,60,0.0009918821319896917,0.00022630783950607143,True,0.2052499350659739,0.2696582111560185,True,0.2008169631722433,0.2119761642918545,0.026671886383694297,0.06666666666666665,0.03584092457190081,0.06666666666666667,5.101837029491442e-06,1.865338983121901,4.773937729107115,0,3.0692880132364486,4.1352706569952e-05,1.7955693490174014,5.246541389978721,0,,0,1
S2_N60,3500067,2.7885826972502294,1.9372176394066887,4.014104198320732,3.433747044680934e-08,-1.260347102405359,0.4400039765925981,0.005839228717364718,60,0.06664644556611775,0.06828827071674765,True,0.010059924213403132,0.020715562078213293,True,0.3732060189852756,0.31522564927875174,0.05917862728205718,-0.09999999999999998,0.031066625980620963,-0.1,3.433747044680934e-08,1.9372176394066887,4.014104198320732,0,3.7459052345715977,8.141855177610422e-11,2.515105069590974,5.579013853553585,0,,0,1
S2_N60,3500068,3.0535657725635406,1.805541670603266,5.164247427341933,3.128342711732922e-05,-0.719757882374199,0.4304654247522691,0.09999665976649756,60,0.015744350054155493,0.015100835970569285,True,0.00034263141352931797,0.0002836333687459731,True,0.048313823755852664,0.057339201271840924,0.02855142225191546,-0.050000000000000044,0.04069142053242906,-0.05,3.128342711732922e-05,1.805541670603266,5.164247427341933,0,3.306771711893525,1.4087566324991494e-05,1.9274072220280307,5.673289499804628,0,,0,1
S2_N60,3500069,2.421893634598396,1.5668388128917154,3.743568725159988,6.862503487311326e-05,-1.904651577258955,0.45539131141117567,0.00010057201673490224,60,0.0025436995719542222,0.0003366132289301323,True,0.11241615194186304,0.22263091445942373,True,0.09810840846161034,0.06038768924701958,0.06765668811785472,0.09999999999999998,0.10767249636858878,0.1,6.862503487311326e-05,1.5668388128917154,3.743568725159988,0,2.5278312006306596,7.208327673258464e-05,1.5991122569971938,3.9959237076206433,0,,0,1
S2_N60,3500070,4.578392486078117,2.856610840014433,7.3379535857501175,2.595363485064707e-10,-1.6884702764104513,0.3850225054507209,5.047767125639194e-05,60,0.0004581788179483379,0.0004669098455293561,True,0.2642290376055061,0.27243011228103653,True,0.5024739899181051,0.3729100566981367,0.12428774864400483,0.13333333333333336,0.10897483949787219,0.13333333333333333,2.595363485064707e-10,2.856610840014433,7.3379535857501175,0,5.410930036462897,7.426161613128808e-12,3.3376385466421303,8.772119404287203,0,,0,1
S2_N60,3500071,2.826111979633353,1.817788261727775,4.393750960761371,3.943981902429881e-06,-0.9666666666666668,0.4171880127248269,0.024113333441796305,60,0.0001827083241244319,1.701607955476491e-05,True,0.36524609922370554,0.4234811242695975,True,0.3541507198022896,0.35660746406274346,0.21403067626636466,0.16666666666666663,0.19839067835261767,0.16666666666666666,3.943981902429881e-06,1.817788261727775,4.393750960761371,0,3.1694447974487643,3.450880279066339e-06,1.9473996370304691,5.158355857246094,0,,0,1
S2_N60,3500072,2.491100489902857,1.6247645689902501,3.8193728305208334,2.8399695368554733e-05,-1.6003638981608723,0.4350303358015051,0.0005210923362509424,60,8.66632613586137e-05,4.235983812501792e-06,True,0.009776085441436651,0.007926869636476288,True,0.43782898027964867,0.42211046256452756,0.1537728935791529,0.14999999999999997,0.1610698776938587,0.15,2.8399695368554733e-05,1.6247645689902501,3.8193728305208334,0,3.0917337036661134,7.259538593771478e-07,1.9782147926215574,4.832042167533035,0,,0,1
S2_N60,3500073,3.0663765171356476,2.0213647630782456,4.6516418592961175,1.3642517977590078e-07,-1.0237334070068806,0.3850801888946199,0.010169487428344143,60,0.00031689995575011955,0.0005421972249942612,True,0.5459799110614395,0.6620026635606993,True,0.2951095481188828,0.6765198993537774,0.16088792754485978,0.15000000000000002,0.11078793845304426,0.15,1.3642517977590078e-07,2.0213647630782456,4.6516418592961175,0,3.1766705862879987,3.266252033215803e-07,2.0386391379185014,4.94998640322913,0,,0,1
S2_N60,3500074,2.6850886321927647,1.7742193777878537,4.063590474206222,2.981925975720409e-06,-0.7075932497791371,0.46315324209362396,0.13209940931130412,60,0.018868360246384157,0.012946196765733218,True,0.0006897985392296485,0.00023190599338248835,True,0.5166803344216391,0.4709954527388237,0.04795665410991221,0.09999999999999998,0.03702976749185188,0.1,2.981925975720409e-06,1.7742193777878537,4.063590474206222,0,3.1275233816634755,6.934277416141213e-07,1.993636819789605,4.906311122345746,0,,0,1
S2_N60,3500075,2.5167301639132655,1.7803315266102626,3.557725414215771,1.733991661319935e-07,-2.202236658657409,0.41356834830434464,1.7783868124656367e-06,60,0.020627495725045922,0.01777106887784315,True,0.07193555532059212,0.05889435856369444,True,0.4592937742024866,0.42707537475320545,0.023564934774113106,-0.033333333333333326,0.03458522722176078,-0.03333333333333333,1.733991661319935e-07,1.7803315266102626,3.557725414215771,0,2.523080995995793,1.2767420293798984e-06,1.7349258480580938,3.6692851855775466,0,,0,1
S2_N60,3500076,3.8106939279135528,,,,-1.4335938030848683,0.39105886736166984,0.0005426239323935651,60,0.00045765013949612985,6.302199873978944e-05,True,0.0030363497300119565,0.000887601128292519,True,0.5251321404165852,0.2946066876378689,0.01369075397413562,0.033333333333333326,0.006984090312687173,0.03333333333333333,7.904459718914316e-07,2.3467725018741215,6.187812495945179,1,4.162769787549752,1.2060750959456935e-05,2.2913656780683316,7.562587006516314,1,0.0,0,1
S2_N60,3500077,2.9043574508554517,1.9444153760526808,4.338215129456494,1.9082753004187944e-07,-2.1637800320341714,0.40085705941297933,1.3601133050260755e-06,60,0.07507453185434941,0.09859529612823771,True,0.0995148421402099,0.10276385875546055,True,0.0463307887920595,0.018817411986160684,0.007850260824036932,-0.01666666666666672,0.006438935487666038,-0.016666666666666666,1.9082753004187944e-07,1.9444153760526808,4.338215129456494,0,3.4820586053380103,4.265302990013387e-08,2.2285714115625206,5.440584972104377,0,,0,1
S2_N60,3500078,2.992788591338913,2.0582398650446994,4.351671398733615,9.508184555396164e-09,-1.927127803296408,0.5203414945863121,0.0004816511626239394,60,0.03588868095175198,0.014497258208411887,True,0.5589923021065708,0.6298230564721823,True,0.8124954603873609,0.9822365918341329,0.03847717815894564,0.06666666666666665,0.055861640058665306,0.06666666666666667,9.508184555396164e-09,2.0582398650446994,4.351671398733615,0,2.982311784122769,1.4489915417363413e-08,2.0438102070952797,4.351765906071188,0,,0,1
S2_N60,3500079,2.1903368771211777,1.4394578808020664,3.3329044908238252,0.00025152840845883576,-1.1333333333333335,0.3653823136859864,0.0029899617760730563,60,0.017976107677067494,0.009933964766629276,True,0.004728968809760544,0.0032749350089494047,True,0.44051185732420406,0.5872409297999781,0.22287411742752392,0.18333333333333324,0.22748124767902822,0.18333333333333332,0.00025152840845883576,1.4394578808020664,3.3329044908238252,0,2.3570294552671958,7.665933246098959e-05,1.5410451648971482,3.605077890996117,0,,0,1
S2_N60,3500080,3.298439050737765,2.1132313322331915,5.148371598264421,1.4906099477531148e-07,-0.773855388813097,0.3666825727908214,0.03922202798687094,60,0.004009673688372901,0.011548062608293365,True,0.04815205140981943,0.029989113086232408,True,0.5918999031652262,0.6243468645012547,0.19880496296220138,-0.16666666666666669,0.21780653959086677,-0.16666666666666666,1.4906099477531148e-07,2.1132313322331915,5.148371598264421,0,3.716041789195084,1.4070402015292384e-08,2.3610609509197444,5.848627742399009,0,,0,1
S2_N60,3500081,2.8768243996488794,1.8832154299423367,4.394674392970828,1.0187567434951564e-06,-1.3806137061029675,0.4827565740684553,0.00591273221285426,60,0.01431017327637527,0.019682748889135786,True,0.17757462563697712,0.33914518327130283,True,0.08830476942209918,0.19639419804992753,0.021998267168323336,0.04999999999999999,0.03394444614884941,0.05,1.0187567434951564e-06,1.8832154299423367,4.394674392970828,0,3.3214447334102672,2.4361109554866903e-07,2.105740980749419,5.239008604549545,0,,0,1
S2_N60,3500082,2.105861922020247,1.3164007545739564,3.3687723280362687,0.0018914320687337589,-1.311844279751257,0.3972056603107203,0.001657535521940039,60,0.0014765108413591626,0.0014433955436553786,True,0.047477749877298865,0.044493391391273986,True,0.5059971147873346,0.5227725881354581,0.09183422111344389,0.1166666666666667,0.10999732974545201,0.11666666666666667,0.0018914320687337589,1.3164007545739564,3.3687723280362687,0,2.12034106998134,0.002259493450738212,1.3089286880325481,3.434752629501402,0,,0,1
S2_N60,3500083,2.462296867951119,1.6245504011788219,3.7320515642496934,2.1678987609705647e-05,-1.7427122153209114,0.37331301057511934,1.889234889364131e-05,60,0.005096671676594238,0.003987702949117842,True,0.11920946655475019,0.1180741280200053,True,0.078256776933495,0.24402383671483874,0.0672280842923684,-0.11666666666666659,0.07869423055131809,-0.11666666666666667,2.1678987609705647e-05,1.6245504011788219,3.7320515642496934,0,2.9305219060970202,1.1566054723937852e-06,1.8999695899207258,4.520050577479418,0,,0,1
S2_N60,3500084,2.1268058056953105,1.3873985319907274,3.260276575793228,0.0005357301322372962,-2.6786517470243023,0.41004601053941836,1.9044130562990226e-08,60,6.566665510449207e-05,0.00024698795975782855,True,0.060685788059382656,0.04325392479169915,True,0.36560767477039813,0.4175055625933196,0.011407892604578133,-0.033333333333333326,0.018107644086190658,-0.03333333333333333,0.0005357301322372962,1.3873985319907274,3.260276575793228,0,2.3666982210112573,0.00015054878453221949,1.5158861712600413,3.695040284378309,0,,0,1
S2_N60,3500085,2.6564447302067364,1.8108019195327894,3.897001946222734,5.829374982646483e-07,-1.1186355722049295,0.389004989767049,0.005661148694972223,60,0.018910882437793392,0.012831199174528744,True,0.0013160630000091885,0.003427347260860447,True,0.22549843536544223,0.6071823450031177,0.03331679557225639,0.06666666666666665,0.024052808432163397,0.06666666666666667,5.829374982646483e-07,1.8108019195327894,3.897001946222734,0,3.2717370478364143,1.8485471529454208e-06,2.0101507933796148,5.325104636646952,0,,0,1
S2_N60,3500086,2.628402457011992,1.7559127096281615,3.9344207933261366,2.660945823248976e-06,-1.4543011872526566,0.41173999844220877,0.0008246919052797246,60,0.009370931149760705,0.003057376029856678,True,0.17295201855541686,0.22725907536746115,True,0.5579530799891452,0.5924964196768514,0.04102211799198023,0.08333333333333326,0.03223701057934687,0.08333333333333333,2.660945823248976e-06,1.7559127096281615,3.9344207933261366,0,2.700897113255115,2.7283578047531104e-06,1.7831598397325608,4.090965405257164,0,,0,1
S2_N60,3500087,2.732801552844602,,,,-2.05609526794108,0.4872479794373207,8.867827760035165e-05,60,0.0005660409187737165,0.0005162859076653065,True,0.11824721046884411,0.11360178465435203,True,0.32944548033565624,0.31657692006258653,0.019955882436848853,-0.04999999999999993,0.027308269234333698,-0.05,0.0008723738392141325,1.5399828105153328,4.849537459921868,1,2.9815471254306685,0.0005132802542602101,1.6450786984011192,5.403767777069792,1,0.0,0,1
S2_N60,3500088,2.2408784057115567,1.4630875389367788,3.43215009050894,0.00020766541868643952,-2.1000025646944174,0.4373914685483429,1.180831736108532e-05,60,0.0017763390209669218,0.00017088614445573058,True,0.13297260062785773,0.21589711186248406,True,0.5728313599626467,0.537320077952588,0.0702789037434872,-0.09999999999999998,0.031066625980620963,-0.1,0.00020766541868643952,1.4630875389367788,3.43215009050894,0,2.610018288567567,6.7263690543212934e-06,1.7189485058426208,3.9630014764856867,0,,0,1
S2_N60,3500089,5.410393584838388,3.468189656483906,8.440241636767082,9.972465573854304e-14,-1.255794724929558,0.5281606551571196,0.020799118085680413,60,0.0025487332985021038,0.0009327186515049123,True,0.17296458260359115,0.19233152451320934,True,0.7207142277663556,0.9585521814387035,0.03369755590987656,0.06666666666666671,0.03985964256087003,0.06666666666666667,9.972465573854304e-14,3.468189656483906,8.440241636767082,0,5.858932334185903,3.796398359455282e-14,3.7064903829241245,9.261345518314213,0,,0,1
S2_N60,3500090,3.362262368541335,2.208170255249679,5.119536506767657,1.579400461960968e-08,-1.0666666666666667,0.4589775463968866,0.02371312921407236,60,1.1697933319791964e-05,8.832315632281385e-07,True,0.23414364206658145,0.2663103100388796,True,0.22036845694139418,0.31581733168467774,0.018623830081220975,0.03333333333333338,0.020703871074318144,0.03333333333333333,1.579400461960968e-08,2.208170255249679,5.119536506767657,0,4.404605388313967,1.1928987117113365e-11,2.8694295145273423,6.761116984593409,0,,0,1
S2_N60,3500091,4.262047322692981,,,,-1.1082289297072172,0.43502325406036707,0.013571534204079375,60,0.07360436717286506,0.07405563909953736,True,0.01692813096333396,0.009899863821440211,True,0.8783690377610819,0.7599977108208933,0.08443033522056091,-0.09999999999999998,0.049040513709165096,-0.1,0.0018663674247183229,1.7492630085038345,10.384400340353155,1,5.60685074438418,7.670871256185406e-05,2.4907740822607436,12.621287291245595,1,0.0,0,1
S2_N60,3500092,2.1233399373078923,1.4660548818578167,3.0753094888598733,6.768828226947878e-05,-0.6000000000000012,0.4057793055468422,0.1447428078247333,60,0.0003169959600131027,2.5949301618235032e-05,True,0.9545682640458557,0.8822070914550777,False,0.7413718206014571,0.6296793889816588,0.011431273899135124,0.033333333333333326,0.006984090312687173,0.03333333333333333,6.768828226947878e-05,1.4660548818578167,3.0753094888598733,0,2.4871284374181406,3.23976611507888e-05,1.6183931131310116,3.822191168526834,0,,0,1
S2_N60,3500093,3.048411932556532,1.927575761092628,4.820985767784042,1.8774842357911227e-06,-1.456528518670496,0.3860116804173248,0.0003856749810094112,60,0.27932272968976524,0.14939833203749564,True,0.005802604636117901,0.030450076350816212,True,0.7694406576857852,0.9822141654193506,0.017005320793431675,0.04999999999999993,0.014962499607782146,0.05,1.8774842357911227e-06,1.927575761092628,4.820985767784042,0,4.447815333762527,2.8124872853373914e-10,2.797598156168664,7.071444910567909,0,,0,1
S2_N60,3500094,2.8585619105348883,1.8669505108314042,4.3768574201369335,1.3501646909871115e-06,-1.9403617536608657,0.4927891779517874,0.00022663364133214262,60,0.04777202986952765,0.026661474160302907,True,0.053064464670107815,0.1308326323034108,True,0.6964822093425609,0.7266484411634919,0.10588938170849517,-0.1333333333333333,0.09322146054532483,-0.13333333333333333,1.3501646909871115e-06,1.8669505108314042,4.3768574201369335,0,3.0140179189268035,2.2573297829112306e-06,1.9079054745184343,4.761401514351641,0,,0,1
S2_N60,3500095,3.5751563139643614,2.3698626727334835,5.393452884987772,1.256674715800584e-09,-0.8790530108080281,0.4304289916182348,0.045760520169141415,60,0.0019445837643254787,0.0003437904025176294,True,0.1080885653165907,0.1420182800635806,True,0.9492660568721614,0.8819829053970438,0.016048358235386313,0.033333333333333326,0.02611787677947958,0.03333333333333333,1.256674715800584e-09,2.3698626727334835,5.393452884987772,0,3.6500230847017234,3.566007689431988e-09,2.374666220997549,5.610333107470953,0,,0,1
S2_N60,3500096,2.236664374243158,,,,-2.2354846585822434,0.413462747421912,1.3164592569829815e-06,60,3.779779156390422e-05,1.5371022197539863e-05,True,0.001091756091036915,0.06798379083901532,True,0.6039611049420857,0.6088206702894868,0.03712272529731236,-0.06666666666666665,0.020312249929417412,-0.06666666666666667,0.0008210652161245508,1.4166096993208446,3.5314367291194833,1,2.218618253123152,0.0009084220043221526,1.4057205452919461,3.501597077439705,1,0.0,0,1
S2_N60,3500097,2.7260638701406554,1.787081115315721,4.158414612743166,3.244416467989857e-06,-1.034868668623467,0.4703746725472021,0.031868859705299915,60,0.001641361332633674,0.0017765385758622316,True,0.09948052016327746,0.05484025032978689,True,0.7696452986069406,0.9585242979386152,0.03529136327269828,0.06666666666666665,0.04388585412165995,0.06666666666666667,3.244416467989857e-06,1.787081115315721,4.158414612743166,0,2.6581856799396837,1.5131152016144723e-05,1.7070818676459671,4.139198736133381,0,,0,1
S2_N60,3500098,2.2666547760245948,1.4695269450990387,3.4961753445962493,0.00021481723310502558,-2.1666666666666687,0.42626579458217007,4.298503769045043e-06,60,0.007070493131282675,0.0020068810059761964,True,0.17954120732627576,0.2660431341835223,True,0.231922861932074,0.09342524451566071,0.03304492879174112,-0.06666666666666665,0.03584092457190081,-0.06666666666666667,0.00021481723310502558,1.4695269450990387,3.4961753445962493,0,2.5686732496270777,8.958061751913312e-06,1.6938956048897698,3.8952118680177477,0,,0,1
S2_N60,3500099,2.839384351730956,1.910727413610781,4.219389662505197,2.4200083618809424e-07,-1.1472911231659,0.3628904330053406,0.002514207952329455,60,0.006210514352845396,0.0034507963148660745,True,0.17286405846043562,0.13846455785215533,True,0.02831217645737829,0.14773231376669332,0.028847009058967713,0.06666666666666665,0.05189871508620118,0.06666666666666667,2.4200083618809424e-07,1.910727413610781,4.219389662505197,0,2.9381655661821244,4.902383613664771e-06,1.8504705154028784,4.665200997498096,0,,0,1
S2_N60,3500100,3.7339644747494254,2.3374668257981073,5.96478655645956,3.5323737276703196e-08,-1.545305269443203,0.4106009163230145,0.000397908786111343,60,0.03323629031038311,0.04634111140020275,True,0.17757462563697712,0.2962157926303187,True,0.959320630260955,0.7771741287440908,0.00844668841325924,0.0,0.0008115715540151703,0.0,3.5323737276703196e-08,2.3374668257981073,5.96478655645956,0,4.153651181974182,6.345425527547675e-08,2.4793136286201634,6.958707419003461,0,,0,1
S2_N60,3500101,2.0175754339727523,1.3564892575715262,3.000842512426385,0.0005297412977502544,-1.1333333333333309,0.4149879293236067,0.008388396132400028,60,0.23128608157215969,0.2105442854638817,True,0.5235125013093522,0.5096909148999804,True,0.9913545373411168,0.9525784759339815,0.01897434488016073,0.050000000000000044,0.005349123154234521,0.05,0.0005297412977502544,1.3564892575715262,3.000842512426385,0,2.167078265084251,0.0011082499024902017,1.3615519438399968,3.4491730030921577,0,,0,1
S2_N60,3500102,2.3288095842206125,1.513721553731769,3.5827950432413527,0.0001199859044304744,-0.9818307585888884,0.41989940792175334,0.022906136017795824,60,0.029949053438956146,0.011570070019147404,True,0.16294751342723568,0.19758984782137745,True,0.2629583546463705,0.26466299831318174,0.015649198054423934,0.033333333333333326,0.020703871074318144,0.03333333333333333,0.0001199859044304744,1.513721553731769,3.5827950432413527,0,2.4338573838128608,0.00024134680285765525,1.5137899262318026,3.913133296827943,0,,0,1
S2_N60,3500103,2.592224242552352,1.7565891937287212,3.825383047821402,1.6068427338259436e-06,-2.023614084449609,0.44883250068095254,3.2993858818741445e-05,60,0.5310146933865031,0.5385154969379821,True,0.002312495675146375,0.00037980945443875046,True,0.22142174595692388,0.24905360625549078,0.01653126319836653,-0.033333333333333326,0.008888955299185534,-0.03333333333333333,1.6068427338259436e-06,1.7565891937287212,3.825383047821402,0,2.823831938184255,3.1996435207566466e-06,1.8244004644415293,4.370765613431473,0,,0,1
S2_N60,3500104,2.0794139989550606,1.439365238041926,3.004076008485851,9.606837884145524e-05,-1.4789387829081542,0.40861906438205486,0.0006282735858256245,60,0.0009179687331409606,0.0030116652012182766,True,0.029936021767703803,0.015003497715138342,True,0.49938412666073984,0.4616221457088624,0.1302099775621988,-0.1333333333333333,0.0667044862412727,-0.13333333333333333,9.606837884145524e-05,1.439365238041926,3.004076008485851,0,2.180294814634792,0.00022447663820225264,1.4411151456423992,3.2986160010165837,0,,0,1
S2_N60,3500105,2.962514787948862,1.971505790330825,4.4516703485527,1.724009525011576e-07,-1.3217798672935208,0.4666347533643812,0.006372169657108496,60,0.11334570368184266,0.09381084045149658,True,0.054398666239616505,0.06185537368516676,True,0.07291245898707892,0.05534123486395474,0.032814630701453004,0.04999999999999993,0.033944446148849415,0.05,1.724009525011576e-07,1.971505790330825,4.4516703485527,0,3.6292850990945897,5.679137678594535e-10,2.4144743390179086,5.455311790916626,0,,0,1
S2_N60,3500106,3.4417926636583385,2.2694266917092523,5.2197926387701115,5.9979823023691035e-09,-0.9226079481584342,0.47677561625689174,0.057945348426563105,60,0.004153699867540658,0.001057605586928078,True,0.13030673188389014,0.19387240632674563,True,0.22095297064158737,0.1350896188431827,0.425393025442155,0.23333333333333328,0.4287656086698745,0.23333333333333334,5.9979823023691035e-09,2.2694266917092523,5.2197926387701115,0,3.544254998196445,1.7396987620886244e-08,2.2825789234435847,5.503311786165694,0,,0,1
S2_N60,3500107,3.6483976984269884,2.440217861353194,5.45476122304342,2.8414050579856517e-10,-1.9932939125161078,0.394457594896923,4.7850907752222575e-06,60,0.002050988360139571,0.0008811801075944274,True,0.6322982013644174,0.9409288204983646,False,0.09913543768645072,0.0975376866651991,0.033594033214609166,0.08333333333333337,0.018382435459380706,0.08333333333333333,2.8414050579856517e-10,2.440217861353194,5.45476122304342,0,4.404037511383,5.747444005665174e-11,2.826152022769788,6.862881488823748,0,,0,1
S2_N60,3500108,2.6667335023885466,1.6597714205834284,4.284606593757184,5.0287473925821704e-05,-1.0184071893399438,0.3286286648660445,0.003014317317197388,60,0.0028385692911271575,0.0024572838054194085,True,0.09960283811305569,0.05900662817430419,True,0.37152250568789236,0.39320175568948135,0.0220741399925757,0.050000000000000044,0.030604986088393103,0.05,5.0287473925821704e-05,1.6597714205834284,4.284606593757184,0,3.130735421426776,3.359953084781996e-05,1.8256863631387268,5.368668177005777,0,,0,1
S2_N60,3500109,1.8460081378046012,1.2252251349280066,2.7813223445183795,0.003376384231673177,-1.1097938404153433,0.3983712827961627,0.007237039899363067,60,0.012618440537717898,0.004529480783660595,True,0.0002813980977174226,3.531191580798796e-05,True,0.7864249122081846,0.9645048293328103,0.01414538023995743,-0.04999999999999993,0.012218683801636616,-0.05,0.003376384231673177,1.2252251349280066,2.7813223445183795,0,1.9923815832435992,0.0013843727438457272,1.3058377248248934,3.039875704142774,0,,0,1
S2_N60,3500110,3.575432106003994,2.402931759045054,5.320049017839988,3.3038099771207753e-10,-0.6934438183626128,0.41575133241529827,0.10081501953709579,60,0.006614238521893349,0.003363390650542439,True,0.016257354861555454,0.01757916538690633,True,0.2326584098049439,0.226128792758574,0.01339023943322896,-0.050000000000000044,0.009676838605003346,-0.05,3.3038099771207753e-10,2.402931759045054,5.320049017839988,0,4.177327410107041,5.026003855529061e-10,2.661922543582613,6.555436533380872,0,,0,1
S2_N60,3500111,2.9432159230115853,1.9670902835759765,4.403722615985541,1.514594608741135e-07,-1.5923392588661915,0.43361519667535575,0.0005319122809249648,60,0.003370431447397711,0.0006262010383769804,True,0.2800108628133966,0.32816062639328636,True,0.4771653115718215,0.4855027840322401,0.00472751762875438,0.033333333333333326,0.005285535552518433,0.03333333333333333,1.514594608741135e-07,1.9670902835759765,4.403722615985541,0,2.957384025730638,5.0391925418539994e-08,2.0024166072571963,4.367782530343036,0,,0,1
S2_N60,3500112,2.0841032727246307,1.4219664004393466,3.0545633497665654,0.0001666790484816651,-1.358107117904677,0.4147606583262455,0.0018031174815096947,60,0.0029380490765335016,0.0021480682474629286,True,0.24524238660161723,0.17765609223687995,True,0.14173652025364133,0.07913195716927826,0.026223654860602612,0.04999999999999993,0.024072630704938636,0.05,0.0001666790484816651,1.4219664004393466,3.0545633497665654,0,2.310710395110669,5.6470917832040025e-05,1.537136858741379,3.473589550408957,0,,0,1
S2_N60,3500113,2.4349586323849786,1.5901767818607695,3.7285310721794023,4.246816943531905e-05,-1.255197685631631,0.39304688826535344,0.0022898406696719087,60,0.0008330724766199745,0.0015063958066418026,True,0.013262085094736009,0.009698595485857288,True,0.36635903152540694,0.3608227909206706,0.0041021182260116106,0.0,0.0012910097575818788,0.0,4.246816943531905e-05,1.5901767818607695,3.7285310721794023,0,3.19517905878584,7.664833737995803e-08,2.0918403385548836,4.880472486134586,0,,0,1
S2_N60,3500114,2.939540841562036,1.9644300027142534,4.398680710064552,1.5768919908041157e-07,-0.7666666666666673,0.4292055477140675,0.07937843839280215,60,0.0016479727828384084,0.003619977168918745,True,0.11229923023618402,0.19172927630849268,True,0.37132754882420205,0.6601514004355915,0.028382977650401233,0.050000000000000044,0.04069142053242906,0.05,1.5768919908041157e-07,1.9644300027142534,4.398680710064552,0,2.984683836668765,5.547827938574568e-07,1.9452565967042061,4.5795180029025095,0,,0,1
S2_N60,3500115,3.077134095447245,1.9941902721318217,4.748169908201228,3.797633580584337e-07,-1.569228079717182,0.5144971601759063,0.003468786774603542,60,0.13293009915590648,0.1269567334581634,True,0.08127880960323992,0.17920495461884145,True,0.1380025790293732,0.14311112864937406,0.022141843555392293,0.06666666666666665,0.0318497240814113,0.06666666666666667,3.797633580584337e-07,1.9941902721318217,4.748169908201228,0,3.1147504188851594,4.023196896901674e-07,2.0072187119849754,4.833389662031955,0,,0,1
S2_N60,3500116,1.7215367085038749,1.1628889278975743,2.548556932332744,0.00664980835629512,-1.130281090289612,0.4409045831906595,0.013023346906685808,60,0.1790351494869119,0.2300645660021553,True,0.03819050468783109,0.004499151010360384,True,0.4838398513935682,0.4986152306976974,0.02042857915319012,0.033333333333333326,0.010976711961823486,0.03333333333333333,0.00664980835629512,1.1628889278975743,2.548556932332744,0,2.025445054061027,0.001010976556645295,1.3297636913802944,3.08508022411257,0,,0,1
S2_N60,3500117,3.094660002964637,1.984768659749698,4.825207455239064,6.202497109827081e-07,-1.5490874670926105,0.3902190525687911,0.00020388640032781928,60,0.0030553904029159457,0.008165131133900013,True,0.002370559100847754,0.002002225501923431,True,0.5470759756623289,0.639188864208484,0.028390173884965814,0.050000000000000044,0.017873321408533847,0.05,6.202497109827081e-07,1.984768659749698,4.825207455239064,0,3.1351151588010007,2.5946299235373064e-06,1.9468531833531435,5.048632913353554,0,,0,1
S2_N60,3500118,1.8598918875856048,1.2157967907538363,2.8452105317385485,0.004225294912408053,-1.2540787119856898,0.43038718539451015,0.0050924490693746,60,0.0021054525929820934,0.003418353559948047,True,0.010424056247989765,0.0011270008755161357,True,0.48384216953686854,0.7263378914878248,0.02303709360861076,0.04999999999999993,0.020919425857346616,0.05,0.004225294912408053,1.2157967907538363,2.8452105317385485,0,2.0571730330515505,0.002724884280899876,1.2835472071048033,3.2970823858206337,0,,0,1
S2_N60,3500119,2.7206957083918812,1.7613440722093447,4.202577596537999,6.433138947050702e-06,-2.1042046651617743,0.41657982389651393,4.821691995945967e-06,60,0.00037176233061882505,7.01893095396805e-05,True,0.2513252375822459,0.292493562891057,True,0.1317079811603484,0.21729289551687858,0.24081264462107688,0.18333333333333335,0.1737920491433255,0.18333333333333332,6.433138947050702e-06,1.7613440722093447,4.202577596537999,0,2.8785626753613234,1.564490759275217e-05,1.7816451127641175,4.65082693327624,0,,0,1
S2_N60,3500120,2.8746060145477363,2.000961475570002,4.129694569217075,1.1135116729442502e-08,-1.999999999999999,0.4390829326642398,2.8085491156514714e-05,60,0.011728554264239483,0.005506217907516505,True,0.0013856059754303537,0.0007251839164106317,True,0.2538175728838371,0.2525666529369348,0.02527649230749,-0.06666666666666665,0.01335827374792207,-0.06666666666666667,1.1135116729442502e-08,2.000961475570002,4.129694569217075,0,2.9115663794152438,1.0872438269429608e-07,1.9627377341817334,4.319078720558327,0,,0,1
S2_N60,3500121,2.9471607143669436,1.8876786364123632,4.601289705124612,1.982568880327091e-06,-1.341329624908254,0.4646093636405354,0.005486004437099388,60,0.0015849616068705937,0.00318812639473245,True,0.19839648281301825,0.23593443270271586,True,0.00726316122561508,0.007143704506864654,0.05514043128563255,-0.09999999999999998,0.02523273257214481,-0.1,1.982568880327091e-06,1.8876786364123632,4.601289705124612,0,3.2308174936343392,7.535008421563491e-07,2.0301511255496383,5.141578646933323,0,,0,1
S2_N60,3500122,4.307503200129216,2.771196409359865,6.695513806403015,8.629567288292069e-11,-2.0935895433005256,0.40069879703421507,2.5656077906731673e-06,60,0.03989787520140328,0.12717939617122992,True,0.38623028512605073,0.37800737162391596,True,0.885176159739606,0.9349943247681112,0.0181112756305955,-0.033333333333333326,0.013223875138362328,-0.03333333333333333,8.629567288292069e-11,2.771196409359865,6.695513806403015,0,5.137065265691284,1.0471764489939686e-12,3.2748138642548184,8.058302131921858,0,,0,1
S2_N60,3500123,2.205753093770168,1.487352240839757,3.2711462537816196,8.337664838388227e-05,-1.067956075625449,0.539487174755198,0.052587594903567084,60,0.0015890442772581023,0.004756047913055596,True,0.3438583515901402,0.15709096263963213,True,0.24002896953840813,0.31644822879092105,0.01098315923792594,0.016666666666666663,0.006438935487666038,0.016666666666666666,8.337664838388227e-05,1.487352240839757,3.2711462537816196,0,2.376716542747092,1.671719038166218e-05,1.602485198405243,3.5250132295694394,0,,0,1
S2_N60,3500124,1.9550095492033306,1.2464400501640787,3.066382805152227,0.0035091116878798873,-1.5930895293452803,0.4014008441904881,0.00020453321444125361,60,0.0009003756765560977,0.0003366132289301323,True,0.0036981502757857387,0.006116185713920051,True,0.2906860630060172,0.3126938333979956,0.3079655177736075,-0.19999999999999996,0.30629646844445113,-0.2,0.0035091116878798873,1.2464400501640787,3.066382805152227,0,1.966943017749167,0.00412352140985206,1.2389565449438018,3.1226800091262996,0,,0,1
S2_N60,3500125,2.8139949368572212,1.857416145895333,4.263216685263107,1.0538229923092157e-06,-0.9803621730382284,0.459009931661772,0.03700248099766103,60,0.004899812465011554,0.00799333041232219,True,0.11341590119888831,0.22173638443792465,True,0.9635242873274904,0.587812521099755,0.14803273875236433,0.16666666666666663,0.1191322681195744,0.16666666666666666,1.0538229923092157e-06,1.857416145895333,4.263216685263107,0,2.763977927227277,1.6372139801670132e-06,1.8239301218328434,4.188523392838475,0,,0,1
S2_N60,3500126,2.6117446890011924,1.7078844849889696,3.993952975437909,9.433445044198996e-06,-1.5145079226631806,0.4824773319159971,0.002684406657958748,60,0.02297485852767693,0.04232653000880753,True,0.0021625211800917147,0.0017689161332698398,True,0.5072794588841909,0.5867724574567474,0.0673603828735322,0.11666666666666659,0.0717554886520022,0.11666666666666667,9.433445044198996e-06,1.7078844849889696,3.993952975437909,0,2.8493769077776685,5.750083033348294e-06,1.8122980535487485,4.47991915384918,0,,0,1
S2_N60,3500127,2.2137006332568685,,,,-1.525887058305507,0.42930872860504166,0.0007698007702436884,60,0.0001097898779502996,9.221944511123671e-06,True,0.6213204058162252,0.5047204595886201,False,0.39946401399905296,0.4536170849634489,0.02707703811734064,-0.04999999999999993,0.020919425857346574,-0.05,0.005832832529073309,1.2698219216787325,3.859179314847022,1,2.5773232108539585,0.0023154171756414156,1.4217466616132328,4.672136824762657,1,0.0,0,1
S2_N60,3500128,2.354411248517055,1.6119470209576605,3.438855157814296,9.423003252334104e-06,-0.9317472670001851,0.42234414140310106,0.03142039690507319,60,0.033129696253041636,0.021575726238340445,True,0.05161000843096692,0.020832949897759027,True,0.17786798194471698,0.2207747985662316,0.019354779786660337,-0.050000000000000044,0.005349123154234521,-0.05,9.423003252334104e-06,1.6119470209576605,3.438855157814296,0,2.5743254938745137,8.735856138354067e-06,1.6968369529582945,3.905591363305926,0,,0,1
S2_N60,3500129,3.1022698797667663,2.0955175686151137,4.592697551692907,1.551629283854569e-08,-1.9866234112523344,0.3523535131235664,5.584949022413399e-07,60,0.0022104265905502716,0.007646778122842795,True,0.06404231333505349,0.07397488955030428,True,0.3917087249303983,0.6555206743278525,0.053273453715444126,0.10000000000000003,0.06658844131424868,0.1,1.551629283854569e-08,2.0955175686151137,4.592697551692907,0,3.780809949398847,4.553225183526312e-09,2.4237784776192575,5.897619772378715,0,,0,1
S2_N60,3500130,2.2874782120791037,1.4825256709509278,3.5294880036581926,0.00018448735100245434,-1.1396001957083937,0.40690584898633253,0.006951812921610609,60,0.014505570001026612,0.01640032055473854,True,0.398864977224319,0.5479389931148271,True,0.15445739296908026,0.15718615238719674,0.2770126006447352,0.19999999999999996,0.263404020926092,0.2,0.00018448735100245434,1.4825256709509278,3.5294880036581926,0,2.4046900814479484,7.345534049778349e-05,1.5584261506894252,3.7104962498582506,0,,0,1
S2_N60,3500131,2.0816871984256986,1.3885925729643018,3.120729346001506,0.00038649295169667475,-1.2224488131168947,0.45927225623065865,0.010083724751791246,60,0.0036238879520356644,0.0006404330022222926,True,0.10823736608731377,0.0730961136679333,True,0.5302802047827206,0.846222443686409,0.030553861332566157,-0.06666666666666665,0.027910482327302838,-0.06666666666666667,0.00038649295169667475,1.3885925729643018,3.120729346001506,0,2.4660228317476083,3.0965575495714295e-05,1.6128220607853763,3.7705762802743235,0,,0,1
S2_N60,3500132,2.9621469966634586,1.8907249463504887,4.640714582403267,2.129888413653962e-06,-0.7000000000000012,0.41352536640114856,0.09596041761982056,60,0.03221270506948064,0.028368439771870965,True,0.0064073969521975,0.008690425858043284,True,0.5309681782492317,0.5231689825877244,0.013317576621726277,0.033333333333333326,0.013223875138362384,0.03333333333333333,2.129888413653962e-06,1.8907249463504887,4.640714582403267,0,3.147317990745771,4.4015736363896275e-06,1.9292293935205316,5.134490780692419,0,,0,1
S2_N60,3500133,2.9667165993315257,,,,-1.8833155523944998,0.41756725976482745,3.281218686321765e-05,60,0.0399094866420464,0.02112116554128214,True,0.5230262472762924,0.47242218825345106,True,0.5723340702655084,0.43572192789082365,0.040425963837162536,-0.08333333333333326,0.041943380194408623,-0.08333333333333333,8.997694908421075e-05,1.7681657109742954,4.977705045473061,1,3.268004625573642,1.9298744868007037e-05,1.9628199240707858,5.441076943330217,1,0.0,0,1
S2_N60,3500134,3.3599897338991145,2.0968850946182735,5.383953103049091,4.7035147453836766e-07,-0.8033100506357975,0.422423120107761,0.062272422889656315,60,0.001210581081255747,0.003255887445177163,True,0.014096013232834586,0.012155173449970143,True,0.08563735948310383,0.20416964540288096,0.01083695429223445,-0.033333333333333326,0.013223875138362384,-0.03333333333333333,4.7035147453836766e-07,2.0968850946182735,5.383953103049091,0,4.024344754825919,7.645851695585406e-08,2.4221911972240937,6.686239601669455,0,,0,1
S2_N60,3500135,3.3729877561300934,2.253453085483309,5.048716778837858,3.4619300541423367e-09,-1.0525226285667895,0.49102756762561645,0.03635231139232559,60,0.0017959674228813897,0.009703677621198264,True,0.2739523211454996,0.1972897713529429,True,0.9753251250680862,0.9645152427320279,0.1492980488477946,0.1499999999999999,0.13829036172519446,0.15,3.4619300541423367e-09,2.253453085483309,5.048716778837858,0,3.762993242816749,4.487563487402559e-09,2.416609074903016,5.859498870769072,0,,0,1
S2_N60,3500136,2.788187376927777,1.7884940724137735,4.346667382781721,6.004240578129466e-06,-1.5837133136188735,0.41072875943481457,0.00029560327478536956,60,0.05015263831745738,0.02298919125174635,True,0.22280581063245453,0.11528656553084476,True,0.2364632754589533,0.3336266156556451,0.004589690692308208,0.0,0.008562514012078708,0.0,6.004240578129466e-06,1.7884940724137735,4.346667382781721,0,3.043759593196744,1.971161549688733e-05,1.8256775163908159,5.074539384968795,0,,0,1
S2_N60,3500137,3.403857849016577,,,,-1.2185983080824214,0.44119846816523317,0.007717912101102123,60,2.4640093365678654e-05,8.156545273648112e-06,True,0.21787461459270963,0.2730862494873336,True,0.7889925375358893,0.6929912553073301,0.017428269771013385,-0.033333333333333326,0.005285535552518436,-0.03333333333333333,0.00022497430265626433,1.8245968091730376,6.350032071777542,1,3.628824845929784,0.0002276954825717654,1.8816868026193403,6.998172992501581,1,0.0,0,1
S2_N60,3500138,2.2384911447462135,1.481882980459969,3.381402358472241,0.0001287606023715279,-0.5598657920530794,0.5055329534018023,0.272739694942809,60,0.004371973008705794,0.01025841853329467,True,0.005997578432755139,0.02034133530392836,True,0.35065081282897814,0.3557340522414091,0.010520479015807023,0.01666666666666672,0.011589374014260653,0.016666666666666666,0.0001287606023715279,1.481882980459969,3.381402358472241,0,2.7822261851133043,4.963828343045659e-06,1.7932842510393536,4.316539634273663,0,,0,1
S2_N60,3500139,2.6556818370141806,1.7874500528802069,3.945646485664164,1.33030543580185e-06,-1.259516202647192,0.4171487590714963,0.0037855112918113837,60,0.001033135477398502,0.00037693222086514303,True,0.30338610221586826,0.3063212306986741,True,0.04266966543269982,0.06560887421647901,0.07280754817369432,-0.1166666666666667,0.0717554886520022,-0.11666666666666667,1.33030543580185e-06,1.7874500528802069,3.945646485664164,0,2.849329441404436,2.0087865135518566e-06,1.8501423573936813,4.388137071295962,0,,0,1
S2_N60,3500140,4.1887783884816985,2.6214709365088833,6.69313710232388,2.095226144399049e-09,-0.9841070957530982,0.4268622872932027,0.024802552229621442,60,0.05407807593015521,0.0662365830940112,True,0.07011761964154352,0.14460296491735172,True,0.9892416527884127,0.9703907918921014,0.004341116319191571,0.03333333333333338,0.005285535552518433,0.03333333333333333,2.095226144399049e-09,2.6214709365088833,6.69313710232388,0,4.286137145482734,7.650911056834368e-10,2.6958547956152947,6.814525641279556,0,,0,1
S2_N60,3500141,4.045306134918632,2.4117103235694444,6.785434206289788,1.1841804964558596e-07,-1.067499441625987,0.41423239548940627,0.012577327250233507,60,0.029601947147287228,0.01703734235948749,True,0.03854291965301537,0.05414549903799221,True,0.5832442565433817,0.7492738257044843,0.1382625203672609,-0.15000000000000002,0.1539288505774426,-0.15,1.1841804964558596e-07,2.4117103235694444,6.785434206289788,0,4.191830035636524,1.1395222451056482e-07,2.4681047595621703,7.119405681459645,0,,0,1
S2_N60,3500142,2.7771622881265605,,,,-1.091952435749905,0.3988381193548596,0.008236300070437104,60,0.010053362076241641,0.0014023117396514218,True,0.029727410737854208,0.02527474264459393,True,0.6073629668052246,0.7722938663245568,0.012764380593985427,0.06666666666666665,0.007468736386298326,0.06666666666666667,0.00012171096854766193,1.6900929260528275,4.56343568788553,1,3.094418029295557,1.3078620627774396e-05,1.924126759542186,4.976503181270506,1,0.0,0,1
S2_N60,3500143,2.7460874446273142,1.8016265066212425,4.185660138672196,2.634436748083863e-06,-1.241268521688101,0.4426690264201244,0.006887722525974297,60,0.0076017699130607385,0.009456069890139637,True,0.0012290037746270795,0.0016353195865616021,True,0.04321361749981518,0.014704601691651095,0.046741207896356544,0.08333333333333337,0.03223701057934687,0.08333333333333333,2.634436748083863e-06,1.8016265066212425,4.185660138672196,0,3.1821558972051602,4.602924326513671e-07,2.0291129687867833,4.99041517642659,0,,0,1
S2_N60,3500144,1.98855756407992,1.3235177904535451,2.9877657967139064,0.0009350675527212313,-0.8333333333333328,0.4344395453411562,0.0601022782668008,60,0.0013113711537837331,0.005160059065813793,True,0.25583892800270847,0.28617279177367905,True,0.9592991346432291,0.7326540617451609,0.07772819494467705,-0.1333333333333333,0.08476756566836449,-0.13333333333333333,0.0009350675527212313,1.3235177904535451,2.9877657967139064,0,2.027141267845571,0.0012336097725667114,1.3204562719170703,3.112031656933678,0,,0,1
S2_N60,3500145,2.544526195496125,1.6267903712552334,3.979992550957973,4.276657596626856e-05,-1.7741594274654524,0.4325247772497467,0.00013171331287789237,60,0.0011687403676696392,0.0032892640846516274,True,0.2988287327074023,0.2540142574955335,True,0.37561235689072203,0.32722753063737975,0.047367829635289106,-0.10000000000000003,0.014414852356442328,-0.1,4.276657596626856e-05,1.6267903712552334,3.979992550957973,0,2.8338141266498322,9.598074471439388e-06,1.7866912825432673,4.494622312685785,0,,0,1
S2_N60,3500146,2.726487204347306,1.7234432017287122,4.313302850951588,1.820501325730434e-05,-1.660546032592991,0.3913575355258548,8.198387825300791e-05,60,0.017292396418698126,0.08515814156897643,True,0.0017890776246622484,0.0017064118022813812,True,0.0399537180552001,0.0511226702813145,0.015360806979518565,-0.01666666666666672,0.008017003245231026,-0.016666666666666666,1.820501325730434e-05,1.7234432017287122,4.313302850951588,0,2.9965125636857635,1.3062647703785593e-06,1.9211527279902902,4.673802042651555,0,,0,1
S2_N60,3500147,1.9200544923976413,1.2874910505977486,2.863405731686264,0.0013780582641181773,-1.219999490880396,0.4439121004778368,0.00800835465730398,60,0.00041095081235217743,0.0007693394331497573,True,0.04198680510608515,0.0513663574673229,True,0.9490783579337168,0.8409068874580371,0.36339182781998425,0.21666666666666667,0.3435746030493208,0.21666666666666667,0.0013780582641181773,1.2874910505977486,2.863405731686264,0,2.167235695133696,0.00015427352127518325,1.4518572739609898,3.235104884275173,0,,0,1
S2_N60,3500148,2.549952802097698,1.67758953823761,3.8759536493991504,1.1778113350410743e-05,-1.8489727763365857,0.3973316959360864,1.989806435783883e-05,60,0.010065976938463542,0.022103440431834,True,0.06319760802211549,0.04374001238007196,True,0.974023425080487,0.9467293309079321,0.004102118226011609,0.0,0.0019122913616043673,0.0,1.1778113350410743e-05,1.67758953823761,3.8759536493991504,0,2.558615994361267,3.3430260184112546e-05,1.6415494925767387,3.988010008961252,0,,0,1
S2_N60,3500149,2.2119052310183407,1.4004106132516716,3.4936358698725822,0.000664090879070446,-1.7097790277219769,0.4234510168843485,0.00016298258541271618,60,0.03587242780971407,0.03793681702063586,True,0.1271551993593977,0.19966358111099836,True,0.11716685680377192,0.24865406262276712,0.20819370828086614,-0.16666666666666669,0.22350559873741427,-0.16666666666666666,0.000664090879070446,1.4004106132516716,3.4936358698725822,0,2.1925139300108407,0.0009411013053772779,1.3769249170027436,3.491197867023568,0,,0,1
S2_N60,3500150,2.2393474153820687,1.5040216585191648,3.334178612637613,7.197397402923719e-05,-1.4907121305754536,0.42757485840041154,0.0009494837162584288,60,0.0018238882912984806,0.0012032915818770812,True,0.00804538905485748,0.009530061225508538,True,0.24270560646352368,0.3199920883410391,0.04133433134491739,0.06666666666666665,0.05189871508620118,0.06666666666666667,7.197397402923719e-05,1.5040216585191648,3.334178612637613,0,2.255887250259315,0.00013403915883144436,1.4858877950861813,3.4249068487620025,0,,0,1
S2_N60,3500151,2.0516878375529717,1.3962271881147543,3.014855331994023,0.0002525754635984704,-0.6000000000000028,0.430933953151427,0.16923236974828706,60,0.015245868400892214,0.054989362924244625,True,0.3279281793518918,0.34711000783839363,True,0.39381173577702666,0.44484009572661976,0.10419374458398747,0.1333333333333333,0.11629985943292288,0.13333333333333333,0.0002525754635984704,1.3962271881147543,3.014855331994023,0,2.2292444191604486,0.00013325653870183493,1.4775492390687017,3.3633604545661693,0,,0,1
S2_N60,3500152,4.207582850493103,2.988032944610876,5.924885626075042,1.90240826612448e-16,-0.9333333333333329,0.4101514564119788,0.026648675406682226,60,0.0287855519196731,0.02571523174979872,True,0.018396965742684557,0.014704601691651095,True,0.7020679264273173,0.8231173190826258,0.0037726358457970664,0.0,0.0026791236098298488,0.0,1.90240826612448e-16,2.988032944610876,5.924885626075042,0,4.254651199104592,5.112294217140649e-13,2.8721324616382353,6.3026538879467,0,,0,1
S2_N60,3500153,3.87851330760137,2.5413272873550343,5.919294831519812,3.300758463866364e-10,-0.4594433199833498,0.3960197153720424,0.25082302291848185,60,0.05278994840329009,0.017671045771765682,True,0.17872499569335543,0.2268113660780121,True,0.11718198168721675,0.0961518037503552,0.17721981032999928,0.16666666666666663,0.1744894542765115,0.16666666666666666,3.300758463866364e-10,2.5413272873550343,5.919294831519812,0,4.0706371371443435,3.394559283451538e-10,2.6264964577328405,6.3088174566212025,0,,0,1
S2_N60,3500154,4.125685097138213,2.800059255142315,6.078899040971627,7.686799070121143e-13,-0.6444015163882388,0.41129171604104514,0.12270267178508515,60,0.002085233614408572,0.004140077628125476,True,0.031475131782870786,0.030978642090164623,True,0.6206907170753546,0.7607330634069436,0.06765668811785466,0.09999999999999998,0.06658844131424868,0.1,7.686799070121143e-13,2.800059255142315,6.078899040971627,0,5.641006852257291,7.993725693002999e-14,3.5828474266228083,8.881471778776845,0,,0,1
S2_N60,3500155,2.859975293341625,1.8480740448452662,4.425936667061063,2.399187602411247e-06,-1.0011157930663301,0.5000748308733451,0.050059040103152645,60,0.021255814772596658,0.05427303026364405,True,0.014317905422771216,0.028295949735235207,True,0.3834849387292538,0.6448249718850088,0.04094469878529658,-0.08333333333333326,0.041943380194408623,-0.08333333333333333,2.399187602411247e-06,1.8480740448452662,4.425936667061063,0,3.0964350925301307,4.080190812878675e-07,1.9995099823223315,4.795129990357037,0,,0,1
S2_N60,3500156,3.54925724525833,2.3109400703900866,5.451126645137248,7.2000516441892314e-09,-1.0954944794842878,0.4377463955093771,0.015221219231433195,60,3.3857605961636416e-05,7.468215856139154e-06,True,0.11302856437245935,0.1657328974015564,True,0.4031443832278938,0.6555297314312043,0.016906749524086773,0.033333333333333326,0.006984090312687173,0.03333333333333333,7.2000516441892314e-09,2.3109400703900866,5.451126645137248,0,4.065962109492912,2.5826701300936535e-09,2.562761917925485,6.450871522710344,0,,0,1
S2_N60,3500157,3.944718864911705,2.566232442093352,6.063677891351447,3.9430933842063243e-10,-1.2556874892445338,0.5113845781125954,0.017143315780725015,60,0.042322787256025104,0.03861749008130883,True,0.6306252172334701,0.5783742201579889,True,0.42471469662952144,0.33791490888529385,0.005596553082575612,0.0,0.0035906023090339777,0.0,3.9430933842063243e-10,2.566232442093352,6.063677891351447,0,4.167319343282866,2.366520314070144e-10,2.6797543415222487,6.4806501998367425,0,,0,1
S2_N60,3500158,2.8036915446849804,1.7761096039833526,4.425788960382047,9.591962204881788e-06,-1.6826587038265903,0.3723241163892357,3.178859989505411e-05,60,0.0011756902834861487,0.0017715422033146562,True,0.0006355512872640625,0.0009159064246409488,True,0.08270729647020084,0.06571093338689762,0.052815479912710545,0.08333333333333337,0.05164985455623694,0.08333333333333333,9.591962204881788e-06,1.7761096039833526,4.425788960382047,0,2.8262067494478575,4.313415816971281e-05,1.7178448344727422,4.649689209605599,0,,0,1
S2_N60,3500159,2.661452572217282,1.8092684869266265,3.915024135635236,6.660907256034442e-07,-1.969530394416385,0.5030928209865261,0.0002440446679671117,60,0.027287982549430725,0.01208479218408016,True,0.07430207578758043,0.07048470756657078,True,0.08374382827742881,0.09639437518349278,0.04351834366461792,0.08333333333333337,0.041943380194408623,0.08333333333333333,6.660907256034442e-07,1.8092684869266265,3.915024135635236,0,3.3159192504757304,1.0415964105878978e-08,2.1995674260093065,4.998855841225304,0,,0,1
S2_N60,3500160,2.3251810473991923,,,,-1.962858791288041,0.4386198550847958,3.7058908297457805e-05,60,0.016491142087462798,0.0054130157813459204,True,0.03584534368683683,0.03206748484241711,True,0.30302625822743745,0.29586509482462087,0.017843279329939604,-0.04999999999999993,0.030604986088393103,-0.05,0.002505636684646418,1.3622057033229658,3.968906377352455,1,2.4185145858217183,0.0012864420242066968,1.4340038408207663,4.078938030238847,1,0.0,0,1
S2_N60,3500161,2.547995311289763,1.7473722319394842,3.715453403507823,1.1737652715462018e-06,-1.0410284685082047,0.44862241005016595,0.023915564758892633,60,0.0023594401656311923,0.005418855749616775,True,0.014770207376412221,0.026321705613934206,True,0.7062913945919214,0.788554581261758,0.023883089600497176,-0.04999999999999993,0.009676838605003346,-0.05,1.1737652715462018e-06,1.7473722319394842,3.715453403507823,0,3.09471615193332,7.556298292509752e-08,2.050213034950632,4.671352633980103,0,,0,1
S2_N60,3500162,2.2630761078023864,1.464136267766649,3.4979759619766857,0.00023691433800049862,-0.9588241900162817,0.3820181240404522,0.014940939127038453,60,0.04150606828750005,0.031791268641813336,True,0.08124917474755579,0.15033423618651,True,0.7231724390948705,0.6932744976086371,0.03548013164579192,-0.08333333333333326,0.02747181859148356,-0.08333333333333333,0.00023691433800049862,1.464136267766649,3.4979759619766857,0,2.3705939451906675,0.0002126497800329888,1.5013266537961887,3.7431665112751364,0,,0,1
S2_N60,3500163,1.891043678725202,1.2818245011517897,2.7898095188797467,0.0013207260227098506,-1.1558665027890676,0.37638389556233737,0.003266861150581282,60,0.3161202311627339,0.35786754596478365,True,0.011672123532198115,0.009676249642165477,True,0.47124250416460167,0.34506508765134813,0.03304492879174112,-0.06666666666666665,0.020312249929417412,-0.06666666666666667,0.0013207260227098506,1.2818245011517897,2.7898095188797467,0,2.057264295847494,0.0009328875348562619,1.342089706762924,3.1535420930819456,0,,0,1
S2_N60,3500164,3.135263360197033,2.0245115424735203,4.855431115884862,3.045485188560226e-07,-1.6296670570520315,0.4881185803095692,0.0014881034241036896,60,0.0006073255075034299,0.0018169564472551628,True,0.5968660581791521,0.5532960449263431,True,0.4374240650905925,0.3720170701695591,0.06562766649961564,0.10000000000000003,0.0722118480201929,0.1,3.045485188560226e-07,2.0245115424735203,4.855431115884862,0,3.9622460122796106,1.0415459520057989e-08,2.4728224997961052,6.348774917374845,0,,0,1
S2_N60,3500165,2.8700028112354468,1.936553185348595,4.253390094740236,1.4991478354024218e-07,-2.0333333333333314,0.4876991933563036,0.00010513738431224687,60,0.00223695485953206,0.0003308421896536578,True,0.36524609922370554,0.4024831273150393,True,0.5077890290730701,0.43601748821658926,0.07197138308951488,-0.1166666666666667,0.06460371565539558,-0.11666666666666667,1.4991478354024218e-07,1.936553185348595,4.253390094740236,0,3.1716328598198236,2.2862064742298128e-08,2.1158558612918164,4.754225078142746,0,,0,1
S2_N60,3500166,2.2062380380425552,1.5331812365127382,3.174762490295727,2.031837006848012e-05,-1.5832978380122606,0.38284907416126046,0.00011769601342732259,60,0.02513998167004296,0.057513792140605244,True,0.0019429679924879999,0.0006838298110423362,True,0.3206125622753191,0.3607958332280342,0.016790831338195124,-0.06666666666666665,0.024052808432163397,-0.06666666666666667,2.031837006848012e-05,1.5331812365127382,3.174762490295727,0,2.454316045929774,1.3730657861900454e-05,1.6374389645676881,3.678712540530457,0,,0,1
S2_N60,3500167,2.605810085825969,1.7500395327817422,3.8800530366299992,2.414817270637076e-06,-1.2136854168656308,0.4129681180334948,0.004748257699804673,60,0.00038549120013451217,0.0006107690620266318,True,0.08708761525407252,0.08802551319811817,True,0.9567917123978849,0.7951261848341921,0.0052371625840869985,0.0,0.00582739683775218,0.0,2.414817270637076e-06,1.7500395327817422,3.8800530366299992,0,2.799033029182778,3.819925330044009e-06,1.8088835051244496,4.3311721712654485,0,,0,1
S2_N60,3500168,2.8572288992909685,1.894641759785775,4.308865747721377,5.480854027372175e-07,-1.3846480518101703,0.39595792201326246,0.0009192204247642643,60,0.012868238859651897,0.009509034727448398,True,0.2888898141449957,0.18188819146217738,True,0.9393802897159387,0.9111279222531582,0.11635688796229549,0.1499999999999999,0.11078793845304426,0.15,5.480854027372175e-07,1.894641759785775,4.308865747721377,0,2.9114770584901724,2.5487646049473013e-06,1.8652804628246549,4.544463329272234,0,,0,1
S2_N60,3500169,1.853480320551437,1.24639857786066,2.7562525821940667,0.002304509268803583,-0.7566871947334897,0.43755235174726753,0.08915669943606741,60,0.5093841636347303,0.1896502810373536,True,0.006037517743703769,0.002340826489666221,True,0.10323877398284598,0.15396737272084307,0.008055731575390673,-0.016666666666666607,0.00270812550347756,-0.016666666666666666,0.002304509268803583,1.24639857786066,2.7562525821940667,0,1.7951807664923929,0.005052208356094579,1.1925307075256253,2.7023823906982836,0,,0,1
S2_N60,3500170,2.948936737632251,1.9076901137713174,4.558511793807827,1.1361686876623186e-06,-1.466666666666668,0.4504051762961641,0.001902703125332008,60,0.0013170958031256293,0.0002610023915566187,True,0.022925928885923225,0.019622976188471503,True,0.1085294204796865,0.3116135016540015,0.022185244116477,-0.033333333333333326,0.02611787677947958,-0.03333333333333333,1.1361686876623186e-06,1.9076901137713174,4.558511793807827,0,3.34140532051921,4.158066690536534e-06,1.9991939408595902,5.584745575606083,0,,0,1
S2_N60,3500171,3.6710882796659945,2.424461180019899,5.558715176866811,8.059807124748177e-10,-1.7068512962535576,0.40570170076744194,9.25452593219165e-05,60,0.005832857201610735,0.005992241084185764,True,0.025726182317651232,0.016618119667797398,True,0.575000061841008,0.6937652333021512,0.052815479912710545,-0.08333333333333337,0.037074759908350734,-0.08333333333333333,8.059807124748177e-10,2.424461180019899,5.558715176866811,0,4.373258161348582,4.841492882935092e-09,2.66811651080151,7.1681228568450575,0,,0,1
S2_N60,3500172,3.130611108612547,1.909434240129357,5.132790492279178,6.067909035630228e-06,-1.316202725187752,0.45255648331650833,0.005170430339847709,60,0.0031226922962297554,0.005247973170745258,True,0.018921305791867987,0.012579976389859537,True,0.2124368408752737,0.07967220564927388,0.3608150506919839,0.21666666666666667,0.3435746030493208,0.21666666666666667,6.067909035630228e-06,1.909434240129357,5.132790492279178,0,3.2000351448102244,2.826823106648695e-06,1.9666832396227525,5.206850153451689,0,,0,1
S2_N60,3500173,2.6894557481305124,1.7329733308908992,4.17385085633936,1.0242710153423867e-05,-1.8962250305748078,0.503034775261399,0.00039027895206615376,60,0.0018060991331068366,0.0014442829417106546,True,0.08147420392487685,0.11115436026840635,True,0.888673700395278,0.9762924046112244,0.00806255761683397,0.0,0.010093116271481574,0.0,1.0242710153423867e-05,1.7329733308908992,4.17385085633936,0,3.0214055004698372,6.173968727118129e-06,1.8706665720572493,4.880020488220928,0,,0,1
S2_N60,3500174,2.8110869776951115,1.9677406592652635,4.015879815746476,1.351584282345202e-08,-1.525310312645825,0.4264648281669505,0.0007180715930351046,60,0.002128708347973141,0.005872000091171953,True,0.002403804737703642,0.002839278728019984,True,0.888209603563376,0.9762764244255265,0.021380807463235868,-0.04999999999999993,0.01221868380163662,-0.05,1.351584282345202e-08,1.9677406592652635,4.015879815746476,0,3.161187015317877,1.937605961198685e-08,2.115681404135728,4.723349804124505,0,,0,1
S2_N60,3500175,2.7137866913047106,1.8162500465073632,4.054859197424231,1.1010393074113195e-06,-2.0940431418320156,0.41760095496235816,5.504249518786998e-06,60,0.002831287684275283,0.0013407263402053949,True,0.06119985114118018,0.161094946676817,True,0.4794000761915064,0.6190611519663296,0.009910983085571784,-0.016666666666666607,0.009738868887544626,-0.016666666666666666,1.1010393074113195e-06,1.8162500465073632,4.054859197424231,0,3.1313958296522904,1.0801099376390556e-06,1.9791963732394633,4.9543541886721965,0,,0,1
S2_N60,3500176,2.292543053157087,1.5658260536779467,3.3565373613714318,1.9970613254608692e-05,-2.243984534910167,0.45113579819896504,6.365545977702149e-06,60,0.0017131940075919261,0.0002387374351140758,True,0.26964494027832886,0.23858039446722734,True,0.4852181174500997,0.30803495457932784,0.061985791707607145,-0.09999999999999998,0.0722118480201929,-0.1,1.9970613254608692e-05,1.5658260536779467,3.3565373613714318,0,2.3309847827344203,0.00010954905493360372,1.5181761426872065,3.5789589261507104,0,,0,1
S2_N60,3500177,2.807337357479563,1.9060645636202989,4.1347723414632,1.7403778840442119e-07,-0.7217533432392264,0.4663998629660328,0.12727766450436392,60,0.004098205401169568,0.0035075822355242867,True,0.7374011908273594,0.6196340876425519,True,0.3345740762069017,0.3158512926481668,0.008804481045278225,0.01666666666666672,0.011589374014260653,0.016666666666666666,1.7403778840442119e-07,1.9060645636202989,4.1347723414632,0,2.8567704433445793,7.742391946146955e-07,1.8839490262332186,4.331931093849509,0,,0,1
S2_N60,3500178,2.3826610223139175,1.6527963687120113,3.4348293926117606,3.2781648079078352e-06,-1.6415780141843994,0.39933430230885025,0.00012785388990676296,60,0.011034083013543954,0.008747570153551078,True,0.08396101227758655,0.06624793230609842,True,0.06484853811362692,0.10473662017451434,0.004285999947498,0.0,0.00582739683775218,0.0,3.2781648079078352e-06,1.6527963687120113,3.4348293926117606,0,2.856751123538645,1.3286826595138913e-07,1.9341260648750527,4.21949071989086,0,,0,1
S2_N60,3500179,2.7606241635126225,1.8681165384971905,4.079534448263345,3.462591140708095e-07,-0.8526927252985881,0.40205465787827854,0.03829814320121737,60,0.0011760820729428201,0.0008403998570389422,True,0.011396269936072524,0.004357149923395148,True,0.39130475021726296,0.6401710587313871,0.07427060290140235,0.11666666666666659,0.07175548865200232,0.11666666666666667,3.462591140708095e-07,1.8681165384971905,4.079534448263345,0,3.127436284270406,3.213717342685534e-07,2.0196393810017366,4.842873338763973,0,,0,1
S2_N60,3500180,2.0913469745045266,1.3443641120639076,3.2533836097830324,0.001065992951688968,-1.2981553940749007,0.3802733148916481,0.0011859239035404755,60,0.006417720950851195,0.007045938889806575,True,0.0031510739962093857,0.0010136452770093452,True,0.7462622303663977,0.7949746571443616,0.04048210001211238,0.08333333333333326,0.04681019675008055,0.08333333333333333,0.001065992951688968,1.3443641120639076,3.2533836097830324,0,2.337978202087331,0.000655807223127097,1.4344371991719849,3.8106527609509757,0,,0,1
S2_N60,3500181,3.893886512103909,2.3357869266350844,6.491325041786882,1.8534064046984559e-07,-1.1182848866247124,0.4073922110292715,0.00807981183065255,60,0.06704002605968336,0.04697761987216763,True,0.04224094664573506,0.08581785224093592,True,0.278546420029935,0.3017600067570382,0.08277505617419507,0.11666666666666659,0.057260854798435165,0.11666666666666667,1.8534064046984559e-07,2.3357869266350844,6.491325041786882,0,4.553757376324083,3.7294427524028943e-10,2.8340112512269444,7.317086773543448,0,,0,1
S2_N60,3500182,2.7655383043001387,1.8085225896839303,4.2289779271642605,2.676512134778245e-06,-1.3866122577101145,0.37918618182365027,0.0005584607649468749,60,0.02448258570082738,0.025812350179177785,True,0.007190309566433628,0.0017678664001684404,True,0.8709293188786269,0.8006197822987696,0.10271431478618064,0.13333333333333336,0.09322146054532486,0.13333333333333333,2.676512134778245e-06,1.8085225896839303,4.2289779271642605,0,3.0206375505179675,6.242493786008499e-07,1.9556115315502696,4.665676727916474,0,,0,1
S2_N60,3500183,2.720825112098617,1.914752453132678,3.8662383111272534,2.3552575946125184e-08,-2.213084194716849,0.4490716651251821,7.507038224342788e-06,60,0.0008122295498239016,0.00018311704463702444,True,0.0410807057628161,0.07166043013196732,True,0.07936959218049221,0.1682351089979004,0.018280235903196752,0.033333333333333326,0.010976711961823486,0.03333333333333333,2.3552575946125184e-08,1.914752453132678,3.8662383111272534,0,3.2541346412858982,1.9552177952310112e-08,2.155731781645529,4.912203064304099,0,,0,1
S2_N60,3500184,2.9577352162819284,1.9763457443310835,4.426451006726675,1.3513341162239126e-07,-2.157101143359717,0.41331123988405716,2.6202523760665833e-06,60,0.0024542122733232493,0.002652019051106735,True,0.026335940736981076,0.08141178470451173,True,0.15124255784428114,0.280845021869615,0.008062557616833959,0.0,0.011719076914329883,0.0,1.3513341162239126e-07,1.9763457443310835,4.426451006726675,0,3.648396199463498,1.8844629988142633e-08,2.3235378446721864,5.728675716980902,0,,0,1
S2_N60,3500185,1.8848831654716203,1.3171188028405372,2.6973911083922544,0.000527862017684362,-1.3159024491168188,0.3635433483019497,0.0006276838868288141,60,0.06288894793783466,0.03283763858689675,True,0.48442336471277603,0.6348917162575689,True,0.11250499853040045,0.15158742489192165,0.03305221111441113,-0.06666666666666665,0.03584092457190081,-0.06666666666666667,0.000527862017684362,1.3171188028405372,2.6973911083922544,0,2.118996265911395,0.00014743375604649202,1.4378473712800137,3.1228246228590835,0,,0,1
S2_N60,3500186,2.714215620857166,1.7943765860354222,4.105585468422748,2.257485157080596e-06,-1.1773633934239864,0.4825290222164232,0.017821095577664234,60,0.0004339496168527482,0.00013353193350453015,True,0.279218109471013,0.3386862841752698,True,0.4077054832054795,0.4354259115175053,0.019257981212866072,0.06666666666666665,0.031849724081411276,0.06666666666666667,2.257485157080596e-06,1.7943765860354222,4.105585468422748,0,3.407726256575896,9.467267521745967e-08,2.1722490250278668,5.345887191551529,0,,0,1
S2_N60,3500187,2.302272508756728,1.4914437631509525,3.5539112070701173,0.0001668180414796639,-1.379030496513483,0.4515791987414232,0.0034315929715181817,60,0.0010321818706733488,0.0004104695118991307,True,0.0582807629841678,0.039432282694359534,True,0.54480298416417,0.380468327591607,0.016873314301657425,-0.033333333333333326,0.03173230001813576,-0.03333333333333333,0.0001668180414796639,1.4914437631509525,3.5539112070701173,0,2.529881590645006,1.7047795734043556e-05,1.657229441234123,3.8620487323217363,0,,0,1
S2_N60,3500188,3.5657875060873807,2.2356208168772405,5.687386896105755,9.426855699675523e-08,-1.33702007632321,0.4536130010765386,0.00463590313210206,60,0.0001790543051907155,0.00024674147873734477,True,0.36480151772601377,0.3240432780736805,True,0.33974839999398476,0.6826201818907933,0.006611255860331971,0.016666666666666607,0.008017003245231026,0.016666666666666666,9.426855699675523e-08,2.2356208168772405,5.687386896105755,0,4.034932910067294,1.9413093749587885e-08,2.4799615804507327,6.5648934713678555,0,,0,1
S2_N60,3500189,1.9547747811951999,1.338432271590653,2.8549404600469788,0.0005237312495395553,-0.4097980147167771,0.3942355065589226,0.30297313934616904,60,0.02838112594342552,0.03273040673840568,True,0.10436145129921484,0.1402373892959692,True,0.4539338991109647,0.4222342788851169,0.010130001203830086,-0.033333333333333326,0.015607878351443505,-0.03333333333333333,0.0005237312495395553,1.338432271590653,2.8549404600469788,0,1.8628904681454692,0.002562491743369206,1.2433592616616256,2.79111677800144,0,,0,1
S2_N60,3500190,1.817024135630548,1.2121554657574551,2.723723814915805,0.003833724416659696,-0.9014344968030799,0.4837345250088031,0.06754760501491303,60,0.1269527048038433,0.11093985492865567,True,0.23665089146435137,0.5533015843266713,True,0.536648874499926,0.4396119730794231,0.011152229667753626,0.0,0.018986190470317743,0.0,0.003833724416659696,1.2121554657574551,2.723723814915805,0,1.9100336487464318,0.005516394000660936,1.2093709731587805,3.0166331260743973,0,,0,1
S2_N60,3500191,2.626170115382983,1.7404676377373924,3.9625956411901284,4.220831045670969e-06,-0.646425863991082,0.513227064009818,0.21297141531772332,60,0.00035723913264757134,0.0006739169769176003,True,0.03684909573775698,0.05214027886892558,True,0.019066496173208342,0.03463179715473518,0.10295765710922845,0.11666666666666664,0.09815082970930407,0.11666666666666667,4.220831045670969e-06,1.7404676377373924,3.9625956411901284,0,3.4448098577289703,2.1166479109495106e-07,2.1590444548155356,5.496280972556704,0,,0,1
S2_N60,3500192,2.11950438855275,,,,-1.0096357351768146,0.3798380028926422,0.010180871270776297,60,0.00035837976666477917,6.149793412184164e-05,True,0.2227457474267558,0.3097448601125705,True,0.28958352884343463,0.28474414881893584,0.043199922006570364,-0.08333333333333326,0.03223701057934687,-0.08333333333333333,0.016225640028612813,1.1546616169024428,3.890576067770961,1,2.2602280406675486,0.011130525485599316,1.2127879455180541,4.212303407779721,1,0.0,0,1
S2_N60,3500193,2.8850616022002935,1.9617411265072386,4.242955574525858,7.285988367456788e-08,-0.9242341124203187,0.4225253883561101,0.032829671808536964,60,0.07377272066631936,0.05591666644156142,True,0.0110600868880808,0.004339195368759605,True,0.2266102636213595,0.271698428441688,0.004817366186494372,0.0,0.010093116271481574,0.0,7.285988367456788e-08,1.9617411265072386,4.242955574525858,0,2.8353372053149277,3.9728426085400955e-07,1.8951572943076642,4.2419365885826945,0,,0,1
S2_N60,3500194,3.492188034726674,2.233322462280427,5.460643268431353,4.1880395255706196e-08,-1.2205711164592832,0.4580850443237677,0.01000957387056074,60,0.35218018210822055,0.24789927712630144,True,0.14708670913461286,0.1267605056720353,True,0.47766026659246275,0.4624828763630726,0.009109451124829318,0.033333333333333326,0.015607878351443505,0.03333333333333333,4.1880395255706196e-08,2.233322462280427,5.460643268431353,0,4.229281031701416,1.530204969162061e-08,2.56643120983022,6.969529507199486,0,,0,1
S2_N60,3500195,3.9933098691719646,2.6183668436757217,6.090255744622908,1.2780629489085262e-10,-1.0744966442953015,0.4401331047287098,0.01776261582545843,60,0.00012618607768083922,4.1123329835259365e-05,True,0.022382675071894946,0.009114837425197348,True,0.30542124444417784,0.3883146677525321,0.02243656905628903,0.050000000000000044,0.030604986088393103,0.05,1.2780629489085262e-10,2.6183668436757217,6.090255744622908,0,4.785776746652207,9.542039754752772e-10,2.897898055088727,7.903542027152408,0,,0,1
S2_N60,3500196,4.121913020940998,2.7346367653644355,6.2129519969131,1.3302983488712394e-11,-1.2536059871750491,0.468181266946765,0.009669134054470646,60,0.007718002824922538,0.006266418456843761,True,0.0017320899808852131,0.0011133692696818267,True,0.5301730845595853,0.3681868866834347,0.015403945149026514,0.033333333333333326,0.013223875138362384,0.03333333333333333,1.3302983488712394e-11,2.7346367653644355,6.2129519969131,0,4.438293581343185,5.84208560141497e-13,2.958921076531411,6.657308324453042,0,,0,1
S2_N60,3500197,2.9476723812294208,1.906662609892131,4.557058192668019,1.1544494837602976e-06,-1.1773564547206186,0.4532957316712942,0.011933833146183147,60,0.006195417720048125,0.0034952143896404488,True,0.09149823404299744,0.10952678378109777,True,0.3591888532867761,0.23420392191554373,0.006004795205036795,-0.016666666666666607,0.0018344639998889984,-0.016666666666666666,1.1544494837602976e-06,1.906662609892131,4.557058192668019,0,3.3529382687118536,2.5522498032342295e-07,2.1164591243416386,5.311794073646247,0,,0,1
S2_N60,3500198,2.1955714826135067,1.491362824625891,3.2323013928383952,6.733924475773478e-05,-1.2451520108297136,0.3891482848694191,0.0022487064004304753,60,0.0006824598877307787,0.000977522995702863,True,0.12996403884596439,0.09913941122321854,True,0.0440948434097572,0.03120697105818709,0.053304009077601584,0.10000000000000003,0.03702976749185184,0.1,6.733924475773478e-05,1.491362824625891,3.2323013928383952,0,2.915633542424767,6.307792917867338e-07,1.9137542199400075,4.442011866068613,0,,0,1
S2_N60,3500199,2.10508417838818,1.4054952240536236,3.1528953796937045,0.00030446710934586634,-2.17740464038267,0.4055345124120753,1.5114709207658322e-06,60,0.0006309137162354833,0.0016056772453437293,True,0.47997100184345953,0.4233969514946604,True,0.3623514275244144,0.38471857488103645,0.24540761811235354,-0.18333333333333335,0.24268844921715188,-0.18333333333333332,0.00030446710934586634,1.4054952240536236,3.1528953796937045,0,2.129970973144922,0.0006993627246998965,1.3756609664500459,3.297888402072844,0,,0,1
S2_N60,3500200,2.566610721409564,1.6944291781330274,3.887734394725672,8.624116017697891e-06,-1.7797615255085817,0.3972213068870773,3.636672986378814e-05,60,0.020630849688802688,0.03747351729069084,True,0.05836912544541892,0.06415286030253013,True,0.855001383369389,0.795050462992112,0.09573253089780447,0.1166666666666667,0.0717554886520022,0.11666666666666667,8.624116017697891e-06,1.6944291781330274,3.887734394725672,0,2.603645230079405,1.9139494444119126e-05,1.678943868997181,4.037638547239973,0,,0,1
S2_N60,3500201,3.706426262224416,2.3627310128946806,5.8142867564413745,1.1785404301581769e-08,-1.520819392284054,0.4170246347648085,0.000576298262592764,60,0.013023298551054349,0.022952952128168433,True,0.002261520419498208,0.01571192252743182,True,0.6899471533493731,0.7777804104016495,0.006897754142539507,0.0,0.00713729189831521,0.0,1.1785404301581769e-08,2.3627310128946806,5.8142867564413745,0,4.125972451512741,3.3560043951828354e-08,2.494847309894803,6.823523268588277,0,,0,1
S2_N60,3500202,3.586282109504635,2.302655560502305,5.585472525533693,1.6075985142180158e-08,-1.95697357733289,0.41882334189469617,1.860761837537894e-05,60,0.0005899681922141296,2.9698162255013732e-05,True,0.696972045240016,0.8472159333890181,True,0.5298647083775552,0.8237304423351222,0.02200500960279662,0.050000000000000044,0.014962499607782146,0.05,1.6075985142180158e-08,2.302655560502305,5.585472525533693,0,4.337730216731069,2.0402426700489504e-11,2.8244213927621584,6.66186125107226,0,,0,1
S2_N60,3500203,3.2825483944913554,2.108211079061152,5.111027102170554,1.4294824504966014e-07,-0.38813420330160453,0.3820566006783108,0.31396631200305647,60,0.07361371963022612,0.11801258275055446,True,0.0015849616068705937,0.0028801089592943854,True,0.5374790447894713,0.24342248472421468,0.15375868384635608,0.15000000000000002,0.1297085669041418,0.15,1.4294824504966014e-07,2.108211079061152,5.111027102170554,0,3.774457561490802,7.158674942321831e-08,2.327993905310105,6.119659441976655,0,,0,1
S2_N60,3500204,2.5373480793175176,1.661490050227739,3.8749165393640643,1.6310365376492813e-05,-0.7777147181233448,0.48868745670924735,0.11704287605926372,60,0.04377030990941482,0.01507682874213595,True,0.018980819395977774,0.017341405001905466,True,0.9259951232096308,0.911359986549346,0.07282087626520434,0.1166666666666667,0.07869423055131809,0.11666666666666667,1.6310365376492813e-05,1.661490050227739,3.8749165393640643,0,2.660499871845469,6.943171710988374e-05,1.6428401956204381,4.308550269806715,0,,0,1
S2_N60,3500205,4.493376646841141,2.9064494327637695,6.9467692996048696,1.3819687539868252e-11,-1.84748611258536,0.39686504781001225,1.977782358395391e-05,60,0.008049081765531048,0.001998738338492245,True,0.03378402820361434,0.04622232112295951,True,0.7756345602470864,0.7438260079609786,0.011592292011799262,-0.016666666666666663,0.01355359591439782,-0.016666666666666666,1.3819687539868252e-11,2.9064494327637695,6.9467692996048696,0,4.69233502679944,2.4466577681372622e-11,2.980546293879389,7.387239060484756,0,,0,1
S2_N60,3500206,2.0623188224495426,1.3975331571525333,3.0433331070981224,0.00026650676569744963,-1.992026047425972,0.42364655734087814,1.6769046529229134e-05,60,0.030535120800728087,0.019190857405723596,True,0.08753965132838999,0.11109949246127271,True,0.7494225508129055,0.6616481431966305,0.006073711763000474,-0.01666666666666672,0.003772151754745098,-0.016666666666666666,0.00026650676569744963,1.3975331571525333,3.0433331070981224,0,2.517199279332067,3.958763215356214e-06,1.700576421787334,3.725967343008513,0,,0,1
S2_N60,3500207,2.8922586533073966,2.002437594707707,4.177488546829129,1.501082145181738e-08,-1.0463347527022573,0.3739470703518976,0.007000440421982375,60,0.005623143586411044,0.0008827945609094005,True,0.007682471861778254,0.005581665900470986,True,0.6809108605266824,0.8411994473243064,0.11661270965412626,0.1499999999999999,0.07736237479246161,0.15,1.501082145181738e-08,2.002437594707707,4.177488546829129,0,3.304634977482697,1.1436212643606673e-09,2.2490349795475684,4.855688076758562,0,,0,1
S2_N60,3500208,2.291332959513385,1.5615210614979251,3.362238820087374,2.257497490791338e-05,-1.6333333333333326,0.45292672018037083,0.0006547720776119655,60,0.00025801850399977713,1.105149533054289e-05,True,0.39887251710021965,0.24157927796658807,True,0.6258997853663113,0.38821457562190353,0.08143635589832514,-0.1333333333333333,0.09322146054532486,-0.13333333333333333,2.257497490791338e-05,1.5615210614979251,3.362238820087374,0,2.993197929688384,2.8896687580203434e-08,2.032024675018126,4.409018235081672,0,,0,1
S2_N60,3500209,4.0727903094831115,2.7424307222534843,6.048510458411624,3.410891526224894e-12,-2.0244530091906308,0.4921292908389442,0.00012663346837153203,60,0.02300192422736106,0.027202900031546337,True,0.25339769899595477,0.17242347770411115,True,0.3795911973393983,0.6183672488856287,0.0880293910745935,-0.09999999999999998,0.07770142707425619,-0.1,3.410891526224894e-12,2.7424307222534843,6.048510458411624,0,5.350727580873553,1.321228655299068e-12,3.365957668302813,8.505836515512966,0,,0,1
S2_N60,3500210,2.601676993689063,1.811774723812953,3.7359629155471987,2.2303237504690052e-07,-1.5378705636743226,0.392371760056259,0.0002404276882205828,60,0.0003058237581573384,0.0004043039022372734,True,0.018059488977629313,0.003642373811406143,True,0.43706700615202143,0.608479572535913,0.17871512492093405,0.16666666666666669,0.1744894542765114,0.16666666666666666,2.2303237504690052e-07,1.811774723812953,3.7359629155471987,0,3.1817366014409685,1.5786129819580243e-08,2.129992291203974,4.752809595957206,0,,0,1
S2_N60,3500211,2.5377650601597104,1.6648052919450147,3.868471305159767,1.4933395048326123e-05,-1.716250506561924,0.39954528413251617,6.861687099607956e-05,60,0.02964423189810487,0.06797993737177284,True,0.0009650257006577828,0.0005846537497671588,True,0.9342050442672954,0.629319489039259,0.03313232409197062,-0.06666666666666665,0.03985964256087008,-0.06666666666666667,1.4933395048326123e-05,1.6648052919450147,3.868471305159767,0,2.4288212417264656,0.0001160694522213295,1.5467345488573112,3.8139528393025497,0,,0,1
S2_N60,3500212,2.9665144347302235,1.9235601332482617,4.574958556976388,8.669986201476896e-07,-1.6157656809191934,0.4451536700536462,0.0006082421982926766,60,0.0003430437601669234,0.002458313984061856,True,0.04347475570119227,0.029208991113059076,True,0.03285531110965437,0.07334115991264223,0.1308355974671532,-0.13333333333333336,0.11629985943292294,-0.13333333333333333,8.669986201476896e-07,1.9235601332482617,4.574958556976388,0,3.508490730320148,1.4067809279503488e-08,2.27390449830621,5.413379151987928,0,,0,1
S2_N60,3500213,3.0144646726631494,2.08838277471849,4.351212513692112,3.808345963409191e-09,-2.1271279768733087,0.418020925331315,4.2111878316885565e-06,60,0.0013208038119027858,0.0006071271690733629,True,0.05858220433046253,0.023417362221478305,True,0.10721813122501053,0.18402686927124734,0.19324897063723165,-0.16666666666666663,0.1983906783526176,-0.16666666666666666,3.808345963409191e-09,2.08838277471849,4.351212513692112,0,3.5140512937632336,1.5332419560875242e-09,2.337325123695233,5.283200171859873,0,,0,1
S2_N60,3500214,2.28860297328483,1.503381797863589,3.4839477082743113,0.0001126503523817404,-1.5550646766169158,0.4152390206811534,0.0004221865610234111,60,0.011670411850967828,0.0056648759519589064,True,0.06652281465272594,0.06624036614498668,True,0.35397296189148675,0.3682070896753199,0.11168308043699923,0.1333333333333333,0.08476756566836449,0.13333333333333333,0.0001126503523817404,1.503381797863589,3.4839477082743113,0,2.3864181405800773,0.00017257524474979715,1.5157786037544743,3.757139418371252,0,,0,1
S2_N60,3500215,2.2305999203710773,1.5164878296009927,3.280986439613297,4.602115548931487e-05,-2.075639283508342,0.4275764026924818,9.770258924971024e-06,60,0.0009605638842941153,0.00011041846865006691,True,0.07155757067618726,0.17532790430678524,True,0.46214862809558,0.6993069084536834,0.010130001203830086,-0.033333333333333326,0.015607878351443505,-0.03333333333333333,4.602115548931487e-05,1.5164878296009927,3.280986439613297,0,2.2902668498762497,7.925637330986276e-05,1.5176123160143562,3.4562992065178135,0,,0,1
S2_N60,3500216,2.9716997360574298,2.0063583180562747,4.4015065712883805,5.5011154874895313e-08,-1.133333333333332,0.47175038867780206,0.01956783243005059,60,0.0004049438778850895,0.0003363552160177892,True,0.03339623835458307,0.022051489139405592,True,1.0,0.7325783311216076,0.01697088170541744,-0.04999999999999993,0.014962499607782146,-0.05,5.5011154874895313e-08,2.0063583180562747,4.4015065712883805,0,3.231633163065379,1.101922957884162e-08,2.161186511514622,4.832277475813447,0,,0,1
S2_N60,3500217,2.699417164217409,1.8185019521991896,4.0070636260023065,8.346163533897987e-07,-0.5165737455651285,0.45256984070794204,0.25846652730119096,60,0.007667960933754018,0.0023171430090251337,True,0.47781936948273174,0.5684184280494455,True,0.19164157702912754,0.16210267047264482,0.3633944075084297,0.21666666666666662,0.354868304091883,0.21666666666666667,8.346163533897987e-07,1.8185019521991896,4.0070636260023065,0,2.885809125972464,1.496858876848728e-06,1.874060765376757,4.443769628714112,0,,0,1
S2_N60,3500218,2.9333607701474897,1.915895411261231,4.491166562258154,7.359598388957769e-07,-1.108876301845425,0.40468158994484627,0.008185949004883614,60,0.0012702818155584487,0.00033609734499681583,True,0.026956331396754022,0.05933784356704417,True,0.07730713380522918,0.1319087541885342,0.019257981212866072,0.06666666666666665,0.01025027207418291,0.06666666666666667,7.359598388957769e-07,1.915895411261231,4.491166562258154,0,2.9104942007328956,2.8022175156536843e-06,1.8614822105421773,4.550662071614722,0,,0,1
S2_N60,3500219,2.0657078271892733,1.3809182023580482,3.0900808027763476,0.00041445316547437017,-2.0538364182882445,0.5153203820152102,0.00019359446622303054,60,0.05839121889034148,0.05228480387781791,True,0.059859982614491734,0.05087269853040212,True,0.07083602913097588,0.06641408855133782,0.012178096797735318,0.04999999999999993,0.017873321408533864,0.05,0.00041445316547437017,1.3809182023580482,3.0900808027763476,0,2.139727577832122,0.00043852861436722684,1.400197881760486,3.2698479029112635,0,,0,1
S2_N60,3500220,1.8498632712969263,1.2109566744484261,2.8258600779850656,0.0044356377405749825,-1.476973187958582,0.42469986872799154,0.0009753644163559665,60,0.027877816608515297,0.029977653666312016,True,0.034807879794242685,0.03923991522873057,True,0.8453058912797102,0.8700135984481021,0.09185506236282605,0.1166666666666667,0.09189379302939434,0.11666666666666667,0.0044356377405749825,1.2109566744484261,2.8258600779850656,0,1.9542571847769235,0.0019442806173492033,1.2791670889846072,2.985631179179113,0,,0,1
S2_N60,3500221,3.165063362756097,1.8554217490498695,5.39910998423447,2.3537083330472407e-05,-1.384020977149889,0.43423029768186705,0.0023318872792553306,60,0.04250942061308233,0.10951687988470653,True,0.009116504582466226,0.0039608822043114,True,0.7264666625720603,0.7378642237660676,0.0054368779175378934,0.0,0.0026791236098298488,0.0,2.3537083330472407e-05,1.8554217490498695,5.39910998423447,0,3.141990003566747,8.024793546066873e-05,1.778682083639277,5.550233666442813,0,,0,1
S2_N60,3500222,3.476833234100043,2.2660355400257517,5.33458947321064,1.1618311608394757e-08,-1.9590282995241657,0.4508661540655594,5.7956446296782766e-05,60,0.002756679424356557,0.0015651565222705676,True,0.00022902758807555543,0.00032317233951241925,True,0.17453892445726082,0.16116519319815314,0.01413835629704306,0.033333333333333326,0.018107644086190658,0.03333333333333333,1.1618311608394757e-08,2.2660355400257517,5.33458947321064,0,3.5856100863218976,2.5860084085184894e-08,2.28734813603043,5.62074460315659,0,,0,1
S2_N60,3500223,4.448936994940421,2.9407942732420365,6.7305083409078295,1.5849922342504232e-12,-1.881524861878455,0.4118329982516937,2.6774809255854363e-05,60,0.001011864546572556,0.0005031384890576027,True,0.7108603276024965,0.5144468736115986,True,0.954284283707245,0.8935519365598705,0.009312788528107002,-0.033333333333333326,0.006984090312687173,-0.03333333333333333,1.5849922342504232e-12,2.9407942732420365,6.7305083409078295,0,4.865641785336105,2.4737939548531324e-12,3.125184330792753,7.575383554160885,0,,0,1
S2_N60,3500224,2.2350016472872754,1.4900686246146826,3.3523505433641048,0.00010106012903963214,-1.0419641379310338,0.49567497310344694,0.039973217899861226,60,0.05565645811183627,0.060824750141169656,True,0.007942465592925841,0.00286876706916143,True,0.8521383819065098,0.9880710161311469,0.18283385530461516,0.16666666666666663,0.1744894542765115,0.16666666666666666,0.00010106012903963214,1.4900686246146826,3.3523505433641048,0,2.67006840345297,7.451800495146094e-06,1.737549449659382,4.1030574873799806,0,,0,1
S2_N60,3500225,3.864203785530292,2.4999199234839637,5.9730196778850635,1.1750829396965228e-09,-0.8876202577600266,0.4509549033950478,0.053902592406265375,60,0.013895575428624242,0.047017637660554515,True,0.005076003487656657,0.013939039513800983,True,0.20065536310208376,0.284960298212495,0.043649745181052024,0.06666666666666665,0.04388585412165998,0.06666666666666667,1.1750829396965228e-09,2.4999199234839637,5.9730196778850635,0,4.184906830707941,4.272173292921058e-09,2.5955203088170276,6.747566228710486,0,,0,1
S2_N60,3500226,2.8071316882083135,1.7203597279673364,4.580430584860139,3.600924774446175e-05,-1.562636663618656,0.40220328142435896,0.00026877822238896267,60,0.027877816608515297,0.06727669704408976,True,0.01695437118770346,0.005260702183465213,True,0.42406614571432766,0.3653319091381284,0.06957960512145482,0.09999999999999998,0.05498426106400467,0.1,3.600924774446175e-05,1.7203597279673364,4.580430584860139,0,3.0062329216440014,5.009556976391982e-05,1.7659689787014936,5.117551037516752,0,,0,1
S2_N60,3500227,2.043059231332129,1.4015875177712598,2.978116578384544,0.00020251801686855712,-0.9861458718992973,0.43641657191868105,0.02768307724142763,60,0.01746177551624619,0.05084349530245358,True,0.11407093668275722,0.06295549133834985,True,0.4818839203035271,0.44750759156830755,0.026728571472402186,0.06666666666666665,0.024052808432163397,0.06666666666666667,0.00020251801686855712,1.4015875177712598,2.978116578384544,0,2.1967424852599953,0.00016895147164125188,1.45776731042098,3.3103208667456556,0,,0,1
S2_N60,3500228,2.3592217353676888,1.5390387319518624,3.616495856197477,8.209222554697326e-05,-1.5096112877140162,0.40697893733798135,0.00047297125946423263,60,0.0005134199521129399,0.0002550424367331004,True,0.6880073592893403,0.6301194415466971,True,0.6551446136658742,0.8119328773020151,0.004817366186494372,0.0,0.00582739683775218,0.0,8.209222554697326e-05,1.5390387319518624,3.616495856197477,0,2.692367657063594,2.3187710525045308e-05,1.7018246993105524,4.259453752045542,0,,0,1
S2_N60,3500229,1.9648498895693594,1.2592365052276768,3.0658538507368793,0.002925965484873636,-1.323352389663849,0.4045423782791679,0.0018203648614771289,60,0.0015343308977263442,0.0001744637938090833,True,0.015673498081510345,0.021929212660397095,True,0.13082228296385237,0.42605613629856065,0.01604646260907965,0.033333333333333326,0.015607878351443505,0.03333333333333333,0.002925965484873636,1.2592365052276768,3.0658538507368793,0,2.0050081901241095,0.0016762289524902857,1.2991997649609777,3.09425690404547,0,,0,1
S2_N60,3500230,2.2934095334683455,1.4745138305629528,3.5670925420858146,0.00023045370321125839,-1.2619324693643654,0.44882174344405235,0.006746706730286554,60,0.0025405789002213536,0.0009035389187753172,True,0.2582341455425037,0.24100022089117912,True,0.6356434092446459,0.8643990823532699,0.01922384778935264,0.06666666666666665,0.027910482327302838,0.06666666666666667,0.00023045370321125839,1.4745138305629528,3.5670925420858146,0,2.2684454449084184,0.0003549685211837612,1.4471417375916975,3.5558678205836,0,,0,1
S2_N60,3500231,2.9982719477497457,1.9254691696867434,4.668802188157387,1.1768024479392867e-06,-1.224155094679894,0.3202732283667133,0.00032954135606291665,60,0.0012801497380154562,0.00038536788392994764,True,0.1326727752036088,0.07545869591516051,True,0.499716072089195,0.5726798805094669,0.06726116312778639,-0.11666666666666659,0.042171775592140824,-0.11666666666666667,1.1768024479392867e-06,1.9254691696867434,4.668802188157387,0,3.1626084223152633,2.338270074568519e-06,1.961011309133259,5.1004764665636895,0,,0,1
S2_N60,3500232,2.673998058023802,1.8290081313103217,3.909367865517653,3.859892986842991e-07,-2.275179876178261,0.4848065280795685,1.7317386926749003e-05,60,0.016330738787085835,0.010982876392465804,True,0.005424268941223888,0.005690454672792992,True,0.9826943377944285,0.8294295199445563,0.004485437848785941,0.0,0.004642323723723184,0.0,3.859892986842991e-07,1.8290081313103217,3.909367865517653,0,2.7547488772213122,3.385131615482259e-07,1.8662794210488345,4.066187137340518,0,,0,1
S2_N60,3500233,2.548127615594082,1.657936899517805,3.916285563848416,1.9940837537903488e-05,-1.586898275626381,0.41666766675616884,0.00034438040590395637,60,0.0033808999873620412,0.0010069033145174463,True,0.0004473707666705238,0.0005205832346612184,True,0.06523545707818185,0.058096988951365044,0.08276570089153892,-0.1166666666666667,0.09815082970930404,-0.11666666666666667,1.9940837537903488e-05,1.657936899517805,3.916285563848416,0,2.7042137021482247,1.0382578590913614e-05,1.7377402904696362,4.208207513511631,0,,0,1
S2_N60,3500234,3.065836630778013,2.075833689238397,4.527990028945339,1.793374463721948e-08,-1.727808148530171,0.36703883037777807,1.6456703760534325e-05,60,0.012771210937736099,0.01583140001932858,True,0.7049069836183475,0.7782853993881214,True,0.33114005031351246,0.4141442394761212,0.008256394153118768,0.050000000000000044,0.012218683801636671,0.05,1.793374463721948e-08,2.075833689238397,4.527990028945339,0,3.5777733691612963,5.115219664985194e-10,2.393537233333445,5.3479269521338315,0,,0,1
S2_N60,3500235,2.8272271899876085,1.945465426373655,4.1086382083410085,5.052175795487684e-08,-1.657553555785618,0.44438968160542175,0.00044291256774347626,60,0.0002457651311013263,2.8031304177898076e-05,True,1.0,0.7891751263615118,False,0.3224552239416911,0.40080190412151917,0.0220741399925757,0.050000000000000044,0.014962499607782146,0.05,5.052175795487684e-08,1.945465426373655,4.1086382083410085,0,2.956930270800287,3.218834134084797e-07,1.950983203701065,4.481554023524414,0,,0,1
S2_N60,3500236,2.392964118805659,1.607256461669465,3.5627651283127735,1.7330366970999444e-05,-1.220633832696891,0.42153251778819606,0.00535542009686572,60,0.0004924710856065794,5.443643684346268e-05,True,0.47303128852215315,0.3740194720499118,True,0.5225051186366776,0.6938630984079964,0.23344343364625048,0.18333333333333335,0.21881069203437464,0.18333333333333332,1.7330366970999444e-05,1.607256461669465,3.5627651283127735,0,2.592300099927377,1.9128542236525106e-06,1.7515960250464317,3.8365123647191153,0,,0,1
S2_N60,3500237,2.5758727237624472,1.6045323264678153,4.135236280112715,8.937585284079273e-05,-0.6808603203088872,0.4425932243882775,0.1294979460386319,60,0.011374539983703079,0.0038015324452030518,True,0.025232758231574698,0.005555830541669523,True,0.4213058295586828,0.45707174949640295,0.058479673090884254,0.08333333333333337,0.02747181859148359,0.08333333333333333,8.937585284079273e-05,1.6045323264678153,4.135236280112715,0,2.771146399154629,0.0001233623001151673,1.6469650508077234,4.662668683698854,0,,0,1
S2_N60,3500238,2.9187862186621025,2.043565770056738,4.16884698064564,3.872956601199968e-09,-1.1333333333333322,0.5133745248985507,0.0313111659838557,60,0.01651973503161971,0.017441608856189925,True,0.12121044023240653,0.29276314041199203,True,0.16352312702171845,0.14539929965527196,0.011241646765735913,-0.033333333333333326,0.006984090312687173,-0.03333333333333333,3.872956601199968e-09,2.043565770056738,4.16884698064564,0,3.237360205569666,7.102552093368568e-09,2.1749122651540786,4.818815576389971,0,,0,1
S2_N60,3500239,3.4035174391151943,2.3203676057616685,4.99228265797082,3.69329704144432e-10,-0.2212544686382844,0.45046993144522857,0.6251965702297108,60,0.1616635683880039,0.32485350001399926,True,0.49310392444974116,0.3534449115650554,True,0.045099945049488666,0.026439335288911348,0.008336582691470149,-0.033333333333333326,0.006984090312687173,-0.03333333333333333,3.69329704144432e-10,2.3203676057616685,4.99228265797082,0,3.718711915497038,1.4274403267796978e-10,2.4892319799449494,5.5554558280926,0,,0,1
S2_N60,3500240,2.9961014709734344,1.9544190942958724,4.592988295380539,4.799284217762095e-07,-1.419114531058325,0.46549813641802856,0.003482977707065002,60,0.0857797541162007,0.07135919218698088,True,0.0935714665990861,0.06285261863376297,True,0.856579941419321,0.994076271937731,0.022059424945160507,0.050000000000000044,0.003636814595064394,0.05,4.799284217762095e-07,1.9544190942958724,4.592988295380539,0,3.3036697917939795,2.208661190233529e-06,2.014150677902093,5.418777360083193,0,,0,1
S2_N60,3500241,4.327821927087641,2.8999811129857926,6.458677454383939,7.378824399533437e-13,-1.3099782560309556,0.3968936635151299,0.0016679915078246445,60,0.09408298801590431,0.12508048161783714,True,0.004591480214517035,0.0025034998863507395,True,0.023468647692694154,0.05600000516703084,0.022411545121778453,-0.050000000000000044,0.027308269234333698,-0.05,7.378824399533437e-13,2.8999811129857926,6.458677454383939,0,4.352006716811435,6.248147313590361e-12,2.8613994154824742,6.619125718937178,0,,0,1
S2_N60,3500242,3.721110630478642,2.466470622430236,5.613958746696084,3.78360481098416e-10,-1.207672251603635,0.4298908227431044,0.006790996488076245,60,0.002552445142093466,0.00017283078382310414,True,0.17799248999784345,0.21053155297595438,True,0.19020440670174177,0.20816085332448653,0.010379397156547626,-0.033333333333333326,0.008888955299185571,-0.03333333333333333,3.78360481098416e-10,2.466470622430236,5.613958746696084,0,4.536249755538646,1.1798603772912832e-12,2.9895892069563517,6.883073365646137,0,,0,1
S2_N60,3500243,1.9947945543947476,1.3163229147294317,3.022970480659648,0.0011307032082379825,-1.504090549900062,0.4464023593135589,0.001356682204394214,60,3.9427097802506186e-05,0.00010357951172551834,True,0.036810508052622856,0.08421994827148269,True,0.42136065947696844,0.6133511457288572,0.013044877985999558,-0.033333333333333326,0.008888955299185534,-0.03333333333333333,0.0011307032082379825,1.3163229147294317,3.022970480659648,0,2.167018664459177,0.0006586921206547556,1.3886883241355914,3.3815866458281834,0,,0,1
S2_N60,3500244,3.704352066647132,2.4082799754246036,5.697935611183876,2.5138041663368202e-09,-1.0058214826021183,0.3771280832571648,0.009942521059647255,60,0.0004780108825238114,0.0008049962490259687,True,0.0008646041617997746,0.0002689511844109608,True,0.5086891049928177,0.42244263585394304,0.0933721978207474,0.1333333333333333,0.09322146054532486,0.13333333333333333,2.5138041663368202e-09,2.4082799754246036,5.697935611183876,0,4.969465265669603,3.979201911825524e-12,3.15938074542836,7.816590343671398,0,,0,1
S2_N60,3500245,3.9971127967619617,2.5029260539589724,6.383293139949919,6.579047405938883e-09,-0.9422800624674667,0.41487871789298925,0.026928434720176066,60,0.0012677767482234825,0.002402110986630372,True,0.1245578339609431,0.15294073264265087,True,0.9518974210746618,0.9113463859998997,0.00575891585074968,0.0,0.010093116271481574,0.0,6.579047405938883e-09,2.5029260539589724,6.383293139949919,0,4.382077309710195,2.5171523228349266e-10,2.7724781586970546,6.926150703131721,0,,0,1
S2_N60,3500246,1.9060264885834062,1.3250777799103552,2.7416782850493244,0.0005062490689919718,-2.0886782133090245,0.4878756791217352,7.204401586840814e-05,60,8.155818568996138e-05,4.2131646896175536e-05,True,0.017840155516242677,0.02472437076413139,True,0.7122387275492191,0.876033780013624,0.009127375985032287,0.033333333333333326,0.013223875138362384,0.03333333333333333,0.0005062490689919718,1.3250777799103552,2.7416782850493244,0,1.9233161387976567,0.00045808516177060467,1.3340531421224195,2.7728617796097326,0,,0,1
S2_N60,3500247,2.3647290204656457,1.5870603236453371,3.523459856515229,2.3361316265313145e-05,-1.6666666666666665,0.4047712801775894,0.00012499947980885022,60,0.012474510889868373,0.01985571001523266,True,0.003032162409313077,0.001311516026416949,True,0.6350233214852277,0.6392313251241803,0.0056256846787620055,-0.01666666666666672,0.008017003245231026,-0.016666666666666666,2.3361316265313145e-05,1.5870603236453371,3.523459856515229,0,2.6353595230277276,2.6426844689792058e-06,1.7588320133669502,3.9487112827323507,0,,0,1
S2_N60,3500248,2.7939711618647243,1.904374941145955,4.0991270598395415,1.4908198165349142e-07,-1.088637625109666,0.37452648185696424,0.005194449818263447,60,0.010665283789245493,0.013897798876728857,True,0.14060063071408457,0.1656323972178484,True,0.5962682608822315,0.5872461845240674,0.09353744952934946,-0.1333333333333333,0.10128713130707304,-0.13333333333333333,1.4908198165349142e-07,1.904374941145955,4.0991270598395415,0,3.167068975313783,3.770192868443359e-09,2.158591059685014,4.646700378652889,0,,0,1
S2_N60,3500249,2.404799999114949,1.7210249480039999,3.3602435818552814,2.737217932002067e-07,-0.7666666666666689,0.47830997907444894,0.11449197926374617,60,0.0005585358287076241,0.0003281292033285699,True,0.001475564071456935,0.0001762036376391703,True,0.6477773864933889,0.7100129997739383,0.03929361907347747,0.06666666666666665,0.01025027207418291,0.06666666666666667,2.737217932002067e-07,1.7210249480039999,3.3602435818552814,0,2.563611104419548,7.53966836979202e-07,1.765490634504204,3.722535688527644,0,,0,1
S2_N60,3500250,3.0940624664127854,2.039001337014379,4.69505457023487,1.1056934880632476e-07,-1.4734213283050486,0.42170413351469466,0.0009277203544294812,60,0.012871487334510455,0.014520573298334312,True,0.33296342513426136,0.2565927161201479,True,0.4038776680144013,0.43587619010414225,0.02784853413860717,0.06666666666666665,0.04388585412165995,0.06666666666666667,1.1056934880632476e-07,2.039001337014379,4.69505457023487,0,3.4635178643492086,1.089242554359026e-07,2.1898834954041746,5.4778968935295245,0,,0,1
S2_N60,3500251,2.4469855470749464,1.699746416182848,3.522724455004559,1.484019607126982e-06,-2.208646337988032,0.3853872783739698,3.9501815906098377e-07,60,0.01781422618624664,0.01423461306995601,True,0.00868531493982959,0.0017634094633725166,True,0.30912496574344306,0.46165363085930544,0.042099291002668654,0.08333333333333337,0.04681019675008055,0.08333333333333333,1.484019607126982e-06,1.699746416182848,3.522724455004559,0,2.989361033491219,4.7566512326604825e-07,1.9520152963157948,4.577976107780452,0,,0,1
S2_N60,3500252,2.188768650711653,1.540159931348077,3.1105264517204265,1.2511155012825258e-05,-1.676290089569486,0.45067815045970877,0.00045792268985529137,60,0.005260777078468575,0.0005604878669942125,True,0.051582692267832575,0.05305074970751778,True,0.3572443587446441,0.47055271495075535,0.155265720556235,-0.15000000000000002,0.1678091302594992,-0.15,1.2511155012825258e-05,1.540159931348077,3.1105264517204265,0,2.55042889399006,2.385499190688726e-06,1.728563777202052,3.763059037270933,0,,0,1
S2_N60,3500253,3.7345694058276213,2.5308716850613577,5.510752966761153,3.18667140718583e-11,-1.4909901480543772,0.4435246636404141,0.0013884807352030105,60,0.005306386410717675,0.000794808637146351,True,0.03309536983060246,0.01812222556149963,True,0.19059318188917906,0.196243657716486,0.08926104000941548,0.1333333333333333,0.08476756566836449,0.13333333333333333,3.18667140718583e-11,2.5308716850613577,5.510752966761153,0,4.068018674308756,2.7096579839066636e-09,2.562069195889924,6.459144804157648,0,,0,1
S2_N60,3500254,4.453898779451624,2.7995954169271364,7.085743253349868,2.8694575745831366e-10,-1.5000000000000004,0.4211694155357926,0.0007527046634340196,60,0.0007966696446439564,0.001555457644536324,True,0.06110166623335886,0.04537828493825678,True,0.17726939854979817,0.13363227693967902,0.011754582900012776,-0.016666666666666663,0.011589374014260653,-0.016666666666666666,2.8694575745831366e-10,2.7995954169271364,7.085743253349868,0,5.041031820390675,3.5909829228848798e-09,2.945939916703368,8.626110013346246,0,,0,1
S2_N60,3500255,3.668773062783493,2.3997580345843597,5.608855389679751,1.9521809194591775e-09,-1.9109678162243082,0.451150497765307,8.402606400917381e-05,60,0.10944819024163077,0.17033565034038056,True,0.0025404148104572746,0.004849879766699966,True,0.9913430954289786,0.9112733306055524,0.028733824910612018,-0.06666666666666665,0.04388585412165995,-0.06666666666666667,1.9521809194591775e-09,2.3997580345843597,5.608855389679751,0,3.8581002666488984,1.0798431367435183e-09,2.499654555702491,5.954797887395726,0,,0,1
S2_N60,3500256,2.6522826966586286,1.6946243240990215,4.151128602933777,1.9743497484799955e-05,-0.9844172816728152,0.40867455119009716,0.019259734168650428,60,0.0015430681124208917,0.0009032392593145637,True,0.12719970050009324,0.13282785850364584,True,0.9519776433749193,1.0,0.046741207896356544,0.08333333333333337,0.02747181859148356,0.08333333333333333,1.9743497484799955e-05,1.6946243240990215,4.151128602933777,0,2.9978868806319796,8.364976448601511e-07,1.9369770785394675,4.639872019467584,0,,0,1
S2_N60,3500257,2.221803139238036,1.4614729864139762,3.3776944462315965,0.00018739264850043555,-0.9565775341395729,0.35867571969648626,0.00994475047368299,60,0.00013517170331217736,1.5619391935902523e-05,True,0.04997410580895067,0.05861193706374806,True,0.5086789253934383,0.43591473627936506,0.017822711217221152,0.033333333333333326,0.018107644086190658,0.03333333333333333,0.00018739264850043555,1.4614729864139762,3.3776944462315965,0,2.1746341185250624,0.0009498223395907517,1.3718449658931393,3.447206985502504,0,,0,1
S2_N60,3500258,2.547950502925124,1.6565958626584258,3.918911010038536,2.0634957329379292e-05,-2.1541841944047375,0.4407838189596556,8.692530338893453e-06,60,0.0009557169423320606,0.0007910525540178403,True,0.004539391152572521,0.007286741924117727,True,0.226158487478462,0.3454444083124675,0.0050092962282401775,0.0,0.0026791236098298488,0.0,2.0634957329379292e-05,1.6565958626584258,3.918911010038536,0,2.7710583456305664,4.368781177079745e-06,1.7937295025816247,4.280893157991298,0,,0,1
S2_N60,3500259,2.8229180034670396,1.9410457257917786,4.1054499378409695,5.6169913595939944e-08,-1.2218399523216128,0.37498701223919445,0.0018913122145230868,60,0.0009975478452509776,0.0037075996274033318,True,0.01575789432546286,0.022045925626335394,True,0.2264785653383541,0.20715239799564855,0.006014936625498524,-0.016666666666666607,0.0037721517547450907,-0.016666666666666666,5.6169913595939944e-08,1.9410457257917786,4.1054499378409695,0,3.0411006002428813,2.856109450869342e-07,1.9887563349366706,4.650289579639284,0,,0,1
S2_N60,3500260,2.9138142116849455,1.9674218288735734,4.315451386995234,9.441625015550778e-08,-1.2852174538135297,0.3750935400178515,0.0011411208331583013,60,0.008799045934587914,0.00851692690788608,True,0.026944200239562347,0.03163656398911367,True,0.819970477202607,0.6883664782735384,0.18363481774982593,0.16666666666666669,0.1744894542765115,0.16666666666666666,9.441625015550778e-08,1.9674218288735734,4.315451386995234,0,2.941767277916929,4.2094009872004174e-07,1.93672502939182,4.468365196963633,0,,0,1
S2_N60,3500261,2.943921449736707,1.9219085516475791,4.509409927329926,6.948372998483628e-07,-1.4771419424546808,0.4477464762745783,0.001675572232628605,60,0.43613811187610063,0.2626286932015126,True,0.08203642716383759,0.06279384253858689,True,0.05921310383716541,0.13125901122713166,0.03451857377799381,-0.08333333333333337,0.03223701057934687,-0.08333333333333333,6.948372998483628e-07,1.9219085516475791,4.509409927329926,0,3.192563179462667,1.2666298900055969e-06,1.9961578532097075,5.106038902921371,0,,0,1
S2_N60,3500262,2.2962722462226566,1.5336384717201073,3.438141599863801,5.426399043326821e-05,-1.0237962316817835,0.40772902611546435,0.014899939558653307,60,0.00037501187769233273,0.0008872077686405802,True,0.27085090807672296,0.21574323775200255,True,0.00988620470747159,0.011870298140961102,0.04102211799198026,0.08333333333333326,0.041943380194408623,0.08333333333333333,5.426399043326821e-05,1.5336384717201073,3.438141599863801,0,2.7834180350969047,1.3679102058089909e-05,1.7547608741020113,4.415083600531845,0,,0,1
S2_N60,3500263,4.069222334829341,2.7665265127962138,5.985328654428002,1.012455903471149e-12,-0.82454585733274,0.41233937597429166,0.050309179388454105,60,0.0007986563895414243,0.0005081426932977798,True,0.4120585031636145,0.4804732049308371,True,0.9903882118879753,0.6712497044128329,0.00806255761683397,0.0,0.013430566781041372,0.0,1.012455903471149e-12,2.7665265127962138,5.985328654428002,0,4.5019157253811235,6.400429111534148e-11,2.866843413610614,7.069533376749199,0,,0,1
S2_N60,3500264,3.2799777586588448,2.127512699093711,5.0567284989084,7.524850356458937e-08,-1.5567431522520763,0.41084269679435403,0.00036653778724800876,60,0.08752164636863839,0.060579864190405966,True,0.0018524477506725392,0.0006853726919081122,True,0.06824342478448031,0.1330327655293863,0.03305221111441113,-0.06666666666666665,0.020312249929417412,-0.06666666666666667,7.524850356458937e-08,2.127512699093711,5.0567284989084,0,3.5156742926596727,3.6559755234589284e-08,2.247355349891871,5.4997825478123765,0,,0,1
S2_N60,3500265,2.194811297893016,1.447621031215505,3.327664167267613,0.0002138217878626321,-1.4743681236990804,0.3845992147411145,0.0003177470349818577,60,0.13279804888204727,0.14218546339878546,True,0.054396443104026526,0.07308010736277042,True,0.5379078742180656,0.5976514469452062,0.005173913865213545,-0.016666666666666607,0.008017003245231026,-0.016666666666666666,0.0002138217878626321,1.447621031215505,3.327664167267613,0,2.1782213140573665,0.0005569328158689501,1.399982483511184,3.3890767555277743,0,,0,1
S2_N60,3500266,2.5902319907163434,1.7550848547029472,3.822779136719243,1.6470564694524664e-06,-2.000000000000001,0.43547113457885855,2.461711351240247e-05,60,0.10628315424274717,0.14241942050917555,True,0.02885860235888763,0.01277116178276761,True,0.5004722185779343,0.6292377661163202,0.009796775892422251,0.0,0.01707280690559729,0.0,1.6470564694524664e-06,1.7550848547029472,3.822779136719243,0,2.7775661665341986,4.120679097678821e-05,1.7512620442637168,4.405322341534016,1,0.0,0,1
S2_N60,3500267,2.066319746347966,,,,-1.214383075394009,0.35399414599307893,0.0011268584506528402,60,4.23859096137656e-05,1.4324028708005064e-05,True,0.5737647485670556,0.5934238594601178,True,0.8283054957695718,0.8234600875226813,0.0090367247109183,0.0,0.008562514012078708,0.0,0.005936803996389451,1.242380042397511,3.4366917919157953,1,2.044666446169431,0.01532867497036353,1.152710601796244,3.62680873202389,1,0.0,0,1
S2_N60,3500268,2.7707495310290398,1.8422843095995998,4.1671380056242056,9.863937269686803e-07,-1.7558702501485657,0.40302507338130994,5.5684566110243296e-05,60,0.10680527804034108,0.21335838303226073,True,0.023774871990245885,0.01850566521141653,True,0.34520789520467954,0.5034120457795839,0.3453473210443411,0.21666666666666667,0.32915904378075833,0.21666666666666667,9.863937269686803e-07,1.8422843095995998,4.1671380056242056,0,3.0697092101533614,1.6472559372742468e-06,1.9403992407720354,4.856276191466225,0,,0,1
S2_N60,3500269,2.663094506340098,1.742462119197311,4.070144350091162,6.019084342594325e-06,-1.4000000000000008,0.40865898033319026,0.001143044015996944,60,0.0025771012107206133,0.0026190728415059687,True,0.008563975186887717,0.024692214396865305,True,0.11412832776223866,0.17894307746219862,0.006002591435838328,0.01666666666666672,0.005019462966991282,0.016666666666666666,6.019084342594325e-06,1.742462119197311,4.070144350091162,0,2.7099284651771076,1.1768492766936545e-06,1.8127354188757896,4.051177138101891,0,,0,1
S2_N60,3500270,2.1303577886272405,1.4458982684910944,3.1388268500390004,0.00013092665714325083,-0.9266350486127586,0.4030155538990981,0.02517562617444588,60,0.0403553934272812,0.029739608527419872,True,0.037741649261002756,0.03283763858689675,True,0.4540041450673319,0.24866738982384384,0.03357209618973226,-0.08333333333333326,0.018382435459380706,-0.08333333333333333,0.00013092665714325083,1.4458982684910944,3.1388268500390004,0,2.1787821197804904,0.00037029869602416996,1.419156308032471,3.3450096360819987,0,,0,1
S2_N60,3500271,2.0022484602387833,1.312285855694155,3.0549737918252218,0.00127878758398238,-1.6265454672099748,0.4570010768399616,0.000758202892030707,60,0.014000479053527094,0.009710794809247395,True,0.02833085185381873,0.016016768032621552,True,0.749446181668588,0.7606028278149968,0.3488343024829734,-0.21666666666666667,0.32028010351239794,-0.21666666666666667,0.00127878758398238,1.312285855694155,3.0549737918252218,0,2.6160232240740875,4.687328149936611e-05,1.6464740106025766,4.156505031251827,0,,0,1
S2_N60,3500272,3.1052311663592786,2.0663335807015675,4.666458836358441,4.970675474740488e-08,-1.0483417967525526,0.4456159491750224,0.02211995975928953,60,0.13840621620898635,0.10668012443006505,True,0.33043246557312633,0.3942732346191825,True,0.10021497076037596,0.25528658856469044,0.0012235094678918488,0.0,0.0008115715540151703,0.0,4.970675474740488e-08,2.0663335807015675,4.666458836358441,0,3.503585921872303,2.9886464276653067e-08,2.2487740231505122,5.458580624630512,0,,0,1
S2_N60,3500273,2.1020362857494588,1.4210960594812925,3.1092595867306647,0.0001996835617123442,-1.556785990213751,0.38945445275331075,0.00018622098513224768,60,0.0331923099792877,0.013681654365073747,True,0.0006053377085866651,0.004342456678230808,True,0.7963148866040175,0.6830536101336601,0.009878225736426362,0.016666666666666607,0.006438935487666038,0.016666666666666666,0.0001996835617123442,1.4210960594812925,3.1092595867306647,0,2.130673422449705,0.00037985163729578104,1.403882450516454,3.233724612387219,0,,0,1
S2_N60,3500274,2.8133903829350655,1.8536623280620546,4.270014730820241,1.1789185568471573e-06,-2.0744740787859497,0.441453265160162,1.6941436140283207e-05,60,0.001906774851921015,0.020009319666285632,True,0.7783610490104844,0.7894776086269708,False,0.6203002233612971,0.677782791033447,0.015752832736492892,-0.016666666666666607,0.01999000241339333,-0.016666666666666666,1.1789185568471573e-06,1.8536623280620546,4.270014730820241,0,2.6917355699148207,9.711355736273281e-06,1.7357764046329769,4.174178401668437,0,,0,1
S2_N60,3500275,2.423542187535336,1.6588826477997614,3.5406704281064614,4.720301233892107e-06,-2.233333333333337,0.44322711082888755,5.041505149214218e-06,60,0.007678284676626206,0.0025869455799865707,True,0.002324310949160963,0.0011451858383510238,True,0.39166697063280176,0.5033040478496471,0.18686014691339597,-0.16666666666666669,0.1652264049136147,-0.16666666666666666,4.720301233892107e-06,1.6588826477997614,3.5406704281064614,0,2.4452150343533994,1.0329250607323961e-05,1.6433924007792169,3.6382525326227073,0,,0,1
S2_N60,3500276,3.464309114449323,2.180114501194904,5.504957484516872,1.4543746836102861e-07,-1.927507199198699,0.4667940492927063,0.00012021037948505046,60,0.011372999200661421,0.02042730288756971,True,0.007713152696835224,0.006156864150789701,True,0.5023261027383386,0.5922883050095449,0.06256119907621237,-0.09999999999999998,0.04304108204629445,-0.1,1.4543746836102861e-07,2.180114501194904,5.504957484516872,0,3.282397979622589,5.596757354760086e-06,1.9651653748104088,5.482559704508276,0,,0,1
S2_N60,3500277,1.8987407804802205,1.3232198155477468,2.724578720101964,0.0005013960497939686,-2.646440722110988,0.4657013824901437,4.7305627177933204e-07,60,0.054398666239616505,0.0790450593570678,True,0.016198504018343652,0.00640217020732076,True,0.056897394300652486,0.12041327559411884,0.006260654213360073,-0.033333333333333326,0.005285535552518436,-0.03333333333333333,0.0005013960497939686,1.3232198155477468,2.724578720101964,0,2.2385737496266156,9.292982104568027e-05,1.494401136856888,3.3533248261957573,0,,0,1
S2_N60,3500278,2.5086373877287507,1.6375438395507376,3.843110267409449,2.3766136219469504e-05,-1.4966050238255506,0.3703105464317324,0.00016096653680648608,60,0.059768041928889445,0.01133311647750071,True,0.30826923153845676,0.2762129353537608,True,0.22473807382200128,0.3865393308368782,0.00791234948347859,0.01666666666666672,0.008017003245231026,0.016666666666666666,2.3766136219469504e-05,1.6375438395507376,3.843110267409449,0,2.2930216902066856,0.0006477391031821184,1.4461840013676626,3.635739620121548,1,0.0,0,1
S2_N60,3500279,2.5908123118352426,,,,-1.5925398204459897,0.4210092259096209,0.0003742321368508014,60,0.021195280296660554,0.012573809641330494,True,0.0038691233547579374,0.006826435812709459,True,0.2001704289515931,0.6393067742814929,0.02076052054971154,-0.04999999999999993,0.014962499607782146,-0.05,0.0011174622727967785,1.4860747429615144,4.5168040618068055,1,3.153318520823546,4.7917558710886e-05,1.8678565733746981,5.323437482035253,1,0.0,0,1
S2_N60,3500280,3.7329378476316126,2.4871232621456985,5.60278824390016,2.0482294809732449e-10,-1.4050663696990655,0.4485697663127478,0.002737102379177444,60,0.0006299662200062909,0.00027560227284080546,True,0.13064956886864706,0.06893182623777043,True,0.2879563497263644,0.23479501191180385,0.023580653428232047,0.033333333333333326,0.046098616133181704,0.03333333333333333,2.0482294809732449e-10,2.4871232621456985,5.60278824390016,0,4.544185064933477,2.4536123482365076e-11,2.9136743662456204,7.087139916384095,0,,0,1
S2_N60,3500281,3.779737261539013,2.5307854598148327,5.645051306447649,8.198200219403915e-11,-1.452248472133543,0.43702345309545354,0.0015595545115885043,60,0.007922916611940327,0.0016810552757356824,True,0.0465809477083852,0.045438512823306784,True,0.1652277923434068,0.21463825503417766,0.06653963177131737,0.09999999999999998,0.05498426106400467,0.1,8.198200219403915e-11,2.5307854598148327,5.645051306447649,0,4.098816979627791,9.72517070290906e-11,2.673613154983856,6.28374400431409,0,,0,1
S2_N60,3500282,2.550146521455711,1.7327973454891639,3.7530339585422285,2.050982604941928e-06,-1.5772308621470632,0.39890212267634234,0.000214772919449305,60,0.0007958442423340322,0.0006231352026868853,True,0.1106236489985762,0.14213531461733475,True,0.4723697982352617,0.4051877070141331,0.009799738589211538,0.016666666666666607,0.011589374014260653,0.016666666666666666,2.050982604941928e-06,1.7327973454891639,3.7530339585422285,0,2.476550136347602,2.3381612684069808e-05,1.6268723659794664,3.7699949338992815,0,,0,1
S2_N60,3500283,3.109182357633645,2.0718956274957456,4.665782776280395,4.313176133846624e-08,-1.6785023966835089,0.4793584847224384,0.000906274075207575,60,0.03863551941426114,0.0037499979850560174,True,0.037577104071426705,0.05686054851381931,True,0.01204566425097625,0.014327693715161167,0.1291225339637893,0.13333333333333336,0.10897483949787219,0.13333333333333333,4.313176133846624e-08,2.0718956274957456,4.665782776280395,0,3.2963019049267372,3.695806127572745e-08,2.155685855663225,5.040440479710199,0,,0,1
S2_N60,3500284,2.961530316789174,1.9158985014040235,4.577832182046179,1.0290881270167965e-06,-1.7710228794941865,0.48813014779359626,0.0006111205846491781,60,0.08385449026393732,0.05145088322947439,True,0.013133638267279936,0.009757628679648666,True,0.8187470791107733,0.875994082944461,0.048002568971466736,-0.09999999999999998,0.049040513709165096,-0.1,1.0290881270167965e-06,1.9158985014040235,4.577832182046179,0,3.0586126401923077,9.518542308028148e-07,1.9560111565469045,4.782749449783021,0,,0,1
S2_N60,3500285,2.4766710085528008,1.5949478871894494,3.8458305339460637,5.3647630377623436e-05,-1.9102801600914812,0.41230183582014196,2.1364695644024268e-05,60,0.010704226550883737,0.010413073212922504,True,0.05269290729281683,0.09967951571740093,True,0.15244943065059216,0.19581676068851206,0.02388308960049718,-0.04999999999999993,0.014962499607782146,-0.05,5.3647630377623436e-05,1.5949478871894494,3.8458305339460637,0,3.0579633753886863,1.550077921488014e-06,1.938252503220763,4.82452105165861,0,,0,1
S2_N60,3500286,4.387704925560941,2.919319262596356,6.594672518506806,1.1319688918030168e-12,-0.8189401582328895,0.3812433987308736,0.03597101480335414,60,0.0006304800540966579,0.0015948066147626293,True,0.01432644800109185,0.012297977324276253,True,0.2410831747706801,0.3089524517535077,0.0115118690260731,0.03333333333333338,0.010976711961823486,0.03333333333333333,1.1319688918030168e-12,2.919319262596356,6.594672518506806,0,4.773993178474893,1.6986171692411712e-13,3.1503292044696014,7.234485474022696,0,,0,1
S2_N60,3500287,2.076117460799218,,,,-0.6484860518217015,0.5583681793867588,0.2503217729111135,60,0.043732685408460974,0.011051141500564524,True,0.17818267197140958,0.16989973232856914,True,0.05359980710385059,0.10045073798222386,0.011352054458471456,0.01666666666666672,0.015617236041822826,0.016666666666666666,0.0038026102052069544,1.278165201535773,3.372227397410301,1,2.3201373890278676,0.0012917323646757862,1.4096223209720726,3.81877998374268,1,0.0,0,1
S2_N60,3500288,3.993575465916823,2.5451152307728093,6.266374429392753,1.7002252526854968e-09,-1.7336652146857499,0.38182332770577615,2.953524310593359e-05,60,0.005585473454450101,0.003359406872730696,True,0.012335200417028354,0.018448434268634652,True,0.45254369996580746,0.6938916247477397,0.04190462515740607,-0.08333333333333337,0.041943380194408623,-0.08333333333333333,1.7002252526854968e-09,2.5451152307728093,6.266374429392753,0,4.34653465470646,8.505968847364753e-10,2.718191901462031,6.950342061722202,0,,0,1
S2_N60,3500289,2.269295199365358,1.448544972913619,3.5550851358825923,0.0003464360078796012,-1.5333333333333323,0.4643711778171616,0.0016611363492408206,60,0.012219197518659386,0.012588612168464816,True,0.033402617411410665,0.04086040653251394,True,0.3190055493006514,0.27778389632041167,0.05971670153462287,-0.09999999999999998,0.043041082046294414,-0.1,0.0003464360078796012,1.448544972913619,3.5550851358825923,0,2.1836135227285767,0.0006715640072713376,1.3922208049254503,3.4248647913995423,0,,0,1
S2_N60,3500290,2.6114627055141706,1.5358711223168349,4.440305806390795,0.0003935717744872848,-1.2063100373885547,0.44536698677777214,0.008906107771317761,60,0.08183930964952643,0.07037474264233202,True,0.000739494910691748,0.00025765423616621436,True,0.06202793982540957,0.12558172069387913,0.05872436763429501,-0.09999999999999998,0.031066625980620963,-0.1,0.0003935717744872848,1.5358711223168349,4.440305806390795,0,2.8336181911029183,0.0005156774075709285,1.5740814072793214,5.101001775268766,0,,0,1
S2_N60,3500291,2.884849149008604,1.8334926022731861,4.5390718251153634,4.618300825241073e-06,-2.0168187227290773,0.44177080116224937,2.708980745175835e-05,60,0.014732478253089445,0.01890768622238684,True,0.04875976109271457,0.046286277316907154,True,0.7841569654982714,0.5972906887330482,0.032814630701453,0.04999999999999993,0.014962499607782146,0.05,4.618300825241073e-06,1.8334926022731861,4.5390718251153634,0,3.2236516302619225,5.538025979648725e-07,2.0386595540675057,5.097432679505764,0,,0,1
S2_N60,3500292,2.7624653511499675,1.8369841488814849,4.1542083098270925,1.0538460527856027e-06,-1.0509860708867746,0.4160663981763114,0.014339837707762058,60,0.001364993110016974,0.0011574793925200578,True,0.04878378857710206,0.043102428570504635,True,0.82907255303508,0.7154354517337573,0.07603085790684523,0.09999999999999998,0.08305141005097436,0.1,1.0538460527856027e-06,1.8369841488814849,4.1542083098270925,0,2.8539324738450267,8.250442127510156e-07,1.8808500975222064,4.330451733499208,0,,0,1
S2_N60,3500293,2.3814139423432468,1.6142991090566443,3.513061695301852,1.2189423383054669e-05,-1.0147908557644876,0.5303492894148093,0.06071888628524008,60,0.0006121595857321304,0.0001211035213770351,True,0.27410830482091797,0.2535568798388833,False,0.9480468647737643,0.9349089342091086,0.042471427090457974,0.06666666666666665,0.04388585412165995,0.06666666666666667,1.2189423383054669e-05,1.6142991090566443,3.513061695301852,0,2.523260673777073,9.68274195372223e-06,1.6745052905710582,3.8022241337073566,0,,0,1
S2_N60,3500294,3.0219771879478468,1.9551253170962233,4.670977376550292,6.436571224175953e-07,-1.6000000000000008,0.4479101622219334,0.000728197424915484,60,0.00014940489729737037,2.1870205898569776e-05,True,0.30418862995654616,0.3660622485702564,True,0.84116039517889,0.946544278972899,0.010488967854895089,-0.01666666666666672,0.005019462966991282,-0.016666666666666666,6.436571224175953e-07,1.9551253170962233,4.670977376550292,0,3.187459040063852,2.559087105828795e-07,2.051018181200291,4.953586089684992,0,,0,1
S2_N60,3500295,2.5429973237687555,1.8188002786088342,3.555550031937213,4.816761716080997e-08,-2.1124807232119123,0.38107245148718505,7.939163029991347e-07,60,0.00013286974370282117,0.0003248603612482271,True,0.5304432451586709,0.4498556481190189,True,0.06843037009708765,0.08637988953650713,0.020790080478413468,0.04999999999999993,0.012218683801636616,0.05,4.816761716080997e-08,1.8188002786088342,3.555550031937213,0,3.0476409307645733,4.281650840776498e-07,1.978583133747771,4.694326502863843,0,,0,1
S2_N60,3500296,2.2509226023665203,1.5252005161519469,3.321958331503546,4.395156882270887e-05,-0.9371691558325286,0.36875893258468717,0.013785611479658476,60,0.030422294574035804,0.01172566442982012,True,0.6142302640979931,0.6038971005285212,True,0.4223313620027984,0.2717253146480584,0.07282087626520434,0.1166666666666667,0.07175548865200232,0.11666666666666667,4.395156882270887e-05,1.5252005161519469,3.321958331503546,0,2.4125415318931216,4.4713625318770916e-05,1.5805759424476908,3.68242770676097,0,,0,1
S2_N60,3500297,2.646639746661005,1.7791809583426483,3.9370373855231033,1.5598645048325812e-06,-2.1999999999999993,0.4873992447080773,3.24110225714543e-05,60,0.07916058886960202,0.19210813332151178,True,0.10475748984973063,0.1347911755529201,True,0.39193127369437586,0.4448846763556099,0.0568383501050418,-0.09999999999999998,0.0722118480201929,-0.1,1.5598645048325812e-06,1.7791809583426483,3.9370373855231033,0,3.0705167371709807,3.129027716794399e-07,1.997746450231705,4.719354166367622,0,,0,1
S2_N60,3500298,4.22032157995531,,,,-1.2355209648015693,0.3828946544334923,0.002076335417298755,60,0.005812641771704095,0.00435878425896245,True,0.00676962486290318,0.007931233288239626,True,0.9140388429716813,0.9763076886927398,0.008899549682155764,-0.033333333333333326,0.020703871074318144,-0.03333333333333333,1.0450246292329921e-06,2.486807254523417,7.16224154720422,1,4.948221861376349,8.155376929020229e-08,2.933643044132504,8.346243636687284,1,0.0,0,1
S2_N60,3500299,2.8359132348667693,1.8682622804070537,4.3047509763673215,9.82556207600101e-07,-0.9558041308888368,0.39574330158197357,0.018955856541773196,60,0.06321475042600194,0.09405408852410499,True,0.18242066446093275,0.1820958795953913,True,0.4467899950168215,0.6502829833787116,0.014878638538531672,-0.050000000000000044,0.024072630704938636,-0.05,9.82556207600101e-07,1.8682622804070537,4.3047509763673215,0,2.8222129818783777,2.249823216900961e-06,1.8359590255588913,4.338270083483057,0,,0,1
S2_N60,3500300,2.294919670240693,1.4972918072810892,3.5174548256036315,0.00013750499409414564,-1.8849510535921676,0.4017120983762722,1.7358381235258855e-05,60,0.007966817661172713,0.0056102274493113,True,0.09462552116076915,0.10116219907753217,True,0.7364268425370346,0.7486178725544385,0.009186801874295597,-0.01666666666666672,0.011589374014260653,-0.016666666666666666,0.00013750499409414564,1.4972918072810892,3.5174548256036315,0,2.326337736161447,0.00011894097228098876,1.5132960527263162,3.5761986248090167,0,,0,1
S2_N60,3500301,3.003424542752002,2.049673498389326,4.400973614135912,1.685397557199351e-08,-1.857379102981711,0.42784681045296985,5.8715572315081316e-05,60,0.004823240314149191,0.016963354900404504,True,0.0020128372046168868,0.0009224539707730319,True,0.9567460233785536,0.6822188396463382,0.030343071869787124,-0.050000000000000044,0.017873321408533864,-0.05,1.685397557199351e-08,2.049673498389326,4.400973614135912,0,3.5023902646028033,8.226670641895302e-10,2.347526688249386,5.225387905912214,0,,0,1
S2_N60,3500302,2.514503828072136,1.5851385842339407,3.988755030176146,8.97249466129669e-05,-1.5171016537346196,0.4326744234664902,0.0008930233920006994,60,0.016244871817800724,0.013755870576076017,True,0.08572171745701067,0.06276445676576349,True,0.21920920611568628,0.37217175955543913,0.018939756441629534,0.050000000000000044,0.007374317650564295,0.05,8.97249466129669e-05,1.5851385842339407,3.988755030176146,0,2.6559917362900647,0.00012739557659044803,1.6114414767973402,4.377628480347401,0,,0,1
S2_N60,3500303,3.06774017284501,2.030334549015385,4.63521136093115,1.0208864711555591e-07,-1.4583908935182628,0.419534377943043,0.000979790005673937,60,0.0011104191762599507,0.0004233781259250026,True,0.2892002833744953,0.20011557796160917,True,0.5907746537557941,0.512516536779287,0.0047710749925577835,-0.01666666666666672,0.00270812550347756,-0.016666666666666666,1.0208864711555591e-07,2.030334549015385,4.63521136093115,0,3.2992354428175155,1.8981188859449527e-08,2.1759610447104936,5.0023664410736295,0,,0,1
S2_N60,3500304,3.0975022359473887,1.83425156797023,5.230754749914866,2.3452789063944266e-05,-1.9024593725558336,0.407676167563982,1.9001516508254532e-05,60,0.002308772287392382,0.0020509712534702088,True,0.4464596448567656,0.3101097275357252,True,0.19328529536515016,0.24334309157286294,0.009729585301316183,0.033333333333333326,0.00162243779059835,0.03333333333333333,2.3452789063944266e-05,1.83425156797023,5.230754749914866,0,3.209174776340936,3.06517514493584e-05,1.8548082882018286,5.5524890688768815,0,,0,1
S2_N60,3500305,2.8883607547727927,1.8914696702383074,4.410659066323048,9.070668018740453e-07,-1.4246888238633884,0.4564631689768717,0.00282719626729762,60,0.15976325550819848,0.16595154410775514,True,0.03605894220026405,0.02455170333504955,True,0.6949174718817097,0.7381655258139188,0.014885650819614188,-0.016666666666666607,0.005019462966991282,-0.016666666666666666,9.070668018740453e-07,1.8914696702383074,4.410659066323048,0,3.00731285857532,1.5711835351726427e-06,1.9186939960230045,4.713586766883294,0,,0,1
S2_N60,3500306,2.724806386243571,1.778404213406914,4.174849444542416,4.1340937439888735e-06,-1.513916698082911,0.48221354736067473,0.0026805813553183178,60,0.0030440771186081034,0.0024899111843659136,True,0.0010315367720094895,0.005801919496992112,True,0.9695464904741316,0.8005704850998453,0.4282928546501571,-0.2333333333333334,0.4126111966518161,-0.23333333333333334,4.1340937439888735e-06,1.778404213406914,4.174849444542416,0,3.032205752454123,4.471106322410982e-06,1.8878300306069788,4.870285765217811,0,,0,1
S2_N60,3500307,2.6194293158060207,1.7943488162373211,3.823899722514435,6.073418851033572e-07,-1.3311806352851114,0.45095659255381065,0.0045789314524255454,60,0.010422022868026654,0.003698035319974895,True,0.48008496461516525,0.48549056812038294,True,0.320176874127858,0.47586529170582825,0.015048244210411807,-0.050000000000000044,0.017873321408533864,-0.05,6.073418851033572e-07,1.7943488162373211,3.823899722514435,0,2.867791231417195,1.6005453889193197e-06,1.86488081277544,4.410054782403766,0,,0,1
S2_N60,3500308,2.6882777063113577,1.8224327487128695,3.965489004384252,6.163412257466957e-07,-1.6726845965770194,0.3644019172588402,2.4833787841053468e-05,60,0.0006322807553703843,0.0008965146314969791,True,0.0583838542831753,0.027301731235187428,True,0.9711335505169933,0.9940729486357609,0.07282087626520434,0.1166666666666667,0.057260854798435165,0.11666666666666667,6.163412257466957e-07,1.8224327487128695,3.965489004384252,0,2.838355042349989,2.708355104002908e-06,1.8356961544603274,4.388667115120721,0,,0,1
S2_N60,3500309,2.6890483342151916,1.8581069258124006,3.8915849477198265,1.5612963136126248e-07,-1.2021445221445224,0.4237515724494088,0.006297105067452858,60,0.0054433227970500245,0.007842913595491727,True,0.9636557858020798,0.7667968029385908,False,0.10524858237507628,0.10524975424584831,0.024220589739492256,-0.08333333333333337,0.022831792041661296,-0.08333333333333333,1.5612963136126248e-07,1.8581069258124006,3.8915849477198265,0,2.853690247547563,4.197241554960696e-08,1.961538171750917,4.151613333978069,0,,0,1
S2_N60,3500310,2.8400131086736846,1.946521522088616,4.143634871698672,6.107921754928332e-08,-1.3665237859720483,0.34460235233996384,0.00020677086831268486,60,0.010372023260942085,0.004057027715994204,True,0.0058103956509143045,0.003453719887447919,True,0.5353613869662475,0.6614260016378684,0.006838131998901667,0.0,0.004642323723723184,0.0,6.107921754928332e-08,1.946521522088616,4.143634871698672,0,3.351019273782802,2.312221870626588e-11,2.3506979864657263,4.777019522676801,0,,0,1
S2_N60,3500311,3.4076277560450428,2.219940524919211,5.230737847893993,2.0545689804451027e-08,-1.1831846511059496,0.459720907839234,0.012686737165742952,60,0.00253761763779921,0.008681075953236446,True,0.021339181678512995,0.03468559976816866,True,0.2011383330543859,0.40926274211305946,0.15900141965483203,-0.15000000000000002,0.11078793845304435,-0.15,2.0545689804451027e-08,2.219940524919211,5.230737847893993,0,3.725178083434484,1.0065602381756336e-08,2.375589975575594,5.841475968485805,0,,0,1
S2_N60,3500312,3.528467221032434,2.0792470657098034,5.987783335238326,2.971188444925913e-06,-1.2333333333333358,0.35854057757126084,0.0010951459621294513,60,0.015737579783737927,0.017077474699673703,True,0.22930114710611604,0.1322657735255026,True,0.2782400825082012,0.2620270416949897,0.009224645380024817,0.0,0.008562514012078708,0.0,2.971188444925913e-06,2.0792470657098034,5.987783335238326,0,4.000135807421338,1.1212582037313792e-07,2.3970210470881765,6.675405081341259,0,,0,1
S2_N60,3500313,2.568152684610434,1.7153561590884139,3.844920587790209,4.634388725901213e-06,-1.1000000000000014,0.38336432952625166,0.0057603861844876605,60,0.009730638661081165,0.02292626296243168,True,0.054207224158637934,0.07285203828805943,True,0.2732981657055611,0.209179019261171,0.012884394374827543,0.01666666666666672,0.011589374014260653,0.016666666666666666,4.634388725901213e-06,1.7153561590884139,3.844920587790209,0,3.1818547687285883,3.914027337223702e-08,2.1055882708127074,4.8082523585549595,0,,0,1
S2_N60,3500314,3.1481529738755887,2.0958681897709726,4.728764525981346,3.3002823783163746e-08,-1.7470090347123173,0.4074347911823626,7.043317467086274e-05,60,0.012787795018887537,0.04091951292607943,True,0.13268534141268976,0.14030938501140294,True,0.5836278982595027,0.8292808745292384,0.01897798651755209,0.050000000000000044,0.009676838605003346,0.05,3.3002823783163746e-08,2.0958681897709726,4.728764525981346,0,3.098014918838021,1.4772414838342343e-07,2.0320598503970326,4.723136690815336,0,,0,1
S2_N60,3500315,2.8551178421352303,1.9322800318057871,4.218693853013049,1.3882299613689043e-07,-1.0931209331679395,0.38554700518174545,0.006325820515134925,60,0.001193027748579297,0.00018866924712357226,True,0.4250306527849277,0.3652244988030453,True,0.9362362171412039,0.9703787592185203,0.14623552366600157,-0.14999999999999997,0.11078793845304435,-0.15,1.3882299613689043e-07,1.9322800318057871,4.218693853013049,0,3.3180404617929,9.907216757570831e-09,2.2018326014373653,5.000104230861085,0,,0,1
S2_N60,3500316,1.6297047516132284,1.127915917165189,2.354730115083356,0.009294855760506728,-1.5999999999999988,0.44405968277627317,0.0006610664404394714,60,0.00019883228207616293,4.591082898616926e-05,True,0.2947035288992136,0.362447660312208,True,0.9096879084614322,0.8176520712728481,0.009344030043703445,0.033333333333333326,0.018107644086190658,0.03333333333333333,0.009294855760506728,1.127915917165189,2.354730115083356,0,1.7098179557668818,0.012069811241453031,1.1247477682625526,2.599229377782063,0,,0,1
S2_N60,3500317,2.730051992610466,1.8526094535550848,4.02307343733673,3.8370119840344934e-07,-1.6725818760991458,0.3978206508718386,9.342168104485732e-05,60,0.025512381999014743,0.011965408130434046,True,0.4359770256215878,0.7108348023036419,True,0.8536770282125209,0.7950139743761073,0.003999432880492769,0.0,0.0012910097575818788,0.0,3.8370119840344934e-07,1.8526094535550848,4.02307343733673,0,3.0330787824489023,6.976325191464363e-08,2.026349323962907,4.539970868670478,0,,0,1
S2_N60,3500318,3.033419741661394,2.075752449937447,4.4329155576226675,9.860336181483616e-09,-1.0436550054098592,0.408873934487753,0.013398590125025466,60,0.03858921247872562,0.05050305946587266,True,0.0003525614460244652,0.00044381695238212253,True,0.8909762337639097,0.8119173120322525,0.008149737473058872,-0.033333333333333326,0.0038150747913085485,-0.03333333333333333,9.860336181483616e-09,2.075752449937447,4.4329155576226675,0,3.5639110465042476,1.0594377366922055e-09,2.3691641179559624,5.36115748635996,0,,0,1
S2_N60,3500319,2.9304464572535367,1.9188958014678141,4.475238536798604,6.459415851521224e-07,-1.1255551979401335,0.387975288685714,0.005275892166411572,60,0.0015321205687557151,0.0005707607819970339,True,0.8611580009098768,0.9291982831864767,True,0.9593519857586381,0.881904055130422,0.023921691739982084,-0.04999999999999993,0.027308269234333698,-0.05,6.459415851521224e-07,1.9188958014678141,4.475238536798604,0,3.1459729326113126,6.248526763488307e-07,2.0044148685827303,4.937673257094246,0,,0,1
S2_N60,3500320,2.3767491593220305,1.5367121406443902,3.6759887664902595,9.984471665835713e-05,-0.4661161785885743,0.4021722586806019,0.25129016999006754,60,0.08146428048761126,0.07394259094493608,True,0.18340879162466495,0.3429092455179551,True,0.862259649057249,0.8006088305244112,0.2082005510531261,0.16666666666666669,0.20529026694735605,0.16666666666666666,9.984471665835713e-05,1.5367121406443902,3.6759887664902595,0,2.2923053527624178,0.0003314723484941392,1.4572937000857848,3.605768576364471,0,,0,1
S2_N60,3500321,3.286014667540617,1.9970278003762898,5.406981511853506,2.8405471022923828e-06,-1.4778196529330363,0.41670733650684905,0.0007888410411875286,60,0.007077179738059159,0.000883088312404495,True,0.0797048255634372,0.09999209438071842,True,0.655220536789651,0.6936591069031364,0.06765668811785472,-0.09999999999999998,0.0722118480201929,-0.1,2.8405471022923828e-06,1.9970278003762898,5.406981511853506,0,3.500298622737448,4.512987611097333e-07,2.151600366112505,5.6944080514703845,0,,0,1
S2_N60,3500322,2.317722505426235,1.5156959082746142,3.544139416642136,0.00010482085082608869,-1.144448268444826,0.3843693424332544,0.004261516664410927,60,0.004929709075523336,0.0015220998597514693,True,0.5935328841190064,0.7838938888215254,False,0.656256714179672,0.5720655855016593,0.08099794864540742,-0.09999999999999998,0.08825895661815206,-0.1,0.00010482085082608869,1.5156959082746142,3.544139416642136,0,2.542054199177658,0.00023508858325277078,1.5461986339672011,4.1793075026697,0,,0,1
S2_N60,3500323,2.6977957326413886,1.8030990390393438,4.036440404813103,1.3825562835312335e-06,-1.3650233353053298,0.4208396574284012,0.001975942645303721,60,0.008314281647146145,0.0057174478851618115,True,0.019721597545444253,0.012271294379026524,True,0.13489630367035804,0.14776069078845847,0.05093484321507905,0.09999999999999998,0.043041082046294414,0.1,1.3825562835312335e-06,1.8030990390393438,4.036440404813103,0,2.721401500578795,3.4778635259619973e-06,1.7829872071184225,4.1537180400311335,0,,0,1
S2_N60,3500324,2.921627763769075,,,,-0.8999999999999979,0.47018333505315735,0.06062644077722336,60,0.0024903978689156826,0.00024728397370938504,True,0.12460190890251024,0.06288568284627054,True,0.2575418585597784,0.21382631521775197,0.004061350438945877,0.0,0.004642323723723184,0.0,9.888881538894387e-05,1.748074887482946,4.883033816884784,1,3.2297442425818734,0.0005277724200237618,1.7035258814641465,6.123328084411203,1,0.0,0,1
S2_N60,3500325,2.6323230264806927,1.6352432564804171,4.237366207309262,6.758500839664029e-05,-2.4000000000000004,0.4935046459058327,9.470116651293723e-06,60,0.001128635754866543,0.0010546998946164756,True,0.17480532858488695,0.19948135265570388,True,0.8373619303052103,0.8118394276789521,0.43303217798289223,0.23333333333333334,0.4262479084616753,0.23333333333333334,6.758500839664029e-05,1.6352432564804171,4.237366207309262,0,2.84431266845068,0.00010307533407240342,1.6782007342901772,4.820707315046477,0,,0,1
S2_N60,3500326,2.0671170948624127,1.4208819583332661,3.007268168064247,0.00014672748219481417,-0.8789670352170342,0.4081334138352867,0.035512349586909187,60,0.001983712195768403,0.0003740239805618274,True,0.014065073581167289,0.008329393702682247,True,0.1933998324985502,0.10083756208413863,0.05758152826241067,0.08333333333333337,0.02747181859148359,0.08333333333333333,0.00014672748219481417,1.4208819583332661,3.007268168064247,0,2.2725739358996586,5.2535927631600675e-05,1.5266173129895437,3.3830300823830894,0,,0,1
S2_N60,3500327,3.1205255737573543,2.09006683509579,4.659027976025167,2.6230321560515805e-08,0.0038492499085251985,0.3841770796117543,0.9920407412747944,60,0.0011482544882141495,0.001596735700144518,True,0.003495682647218222,0.0023220647666904546,True,0.5086144607723692,0.5270548459147886,0.017284793410421957,0.033333333333333326,0.006984090312687173,0.03333333333333333,2.6230321560515805e-08,2.09006683509579,4.659027976025167,0,4.179316858837604,1.1453503811591818e-08,2.557543711665429,6.829478349439512,0,,0,1
S2_N60,3500328,2.898058560629971,1.9265471295844974,4.359479865230204,3.2632172561407404e-07,-1.9336319999999985,0.3921456685157203,7.432841825343808e-06,60,0.0064161712574210454,0.0009997014778235476,True,0.7130634564682491,0.9115325394576651,False,0.4334324443722326,0.6233534011789464,0.06953676447673536,-0.09999999999999998,0.05498426106400467,-0.1,3.2632172561407404e-07,1.9265471295844974,4.359479865230204,0,3.0443844610980713,2.2203067205926202e-06,1.9197657236822396,4.827816557323576,0,,0,1
S2_N60,3500329,3.8391823138068966,2.4265530913173525,6.0741802400234475,9.083201798399157e-09,-1.2647664354146035,0.3667083739940066,0.0010651084811684453,60,0.012196741504310233,0.017783786729719794,True,0.09715561139623906,0.07802910921360483,True,0.7947847593074829,0.667126635296972,0.3633944075084297,0.21666666666666662,0.354868304091883,0.21666666666666667,9.083201798399157e-09,2.4265530913173525,6.0741802400234475,0,4.408219020589764,2.314357312122832e-09,2.7095273124212995,7.171876380210434,0,,0,1
S2_N60,3500330,3.9324694915963,2.6043001708609053,5.937993045257764,7.404118967707029e-11,-1.090976784932106,0.4384556835613711,0.015785059949144666,60,0.0008618835931700402,0.0007715658168563982,True,0.02006751216468894,0.002697756343160784,True,0.0475534696654618,0.06633017078507457,0.1552121025433204,0.15000000000000002,0.17418002466075846,0.15,7.404118967707029e-11,2.6043001708609053,5.937993045257764,0,4.749050172687489,8.651805209899888e-13,3.0984566419531046,7.2789392103568495,0,,0,1
S2_N60,3500331,2.3428917833595504,1.5022220432341535,3.6540150194548127,0.00017363540305629084,-1.2211290652485158,0.38469850905214553,0.0024226179581888583,60,0.001645440963496278,0.0006431220346875629,True,0.9180518974306269,0.8298076347293217,True,0.6076904765268,0.628755949307206,0.09565378258357705,-0.11666666666666659,0.1041833610678626,-0.11666666666666667,0.00017363540305629084,1.5022220432341535,3.6540150194548127,0,2.7127024378599414,3.1126215315073686e-05,1.6961145968234892,4.338595122141431,0,,0,1
S2_N60,3500332,2.3638999353239205,1.435608906566623,3.8924409556559882,0.0007222398521808494,-1.3737475064120859,0.4054892115752376,0.0012827890486057617,60,0.02632130885343146,0.026765352840859152,True,0.46593376434657785,0.4863436115642421,True,0.4152392368176189,0.6240019903193228,0.020760520549711604,0.050000000000000044,0.033944446148849415,0.05,0.0007222398521808494,1.435608906566623,3.8924409556559882,0,2.7246284318997067,0.00021601211154241058,1.6020868736368559,4.633706332705999,0,,0,1
S2_N60,3500333,3.2140468945327165,2.144793986801533,4.816358822257034,1.5374599378055853e-08,-1.6178759200841226,0.4264447092885951,0.0003610198966365762,60,0.0013747523480071718,0.0017359344864794235,True,0.020029978824000913,0.02388391879475227,True,0.6876958130019203,1.0,0.005383183059110074,-0.016666666666666607,0.003772151754745098,-0.016666666666666666,1.5374599378055853e-08,2.144793986801533,4.816358822257034,0,3.4671682096765726,6.536682746252671e-08,2.2085802544488984,5.442978750704934,0,,0,1
S2_N60,3500334,2.1179303859363503,1.3609280485079522,3.2960075476365547,0.0008821939121526716,-1.9099102373078463,0.4207490287981044,2.965680591289434e-05,60,0.006572691264672979,0.006545101511694311,True,0.36332293422304973,0.4497354632276568,True,0.8818477693545832,0.8005896605767179,0.010361948561800022,-0.033333333333333326,0.013223875138362384,-0.03333333333333333,0.0008821939121526716,1.3609280485079522,3.2960075476365547,0,2.1609640973271587,0.001989185809342127,1.3258963380509783,3.5219690227075935,0,,0,1
S2_N60,3500335,2.5430668896762434,1.699809621458873,3.80465501767021,5.5980976963914155e-06,-1.8292102151053165,0.41501572811611176,4.6774118891591365e-05,60,0.0014842440179368831,0.00012879656539313339,True,0.4230664530283368,0.41056171535622776,True,0.875588460528574,0.9940620255395146,0.021440742000694547,0.04999999999999993,0.020919425857346574,0.05,5.5980976963914155e-06,1.699809621458873,3.80465501767021,0,2.6952660420843646,5.358986607011814e-06,1.7584259164434246,4.131228372876885,0,,0,1
S2_N60,3500336,3.000613911312564,1.7760434733150137,5.069517711724119,4.014517238206479e-05,-0.8590921241282125,0.4298768979510549,0.05044465803787968,60,0.01990226012715411,0.0032089733684604787,True,0.3752088921277841,0.1384370402639246,True,0.11631489986381642,0.12377241156745251,0.024551377872245997,-0.04999999999999993,0.009676838605003348,-0.05,4.014517238206479e-05,1.7760434733150137,5.069517711724119,0,3.2311497886038887,1.5412728718045695e-05,1.8984920515445285,5.499274515213887,0,,0,1
S2_N60,3500337,3.26981620532474,2.122918026726939,5.036321648786633,7.624278224921568e-08,-1.4000000000000021,0.46809037277293764,0.00410338706816569,60,0.003835526886657078,0.0018552314643799353,True,0.09845818754829856,0.10946735858372061,True,0.12940234315417157,0.15575162560681236,0.009525787644488493,0.01666666666666672,0.011589374014260653,0.016666666666666666,7.624278224921568e-08,2.122918026726939,5.036321648786633,0,3.3357817820287274,8.42869342696902e-08,2.1468443809814617,5.183161013388255,0,,0,1
S2_N60,3500338,2.646870958536678,1.8122457576123356,3.8658806851755565,4.747566697030085e-07,-1.7182406413284668,0.3745766434315135,2.5101141861410903e-05,60,0.0006129774230311769,0.0012347279124212173,True,0.0752858182981393,0.07426156982728818,True,0.3675722342259533,0.43990076032730163,0.1082821941484867,0.13333333333333336,0.14234120480166393,0.13333333333333333,4.747566697030085e-07,1.8122457576123356,3.8658806851755565,0,2.771223884112581,8.527816602387799e-07,1.846840095946761,4.158281939367967,0,,0,1
S2_N60,3500339,2.753946127596054,1.7844761500451294,4.250109632179448,4.7426418554202495e-06,-1.6780710825668086,0.40556184820599256,0.00011688032956322266,60,0.010419989679638076,0.005676311253899261,True,0.04858421636536789,0.04692837664891673,True,0.5281736672640089,0.8061469656143869,0.028382977650401233,-0.050000000000000044,0.007374317650564295,-0.05,4.7426418554202495e-06,1.7844761500451294,4.250109632179448,0,2.935770291009203,4.350660176429135e-06,1.8542583795422596,4.64808318876244,0,,0,1
S2_N60,3500340,4.099202825772257,2.5836102935874123,6.503869352326815,2.095896087643903e-09,-1.4234764116626564,0.35664519067497064,0.00018997062568406177,60,0.0017053920635111421,0.0002698018682659836,True,0.17440130217446237,0.5046668907523149,True,0.8877940051218848,0.7836698292228756,0.01599434926631408,-0.016666666666666607,0.017766855632497604,-0.016666666666666666,2.095896087643903e-09,2.5836102935874123,6.503869352326815,0,4.363498163054071,4.5647617684213925e-09,2.6663479205938603,7.140897131960014,0,,0,1
S2_N60,3500341,2.9136069717903172,1.8390082092698758,4.61613251277192,5.243108816501975e-06,-1.319133554309725,0.4890032231499108,0.009170065713794775,60,0.007171553079716233,0.005536002060327835,True,0.02057721139162166,0.017788556881884358,True,0.405423507308144,0.49831312567512254,0.010753953459796921,0.0,0.013430566781041372,0.0,5.243108816501975e-06,1.8390082092698758,4.61613251277192,0,3.1672798867245415,6.675562171921427e-06,1.9177706444110036,5.230897610246196,0,,0,1
S2_N60,3500342,2.374208170099675,1.553179978909403,3.6292409839882733,6.508540804968271e-05,-1.0011764705882336,0.5097638264724756,0.054413417037044935,60,0.06404231333505349,0.09407244544377233,True,0.0006325372978154987,0.00034537161900647035,True,0.2933217250069913,0.20915983849490594,0.0228880009505266,0.06666666666666665,0.024052808432163397,0.06666666666666667,6.508540804968271e-05,1.553179978909403,3.6292409839882733,0,2.6024105140978144,1.635287705375185e-05,1.684489113575177,4.020530871530977,0,,0,1
S2_N60,3500343,2.248360587206175,1.575096315972224,3.2094071193238958,8.119077991690193e-06,-1.936776718023967,0.39009591327383575,6.579665342445004e-06,60,0.0003571784422208439,0.0010495851917339959,True,0.5886554314943886,0.3819018865264603,True,0.14701884799620932,0.17235147083201507,0.1225228662542892,0.13333333333333336,0.13628187080252366,0.13333333333333333,8.119077991690193e-06,1.575096315972224,3.2094071193238958,0,2.3499133073155356,8.809301829891214e-06,1.6122164324532864,3.4251558542271843,0,,0,1
S2_N60,3500344,4.459920151237574,2.746548315317213,7.242140123472643,1.4965508229488082e-09,-1.6191772757377279,0.34805555789849213,1.999673868058313e-05,60,0.00026987789979248126,4.0262730309590195e-05,True,0.01964185769647338,0.00476014112982426,True,0.9676842972314651,0.7376188714603151,0.06192913984270469,0.1166666666666667,0.06460371565539558,0.11666666666666667,1.4965508229488082e-09,2.746548315317213,7.242140123472643,0,4.19801061759812,1.4114972983604946e-07,2.4606638436953077,7.162007598323844,0,,0,1
S2_N60,3500345,2.5537656260646693,1.620724438946955,4.0239529411346915,5.313601236772409e-05,-1.4666666666666683,0.43578317959603896,0.0013722238284332717,60,2.6249335108261136e-05,4.482638804419993e-06,True,0.1276316618039561,0.2080032972511079,True,0.8045607711402817,0.7948058981601724,0.03266822247129662,-0.06666666666666665,0.01335827374792207,-0.06666666666666667,5.313601236772409e-05,1.620724438946955,4.0239529411346915,0,2.6160699261108085,0.00014847557930499117,1.5917360649987655,4.299595899592008,0,,0,1
S2_N60,3500346,2.94484255506126,1.9288888310830745,4.495903306791575,5.641448712869489e-07,-1.3333333333333344,0.38084391932642675,0.0009078485206838764,60,0.03041880519625072,0.005300799420330604,True,0.006852522840104218,0.002325349534158231,True,0.05456897253539252,0.040093903441256566,0.11881567198877059,0.1333333333333333,0.11629985943292288,0.13333333333333333,5.641448712869489e-07,1.9288888310830745,4.495903306791575,0,3.2666809971685646,1.575699663081239e-06,2.014857495385417,5.2962578056771905,0,,0,1
S2_N60,3500347,2.8182781135955888,1.9151854615525983,4.147217950961755,1.465694798780491e-07,-1.414443455031166,0.4283732769184885,0.0016614419674246702,60,0.033068062912455745,0.07428983697388045,True,0.08572171745701067,0.06679565279714648,True,0.37306581417267415,0.449330059597682,0.05847967309088426,-0.08333333333333337,0.06117452778732637,-0.08333333333333333,1.465694798780491e-07,1.9151854615525983,4.147217950961755,0,3.3448772460602934,2.8699810635934523e-07,2.109141898639122,5.304623552559853,0,,0,1
S2_N60,3500348,2.4325095878816003,1.6418583697023446,3.603905796215928,9.329452989441913e-06,-0.8475353458158194,0.4337612111601168,0.05562362321643662,60,0.00028160780732900835,0.00020248030094339518,True,0.40561091319842313,0.2792850506420429,True,0.07085885700160921,0.13921166895753087,0.005196916077849106,-0.033333333333333326,0.0009100127151402265,-0.03333333333333333,9.329452989441913e-06,1.6418583697023446,3.603905796215928,0,2.5905814675360057,2.9345997182584374e-05,1.657634073456412,4.048609067227572,0,,0,1
S2_N60,3500349,1.959173034067383,1.2970615462042059,2.9592728183559105,0.0013932140810024426,-1.568238213399503,0.4791105883075407,0.0018096030013099362,60,0.027927916052330345,0.014801898215550955,True,0.014162401586600565,0.012492538702484205,True,0.6232651187130187,0.7547620744558399,0.004817366186494378,0.0,0.0035906023090339777,0.0,0.0013932140810024426,1.2970615462042059,2.9592728183559105,0,2.2152889239632296,0.00026424173548595477,1.4449175962634575,3.3963909286764324,0,,0,1
S2_N60,3500350,1.540037731581191,1.0365017209387244,2.2881932241711653,0.03256331686709433,-0.6871357613653277,0.4344277958679117,0.11925094582672509,60,0.13605976302159636,0.1720152569767942,True,0.00020330531406633005,0.0002459880090123224,True,0.7317690826287511,0.5469165273202412,0.006589832369308546,-0.016666666666666607,0.009738868887544626,-0.016666666666666666,0.03256331686709433,1.0365017209387244,2.2881932241711653,0,1.49836290260077,0.059586384615992916,0.9837928687402443,2.2820773144707425,0,,0,1
S2_N60,3500351,3.212111338612641,1.9593719933766487,5.265799085891363,3.710328691379448e-06,-0.722993686914583,0.32678979060318286,0.0309599491429034,60,0.004917122153052644,0.004688121179982418,True,0.03399531760179644,0.02076711032305136,True,0.6238644066965163,0.7328305167848503,0.011049211596156155,0.033333333333333326,0.006984090312687173,0.03333333333333333,3.710328691379448e-06,1.9593719933766487,5.265799085891363,0,3.6684773802334893,4.198733086329631e-07,2.2172933332880644,6.069438845661462,0,,0,1
S2_N60,3500352,2.44988373166083,1.6160815444904033,3.7138783739708967,2.4291334133733833e-05,-1.892464467685707,0.44996913475201455,9.298087659965932e-05,60,0.012274375731169917,0.0257441475096591,True,0.01890727931881321,0.1438015588765971,True,0.8638052962303345,0.94078423795572,0.10419374458398747,0.1333333333333333,0.03739712628797372,0.13333333333333333,2.4291334133733833e-05,1.6160815444904033,3.7138783739708967,0,2.9935475571239563,1.5861576230153252e-06,1.9131525486875285,4.6840629530094215,0,,0,1
S2_N60,3500353,4.893267593223563,2.9979036545635203,7.986937039301906,2.1251803686175383e-10,-1.3786461709417535,0.44522959683308583,0.003035909577387976,60,0.0037851316725274055,0.003929640136231295,True,0.03434852398838712,0.045023285749522336,True,0.42471469662952144,0.25171318814498633,0.010968389883527928,0.016666666666666607,0.003772151754745098,0.016666666666666666,2.1251803686175383e-10,2.9979036545635203,7.986937039301906,0,6.136918294500686,6.918495083849651e-11,3.5577369366008846,10.585877152952131,0,,0,1
S2_N60,3500354,3.2916037411802255,2.095410616825518,5.170659679755667,2.3368181834349692e-07,-1.1124442015122549,0.47258257740980825,0.022044387691136272,60,0.032222793601406716,0.054071687024624136,True,0.44596783566755693,0.5241325517722683,True,0.3243578766501064,0.1951250453265555,0.021160690454291156,0.06666666666666665,0.0133582737479221,0.06666666666666667,2.3368181834349692e-07,2.095410616825518,5.170659679755667,0,3.228030785660119,1.1333509248875396e-06,2.0136493429059534,5.174775235757696,0,,0,1
S2_N60,3500355,2.1290705170803346,1.4025980840159207,3.231817666342449,0.00038701909235998555,-0.526194574977899,0.394853961374636,0.18795587036558792,60,0.20187900422521032,0.2160445035213434,True,0.044298887875105,0.02249269947694125,True,0.7204710605129783,0.7159664018177105,0.4303052175502199,0.23333333333333328,0.4262479084616754,0.23333333333333334,0.00038701909235998555,1.4025980840159207,3.231817666342449,0,2.174971887527148,0.0016117393841994644,1.3419538936478552,3.525085872119199,0,,0,1
S2_N60,3500356,2.011178274039129,1.3801800259452655,2.9306597501269853,0.00027551298730162224,-1.3216849474912493,0.4217184981847995,0.002723478027674831,60,0.026293398127061635,0.01133996261072654,True,0.0840314123729519,0.09535171688260438,True,0.655742219723707,0.7101530446641058,0.061968474973444466,-0.11666666666666659,0.05726085479843524,-0.11666666666666667,0.00027551298730162224,1.3801800259452655,2.9306597501269853,0,2.229064889586185,8.123291711501358e-05,1.4961678538976744,3.3209711524290584,0,,0,1
S2_N60,3500357,2.9891110894551756,2.0313377316848484,4.398473461964961,2.7629846510340326e-08,-1.3845313217765514,0.41710072745949867,0.0015765995503229531,60,0.0340005463712279,0.018829695331893152,True,0.2602967054284332,0.1143611863570994,True,0.9898375831815872,0.783519082202537,0.19085395530008178,0.16666666666666663,0.19099803315157277,0.16666666666666666,2.7629846510340326e-08,2.0313377316848484,4.398473461964961,0,4.031525101719767,1.9836695428968787e-10,2.6239638643819756,6.194138138264609,0,,0,1
S2_N60,3500358,2.909070944178755,1.768884624178409,4.784197704356059,2.5878747142273358e-05,-1.1666666666666656,0.48341834768989317,0.019042855602364583,60,0.01540783819330903,0.004363689368974505,True,0.23668811963438108,0.41854433910013034,True,0.9423571746127749,0.7215191347480996,0.009113931236120849,0.033333333333333326,0.002590517806927458,0.03333333333333333,2.5878747142273358e-05,1.768884624178409,4.784197704356059,0,3.1897282563742473,3.839947070084459e-06,1.9500132341355443,5.2175883585849965,0,,0,1
S2_N60,3500359,2.276195337538677,1.5582204767599206,3.3249885314086227,2.1003179389783964e-05,-1.6222376854056018,0.45127695500040216,0.0006785525198123159,60,0.011745754125843024,0.009531063059318837,True,0.17983418728812262,0.23506389373329095,True,0.5656905598427064,0.5826763103906644,0.01601551590543961,-0.050000000000000044,0.007374317650564295,-0.05,2.1003179389783964e-05,1.5582204767599206,3.3249885314086227,0,2.5696403961232144,1.671063647626023e-06,1.7464164085893439,3.780914868248312,0,,0,1
S2_N60,3500360,3.041757343307631,1.96304928299858,4.713222340211919,6.402832856060643e-07,-1.0063309174255102,0.46491742441219,0.034625585461583896,60,0.2070487785294448,0.17721440575296332,True,0.1712178243775645,0.17499069664914002,True,0.5377175721635232,0.2920346263922361,0.006309320157092634,0.01666666666666672,0.005019462966991282,0.016666666666666666,6.402832856060643e-07,1.96304928299858,4.713222340211919,0,3.149181755782364,7.019103054452527e-06,1.9093084920150434,5.194208150452386,0,,0,1
S2_N60,3500361,2.8832811341436972,,,,-1.7665187762795398,0.42289235037295764,0.00010235211574285046,60,0.002198182587695327,0.006793868084711222,True,0.01563100608232747,0.01810449417278232,True,0.26788282589077816,0.21997873477264962,0.038388909019376805,-0.08333333333333337,0.041943380194408623,-0.08333333333333333,2.3905776562716854e-05,1.8167221800629427,4.57599416671455,1,3.707135817571377,2.7699024232923614e-06,2.235763635585704,6.146828650033204,1,0.0,0,1
S2_N60,3500362,2.394499155992299,1.5659115845105633,3.6615261453857344,5.587483137859588e-05,-1.4000000000000004,0.40924924855779754,0.0011603791381322155,60,0.0023747589227749795,0.0007134463038111727,True,0.00245965508290435,0.0010047718985804332,True,0.27970419038898275,0.20127708397592303,0.004889110656808241,0.033333333333333326,0.003815074791308549,0.03333333333333333,5.587483137859588e-05,1.5659115845105633,3.6615261453857344,0,2.6673642318140196,4.419893719699089e-05,1.6657807854600006,4.271169416326323,0,,0,1
S2_N60,3500363,1.9556866192385984,1.3322057689416014,2.8709605091317987,0.0006162556772564556,-1.5891529963173743,0.4246783086326032,0.0004262077987064458,60,0.013466801167982878,0.0026423256135699657,True,0.003935372049034804,0.004940624347692856,True,0.20520732394111985,0.32919951068264763,0.01076152217231547,0.033333333333333326,0.015607878351443505,0.03333333333333333,0.0006162556772564556,1.3322057689416014,2.8709605091317987,0,1.995799277099614,0.0008938384702138702,1.3275406717585063,3.0004464941891675,0,,0,1
S2_N60,3500364,2.491149809657489,1.6326520329299654,3.801071660701354,2.2977073957465e-05,-1.396070626256256,0.4079559047128324,0.001156099111479789,60,0.02516980857303549,0.009477038466198467,True,0.00505479080613203,0.009734197909686009,True,0.6294466169526556,0.8755688423948611,0.07875259758275853,0.1166666666666667,0.07175548865200221,0.11666666666666667,2.2977073957465e-05,1.6326520329299654,3.801071660701354,0,2.706861056861533,1.5588564814990274e-05,1.7229290086924451,4.25269801842513,0,,0,1
S2_N60,3500365,2.3396283669353193,1.5563176979015514,3.5171873344041944,4.378720331200704e-05,-2.2561607897194196,0.427428710510175,2.109018862001419e-06,60,0.03986920853273182,0.09714980858513594,True,0.45256737547458337,0.39812147968002987,True,0.536421350161807,0.6505485516840189,0.0024645288292542127,-0.01666666666666672,0.00270812550347756,-0.016666666666666666,4.378720331200704e-05,1.5563176979015514,3.5171873344041944,0,2.9263506946875864,4.048946121688711e-06,1.8536005017917874,4.61994285177446,0,,0,1
S2_N60,3500366,3.577918348699914,2.364028737106617,5.41512017558278,1.6491889167391902e-09,-1.0240652865411675,0.47068575885028296,0.03373936865427387,60,0.009248721629263329,0.010108042652459704,True,0.9589587177631758,0.7332325349683962,True,0.09161158140346622,0.07190018804149141,0.02718701049487615,-0.04999999999999993,0.012218683801636616,-0.05,1.6491889167391902e-09,2.364028737106617,5.41512017558278,0,4.641940652568768,8.088967923049086e-12,2.989342377971337,7.208144901954475,0,,0,1
S2_N60,3500367,3.6598162539160244,2.397160275030936,5.587550883411442,1.8584106491150667e-09,-0.7087222930460162,0.3875288172306999,0.07265912733710744,60,0.011003604031284324,0.015748307646826856,True,0.007939079174783417,0.0016752728374573105,True,0.37181461333884813,0.46121234310925296,0.01413835629704306,0.033333333333333326,0.020703871074318057,0.03333333333333333,1.8584106491150667e-09,2.397160275030936,5.587550883411442,0,3.9150492490996065,7.482494445726141e-09,2.4645282054561544,6.219287971199517,0,,0,1
S2_N60,3500368,3.7183817685126614,2.4534772718872744,5.635415145204004,5.988381341224504e-10,-1.5110475217169148,0.41781026562382056,0.0006337560579687795,60,0.523293869579224,0.3243339241782781,True,0.00373302314219771,0.00499632910231773,True,0.9016166270203544,0.893740246349151,0.08077786419964025,0.1333333333333333,0.09322146054532486,0.13333333333333333,5.988381341224504e-10,2.4534772718872744,5.635415145204004,0,4.0731265900169,1.8851249214709054e-11,2.703297939530977,6.137081664472814,0,,0,1
S2_N60,3500369,1.998395656118898,1.33112137674904,3.0001660766265363,0.0008388836247612195,-1.2206453121346739,0.41181406298131473,0.004425252549396867,60,0.02461500972697069,0.029826517666446485,True,0.8285136765529392,0.6498466923543451,True,0.34012351014191544,0.5283005081153876,0.016968968886627564,-0.04999999999999993,0.014962499607782146,-0.05,0.0008388836247612195,1.33112137674904,3.0001660766265363,0,2.0587499802082205,0.0007056597288105734,1.35565650070763,3.1264936794792404,0,,0,1
S2_N60,3500370,2.792850061843989,1.783063136806861,4.374500996027749,7.257001913402041e-06,-1.377287111811437,0.3818559813791421,0.0006534454630644439,60,0.00013487222844346252,8.666246460049815e-05,True,0.11050788881658925,0.08771005431722492,True,0.6642317941670923,0.5728303577356462,0.011241646765735913,0.033333333333333326,0.008888955299185571,0.03333333333333333,7.257001913402041e-06,1.783063136806861,4.374500996027749,0,3.162726616983627,8.215418129169587e-07,2.0010828143673556,4.998713487497072,0,,0,1
S2_N60,3500371,1.982750404220938,1.2438442054134327,3.160604156315217,0.004012479642493676,-1.790525282277859,0.43188303890658764,0.00011371130452637721,60,0.060844150128662206,0.08297415848493941,True,0.014770207376412221,0.005828660804348435,True,0.45989581180563965,0.6771852974437453,0.032165758650465386,-0.050000000000000044,0.04745079251427196,-0.05,0.004012479642493676,1.2438442054134327,3.160604156315217,0,2.166525272989995,0.0017569236412948422,1.3347906743827873,3.5165302309853335,0,,0,1
S2_N60,3500372,1.9260447906473315,1.3502364845759816,2.747406530600952,0.00029811238438212683,-1.1315019535951716,0.5194390187000132,0.03353347552986876,60,0.0033808999873620412,0.0008352015172556594,True,0.31068372098009256,0.3901148338458721,True,0.16566231528830022,0.12973621785307313,0.005631789815730589,0.0,0.0026791236098298488,0.0,0.00029811238438212683,1.3502364845759816,2.747406530600952,0,2.0947998413512123,0.0003079239736705509,1.401894396929489,3.1301832612615668,0,,0,1
S2_N60,3500373,3.0784634364513295,1.9280244193787002,4.915361566126657,2.48052348287971e-06,-1.6485160269093788,0.4297525865328509,0.00031524626653575276,60,6.521515411710415e-05,3.034456544950354e-05,True,0.8911735956765383,0.9173475988805997,True,0.9908938486813349,0.6343552207658136,0.017751326565232216,-0.04999999999999993,0.024072630704938636,-0.05,2.48052348287971e-06,1.9280244193787002,4.915361566126657,0,3.820897183573609,1.6734106592176086e-08,2.3985866087382046,6.086607518884128,0,,0,1
S2_N60,3500374,2.8208173266458343,1.923089407639058,4.137618541653781,1.1231436665136114e-07,-1.320908022700567,0.49022234605512577,0.009245613407478377,60,0.006269021044855439,0.0035965460940607283,True,0.0003749547708208321,0.00042063500258945387,True,0.2597933988687062,0.6131866533994512,0.016790831338195124,-0.06666666666666665,0.016730987998137544,-0.06666666666666667,1.1231436665136114e-07,1.923089407639058,4.137618541653781,0,2.739052272923604,5.897284905065451e-07,1.8444929378491743,4.0674633119259145,0,,0,1
S2_N60,3500375,1.8810536642227063,1.1186808992929085,3.162977833913303,0.017175223541819263,-1.419787896107194,0.4449724000793559,0.002308534892129701,60,0.011721441042875308,0.004766577342553165,True,0.058359333809522976,0.063674298341102,True,0.33628773625723785,0.6025920864127252,0.02881235796651417,0.033333333333333326,0.03458522722176078,0.03333333333333333,0.017175223541819263,1.1186808992929085,3.162977833913303,0,1.9835833734766117,0.011646895985129116,1.1650614799190562,3.3771634092702265,0,,0,1
S2_N60,3500376,2.2466132596126003,1.5380204359442577,3.2816671484396855,2.830888940846768e-05,-1.4183290088220042,0.48001003054303726,0.004542027510481624,60,0.0008266603072038121,0.0018606993052386303,True,0.09363380986487083,0.14228574496164004,True,0.1502843498400446,0.23424993808563332,0.0046673239836139266,0.01666666666666672,0.005019462966991282,0.016666666666666666,2.830888940846768e-05,1.5380204359442577,3.2816671484396855,0,2.39268905317224,1.1897295875672148e-05,1.61927738578056,3.5355035248705073,0,,0,1
S2_N60,3500377,2.6613789014362146,1.6774720847073519,4.222387795052641,3.230363159371184e-05,-1.1727518220176445,0.4464766066600554,0.011054952462489496,60,6.305643205158676e-05,4.6838526979469144e-05,True,0.3942326992730424,0.2889193435058124,True,0.945386818815722,0.8293469871138293,0.08628529958029975,0.1166666666666667,0.08540844175741823,0.11666666666666667,3.230363159371184e-05,1.6774720847073519,4.222387795052641,0,2.96122918627066,1.2586310417890763e-05,1.8191899555970292,4.820210372557487,0,,0,1
S2_N60,3500378,2.5588076509455173,1.6841419977753214,3.8877342903307888,1.0704965146223946e-05,-2.5116093299009252,0.3790588291304862,1.3332594987815063e-08,60,0.015997125115868698,0.0050760064575793434,True,0.012787795018887537,0.015105074258344923,True,0.6156119436990257,0.577293267476284,0.14259476944995517,0.1499999999999999,0.17418002466075846,0.15,1.0704965146223946e-05,1.6841419977753214,3.8877342903307888,0,2.7523851848556036,5.98750463410901e-06,1.7755382211146606,4.266663547832122,0,,0,1
S2_N60,3500379,3.012024488717945,2.005701499628293,4.5232511030768645,1.0679714963658319e-07,-2.177029891105752,0.3978906955436462,1.0368248234943878e-06,60,5.755928038727613e-05,3.347945037598477e-05,True,0.012057189705768565,0.0032771036893635363,True,0.1672414629424256,0.11555177592574334,0.08757046114454445,0.11666666666666659,0.09189379302939424,0.11666666666666667,1.0679714963658319e-07,2.005701499628293,4.5232511030768645,0,3.220463602268803,1.614931748445027e-07,2.0792133199207234,4.988129748001806,0,,0,1
S2_N60,3500380,2.404026977055347,,,,-2.0232923384659354,0.41759722368131513,1.0101327990569294e-05,60,0.000547452366383692,7.627771721446368e-05,True,0.006034239053834663,0.02935133233959358,True,0.4350211543828467,0.5323308648589121,0.022969096981340423,0.08333333333333337,0.02747181859148359,0.08333333333333333,2.7092740432040815e-05,1.63485506653672,3.5350813810381645,1,2.538920966722975,1.620751063156421e-05,1.7071362524627491,3.775984292973818,1,0.0,0,1
S2_N60,3500381,2.1250288479778687,1.4297011949159986,3.15852544629332,0.000193176290862371,-1.2223518895565393,0.415670072540761,0.004725136955004473,60,0.00512851653973108,0.001645183164283045,True,0.7580642537264333,0.7052917831327443,False,0.749313137247956,0.6831795182524588,0.013358638943167871,0.050000000000000044,0.020919425857346574,0.05,0.000193176290862371,1.4297011949159986,3.15852544629332,0,2.1792325672755064,0.00014404884338333276,1.458358686741859,3.2564379568953155,0,,0,1
S2_N60,3500382,3.4800254031558975,2.1715121188243,5.577024738488347,2.1892240019202316e-07,-0.8313628345156332,0.40034567829160866,0.04235651434678112,60,0.003974522054910949,0.0013839828223475307,True,0.07021942475630832,0.038832190789841875,True,0.088953868053387,0.030923141648745756,0.003919368151690848,-0.016666666666666607,0.008017003245231026,-0.016666666666666666,2.1892240019202316e-07,2.1715121188243,5.577024738488347,0,4.070930901087534,7.340340717665764e-09,2.529621318540867,6.551367305438696,0,,0,1
S2_N60,3500383,2.085846813434728,1.4502076551757825,3.0000923754525672,7.359505586578287e-05,-2.1134454997738588,0.3870866676036655,1.0820435161917791e-06,60,0.0007412954992728854,2.6708769712799654e-05,True,0.2058005492411955,0.16785914378769629,True,0.07760403097019004,0.13365406431554938,0.006911936213910436,0.0,0.008562514012078708,0.0,7.359505586578287e-05,1.4502076551757825,3.0000923754525672,0,2.1921337633070763,6.888377686048254e-05,1.4893972268658056,3.2264397633820865,0,,0,1
S2_N60,3500384,2.0615583545863383,1.318013670366381,3.2245665920773874,0.0015255212751730826,-1.5108340312025046,0.4544531099943713,0.0015527176197927138,60,0.0007694798597908438,0.0003870393682055734,True,0.0015425233045312397,0.0009567564900359886,True,0.692954775454389,0.5418136166935383,0.05279578047052035,-0.08333333333333337,0.041943380194408623,-0.08333333333333333,0.0015255212751730826,1.318013670366381,3.2245665920773874,0,2.0378853220116193,0.002836581677402236,1.2769242063315045,3.2523281844593988,0,,0,1
S2_N60,3500385,2.3061428044212686,1.5410475552949903,3.4510905365058346,4.852456145882351e-05,-1.3935035624197893,0.47428281065043704,0.004758949517912061,60,0.005132047155792006,0.0014531764073301792,True,0.6970057397639082,0.9115165591146646,False,0.47483270305949243,0.48976152631085945,0.020776168956639602,-0.04999999999999993,0.01221868380163662,-0.05,4.852456145882351e-05,1.5410475552949903,3.4510905365058346,0,2.451548712438413,2.1916254342708866e-05,1.6203423263628836,3.709148981468039,0,,0,1
S2_N60,3500386,2.3967970177938223,1.5656866222194321,3.6690841340664178,5.732357155675831e-05,-0.7107797019040241,0.47154143344011407,0.13724275135019098,60,0.0031489962599317175,0.0025622803148774814,True,0.041479656538677856,0.042933593556412464,True,0.18426672322327664,0.2821204970336184,0.0037726358457970664,0.0,0.0035906023090339777,0.0,5.732357155675831e-05,1.5656866222194321,3.6690841340664178,0,2.7357733925125913,6.211217809870717e-06,1.76813017176664,4.23297796434394,0,,0,1
S2_N60,3500387,5.369077595137311,3.3923155532359757,8.497733707321828,7.26860534164191e-13,-1.1872709334109688,0.4510673497210073,0.010898283962955124,60,0.009128703499516446,0.00368419275920439,True,0.6418189102437999,0.7109852241217858,True,0.1405018403243261,0.21239274559317411,0.01414538023995743,-0.04999999999999993,0.017873321408533847,-0.05,7.26860534164191e-13,3.3923155532359757,8.497733707321828,0,5.285620495529393,4.678211367211743e-12,3.2971940011187755,8.473199943127632,0,,0,1
S2_N60,3500388,2.206914068572843,1.4195015324951485,3.431112679042765,0.0004383834440390781,-1.7008466737815724,0.38104262445772596,3.855067746944478e-05,60,0.31619871874101835,0.5096968207733807,True,0.035883263015484314,0.017742467299929964,True,0.451174321060675,0.49980029099322365,0.058214805665285,0.09999999999999998,0.019635663925362364,0.1,0.0004383834440390781,1.4195015324951485,3.431112679042765,0,2.243191010166753,0.0006417055881124471,1.410576632198574,3.567268727718843,0,,0,1
S2_N60,3500389,3.2744179148411106,2.235654172731782,4.795827911045495,1.1142342822511299e-09,-1.4147431124348515,0.3954164378959761,0.0007153496796708594,60,0.009410108231239257,0.0027697829967054926,True,0.05017589915601138,0.03806571541203883,True,0.7101107948170277,0.7268364745171358,0.0037726358457970625,0.0,0.00582739683775218,0.0,1.1142342822511299e-09,2.235654172731782,4.795827911045495,0,3.121524647625783,1.7649116982545707e-08,2.100745228982473,4.638314056985806,0,,0,1
S2_N60,3500390,2.240799330717123,1.419403820119021,3.537528622489734,0.0005334410460373281,-0.9863074620483221,0.4453737570192457,0.030803727771677315,60,0.017331654727507605,0.04723323574413237,True,0.026301803961469417,0.008514165480647195,True,0.22431565170510903,0.2984513194352699,0.17591295667946763,-0.14999999999999997,0.17418002466075846,-0.15,0.0005334410460373281,1.419403820119021,3.537528622489734,0,2.5563060280285743,7.240095127557669e-05,1.6080088685519283,4.063846062503353,0,,0,1
S2_N60,3500391,2.491702708600444,1.4923291992628194,4.160330301862152,0.0004819331682091838,-1.4000000000000015,0.39509369257370286,0.0007961144431682786,60,0.07182815632096821,0.03862563776205717,True,0.018314129570638115,0.05674639088587378,True,0.07463845169461118,0.1208089767154475,0.04226151185568979,0.08333333333333337,0.04681019675008055,0.08333333333333333,0.0004819331682091838,1.4923291992628194,4.160330301862152,0,2.8798695978763185,0.00023660727491670185,1.6385796511212773,5.061486571676254,0,,0,1
S2_N60,3500392,3.7362865417634574,2.3868604785000755,5.848618822887889,8.16146541155784e-09,-0.9099893312370138,0.5306148159778801,0.09178286757365464,60,0.004296715877040888,0.004895156501644801,True,0.24250586206768587,0.25043433875532994,True,0.5999606678413069,0.5926107475245722,0.07607226810807624,0.11666666666666659,0.07175548865200221,0.11666666666666667,8.16146541155784e-09,2.3868604785000755,5.848618822887889,0,4.780256853835186,3.688207495109163e-12,3.074696575364278,7.431905890073392,0,,0,1
S2_N60,3500393,2.094885746693728,1.4324762292499997,3.063608457920621,0.00013715663749125525,-0.21390476190476237,0.4249053433432054,0.6166108069472732,60,0.012101475395308203,0.01573957193939805,True,0.12727756905482399,0.12334064750367159,True,0.345335626829508,0.3413681179500295,0.07419038087964716,-0.11666666666666659,0.06460371565539562,-0.11666666666666667,0.00013715663749125525,1.4324762292499997,3.063608457920621,0,2.4642984237456065,2.6744736042581763e-05,1.617658382851964,3.7540476936599387,0,,0,1
S2_N60,3500394,2.4909762381223106,1.7478333262135435,3.5500882869262096,4.4439081064034653e-07,-1.7073941333333351,0.4645850907550856,0.0005271354674109563,60,0.0031493117463242274,0.002402784895515173,True,0.028006438523791838,0.013796923133174243,True,0.3975783249532051,0.34842265887703316,0.0091768239574619,0.01666666666666672,0.0037721517547450907,0.016666666666666666,4.4439081064034653e-07,1.7478333262135435,3.5500882869262096,0,2.7189053692716767,1.7603170922905823e-06,1.8040401220025197,4.097717294030353,0,,0,1
S2_N60,3500395,2.212079499864201,1.4476779695119957,3.3800995917406653,0.00024232153245966172,-1.8182324771440999,0.473012547851392,0.00030722577958609815,60,0.008852249250799115,0.004069908685728787,True,0.41211917428163114,0.6353692502199263,True,0.1601565400769267,0.25892736040847286,0.008728790101144305,-0.01666666666666672,0.01999000241339333,-0.016666666666666666,0.00024232153245966172,1.4476779695119957,3.3800995917406653,0,2.3483969993448666,7.819010811351732e-05,1.5374166523004362,3.587165820195799,0,,0,1
S2_N60,3500396,3.078327994108256,2.022505110610645,4.685329688214971,1.5508292636268258e-07,-0.8953119253624477,0.4371719341333516,0.04518053839238072,60,0.029601947147287228,0.05499614225796534,True,0.012774099395288518,0.007995083231067733,True,0.2520566145677826,0.3270377576995833,0.15007412290246513,0.16666666666666663,0.10471546761536428,0.16666666666666666,1.5508292636268258e-07,2.022505110610645,4.685329688214971,0,3.300767792983147,1.4370525422934245e-07,2.1153722149240353,5.15042598476509,0,,0,1
S2_N60,3500397,2.5688687315009555,1.7185186511651311,3.839985417213389,4.227681657771436e-06,-1.399999999999998,0.4140464751711777,0.001308734550407326,60,0.031396434816928026,0.01343378982518306,True,0.007782447676023756,0.010616509716816578,True,0.30356559290793284,0.36054631917351243,0.009188465211445502,-0.016666666666666607,0.017766855632497677,-0.016666666666666666,4.227681657771436e-06,1.7185186511651311,3.839985417213389,0,2.7373475175882125,6.802935894532624e-06,1.7653950597843766,4.244416223166245,0,,0,1
S2_N60,3500398,2.7501925447890923,1.8868235176182253,4.008620288431179,1.4199912910009607e-07,-0.6000000000000001,0.4000841509481334,0.13921492900254714,60,0.295494228800637,0.5291638142604487,True,0.0023719585308854063,0.0016692525879326624,True,0.5582271593279593,0.7322457991426201,0.007435542528628423,0.0,0.00713729189831521,0.0,1.4199912910009607e-07,1.8868235176182253,4.008620288431179,0,3.370124480935496,1.6465707532307227e-08,2.210360676270255,5.1384098255700525,0,,0,1
S2_N60,3500399,2.5463031100137545,1.7304080549690897,3.746896293881119,2.1134599516615114e-06,-1.5214749514194996,0.42797509733420147,0.0007679695469278177,60,0.004760361489926358,0.005497708704100665,True,0.007092882761734612,0.011017543332819306,True,0.9903962223416222,0.8412367259857549,0.2476215453259202,0.18333333333333335,0.26141308087960774,0.18333333333333332,2.1134599516615114e-06,1.7304080549690897,3.746896293881119,0,2.7478594131751164,4.460335208049362e-06,1.7843791445005663,4.231573417480445,0,,0,1
S2_N60,3500400,3.1975245676998076,1.8547981812609464,5.512278081970704,2.8733714352696165e-05,-1.034352456200617,0.4361329489463469,0.021109775914641762,60,0.0399094866420464,0.01924300171254504,True,0.04771341844697143,0.031020897389191716,True,0.24587979073375044,0.15374223404054999,0.04319992200657044,-0.08333333333333337,0.041943380194408623,-0.08333333333333333,2.8733714352696165e-05,1.8547981812609464,5.512278081970704,0,3.666600193402876,8.181310592087794e-07,2.187665121593575,6.145345028159033,0,,0,1
S2_N60,3500401,2.4044477003385074,,,,-1.3999999999999995,0.4749718650329061,0.004635223331027695,60,0.01424631050789848,0.0054885530594727715,True,0.15444684099183012,0.11081511528792054,True,0.10950185970484108,0.038628664700799724,0.02630393681806326,-0.033333333333333326,0.020703871074318057,-0.03333333333333333,0.0006460300184523415,1.477181892090589,3.9137825711368732,1,2.5888595254839566,0.0004162260914522216,1.5566076076784863,4.305641068197412,1,0.0,0,1
S2_N60,3500402,5.882494197940468,3.8307014218105633,9.033264193283946,5.638643302945577e-16,-1.6122780442649152,0.5058378763861724,0.0023315843432070273,60,0.00968422639784389,0.014226503348273979,True,0.254573929653543,0.18482440478807083,True,0.3847168760162675,0.7888974273715426,0.03148261127096671,0.04999999999999999,0.027308269234333698,0.05,5.638643302945577e-16,3.8307014218105633,9.033264193283946,0,6.969465715236856,6.740066757086054e-17,4.418898561616426,10.992208053333066,0,,0,1
S2_N60,3500403,2.6818460550960093,1.778913498257976,4.043084877526185,2.475753753689561e-06,-1.4449966215479844,0.4593347992545764,0.002631719577791237,60,0.03216216976796696,0.03464261177911628,True,0.007252538853786016,0.0012775002508257543,True,0.3458883073185609,0.2951148614647233,0.006051147501221026,0.01666666666666672,0.008017003245231026,0.016666666666666666,2.475753753689561e-06,1.778913498257976,4.043084877526185,0,2.79402959449509,1.2266972674500834e-06,1.8447996804989875,4.231679708879201,0,,0,1
S2_N60,3500404,2.8141971403444175,1.8717920918351765,4.231081848923678,6.589443099669514e-07,-1.511956459793697,0.39315782194263454,0.0003055104274622875,60,0.014090385600102184,0.006059339244916232,True,0.6569284078262383,0.6458615485765558,True,0.03711574193737273,0.030042833635021172,0.08539985021438751,-0.1166666666666667,0.07175548865200232,-0.11666666666666667,6.589443099669514e-07,1.8717920918351765,4.231081848923678,0,3.639627018123066,1.1493967535750397e-08,2.3354710472748548,5.672039842458563,0,,0,1
S2_N60,3500405,2.891488033971322,1.823733080911026,4.584389644576081,6.322968376721779e-06,-1.7999999999999996,0.4555873750362826,0.00021688423004198427,60,0.19844398957544596,0.13644824758480545,True,0.032054341430588995,0.04951845535275714,True,1.0,0.8995652301370474,0.012527735741699885,0.033333333333333326,0.006984090312687173,0.03333333333333333,6.322968376721779e-06,1.823733080911026,4.584389644576081,0,3.173540729340346,3.060588877767278e-07,2.03956786210305,4.937987574680267,0,,0,1
S2_N60,3500406,2.2671098105563723,1.5385957548205185,3.340570047082004,3.495377214974964e-05,-1.433333333333334,0.4133774523179822,0.0010067409969288228,60,0.001223966072116521,0.00043585295401856697,True,0.054056961448671254,0.010990699862950102,True,0.6930492866115976,0.7664351893818375,0.038365418842680556,-0.08333333333333337,0.041943380194408623,-0.08333333333333333,3.495377214974964e-05,1.5385957548205185,3.340570047082004,0,2.2574621270093322,0.00017789285305978616,1.4747705217755434,3.455544560753783,0,,0,1
S2_N60,3500407,4.416483334475353,2.977061633473412,6.551871423952075,1.5679881796902013e-13,-1.2532162408759115,0.4503314397452915,0.007295136672709627,60,0.0016034739684876193,0.0032714668967525323,True,0.021692303835759347,0.005134469251209948,True,0.08309722034804211,0.12246078620575816,0.021758863013532664,0.033333333333333326,0.023379135782926795,0.03333333333333333,1.5679881796902013e-13,2.977061633473412,6.551871423952075,0,5.313651975173578,1.239090020621698e-12,3.3509966664925117,8.425820770158966,0,,0,1
S2_N60,3500408,3.393843910267876,2.1309744282574172,5.4051218703179,2.6567732286495585e-07,-2.13780882869521,0.4825010942948976,4.3197482941215454e-05,60,0.07149348288904071,0.06522893169818897,True,0.02764404537687731,0.020006058580422544,True,0.21558277600441722,0.4571856108412726,0.08099046350592813,-0.11666666666666659,0.08540844175741825,-0.11666666666666667,2.6567732286495585e-07,2.1309744282574172,5.4051218703179,0,3.416540453271087,4.906991277512855e-06,2.0168805271367787,5.787526088820328,0,,0,1
S2_N60,3500409,3.7871006409093253,2.377003438796318,6.033702362516768,2.100588202000241e-08,-2.1245734328057853,0.4379030769560921,9.86586751648353e-06,60,0.0032632414812167054,0.001941470321508293,True,0.03915516407065052,0.12171398094037919,True,0.6856003701293426,0.6661161112872991,0.023883089600497228,-0.050000000000000044,0.017873321408533847,-0.05,2.100588202000241e-08,2.377003438796318,6.033702362516768,0,3.534130302358322,1.7018894315554403e-08,2.2789951544329674,5.4805193287718765,0,,0,1
S2_N60,3500410,4.139663362293507,2.7964338663062107,6.128095128439806,1.2651825340364768e-12,-0.6111692069912353,0.46616128669969475,0.195092119524297,60,0.3083844917198799,0.28276598023484756,True,0.009742617755635117,0.009883350675115733,True,0.5078028613642578,0.5323711816110166,0.03324887615897696,-0.06666666666666665,0.020312249929417412,-0.06666666666666667,1.2651825340364768e-12,2.7964338663062107,6.128095128439806,0,4.096980886932284,5.0100479176310094e-06,2.3360408316943624,7.185342036900044,1,0.0,0,1
S2_N60,3500411,2.458789821991502,1.485378591047512,4.07010537594023,0.00046761584470020556,-1.2558369697242353,0.42393044161132526,0.004446478950091814,60,0.0025379529478668523,0.006095545651632704,True,0.0019812960506741806,0.0001843756154908827,True,0.8002872776716103,0.8350748120980196,0.017284793410421957,0.033333333333333326,0.020703871074318144,0.03333333333333333,0.00046761584470020556,1.485378591047512,4.07010537594023,0,2.6094326756392334,9.35775057418913e-05,1.6127466183588424,4.2220760602944685,0,,0,1
S2_N60,3500412,1.6560326024594278,1.0652311378176293,2.574506023197061,0.025047910486246567,-1.204259999102213,0.39119587089453894,0.0031979499328335047,60,0.0012686114099345498,0.010172133259656593,True,0.06425496463853701,0.10131970877234747,True,0.48388571512848666,0.5179735833151378,0.011342163188802889,0.01666666666666672,0.015617236041822826,0.016666666666666666,0.025047910486246567,1.0652311378176293,2.574506023197061,0,1.9414125678776284,0.004170480107164144,1.2331407213078125,3.0564903855546115,0,,0,1
S2_N60,3500413,1.694445281503046,1.1874983248006328,2.417809568270312,0.0036445399914013807,-1.1182607955029393,0.4291365986603357,0.011672619466874803,60,0.0001869954523594056,0.00015784936818317625,True,0.005336284397959455,0.012479017092813412,True,0.9913623932066004,0.9290788816296014,0.1153060073908403,0.1333333333333333,0.07592404814008616,0.13333333333333333,0.0036445399914013807,1.1874983248006328,2.417809568270312,0,1.6569654172329058,0.010174316855334448,1.1273223474057428,2.4354475010843126,0,,0,1
S2_N60,3500414,2.6206981447996553,1.771355418003979,3.877290066324186,1.429426151665142e-06,-1.7448727928223193,0.4090036823478821,7.581021944642974e-05,60,0.014525701971090968,0.008553789273585143,True,0.07715588253603851,0.22349463053577212,True,0.6055381473672876,0.6879764707387868,0.12225794816346906,-0.1333333333333333,0.129934368288178,-0.13333333333333333,1.429426151665142e-06,1.771355418003979,3.877290066324186,0,2.7217778604250307,1.348649637881175e-06,1.813357023033226,4.085281953527427,0,,0,1
S2_N60,3500415,3.50658573052222,2.194078935771981,5.604239339354344,1.5668676725510163e-07,-1.9885293267841688,0.404693978879403,7.906454059148865e-06,60,0.11683767042548363,0.1327252148556695,True,0.0008272731736525827,0.0021650656380344975,True,0.7064282554649708,0.8528288449629531,0.010130001203830086,0.033333333333333326,0.006984090312687173,0.03333333333333333,1.5668676725510163e-07,2.194078935771981,5.604239339354344,0,3.688746845926184,3.361722717769859e-06,2.217453219021052,6.136252695936216,1,0.0,0,1
S2_N60,3500416,4.082545454529038,2.5948318171851583,6.42322067962619,1.1744792232131125e-09,-1.3333333333333326,0.4971896683033745,0.009563983514579023,60,0.007557022615672152,0.013679029914432941,True,0.1200325365498478,0.24774092612321907,True,0.8821075260871146,0.9466089286598752,0.0073172652621208145,0.0,0.00582739683775218,0.0,1.1744792232131125e-09,2.5948318171851583,6.42322067962619,0,4.600932932749278,1.1611081420611131e-09,2.8142534436512463,7.521918077212158,0,,0,1
S2_N60,3500417,6.472896916969651,4.0011488624914655,10.471591019891624,2.7522677850778026e-14,-1.7080170812676414,0.46010239832244587,0.00046856893089091767,60,0.0023663638739061174,0.00029674819734343993,True,0.44251074549947844,0.3943391948156798,True,0.15622475431044633,0.19517539971512265,0.19071373031234037,0.16666666666666663,0.14422227537917792,0.16666666666666666,2.7522677850778026e-14,4.0011488624914655,10.471591019891624,0,6.902477017068952,8.146149937667246e-14,4.157264804864874,11.46046528366713,0,,0,1
S2_N60,3500418,1.7799125887839058,1.1503228758519544,2.7540866049152237,0.009632505773397722,-2.491181364392677,0.34473776566496395,1.3350615639721265e-09,60,0.0002789757844626748,2.2969519317804288e-05,True,0.05289722186279808,0.023222397471795986,True,0.5921692821994045,0.7892414958714355,0.4999999999999998,-0.24999999999999994,0.5,-0.25,0.009632505773397722,1.1503228758519544,2.7540866049152237,0,1.8513381680620438,0.008482529133163797,1.170349676617649,2.92857176021852,0,,0,1
S2_N60,3500419,2.316758587583169,1.5048477628704473,3.5667198274610046,0.00013539884385851026,-0.9666666666666667,0.40769497522105297,0.02114045021941636,60,0.054360369275248094,0.17299903768578384,True,0.04768737348199505,0.013893810733570709,True,0.09084457449989722,0.27179251834340756,0.15036591543729985,-0.1499999999999999,0.1678091302594992,-0.15,0.00013539884385851026,1.5048477628704473,3.5667198274610046,0,2.561129668951882,2.087655905795507e-05,1.6607748259901,3.9495933335062956,0,,0,1
S2_N60,3500420,3.5956477217142138,2.3548644972571524,5.490202325325897,3.100131086499417e-09,-0.9241099809281639,0.40337735666426355,0.025685041514572543,60,0.0278568592916985,0.029853979163109796,True,0.10619062791252791,0.13072523914240206,True,0.2785115797285508,0.5423812587979204,0.09560200603398812,-0.1166666666666667,0.09189379302939424,-0.11666666666666667,3.100131086499417e-09,2.3548644972571524,5.490202325325897,0,3.5325803051327815,1.1835594240631124e-08,2.289272200299315,5.4511314166049845,0,,0,1
S2_N60,3500421,2.072456834921924,1.3233869516575942,3.245518876572604,0.0014509722855970096,-1.113803395801734,0.38770857047185164,0.005705812619803053,60,0.0046621725576528866,0.0014136081224928316,True,0.24686714511773467,0.23004505654833085,True,0.8730105152038411,0.8293351869277779,0.08758803165700756,-0.11666666666666659,0.09815082970930404,-0.11666666666666667,0.0014509722855970096,1.3233869516575942,3.245518876572604,0,2.1217635387606935,0.001269528605237708,1.3428056457836084,3.352592781055207,0,,0,1
S2_N60,3500422,2.7493192871277348,1.7984982253099149,4.202815680438073,3.0029648022798935e-06,-0.816562079784851,0.3634272459207886,0.028539740309522065,60,0.014776672162662974,0.015102248675907938,True,0.007535934992286783,0.0006712320911113089,True,0.6101101068416552,0.45251410785243573,0.1495264899246554,0.1499999999999999,0.12055709368106544,0.15,3.0029648022798935e-06,1.7984982253099149,4.202815680438073,0,2.9816885411875242,0.0002120209197353316,1.7140915268410046,5.186693019265853,1,0.0,0,1
S2_N60,3500423,2.193429842871057,1.4706136110484678,3.2715149917368653,0.00011774793484319503,-1.0021978021978015,0.4712955547565298,0.0378061108865283,60,0.0034846270832011167,0.0006270789042693319,True,0.12696603041894758,0.24179612570045506,True,0.8567136186636637,0.9881550279493702,0.0596813462846229,-0.09999999999999998,0.060840915985040926,-0.1,0.00011774793484319503,1.4706136110484678,3.2715149917368653,0,2.416484857712997,6.340877695258957e-05,1.568251486154595,3.723509347263305,0,,0,1
S2_N60,3500424,2.533113647836279,1.6695695778723856,3.8433047881906726,1.2437400443637674e-05,-1.5783621874141263,0.47898703475803367,0.0016949378317348575,60,0.07508224158421552,0.11295691265045754,True,0.05841941007559169,0.04631673904759781,True,0.02472351277752606,0.04409352736620393,0.30012466652553466,-0.19999999999999996,0.2530920402579116,-0.2,1.2437400443637674e-05,1.6695695778723856,3.8433047881906726,0,2.8887117851394226,5.208321276248649e-05,1.727961340730099,4.829191244566618,0,,0,1
S2_N60,3500425,2.550130013110579,1.6261506732533504,3.9991147134950547,4.542473417721744e-05,-1.1533651215508471,0.4328972115251855,0.010015235948589983,60,0.04308420168626986,0.01890270424165927,True,0.398864977224319,0.41420310039067476,True,0.3978695612622052,0.33389157884881815,0.027234152170778434,-0.06666666666666665,0.0279104823273028,-0.06666666666666667,4.542473417721744e-05,1.6261506732533504,3.9991147134950547,0,2.669199996722689,7.795674143965972e-05,1.6400064020084675,4.34426878686515,0,,0,1
S2_N60,3500426,3.0362712327676737,1.9789134397486001,4.658588300913101,3.6764033230891965e-07,-0.9178487726655966,0.43917604358045237,0.04109648132490988,60,0.0006599914026967538,0.00014514541187095965,True,0.002049745767191289,0.0003548188769714268,True,0.8794167714783596,0.7097479162427732,0.13085563358614138,-0.13333333333333336,0.0667044862412727,-0.13333333333333333,3.6764033230891965e-07,1.9789134397486001,4.658588300913101,0,3.2496185536498277,8.077677293283287e-08,2.1128130702241594,4.998085676886139,0,,0,1
S2_N60,3500427,2.457457689949218,1.6802571816507368,3.5941511596204276,3.5639023162272693e-06,-1.4247177419354844,0.4169862509740135,0.0011752962052551455,60,0.015344799751401302,0.008870949367815285,True,0.003073427262086945,0.00044512882230433377,True,0.7616872343234451,0.9940752755341588,0.03304492879174112,-0.06666666666666665,0.024052808432163397,-0.06666666666666667,3.5639023162272693e-06,1.6802571816507368,3.5941511596204276,0,2.4624760019483634,2.1696378243293237e-05,1.624585440827239,3.732514097309597,0,,0,1
S2_N60,3500428,2.758955731789938,1.7583143187861083,4.329053485290134,1.0087424874827759e-05,-1.3524783634933133,0.3983991771421453,0.0012562211891759924,60,0.010062112056098214,0.009096439524174521,True,0.07974886921166514,0.09504171900989171,True,0.758186179151604,0.6508180801967502,0.008804481045278225,0.01666666666666672,0.009738868887544626,0.016666666666666666,1.0087424874827759e-05,1.7583143187861083,4.329053485290134,0,2.9458954140688935,1.86642110455525e-05,1.7962263961759426,4.831406446931029,0,,0,1
S2_N60,3500429,2.7883163425411017,1.7643550731312458,4.406543866640072,1.1252664104175491e-05,-1.3908826154352003,0.4166790024641666,0.0014910171735191958,60,0.0009218787417209263,0.0029585852833985235,True,0.09752236143036226,0.06503784623803488,True,0.0023065959136867073,0.007816229646994846,0.05286613299553057,-0.08333333333333326,0.05164985455623694,-0.08333333333333333,1.1252664104175491e-05,1.7643550731312458,4.406543866640072,0,2.9797854297818263,1.5675712402993878e-05,1.815508506619911,4.890707575956826,0,,0,1
S2_N60,3500430,2.1938630751378887,1.457397157405107,3.3024870180363695,0.00016664144603428915,-1.8333333333333317,0.4640481332111736,0.00021702917057974484,60,0.008443713515127366,0.006126163397635521,True,0.04478301126921435,0.024780679728902643,True,0.24248343364325098,0.3769734741487011,0.013436929797663281,-0.033333333333333326,0.02611787677947958,-0.03333333333333333,0.00016664144603428915,1.457397157405107,3.3024870180363695,0,2.7584221049213573,4.406978703623433e-05,1.6952575030418036,4.488340264099183,0,,0,1
S2_N60,3500431,2.5707862296193986,1.7391589755566685,3.8000791941894443,2.1868198546362554e-06,-1.4557799314588957,0.40346466887381655,0.0006506413019528016,60,0.0022744669895740713,0.0013816320052570013,True,0.5712588416168551,0.6945860178592524,True,0.802838131218389,0.82347717368489,0.00952578764448849,0.01666666666666672,0.01355359591439782,0.016666666666666666,2.1868198546362554e-06,1.7391589755566685,3.8000791941894443,0,2.5597501651295413,5.274036474687605e-06,1.7080482295937809,3.836145135924546,0,,0,1
S2_N60,3500432,2.2382981653066474,1.4958433122884673,3.349267022593707,8.91771139742582e-05,-1.2272191528545142,0.4108479969817759,0.004148070210432953,60,0.45260326450772737,0.24212437294056288,True,0.0016490105363543722,0.00037885618525311185,True,0.9232615553160568,0.9526693784513284,0.06083360444448227,0.09999999999999998,0.043041082046294414,0.1,8.91771139742582e-05,1.4958433122884673,3.349267022593707,0,2.4619611249201525,9.38243165739556e-05,1.566551080494772,3.8691700871341803,0,,0,1
S2_N60,3500433,4.805212374907888,3.123153991029636,7.393188435244467,9.296473182544064e-13,-0.8172974074262731,0.4249002988478924,0.05941630852016152,60,0.00023989935198296384,3.727222916282722e-05,True,0.06503411647694898,0.05996458850660126,True,0.09963613805008632,0.09903515241497635,0.013436929797663281,0.033333333333333326,0.018107644086190658,0.03333333333333333,9.296473182544064e-13,3.123153991029636,7.393188435244467,0,5.341035730188165,1.886813095823035e-11,3.275157593848188,8.710012221924522,0,,0,1
S2_N60,3500434,4.678908415028905,3.1435313321864062,6.964200971078513,2.8653806469341075e-14,-1.1366654850525844,0.45650511663642174,0.015717165275176966,60,0.010022766365963512,0.010152149491134676,True,0.11308825522656532,0.1866803819764632,True,0.7492165493178979,0.6393209157412891,0.02518118824506052,0.050000000000000044,0.04407448055388704,0.05,2.8653806469341075e-14,3.1435313321864062,6.964200971078513,0,4.814300252890269,1.6125901347386764e-13,3.171076507411832,7.309027981761407,0,,0,1
S2_N60,3500435,2.486641957831532,1.6664506796687892,3.710513789509328,8.163685190397525e-06,-1.8814595159422747,0.41490739279998057,3.014145951057617e-05,60,0.10823736608731377,0.16160980421657345,True,0.009393966685531871,0.017659946350792505,True,0.25786024671939467,0.1940971908514365,0.022069080410973493,-0.050000000000000044,0.009676838605003346,-0.05,8.163685190397525e-06,1.6664506796687892,3.710513789509328,0,3.349096197332827,7.233884401626473e-08,2.1571505218433775,5.199658171931492,0,,0,1
S2_N60,3500436,3.3054891076925967,2.0352742697028856,5.368445129839647,1.3516071498456376e-06,-1.6574800997574395,0.4341409969201862,0.0003342293533777972,60,0.05542859007227745,0.08165876941430751,True,0.14674013559722415,0.09001565697569822,True,0.14968907352745295,0.17233055575192302,0.006491971720821168,-0.016666666666666607,0.005019462966991282,-0.016666666666666666,1.3516071498456376e-06,2.0352742697028856,5.368445129839647,0,3.4114404261225864,8.51992903032689e-06,1.9874617145756113,5.85567293982744,0,,0,1
S2_N60,3500437,2.734749031997869,,,,-1.055937256106143,0.4139202546660855,0.013448459790044848,60,0.008840335773088003,0.0038658088186658605,True,0.50922307115294,0.5049107873071088,False,0.8125883622903615,0.9822326111158256,0.030347187882793017,0.04999999999999993,0.03731101178903612,0.05,4.247325094075606e-05,1.7348497687735078,4.310950955309881,1,3.4053809143105154,9.963005502003869e-05,1.8927304830324903,6.126925769679832,1,0.0,0,1
S2_N60,3500438,2.332977458628907,1.576795604961457,3.451800477718629,2.2517364842014484e-05,-0.44774862853728536,0.43203332789540483,0.30440393444488034,60,0.20960254796166322,0.42772180721641484,True,0.006847631676909621,0.0014826101755248506,True,0.4277492802817977,0.4897189055538229,0.0228880009505266,0.06666666666666665,0.016730987998137537,0.06666666666666667,2.2517364842014484e-05,1.576795604961457,3.451800477718629,0,2.5256192081479063,9.303909822947605e-06,1.6767130383654902,3.804319665089415,0,,0,1
S2_N60,3500439,2.623453427653291,1.7672132024714324,3.8945543624508194,1.7125898899880571e-06,-1.5190399494710238,0.4550614359917237,0.0014906625378251009,60,0.0017350901356426218,0.0009868399966919937,True,0.004016094865363105,0.004144790827871915,True,0.3735483601506272,0.3848119393727366,0.35418963769841466,0.21666666666666662,0.32028010351239783,0.21666666666666667,1.7125898899880571e-06,1.7672132024714324,3.8945543624508194,0,2.764768644416669,2.663143201859659e-06,1.8083967990600307,4.226918373845143,0,,0,1
S2_N60,3500440,3.456586834638841,2.4098502765318606,4.957981274502054,1.5937287693634154e-11,-1.6744274048994203,0.40957930276868365,0.00013786374862823672,60,0.03927619272497166,0.022094160082325103,True,0.0003736736683992703,0.00118112170272549,True,0.9481475284278393,0.9467717629555419,0.003402571619085428,0.0,0.0008115715540151703,0.0,1.5937287693634154e-11,2.4098502765318606,4.957981274502054,0,3.483803739878946,4.513808009732125e-10,2.353225724662656,5.15755389327745,0,,0,1
S2_N60,3500441,2.4231965400860456,1.640711922717582,3.5788619504630232,8.645692781367457e-06,-1.537454189675473,0.4570795829801021,0.001380287366459367,60,0.0012234932091249554,0.00040642773465539886,True,0.0793677397054278,0.14406511124715346,True,0.6910172302379334,0.7324447443429004,0.11560024384716439,0.13333333333333336,0.13628187080252366,0.13333333333333333,8.645692781367457e-06,1.640711922717582,3.5788619504630232,0,2.6685429053262073,6.837779105377833e-06,1.7400306165855934,4.092526401368951,0,,0,1
S2_N60,3500442,2.157179183795343,,,,-1.3999353560629733,0.4342604762120965,0.0020952031336083864,60,0.008174393520305669,0.013996334213555577,True,0.003949423014691363,0.0007326835393256166,True,0.20067660423721412,0.25615358241062725,0.3608222687795189,0.21666666666666667,0.3548683040918831,0.21666666666666667,0.003343393803793984,1.3044724068072158,3.567282839189759,1,2.2146388521125946,0.005915512463068333,1.268724341386741,3.865792659046596,1,0.0,0,1
S2_N60,3500443,2.2458956763036864,1.4640337570910107,3.4453081183469143,0.00021058744523287935,-1.9421893990894672,0.44836836944474817,6.0660309146372664e-05,60,0.0017719280343952994,0.0003108638208363382,True,0.9616598076406592,0.6565216803980192,True,0.5514779123289157,0.6718153752659695,0.007754751694176703,0.033333333333333326,0.015607878351443505,0.03333333333333333,0.00021058744523287935,1.4640337570910107,3.4453081183469143,0,2.685410338199975,2.4600994059090517e-05,1.697008423725193,4.249494925123068,0,,0,1
S2_N60,3500444,2.5096974014516746,1.6868759696217484,3.7338732427764874,5.637805882241806e-06,-1.155498498358307,0.3740277390386888,0.0030990126665347024,60,0.012624193491185065,0.013105998794593107,True,0.0012137032721973907,0.0018917728640364235,True,0.3723394187409307,0.6669033530857555,0.07282087626520434,0.1166666666666667,0.07869423055131809,0.11666666666666667,5.637805882241806e-06,1.6868759696217484,3.7338732427764874,0,2.4098803606052033,3.960064093288856e-05,1.5842425960299655,3.665804319984852,0,,0,1
S2_N60,3500445,2.160220516871666,1.4387066160375501,3.24357490922353,0.00020406723570418818,-1.5053645655044245,0.42272062838026514,0.0007535919347899342,60,0.005845487930604291,0.0031728619092760745,True,0.0032641480389067707,0.0017235726358539392,True,1.0,0.9703683744415117,0.025285293841811513,0.06666666666666665,0.020312249929417412,0.06666666666666667,0.00020406723570418818,1.4387066160375501,3.24357490922353,0,2.4176918933784406,0.000200685839473221,1.518089190324015,3.850389113211619,0,,0,1
S2_N60,3500446,2.6649667370959644,1.724838607165707,4.117514346167237,1.006256913883653e-05,-1.5212728284514592,0.42237196716579495,0.0006639315590780203,60,0.00016347791168331695,5.867049396686717e-05,True,0.10105610413612975,0.1094376443490323,True,0.892284857824315,0.7714430348070551,0.016070416255364258,-0.050000000000000044,0.007374317650564295,-0.05,1.006256913883653e-05,1.724838607165707,4.117514346167237,0,2.920334755027397,1.4616971408823732e-06,1.8881290607036103,4.516828462055893,0,,0,1
S2_N60,3500447,2.226331282835654,1.550008888648978,3.197756488514649,1.476235159433831e-05,-1.5739472188388173,0.40378040131149007,0.000257789010093832,60,0.003251469869531299,0.0008078584718467949,True,0.35445034793204777,0.34703608949105813,True,0.6644869475941706,0.8817623856146486,0.03549270544029277,-0.08333333333333326,0.03223701057934687,-0.08333333333333333,1.476235159433831e-05,1.550008888648978,3.197756488514649,0,2.47538697334438,5.131922305398606e-06,1.6765771638290208,3.6547919177240704,0,,0,1
S2_N60,3500448,5.012292632260625,3.1838876853746396,7.89069210789638,3.3566406714636515e-12,-1.333333333333332,0.41829532084450677,0.0023302246594355627,60,0.0036652935434785664,0.0010543583986667453,True,0.0018404880178330397,0.0037635709535260155,True,0.1554932204620664,0.15823170501503747,0.03943900261513047,-0.08333333333333337,0.05164985455623694,-0.08333333333333333,3.3566406714636515e-12,3.1838876853746396,7.89069210789638,0,6.5857624457724455,1.6784381207073342e-14,4.069189147166498,10.658700154635993,0,,0,1
S2_N60,3500449,3.0094064444984507,1.986725171186292,4.558520362824552,1.9916160842352645e-07,-1.923960617587828,0.401722870177367,1.2318980914546791e-05,60,0.004074511099441795,0.002633591106590998,True,0.03149090918502447,0.04636548638813833,True,0.7235787692162559,0.7719801980498932,0.005713632248976939,0.01666666666666672,0.0027081255034775605,0.016666666666666666,1.9916160842352645e-07,1.986725171186292,4.558520362824552,0,3.198970651097571,3.9723180398006875e-06,1.951794973502689,5.243077969515797,0,,0,1
S2_N60,3500450,2.864731713252841,1.8970519717415886,4.326021590954311,5.594400970185072e-07,-1.9395489255904823,0.3940793415443309,7.681461644093237e-06,60,0.022490439423002054,0.014500000306307508,True,0.13855355879523373,0.24125041048803086,True,0.5799222097639749,0.6935692215079833,0.017756953357582903,-0.050000000000000044,0.009676838605003346,-0.05,5.594400970185072e-07,1.8970519717415886,4.326021590954311,0,3.5564968784285,2.614607396871012e-07,2.1942608686218374,5.764433129692547,0,,0,1
S2_N60,3500451,2.498177905520637,1.5949228217694325,3.9129748238900564,6.362779195234288e-05,-1.192430623892935,0.45798413965022877,0.011739259964919339,60,0.0030475743117807977,0.0006755548697934978,True,0.09557473805050092,0.07931707830674514,True,0.6934264613547385,0.5329115774309786,0.08298152075134903,-0.11666666666666659,0.042171775592140824,-0.11666666666666667,6.362779195234288e-05,1.5949228217694325,3.9129748238900564,0,2.5506601780829885,8.158969668598827e-05,1.600832157376773,4.064053382535291,0,,0,1
S2_N60,3500452,3.840865738859289,2.338252073995737,6.309092928006533,1.0699306577260385e-07,-1.797393942885677,0.4337833787700312,0.00011460120765772756,60,0.021244459578439786,0.02382319262229611,True,0.0876390782434159,0.14607222971919606,True,0.26909748673388645,0.3697705080630237,0.01646599082986189,0.06666666666666665,0.020312249929417412,0.06666666666666667,1.0699306577260385e-07,2.338252073995737,6.309092928006533,0,4.228824573210831,6.639486260810399e-07,2.3952173801851653,7.466110349286671,0,,0,1
S2_N60,3500453,3.0604650762481973,2.0888425511882387,4.484036615209115,9.479533193161315e-09,-1.7841893013877366,0.40098463513183463,4.0480558387620944e-05,60,0.057043942401095976,0.0779710333580929,True,0.050549421752161344,0.03315063846780005,True,0.5875718734349715,0.5321348933210974,0.11560024384716439,0.13333333333333336,0.14813024705732944,0.13333333333333333,9.479533193161315e-09,2.0888425511882387,4.484036615209115,0,3.6754419784343066,1.855080401983368e-10,2.4629184517714897,5.48490500248623,0,,0,1
S2_N60,3500454,2.859649114891444,1.9254712077765763,4.247060681703174,1.9239785326101383e-07,-1.3627390635304455,0.3916939960680485,0.000971166041591058,60,0.0038345928082973127,0.001607372502750179,True,0.1293573825192104,0.08562125605066419,True,0.29779499732721804,0.43119542240039754,0.019595587085011263,-0.033333333333333326,0.020703871074318144,-0.03333333333333333,1.9239785326101383e-07,1.9254712077765763,4.247060681703174,0,3.1010290653014287,1.5452115495008185e-07,2.0319447770509207,4.732599710608802,0,,0,1
S2_N60,3500455,2.98686910714735,1.8589315766731649,4.7992014204187985,6.113432534440615e-06,-1.776758828360253,0.4618874253347097,0.0003044625100714137,60,7.959589000282114e-05,8.088028443533696e-06,True,0.14240286146472245,0.11053063440569251,True,0.40480182192419234,0.40561598633325335,0.10899616630246864,-0.1333333333333333,0.13628187080252346,-0.13333333333333333,6.113432534440615e-06,1.8589315766731649,4.7992014204187985,0,3.251690501876116,3.1177861896968593e-06,1.9808597082219401,5.337829365756714,0,,0,1
S2_N60,3500456,2.044846300635982,1.3901836446664604,3.007801457934633,0.0002799200771522589,-1.7632010312775632,0.46623322393513145,0.0003752796501432336,60,0.12189392946870825,0.21896754072866742,True,0.6053358708350427,0.5099151895972829,True,0.4177929822379477,0.46190531638964283,0.010379397156547617,0.033333333333333326,0.020703871074318144,0.03333333333333333,0.0002799200771522589,1.3901836446664604,3.007801457934633,0,2.1045494181552846,0.0003637941240875608,1.3979610990074613,3.16827718353707,0,,0,1
S2_N60,3500457,1.9630641635801216,1.2950103819290943,2.9757451863760576,0.0014829581573145222,-1.0751116071428546,0.4536180535349455,0.021190997615646183,60,0.12116743457094133,0.16314008700493166,True,0.1575825798501278,0.08985889544659155,True,0.24517399755916158,0.2376541622866769,0.05152281019695002,0.08333333333333337,0.037074759908350734,0.08333333333333333,0.0014829581573145222,1.2950103819290943,2.9757451863760576,0,2.3689327826425624,0.00016052673965262032,1.5137178775806828,3.707323941795432,0,,0,1
S2_N60,3500458,2.994754629046555,1.8466245125197,4.85672925242299,8.735218368610998e-06,-1.4094096487034113,0.45358561008603054,0.0029429786022851677,60,5.260013426267478e-05,6.267254334788769e-05,True,0.028106507758489392,0.0415393733800543,True,0.5150328107650399,0.7162934200578452,0.011049211596156157,0.033333333333333326,0.010976711961823486,0.03333333333333333,8.735218368610998e-06,1.8466245125197,4.85672925242299,0,3.302435887347053,1.078378376955054e-06,2.0432233322500006,5.337685126191235,0,,0,1
S2_N60,3500459,2.9326245176278913,1.9928701371051245,4.3155278416109635,4.802937743716871e-08,-1.4540939597315454,0.5011760910120802,0.0052720412278435165,60,0.0004587079268993663,0.00016374534325994306,True,0.559153304815353,0.5991052476150638,True,0.9389941866373914,0.9584274318797488,0.057530862578564365,0.08333333333333326,0.03223701057934687,0.08333333333333333,4.802937743716871e-08,1.9928701371051245,4.3155278416109635,0,3.0753428924083313,4.761600925316984e-08,2.0547319996082782,4.602903886097797,0,,0,1
S2_N60,3500460,2.8299052510097176,1.7507878236055452,4.574148632813811,2.1760809593502164e-05,-1.2117472118959092,0.40355181205241514,0.00396839593448575,60,7.27866393079705e-05,6.018626699867362e-05,True,0.28305128705188476,0.25040784975042063,True,0.7285629952575408,0.8583932725980493,0.016531263198366525,-0.033333333333333326,0.0289063090808025,-0.03333333333333333,2.1760809593502164e-05,1.7507878236055452,4.574148632813811,0,3.063402127219504,1.0590679202741748e-05,1.861485551044791,5.041367410983021,0,,0,1
S2_N60,3500461,3.6537768036895923,2.333363881376453,5.721390065961297,1.4861213534674574e-08,-0.7202413947250769,0.4371939748895819,0.10497460938661385,60,0.0038660042595032966,0.0021187104295484448,True,0.3400465945573995,0.2445975801405632,True,0.10764132614763443,0.3045784913450422,0.036145765301129805,0.09999999999999998,0.03702976749185184,0.1,1.4861213534674574e-08,2.333363881376453,5.721390065961297,0,3.5978596066621416,1.0489069031737386e-07,2.2444715363189265,5.7673236393458565,0,,0,1
S2_N60,3500462,1.781780137656545,1.2191416718932309,2.604078370988053,0.0028506011130340846,-1.6102105263157902,0.4361726207429524,0.0005001758555409299,60,0.0009117143509180758,0.00039250799639463623,True,0.3598990670900881,0.3903197758846,True,0.3179419188578336,0.4800726929199357,0.016091996455682246,-0.050000000000000044,0.005349123154234521,-0.05,0.0028506011130340846,1.2191416718932309,2.604078370988053,0,1.8333395173260274,0.002865761582555648,1.2308635613636916,2.7307119093406116,0,,0,1
S2_N60,3500463,3.582411932610136,2.289389877052087,5.605718529441853,2.3281240178785463e-08,-1.0495929768555459,0.37952523535426147,0.007644942076036818,60,0.07362307214847134,0.06504533875499721,True,0.008721131979871167,0.009081927970666986,True,0.04060654138429795,0.06867128392843903,0.14641620709399497,0.14999999999999997,0.11078793845304435,0.15,2.3281240178785463e-08,2.289389877052087,5.605718529441853,0,3.9775802349295657,9.879798974480749e-09,2.4809436558650093,6.377067245320456,0,,0,1
S2_N60,3500464,3.369499258156486,2.2684249904374045,5.005025644920218,1.7741004830641464e-09,-1.8242367131549173,0.3870293918132941,1.6111678946741238e-05,60,0.0005677639108454094,0.00022443945543798477,True,0.0612680855925676,0.032572184296228227,True,0.173435748966018,0.38787390576145253,0.07294080649860166,-0.1166666666666667,0.042171775592140824,-0.11666666666666667,1.7741004830641464e-09,2.2684249904374045,5.005025644920218,0,3.9413414926292947,1.518027036264612e-09,2.52602200844047,6.149658518261246,0,,0,1
S2_N60,3500465,2.626344485394178,1.6844086555742204,4.095018945155544,2.0375370811969533e-05,-1.6104146197681275,0.4526055621231432,0.0007607409772590297,60,0.000841654431582244,0.0010047718985804332,True,0.04369168185731732,0.020831169402612853,True,0.6312886745024489,0.3566615170426485,0.009761550639783343,-0.016666666666666607,0.011589374014260653,-0.016666666666666666,2.0375370811969533e-05,1.6844086555742204,4.095018945155544,0,2.876089437935205,2.0843493060940824e-05,1.7680670260537044,4.678493707031663,0,,0,1
S2_N60,3500466,2.622915495186888,1.7417743507599273,3.9498145623110736,3.900177356753496e-06,-1.9453702612453367,0.43104860608635204,3.248335746011378e-05,60,0.9042809823207661,0.7667239810188966,True,0.6561156279172339,0.7104053908750122,True,0.2050507063197775,0.16465561744654833,0.0071436326892110194,0.01666666666666672,0.006438935487666038,0.016666666666666666,3.900177356753496e-06,1.7417743507599273,3.9498145623110736,0,2.699658977382871,8.648686768314e-06,1.7429181918513437,4.181583867928064,0,,0,1
S2_N60,3500467,3.328563889804401,2.0905866458520563,5.299630890923549,4.027932773967275e-07,-1.156111345531729,0.49049813878226783,0.02188070443045984,60,0.02874411251281761,0.015006315269985884,True,0.0007101911584808739,0.0007607373683188841,True,0.5749984328614117,0.4058790953920257,0.10271431478618064,0.13333333333333336,0.07592404814008616,0.13333333333333333,4.027932773967275e-07,2.0905866458520563,5.299630890923549,0,3.8440557540132354,1.1519699330075582e-08,2.420713477072537,6.104301388792357,0,,0,1
S2_N60,3500468,2.232965760976171,1.490311197910423,3.3457012848611694,9.862775737650507e-05,-1.6847597921416408,0.4492440787448353,0.00041520442401882723,60,0.0052762331972204075,0.00024703727747963007,True,0.1868675044661685,0.17031774570230085,True,0.8999304610125841,0.9525117920642611,0.0035615607506711304,0.0,0.0035906023090339777,0.0,9.862775737650507e-05,1.490311197910423,3.3457012848611694,0,2.6214142032221526,8.836383214414599e-06,1.7137207928360516,4.0098786532680215,0,,0,1
S2_N60,3500469,2.7367296902406224,1.7270242785858325,4.336759760886186,1.817390719863275e-05,-0.9544070858714242,0.3786141864474546,0.014531937798478793,60,0.0017652075429110793,9.440163505662197e-05,True,0.012431671023485276,0.006893680044575001,True,0.5082349573760608,0.9584004691613653,0.024768202530186925,-0.06666666666666665,0.01025027207418291,-0.06666666666666667,1.817390719863275e-05,1.7270242785858325,4.336759760886186,0,2.9904329766952005,3.4197139990551936e-06,1.8834229052128248,4.748104827309404,0,,0,1
S2_N60,3500470,4.3991852707574095,2.910193963823357,6.650014152673027,2.1111349782715197e-12,-1.627955924683281,0.3556473268436737,2.596665207733126e-05,60,0.3561524953798303,0.5046847489430164,True,0.05703737378125119,0.024283001041037287,True,0.3352586850887972,0.36542585016120344,0.004485437848785941,0.0,0.00713729189831521,0.0,2.1111349782715197e-12,2.910193963823357,6.650014152673027,0,5.037816367816601,2.3985829380813114e-07,2.8942971345997366,8.768828000567638,1,0.0,0,1
S2_N60,3500471,2.917242287564061,1.9405944798653325,4.385410065137653,2.637605851482789e-07,-1.2443036501205595,0.4456412977846101,0.0071138017649634774,60,0.024296258529186782,0.031798414315889006,True,0.07614305104686077,0.030002866194038226,True,0.11217937321305872,0.1604328600288526,0.010640955078243898,0.050000000000000044,0.020919425857346574,0.05,2.637605851482789e-07,1.9405944798653325,4.385410065137653,0,3.65537309331293,2.4602630272169525e-09,2.387461353821707,5.59663612142975,0,,0,1
S2_N60,3500472,3.018343938821169,2.0984917872578244,4.341403758803069,2.574208537691557e-09,-1.770490243595959,0.47539168293038425,0.00045099259188146945,60,0.007197819362059776,0.00875038539692888,True,0.08753003447720374,0.07529163882257199,True,0.01541407444792854,0.14977521585000908,0.011192486116859905,0.033333333333333326,0.00381507479130854,0.03333333333333333,2.574208537691557e-09,2.0984917872578244,4.341403758803069,0,3.8744317240976733,1.4824579114837086e-10,2.5602017530515053,5.863296190154775,0,,0,1
S2_N60,3500473,1.835230376930899,1.1461204307691644,2.938670706838032,0.011479694722113175,-1.4754446427472465,0.41732970265487984,0.0008161646750645626,60,0.005439236721165278,0.006506114265304994,True,0.11864174667369069,0.12827242960100543,True,0.07450890533968994,0.28132489843538533,0.0509241062882912,0.09999999999999998,0.04304108204629445,0.1,0.011479694722113175,1.1461204307691644,2.938670706838032,0,1.9376609582056952,0.0069595877847733615,1.198517336196577,3.1326455409225775,0,,0,1
S2_N60,3500474,3.2263071241676213,1.9977617246015524,5.210359939962711,1.6698589567101152e-06,-1.5333333333333357,0.4127495962217197,0.00046461032595549774,60,0.002349681032096837,0.001058974815410344,True,0.03320372010645503,0.03656432525508335,True,0.4459412490471244,0.5879694252748149,0.011619500123548048,0.0,0.008562514012078708,0.0,1.6698589567101152e-06,1.9977617246015524,5.210359939962711,0,4.0689698981659985,2.8322160224819887e-08,2.4791647728998143,6.678263668943348,0,,0,1
S2_N60,3500475,3.3275894020725363,2.1930684914025727,5.0490220766902905,1.590753113583267e-08,-1.3580444132361957,0.3865017584027402,0.0008729974135162894,60,0.0014703638692350385,0.0031175201622484455,True,0.052797262954784936,0.04158512131970401,True,0.9807861805051113,0.870264759245571,0.18918292812571397,0.16666666666666663,0.22350559873741427,0.16666666666666666,1.590753113583267e-08,2.1930684914025727,5.0490220766902905,0,3.308918898573373,5.9151061156713147e-08,2.1468690249020317,5.0999591266801465,0,,0,1
S2_N60,3500476,2.1764282443544216,1.4471591917923023,3.273198919434087,0.00018763095751653355,-0.7913337516558592,0.4570308109315479,0.08877818386125942,60,0.03960280374548905,0.027316781186031105,True,0.014343692542507152,0.004776533868492149,True,0.5805456404643786,0.5279191579558279,0.019847271183717412,0.033333333333333326,0.03745583181815086,0.03333333333333333,0.00018763095751653355,1.4471591917923023,3.273198919434087,0,2.1564766359136365,0.000498485933005228,1.3991417518015334,3.323745771472802,0,,0,1
S2_N60,3500477,2.7711166685773967,1.6916222694813143,4.539481259738945,5.1767451279443746e-05,-1.9726829148384408,0.36563819331677216,1.3737432495100665e-06,60,0.08396101227758655,0.0523505195794088,True,0.006263960395552944,0.01304374778984938,True,0.20819682425089903,0.48917609110735516,0.11765786147387523,0.1333333333333333,0.10897483949787219,0.13333333333333333,5.1767451279443746e-05,1.6916222694813143,4.539481259738945,0,2.8941873076108524,3.611244544892193e-05,1.7480596636504862,4.791781622626897,0,,0,1
S2_N60,3500478,2.3331287000557133,1.516967403168921,3.588402440060543,0.00011470575693586004,-2.5548191903183968,0.3717123461291108,5.1758027036049915e-09,60,0.003744152290538595,0.0009101483984238156,True,0.5372817940702581,0.7895494365594213,True,0.8461677888281041,0.8005211513230535,0.02669661815653512,-0.09999999999999998,0.031066625980620963,-0.1,0.00011470575693586004,1.516967403168921,3.588402440060543,0,2.3691512789841562,0.00018028984230429782,1.508535042655965,3.7207473635018036,0,,0,1
S2_N60,3500479,2.4705446430317592,1.6726689364742229,3.649013083293416,5.491197746362312e-06,-1.8735453603850585,0.435119095637392,6.62506976078171e-05,60,0.021694322048151637,0.02163790087517282,True,0.061420855398442255,0.040944850492010215,True,0.6398617918306087,0.629530757155905,0.0075261408899111116,-0.01666666666666672,0.008017003245231026,-0.016666666666666666,5.491197746362312e-06,1.6726689364742229,3.649013083293416,0,2.398243780143484,4.240452961243204e-06,1.6519685839687392,3.481648068136473,0,,0,1
S2_N60,3500480,2.1060800149847037,1.3778940750050614,3.2190957998724805,0.0005799900494125587,-1.5090195001373246,0.39510692619398213,0.0003326923567814325,60,0.00829914595500156,0.005008485149814014,True,0.03599888641567017,0.13567077024351057,True,0.8184936534312058,0.9228163707337503,0.01727744277125392,-0.033333333333333326,0.008888955299185571,-0.03333333333333333,0.0005799900494125587,1.3778940750050614,3.2190957998724805,0,2.1544248560572523,0.0006021884929060112,1.3896153135459828,3.3401664584086515,0,,0,1
S2_N60,3500481,2.5322723929646553,1.6330961622254532,3.92653146856498,3.302222289506239e-05,-1.4471038355684922,0.43659007216442935,0.0015996999839069921,60,0.0012353228555035413,0.0010572634642319475,True,0.2632187120455718,0.4530727555242702,True,0.30399295974861873,0.33425795620726184,0.05280140894084644,0.08333333333333326,0.014203806240551542,0.08333333333333333,3.302222289506239e-05,1.6330961622254532,3.92653146856498,0,2.9950245691347868,1.6251805043421155e-05,1.8188986276979136,4.93165041367594,0,,0,1
S2_N60,3500482,1.8671522181588043,1.273437472590683,2.737674586160007,0.0013841841250330038,-1.4231472368346636,0.4220810392825919,0.0013469688933044073,60,0.0002675524710894584,0.012546692435782561,True,0.020143488948249688,0.00892234172219815,True,0.013451433843739242,0.009624545455713496,0.017762580537935807,0.050000000000000044,0.017873321408533864,0.05,0.0013841841250330038,1.273437472590683,2.737674586160007,0,1.9973677770609808,0.0006635924198755147,1.341125624337976,2.974723593705744,0,,0,1
S2_N60,3500483,2.23679294492934,1.4579058533666336,3.4318009403227605,0.00022761312347896722,-0.5310468594217345,0.40291560705870366,0.19277270360247936,60,0.0004506324168385369,0.00014412431997771376,True,0.07952865559788344,0.20966454877387808,True,0.956941167384213,0.6552259297312801,0.03269763084258068,0.06666666666666665,0.04388585412165995,0.06666666666666667,0.00022761312347896722,1.4579058533666336,3.4318009403227605,0,2.598149990197999,4.055837472727119e-06,1.731052872039631,3.8995824336735327,0,,0,1
S2_N60,3500484,2.3337625350209663,1.5424631875578636,3.5310065185352566,6.0416380095219295e-05,-1.3584318700837366,0.3862392979467704,0.0008638997228901765,60,0.02968920986133264,0.05410859102264197,True,0.018406271869495186,0.013080573983579575,True,0.063981973009061,0.0285107285541184,0.21011393276308038,-0.16666666666666663,0.1551727129330846,-0.16666666666666666,6.0416380095219295e-05,1.5424631875578636,3.5310065185352566,0,2.61114592349158,1.1078352801443444e-05,1.7019354997551024,4.006076043861694,0,,0,1
S2_N60,3500485,3.336141272144371,2.1590764814979773,5.154907055438411,5.736811431636537e-08,-1.2294341933149662,0.4412593753641228,0.007229867819512413,60,0.027082067459389587,0.027235114525723095,True,0.10848233965778405,0.07434637280154922,True,0.5919901175986821,0.6561034012828447,0.045145667184457894,-0.08333333333333326,0.02747181859148356,-0.08333333333333333,5.736811431636537e-08,2.1590764814979773,5.154907055438411,0,4.465198205044572,4.3128544595064067e-10,2.7912699400625005,7.142983458592626,0,,0,1
S2_N60,3500486,3.3788638152015964,2.068745924873633,5.518667393810609,1.1495374335332048e-06,-0.6523870417732319,0.4424320063889815,0.14583638362628987,60,0.0009700189416656472,0.00020119808978126988,True,0.194593576047006,0.1269037056149216,True,0.6194997284852634,0.9168191182972544,0.08283118199601464,0.11666666666666659,0.07175548865200232,0.11666666666666667,1.1495374335332048e-06,2.068745924873633,5.518667393810609,0,3.5647641454511962,8.857137595236004e-08,2.2374191168890203,5.679554320767303,0,,0,1
S2_N60,3500487,2.7839852035819495,1.8954345286105971,4.089074825203592,1.7886707238151185e-07,-1.221903909280811,0.5191338044603724,0.022056890156806112,60,0.13827932009040889,0.07184676131766259,True,0.009471142971477288,0.010772886225771812,True,0.3530854447057322,0.422377547979928,0.020692581426652087,0.033333333333333326,0.006984090312687173,0.03333333333333333,1.7886707238151185e-07,1.8954345286105971,4.089074825203592,0,3.706337387318691,2.4452435199376064e-08,2.3388436302550697,5.873388306484695,0,,0,1
S2_N60,3500488,2.5656708818043708,1.7250605354080337,3.8159049718112055,3.284527309261263e-06,-1.6864257149324682,0.5112582473237478,0.0016779739892281592,60,0.0003178303677988053,1.4628440498229297e-05,True,0.0016045993380298072,0.001360168837218502,True,0.07874399574818639,0.11530186886973011,0.008149737473058872,-0.033333333333333326,0.008888955299185534,-0.03333333333333333,3.284527309261263e-06,1.7250605354080337,3.8159049718112055,0,2.915388439364807,8.030509625988124e-07,1.9060113881719905,4.459306909248649,0,,0,1
S2_N60,3500489,2.5519432731438942,1.6613268621302724,3.92000792727428,1.8873822308722827e-05,-1.0633679131483729,0.4151540569058276,0.013096304186997636,60,0.00805831734397765,0.018106105826452237,True,0.1615747396096754,0.11418912554513126,True,0.9247224564037506,0.7541623812554513,0.07877609315881552,-0.11666666666666664,0.057260854798435165,-0.11666666666666667,1.8873822308722827e-05,1.6613268621302724,3.92000792727428,0,2.439724340773344,5.8799114834339504e-05,1.5789839684920657,3.769674029462345,0,,0,1
S2_N60,3500490,1.4821901767244705,1.0200200611887273,2.153769130205413,0.03902459867952819,-1.5615947355525224,0.46932952120694066,0.0015398346086894384,60,0.0038816143727117033,0.011961835125595498,True,0.038847306938860994,0.04682069351292901,True,0.20105187674386804,0.4012449742064058,0.012178096797735342,-0.050000000000000044,0.009676838605003346,-0.05,0.03902459867952819,1.0200200611887273,2.153769130205413,0,1.5865299373421289,0.03034258293154292,1.0447991381076718,2.409149424301518,0,,0,1
S2_N60,3500491,3.239582465284461,1.9998119872280307,5.247940614620317,1.789490415189699e-06,-1.53754313949069,0.48359119811124957,0.0023862216384029572,60,0.0018291437980340714,0.004864747320303044,True,0.061705282662236176,0.02282723109987257,True,0.8424617298343541,0.6643724465264054,0.10904748860878535,-0.1333333333333333,0.10128713130707304,-0.13333333333333333,1.789490415189699e-06,1.9998119872280307,5.247940614620317,0,3.3620377703592284,3.2125034348179112e-06,2.0181910085046986,5.60070772374355,0,,0,1
S2_N60,3500492,2.4257341934908543,1.6319211473490463,3.605680572881367,1.1777166392744434e-05,-1.8958511426454683,0.3570874450534678,1.8842260955445367e-06,60,0.00038944050205535623,0.001135158973920199,True,0.3132967156508081,0.14840153149077767,True,0.8281630070846616,0.881994391203667,0.004485437848785941,0.0,0.00582739683775218,0.0,1.1777166392744434e-05,1.6319211473490463,3.605680572881367,0,2.392139559459969,1.5079454768274973e-05,1.61150493086314,3.550924084897705,0,,0,1
S2_N60,3500493,2.0434074042039154,1.4012476284345847,2.9798543346832234,0.00020508209618861465,-1.31326287078077,0.49099276004858095,0.009743542291873882,60,0.015617275200642447,0.003839602739329441,True,0.016217897781657796,0.0749168365413378,True,0.352081509109211,0.2441360377390156,0.021524216658773278,-0.06666666666666665,0.007468736386298328,-0.06666666666666667,0.00020508209618861465,1.4012476284345847,2.9798543346832234,0,1.987990592186239,0.0009574764585206861,1.3222823409195115,2.988852283902324,0,,0,1
S2_N60,3500494,2.0372272064793124,1.3665394318254638,3.0370837417222694,0.00047804337427824993,-1.4463251231527083,0.41534926036308883,0.0009619597870605514,60,0.018358471108524493,0.011060109231535411,True,0.775825880361726,0.952735401585292,True,0.33112165632774304,0.2954057559817709,0.09060067005698935,0.11666666666666664,0.0717554886520022,0.11666666666666667,0.00047804337427824993,1.3665394318254638,3.0370837417222694,0,2.143282408072575,0.0002548095097471832,1.4244793241103748,3.224798986550569,0,,0,1
S2_N60,3500495,2.098583314396925,1.3453655864441443,3.273498275740255,0.001083915279977134,-1.666666666666664,0.41185065298258616,0.00015817243147290413,60,0.0009342694186457684,0.0001942188312733295,True,0.2938399723014311,0.1974148359061707,True,0.9711534710669951,0.9585811670337713,0.010968389883527942,-0.016666666666666607,0.01355359591439782,-0.016666666666666666,0.001083915279977134,1.3453655864441443,3.273498275740255,0,2.258264536264525,0.0007387712428684288,1.4070618963130028,3.6244025434227107,0,,0,1
S2_N60,3500496,3.644007360635868,2.449324804222939,5.421408227064908,1.7765576419532494e-10,-0.7780000392226084,0.4139978868604003,0.06532796588641249,60,0.00030526317276486855,2.670185998227152e-05,True,0.008235919302059016,0.016099496561171184,True,0.14916061217812238,0.07769785447413553,0.00534983531148295,0.016666666666666607,0.011589374014260653,0.016666666666666666,1.7765576419532494e-10,2.449324804222939,5.421408227064908,0,3.677159888571612,1.238551557736463e-09,2.415836843966017,5.597027332326832,0,,0,1
S2_N60,3500497,1.8807437754516112,1.2108665646714278,2.921211347395499,0.004929213822854732,-2.1063913305575395,0.4059473364414696,2.9257353758117586e-06,60,0.028754470568725925,0.07664696103174896,True,0.007549990004748438,0.019172368051642,True,0.34739366071767874,0.5521784501380406,0.038388909019376825,-0.08333333333333337,0.022831792041661296,-0.08333333333333333,0.004929213822854732,1.2108665646714278,2.921211347395499,0,2.0068257884897434,0.0027770929641335227,1.2714664206449429,3.1674841584134272,0,,0,1
S2_N60,3500498,2.558588557148124,1.6838042667624762,3.8878482101463727,1.0784730883696066e-05,-2.0691205180705685,0.4680709654656501,4.47347678080772e-05,60,0.0023719585308854063,0.004657605105994181,True,0.14372639998206105,0.07299607738064466,True,0.6645951863975327,0.6342123915618785,0.022483023750284936,-0.033333333333333326,0.010976711961823486,-0.03333333333333333,1.0784730883696066e-05,1.6838042667624762,3.8878482101463727,0,3.101855390588532,9.942133451296132e-07,1.970998878360894,4.881538477649715,0,,0,1
S2_N60,3500499,2.9051787332287247,1.9791218925330927,4.264549598408998,5.15981840832219e-08,-0.40818325280231726,0.4235402374831718,0.339246589902883,60,0.07021942475630832,0.027069881356459383,True,0.013245409918325514,0.007294913680342332,True,0.18659756521185678,0.13183299180510538,0.36738982452522767,0.21666666666666667,0.371642210890103,0.21666666666666667,5.15981840832219e-08,1.9791218925330927,4.264549598408998,0,2.904083567032167,2.3765237392544117e-07,1.938139525309476,4.3514418101347,0,,0,1
S2_N60,3500500,3.099626625367988,1.8846566510848752,5.097843796194716,8.330695557452042e-06,-1.1330851433200864,0.4742335313065806,0.020211952758354048,60,0.00035738156975053715,0.0004276145893534171,True,0.9727377131231224,0.9527235378107048,True,0.20000081234466172,0.12580491971598362,0.07607226810807624,0.11666666666666659,0.042171775592140824,0.11666666666666667,8.330695557452042e-06,1.8846566510848752,5.097843796194716,0,3.306214056016721,7.954686064187119e-06,1.9563025134274947,5.58760790275275,0,,0,1
S2_N60,3500501,2.8982191616088158,1.9279216009823694,4.356854710500917,3.1194831912395615e-07,-2.000000000000001,0.4639535434674037,6.514228723882118e-05,60,0.014453858396105189,0.005029921374806974,True,0.005077293875462743,0.004503076107454484,True,0.31186595112030047,0.31627201416007156,0.09060067005698942,-0.11666666666666664,0.09189379302939434,-0.11666666666666667,3.1194831912395615e-07,1.9279216009823694,4.356854710500917,0,3.0617882943947454,4.480137464234658e-07,1.982727180557975,4.728107654757887,0,,0,1
S2_N60,3500502,4.282432212202667,2.8182460238698046,6.507318912821166,9.525718247420064e-12,-1.5333333333333312,0.39327620747585956,0.0002570821872523039,60,0.0007981445879036741,0.0001406273743192721,True,0.693661491490122,0.6835438060797555,True,0.4245640621106189,0.3226323467749118,0.20819370828086614,0.16666666666666669,0.22887824745217414,0.16666666666666666,9.525718247420064e-12,2.8182460238698046,6.507318912821166,0,4.503045353229763,8.666513543003894e-10,2.783774826351246,7.284144271044441,0,,0,1
S2_N60,3500503,2.3745795986241043,1.6102272968013853,3.5017592121327157,1.2794246138292058e-05,-1.35710564399421,0.43074291997653874,0.002595458685720366,60,0.003952466300046233,0.004655306583368194,True,0.09548699272622217,0.1847386025708465,True,0.6185136396649983,0.5468545088329428,0.04319992200657048,-0.08333333333333337,0.041943380194408623,-0.08333333333333333,1.2794246138292058e-05,1.6102272968013853,3.5017592121327157,0,2.4879993623164425,1.902056175708524e-05,1.6383645904198483,3.7782437822955726,0,,0,1
S2_N60,3500504,2.7363620542859004,1.6853975559128338,4.442677198544011,4.679630359620034e-05,-0.3317405779730981,0.4090246149046018,0.4207090753134872,60,0.006417720950851195,0.0022735369045160385,True,0.1356072413305323,0.3424574403665387,True,0.693344073058747,0.9762587420431155,0.01706946616171914,-0.033333333333333326,0.013223875138362384,-0.03333333333333333,4.679630359620034e-05,1.6853975559128338,4.442677198544011,0,2.830762036313195,9.211703951682044e-05,1.680370835348165,4.7687174388335105,0,,0,1
S2_N60,3500505,3.229262481741966,2.108121641806574,4.946648224269354,7.140619234293982e-08,-1.0739636003772923,0.5041108384890537,0.037465660202272384,60,0.03653439737581594,0.056985121693052594,True,0.034103876027283674,0.012512218515387169,True,0.6288115251647979,0.8644273074011576,0.07187804050208399,0.1166666666666667,0.07869423055131809,0.11666666666666667,7.140619234293982e-08,2.108121641806574,4.946648224269354,0,3.4608170095560933,8.457339487876837e-08,2.197418577653231,5.450602127166907,0,,0,1
S2_N60,3500506,3.3413065410169045,2.0543652516050885,5.434442289324934,1.1672167007702583e-06,-1.2519910799617708,0.40914787784972284,0.003371265718083414,60,0.5434407872665943,0.4855333200515809,True,0.0017320899808852131,0.01990404982577041,True,0.9481672872281646,0.9289876916185607,0.02518118824506052,0.050000000000000044,0.03394444614884941,0.05,1.1672167007702583e-06,2.0543652516050885,5.434442289324934,0,3.5558030655097608,1.1035488970109369e-07,2.2260546167878053,5.679885545186447,0,,0,1
S2_N60,3500507,2.509347934510753,,,,-1.9825188716726259,0.47363195771761474,9.945249954694549e-05,60,0.00013335390193059036,0.0006427854800215634,True,0.008060165111323002,0.00750067675692659,True,0.02207990443211074,0.03549324598768582,0.09141903105370684,-0.1166666666666667,0.057260854798435165,-0.11666666666666667,0.0005972423781085636,1.51078569866037,4.167915450892107,1,2.729395331859787,0.00027389792967531004,1.624209507853811,4.586599722237624,1,0.0,0,1
S2_N60,3500508,2.6667810972757486,1.738669753106936,4.090323310725843,6.977696480431878e-06,-1.4780496613995509,0.49666108462130104,0.004279533517210665,60,0.003045859560731242,0.0027648634525618393,True,0.34089646405263185,0.3351984047930392,True,0.47894199676642346,0.6775740453105377,0.007100687603173741,0.01666666666666672,0.01999000241339333,0.016666666666666666,6.977696480431878e-06,1.738669753106936,4.090323310725843,0,3.0313780765474134,2.7064766300493502e-06,1.9074093548274629,4.817661725164141,0,,0,1
S2_N60,3500509,2.871826730193842,1.9212724942053199,4.292669984674481,2.690371709722111e-07,-0.8373935530628681,0.4793145017564825,0.08601226176778615,60,0.016848721929959076,0.015767242112807195,True,0.5440317336458034,0.8413965070693459,False,0.5218530042362557,0.5127538887030617,0.12989466466111987,0.14999999999999997,0.0773623747924617,0.15,2.690371709722111e-07,1.9212724942053199,4.292669984674481,0,3.214398625786289,6.365138737586427e-08,2.105351959355659,4.907663290948745,0,,0,1
S2_N60,3500510,2.650699455335522,1.7205422446117422,4.083716993593242,9.831531147175661e-06,-2.390481834343802,0.38284010958964176,5.71145947154039e-08,60,0.06121810479398231,0.06530388201583465,True,0.004982310987507011,0.005831407298468574,True,0.19382840449490712,0.3606407628958507,0.01943590689186421,-0.050000000000000044,0.020919425857346574,-0.05,9.831531147175661e-06,1.7205422446117422,4.083716993593242,0,2.9740441899623726,5.262244768041525e-05,1.7535408366881484,5.044044973913509,0,,0,1
S2_N60,3500511,3.663402961673035,2.3614515574503177,5.683166024411286,6.820506714048697e-09,-0.8726301087022538,0.4181424382035435,0.04137858187425053,60,1.3627396267132152e-05,2.5681160227475493e-05,True,0.028754470568725925,0.014240020685351986,True,0.07469961364485031,0.09303956433140197,0.09682015844679463,-0.1166666666666667,0.1041833610678626,-0.11666666666666667,6.820506714048697e-09,2.3614515574503177,5.683166024411286,0,3.9628534850215673,5.330040291080791e-09,2.495691661882788,6.292527231469005,0,,0,1
S2_N60,3500512,4.011939584126874,2.724944251199745,5.906784779027122,1.9342886754863974e-12,-1.3117684760636994,0.36709634911428973,0.0007254391118724805,60,0.04227070264132346,0.01800629340150679,True,0.0006320731229845829,0.0006729822665747824,True,0.07254603665528353,0.05320394440950205,0.009138391307915333,0.033333333333333326,0.018107644086190658,0.03333333333333333,1.9342886754863974e-12,2.724944251199745,5.906784779027122,0,4.509963539862409,5.044737818008137e-13,2.9970201281135953,6.786664840883358,0,,0,1
S2_N60,3500513,2.148498514183573,1.4746238912690137,3.1303208179250377,6.816247950745782e-05,-0.590150102492891,0.4421830651209787,0.18730489752716395,60,0.028919523244796803,0.010568744836507247,True,0.14127336186351735,0.2926283872715396,True,0.51543428704469,0.46232611196956697,0.025928067283292947,0.06666666666666665,0.0318497240814113,0.06666666666666667,6.816247950745782e-05,1.4746238912690137,3.1303208179250377,0,2.0594328580090515,0.00018126236438845475,1.410890739021104,3.00608940107579,0,,0,1
S2_N60,3500514,2.999434236236228,1.9759388198262813,4.553079097002081,2.495231374441011e-07,-0.6731455200169429,0.4704264109782365,0.15791120269167633,60,0.0080675583525795,0.0023775931418793597,True,0.0070638098528762695,0.015081064108922525,True,0.34038739233473136,0.4480319345946381,0.012193193259001789,0.04999999999999993,0.014962499607782146,0.05,2.495231374441011e-07,1.9759388198262813,4.553079097002081,0,3.102140181619253,1.838221517453446e-06,1.948316225151443,4.939277095877345,0,,0,1
S2_N60,3500515,2.188636657674412,1.5175291331790635,3.1565327574841366,2.7614915578161586e-05,-1.2915091302148007,0.3946895090216255,0.001815057506667253,60,0.004295585867793419,0.0033620624135423578,True,0.04535202708472339,0.030549830804227435,True,0.31135692423522965,0.30923042386946553,0.010983159237925932,0.016666666666666607,0.0018344639998889984,0.016666666666666666,2.7614915578161586e-05,1.5175291331790635,3.1565327574841366,0,2.3566324064222646,1.8557404508794094e-05,1.5917283623852054,3.4891105984172746,0,,0,1
S2_N60,3500516,2.991390916053321,1.9565691688780749,4.573525820085104,4.2234691597167035e-07,-1.9780704122160973,0.3444337221257711,3.777100499071423e-07,60,0.0005128047077488699,0.0002811926909974773,True,0.046523264762890065,0.028771442703215844,True,0.9826928111310829,0.9881545301551099,0.03373817751058897,-0.06666666666666671,0.031849724081411276,-0.06666666666666667,4.2234691597167035e-07,1.9565691688780749,4.573525820085104,0,3.6588512801824153,6.901817057270826e-10,2.4229465680733817,5.525170413121158,0,,0,1
S2_N60,3500517,4.983175617945192,3.184370877381565,7.798098963806081,2.0748941616798927e-12,-0.8602809059850687,0.47940936811300433,0.0780432480930413,60,0.0047118602725553195,0.0030561462404743917,True,0.9017203397307716,0.7897415735488467,True,0.7065193899277913,0.8816648983496141,0.027829251541356192,0.06666666666666665,0.005077570106963428,0.06666666666666667,2.0748941616798927e-12,3.184370877381565,7.798098963806081,0,5.030073727125379,1.0795245699708653e-12,3.2243858050268677,7.84696473383283,0,,0,1
S2_N60,3500518,3.332372343885511,2.3588040076961745,4.707769446745553,8.627858150484307e-12,-1.677942503735928,0.46642137293328284,0.0006728274395424351,60,0.024457508645665985,0.013349812643993209,True,0.20940258855572869,0.441115272213896,True,0.9817776071373829,0.9940737799855979,0.009186801874295597,-0.01666666666666672,0.011589374014260653,-0.016666666666666666,8.627858150484307e-12,2.3588040076961745,4.707769446745553,0,3.5778791783429607,9.003192019649177e-11,2.4335852315650035,5.260230563853242,0,,0,1
S2_N60,3500519,3.5664037229488637,2.3495664811285097,5.413439294960659,2.345997144844767e-09,-1.4938379778088917,0.5216106418755979,0.0058473481520893945,60,0.0031378714877044215,0.008699780838793827,True,0.06254393214755109,0.022340577771963032,True,0.38549072537158136,0.3565669157532748,0.13824295376386941,0.14999999999999997,0.0773623747924617,0.15,2.345997144844767e-09,2.3495664811285097,5.413439294960659,0,4.282971197107934,1.4418280928802817e-09,2.6736796219868784,6.860897664928308,0,,0,1
S2_N60,3500520,2.8271568203961825,1.8305545844154043,4.366335620450888,2.7811828838762945e-06,-0.8989858504888552,0.40915413820410235,0.03208720924030362,60,0.01899346786814096,0.019155565673969407,True,0.07346408766390793,0.18655090433985255,True,0.6838689752668283,0.6079763386995405,0.005712652467970287,0.0,0.00582739683775218,0.0,2.7811828838762945e-06,1.8305545844154043,4.366335620450888,0,3.009156390436695,2.879724353555138e-06,1.89688329828464,4.773631667427562,0,,0,1
S2_N60,3500521,2.3557873733209873,1.5321166515816762,3.6222660608572745,9.475540134284178e-05,-0.7204679573454809,0.4422425348813297,0.10880168469907038,60,0.03321766203345072,0.03176269075532341,True,0.052781890886508046,0.03869898649951631,True,0.7029194422091427,0.8760613728923287,0.006034797915263179,-0.01666666666666672,0.011589374014260653,-0.016666666666666666,9.475540134284178e-05,1.5321166515816762,3.6222660608572745,0,2.588262985936688,4.604254978388784e-05,1.6381575182403387,4.089414607434019,0,,0,1
S2_N60,3500522,3.093681193764862,1.968424559280002,4.862194633537366,9.792970089599111e-07,-1.359366126676186,0.39936190127299565,0.0012221406560501199,60,0.0009542569398246836,0.005469614563499469,True,0.07145256878897682,0.09405408852410499,True,0.4294989518199698,0.7039712300931762,0.009773838107433298,-0.033333333333333326,0.002590517806927464,-0.03333333333333333,9.792970089599111e-07,1.968424559280002,4.862194633537366,0,3.283698375464285,3.2159965065402037e-07,2.08124149047335,5.180886057856943,0,,0,1
S2_N60,3500523,3.4935004215641325,2.351894944823834,5.189239095193914,5.784531114891279e-10,-1.6084143793674817,0.38774115325663855,0.00011283554650053204,60,0.00014033594435405484,3.2363502597401883e-05,True,0.005611967561316206,0.007854136812512827,True,0.45778101632651913,0.36914782465120843,0.041687083144001935,-0.06666666666666671,0.031849724081411276,-0.06666666666666667,5.784531114891279e-10,2.351894944823834,5.189239095193914,0,5.086679709005176,3.1183228912616596e-12,3.21995769630603,8.035605713605571,0,,0,1
S2_N60,3500524,2.500391898468732,1.6661635942377522,3.752308397296519,9.645165576481127e-06,-0.673727455247928,0.5295074762107564,0.20840908217837525,60,0.04424303485343782,0.014245429207991336,True,0.016243499492990768,0.02114639077118318,True,0.3002223797954874,0.23745012803539756,0.019089124747318647,0.050000000000000044,0.027308269234333698,0.05,9.645165576481127e-06,1.6661635942377522,3.752308397296519,0,2.6615005817041144,7.255454878721917e-06,1.7353540031766728,4.081925263343617,0,,0,1
S2_N60,3500525,3.176177187101991,2.0274184938889057,4.975835800193654,4.51877821840929e-07,-1.7443114265144506,0.4499277701364779,0.0002761412850152277,60,0.005090702115527147,0.0024411790427908294,True,0.06083483332460335,0.04396972540875097,True,0.8821190094335236,0.8761543630119947,0.009781082117647034,0.04999999999999993,0.01221868380163662,0.05,4.51877821840929e-07,2.0274184938889057,4.975835800193654,0,3.4325695375021117,3.429996718158082e-08,2.2149712895535947,5.319497225700886,0,,0,1
S2_N60,3500526,2.2318623771220034,1.54384992316894,3.2264856808025355,1.959695617486561e-05,-1.5929359165424728,0.4922555804187442,0.002020697281466571,60,0.0017368918197237198,0.002108081193264256,True,0.3694133941433251,0.39026690680233067,True,0.9327394983127855,0.6453027386743918,0.011448287447086218,-0.033333333333333326,0.0038150747913085485,-0.03333333333333333,1.959695617486561e-05,1.54384992316894,3.2264856808025355,0,2.377724219030096,1.7676556284758805e-05,1.6010346433666718,3.531199331123711,0,,0,1
S2_N60,3500527,2.6440930024436735,1.7952882966576862,3.894208979464339,8.553500051573494e-07,-1.4898917629792685,0.44077671243667577,0.0013131457862888556,60,0.0007398545994562507,0.00019526210542138853,True,0.6081569337967869,0.7274385126761329,True,0.0350794791037728,0.02485791766447792,0.0025449622201332467,0.0,0.0012910097575818788,0.0,8.553500051573494e-07,1.7952882966576862,3.894208979464339,0,2.8899714071178604,9.419607895230094e-08,1.9572801506073196,4.267112570148573,0,,0,1
S2_N60,3500528,3.0834452006787494,2.089333937842976,4.550557540554993,1.4229288012813931e-08,-1.3330441719014865,0.5090357724823643,0.01128600889881391,60,0.05064714872536189,0.020674713882322834,True,0.001665477295269052,0.00026593643498613824,True,0.11158860285449686,0.07685539904672808,0.017890991763761632,-0.033333333333333326,0.015607878351443505,-0.03333333333333333,1.4229288012813931e-08,2.089333937842976,4.550557540554993,0,3.3967086633942087,5.133900343035302e-09,2.2537942200661556,5.11920282750508,0,,0,1
S2_N60,3500529,3.0841742192760404,1.9568507012518448,4.860938347908624,1.221271913645713e-06,-1.333333333333334,0.4384454157780931,0.003558792352982908,60,0.00022545964378425633,6.083163190123164e-05,True,0.04416238545341844,0.03806302888012938,True,0.8368748661675532,0.8645775439055127,0.027452125558571714,-0.06666666666666665,0.01335827374792207,-0.06666666666666667,1.221271913645713e-06,1.9568507012518448,4.860938347908624,0,3.312387109518207,7.583066717286363e-07,2.060702222458411,5.324354117604111,0,,0,1
S2_N60,3500530,2.49587984244261,1.5570133992157622,4.000875131228148,0.00014525250644999805,-1.536156811245273,0.4619446409317446,0.0015485194914942203,60,1.6251399723520516e-05,4.7404369636212156e-06,True,0.9520193394738229,0.8298216774091878,True,0.42459419827490075,0.3689868432833585,0.01012588676232538,0.016666666666666607,0.017766855632497677,0.016666666666666666,0.00014525250644999805,1.5570133992157622,4.000875131228148,0,2.7360486887169166,5.831324450109114e-05,1.6748580574444434,4.469610062629367,0,,0,1
S2_N60,3500531,2.7591294777180537,1.7774555579579268,4.28297373778439,6.078085470047606e-06,-1.3957240612734017,0.4784791833613138,0.005047836241901986,60,0.23844678476412096,0.207654319653246,True,0.004244573449225688,0.001432332929644098,True,0.48380608287101146,0.557191445238993,0.01934576984666105,0.050000000000000044,0.012218683801636616,0.05,6.078085470047606e-06,1.7774555579579268,4.28297373778439,0,2.8348187383512657,1.279047624532233e-05,1.775296166224107,4.526679791349811,0,,0,1
S2_N60,3500532,3.8193136651324684,2.513569861152541,5.803362420163247,3.430403060905415e-10,-1.7550989239847283,0.38466492705521216,2.7339908208997144e-05,60,0.00032765644208623763,0.0006555460361358578,True,0.02061837789190044,0.011431406789320137,True,0.4059942409929116,0.5322962994047016,0.8620894710093147,0.3333333333333333,0.8448272870669151,0.3333333333333333,3.430403060905415e-10,2.513569861152541,5.803362420163247,0,3.9669960240265203,1.6414148142694643e-09,2.534747333416082,6.208531022866634,0,,0,1
S2_N60,3500533,2.351761882316048,1.5039472402620802,3.6775119519158914,0.0001775084675476151,-1.2783937632951847,0.46492612533037647,0.007978708637343072,60,0.0049754615120375404,0.0036171607205629174,True,0.032362883404452494,0.03523663173268814,True,0.35518294470795975,0.4121656408598908,0.3673949669310868,-0.21666666666666662,0.32028010351239783,-0.21666666666666667,0.0001775084675476151,1.5039472402620802,3.6775119519158914,0,2.312996424369061,0.005079114690349362,1.2996576576283745,4.116432067892936,1,0.0,0,1
S2_N60,3500534,2.641830503987525,1.8027103852053643,3.8715416902665165,6.290852638868939e-07,-1.4437266860086446,0.4425342071043474,0.0018687041668154262,60,0.00023557814342148315,6.559314539243571e-05,True,0.1478394186769384,0.08090932219298097,True,0.6963381864811535,0.5727013869445424,0.07559395632841771,-0.09999999999999998,0.08305141005097433,-0.1,6.290852638868939e-07,1.8027103852053643,3.8715416902665165,0,2.8981340528218045,2.2202917933686007e-06,1.8651881767729643,4.5031279378239955,0,,0,1
S2_N60,3500535,2.560737231341882,1.7276248096893925,3.795601412530901,2.82843415501258e-06,-1.2950932706184175,0.404637746368137,0.0022425180699551877,60,0.03586159349326184,0.034688128937814845,True,0.06109481773204284,0.06829598049063419,True,0.4778348333291035,0.3116135016540015,0.007880212947669068,0.01666666666666672,0.006438935487666038,0.016666666666666666,2.82843415501258e-06,1.7276248096893925,3.795601412530901,0,2.5669466466548756,8.863924460584911e-06,1.6936197945476978,3.8906105774067457,0,,0,1
S2_N60,3500536,1.9741820242829387,1.236713846300908,3.151411845722633,0.00436772594058883,-1.3227121250961305,0.38942029359499636,0.0012492440269351568,60,0.0670906299616436,0.011072445509642594,True,0.23841011012536883,0.162515601426092,True,0.40451098587981593,0.8177628239718951,0.00877745719745104,-0.033333333333333326,0.008888955299185571,-0.03333333333333333,0.00436772594058883,1.236713846300908,3.151411845722633,0,2.2718230857572976,0.001407796905534615,1.3728524870548513,3.759457175222058,0,,0,1
S2_N60,3500537,2.5704006888246576,1.7550162915932868,3.7646144555798764,1.2403958608869905e-06,-1.5101468152507764,0.42275982000463014,0.0007282646056407518,60,0.001699605796510281,0.0012639387564499017,True,0.008810587347716534,0.02042203554849222,True,0.946176470217307,0.8643048713910476,0.007533455014751747,-0.016666666666666607,0.005019462966991282,-0.016666666666666666,1.2403958608869905e-06,1.7550162915932868,3.7646144555798764,0,2.8996879835071514,4.7211162742121623e-07,1.916264273880922,4.38780314192627,0,,0,1
S2_N60,3500538,3.4426577809876187,2.3007041159451407,5.151419739224389,1.8328892947307847e-09,-1.6203723070487341,0.3639403320572216,4.009373866531916e-05,60,0.10582587157094613,0.06833453040395876,True,0.0026384189162816417,0.004532294960131231,True,0.4791425533353798,0.6505394042055221,0.009179733810173844,-0.01666666666666672,0.022275261840055335,-0.016666666666666666,1.8328892947307847e-09,2.3007041159451407,5.151419739224389,0,3.909470931945463,1.1037579058991367e-08,2.4491406998520753,6.240541006341389,0,,0,1
S2_N60,3500539,2.6018267865816083,1.7012866605406,3.979048789592287,1.0264405085257715e-05,-2.2100208865165936,0.4283769984235487,3.260634171233867e-06,60,0.00019551575282548866,5.442339219239032e-05,True,0.36319645799312206,0.4719086366102402,True,0.09628406856282404,0.13686047165245946,0.10369584370749835,0.11666666666666664,0.11560001832136692,0.11666666666666667,1.0264405085257715e-05,1.7012866605406,3.979048789592287,0,2.979886186604682,2.085622624558138e-06,1.8981262141280222,4.678151336314923,0,,0,1
S2_N60,3500540,2.1113788277836276,,,,-1.3363042505592848,0.41834584307933115,0.0022848033870411736,60,0.01734147504136943,0.016555954487267124,True,0.6728966066275992,0.6780038748903995,True,0.46927846156000463,0.364626069791129,0.01137976374377326,0.01666666666666672,0.005019462966991282,0.016666666666666666,0.005329686246959201,1.2592632428715436,3.5401021824852186,1,2.344936300924199,0.0024365893799412593,1.3686570823391344,4.0176069859619945,1,0.0,0,1
S2_N60,3500541,4.496686737383933,2.9314560583894718,6.897661507255694,5.702912537804629e-12,-1.2901875496936515,0.40899745834395496,0.0025661896354897415,60,2.558618282820893e-05,3.901048199244754e-05,True,0.00661365219252368,0.0019392007560966335,True,0.12301901376938125,0.298193704908143,0.00565196230874234,0.0,0.008562514012078708,0.0,5.702912537804629e-12,2.9314560583894718,6.897661507255694,0,5.276934191233784,2.336598186938362e-13,3.381980306359443,8.233647725934636,0,,0,1
S2_N60,3500542,3.093255332712831,1.8958985416563179,5.046804110623587,6.150773888837788e-06,-1.0769787496150298,0.4067566521408211,0.010461772903233657,60,0.0013177856408657538,0.0003292662097235379,True,0.00043294716850740734,0.0004997794924791526,True,0.6181726385605903,0.7326071884660535,0.014128412582506801,-0.033333333333333326,0.020703871074318057,-0.03333333333333333,6.150773888837788e-06,1.8958985416563179,5.046804110623587,0,3.3877017805604965,3.3826522475144555e-06,2.024715570066937,5.668215093359186,0,,0,1
S2_N60,3500543,2.246263732773099,1.4619270716862767,3.451403872938555,0.00022173382970748696,-1.6333333333333342,0.47816009388516656,0.001178270673136109,60,0.048235030088004234,0.03483490885900934,True,0.2561727715983767,0.16599880303522052,True,0.9394960003819992,1.0,0.07326035089091511,-0.09999999999999998,0.11218346428399878,-0.1,0.00022173382970748696,1.4619270716862767,3.451403872938555,0,2.3291132418780087,0.0002933481468844568,1.473820202646043,3.6807532450376628,0,,0,1
S2_N60,3500544,4.64875513627633,2.6524745928414735,8.147457613874739,7.988228115355713e-08,-2.0524113559032573,0.3488579841575839,2.2325469426976223e-07,60,0.0016516067537404584,0.0004907798926575997,True,0.05300868096138693,0.03651715945341703,True,0.6648182998496562,0.5767255304238927,0.051628045940912394,0.06666666666666665,0.05189871508620115,0.06666666666666667,7.988228115355713e-08,2.6524745928414735,8.147457613874739,0,4.873564321288304,1.1554246874778808e-08,2.82868323713644,8.396708716589565,0,,0,1
S2_N60,3500545,3.150985641008899,1.9544641209716958,5.080016769460078,2.477469137541097e-06,-1.9081561993250635,0.4216616988266481,3.113438425989525e-05,60,0.008560100965000303,0.005990139119816343,True,0.003235359356284203,0.005577686938569012,True,0.12350697355997103,0.028808013111407,0.05374610556822462,0.08333333333333337,0.041943380194408623,0.08333333333333333,2.477469137541097e-06,1.9544641209716958,5.080016769460078,0,3.6999724438757795,3.005523819263526e-06,2.1367435837464352,6.406850213368728,0,,0,1
S2_N60,3500546,2.901054335066706,1.7844618576197333,4.716332948822711,1.7417498813554595e-05,-0.958655085458113,0.43341361586007,0.030999378490937233,60,0.001375964524085581,0.0005237859042631129,True,0.274007839128556,0.10909089799573783,True,0.7579192275618853,0.8815306662869155,0.030347187882793003,0.04999999999999993,0.027308269234333698,0.05,1.7417498813554595e-05,1.7844618576197333,4.716332948822711,0,3.33529765321956,6.243325236829941e-06,1.9778402836074438,5.624423027365038,0,,0,1
S2_N60,3500547,3.554435072921697,2.335727259585879,5.40902566246363,3.2207422266402885e-09,-1.8094685635291432,0.5039082745259842,0.0006868788300728019,60,0.0012685903432886325,0.000556504976578817,True,0.022506200521261625,0.009691482695328369,True,0.8945269412523519,0.5473387074275486,0.05288009727195274,-0.09999999999999998,0.08825895661815206,-0.1,3.2207422266402885e-09,2.335727259585879,5.40902566246363,0,3.734965491679195,4.472438161258523e-09,2.4047106359258477,5.801100147196495,0,,0,1
S2_N60,3500548,2.3817202684420615,1.6131512145348086,3.516466023765513,1.2689651190846829e-05,-1.5920120167394753,0.40421355622780336,0.0002258692546300027,60,0.003844874959704704,0.0010612023298807644,True,0.1478657265919414,0.3936455672715956,True,0.02568025332948887,0.056621893114996186,0.20564847773293057,0.16666666666666669,0.1983906783526176,0.16666666666666666,1.2689651190846829e-05,1.6131512145348086,3.516466023765513,0,2.566174332597501,7.1571399704612226e-06,1.7005295993943323,3.872470498383362,0,,0,1
S2_N60,3500549,2.361858116552837,1.5244286641018505,3.6593209601008994,0.00011939435706332258,-1.7014201222425405,0.4596196762372703,0.0004843837447254286,60,0.0004869951535298993,0.0004562722989265607,True,0.023676641534905438,0.02670809678430624,True,0.17189513953055924,0.06557485783019028,0.025907850509750648,0.06666666666666665,0.020312249929417412,0.06666666666666667,0.00011939435706332258,1.5244286641018505,3.6593209601008994,0,2.496707283309019,5.416910262779304e-05,1.6011771177990795,3.8931028861421115,0,,0,1
S2_N60,3500550,2.4853480726679393,1.7252807006337811,3.5802609048169027,1.0166175885126294e-06,-0.9666666666666656,0.39153591389860587,0.016573694532302813,60,0.030465373644394837,0.04089980852343904,True,0.804834990168423,0.8125060898389634,True,1.0,0.7379103725992631,0.012519458656678095,0.033333333333333326,0.010976711961823486,0.03333333333333333,1.0166175885126294e-06,1.7252807006337811,3.5802609048169027,0,2.530258569452295,5.0189219535857045e-06,1.6983594067989995,3.7696428698525017,0,,0,1
S2_N60,3500551,2.1263419726828214,1.4008690572783076,3.2275180619500463,0.00039534224064864985,-1.8281786177506034,0.42935522077467425,7.794470577356863e-05,60,0.019434915986553957,0.01565378118286828,True,0.017348023191332072,0.023297610963432712,True,0.4244736258178391,0.46737126525834527,0.4270631282461481,0.23333333333333334,0.4262479084616754,0.23333333333333334,0.00039534224064864985,1.4008690572783076,3.2275180619500463,0,2.484560503284783,1.9971416128964483e-05,1.6353967641712783,3.7746441901582597,0,,0,1
S2_N60,3500552,3.855995969709607,2.5309472360653253,5.874758946587917,3.328246313994034e-10,-1.692383536861148,0.39995867476349284,8.527629311125701e-05,60,0.0008327793321590002,0.0002129846169402372,True,0.065384999057169,0.051337104233230575,True,0.40371187170741674,0.3924178117891586,0.2977920037752208,0.19999999999999996,0.2806844056273827,0.2,3.328246313994034e-10,2.5309472360653253,5.874758946587917,0,4.051368979707921,3.1541280664900403e-09,2.55008368355028,6.436490973068091,0,,0,1
S2_N60,3500553,2.365321507097967,1.5760815952774787,3.54978184422946,3.2337989155795154e-05,-0.9455352480417758,0.4917834954111712,0.05952387721173885,60,0.013451718622181627,0.00421993213502453,True,0.004525069958151343,0.0027456149883767567,True,0.49353465336986024,0.32569826360221177,0.01365855852193042,0.033333333333333326,0.018107644086190658,0.03333333333333333,3.2337989155795154e-05,1.5760815952774787,3.54978184422946,0,2.7644321459070698,2.3661839352372062e-06,1.8121939542987056,4.21703486605094,0,,0,1
S2_N60,3500554,2.4161211349696914,1.582261123029277,3.6894298001020998,4.4169603814771075e-05,-1.2416801567691924,0.46213332136965807,0.009435526625028003,60,0.26975710082410875,0.19490767452972613,True,0.15469336545178652,0.08612432287337692,True,0.16907198802129142,0.21250800970493522,0.05280422315853196,-0.08333333333333326,0.056442885783694885,-0.08333333333333333,4.4169603814771075e-05,1.582261123029277,3.6894298001020998,0,2.985003132660821,1.0641329481824411e-06,1.9238358673398381,4.631498899287832,0,,0,1
S2_N60,3500555,2.0667146642701866,1.3393665172155083,3.1890520246760534,0.0010371237053036603,-0.5001074381248135,0.49804844422156314,0.3195577828727175,60,0.014975721688503222,0.012587378319353268,True,0.017840155516242677,0.015781813694934428,True,0.2676854044131399,0.27215512672546105,0.007204561547157251,-0.033333333333333326,0.010976711961823486,-0.03333333333333333,0.0010371237053036603,1.3393665172155083,3.1890520246760534,0,2.1920893938500883,0.0005500007491867784,1.4044395554319,3.4214757709186787,0,,0,1
S2_N60,3500556,2.246177691504288,1.4820386802962202,3.404306708650214,0.00013652641495285922,-1.2204985136062192,0.3772989610012415,0.002027645746873682,60,0.0011104191762599507,0.0010404468183168863,True,0.36204384537419443,0.4226312690905386,True,0.755987590661414,0.6345311471311806,0.0029487649396654943,0.0,0.0004646056888571556,0.0,0.00013652641495285922,1.4820386802962202,3.404306708650214,0,2.4280489391301994,3.295179650962336e-05,1.597340370526449,3.6907735881415697,0,,0,1
S2_N60,3500557,5.931416057792851,3.89062031995928,9.04269590896783,1.2914664963897004e-16,-1.5666666666666675,0.46354186049163737,0.0013146441342754196,60,0.013849285721398116,0.026744142095164007,True,0.04773295401172546,0.022775872562651702,True,0.10240605008420765,0.16241535729233347,0.11510930938427931,0.1499999999999999,0.11078793845304426,0.15,1.2914664963897004e-16,3.89062031995928,9.04269590896783,0,8.19413118509518,1.0184031766382337e-16,4.987193085534432,13.463241692667323,0,,0,1
S2_N60,3500558,2.664741443143411,1.789280999571001,3.968547679491669,1.4140335156226415e-06,-1.863697139303482,0.3918717507855693,1.3866718783571623e-05,60,0.11332230301195467,0.12115761134514633,True,0.0072759083218462235,0.0036756161150899767,True,0.9817561839566703,0.7663301975321056,0.06168274793238144,-0.09999999999999998,0.019635663925362364,-0.1,1.4140335156226415e-06,1.789280999571001,3.968547679491669,0,3.0589455516023576,9.65867726433355e-08,2.028230428455318,4.613454051566602,0,,0,1
S2_N60,3500559,2.1510511204361102,1.460654491229233,3.167772358564765,0.00010511521282065101,-0.966666666666667,0.3841238224069063,0.014689871086351749,60,0.141366436612621,0.04794599702873504,True,0.006422371235647497,0.0067130836707165525,True,0.43754546239006864,0.49868765559258965,0.0940553330670899,0.11666666666666659,0.07869423055131809,0.11666666666666667,0.00010511521282065101,1.460654491229233,3.167772358564765,0,2.24146458126224,0.00021401256316044105,1.461982423731209,3.4365416351796165,0,,0,1
S2_N60,3500560,2.504569422743367,1.5965149658438405,3.929100652072816,6.436003380476204e-05,-1.1333333333333329,0.44712439789329667,0.014024108448119599,60,0.03674144898956221,0.016030051494624872,True,0.012103989421399517,0.020420279885151698,True,0.7748428454298063,0.8465948699154515,0.02200332396088674,0.050000000000000044,0.024072630704938636,0.05,6.436003380476204e-05,1.5965149658438405,3.929100652072816,0,3.201120292981551,2.8085023119168487e-06,1.967343418056777,5.208633650885328,0,,0,1
S2_N60,3500561,2.1626035602853753,1.4826560102876618,3.154375746301118,6.205436533378716e-05,-1.1161074646336968,0.4176158935343618,0.009798801604186563,60,0.012054920953616812,0.006430250850155581,True,0.07742677175223199,0.06093282621405839,True,0.4828181309787809,0.48499510016406855,0.19402437336033565,0.16666666666666663,0.1652264049136148,0.16666666666666666,6.205436533378716e-05,1.4826560102876618,3.154375746301118,0,2.243200941770861,8.063950368005483e-05,1.5011985178108032,3.351955391282806,0,,0,1
S2_N60,3500562,2.82059951057681,1.929883242529931,4.122416021726118,8.528886625624849e-08,-0.8596747064179118,0.38423943871190797,0.02919009152302431,60,0.005657006808332354,0.0025587242369609848,True,0.5162159170864407,0.3542460374352775,True,0.08037697912202905,0.08343149852160384,0.5669830443965856,0.26666666666666666,0.5797085913327703,0.26666666666666666,8.528886625624849e-08,1.929883242529931,4.122416021726118,0,2.9414513910251454,1.0568362644941745e-07,1.9761901591511781,4.378190148199133,0,,0,1
S2_N60,3500563,2.1136466280241915,,,,-0.933241728042211,0.4486881898593723,0.04203925554788177,60,0.0006610814237129956,0.00027609107367797855,True,0.031558378172277676,0.02386236446923717,True,0.828656902969116,0.8119510319008186,0.0270770381173407,-0.050000000000000044,0.03394444614884941,-0.05,0.0008692097282724256,1.3792971002216432,3.238970101104496,1,2.236920306994457,0.0011686251342827496,1.3951581165985047,3.5865558178049577,1,0.0,0,1
S2_N60,3500564,2.388892221855844,1.6557062983258588,3.446750219778531,3.228574274822016e-06,-1.148948882496129,0.36837145112422415,0.002844856902378968,60,0.016072738816188224,0.007341584200191567,True,0.008470099311426782,0.023255172004490995,True,0.07767163966445598,0.16806104613779116,0.022096067140379226,-0.04999999999999999,0.020919425857346574,-0.05,3.228574274822016e-06,1.6557062983258588,3.446750219778531,0,2.454621752951191,7.69392668403548e-06,1.6562376281023306,3.6378644270777993,0,,0,1
S2_N60,3500565,2.7461567525704496,1.8784674787735876,4.014643316908466,1.8490585490927012e-07,-1.5064847673899981,0.45209499897456995,0.0015171674810435538,60,0.001375964524085581,0.003955328781388858,True,0.28905922984823673,0.22699961471971997,True,0.9424721653596011,0.7607167955764373,0.014378377613128901,-0.01666666666666672,0.009738868887544626,-0.016666666666666666,1.8490585490927012e-07,1.8784674787735876,4.014643316908466,0,3.2358230296371007,6.383508557400606e-08,2.1142023238019796,4.952482816450881,0,,0,1
S2_N60,3500566,3.044994864080661,2.0000752198580374,4.635822508183325,2.0765946558631032e-07,-1.1667730956808529,0.40068470908749887,0.005119291763133609,60,0.0019602466247461044,0.0008847051259718221,True,0.018985025202413047,0.014938757398045937,True,0.10028186189293342,0.06569959273965119,0.07874633181039133,-0.1166666666666667,0.057260854798435165,-0.11666666666666667,2.0765946558631032e-07,2.0000752198580374,4.635822508183325,0,3.3015397196319864,1.1231405820589952e-07,2.123707124754512,5.132611928100797,0,,0,1
S2_N60,3500567,1.8573363157715415,1.2273512462443215,2.810685368544526,0.0033990130591246646,-0.7999999999999992,0.4561165048152077,0.08481639556098652,60,0.00040226014962870227,0.00022407621310161556,True,0.025321320130813715,0.05296779159246594,True,0.6073629668052246,0.5085352144971245,0.011278488417840331,0.0,0.011719076914329883,0.0,0.0033990130591246646,1.2273512462443215,2.810685368544526,0,1.9445846487280698,0.0033532957375489365,1.2469309450697363,3.0325732720165917,0,,0,1
S2_N60,3500568,2.3549683636000864,1.4515053383628966,3.820775471492425,0.0005223071780408514,-0.9969591129591113,0.4440113571003245,0.028641049076206477,60,0.00038631727579526776,0.00023284177087884005,True,0.0076743338991412885,0.017228960355967934,True,0.07194521841382122,0.17637798421603845,0.04637783522685544,0.09999999999999998,0.03702976749185188,0.1,0.0005223071780408514,1.4515053383628966,3.820775471492425,0,2.389552986079621,0.0011110465241793357,1.415537359870721,4.033778009083078,0,,0,1
S2_N60,3500569,2.552626313569392,1.6577331653069114,3.930609119182648,2.0912698884937955e-05,-1.321992678246004,0.43167433327030097,0.003347413810149558,60,0.021098535881600624,0.007860694323338939,True,0.6188205211119289,0.5986360186463828,True,0.4507885415186984,0.49012641460571715,0.13606188098978822,0.15000000000000002,0.12055709368106544,0.15,2.0912698884937955e-05,1.6577331653069114,3.930609119182648,0,2.857933123698707,4.446695288753755e-06,1.8250974242351394,4.4752579402478725,0,,0,1
S2_N60,3500570,2.5649153473380126,1.6440275934744155,4.001630365039526,3.314384062582625e-05,-1.0803576033697233,0.41413376068652075,0.0115855071248977,60,0.00013511635580578017,6.73722829597772e-05,True,0.7290675293095844,0.5283812827652554,True,0.9424135019984762,0.9881565209556875,0.006021827968300898,0.0,0.008562514012078708,0.0,3.314384062582625e-05,1.6440275934744155,4.001630365039526,0,2.6753424060381734,5.709219425214716e-05,1.656696992887607,4.320317487309942,0,,0,1
S2_N60,3500571,2.2217260140702524,1.4588607563924036,3.3835076171373757,0.0001994659143720272,-1.0331569452796137,0.4544149619526146,0.02677555036306323,60,0.00012973365538043947,1.8158526133006125e-05,True,0.005612487608804592,0.026653000261910285,True,0.5629676246004688,0.5134225565195415,0.10168054080224125,0.11666666666666659,0.09189379302939436,0.11666666666666667,0.0001994659143720272,1.4588607563924036,3.3835076171373757,0,2.3925389020037526,0.00018078302212965798,1.515488493614838,3.7771599201967554,0,,0,1
S2_N60,3500572,1.814293880205419,,,,-1.6523694307989343,0.47574065224434264,0.0009887246472209503,60,0.05547861240097553,0.04009921562083619,True,0.01554321780736425,0.04079850750426757,True,0.7648848093887853,0.9762680886036027,0.00806255761683397,0.0,0.015218131209645562,0.0,0.014022423591404886,1.1330752884364337,2.9050693430028858,1,1.9864682053860572,0.005218725070507013,1.237325172480012,3.189182616482692,1,0.0,0,1
S2_N60,3500573,2.488818522445468,1.6588789284827292,3.7339781290326584,1.0560121141760901e-05,-0.7512395884370401,0.48319338247033566,0.1255435826139459,60,0.27095237635104585,0.3901148338458721,True,0.0015967324109828263,0.00025986565125305606,True,0.7268764616908291,0.8409046816318442,0.04973576411166845,0.08333333333333331,0.04681019675008055,0.08333333333333333,1.0560121141760901e-05,1.6588789284827292,3.7339781290326584,0,2.601400189361827,1.450250235883332e-05,1.6886108242045499,4.007603675287109,0,,0,1
S2_N60,3500574,2.2951025219230563,1.5542393107222106,3.389114887134028,2.9492698057445355e-05,-0.8360535060783245,0.4058372103237478,0.04396772574538369,60,0.00021209031759991353,5.142332952166956e-06,True,0.1510431372899212,0.1198267231343551,True,0.8684333540838146,0.9940780973726889,0.021770332771382454,-0.06666666666666665,0.024052808432163397,-0.06666666666666667,2.9492698057445355e-05,1.5542393107222106,3.389114887134028,0,2.330224909103677,6.812709663354092e-05,1.5367235845015719,3.5334579242293693,0,,0,1
S2_N60,3500575,3.5941353861175327,2.397763804978298,5.387440225314078,5.841522880141715e-10,-1.2288184079601994,0.40028981812934833,0.003277705906568981,60,0.0020989533043258204,0.0001167270358786968,True,0.380795535170277,0.21592915944006996,True,0.7542782172825677,0.7268880237197755,0.42748054519277867,0.23333333333333334,0.42344289447612027,0.23333333333333334,5.841522880141715e-10,2.397763804978298,5.387440225314078,0,3.966379674464526,2.1425578835008597e-08,2.448854804204725,6.424295836156935,0,,0,1
S2_N60,3500576,2.7429660470393116,1.7886774898447226,4.206383083550531,3.7374810805198328e-06,-1.2308179036357028,0.5027660862688361,0.017463181717265807,60,0.020597319470246324,0.018879461915961706,True,0.14603033729608886,0.26966489368641555,True,0.8661871376632522,0.7544342949681627,0.021811769957108124,-0.050000000000000044,0.017873321408533864,-0.05,3.7374810805198328e-06,1.7886774898447226,4.206383083550531,0,2.818292346392304,1.0417384825687194e-05,1.777951308908668,4.467373043308383,0,,0,1
S2_N60,3500577,3.1735195124850293,1.8519937980088315,5.4380452607083685,2.6382882005461033e-05,-1.8999999999999992,0.4863503247411584,0.0002506525638304238,60,0.001582007997431063,0.0008381492420812394,True,0.3250167701807186,0.3097583833856138,True,0.9222965557886391,0.9231241841523391,0.00917890239233129,-0.016666666666666607,0.015617236041822791,-0.016666666666666666,2.6382882005461033e-05,1.8519937980088315,5.4380452607083685,0,3.4683542104157365,1.928467639424961e-06,2.078548520735628,5.7874429241859415,0,,0,1
S2_N60,3500578,2.331232460948634,1.5702144689341382,3.4610843897456003,2.695181957633448e-05,-1.187238738738737,0.4517574122801866,0.011015606183205087,60,0.018478647705523293,0.018466413454074893,True,0.1502236536653707,0.1324550039081834,True,0.6929074871631905,0.613987202856225,0.013501724293980423,0.033333333333333326,0.010976711961823461,0.03333333333333333,2.695181957633448e-05,1.5702144689341382,3.4610843897456003,0,2.832114712860748,3.3408342472910097e-06,1.8259657996467606,4.3926746866529385,0,,0,1
S2_N60,3500579,2.9599676678670095,1.9604736361501844,4.469026480775835,2.436718506823137e-07,-0.9909459234734774,0.45333391836353876,0.0329447301745148,60,0.4318098960418174,0.3280863838926438,True,0.0032933398424883076,0.0005567036512280348,True,0.8427967904785877,0.7147550236808599,0.004084068947678159,-0.016666666666666607,0.005019462966991282,-0.016666666666666666,2.436718506823137e-07,1.9604736361501844,4.469026480775835,0,3.0724640149770934,1.6923400791454504e-07,2.017481886211409,4.67911766041004,0,,0,1
S2_N60,3500580,2.0686093024582197,1.3567872946647,3.153880098261223,0.0007304218141572334,-1.320642376153343,0.47303206028590267,0.007119546650547525,60,0.001310722930320047,0.00019914260592591589,True,0.2946095532899724,0.16100712135654616,True,0.2209243076972649,0.2915545608819029,0.2454076181123536,-0.18333333333333335,0.2765915816696618,-0.18333333333333332,0.0007304218141572334,1.3567872946647,3.153880098261223,0,2.335509856802004,0.0002588960232769948,1.4816575771306402,3.6814216559960102,0,,0,1
S2_N60,3500581,4.100244090333955,2.5999902782722,6.46617863951814,1.2707400717320143e-09,-1.2999999999999998,0.4030815040839885,0.0020863801483362756,60,0.0013170958031256293,0.000483665276172463,True,0.8822481465739633,0.835411948337127,True,0.9391348694771144,0.9703367375207895,0.04801168168022245,0.08333333333333337,0.08783475292391629,0.08333333333333333,1.2707400717320143e-09,2.5999902782722,6.46617863951814,0,4.887733456128273,3.999446314293336e-10,2.9726740070215745,8.036514694085744,0,,0,1
S2_N60,3500582,2.782425638997884,1.855280860045883,4.172895114307016,7.467987132443124e-07,-1.266666666666667,0.5262236692788917,0.019341901704471597,60,0.705005717825756,0.5332326328935364,True,0.08393643031557314,0.06741419284285659,True,0.02379274361672181,0.020493934133145243,0.008007704904010083,-0.033333333333333326,0.006984090312687173,-0.03333333333333333,7.467987132443124e-07,1.855280860045883,4.172895114307016,0,2.7727171283593863,4.148704303205204e-06,1.7961727771433642,4.28018972992368,0,,0,1
S2_N60,3500583,2.8811725055284216,1.9088305889420436,4.34881704783125,4.713106733036542e-07,-1.3965815543463087,0.43893849062468693,0.0023702373396890003,60,0.0004352317690100812,2.2189757274985182e-05,True,0.15259749113525978,0.11243941173441648,True,0.7948613014285373,0.7609539771398185,0.004608176859472229,0.0,0.00713729189831521,0.0,4.713106733036542e-07,1.9088305889420436,4.34881704783125,0,2.938007685539666,1.081637664067667e-06,1.9051113798191055,4.530910503043534,0,,0,1
S2_N60,3500584,4.40733713201661,2.904594264247686,6.687550421188874,3.1250020863755426e-12,-0.4442992752883549,0.47327949283429527,0.3518113861752817,60,0.14803669032233774,0.04009921562083619,True,0.055567357786771195,0.07654417912482765,True,0.3922683176366336,0.5330263155630661,0.04576364520505059,-0.08333333333333326,0.018382435459380706,-0.08333333333333333,3.1250020863755426e-12,2.904594264247686,6.687550421188874,0,4.544843837956329,6.758810709745888e-11,2.884314687067118,7.161356423425848,0,,0,1
S2_N60,3500585,2.6206192088954032,1.7715106257746966,3.87671681903025,1.420148033400817e-06,-1.2323816729718386,0.4233299777521654,0.005130509914208124,60,0.0019329631627114927,0.0011353407593987783,True,0.0026889558451407432,0.0002839761420465667,True,0.16194646723494321,0.12732611988961612,0.26557999919328834,-0.18333333333333335,0.26680851162379,-0.18333333333333332,1.420148033400817e-06,1.7715106257746966,3.87671681903025,0,2.8321375408076417,5.1292080809488874e-06,1.810355506806766,4.430623167600916,0,,0,1
S2_N60,3500586,1.7375916621555914,1.104160814906506,2.7344067491185884,0.01692748610502256,-1.2666666666666668,0.3926122352403484,0.002079627175305194,60,0.0030467168638270373,0.002073591211662494,True,0.22558115903227471,0.3355020564924428,True,0.6456168874048367,0.6721230901816584,0.023887914346423626,-0.04999999999999993,0.009676838605003346,-0.05,0.01692748610502256,1.104160814906506,2.7344067491185884,0,2.0314061516253674,0.0015278610379352354,1.3105418523866557,3.148782273031819,0,,0,1
S2_N60,3500587,1.9605412890689524,1.2934845461860376,2.97160268166924,0.0015099968992881784,-0.8465070754325736,0.39576917619894153,0.03674160049226951,60,0.0017034619104041861,0.0010024799055779077,True,0.003270088740779886,0.001567956786375203,True,0.5152427748946902,0.31530734638263647,0.06463044834343164,0.09999999999999998,0.019635663925362364,0.1,0.0015099968992881784,1.2934845461860376,2.97160268166924,0,2.3878011092174147,0.00010577706709700706,1.5378131979072425,3.7075986504336296,0,,0,1
S2_N60,3500588,3.2976175014716103,2.2094288806837783,4.92176113070744,5.2273640499429275e-09,-1.320662802793878,0.4280832039558299,0.0031373826917901896,60,0.0035555166618205193,0.0011081967148946264,True,0.19841514773221514,0.13603228232670375,True,0.5219932102392775,0.3012099257840244,0.0036022146105272493,0.0,0.004642323723723184,0.0,5.2273640499429275e-09,2.2094288806837783,4.92176113070744,0,3.414477822517166,1.5896697828406894e-08,2.2303255075866577,5.227335095618807,0,,0,1
S2_N60,3500589,4.398671520593733,2.798925150667435,6.912764759525118,1.3425171935361792e-10,-1.6666666666666667,0.3480727037494994,1.2362850288097428e-05,60,0.036083067187892386,0.009757628679648666,True,0.7495406383115312,0.6999867032524861,True,0.1303772164683148,0.2254642431355841,0.018804316463703275,0.050000000000000044,0.020919425857346574,0.05,1.3425171935361792e-10,2.798925150667435,6.912764759525118,0,4.425237205347843,1.4573418866430986e-09,2.7330289341881056,7.16520929530963,0,,0,1
S2_N60,3500590,2.4190469284384823,1.6020654360107456,3.652652326461156,2.6507650698170322e-05,-1.3989834693208343,0.41806941373678713,0.001454374332332454,60,0.00020466605875237414,0.0004316798768599815,True,0.0418368058275119,0.008444360730920914,True,0.316795621759136,0.7832611967695526,0.01434969089333464,-0.01666666666666672,0.005019462966991282,-0.016666666666666666,2.6507650698170322e-05,1.6020654360107456,3.652652326461156,0,2.6023151910837337,1.3810425885462503e-05,1.690741487955812,4.005369479596136,0,,0,1
S2_N60,3500591,2.2944751706987034,1.5405803213098086,3.4172942728989573,4.3830129993457485e-05,-1.8333333333333304,0.4283505769689079,7.233468251178537e-05,60,0.0011249185361727647,0.0005352360482033333,True,0.0020264503728158567,0.0011956815187368953,True,0.7297812267770797,0.9703300641946535,0.015773093689526424,-0.016666666666666607,0.015617236041822826,-0.016666666666666666,4.3830129993457485e-05,1.5405803213098086,3.4172942728989573,0,2.644069371432651,4.153125713927512e-07,1.81453744977945,3.8528291834362505,0,,0,1
S2_N60,3500592,2.152595173381517,1.456032025597887,3.1823929000206514,0.00012128949867101279,-1.4283315447257092,0.5223454296743074,0.00831115105831196,60,0.0006348593484730333,5.1029008341930034e-05,True,0.45871176123199486,0.41417694212205325,True,0.4474852573309458,0.44956454091772224,0.05628560788082175,-0.08333333333333337,0.056442885783694885,-0.08333333333333333,0.00012128949867101279,1.456032025597887,3.1823929000206514,0,2.2346395343302743,0.00014881028913381423,1.4749016259311942,3.3857267227833288,0,,0,1
S2_N60,3500593,2.0941064809694785,1.3699639785948623,3.201019896987545,0.0006404045717218877,-1.3701807932907122,0.41927432058591796,0.001838033381816168,60,0.0028337136279136983,0.001838345964818585,True,0.1104731574371528,0.08946919070401659,True,0.6884352311464341,0.5830299272174657,0.00615005236756129,-0.01666666666666672,0.009738868887544626,-0.016666666666666666,0.0006404045717218877,1.3699639785948623,3.201019896987545,0,2.3274052805841214,0.00035179964462258114,1.4644398682257969,3.6988991201485457,0,,0,1
S2_N60,3500594,2.16354754667708,1.4815900898797718,3.159401523205558,6.472276611801891e-05,-2.151958964338057,0.4562116493724791,1.5909006110152413e-05,60,0.015860277659016906,0.019990484803672846,True,0.11431456910360939,0.13850858277909023,True,0.12009836571896493,0.18339370106438335,0.018370687622118045,0.04999999999999993,0.012218683801636616,0.05,6.472276611801891e-05,1.4815900898797718,3.159401523205558,0,2.245427114698176,0.00011382850843664783,1.4889446620901807,3.386252730402953,0,,0,1
S2_N60,3500595,2.925098563702227,,,,-1.1922331544424565,0.44269114866328607,0.009279035452357927,60,0.0016981611945344863,0.00024311447936347294,True,0.0873341865443856,0.2560137124025683,True,0.0043063917450519434,0.010363679368036876,0.06952248317234236,0.09999999999999998,0.06658844131424868,0.1,0.0001482535235975541,1.7226746135413218,4.966812385876953,1,3.0981468572501356,7.231940883490161e-05,1.8234691704256636,5.263875093017477,1,0.0,0,1
S2_N60,3500596,2.931121813478453,1.9535009660642284,4.3979886545736875,2.0531123629584342e-07,-2.023278920217654,0.34422280645233605,2.2784038067512137e-07,60,0.0013304012552881328,0.00031451451042489696,True,0.3818326978660179,0.24787948807709825,True,0.9796932766782354,0.76095722130901,0.03174833108034476,0.06666666666666665,0.01025027207418291,0.06666666666666667,2.0531123629584342e-07,1.9535009660642284,4.3979886545736875,0,3.475819133930795,4.5503883662037675e-09,2.2918172137096695,5.271501836851941,0,,0,1
S2_N60,3500597,6.055248990184634,3.9052119307405864,9.389001412319931,8.449069119873533e-16,-0.7811764705882362,0.5136294193250655,0.13381454275222335,60,0.04038782918909996,0.025777207743537735,True,0.019520776549762007,0.030454713860182888,True,0.28322299090449654,0.26255251320594974,0.04209929100266869,0.08333333333333337,0.037074759908350734,0.08333333333333333,8.449069119873533e-16,3.9052119307405864,9.389001412319931,0,5.803043752699128,1.1157693122841211e-13,3.6484928460938195,9.229925401058171,0,,0,1
S2_N60,3500598,5.383294241480258,3.4582707926090683,8.379869197140245,8.96620672506746e-14,-1.8912714438151523,0.49858114891128863,0.000361673491959097,60,0.00852529245694757,0.004998758988642192,True,0.002635074058032203,0.00500483659892656,True,0.769276756879931,0.7041621018340696,0.002465431084318743,0.0,0.004642323723723184,0.0,8.96620672506746e-14,3.4582707926090683,8.379869197140245,0,5.46467095938783,2.1737805853779257e-13,3.471785118787995,8.601519873096812,0,,0,1
S2_N60,3500599,4.192701943933585,2.79782579636799,6.283003614265191,3.782376592810927e-12,-1.6636703322691255,0.4473702718961406,0.0004589530707431269,60,0.0005470809909858023,0.0012992806522719462,True,0.07328424488703192,0.0304663085875007,True,0.018890019711452696,0.06780654991097809,0.04329090209348677,0.08333333333333326,0.004298972491037453,0.08333333333333333,3.782376592810927e-12,2.79782579636799,6.283003614265191,0,4.284087917097825,3.2189778659556864e-11,2.7876758432600957,6.5837673794812055,0,,0,1
S2_N60,3500600,2.7566234276712676,1.8274346823591712,4.158273231509434,1.33504506572614e-06,-1.1363853265732162,0.43995949977668675,0.01238758344104287,60,0.014514196487315641,0.009499030171560768,True,0.048708548026626566,0.07411216634677292,True,0.6932734016865658,0.7602141163409178,0.017890991763761632,-0.033333333333333326,0.015607878351443505,-0.03333333333333333,1.33504506572614e-06,1.8274346823591712,4.158273231509434,0,2.7011759382121294,3.1872279514292594e-06,1.7782023965656437,4.103217644553898,0,,0,1
S2_N60,3500601,2.1149839677595064,1.4290161353993476,3.1302356027139555,0.00018069274588242593,-0.7992867457776103,0.48612140945511934,0.10563729130716287,60,0.0002070770534462787,9.538641562542757e-06,True,0.7951080073845305,0.8586680848362331,False,0.08909051407822775,0.06979762325112406,0.1167991430898653,0.1333333333333333,0.10897483949787219,0.13333333333333333,0.00018069274588242593,1.4290161353993476,3.1302356027139555,0,2.3939951383296134,7.86545101249575e-05,1.5521424495243699,3.692452792655768,0,,0,1
S2_N60,3500602,3.9512476119941393,2.4921617249581023,6.264584491021286,5.118556832542304e-09,-1.5914204263361045,0.36164992788487055,4.793345242977393e-05,60,0.007244833300823174,0.04950573376306191,True,0.0008822909058871216,0.00025171320180098817,True,0.3649788979920674,0.49375627656951426,0.03929361907347751,-0.06666666666666665,0.03584092457190081,-0.06666666666666667,5.118556832542304e-09,2.4921617249581023,6.264584491021286,0,4.029233556554096,2.76849888556072e-09,2.54497327961398,6.379133008313564,0,,0,1
S2_N60,3500603,4.49655076263663,2.8106205825256207,7.193773818734124,3.604149565166015e-10,-1.3586640631356268,0.412501851508443,0.0017025004366769702,60,0.2894082355994315,0.467526848906226,True,0.0003786531856253849,0.0006595511448633019,True,0.19353971201324494,0.11888110256226099,0.055848502356643175,0.09999999999999998,0.04304108204629445,0.1,3.604149565166015e-10,2.8106205825256207,7.193773818734124,0,5.519805256491992,1.8245984561137722e-10,3.2646592429861916,9.332750465474994,0,,0,1
S2_N60,3500604,3.3206214265266323,2.1520807978519074,5.123658307491921,5.84494290412706e-08,-1.2430591932949207,0.4298723936118081,0.005415271169287355,60,0.001913219660695961,0.001207872915673475,True,0.00029102909691386706,0.0002027242242645344,True,0.22752932672054782,0.08473175127539216,0.11554042476078466,0.13333333333333336,0.08476756566836449,0.13333333333333333,5.84494290412706e-08,2.1520807978519074,5.123658307491921,0,3.5533564771693813,9.232547493678136e-08,2.2314202110000885,5.658433221855,0,,0,1
S2_N60,3500605,3.876368860706029,2.5739826907013814,5.83773760349448,8.829363154784924e-11,-2.2333333333333365,0.40334873571351826,8.133948198619197e-07,60,0.015747735655723058,0.0028265490121982787,True,0.04165346033949432,0.055635951101470765,True,0.5075157934394846,0.5413294678958898,0.05035147151959012,0.09999999999999998,0.031066625980620925,0.1,8.829363154784924e-11,2.5739826907013814,5.83773760349448,0,4.329206157630466,5.500232409850193e-09,2.6454763696521018,7.08455617682582,0,,0,1
S2_N60,3500606,2.004185526829716,1.312297683037162,3.060860106570773,0.0012913833423407947,-0.8107158247546065,0.3870068350779879,0.040641047397897354,60,0.0020293451597512354,0.0018282458657377467,True,0.028900773979783217,0.016780814696482002,True,0.7492873913739626,0.7778653199429013,0.013592749132678335,0.050000000000000044,0.014962499607782146,0.05,0.0012913833423407947,1.312297683037162,3.060860106570773,0,2.0822926711636134,0.0005774618319761387,1.3713712853326132,3.1617570053831585,0,,0,1
S2_N60,3500607,3.621484044204147,2.3598614606247836,5.557591791406659,3.8799436969302815e-09,-0.9666666666666663,0.38526260683200403,0.014970637510294437,60,0.010018399262052806,0.027372705053954068,True,0.0015272650863452726,0.0001975093781708193,True,0.398258450903089,0.2370152578181315,0.13442497135174655,0.1499999999999999,0.11078793845304435,0.15,3.8799436969302815e-09,2.3598614606247836,5.557591791406659,0,4.190260066248145,3.82679633754489e-11,2.74002724402758,6.40806746030193,0,,0,1
S2_N60,3500608,3.768912019300429,2.329596522603287,6.0974927080307095,6.469191933550596e-08,-1.5000000000000009,0.42733585686390513,0.0008826544684970923,60,0.0013164935219633041,0.00036679662438654633,True,0.010107469491022782,0.0036966019211047596,True,0.8584841056937701,0.8004223738547981,0.009878225736426362,-0.016666666666666607,0.006438935487666038,-0.016666666666666666,6.469191933550596e-08,2.329596522603287,6.0974927080307095,0,3.8899901624245232,4.964366185626724e-07,2.2906901379011244,6.605879692494982,0,,0,1
S2_N60,3500609,3.382827227749649,2.123650308312409,5.388608476646112,2.8898393426832756e-07,-1.0293482772934825,0.47926973904489506,0.035998770435463213,60,0.0675552633826434,0.09146424513759481,True,0.002834062805760082,0.00395684290311332,True,0.1806808325649052,0.15738495212362325,0.02388791434642362,-0.04999999999999993,0.012218683801636616,-0.05,2.8898393426832756e-07,2.123650308312409,5.388608476646112,0,3.2813103302182083,2.0713513869395554e-06,2.0088587371649433,5.359758396148823,0,,0,1
S2_N60,3500610,3.046851877627343,2.0123815391301916,4.613094576594941,1.4066138449209709e-07,-1.9647860336384924,0.4717723483750034,0.00010675381413677719,60,0.00020805528443448604,0.00015875345277743545,True,0.05977030513424442,0.09228470897555054,True,0.39662725840126845,0.40541184246830253,0.011725556110781058,-0.016666666666666607,0.017766855632497677,-0.016666666666666666,1.4066138449209709e-07,2.0123815391301916,4.613094576594941,0,3.0614102138125174,1.0658605675594107e-06,1.953092423899737,4.798663075310118,0,,0,1
S2_N60,3500611,2.8327540684188324,,,,-1.2744292706301135,0.4322256736519923,0.004622460405777086,60,0.019549848998077126,0.014736539638759033,True,0.0857797541162007,0.07286404094736196,True,0.9272361234793545,0.7772994467910697,0.04995042190974211,-0.09999999999999998,0.04304108204629445,-0.1,0.0001299295863096822,1.70329199815204,4.711168502434989,1,3.0864802939678246,7.347374522380555e-05,1.8187742727819318,5.237791598228695,1,0.0,0,1
S2_N60,3500612,2.7601758476054727,1.863753166626782,4.087757352275079,4.0349234397494254e-07,-1.5606324735645831,0.47685213608312443,0.0018120108419146502,60,0.0009923876628732918,0.00013215433273915613,True,0.16151835734114228,0.449330059597682,True,0.09124507466476851,0.05271904713232363,0.005642964570996783,0.01666666666666672,0.009738868887544626,0.016666666666666666,4.0349234397494254e-07,1.863753166626782,4.087757352275079,0,3.2085794370119625,1.1591991222905919e-06,2.005529229423641,5.133299406747927,0,,0,1
S2_N60,3500613,1.8760629485217313,1.2279578979631487,2.8662319715147726,0.0036187482649854183,-0.7915819438796261,0.38008884492884953,0.04178384704922591,60,0.10932370581740782,0.22413596293867744,True,0.005473599745470517,0.0036989910999768337,True,0.8429770166023772,0.5772291094694835,0.06653963177131737,0.09999999999999998,0.03702976749185188,0.1,0.0036187482649854183,1.2279578979631487,2.8662319715147726,0,1.9835781997954474,0.004711065057950411,1.2335746619909846,3.18957789579866,0,,0,1
S2_N60,3500614,2.365552679838133,1.521886261740025,3.676910437900567,0.00013018007902020008,-1.233333333333334,0.49894076428307055,0.016449177848211958,60,0.002879824176957792,0.0028055209580753237,True,0.04780459789390245,0.04234956407280815,True,0.23277245349332598,0.18798970092907452,0.015576319893260885,0.016666666666666607,0.017766855632497677,0.016666666666666666,0.00013018007902020008,1.521886261740025,3.676910437900567,0,2.3221641117129317,0.00018873160042176686,1.4921706008699975,3.6138268362769574,0,,0,1
S2_N60,3500615,2.497451660210017,1.6503317539854596,3.7794005841692884,1.4910513850030498e-05,-1.1301560812800622,0.39425062483415907,0.005804051880258577,60,0.036766349324470704,0.038701703796597604,True,0.00680058710147596,0.0027874215652517235,True,0.7120049288971051,0.5674384907395367,0.00752054947050465,0.01666666666666672,0.0037721517547450907,0.016666666666666666,1.4910513850030498e-05,1.6503317539854596,3.7794005841692884,0,2.6460042094439644,1.7040583080506346e-05,1.6982210924021754,4.122748391077638,0,,0,1
S2_N60,3500616,2.4964473093039437,1.5882744998728908,3.9239118733126213,7.33581546805871e-05,-0.9834666666666665,0.3967660198932241,0.01616935700101943,60,0.03405365529811612,0.03597945810125093,True,0.008308604116381747,0.0021035360465931833,True,0.6977948345506118,0.7718961263917501,0.2908519649467497,0.19999999999999996,0.2725317833236826,0.2,7.33581546805871e-05,1.5882744998728908,3.9239118733126213,0,2.745394025383323,6.280961486316743e-05,1.6741704608966155,4.502043567638772,0,,0,1
S2_N60,3500617,3.1738402121972307,1.8877424945633834,5.336141831616716,1.3195038183657716e-05,-1.422961259508225,0.4729091757703575,0.0038987914751872793,60,0.08752164636863839,0.06418997361741322,True,0.11833446819840891,0.07893625753318244,True,0.16167855074198856,0.18072536641150339,0.19402437336033562,0.16666666666666663,0.1744894542765115,0.16666666666666666,1.3195038183657716e-05,1.8877424945633834,5.336141831616716,0,3.2279103977489156,3.67940170129066e-06,1.9652866403027778,5.301723078059656,0,,0,1
S2_N60,3500618,3.255800270535879,2.084451820026469,5.085382784950575,2.1225794018147066e-07,-1.4768380213385053,0.48060181417421766,0.0032489610607713336,60,0.0295702589906519,0.03807377530055841,True,0.01953371622269193,0.09422388231269492,True,0.441535431207671,0.5038433412119884,0.0091768239574619,-0.01666666666666672,0.008017003245231026,-0.016666666666666666,2.1225794018147066e-07,2.084451820026469,5.085382784950575,0,3.7213262388788246,2.204769491385074e-07,2.2636618030942417,6.117640434290387,0,,0,1
S2_N60,3500619,3.4316697525875157,2.3046002464574586,5.109934926426489,1.2787119847556557e-09,-1.8036770651572556,0.32023635655514243,5.707372270228201e-07,60,0.0005832307497972932,0.00030846310832035597,True,0.6162312394787411,0.5387648019728304,True,0.720454773228412,0.5863711538514784,0.04801168168022245,0.08333333333333337,0.041943380194408575,0.08333333333333333,1.2787119847556557e-09,2.3046002464574586,5.109934926426489,0,3.540792247818373,4.129310184614681e-09,2.322934489087461,5.397143053799934,0,,0,1
S2_N60,3500620,2.9289319941219514,1.9624618617249896,4.371367817895135,1.4415910891630739e-07,-1.2564362971614265,0.3505712472174831,0.0007018389936266365,60,0.0006880062434574889,5.274478090926941e-05,True,0.002935551461168756,0.008392872965336768,True,0.7489326786233317,0.9940620255395146,0.019956633270162442,-0.06666666666666665,0.005077570106963428,-0.06666666666666667,1.4415910891630739e-07,1.9624618617249896,4.371367817895135,0,3.186227564045676,4.6276108841371404e-08,2.102731294544176,4.8280282488900585,0,,0,1
S2_N60,3500621,2.861761997597448,1.9241911841909949,4.256168408928763,2.0830129493754944e-07,-1.6141380273819506,0.3999009978792922,0.0001637293140416805,60,0.0005840979863972379,0.00013104289087408413,True,0.07003579701312648,0.04858040127603268,True,0.9424263366668008,0.9526243243563176,0.0054368779175378934,0.0,0.010093116271481574,0.0,2.0830129493754944e-07,1.9241911841909949,4.256168408928763,0,3.4474093456496373,4.401267799883363e-08,2.2133075029610407,5.369624952959668,0,,0,1
S2_N60,3500622,2.8687058430652574,1.9729404552268688,4.171171609479942,3.431723699257579e-08,-1.853387467191601,0.4577549442025176,0.00015708131578909487,60,0.0008112749272818698,0.001089356186708139,True,0.07742677175223199,0.035262215933371324,True,0.3181808804907976,0.28777056413462765,0.008166877568232388,0.016666666666666607,0.006438935487666038,0.016666666666666666,3.431723699257579e-08,1.9729404552268688,4.171171609479942,0,3.9478608536231072,9.75233175547781e-10,2.541954794125186,6.131346377831065,0,,0,1
S2_N60,3500623,1.802582824590113,1.1579116935987253,2.8061767209627284,0.009074651303671381,-1.2666666666666657,0.4580985931928749,0.007655040779535731,60,0.011470204063176536,0.011758528675043093,True,0.27939856934593377,0.22454338118353023,True,0.3460524506576068,0.2779053836561054,0.05933971173063899,-0.10000000000000003,0.06084091598504098,-0.1,0.009074651303671381,1.1579116935987253,2.8061767209627284,0,1.9901895352334595,0.0024035883536276917,1.276104844871121,3.1038628229272156,0,,0,1
S2_N60,3500624,2.458724812236609,1.5948611301370843,3.7905041310953074,4.629901662038102e-05,-1.3559049682960087,0.4308168882472435,0.0026207068081075847,60,0.1465368289831931,0.2698986776379859,True,0.0094504238654975,0.004552586369586671,True,0.6394908046672938,0.5224220129976298,0.048008547350563716,0.08333333333333326,0.022831792041661234,0.08333333333333333,4.629901662038102e-05,1.5948611301370843,3.7905041310953074,0,2.6926624762505447,3.814978005307485e-05,1.6805713282451544,4.3142656840269815,0,,0,1
S2_N60,3500625,1.8328796638028908,1.2888831232821343,2.6064798283861306,0.0007447322366946213,-1.7906016655276322,0.36808611302324135,9.421211188250906e-06,60,0.029944709351679647,0.010648047722149463,True,0.026470847035602502,0.04297433311837908,True,0.9222145425402819,0.9881287250843365,0.0700813880700544,-0.09999999999999998,0.03702976749185188,-0.1,0.0007447322366946213,1.2888831232821343,2.6064798283861306,0,2.0325624083115597,0.0004186783813334878,1.3706058282782985,3.01422178312993,0,,0,1
S2_N60,3500626,2.163093578069414,1.4674537142202262,3.188498405192594,9.727581165372525e-05,-1.5884710052180777,0.4221473164537847,0.00039878238156198126,60,4.148775721033102e-05,2.641153948400027e-06,True,0.01135380408503219,0.014475329626127052,True,0.4166093946107814,0.40966382292276504,0.011207441174526007,0.033333333333333326,0.002590517806927458,0.03333333333333333,9.727581165372525e-05,1.4674537142202262,3.188498405192594,0,2.5347602309791246,1.2053268829576907e-05,1.6712582065594546,3.844414587366622,0,,0,1
S2_N60,3500627,2.1197934181113425,1.4229977995972933,3.1577871285112527,0.00022009396068491414,-1.7266064206899967,0.3830924004590737,3.317683365634049e-05,60,0.02968443583677231,0.03476149727131638,True,0.008477216644690986,0.008637199428041791,True,0.09028626436529621,0.13973313313672353,0.049636015720573766,-0.08333333333333331,0.05164985455623694,-0.08333333333333333,0.00022009396068491414,1.4229977995972933,3.1577871285112527,0,2.2330378365396455,0.00029891732941935746,1.444767271418581,3.4513918456372434,0,,0,1
S2_N60,3500628,2.860778716866414,1.8415355158961424,4.444147178390561,2.913758554168259e-06,-1.9176308855539026,0.4275142358683028,3.5741703121174126e-05,60,0.0016422974040006142,0.000833800313447762,True,0.032197574028028295,0.11620926411532886,True,0.5582909013175958,0.513434366794605,0.004648563660660754,0.016666666666666607,0.003772151754745098,0.016666666666666666,2.913758554168259e-06,1.8415355158961424,4.444147178390561,0,3.2709902217542144,2.8662498946938755e-06,1.991324361027423,5.372995600421091,0,,0,1
S2_N60,3500629,2.8063495841281894,1.8158252782242827,4.337200325814443,3.390133171352787e-06,-2.2333333333333343,0.43190986006668,3.1238878321261878e-06,60,0.0225101414313426,0.010836821116216007,True,0.34122141931952443,0.38176228858160444,True,0.4300687457444343,0.3915975027467845,0.0026236880750057246,0.0,0.0019122913616043673,0.0,3.390133171352787e-06,1.8158252782242827,4.337200325814443,0,3.101511919755038,6.280628535651607e-06,1.8978512948221955,5.068561596278171,0,,0,1
S2_N60,3500630,2.9687945654797683,1.983886970583445,4.44266296553687,1.2172324638081082e-07,-1.8241327456572478,0.4764986108308104,0.00032324627671085086,60,0.03403192378696074,0.012041750470637987,True,0.22751179243610564,0.2982886461802128,True,0.34851976443860033,0.25522646586352515,0.5,-0.25,0.5,-0.25,1.2172324638081082e-07,1.983886970583445,4.44266296553687,0,3.1572503887056693,7.883537834253733e-08,2.0752076379219644,4.803485605403764,0,,0,1
S2_N60,3500631,3.038080081613561,1.804027650829906,5.116291082373944,2.931621599244369e-05,-1.0008450957475494,0.4405960796321083,0.02690574338217987,60,0.008508189679221389,0.013391125620010557,True,0.19430149288227017,0.221504330696502,True,0.3498149355478338,0.12405748027908939,0.01582936368009567,-0.033333333333333326,0.02611787677947958,-0.03333333333333333,2.931621599244369e-05,1.804027650829906,5.116291082373944,0,3.257357865114302,2.9147103635965075e-05,1.8723594372021637,5.66685009865249,0,,0,1
S2_N60,3500632,2.917943613956092,1.8496091951042202,4.603348078482805,4.1489369660715944e-06,-1.078322958623217,0.405464113368586,0.010143159989094529,60,0.3284687386926236,0.2477079252202644,True,0.018487950797751524,0.026133349282657797,True,0.1739493548536749,0.08582467859142633,0.3084079838126537,0.19999999999999996,0.2946740631679853,0.2,4.1489369660715944e-06,1.8496091951042202,4.603348078482805,0,2.8329819125226487,1.7051300606565905e-05,1.7624885286074197,4.553667377921506,0,,0,1
S2_N60,3500633,3.4317252861265084,2.0548651146966863,5.731149142204599,2.4483683303707156e-06,-1.0717075222302355,0.45030761987881274,0.020683265169882954,60,0.036480267263548354,0.01866583807731303,True,0.0751335101882429,0.06377814045826569,True,0.5154889634992049,0.5182670883306615,0.03383812196871436,0.06666666666666665,0.0279104823273028,0.06666666666666667,2.4483683303707156e-06,2.0548651146966863,5.731149142204599,0,3.7874542376436495,1.0207629214316049e-05,2.0963689696907513,6.842693156425098,0,,0,1
S2_N60,3500634,2.240303389020311,1.542314634338709,3.2541734112558984,2.288536321483367e-05,-1.0780886627906976,0.5075394005524501,0.03800852581178195,60,0.00030344450714803954,0.00010742324872370792,True,0.17352336128767176,0.24745038660283813,True,0.4414267153585527,0.3566750282465818,0.020023343835312252,0.04999999999999993,0.003636814595064394,0.05,2.288536321483367e-05,1.542314634338709,3.2541734112558984,0,2.580059446430647,1.127068735937358e-05,1.6900708387639118,3.9387146351715145,0,,0,1
S2_N60,3500635,3.110430321487937,2.0613960984582547,4.693312843692412,6.428759189951051e-08,-1.5197587593337156,0.4331478824087268,0.0008867028414502874,60,2.468795171619124e-05,1.0465983630908794e-05,True,0.04646559643700166,0.13634976064000834,True,0.039436889286205055,0.0768305208839897,0.005172579112441757,-0.016666666666666607,0.0018344639998889984,-0.016666666666666666,6.428759189951051e-08,2.0613960984582547,4.693312843692412,0,3.402157488457815,1.1967816972630396e-07,2.1621501879007425,5.353317101208209,0,,0,1
S2_N60,3500636,2.604678997242212,1.7475067601508898,3.8823041108515626,2.587894094448413e-06,-2.1524587683461935,0.415648691712261,3.037310350736408e-06,60,0.28436395486579236,0.1776500453285389,True,0.06327475278975453,0.09075974140290177,True,0.5378499291546612,0.9408397177420063,0.07604323101071352,0.1166666666666667,0.06460371565539562,0.11666666666666667,2.587894094448413e-06,1.7475067601508898,3.8823041108515626,0,3.171560805472288,2.7563367328451336e-07,2.042240570168218,4.925373675237238,0,,0,1
S2_N60,3500637,1.771359080542579,1.183357628938036,2.651534004167856,0.00547017850897973,-0.783533237114084,0.4737441658482039,0.10364194534207667,60,0.011375399666363155,0.006765245935448762,True,0.016505435959499246,0.007299001356111512,True,0.27890131490597925,0.1992549987949349,0.07603908265022755,-0.1166666666666667,0.049763954502730336,-0.11666666666666667,0.00547017850897973,1.183357628938036,2.651534004167856,0,1.703062247271179,0.015363845385980865,1.1072386295042291,2.6195085149612547,0,,0,1
S2_N60,3500638,2.7496936303795567,1.8672147356235387,4.04924774676494,3.020808223568377e-07,-1.1554742068501216,0.38450494754101877,0.003941626821812886,60,0.0011670117316897452,0.0006592071905475019,True,0.7981135107373085,0.8297818807858585,True,0.3285588762428443,0.5373714994922325,0.005441839585019571,-0.033333333333333326,0.003815074791308549,-0.03333333333333333,3.020808223568377e-07,1.8672147356235387,4.04924774676494,0,3.1756981985975554,1.9224371081450153e-07,2.0555629458649904,4.906227303261646,0,,0,1
S2_N60,3500639,2.5444794277028087,1.7909527777652456,3.6150453760604178,1.8647151608463614e-07,-2.424396362496081,0.4282263559402681,5.120016977913634e-07,60,0.03385807862930358,0.04705766231241408,True,0.0957212918592665,0.1175251474316332,True,0.362577085082774,0.29841743783791574,0.061923520256757736,0.1166666666666667,0.027104046672903632,0.11666666666666667,1.8647151608463614e-07,1.7909527777652456,3.6150453760604178,0,2.8538358167485867,1.1372454260845044e-06,1.8706736585686707,4.353714412800719,0,,0,1
S2_N60,3500640,3.6884594039912724,2.5769654921863725,5.279361643042027,9.761951688266736e-13,-1.1278146900882855,0.5123687136096119,0.03178797560960816,60,0.09159374587614956,0.04006862592207013,True,0.007896149480555748,0.0011475643632987034,True,0.14381076430597844,0.059270156254701764,0.007128005224627891,-0.01666666666666672,0.0037721517547450907,-0.016666666666666666,9.761951688266736e-13,2.5769654921863725,5.279361643042027,0,4.671356641677585,2.052333353909575e-12,3.039664837198124,7.178940456428672,0,,0,1
S2_N60,3500641,2.4587311675544714,1.620141139134365,3.7313779696587335,2.366890061122937e-05,-1.826236261297254,0.4085885447373238,3.7765047301701e-05,60,0.0029516329423035096,0.0003456356606568405,True,0.18680301414296718,0.1460440362089354,True,0.5874839403597879,0.7607720926722652,0.09184196232348749,-0.1166666666666667,0.09189379302939424,-0.11666666666666667,2.366890061122937e-05,1.620141139134365,3.7313779696587335,0,2.543521422685014,9.460973407384742e-06,1.6827664940584954,3.8445626594658755,0,,0,1
S2_N60,3500642,2.647620772294011,1.7214394579987051,4.072112859567094,9.2998763420191e-06,-0.8666666666666683,0.49530604997807803,0.08554168751721254,60,0.00010823646977996032,3.568670611812553e-05,True,0.2620841487861727,0.3311221760707095,True,0.31600741248731856,0.5511199364603123,0.016123398096567345,0.050000000000000044,0.030604986088393096,0.05,9.2998763420191e-06,1.7214394579987051,4.072112859567094,0,3.1751676563616864,1.1642451888830558e-06,1.992872668195051,5.058872956061148,0,,0,1
S2_N60,3500643,2.5158717702308233,1.644545217756151,3.848851765158892,2.1067207657479384e-05,-1.466666666666667,0.436039362279702,0.0013804369140598335,60,0.026083103520196792,0.009902961537789702,True,0.8127152677586821,0.8997355885726629,True,0.781704567178636,0.8121348748352364,0.06083360444448227,0.09999999999999998,0.093323389579853,0.1,2.1067207657479384e-05,1.644545217756151,3.848851765158892,0,2.8618620779627033,4.4986299951473855e-06,1.8261010095805545,4.485104882101926,0,,0,1
S2_N60,3500644,3.3438755922402357,2.141208818267388,5.222052086179889,1.1105516633949455e-07,-1.255906317654005,0.42581067562010405,0.0046105596686350425,60,0.0008452715097943512,0.005447456798597373,True,0.0003033208745811572,3.5588247156503284e-05,True,0.6999186463993687,0.3403145044300666,0.06263590115949341,0.09999999999999998,0.08825895661815211,0.1,1.1105516633949455e-07,2.141208818267388,5.222052086179889,0,3.736316258580004,2.8928708826101886e-07,2.2581295527945504,6.182133866878008,0,,0,1
S2_N60,3500645,2.3958395720733563,1.601542868923974,3.584073437240678,2.1204738168860888e-05,-1.4654698132329536,0.41395348051713127,0.0008042634312922887,60,0.004399527692959887,0.0028938334923683242,True,0.10228213030827324,0.03345880930107377,True,0.05247813744338125,0.0403209603089862,0.017927816361531134,-0.04999999999999993,0.020919425857346574,-0.05,2.1204738168860888e-05,1.601542868923974,3.584073437240678,0,2.554010277575295,9.290111698222336e-06,1.6872519545267024,3.8660310811671383,0,,0,1
S2_N60,3500646,3.1487700146350166,2.020487116605492,4.90711003479291,4.0408867663153525e-07,-1.9729724357968532,0.4155240098832201,1.42513408564988e-05,60,0.00035809436441527486,0.0001820541522264259,True,0.07784623457925255,0.030000573872781603,True,0.41720323656454317,0.3271597720197942,0.07755649727025216,0.09999999999999998,0.06658844131424868,0.1,4.0408867663153525e-07,2.020487116605492,4.90711003479291,0,3.2164235916429127,1.2246134851434307e-07,2.0863248525159066,4.958662457767095,0,,0,1
S2_N60,3500647,2.6476090719216674,1.7339545711336184,4.042685958686363,6.521522489656951e-06,-1.4333333333333333,0.38942850522186595,0.0005180251590083546,60,0.0011764739486533878,0.0010211939659985224,True,0.20600257166369496,0.20735580227097505,True,0.2366150385738932,0.21995929286956173,0.007520549470504642,0.01666666666666672,0.003772151754745098,0.016666666666666666,6.521522489656951e-06,1.7339545711336184,4.042685958686363,0,3.6224132735832772,7.037896227330842e-08,2.2684922887238277,5.7844049062270395,0,,0,1
S2_N60,3500648,2.353567327594969,1.5698974179594276,3.5284338340542973,3.427742643865862e-05,-1.385046178031046,0.47067906318071934,0.004699077645598648,60,0.000661697102095933,0.00047353472822355525,True,0.18257682994949653,0.04516762067661803,True,0.14045002387923325,0.14104745113199407,0.08276570089153892,-0.1166666666666667,0.06460371565539562,-0.11666666666666667,3.427742643865862e-05,1.5698974179594276,3.5284338340542973,0,2.804845669023137,2.592130588090609e-06,1.8245445157123834,4.311848332166432,0,,0,1
S2_N60,3500649,3.1923748896798703,2.1156814946525855,4.817009300321012,3.1986969314181845e-08,-1.98894704865168,0.43838683968770487,2.9899385200801313e-05,60,7.227509313516571e-05,8.880232923649916e-05,True,0.3196717530010913,0.2505998387079684,True,0.2047316860784012,0.11093486572682766,0.0700813880700544,-0.09999999999999998,0.06658844131424868,-0.1,3.1986969314181845e-08,2.1156814946525855,4.817009300321012,0,3.2536817610167295,4.9628877868227853e-08,2.129121784026483,4.972212055410188,0,,0,1
S2_N60,3500650,2.77100975125447,1.8112172441175205,4.239411404946375,2.6281418246873e-06,-2.0753628932375516,0.45836380863606085,3.0871677622274776e-05,60,0.0004313437076609377,9.852114864245651e-05,True,0.04161565449891764,0.04230062013680772,True,0.8030539489040757,0.8408627534949586,0.05439210735908763,0.08333333333333331,0.0919574894668737,0.08333333333333333,2.6281418246873e-06,1.8112172441175205,4.239411404946375,0,2.892243208373435,5.187205393084224e-06,1.8317278674875084,4.566765033638004,0,,0,1
S2_N60,3500651,2.1929635590726324,1.459876294734269,3.2941758070644416,0.00015531954577489184,-1.7888591683110437,0.4006149114267451,3.8335662471356355e-05,60,0.0029430997516409494,0.0004240069002853716,True,0.13927458170636112,0.23242537520024387,True,0.4263572728264383,0.3972762645211806,0.020423486358802208,0.033333333333333326,0.013223875138362384,0.03333333333333333,0.00015531954577489184,1.459876294734269,3.2941758070644416,0,2.3199596913917033,0.00023629887791448717,1.4813225246781656,3.63338360148924,0,,0,1
S2_N60,3500652,2.4583951658491103,1.497521627195947,4.035806015561116,0.0003756628340617826,-1.2446201416885205,0.41152119434082324,0.0037311362627506905,60,0.004401052464957693,0.011438321254068247,True,0.028098365126091828,0.032944972851122314,True,0.7483161604768478,0.7947664610788249,0.029151237902438204,0.06666666666666665,0.04790326676256022,0.06666666666666667,0.0003756628340617826,1.497521627195947,4.035806015561116,0,2.527430432198603,0.000288115468597263,1.5311023447193128,4.172095099739835,0,,0,1
S2_N60,3500653,3.9534311575916576,2.7273136919202927,5.730773824851717,3.9693532422976565e-13,-1.9488535453943014,0.4281069054548779,2.8349782242872432e-05,60,0.0001744655448661091,2.6016681228555604e-05,True,0.0426569254593992,0.11983188663272414,True,0.6130844346329365,0.8290820748384831,0.012598153336001104,0.033333333333333326,0.005285535552518436,0.03333333333333333,3.9693532422976565e-13,2.7273136919202927,5.730773824851717,0,4.977024862335959,5.826589628884692e-14,3.274317262963665,7.56517297834775,0,,0,1
S2_N60,3500654,2.0717892956180157,1.4083694665638826,3.047716517108047,0.00021662188044724716,-2.090261440568739,0.4725615641965984,4.4316312325927715e-05,60,0.006492690579719607,0.006573670940264886,True,0.5499295645839006,0.6944807418599749,True,0.8755436911725931,0.6345644020102135,0.008416812295858129,-0.016666666666666607,0.008017003245231026,-0.016666666666666666,0.00021662188044724716,1.4083694665638826,3.047716517108047,0,2.103064509703652,0.0003592667779887826,1.3980425356299688,3.1636235802954866,0,,0,1
S2_N60,3500655,2.585133942240244,1.6681524292987624,4.006179160816778,2.1426859152533633e-05,-1.7359095801937556,0.3358709721740832,3.151861693051502e-06,60,0.010388694477344945,0.004638661508405246,True,0.4522017844496472,0.2962157926303187,True,0.3222417513425532,0.38531140633438055,0.030553861332566157,0.06666666666666665,0.0318497240814113,0.06666666666666667,2.1426859152533633e-05,1.6681524292987624,4.006179160816778,0,2.95427494458414,6.794790097136602e-06,1.843096010347632,4.7353693997479045,0,,0,1
S2_N60,3500656,4.433498875049137,3.0658112771502397,6.411324931041648,2.5216751489623415e-15,-1.6704496516782785,0.47968037726343504,0.0009612736106663273,60,0.002401244595069255,0.002155166068633556,True,0.9098333837841471,0.8414227263159139,True,0.9784705808360747,0.8877546467604512,0.035781117550224936,-0.06666666666666665,0.024052808432163397,-0.06666666666666667,2.5216751489623415e-15,3.0658112771502397,6.411324931041648,0,5.546932247617586,1.3015306774046669e-14,3.5875714362484765,8.576402702055868,0,,0,1
S2_N60,3500657,3.5573024252636114,2.1754711528918262,5.816855134100509,4.241687948081155e-07,-1.6205863192182415,0.396840801263759,0.0001399177631686741,60,0.049041691887103875,0.06949205088106598,True,7.493226282354742e-05,0.00010932427893790561,True,0.14336046634740737,0.11496511822683007,0.004433468671090922,0.033333333333333326,0.008888955299185571,0.03333333333333333,4.241687948081155e-07,2.1754711528918262,5.816855134100509,0,3.622809038880779,5.055006786762902e-07,2.1926017835452343,5.98592294811271,0,,0,1
S2_N60,3500658,2.2813768012131703,1.48006900952899,3.5165117812783273,0.00018696033736963788,-1.726073435539309,0.478411715324436,0.0006511960322696135,60,0.0003422594626151612,0.0010111752148377667,True,0.0022929431322811175,0.0013141769297151675,True,0.11536067608830354,0.18695767314974043,0.011475950546227442,-0.033333333333333326,0.010976711961823461,-0.03333333333333333,0.00018696033736963788,1.48006900952899,3.5165117812783273,0,2.431899616064935,7.068933525327725e-05,1.5689036516318067,3.7695977929973736,0,,0,1
S2_N60,3500659,2.777012563520154,1.7935022575498996,4.299854513974157,4.677364228152531e-06,-1.7517068149063224,0.4814896223121493,0.0005923592786677009,60,0.011394096060243422,0.005866486984026855,True,0.01538981585616553,0.006381521400865173,True,0.5804678627054076,0.5714052531631473,0.03056674964499671,0.06666666666666665,0.020312249929417412,0.06666666666666667,4.677364228152531e-06,1.7935022575498996,4.299854513974157,0,2.8708625030164914,6.3340269057483235e-06,1.816291271947265,4.537736671712318,0,,0,1
S2_N60,3500660,2.97443250524197,2.0463766879827814,4.323372515038376,1.111709058720016e-08,-1.4198168574401675,0.4305476682821714,0.0016823847889592936,60,0.0778723229039784,0.06705904464738276,True,0.03682704431782989,0.034152431166863714,True,0.0795474084796018,0.11886041778180573,0.031368914829134883,0.06666666666666665,0.010250272074182916,0.06666666666666667,1.111709058720016e-08,2.0463766879827814,4.323372515038376,0,2.8748019364841317,1.8236000329969067e-07,1.9332905358141774,4.274828858318724,0,,0,1
S2_N60,3500661,2.6605852236995506,1.6705486062861818,4.237358737082884,3.7713876220351724e-05,-1.7733906774801353,0.38718428184889814,2.5715965647404886e-05,60,0.16265219171934764,0.17185905591644446,True,0.09968522402710173,0.06511277520325037,True,0.059570134287510894,0.33051242715335893,0.007100687603173741,-0.01666666666666672,0.011589374014260653,-0.016666666666666666,3.7713876220351724e-05,1.6705486062861818,4.237358737082884,0,2.829035093638749,3.3696954724540105e-05,1.7305343686871157,4.624837105726759,0,,0,1
S2_N60,3500662,1.6233778355299033,1.1030778777750379,2.389092964320339,0.013987685154819117,-1.6324350808427233,0.44967958686395354,0.0006072157554909344,60,0.0006586850136906518,7.93667070940794e-05,True,0.4620543430801589,0.6145954749599656,True,0.5224373134734869,0.4302500479361213,0.037099595943317035,-0.08333333333333337,0.03223701057934687,-0.08333333333333333,0.013987685154819117,1.1030778777750379,2.389092964320339,0,1.6011692911486097,0.02561354309868187,1.0590550257730746,2.420783657625245,0,,0,1
S2_N60,3500663,3.1662657658804156,2.029231332230611,4.940412037284166,3.824173230381663e-07,-1.2729288214702443,0.3837821772195368,0.0015890051509565672,60,0.004571427637027037,0.00403338837388743,True,0.14581959152847837,0.37359909818716674,True,0.14068578468020335,0.40092103187291805,0.0657444406520107,-0.1166666666666667,0.05726085479843524,-0.11666666666666667,3.824173230381663e-07,2.029231332230611,4.940412037284166,0,3.0608033651959707,4.098362348775323e-06,1.9015843439891513,4.926690351657852,0,,0,1
S2_N60,3500664,2.2830770790245003,1.447708728778003,3.6004762872203,0.00038259454068807725,-0.5012738278073914,0.4440595343980237,0.2636924337842404,60,0.00033395409583150465,0.0001575154952313583,True,0.6496131407040723,0.6566159198619603,True,0.31465962840180817,0.2915613286335311,0.013317576621726277,-0.033333333333333326,0.02611787677947958,-0.03333333333333333,0.00038259454068807725,1.447708728778003,3.6004762872203,0,2.609033210762995,9.73320902260413e-05,1.6107294027311407,4.226069433712623,0,,0,1
S2_N60,3500665,2.1929272517191745,1.3436726347151304,3.578944608298988,0.001678110358196836,-0.5212994295658906,0.4337581181842137,0.23440254729400023,60,0.00317824166812421,0.0005032294918589721,True,0.9493479077799243,0.755469992219146,True,0.30252590785034905,0.3124292878120014,0.010965631836041961,0.050000000000000044,0.007374317650564297,0.05,0.001678110358196836,1.3436726347151304,3.578944608298988,0,2.747435694902378,8.923962067477433e-05,1.657154116418539,4.555039765364377,0,,0,1
S2_N60,3500666,4.6891776046186,3.094080580076707,7.106597917728278,3.2287699175234384e-13,-0.9224537889388056,0.4331570615908107,0.03753511770048134,60,4.5634882442702085e-05,7.543593656327211e-05,True,0.0004906020682286472,0.00033294992433621453,True,0.8945726073389072,0.8527432283203764,0.026671886383694308,-0.06666666666666665,0.020312249929417412,-0.06666666666666667,3.2287699175234384e-13,3.094080580076707,7.106597917728278,0,4.996349950995237,1.883310985102907e-11,3.124099693580922,7.990626190355754,0,,0,1
S2_N60,3500667,3.112418673956122,2.081372944256944,4.6542115523891,3.19215797763925e-08,-1.4666666666666672,0.430633087599887,0.001214764781417861,60,0.07611729909696162,0.05407839654330915,True,0.0010371345744037857,0.0017560842509017117,True,0.7724052927848112,0.8526983218355765,0.017459186492595202,-0.06666666666666665,0.016730987998137544,-0.06666666666666667,3.19215797763925e-08,2.081372944256944,4.6542115523891,0,3.222923757700203,1.0965557306463265e-07,2.092420891908952,4.964219955991711,0,,0,1
S2_N60,3500668,1.8930814245846839,1.2878010809792315,2.7828500325395917,0.0011674565299173273,-1.6401259111994688,0.45221980712557375,0.0006137057514351863,60,0.001704105952215895,0.0002604335707154279,True,0.008960393750118926,0.00391106406908633,True,0.28323517679565013,0.17101686411658878,0.004665088937271284,0.016666666666666607,0.001152223935722432,0.016666666666666666,0.0011674565299173273,1.2878010809792315,2.7828500325395917,0,1.8509053416926367,0.0022756991282228086,1.2463910741928064,2.7486161084112393,0,,0,1
S2_N60,3500669,2.1606105518126357,1.4261988480234222,3.2732027256043876,0.0002778795168461239,-1.3752473785260653,0.346589520127078,0.00020512607474096727,60,0.007241752281559844,0.0056275360877971504,True,0.5309480629381869,0.5145935195678795,True,0.7082042236025072,0.5879641980101391,0.02303709360861076,-0.04999999999999993,0.027308269234333698,-0.05,0.0002778795168461239,1.4261988480234222,3.2732027256043876,0,2.2716209882330354,0.0003951325325049878,1.4428815746693802,3.576358590179688,0,,0,1
S2_N60,3500670,2.748999869325692,1.791029259516468,4.219361711373082,3.728205972788308e-06,-1.9109993991588259,0.3989601619948274,1.22894106550933e-05,60,0.0001708496581216595,1.2391480450128277e-05,True,0.01448257704894908,0.028157167447946625,True,0.07192989988710255,0.195785349834531,0.09271343500889023,-0.1166666666666667,0.042171775592140824,-0.11666666666666667,3.728205972788308e-06,1.791029259516468,4.219361711373082,0,3.0982819246687425,1.1319292815712582e-06,1.9649529450349412,4.885282830301235,0,,0,1
S2_N60,3500671,3.0991390533606573,1.9618791990113629,4.895644378565819,1.2422825575886577e-06,-1.17869113149847,0.4310469331521919,0.0083105583910265,60,0.13838314662873888,0.08029695377918537,True,0.025882439262244587,0.009135193522597798,True,0.014012613857667035,0.006770656015879693,0.03134454424341644,-0.08333333333333326,0.03223701057934687,-0.08333333333333333,1.2422825575886577e-06,1.9618791990113629,4.895644378565819,0,3.373766936379465,6.485991289627223e-08,2.170724251075767,5.243551010851074,0,,0,1
S2_N60,3500672,2.280724021090763,1.4801454892265626,3.514318084432716,0.00018575863339346976,-0.8132076212924764,0.44022966935097513,0.06990539807069136,60,0.00489703107924696,0.016012341250725846,True,0.5505053868684919,0.6458845832265083,True,0.7489502864121256,1.0,0.010147521791116285,0.033333333333333326,0.003815074791308549,0.03333333333333333,0.00018575863339346976,1.4801454892265626,3.514318084432716,0,2.2548502646291637,8.04019172806086e-05,1.505222914274287,3.377805152766709,0,,0,1
S2_N60,3500673,2.7154790306674337,1.7648545063616583,4.178149722492468,5.523808813010282e-06,-0.8405697869284168,0.3865572208073671,0.03383258931044794,60,0.03139147968681673,0.02292245114958422,True,0.01946337118456472,0.05397441397654676,True,0.6156349339052118,0.3764848134600546,0.021789742001980104,-0.050000000000000044,0.014962499607782146,-0.05,5.523808813010282e-06,1.7648545063616583,4.178149722492468,0,3.0128759312829625,1.179325948563301e-06,1.9309846553155932,4.70092879936459,0,,0,1
S2_N60,3500674,2.97689754561438,1.933161047203744,4.584159715975762,7.32922775799587e-07,-1.0333333333333337,0.4650419366483499,0.03026679657987397,60,0.00257981168223626,0.0011782028483008217,True,0.06904838714679548,0.08938855516003237,True,0.9039660391046889,0.7269947115033202,0.018961600272363977,0.04999999999999999,0.01787332140853386,0.05,7.32922775799587e-07,1.933161047203744,4.584159715975762,0,3.220289612949897,6.356865293851233e-07,2.0323856538955427,5.102508557564336,0,,0,1
S2_N60,3500675,3.0087486736152678,1.9237651957942925,4.705651500906778,1.3841766097736708e-06,-0.7878440001275535,0.3804058049237406,0.04289135211629364,60,0.0027538181122498256,0.0028253934832580116,True,0.23621600402756193,0.12699915215965993,True,0.7042959262833783,0.5976771784431216,0.04034363241964692,-0.08333333333333326,0.02747181859148359,-0.08333333333333333,1.3841766097736708e-06,1.9237651957942925,4.705651500906778,0,3.1936608584182657,8.187718522511542e-06,1.9172903315063716,5.319731451719888,0,,0,1
S2_N60,3500676,2.4514616531245523,1.6318670897804894,3.6826922206933865,1.570686376600607e-05,-1.4757769405630539,0.5074043595413327,0.005168840038255676,60,0.0036100984511131737,0.0058657980441227135,True,0.42341940834636416,0.744337518360242,True,0.04424208855549924,0.0771083423319293,0.011352054458471456,0.01666666666666672,0.009738868887544626,0.016666666666666666,1.570686376600607e-05,1.6318670897804894,3.6826922206933865,0,2.8968329085621103,1.5022661684202333e-06,1.878178407408756,4.467967934795936,0,,0,1
S2_N60,3500677,3.4548756111642334,,,,-1.6041543967743417,0.3596968508493215,3.907705611611444e-05,60,0.0018759067791188828,0.001143541080913834,True,0.34433876634144267,0.2928035524704168,True,0.3602096712004612,0.4215555929829754,0.020003811018804194,0.04999999999999993,0.020919425857346574,0.05,4.589603201068791e-06,2.1133020963786655,5.648111317861812,1,3.528664437084763,3.8925404969139776e-05,2.00113227370586,6.222213730273849,1,0.0,0,1
S2_N60,3500678,3.8161413124159997,2.5747806777342497,5.655990291624828,2.541227006343608e-11,-1.6100160930740732,0.4605973428057814,0.0009233690398157935,60,0.003365997934691875,0.0021681650644561896,True,0.7868824406718178,0.6249517444186994,True,0.9593569300017619,0.9703808348640168,0.00820572640072381,0.0,0.00713729189831521,0.0,2.541227006343608e-11,2.5747806777342497,5.655990291624828,0,4.424624035341676,4.938928149338995e-13,2.9560638261665946,6.6227588460127995,0,,0,1
S2_N60,3500679,3.392745256707869,2.135506016035506,5.390160594481959,2.314264949325952e-07,-1.8557395539605237,0.46491330417028454,0.0001897917222698087,60,0.15965050467219122,0.18211419924401773,True,0.003044145389101037,0.0005806008879744412,True,0.7663907713350406,0.6826834129998056,0.007850260824036932,-0.01666666666666672,0.009738868887544626,-0.016666666666666666,2.314264949325952e-07,2.135506016035506,5.390160594481959,0,4.103420606039852,2.2157303303314564e-09,2.5835922995910283,6.517305641736839,0,,0,1
S2_N60,3500680,5.970131741536038,3.720889652018821,9.579019090759065,1.2933817745429492e-13,-1.8291406381901072,0.38951346412842885,1.7135420780249434e-05,60,0.0494239641396609,0.02155745237744319,True,0.12500837979563306,0.14015984339312074,True,0.16146872437098758,0.21491486606435306,0.04801168168022245,0.08333333333333337,0.041943380194408623,0.08333333333333333,1.2933817745429492e-13,3.720889652018821,9.579019090759065,0,6.730835233154601,1.2727345295634252e-13,4.064550043289551,11.146164385568614,0,,0,1
S2_N60,3500681,3.279266452600932,2.162680366752279,4.972342946499617,2.247724507347458e-08,-1.8684096133751278,0.44287857999503727,8.898635394968936e-05,60,0.008426391515788905,0.009547099469894302,True,0.09630949225850277,0.03945978286757829,True,0.2569968737521532,0.34777701870771716,0.006427581979605292,0.0,0.008562514012078708,0.0,2.247724507347458e-08,2.162680366752279,4.972342946499617,0,3.9131402348190307,1.5661855344914415e-09,2.512867777422285,6.093701640389277,0,,0,1
S2_N60,3500682,2.4460546421015397,1.5984205257738275,3.7431847349744913,3.7792812950441516e-05,-1.5314553691061081,0.43741483050527774,0.0009074169952159428,60,0.0007396146359024401,0.00010490136104152798,True,0.10191102058529751,0.103134125442246,True,0.3521019321646631,0.5034240412455857,0.004124385529435963,0.016666666666666607,0.006438935487666036,0.016666666666666666,3.7792812950441516e-05,1.5984205257738275,3.7431847349744913,0,2.510543395265362,2.5114126606535565e-05,1.6361480118162508,3.852235918750349,0,,0,1
S2_N60,3500683,4.055332205971763,2.7347610198168844,6.0135855314673865,3.2909600459332747e-12,-0.8999999999999991,0.44415822028298185,0.04742219723254006,60,0.029205220691903563,0.030012036025406915,True,0.020610964641909875,0.011968981631955328,True,0.17484051332663475,0.23413159629385738,0.24081264462107688,0.18333333333333335,0.19872468715676606,0.18333333333333332,3.2909600459332747e-12,2.7347610198168844,6.0135855314673865,0,5.508467553374481,9.298153267351923e-16,3.6332063547253686,8.351635394206244,0,,0,1
S2_N60,3500684,4.351151108961767,2.7995970367749243,6.762586088042538,6.331681706213929e-11,-1.016785145888595,0.388098041911951,0.011252033255924254,60,0.005135579126736323,0.0020643458489479076,True,0.11594044240194097,0.1012433432863386,True,0.9014917372958676,0.8525551637877509,0.02388308960049723,-0.050000000000000044,0.027308269234333656,-0.05,6.331681706213929e-11,2.7995970367749243,6.762586088042538,0,5.397243909573979,1.386464169148923e-12,3.385621907183931,8.604103653045877,0,,0,1
S2_N60,3500685,4.927941019670098,3.0295172499833427,8.01599749711961,1.3167323408106408e-10,-0.4783085384546032,0.43570354832828556,0.27691449932735596,60,0.00019065106015951814,3.1970612248845106e-06,True,0.12941358273574427,0.040756316529690854,True,0.7179914476955052,0.6938630984079964,0.04190462515740606,-0.08333333333333337,0.041943380194408623,-0.08333333333333333,1.3167323408106408e-10,3.0295172499833427,8.01599749711961,0,4.744040326147566,3.9485720457253384e-05,2.353487184114645,9.562796333892415,1,0.0,0,1
S2_N60,3500686,3.8569480943411483,2.5018544204413415,5.946008880811537,9.81535673559596e-10,-0.9437015175705981,0.43878299562211337,0.03575153051638397,60,0.00028129328531672777,9.69430176022894e-05,True,0.022938492084515268,0.03337983915702536,True,0.030862654960735297,0.07801577294367837,0.19663458224365288,0.16666666666666663,0.19099803315157277,0.16666666666666666,9.81535673559596e-10,2.5018544204413415,5.946008880811537,0,4.515936402603045,1.234273781476503e-09,2.77672727944289,7.3445029129569495,0,,0,1
S2_N60,3500687,2.678385467742529,1.816148428982199,3.949979307492318,6.681228599973507e-07,-1.3635002049300304,0.4661003890635458,0.004931971490920525,60,0.000561194965616468,0.0004278529706811191,True,0.01681027154360997,0.04541441964444528,True,0.5077336883573381,0.5432626114328165,0.07917919379587321,0.09999999999999998,0.0722118480201929,0.1,6.681228599973507e-07,1.816148428982199,3.949979307492318,0,3.0038016562125764,9.12287274417719e-08,2.006598012973843,4.4965779550899185,0,,0,1
S2_N60,3500688,2.497891500427477,1.5968346658225365,3.90739384699784,6.067605567498324e-05,-1.925843656557026,0.46031912961362037,0.00010014559368646252,60,0.0001869954523594056,0.00030188072813581594,True,0.6983367605646853,0.7493894500416316,True,0.6317112427646614,0.5164328073028779,0.041958699032401243,0.08333333333333337,0.05164985455623694,0.08333333333333333,6.067605567498324e-05,1.5968346658225365,3.90739384699784,0,2.7263971366653723,2.781411838794101e-05,1.7055521562931197,4.3582609417074005,0,,0,1
S2_N60,3500689,3.348903963876121,2.0909336399254874,5.363708127850897,4.924685167963583e-07,-1.5825950232430954,0.3704472697706689,7.429158370462848e-05,60,0.0009000626736537141,0.00037693222086514303,True,0.22574406635966304,0.2727717727677409,True,0.7751505388658629,0.4093153882859314,0.11820167424009519,0.15000000000000002,0.11078793845304435,0.15,4.924685167963583e-07,2.0909336399254874,5.363708127850897,0,3.800206535381797,3.3853596903799756e-08,2.365627610030804,6.104751927278389,0,,0,1
S2_N60,3500690,2.6720098681358047,1.7814961056821232,4.007663397434933,2.0151339859956334e-06,-1.0584118751973974,0.4196356676192473,0.01447919536973839,60,0.002755963927030982,0.0005162859076653065,True,0.020990841440478594,0.025686327149969202,True,0.25706008350468035,0.198562405737571,0.007517109344672472,0.01666666666666672,0.008017003245231026,0.016666666666666666,2.0151339859956334e-06,1.7814961056821232,4.007663397434933,0,2.7536880255600993,2.191699357223418e-06,1.8105738143520735,4.188063299052314,0,,0,1
S2_N60,3500691,2.11195238251454,1.3944119527574168,3.1987267874379732,0.00041612798601293945,-1.1559564001157516,0.388195071399344,0.004257895637884072,60,0.0433535684929247,0.08287536825602995,True,0.12674317708870914,0.07051220062854223,True,0.6956320632807316,0.8297115832965307,0.015842721017205495,0.033333333333333326,0.010976711961823486,0.03333333333333333,0.00041612798601293945,1.3944119527574168,3.1987267874379732,0,2.009076975373465,0.0017225779132262877,1.29874888683309,3.1079066429987487,0,,0,1
S2_N60,3500692,2.503979370307213,1.6685416620816989,3.7577201872811887,9.344101173912619e-06,-1.34738260746205,0.4182068089015049,0.0021070509846413477,60,0.07858343229387453,0.07673741310430877,True,0.34437007818676457,0.5933412164057861,True,0.6557983867039812,0.6884368557041227,0.09688727703483588,0.11666666666666664,0.1041833610678626,0.11666666666666667,9.344101173912619e-06,1.6685416620816989,3.7577201872811887,0,2.8881061221858895,2.145670830812043e-06,1.862601104539609,4.478230444875288,0,,0,1
S2_N60,3500693,2.2436014695508972,1.6510576885545074,3.0488017402819914,2.409379137589353e-07,-1.244577996715928,0.38173923887875433,0.0018805156347882397,60,0.08381352014296356,0.2416778652950533,True,0.04656171843768883,0.010103846874039778,True,0.6179765980060906,0.6341456807677268,0.026671886383694297,-0.06666666666666665,0.007468736386298328,-0.06666666666666667,2.409379137589353e-07,1.6510576885545074,3.0488017402819914,0,2.4388940018272667,7.03677524781896e-07,1.714757654027387,3.4688306759726046,0,,0,1
S2_N60,3500694,3.8980667622939777,2.5417208776220352,5.9782034357435085,4.506875641198251e-10,-1.1509284834062796,0.41838934412229073,0.007953345819741652,60,0.00029023593928781936,2.7553561482600705e-05,True,0.015872556812290165,0.020840072459642995,True,0.9726005323258166,0.8233256662614468,0.0529027134210547,0.08333333333333337,0.06583376247113396,0.08333333333333333,4.506875641198251e-10,2.5417208776220352,5.9782034357435085,0,4.806649285445366,9.352444809969347e-10,2.907245462052912,7.946999197294458,0,,0,1
S2_N60,3500695,2.868048377857934,1.6979783161546167,4.844409036012979,8.16385047312987e-05,-1.1826411528466783,0.40546975197954754,0.00505180038378708,60,0.0032555523496695053,0.0018951089840528324,True,0.8530234882047636,0.9290481938155787,True,0.6976635871308103,0.623899803623793,0.009834142870029249,0.0,0.011719076914329883,0.0,8.16385047312987e-05,1.6979783161546167,4.844409036012979,0,2.8735141939649442,0.0001609949000992711,1.6607732892422709,4.971830819054962,0,,0,1
S2_N60,3500696,2.3226332370580507,,,,-1.7932805280528068,0.43673260767997835,0.0001298553588054662,60,0.0022436062257051416,0.004242845946144339,True,0.004579826478699588,0.004104045750824921,True,0.8397135013018749,0.8297068937002477,0.011001529586156448,-0.016666666666666607,0.022275261840055335,-0.016666666666666666,0.00046748687324283365,1.4734662028075984,3.6611801095998238,1,2.362514524874294,0.001429655681292396,1.4128646153758306,3.9504668879808444,1,0.0,0,1
S2_N60,3500697,3.2301269920294784,2.0011008208396617,5.21399035769693,1.590888303297894e-06,-0.8198021505376337,0.42463423953038093,0.05851137608665166,60,0.0007384348410025536,0.00028224474732279703,True,0.045427709717187424,0.031677003337000416,True,0.2883421091712415,0.4099395143706879,0.005120741621806786,0.016666666666666607,0.005019462966991282,0.016666666666666666,1.590888303297894e-06,2.0011008208396617,5.21399035769693,0,3.1758553558946674,3.610338262757762e-06,1.9477574773400264,5.17829214309523,0,,0,1
S2_N60,3500698,2.520208624696323,1.607755668209585,3.9505079270327066,5.568114940181491e-05,-1.9052734751028253,0.34523791097038303,8.703261788329365e-07,60,0.0022523772435709866,0.0004222793605500357,True,0.44257745808921667,0.26969162214691245,True,0.7891763164998823,0.9821909019905211,0.053273453715444063,-0.09999999999999998,0.03702976749185184,-0.1,5.568114940181491e-05,1.607755668209585,3.9505079270327066,0,2.66350959184609,7.576455206721572e-06,1.7345589122542573,4.0899639070986025,0,,0,1
S2_N60,3500699,4.015929292944964,2.5607768964001814,6.297966882083705,1.39681894389245e-09,-1.83275075987842,0.3460340683419956,1.9744692526848966e-06,60,0.1413199015147807,0.2269022593970469,True,0.0437668615423712,0.03530572082408473,True,0.3289575485444829,0.2651126471871187,0.025285293841811513,-0.06666666666666665,0.020312249929417412,-0.06666666666666667,1.39681894389245e-09,2.5607768964001814,6.297966882083705,0,4.312446495872952,4.247486379123932e-10,2.7258848497112926,6.822443281760999,0,,0,1
S2_N60,3500700,3.2022236970941136,2.0810942229527645,4.927329331433081,1.2022190289796138e-07,-1.1435837421794124,0.4334540838333147,0.010723601580618677,60,0.0009868612997500927,0.0015103229793655489,True,0.06553413145258995,0.06627441449060886,True,0.9835433782659302,0.7722721686620418,0.03184354845881768,0.06666666666666665,0.01335827374792207,0.06666666666666667,1.2022190289796138e-07,2.0810942229527645,4.927329331433081,0,3.3310111531506057,8.55306665291664e-07,2.0629879335350876,5.378429569096174,0,,0,1
S2_N60,3500701,2.0749276296665515,1.3329671420076294,3.2298805669502486,0.0012253084404223618,-0.8444631272156611,0.4390751110387695,0.0594453968348173,60,0.001764710882250631,7.650693009445736e-05,True,0.016047517440565626,0.012406607100514692,True,0.7001668634880924,0.7151208306961128,0.1987713053568563,0.16666666666666669,0.19099803315157277,0.16666666666666666,0.0012253084404223618,1.3329671420076294,3.2298805669502486,0,2.285832213431006,0.000298362090358571,1.4603999502047718,3.5778068242376055,0,,0,1
S2_N60,3500702,2.320630566343933,1.5858438245355349,3.395874260838408,1.4655782130259664e-05,-1.4757641953194423,0.38373940672235424,0.00030543866066492636,60,0.0002467968841840795,0.00018491147975647696,True,0.0030407187839979885,0.0007208335095717024,True,0.17271628995707689,0.3342037142889416,0.025579187422741817,0.050000000000000044,0.009676838605003348,0.05,1.4655782130259664e-05,1.5858438245355349,3.395874260838408,0,2.4300109484070123,1.7284294546745588e-05,1.6208317846210063,3.6431622734734823,0,,0,1
S2_N60,3500703,2.6689361340871707,1.7706856636935515,4.0228597508253,2.742190699999074e-06,-1.6878790125287264,0.441757178404863,0.00033102259324626514,60,0.00018744614048763394,3.471898287697573e-05,True,0.16628222861977593,0.24143462235883406,True,0.28031880291882805,0.5667196385567543,0.012573287339582368,-0.033333333333333326,0.002590517806927458,-0.03333333333333333,2.742190699999074e-06,1.7706856636935515,4.0228597508253,0,2.6719016007100675,1.580733642232101e-05,1.7101929609989124,4.1744167627184865,0,,0,1
S2_N60,3500704,2.942908748911247,,,,-1.3427712931931126,0.40010376104439965,0.001412239240563092,60,0.03314097847758364,0.043114077876786505,True,0.00025947472634486673,7.128673749750382e-05,True,0.615381815201857,0.562143326953763,0.1773800977491808,-0.16666666666666663,0.19099803315157277,-0.16666666666666666,1.7561915764528013e-06,1.959120179910883,4.420714968497911,1,2.8635498357874978,2.395157658288843e-05,1.8096038486399102,4.5313330142404515,1,0.0,0,1
S2_N60,3500705,2.075471606548093,1.3529805234354852,3.1837726522843943,0.0008235918225877746,-1.3870849673202632,0.4176330652619621,0.0015677276894108594,60,0.1497238361631685,0.08322328233010443,True,0.010692765727700112,0.017144825317917445,True,0.9361571171253973,0.7888800347364767,0.015403945149026514,-0.033333333333333326,0.015607878351443505,-0.03333333333333333,0.0008235918225877746,1.3529805234354852,3.1837726522843943,0,2.089413557665216,0.0012188986229231345,1.3369002276399995,3.26550098855305,0,,0,1
S2_N60,3500706,2.85436810424679,1.903622729163346,4.279953769054993,3.881570143908151e-07,-1.3004229553448214,0.4474878414446858,0.005203864829687044,60,3.0868568652039956e-05,2.9834427269165454e-06,True,0.9741116930276318,0.9115128701132519,True,0.2232847233332499,0.27464070777262817,0.005316645923208346,0.016666666666666607,0.011589374014260653,0.016666666666666666,3.881570143908151e-07,1.903622729163346,4.279953769054993,0,3.8610820396415755,5.029176575766339e-07,2.391330243223952,6.234168015515954,1,0.0,0,1
S2_N60,3500707,3.123347685807368,2.0653697941272466,4.723270764478519,6.773213966088515e-08,-1.5733876514470129,0.4484596445876999,0.0008872798592106934,60,0.0005486679531366677,2.9592470801247486e-05,True,0.0962878974367264,0.14250294844541816,True,0.5491204502395592,0.6239192741620223,0.09183422111344389,0.1166666666666667,0.07869423055131809,0.11666666666666667,6.773213966088515e-08,2.0653697941272466,4.723270764478519,0,3.042709611466163,8.917700267747447e-08,2.0236530071554046,4.574935399978679,0,,0,1
S2_N60,3500708,2.714817710553233,1.8214204101171831,4.046421770940475,9.36194266954863e-07,-1.1784748220850616,0.36938116947147465,0.002310764539894162,60,0.0004496690548729833,0.0020622617723521663,True,0.46196265696300354,0.28604507399345047,True,0.5879189871990337,0.8410830568546527,0.02451179784882817,-0.04999999999999993,0.030604986088393103,-0.05,9.36194266954863e-07,1.8214204101171831,4.046421770940475,0,2.8831985670184896,1.4568586258528965e-06,1.8739633259018043,4.435964067150087,0,,0,1
S2_N60,3500709,3.085598982768101,1.933738527483271,4.923582452923903,2.2906821937374803e-06,-1.5925015164183018,0.39609176158027737,0.000172511677381389,60,0.0022711303155390932,0.0044303535472724935,True,0.06769665177500608,0.13223873506067294,True,0.887957775001878,0.9644171932189589,0.007356614090145223,0.0,0.004642323723723184,0.0,2.2906821937374803e-06,1.933738527483271,4.923582452923903,0,3.017835007213843,6.406893808339975e-06,1.8678581590573387,4.875813555008705,0,,0,1
S2_N60,3500710,2.391295908743199,1.5374086830384106,3.7194378997982382,0.00010960248935687814,-1.7857041994973013,0.35739459117868366,5.873228991192014e-06,60,0.002349681032096837,0.0028327166685878985,True,0.003787652585685124,0.006157579109111782,True,0.5846069801652105,0.6717980134629606,0.03055386133256617,0.06666666666666665,0.027910482327302838,0.06666666666666667,0.00010960248935687814,1.5374086830384106,3.7194378997982382,0,2.485370056348081,0.00022574929743304542,1.5320771044316546,4.031823397872087,0,,0,1
S2_N60,3500711,2.224531433826008,1.3985826443617675,3.5382536169953855,0.0007336132238881969,-2.1494655955291666,0.40035668776818967,1.5133908472477727e-06,60,0.2471299297874625,0.2300385531140009,True,0.00026805645629452394,2.1806736007687665e-05,True,0.25729130240597275,0.5575396895781319,0.04994577480918264,-0.08333333333333326,0.041943380194408623,-0.08333333333333333,0.0007336132238881969,1.3985826443617675,3.5382536169953855,0,2.1505742812330437,0.001802657544482097,1.3295656347688343,3.4785569197606003,0,,0,1
S2_N60,3500712,3.739397838443742,2.452027635436291,5.70266663885691,9.036334395298607e-10,-0.984940932104374,0.38449018704252136,0.013086230812461767,60,0.02557449553049507,0.010385259661419842,True,0.05826603767193769,0.010765182192328119,True,0.22634664045894115,0.4255216745977647,0.364799203974052,0.21666666666666662,0.375000591897561,0.21666666666666667,9.036334395298607e-10,2.452027635436291,5.70266663885691,0,3.759724441306842,1.0008111139688199e-07,2.3095211499333494,6.1205448908610265,0,,0,1
S2_N60,3500713,1.6354161316556108,1.0936912765730407,2.4454669987493345,0.01656417381390525,-1.463252549059795,0.4477459915596849,0.0018377059656152408,60,0.12136745535061888,0.20012812463303764,True,0.011243729589098014,0.0032000290227195455,True,0.15499323601059228,0.35701254325960874,0.006260654213360067,0.033333333333333326,0.008888955299185534,0.03333333333333333,0.01656417381390525,1.0936912765730407,2.4454669987493345,0,1.7317213311687478,0.007869067175108812,1.1550594582252987,2.596280864564741,0,,0,1
S2_N60,3500714,2.4035481174327455,1.6663412992895328,3.466902941958899,2.7044015206426938e-06,-1.6902732392407698,0.4269423827467154,0.000211219376328042,60,0.1629844132966407,0.1465061888138352,True,0.09137153335319048,0.1499635368615157,True,0.5291150166642598,0.7713426781138494,0.09795789240080358,-0.1333333333333333,0.10128713130707304,-0.13333333333333333,2.7044015206426938e-06,1.6663412992895328,3.466902941958899,0,2.4684322870493727,6.954433578923154e-06,1.6646233340607213,3.6603824006743935,0,,0,1
S2_N60,3500715,6.162273414730988,3.9915174314890165,9.513578304413025,2.267878607767576e-16,-2.135983041865397,0.4843404131932705,4.6370919046472116e-05,60,0.01686154686201076,0.003614345559393362,True,0.0045146230687930725,0.001089356186708139,True,0.6229359948973401,0.8877327385723149,0.010520479015807023,0.01666666666666672,0.008017003245231026,0.016666666666666666,2.267878607767576e-16,3.9915174314890165,9.513578304413025,0,6.614707357362232,1.2782771243823695e-13,4.01270039475451,10.903967183978828,0,,0,1
S2_N60,3500716,2.082845079920502,1.423148931301003,3.048341274432284,0.0001594412587444873,-1.299807738524395,0.38350011804761924,0.0012771613484269982,60,0.032376615217276306,0.009499030171560768,True,0.018903878966444555,0.03485010285300298,True,0.4037761113284012,0.5432400757942468,0.010998733494763305,0.01666666666666672,0.0037721517547450907,0.016666666666666666,0.0001594412587444873,1.423148931301003,3.048341274432284,0,2.214867023806563,0.00010826403228219278,1.4808261528378264,3.3127696480405056,0,,0,1
S2_N60,3500717,1.8766742764127187,1.2286773733690846,2.8664207676356788,0.003580804395388516,-1.4000000000000006,0.4193886988208002,0.0014902442908641313,60,0.016851927781737875,0.006136863537239165,True,0.014676177745788015,0.016244661203701823,True,0.6994099517494978,0.6553892661454765,0.0974870424093365,0.1333333333333333,0.09322146054532486,0.13333333333333333,0.003580804395388516,1.2286773733690846,2.8664207676356788,0,1.887857038753926,0.00339009241202365,1.234134370720803,2.88785750022598,0,,0,1
S2_N60,3500718,2.2297836331386613,1.5611857283150463,3.1847172059272855,1.0374607024523564e-05,-2.091261300043051,0.43509589246101477,1.1590477926837184e-05,60,0.0014237372245040248,0.00016923812472533387,True,0.0014831891680513083,0.0025183987669572766,True,0.604839985429805,0.9467248584711274,0.0014872871456059992,0.0,0.0002343935373214505,0.0,1.0374607024523564e-05,1.5611857283150463,3.1847172059272855,0,2.459573338843398,6.945690686748828e-06,1.6612902292758438,3.6414474139092707,0,,0,1
S2_N60,3500719,2.593818689224169,1.6989433920071528,3.9600468292355333,1.010018132757487e-05,-1.366666666666665,0.39556714473524734,0.001045782956764274,60,0.00011782039360925652,0.00022994981005739122,True,0.004514427219590513,0.0012741009677400877,True,0.7311382389690295,0.8933805532820943,0.09573253089780445,0.1166666666666667,0.1262042172894083,0.11666666666666667,1.010018132757487e-05,1.6989433920071528,3.9600468292355333,0,2.530384184576855,3.523735439182288e-05,1.6298815016694963,3.928410816981607,0,,0,1
S2_N60,3500720,3.7057337273318205,2.4923436580691725,5.509859129347825,9.647074211121772e-11,-1.759935171068715,0.46320274918831505,0.0003545569990850019,60,0.0007992156321457158,0.0002364932305942253,True,0.0068280855316605665,0.002477754889388607,True,0.31440286716193133,0.29038103713602004,0.17816625002160458,-0.16666666666666663,0.14422227537917792,-0.16666666666666666,9.647074211121772e-11,2.4923436580691725,5.509859129347825,0,3.8898007252042195,2.8526142317683044e-10,2.550288830372221,5.932876896767389,0,,0,1
S2_N60,3500721,2.883925222376396,1.907813352679078,4.359454071636216,5.059925375010455e-07,-0.984831181000908,0.3918879576828161,0.014821639323216063,60,0.0028547402723963803,0.00019429893701399092,True,0.19009727480315353,0.17244747693944995,True,0.29047097285768364,0.24333647448741968,0.020423486358802208,0.033333333333333326,0.015607878351443505,0.03333333333333333,5.059925375010455e-07,1.907813352679078,4.359454071636216,0,3.0174851444980746,5.698949644310337e-07,1.957360926118356,4.651782139803479,0,,0,1
S2_N60,3500722,3.1111142553782893,1.9325550242869813,5.00841207022765,2.9826515795345753e-06,-0.9776943412129789,0.3846299626749134,0.013768139202093603,60,0.0003888275933051229,0.00014080855471022404,True,0.7107211489658823,0.7387404236862047,True,0.7695588135686234,0.8878015497229546,0.00534983531148295,-0.016666666666666607,0.0018344639998889984,-0.016666666666666666,2.9826515795345753e-06,1.9325550242869813,5.00841207022765,0,3.119241964530215,7.943320288866143e-06,1.8934911197262372,5.138482209883847,0,,0,1
S2_N60,3500723,3.3959646889201314,1.9177385821823447,6.01363307571806,2.749173906157028e-05,-0.8976577450742569,0.4535735693247648,0.05264512367571076,60,0.0005576099434072867,0.0011017978404718014,True,0.29904179390621743,0.3279310742868524,True,0.8817719315635061,0.526483798200674,0.167580393346483,0.14999999999999997,0.18021272939109378,0.15,2.749173906157028e-05,1.9177385821823447,6.01363307571806,0,3.476791388956377,4.189662746266998e-05,1.91544298002901,6.31085262696681,0,,0,1
S2_N60,3500724,2.9752645174107535,1.8465877177197005,4.7938144847485376,7.458259383218421e-06,-1.5560549139650295,0.4202391867906889,0.0004828737730414524,60,0.027008920812739298,0.005115518156975159,True,0.3818200999628589,0.1999461513674481,True,0.6106315760213421,0.5329000990005165,0.006838131998901667,0.0,0.00713729189831521,0.0,7.458259383218421e-06,1.8465877177197005,4.7938144847485376,0,3.1431324803153253,2.7298777033149506e-06,1.9476936822744224,5.072297496635416,0,,0,1
S2_N60,3500725,2.478299462495697,1.7077575882254734,3.5965105751270974,1.7817785691338438e-06,-1.1574543025444812,0.391832004571346,0.0045526737815904765,60,0.0007408214611787972,0.00447859584036935,True,0.11082182300708826,0.11453320573191991,True,0.005506661843377544,0.01775439286399418,0.04144240947378045,0.08333333333333326,0.05164985455623694,0.08333333333333333,1.7817785691338438e-06,1.7077575882254734,3.5965105751270974,0,2.6447609915783894,7.874760184816177e-07,1.797836749527586,3.8906539786844965,0,,0,1
S2_N60,3500726,4.471333740457692,2.934492897470964,6.813042701785308,3.170368732130201e-12,-1.090575673166202,0.45247010472690935,0.019189812141886062,60,0.001271535566916738,0.0007685546982414027,True,0.04082731818688689,0.058255640183801284,True,0.5515077837417184,0.7548188007394896,0.017347301956660066,0.033333333333333326,0.02611787677947958,0.03333333333333333,3.170368732130201e-12,2.934492897470964,6.813042701785308,0,4.704452753398634,2.7962259251718444e-08,2.898637078420198,7.635269649218109,1,0.0,0,1
S2_N60,3500727,3.0180467111201117,1.9900203059437795,4.577142214728864,2.0089735943550012e-07,-0.3106850923542433,0.36503752362935765,0.39827272829480626,60,4.7803863543143144e-05,7.643634706652412e-05,True,0.06407046766809939,0.11789973486532879,True,0.4543985749472891,0.5373543608703581,0.10596682422280197,0.11666666666666659,0.10999732974545201,0.11666666666666667,2.0089735943550012e-07,1.9900203059437795,4.577142214728864,0,2.991456202930313,4.399988692572477e-06,1.8738945357010375,4.775514333149186,0,,0,1
S2_N60,3500728,2.0110903648363956,1.2979415681864335,3.11607591179085,0.0017649496820171455,-1.1694297725557823,0.37703203178345274,0.002990839097892949,60,0.0073170153676032105,0.005730970730899635,True,0.00622260593654701,0.009285463537528165,True,0.9567129354687722,0.5136055200844607,0.018623830081220975,-0.03333333333333338,0.0038150747913085485,-0.03333333333333333,0.0017649496820171455,1.2979415681864335,3.11607591179085,0,2.1250129737155685,0.0017018076950727312,1.3270467811012028,3.402804032810589,0,,0,1
S2_N60,3500729,3.0276438991816077,1.9404776954127863,4.723902574052337,1.056664602024885e-06,-1.421498085012872,0.34999373948166995,0.00015063835747664448,60,0.016770673676097393,0.01131486967313288,True,0.6341121882537324,0.6248696519233844,True,0.6210824232810163,1.0,0.0068381319989016635,0.0,0.010093116271481574,0.0,1.056664602024885e-06,1.9404776954127863,4.723902574052337,0,3.3647133917691745,9.983410814022624e-08,2.153123365041344,5.258080606325793,0,,0,1
S2_N60,3500730,5.277798008815501,3.434052001578146,8.111453119829232,3.2876699088245176e-14,-1.2248748133761398,0.4075573169235532,0.0039381762215623005,60,0.003151955342184837,0.00638962916138513,True,0.38101846038963805,0.4954014319941278,True,0.9807428593961683,0.7947861824609754,0.23088657196754275,0.18333333333333324,0.24268844921715196,0.18333333333333332,3.2876699088245176e-14,3.434052001578146,8.111453119829232,0,5.689981749468398,2.415787304655172e-13,3.5729189254114453,9.061468503810273,0,,0,1
S2_N60,3500731,2.4734282117053406,1.700136228421229,3.598445239968212,2.1958193548923047e-06,-1.8796159754224266,0.3778436171400776,6.353899674370383e-06,60,0.11534801826492438,0.12257607896821257,True,0.005243654646002928,0.003221424881132908,True,0.8015303637267884,0.8759111138977019,0.08409880846816128,-0.11666666666666664,0.0717554886520022,-0.11666666666666667,2.1958193548923047e-06,1.700136228421229,3.598445239968212,0,2.8239590146187505,2.83924846552654e-07,1.899904728942516,4.19744442695568,0,,0,1
S2_N60,3500732,3.7601756374863404,2.2443030518291054,6.299916053325595,4.901345095367627e-07,-0.9999999999999971,0.47638774904068776,0.04024570053891992,60,0.013557140050851478,0.007637463471068456,True,0.03303212553461712,0.03649882159501588,True,0.9394942252334915,0.8001444630433971,0.059133412155108714,-0.08333333333333331,0.07930781143846585,-0.08333333333333333,4.901345095367627e-07,2.2443030518291054,6.299916053325595,0,4.303832735037135,7.252285751209786e-08,2.530139263283794,7.320931491785473,0,,0,1
S2_N60,3500733,4.679476826147113,3.071072652969555,7.130245956660843,6.891086494061684e-13,-1.1542195540308733,0.37802159674104935,0.003436294665012734,60,0.0005455972469890881,0.0010636046800079728,True,0.7341426065740939,0.8238202849958763,False,0.5318689177540656,0.7044120621390126,0.004918546558074007,-0.01666666666666672,0.005019462966991282,-0.016666666666666666,6.891086494061684e-13,3.071072652969555,7.130245956660843,0,5.003995154655661,4.364214622712307e-12,3.172392983588379,7.893085011017126,0,,0,1
S2_N60,3500734,3.862897711822606,2.5552672670917467,5.839693923284837,1.4614866146624922e-10,-2.222809990219174,0.44333793392878834,5.517252426949878e-06,60,0.00160516221321822,0.0013348972775821565,True,0.5307480023782103,0.6456171051880888,True,0.7858966362177593,0.8294695641412473,0.025033608576917415,-0.06666666666666665,0.016730987998137544,-0.06666666666666667,1.4614866146624922e-10,2.5552672670917467,5.839693923284837,0,4.192702377359883,5.151487970073738e-10,2.6678770068486286,6.589041841131848,0,,0,1
S2_N60,3500735,2.8163364159041873,1.891957897430248,4.1923505900006255,3.3734634130166936e-07,-1.6109683198957578,0.4446916244494435,0.0006217910702627934,60,0.003879530910014848,0.004521044217635088,True,0.016240036430443573,0.019281725577683404,True,0.03982435536481071,0.09986786419731,0.1612524299155085,0.16666666666666663,0.1551727129330846,0.16666666666666666,3.3734634130166936e-07,1.891957897430248,4.1923505900006255,0,3.510514185107894,2.533344054759661e-07,2.1778406777584234,5.658682919141777,0,,0,1
S2_N60,3500736,1.7017721174608034,1.148744529616181,2.5210377634918086,0.008012696936037629,-0.4364356435643563,0.4862220582222302,0.3731716629134675,60,0.0004676139100277573,0.00013635853179151536,True,0.39902544085083036,0.6616703333531976,True,0.020341083422200888,0.023164697789449167,0.007120196234081351,0.01666666666666672,0.003772151754745098,0.016666666666666666,0.008012696936037629,1.148744529616181,2.5210377634918086,0,1.8018005602044718,0.004498669681044688,1.200306316063487,2.7047139678480487,0,,0,1
S2_N60,3500737,3.202212844320537,2.1817981218283378,4.699869799016269,2.763014452421106e-09,-1.3625385778495829,0.5156899036217739,0.010615515915437405,60,0.010371297178751468,0.002272569568106032,True,0.37621960215742567,0.33756219993418846,True,0.4262900749687146,0.4179896943600594,0.04697607859514469,-0.09999999999999998,0.049040513709165096,-0.1,2.763014452421106e-09,2.1817981218283378,4.699869799016269,0,3.310259652171617,9.732328739343252e-09,2.1989070663931702,4.983302447051243,0,,0,1
S2_N60,3500738,2.3099709770017767,1.6084671500068757,3.3174229977701026,5.798769142750803e-06,-0.9802326663564456,0.4343272608402649,0.027864750674279036,60,0.0030424317968650054,0.0007797242368267468,True,0.006602763254161745,0.004475082441658397,True,0.6126462218391002,0.3309935827726821,0.006232216893243611,0.033333333333333326,0.008888955299185571,0.03333333333333333,5.798769142750803e-06,1.6084671500068757,3.3174229977701026,0,2.4521302399425435,1.4858090334071114e-05,1.6339901176805045,3.679913757481115,0,,0,1
S2_N60,3500739,2.203012011270735,1.4707829239688428,3.2997812543994036,0.00012738218753351248,-1.1655054130482063,0.3853532659155936,0.003730350917411548,60,0.023819958700469417,0.03216130199007486,True,0.13246810608896972,0.3738994485790733,True,0.3350307051340782,0.5824383031183874,0.0025838750038223793,0.0,0.0012910097575818788,0.0,0.00012738218753351248,1.4707829239688428,3.2997812543994036,0,2.7189706183064066,3.095553294223296e-05,1.6984290504143056,4.35272890640334,0,,0,1
S2_N60,3500740,3.1780921415930674,2.072966858118253,4.872373921898676,1.1348299280014685e-07,-1.4763812790162707,0.4676420357874014,0.002547102915432801,60,0.23385216208501836,0.49558191332837076,True,0.005699772786160118,0.02199773040343257,True,0.09725710803593206,0.18854204291542054,0.06256949993389505,0.09999999999999998,0.06084091598504098,0.1,1.1348299280014685e-07,2.072966858118253,4.872373921898676,0,3.256984579635134,1.1466599401856422e-06,2.0239610439079887,5.2411821778439815,0,,0,1
S2_N60,3500741,2.960440505714694,1.9628446469773926,4.46505432886519,2.2615921122433853e-07,-1.638297872340424,0.45362478231427455,0.0006438014920490215,60,0.0442678565201807,0.04566150221272542,True,0.02735114984750102,0.016445338453984954,True,0.06105548442829803,0.0700213645152345,0.040369828563548565,0.08333333333333326,0.07490517222497148,0.08333333333333333,2.2615921122433853e-07,1.9628446469773926,4.46505432886519,0,3.0946081193691315,1.3327514805174278e-06,1.9575861481672712,4.892044940873302,0,,0,1
S2_N60,3500742,2.4701593154122703,1.57361989119682,3.8774846947806205,8.470437974599631e-05,-1.646132339235788,0.4707652584211018,0.0009199052386542106,60,0.1942093539903853,0.4281150807814873,True,0.10240264917150631,0.19958190486604,True,0.6377568973258023,0.704850932508919,0.05439210735908763,-0.08333333333333331,0.04681019675008055,-0.08333333333333333,8.470437974599631e-05,1.57361989119682,3.8774846947806205,0,2.6687842202953918,1.9590160176621614e-05,1.7006298439544119,4.188100802662739,0,,0,1
S2_N60,3500743,3.387177428245205,2.167450673124259,5.293301975761301,8.509594922089278e-08,-1.219045990767651,0.5053711094209492,0.01909913846212591,60,0.0050876235732982686,0.017998253776177406,True,0.18196265372078468,0.35063780901801067,True,0.9481475284278393,0.9703883035765173,0.0026806623580617433,0.0,0.0012910097575818788,0.0,8.509594922089278e-08,2.167450673124259,5.293301975761301,0,3.6991625155348267,1.2624896617345937e-08,2.357504281377836,5.804359900606623,0,,0,1
S2_N60,3500744,2.698283974628829,1.8060032971335696,4.031408148199121,1.2625407655147982e-06,-2.152991526149104,0.47358358180370064,2.8957218207663406e-05,60,0.03755641420706629,0.0363384091244977,True,7.428404217297194e-05,7.382826619497738e-05,True,0.854992030015111,1.0,0.0732999401025865,0.09999999999999998,0.07770142707425619,0.1,1.2625407655147982e-06,1.8060032971335696,4.031408148199121,0,2.9016144874765186,5.526181940245925e-06,1.8326450532488112,4.594106545077147,0,,0,1
S2_N60,3500745,2.3420673531936482,1.5507227637328322,3.5372405791552155,5.2220112973993704e-05,-1.7914714531994729,0.4765003964622677,0.0004028751916237651,60,0.0018739868471935636,0.0033412939740722794,True,0.08162985236883176,0.15230474824358123,True,0.40255104418280463,0.7548721542552884,0.022202382098545297,-0.050000000000000044,0.03394444614884941,-0.05,5.2220112973993704e-05,1.5507227637328322,3.5372405791552155,0,2.6049415377999443,7.702892003724831e-06,1.7124441656638447,3.9625936724920847,0,,0,1
S2_N60,3500746,5.0260560450034335,3.289868273610889,7.678495692409398,8.174703818286558e-14,-1.4091198208286664,0.5141844874632505,0.00817773746785336,60,0.0011744477693312896,0.0018301317557994482,True,0.07425971906585312,0.08846533101743992,True,0.2978372638445088,0.24923321717279256,0.006860050436297808,-0.016666666666666607,0.011589374014260653,-0.016666666666666666,8.174703818286558e-14,3.289868273610889,7.678495692409398,0,4.942453403090408,2.523707979541911e-12,3.160073341344384,7.730151487980233,0,,0,1
S2_N60,3500747,4.059056599316655,2.6214059648687744,6.2851541109088975,3.388377756732233e-10,-2.2833577267697143,0.42894650361825487,1.7900969339832827e-06,60,0.00924129304973752,0.01337175300153668,True,0.7537268700783034,0.36200569532603033,False,0.2034510238993643,0.22912667383109964,0.007100687603173741,0.01666666666666672,0.009738868887544626,0.016666666666666666,3.388377756732233e-10,2.6214059648687744,6.2851541109088975,0,4.0971009359037485,2.4415726739717524e-09,2.5777538209327466,6.5119624467899575,0,,0,1
S2_N60,3500748,3.3846613789278015,2.1786329359750147,5.258312431083538,5.8193745985643304e-08,-0.8121364901383441,0.47233550980822675,0.09096700289426418,60,0.0073170153676032105,0.03156761506608017,True,0.18635871330870957,0.22365671060765258,True,0.3648460427975577,0.43468386786175917,0.09266954928062897,0.1166666666666667,0.12099949335753275,0.11666666666666667,5.8193745985643304e-08,2.1786329359750147,5.258312431083538,0,3.6224447287654167,1.0928928251742815e-07,2.252638079046722,5.825217079928526,0,,0,1
S2_N60,3500749,2.865380158190469,1.8926393625005566,4.338070745873131,6.526316883832052e-07,-2.182797651473882,0.4130297421260327,2.0602077747153056e-06,60,0.03885301388460973,0.010124834242817177,True,0.04429268122468882,0.0984167395565554,True,0.7892930170932781,0.9229950280260183,0.010985155561488132,-0.01666666666666672,0.009738868887544626,-0.016666666666666666,6.526316883832052e-07,1.8926393625005566,4.338070745873131,0,3.3363645908339468,8.289789811402548e-08,2.1476123499743984,5.183118211768182,0,,0,1
S2_N60,3500750,2.9157130468488006,1.8817200847417608,4.517878424373096,1.6733247831487552e-06,-0.594675435663063,0.38101407921893765,0.12411347294203202,60,0.16803271703943345,0.13045128948607787,True,0.000195643373635051,0.0002814692722282292,True,0.9090482609542799,0.9349207635952318,0.03727552243203128,-0.06666666666666665,0.04388585412165995,-0.06666666666666667,1.6733247831487552e-06,1.8817200847417608,4.517878424373096,0,3.1610317316503305,1.191812635467947e-06,1.9866928578688103,5.029525106975599,0,,0,1
S2_N60,3500751,2.5037155732612777,1.622103605155141,3.864482917040004,3.40970481560902e-05,-1.3805252019176777,0.4846110447282097,0.006096319668714295,60,0.0010274226516444078,0.0010100238978387114,True,0.9520764946738601,0.9645261421832564,True,0.9452082624626842,0.858473919259008,0.0568383501050418,0.09999999999999998,0.06084091598504098,0.1,3.40970481560902e-05,1.622103605155141,3.864482917040004,0,2.534716758838629,3.5147403240319656e-05,1.6314513295912554,3.938081958685874,0,,0,1
S2_N60,3500752,2.517649079377037,1.6336367994924763,3.880028222220048,2.8632421937423907e-05,-1.290405619391776,0.3738340338739051,0.0010558838492756857,60,0.0005078130263857847,0.00019012618254527842,True,0.1497238361631685,0.37744768373992066,True,0.8946789312939878,0.9290125063130298,0.04513227715368715,0.08333333333333326,0.02747181859148359,0.08333333333333333,2.8632421937423907e-05,1.6336367994924763,3.880028222220048,0,3.0863248979047015,7.82737498733964e-06,1.882906345716634,5.058882188748001,0,,0,1
S2_N60,3500753,2.1698413054813255,1.3732303239893564,3.428566358260375,0.0009041769979743794,-1.474428808216061,0.3665115920982382,0.00017118687591218256,60,0.00018545633709757576,0.0004965264095906647,True,0.19807883797805603,0.11617360255628373,True,0.9454365025882913,0.9881565209556875,0.02388308960049723,0.050000000000000044,0.014962499607782146,0.05,0.0009041769979743794,1.3732303239893564,3.428566358260375,0,2.1827104447553767,0.0011916856755737142,1.361390607655785,3.4995282462304202,0,,0,1
S2_N60,3500754,3.429604028575158,2.1512708941052465,5.467551215910939,2.2273469790842725e-07,-1.508067258643493,0.4495130627577638,0.0014172135601157288,60,0.0006871043843566174,0.0003293927181759132,True,0.23264877636968118,0.31705721494496863,True,0.757559355575019,0.552791100494435,0.6438228078409718,-0.28333333333333327,0.6403301523176179,-0.2833333333333333,2.2273469790842725e-07,2.1512708941052465,5.467551215910939,0,4.197075549897322,1.610851677531859e-08,2.551659924426676,6.903523076455364,0,,0,1
S2_N60,3500755,2.4390786027617066,1.5258261717311257,3.8989398272677707,0.00019497773243434696,-1.8455693779904299,0.4291426675076452,6.743961728863293e-05,60,0.004302368478614233,0.018816433094628413,True,0.013549718700478127,0.01888776143831698,True,0.7571722789759062,0.789281864034821,0.012387725964407705,-0.01666666666666672,0.009738868887544626,-0.016666666666666666,0.00019497773243434696,1.5258261717311257,3.8989398272677707,0,2.597126846727026,8.60531194472384e-05,1.6129234007044138,4.181889763050425,0,,0,1
S2_N60,3500756,2.715581600318217,1.7567060495874596,4.197847118314775,6.94586024136259e-06,-1.8047225186766254,0.48461684650612963,0.00045136233368488703,60,0.0010336185754075285,0.0016064036433831323,True,0.07332230783180771,0.08394702600662234,True,0.491824257220965,0.7270020646767837,0.022007404506699114,-0.033333333333333326,0.008888955299185534,-0.03333333333333333,6.94586024136259e-06,1.7567060495874596,4.197847118314775,0,2.862943093015342,1.697350902034812e-05,1.7728087891746356,4.623421997845725,0,,0,1
S2_N60,3500757,3.338232649861943,2.1761582040776766,5.120858034918182,3.357609861658428e-08,-1.148658932714618,0.36413106887623553,0.0025661288014813917,60,0.015413847656009928,0.008895675243949651,True,0.33250826353891405,0.17020433015181313,True,0.44220986201720713,0.5519438680792772,0.04914156240732617,-0.09999999999999998,0.03702976749185184,-0.1,3.357609861658428e-08,2.1761582040776766,5.120858034918182,0,3.451669111982323,7.14301578270658e-08,2.1993599237653134,5.417039534946143,0,,0,1
S2_N60,3500758,2.882574850718909,1.9317616585333337,4.301378347215891,2.169493646212371e-07,-1.2106713196804124,0.3951392998413452,0.003333703321091856,60,0.0019481945972208245,0.00285591793453602,True,0.060844150128662206,0.0868645502428568,True,0.40972936222771106,0.28560093247494933,0.3083460768233752,0.19999999999999996,0.2530920402579116,0.2,2.169493646212371e-07,1.9317616585333337,4.301378347215891,0,3.338039818283686,3.557856055438567e-08,2.1743572081919504,5.124507503398094,0,,0,1
S2_N60,3500759,2.875972277392591,1.6919050213704,4.888700273276127,9.515052121552984e-05,-1.5902238465052518,0.4141910051283754,0.00031181939684708115,60,0.0012690532369809655,0.0005918191078521949,True,0.2133429993209096,0.37377935845983756,True,0.29297486539904916,0.25449058328396423,0.00615005236756129,0.01666666666666672,0.005019462966991282,0.016666666666666666,9.515052121552984e-05,1.6919050213704,4.888700273276127,0,3.411365640397971,8.877030051371842e-06,1.985306147875663,5.861773784834264,0,,0,1
S2_N60,3500760,2.5942885601398102,1.7261721736137827,3.8989929487637247,4.513198861479859e-06,-1.9201491332364564,0.3737729418755736,3.5301202309680263e-06,60,0.004076512666509543,0.007184744632929809,True,0.06706894216950228,0.12511209238137352,True,0.7753430984152363,0.7599221590487754,0.005040072538851686,0.0,0.0026791236098298488,0.0,4.513198861479859e-06,1.7261721736137827,3.8989929487637247,0,2.971701610476821,3.383562604055915e-07,1.9554736040762672,4.516046876471213,0,,0,1
S2_N60,3500761,2.8217256031051465,1.7742116762501468,4.487703178713901,1.1765165310981877e-05,-1.722302461899179,0.40032884093978666,6.70681650824824e-05,60,0.008228144546269507,0.010340406052470172,True,0.2889322154614018,0.35789442206039634,True,0.4943469511795543,0.7777257742673249,0.005556127062635935,0.0,0.004642323723723184,0.0,1.1765165310981877e-05,1.7742116762501468,4.487703178713901,0,3.2218160535983635,3.4630896444830906e-07,2.0544399933810884,5.052519770188622,0,,0,1
S2_N60,3500762,4.0169485765628945,2.7625071530517173,5.8410259133358275,3.347510689242922e-13,-1.8197169013001,0.40704973693490426,3.76502093341235e-05,60,0.04771341844697143,0.05410859102264197,True,0.2387835772932856,0.09987370327377239,True,0.18133022639021867,0.18605721830958322,0.018149066674460455,0.033333333333333326,0.023379135782926795,0.03333333333333333,3.347510689242922e-13,2.7625071530517173,5.8410259133358275,0,3.9292428781720923,2.7460929527176484e-11,2.626632857348098,5.877848345829947,0,,0,1
S2_N60,3500763,2.177211905249246,1.4292394394249943,3.3166252970643804,0.0002911790141215182,-1.7858973105134484,0.3848874196239357,2.0858032598529452e-05,60,0.0003271758611511557,0.0015281321940677434,True,0.07790710772404133,0.1264580762061361,True,0.7646843347703269,0.800879357809663,0.020790080478413468,0.04999999999999993,0.020919425857346574,0.05,0.0002911790141215182,1.4292394394249943,3.3166252970643804,0,2.318744521975932,0.00016487587245726576,1.497058424468764,3.5914270747992276,0,,0,1
S2_N60,3500764,2.536760511864274,1.6820269317061536,3.8258328527632055,8.979356335738052e-06,-1.3978398088771549,0.43991466509185434,0.002399534820962757,60,0.0002399906342324889,2.427602509666251e-05,True,0.5160347211183531,0.4586468751169753,True,0.46779177628640145,0.6885816005849941,0.016531263198366525,0.033333333333333326,0.023379135782926795,0.03333333333333333,8.979356335738052e-06,1.6820269317061536,3.8258328527632055,0,2.6297425774163083,8.127845533754695e-06,1.719708078078444,4.02134880427114,0,,0,1
S2_N60,3500765,3.7375614556688026,2.457833889773249,5.683608519284378,7.047889615389826e-10,-1.1124766829590815,0.43650969516728066,0.013534791129310242,60,0.0007690902778302285,0.00020082695614674512,True,0.05417662757167155,0.04471970797061783,True,0.03110448789970306,0.03501426598548,0.0919455555805226,0.11666666666666664,0.09815082970930404,0.11666666666666667,7.047889615389826e-10,2.457833889773249,5.683608519284378,0,4.293871824391758,3.859781803022388e-11,2.7872873965238223,6.614795183051307,0,,0,1
S2_N60,3500766,2.4130918303118216,1.5725893447154202,3.7028180313477863,5.524572372604812e-05,-1.023453414450751,0.49243923787944577,0.0421917733604303,60,0.2841757064368311,0.3941346500605608,True,0.0008595689002923006,0.0018951089840528324,True,0.9653683067226079,0.9762570718521042,0.02076052054971153,-0.04999999999999993,0.005349123154234521,-0.05,5.524572372604812e-05,1.5725893447154202,3.7028180313477863,0,2.4161920653014435,0.00010271343795324798,1.5480971959443326,3.771070777545404,0,,0,1
S2_N60,3500767,2.89824676384136,1.8108488099835571,4.6386171268451655,9.226946718826829e-06,-1.5460503963759928,0.40131935622536086,0.0002989156545731663,60,0.002028497325801856,0.005096975752894492,True,0.06907401658112677,0.014920483280020153,True,0.46516522914977787,0.44882842298418923,0.013121081836682513,0.050000000000000044,0.009676838605003346,0.05,9.226946718826829e-06,1.8108488099835571,4.6386171268451655,0,3.950161311672507,1.1009694499976216e-06,2.273186430205952,6.864273946427064,0,,0,1
S2_N60,3500768,2.3878803248472793,1.5553899983007355,3.6659438803272217,6.903769553844564e-05,-1.0999999999999994,0.4664424122336886,0.021813259850096023,60,0.002940547972996931,0.00144317374947015,True,0.12728869225659978,0.10793798966511178,True,0.49294756652390825,0.3611392986092715,0.019814518412996324,-0.033333333333333326,0.02337913578292671,-0.03333333333333333,6.903769553844564e-05,1.5553899983007355,3.6659438803272217,0,2.5754548372772113,5.0289983640928704e-05,1.6301750340247236,4.068868361011832,0,,0,1
S2_N60,3500769,3.6337088604147145,2.4512280148837196,5.386622542694283,1.3285248762583204e-10,-2.1913088274921924,0.4672728808119969,1.7525717969678728e-05,60,6.298352047246885e-05,1.083261568523736e-06,True,0.786797258502885,0.789560922208858,False,0.38487198400592226,0.596892735930181,0.017801981650862084,0.04999999999999993,0.009676838605003346,0.05,1.3285248762583204e-10,2.4512280148837196,5.386622542694283,0,3.8084192504979493,2.2659131719458423e-10,2.519256986344831,5.757275762726842,0,,0,1
S2_N60,3500770,2.150757962174292,1.4506361946456277,3.188780087612614,0.00013820762587778086,-1.094300159290813,0.43889900132611087,0.015584201368013063,60,0.0007005611838052875,6.773590060780272e-05,True,0.20950924913652447,0.3464640926889986,True,0.18148167200398035,0.12624044005066037,0.006897754142539507,0.0,0.00713729189831521,0.0,0.00013820762587778086,1.4506361946456277,3.188780087612614,0,2.533384471832756,8.05960149471903e-05,1.5959245634557826,4.021516448262344,0,,0,1
S2_N60,3500771,2.3612194247335982,1.6202969843978305,3.44094769380275,7.754637931275105e-06,-2.442433471466375,0.47174991885554357,3.0501946848193263e-06,60,0.007896149480555748,0.0020661978781957285,True,0.6734272947022665,0.6565127011712244,True,0.03204425700042591,0.008522835330925554,0.0198334792601683,-0.033333333333333326,0.006984090312687173,-0.03333333333333333,7.754637931275105e-06,1.6202969843978305,3.44094769380275,0,2.5586784067815476,8.931023445449805e-06,1.690312935534683,3.8731497888343673,0,,0,1
S2_N60,3500772,2.207683411548616,1.4420378371309683,3.3798461594626543,0.0002678192015495432,-1.2539092120094273,0.426083556188147,0.004696232526816588,60,0.055599097822605956,0.05489446583073353,True,0.03398486074891771,0.031482086325607034,True,0.9908982933324653,0.9584998536573999,0.023942605207945906,0.04999999999999993,0.005349123154234521,0.05,0.0002678192015495432,1.4420378371309683,3.3798461594626543,0,2.3208605418719688,0.00017472072312676003,1.4951800443853858,3.6025050461614474,0,,0,1
S2_N60,3500773,3.7775332719636165,2.5979730424601684,5.492650380728856,3.4333455755620005e-12,-1.3499044547951735,0.40188761208420426,0.0014001473420065893,60,0.006611368708381968,0.0025220394803774295,True,0.018501739543047107,0.08039827188978074,True,0.5232184930948858,0.4491206789466654,0.03364309562639852,-0.050000000000000044,0.03394444614884941,-0.05,3.4333455755620005e-12,2.5979730424601684,5.492650380728856,0,4.152975260881835,3.1853799148597216e-12,2.782653005331287,6.198115066611833,0,,0,1
S2_N60,3500774,2.220981650753585,1.4886834781277893,3.313504559873061,9.255577947239879e-05,-1.8467903171234366,0.38267715490942056,1.0812540226033401e-05,60,0.012860346623268085,0.009974339767096115,True,0.3501049612627569,0.30659137553931437,True,0.21674178448423653,0.27822233687794873,0.014849633118323859,0.06666666666666665,0.016730987998137537,0.06666666666666667,9.255577947239879e-05,1.4886834781277893,3.313504559873061,0,2.4453667020156638,3.461444516800282e-05,1.6015031817013698,3.7338785059260724,0,,0,1
S2_N60,3500775,3.8664194279438253,2.575037401491839,5.805429926618033,6.988733024110962e-11,-1.3666666666666651,0.39448550342071154,0.0010158696318695404,60,0.15126862329477003,0.11304731261889098,True,0.17291432389136308,0.22986290687648903,True,0.07610764191796834,0.08194332433664814,0.05681950827039738,0.09999999999999998,0.04304108204629445,0.1,6.988733024110962e-11,2.575037401491839,5.805429926618033,0,4.448262164546835,7.569999961786781e-13,2.957821588445109,6.689732863482377,0,,0,1
S2_N60,3500776,2.96263816973732,2.0070273108096126,4.3732463816069655,4.5978236254623304e-08,-0.966666666666665,0.37978026748871013,0.013647838789776986,60,0.004514427219590513,0.0016446890811775289,True,0.14403420326391958,0.173094878788829,True,0.3021143128057644,0.27187985790977043,0.04994577480918264,0.08333333333333326,0.05164985455623693,0.08333333333333333,4.5978236254623304e-08,2.0070273108096126,4.3732463816069655,0,2.970116407066077,2.0913920003745115e-07,1.9691075249716068,4.4799947994969465,0,,0,1
S2_N60,3500777,2.5576354307415943,1.6652863750820817,3.928152595533192,1.790673305138517e-05,-1.248702993092861,0.412904116593951,0.003733698388203442,60,0.0006325382883069454,0.0014170958032195384,True,0.9138560148434117,0.8356837896028472,True,0.37956971274692186,0.661243519272108,0.20119002007895026,0.16666666666666663,0.1744894542765114,0.16666666666666666,1.790673305138517e-05,1.6652863750820817,3.928152595533192,0,2.8174261154294276,1.0119114190496293e-05,1.7788143930441276,4.4624610341270365,0,,0,1
S2_N60,3500778,3.167361212297504,2.1514767527153027,4.6629260746161725,5.135432358926827e-09,-0.9042772473796385,0.4545277896432703,0.05145339587233256,60,0.012111532953293107,0.013937708322156961,True,0.013454734523352175,0.016329896994007397,True,0.6413698236380705,0.6882089916179926,0.0038858970444986874,0.0,0.0026791236098298488,0.0,5.135432358926827e-09,2.1514767527153027,4.6629260746161725,0,3.6965695021005964,2.984951210388438e-09,2.399985068937228,5.69362962325065,0,,0,1
S2_N60,3500779,2.4222008478338664,1.5855531506607539,3.7003218370838598,4.2776917590442836e-05,-2.0913127173373067,0.4164576758394932,5.36300765398164e-06,60,0.31619871874101835,0.3317640899226293,True,0.0977875614069876,0.07410812861664312,True,0.8286842359023262,0.9822236447058317,0.12762511605281537,-0.1333333333333333,0.12328005600596365,-0.13333333333333333,4.2776917590442836e-05,1.5855531506607539,3.7003218370838598,0,2.590070976118739,5.155187019721867e-06,1.7202831864131898,3.8996298483390466,0,,0,1
S2_N60,3500780,3.058732961974562,2.0244908759095313,4.621333414736398,1.0977534975818804e-07,-1.6219604395604397,0.5000043250743308,0.0019740630858867698,60,0.06494709353431007,0.0923484551064299,True,0.002177842663630071,0.004257270117292352,True,0.28292244626531526,0.33791490888529385,0.010968389883527932,0.016666666666666607,0.008017003245231026,0.016666666666666666,1.0977534975818804e-07,2.0244908759095313,4.621333414736398,0,3.152057492180119,6.571703515765695e-08,2.078309027110715,4.780552990149497,0,,0,1
S2_N60,3500781,2.9002919942447924,1.8768318693075041,4.481857852820937,1.625216147629904e-06,-1.8000000000000007,0.4549222656660964,0.00021281773427004653,60,0.0029483862513376537,0.0020640480428526214,True,0.16266450114675168,0.1606966524889436,True,0.5501671690733659,0.527786047442382,0.011207441174526007,0.033333333333333326,0.005285535552518436,0.03333333333333333,1.625216147629904e-06,1.8768318693075041,4.481857852820937,0,3.186016105343154,3.261259369380846e-07,2.042384437259591,4.970023487412517,0,,0,1
S2_N60,3500782,1.6699637703790788,1.1847151146074215,2.353965911292374,0.0034149506170217704,-1.1437422552664216,0.408372503292578,0.0069502182341047375,60,0.00047696116381312667,0.00041315419503432386,True,0.11421924453799667,0.11455849919520147,True,0.32282480198713814,0.3574774784089306,0.038408484465570415,0.08333333333333326,0.014203806240551543,0.08333333333333333,0.0034149506170217704,1.1847151146074215,2.353965911292374,0,1.6314296147614589,0.011464794931620788,1.1162896207686228,2.384293948812405,0,,0,1
S2_N60,3500783,2.6465170543300625,1.7046399222133664,4.108816429551617,1.448612216926631e-05,-1.62559352987216,0.49763189499527644,0.001845269144465433,60,0.015275291272476663,0.02391528295560273,True,0.002825632043166261,0.0007118533362288892,True,0.2734532459795196,0.34842944534827613,0.003916873779686962,0.016666666666666607,0.0018344639998889984,0.016666666666666666,1.448612216926631e-05,1.7046399222133664,4.108816429551617,0,2.5648263670383873,4.648255584044558e-05,1.6300404638090795,4.035687726231703,0,,0,1
S2_N60,3500784,4.044709640340819,2.7176415576794817,6.019806412084391,5.669057157505271e-12,-0.7000000000000006,0.4982848206227583,0.16550151823132747,60,0.009516664379459352,0.0010653228603547211,True,0.0052554726745665204,0.004250321637977196,True,0.7124438864098229,0.5377537700058939,0.1675543267890198,0.15000000000000002,0.14634916351764646,0.15,5.669057157505271e-12,2.7176415576794817,6.019806412084391,0,4.829119627568272,2.47719010164004e-11,3.0412827518787524,7.667947468205302,0,,0,1
S2_N60,3500785,2.2157618057869146,1.491672404122429,3.291339550437331,8.12343405837624e-05,-1.0420397893322109,0.4277872731219008,0.01800465313807371,60,0.014349059949050915,0.011439473856440141,True,0.06107427278018018,0.01551317191969335,True,0.07739545946245963,0.055505935683803125,0.040317436481876114,0.08333333333333326,0.046810196750080586,0.08333333333333333,8.12343405837624e-05,1.491672404122429,3.291339550437331,0,2.279865982849935,4.2494853994792685e-05,1.5365326423535552,3.3828040853038335,0,,0,1
S2_N60,3500786,1.6268109786186506,1.0492690540559018,2.522245319181189,0.02963647415113456,-2.141715241522629,0.3969976532215166,1.375752440586432e-06,60,0.0162227257969837,0.004930369401479209,True,0.9343773831527632,0.9940787607489373,False,0.893250852397054,0.9643620898988644,0.005060361202139024,0.0,0.010093116271481574,0.0,0.02963647415113456,1.0492690540559018,2.522245319181189,0,1.6464005159617596,0.036357613993269366,1.0321773496032132,2.626132669934254,0,,0,1
S2_N60,3500787,2.1549012748088243,1.36028458407409,3.413697073788036,0.001072291952654177,-1.806231938685765,0.4791702342556334,0.00039036768966001104,60,0.459067474274776,0.40688889667988526,True,0.0009686857199651499,0.0015940835945510126,True,0.7365240183461048,0.8469116452453945,0.011592292011799243,-0.016666666666666607,0.00270812550347756,-0.016666666666666666,0.001072291952654177,1.36028458407409,3.413697073788036,0,2.364279442588142,0.0006593996762466652,1.4409576900693297,3.8792376217347146,0,,0,1
S2_N60,3500788,2.6134343939265103,,,,-1.213701431492844,0.4226449784787192,0.005723220229652673,60,0.01520744745469731,0.013351102803763426,True,0.006934173024810362,0.020217018634519402,True,0.3295968657185302,0.4360110678333945,0.2539831565981354,-0.18333333333333335,0.21881069203437456,-0.18333333333333332,0.00010565904018634186,1.6458828578850697,4.149772445005294,1,2.6939863237253325,0.00013281384575937268,1.6588068966108651,4.375170085949832,1,0.0,0,1
S2_N60,3500789,4.108499328817056,2.7816643609507468,6.0682255457739185,1.2364417264267352e-12,-1.6666666666666676,0.46967361699668203,0.0007836118814309247,60,0.010381236766176208,0.027803628962892304,True,0.012093934770904355,0.0074765119379621384,True,0.0743962143036153,0.12262323788358846,0.5,0.25,0.5,0.25,1.2364417264267352e-12,2.7816643609507468,6.0682255457739185,0,4.970200291251213,9.004780094513468e-16,3.3620811946234053,7.347499808945177,0,,0,1
S2_N60,3500790,3.424293452487259,2.091529052471145,5.606322147374942,9.904210383138504e-07,-1.686799373329647,0.4573976344991011,0.0005063348365953592,60,7.916090711876306e-05,5.273209744482351e-05,True,0.20260934429585675,0.19480179836766987,True,0.15775378703610776,0.09180199342918612,0.01325134951093035,0.04999999999999999,0.012218683801636616,0.05,9.904210383138504e-07,2.091529052471145,5.606322147374942,0,4.434881045338674,1.2208488925781601e-08,2.6565872029068203,7.403547628620461,0,,0,1
S2_N60,3500791,3.5128513345995587,2.294666182688859,5.377742781103746,7.346505142100313e-09,-1.3543765953269156,0.41993893638157265,0.002086251586023234,60,0.032248019027099895,0.06068788724486365,True,0.0010485686144082323,0.002571510295873184,True,0.20059717093314167,0.20734944783025466,0.003460645680947503,0.0,0.0035906023090339777,0.0,7.346505142100313e-09,2.294666182688859,5.377742781103746,0,3.770643900470417,2.3794514627711907e-09,2.4387203081997972,5.830006572032835,0,,0,1
S2_N60,3500792,1.6056512360762856,1.0774005220298486,2.392903882259191,0.020008216869415115,-1.3309891221856827,0.485593344932933,0.008167661529623664,60,0.042070521398010846,0.018044903901793592,True,0.3249318644153043,0.2667305785551892,True,0.07348903450536055,0.07828352171998933,0.008565476101924955,0.050000000000000044,0.009676838605003346,0.05,0.020008216869415115,1.0774005220298486,2.392903882259191,0,1.8176141902381713,0.007308140227986787,1.1746132239043652,2.8126035679844734,0,,0,1
S2_N60,3500793,3.411379434912996,2.064772306373659,5.636219360858325,1.6668030201304418e-06,-1.4951710654936465,0.39440048310283865,0.0003643665649119597,60,0.00037176233061882505,0.0004312801150357701,True,0.0027421905232683373,0.006829541809328218,True,0.15368383406117872,0.15808583684331257,0.025586896859333016,0.050000000000000044,0.033944446148849415,0.05,1.6668030201304418e-06,2.064772306373659,5.636219360858325,0,3.588719021270365,1.5147634975507094e-06,2.1319670648286433,6.040855145509887,0,,0,1
S2_N60,3500794,2.8781779921266284,,,,-1.1470131885182324,0.40470811902538784,0.0063444245222769565,60,0.12780315936617886,0.08276798784766194,True,0.02517407056257738,0.010163716713446489,True,0.5211435486824695,0.6294107626692327,0.005661597371321158,-0.01666666666666672,0.005019462966991282,-0.016666666666666666,6.45606078233159e-05,1.7602072172043886,4.706212128546325,1,3.0799063109869698,0.00033613222240756643,1.7053539594907856,5.562377729072624,1,0.0,0,1
S2_N60,3500795,2.6716793204547256,1.7432321357218854,4.094618407427177,6.450431792784656e-06,-1.742905788876277,0.4465609030172694,0.0002536892111073426,60,0.00017134953676379354,5.8113508140010643e-05,True,0.5005029684994874,0.37694672695552034,True,0.6455875759408805,0.6664730388119382,0.06720703267124255,0.11666666666666659,0.0717554886520022,0.11666666666666667,6.450431792784656e-06,1.7432321357218854,4.094618407427177,0,2.9725986462202125,1.0677320747061992e-06,1.9189338537477638,4.604818813453349,0,,0,1
S2_N60,3500796,2.435421401515293,1.6841868970818747,3.5217453675928767,2.245073093672275e-06,-1.2941223624008793,0.38024737923279217,0.001223907464636726,60,0.04775900388356501,0.0454294775650769,True,0.02304177194107093,0.016038909732163598,True,0.7735742588233395,0.9466994933672442,0.0091768239574619,0.01666666666666672,0.011589374014260653,0.016666666666666666,2.245073093672275e-06,1.6841868970818747,3.5217453675928767,0,2.6884677234207937,6.906370283172062e-06,1.7469950659319504,4.1373091663654,0,,0,1
S2_N60,3500797,2.8353265278299027,1.905501182313483,4.218877738850663,2.751343308867292e-07,-0.6483043102383621,0.4247809466488206,0.13248808825148217,60,0.0019120468543358407,0.0013100846945434022,True,0.033973176355019105,0.08592603051365091,True,0.9917479594637593,0.9881478868954938,0.0719378550498238,0.1166666666666667,0.07869423055131809,0.11666666666666667,2.751343308867292e-07,1.905501182313483,4.218877738850663,0,3.1998638303098637,7.601502125998218e-08,2.094035377496325,4.889663585706676,0,,0,1
S2_N60,3500798,2.0680867279459663,1.369361680311408,3.1233404408787164,0.0005516207578121219,-1.3496116119521466,0.3754793891635833,0.0006794066598155304,60,0.015628259492619447,0.016108371047364258,True,0.005595226424583038,0.016917180719216926,True,0.6076320525535099,0.4535159353919045,0.015398165121890703,0.033333333333333326,0.008888955299185571,0.03333333333333333,0.0005516207578121219,1.369361680311408,3.1233404408787164,0,2.2816537374697807,0.00013348992317083354,1.494292823283614,3.483884615245684,0,,0,1
S2_N60,3500799,3.3114978447500305,1.9291694799699532,5.684320682885203,1.4020547488300021e-05,-1.633333333333336,0.3934674363402129,0.00011172141842785947,60,0.00012407893536029376,0.00010076048560995134,True,0.039926546929656644,0.022515268393675816,True,0.5509776728508826,0.5822847056623977,0.01048896785489509,-0.01666666666666672,0.009738868887544626,-0.016666666666666666,1.4020547488300021e-05,1.9291694799699532,5.684320682885203,0,3.475393277178575,2.1193704461373802e-05,1.9571469448006213,6.171411126356935,0,,0,1
S2_N60,3500800,3.116303854259488,2.1119832358747916,4.598213445595869,1.0242411580786262e-08,-1.2726419182435378,0.3862773138632484,0.0016978518457819883,60,0.051719902412115014,0.1382663967444083,True,0.08161694446541683,0.08960357802780897,True,0.7285629952575408,0.9169664808574147,0.2543462033262179,0.18333333333333335,0.255628441872469,0.18333333333333332,1.0242411580786262e-08,2.1119832358747916,4.598213445595869,0,2.9984429959045418,5.566709230483755e-07,1.9505987975070538,4.6091797099328895,0,,0,1
S2_N60,3500801,3.3808008035659043,2.2557999556853323,5.066856236336518,3.6203458111169453e-09,-0.38179640718562935,0.43750973442544633,0.386510838618901,60,0.20970914184742528,0.28282641246867946,True,0.410861300707851,0.2565727705507913,True,0.07145607766770415,0.08474743403094369,0.02076052054971154,-0.04999999999999993,0.009676838605003346,-0.05,3.6203458111169453e-09,2.2557999556853323,5.066856236336518,0,3.8734145418851966,3.5323385645441804e-09,2.471081729886748,6.071567780145954,0,,0,1
S2_N60,3500802,3.665113802027526,2.366759514778563,5.675717831885206,5.851650219590675e-09,-1.3655276321340324,0.3970454748164042,0.0010973178403472041,60,0.006822619090775537,0.001086904194585734,True,0.05851670129933791,0.13270900612439035,True,0.621715058359535,0.9112931600838124,0.019685872548682697,0.033333333333333326,0.008888955299185571,0.03333333333333333,5.851650219590675e-09,2.366759514778563,5.675717831885206,0,3.9004707342653164,6.033134274096546e-09,2.465516078994299,6.170583140169979,0,,0,1
S2_N60,3500803,3.7701831913537096,2.5930268727164867,5.481733122755874,3.670525227081643e-12,-1.6099422410473623,0.4055427611699982,0.00020384864417853939,60,0.00042332792296736197,9.452931627375771e-05,True,0.004059815149818123,0.020402726452290694,True,0.930591460030879,0.9585747954205823,0.13824947613863214,0.15000000000000002,0.12055709368106544,0.15,3.670525227081643e-12,2.5930268727164867,5.481733122755874,0,4.076661058919894,5.7478906276309544e-08,2.592380036357847,6.410775100962011,1,0.0,0,1
S2_N60,3500804,2.3424744208041415,1.581805813865005,3.468938073197642,2.147114836196802e-05,-0.9451055093445093,0.40637364507049506,0.023615545629412794,60,0.0018359449859413454,0.0011662648554293653,True,0.07336798474247068,0.18724705417469478,True,0.2006406682666918,0.33060059963718547,0.005383183059110074,-0.016666666666666607,0.0018344639998889984,-0.016666666666666666,2.147114836196802e-05,1.581805813865005,3.468938073197642,0,2.6886819298118234,3.5517048731371363e-06,1.7698801978948604,4.084463190387121,0,,0,1
S2_N60,3500805,2.8259856954134785,1.914449582647658,4.171535893693686,1.7088293216671885e-07,-1.2241902066804804,0.43043354208161105,0.006174456816653984,60,0.19133417255804552,0.1341766859536705,True,0.0015255019240574927,0.004517672095885266,True,0.26774398810178723,0.1857915753443905,0.009222585698720974,0.01666666666666672,0.001152223935722432,0.016666666666666666,1.7088293216671885e-07,1.914449582647658,4.171535893693686,0,3.3714294406346488,2.5257952488630445e-08,2.1985534366706534,5.17000691617976,0,,0,1
S2_N60,3500806,2.4894967412667643,1.7656045859991856,3.5101823329658584,1.962203608387004e-07,-1.1108378170637954,0.4548540076103301,0.017723298204846822,60,6.56206644797858e-05,5.107836013575756e-05,True,0.03492845584830245,0.015758501921480775,True,0.7039224779059817,0.4803931756315999,0.0056296704648093766,0.01666666666666672,0.001152223935722432,0.016666666666666666,1.962203608387004e-07,1.7656045859991856,3.5101823329658584,0,2.6766624870792177,1.2522850873769632e-07,1.857973891707713,3.8560940504669845,0,,0,1
S2_N60,3500807,1.8542259052474224,1.272842066474953,2.7011628529942833,0.001296228277187637,-1.8244757844101855,0.36088755876130607,4.745970461099493e-06,60,0.0007351547762013824,0.00038842404721622004,True,0.0007500259867337859,0.00043288073535731206,True,0.31368859273219973,0.1395390268191532,0.010119779961063084,0.016666666666666607,0.011589374014260653,0.016666666666666666,0.001296228277187637,1.272842066474953,2.7011628529942833,0,1.8466421210088568,0.0022408915805175495,1.2461057808138047,2.736595219754968,0,,0,1
S2_N60,3500808,3.0744988329334593,2.0252052991970957,4.667449308698094,1.3422206926667968e-07,-0.9566973021049545,0.5010953575173446,0.06127306701079399,60,0.0020565858802935205,0.0026525382032149287,True,0.08342110602066803,0.08157360150964603,True,0.7887243628627815,0.666855135338206,0.005173913865213545,0.016666666666666607,0.005019462966991282,0.016666666666666666,1.3422206926667968e-07,2.0252052991970957,4.667449308698094,0,3.7614871617397365,2.5251108984282676e-09,2.4330174950979293,5.8153242615147605,0,,0,1
S2_N60,3500809,2.9503313756760687,1.8137155046778215,4.799239574149671,1.3103713831133143e-05,-0.8302082926765797,0.45701651654915787,0.07454025637083173,60,0.00042879609658003933,0.00039688079820165707,True,0.17639955277720643,0.1847692486085024,True,0.7633915563519708,0.8468543885669464,0.004102118226011609,0.0,0.00582739683775218,0.0,1.3103713831133143e-05,1.8137155046778215,4.799239574149671,0,3.3567803207779834,5.256336398771974e-07,2.0914701724513733,5.387585379118918,0,,0,1
S2_N60,3500810,2.928705635911308,1.619662287770071,5.29574391315105,0.0003772008143770443,-1.6755156469684487,0.4485811061133199,0.000435648325191418,60,0.08158125911986809,0.07876050801595327,True,0.11588130479839763,0.1532222293341217,True,0.8098063935948716,0.8121529710128872,0.00695157034946405,0.0,0.010093116271481574,0.0,0.0003772008143770443,1.619662287770071,5.29574391315105,0,3.107556717809917,0.0008127334495111352,1.6002455541263094,6.034641827002579,0,,0,1
S2_N60,3500811,2.311541459589897,1.5352502407030837,3.4803602551177635,5.990367375433053e-05,-1.24574949884921,0.48730766324753366,0.013265548033431529,60,0.00019048596926109516,3.662539795243539e-05,True,0.8822784848987767,0.8646206445482135,True,0.7697702720154562,0.9940761059053795,0.023883089600497228,0.050000000000000044,0.020919425857346616,0.05,5.990367375433053e-05,1.5352502407030837,3.4803602551177635,0,2.441535363085945,3.180778693076321e-05,1.6033295633025584,3.717947367552106,0,,0,1
S2_N60,3500812,2.641906746357444,1.683739977476379,4.145337967748582,2.3702998600181537e-05,-1.9768690577049808,0.3739311510024311,2.0461028248409066e-06,60,0.14432725221665382,0.1126504750223226,True,0.01241543017155231,0.009094503982149749,True,0.5622191241165586,0.6345644020102135,0.007601124379565364,0.016666666666666607,0.008017003245231026,0.016666666666666666,2.3702998600181537e-05,1.683739977476379,4.145337967748582,0,2.8785764244100798,0.00010162820564492468,1.6889795187863088,4.906040682556019,0,,0,1
S2_N60,3500813,1.8710836448572807,1.2303062655425925,2.845595526987264,0.0034017067665097966,-2.0912542564265415,0.46269519742709153,3.1746146994446255e-05,60,0.14690057622936412,0.12307368235526997,True,0.005915089619674127,0.006279488215848771,True,0.4299666197875991,0.36447789240012163,0.016445004658995798,0.01666666666666672,0.008017003245231026,0.016666666666666666,0.0034017067665097966,1.2303062655425925,2.845595526987264,0,1.8941864481061381,0.004806546025441032,1.2150343012878493,2.9529555637943603,0,,0,1
S2_N60,3500814,3.193768799330361,2.0475673719208243,4.981598790572307,3.0618713724988166e-07,-1.5562294483010597,0.448607330136502,0.0010016527307681274,60,5.144021882927368e-05,3.34709887439504e-05,True,0.008567850295766757,0.012789909658689522,True,0.014037558685824255,0.022874488333279243,0.03568082324391131,-0.06666666666666665,0.0279104823273028,-0.06666666666666667,3.0618713724988166e-07,2.0475673719208243,4.981598790572307,0,3.349488033918282,5.590902899908596e-08,2.1653908214861284,5.181083238203626,0,,0,1
S2_N60,3500815,4.246138555031455,2.8581154620703186,6.308245019417283,8.088651791320499e-13,-1.0620484958245286,0.38612690963686297,0.007960586797968358,60,2.69757924397352e-05,9.351937947320615e-06,True,0.003322658248530136,0.005573046788479476,True,0.613200184185846,0.5826128814055496,0.0034777065884178397,-0.016666666666666607,0.0018344639998889984,-0.016666666666666666,8.088651791320499e-13,2.8581154620703186,6.308245019417283,0,5.639215344615706,1.908000081228456e-13,3.556607820597229,8.941314675962564,0,,0,1
S2_N60,3500816,2.0166053472593832,1.3785343006537394,2.95001518980456,0.0003015009002861957,-1.9264030201187783,0.432039385619131,3.9196044501338936e-05,60,0.0014717809262293875,0.0013390591996858862,True,0.03976440337683175,0.19719594228217352,True,0.817890621297563,0.66603663857814,0.02388791434642362,0.04999999999999993,0.030604986088393103,0.05,0.0003015009002861957,1.3785343006537394,2.95001518980456,0,2.1416490187527746,7.285685794622626e-05,1.47003101603277,3.1201113918690786,0,,0,1
S2_N60,3500817,2.554776796803946,1.7308358790753817,3.770943600368692,2.3407553350225196e-06,-1.514650080663441,0.3779745103019555,0.00018022540526607876,60,0.058286185284832176,0.05514871131141493,True,0.3242974270913225,0.316942301456835,True,0.3624360760976909,0.33000989275634707,0.12978230673408436,0.1333333333333333,0.14813024705732944,0.13333333333333333,2.3407553350225196e-06,1.7308358790753817,3.770943600368692,0,2.4535667025630192,4.4772181241647456e-06,1.6721498436985442,3.600149583849887,0,,0,1
S2_N60,3500818,3.428644219762873,2.262746876515438,5.19527893628855,6.207214547356188e-09,-0.8599639268229854,0.3893052460337893,0.031211550006634912,60,0.04453835494661132,0.04465416976866792,True,0.1082717009861185,0.12882236777973655,True,0.8964714792354564,0.7324591958029352,0.03339881706184155,-0.06666666666666665,0.05978364668234831,-0.06666666666666667,6.207214547356188e-09,2.262746876515438,5.19527893628855,0,3.9427313532956476,3.5657875501072844e-10,2.5681014826412967,6.053160527080237,0,,0,1
S2_N60,3500819,2.4235236586569875,1.6402259841875684,3.5808888413503452,8.817782495076171e-06,-1.891580484954717,0.4767621178301562,0.0002053865124223105,60,0.0011517340627211225,0.00045409520008630474,True,2.5535725873569163e-05,2.2729451270869335e-05,True,0.9389768424574764,0.7775494500600401,0.00838508888952939,-0.016666666666666607,0.0018344639998889984,-0.016666666666666666,8.817782495076171e-06,1.6402259841875684,3.5808888413503452,0,3.008743980725273,3.4588702774293964e-07,1.969764879779357,4.595746646962546,0,,0,1
S2_N60,3500820,3.514019082848406,2.409317885518904,5.125239051617817,6.733055967493928e-11,-1.3619855398978093,0.3723286846093111,0.0005563369517576868,60,0.001852687380971167,0.001917444927694427,True,0.6188512906977751,0.5684939485400502,True,0.0930963353167939,0.04428813566173345,0.01287715121942054,-0.016666666666666607,0.006438935487666036,-0.016666666666666666,6.733055967493928e-11,2.409317885518904,5.125239051617817,0,4.114772563306009,1.3489984737445e-09,2.6043401259435073,6.501206612405117,0,,0,1
S2_N60,3500821,3.315833175640658,2.128479285778222,5.165542235784208,1.1590256888556872e-07,-1.112811236433284,0.432202617785982,0.012652629459518904,60,0.006952444804938134,0.005322509393741648,True,0.21752531821748078,0.16566787081014078,True,0.310102312573592,0.2121236326366539,0.011989143080729073,-0.016666666666666607,0.019990002413393406,-0.016666666666666666,1.1590256888556872e-07,2.128479285778222,5.165542235784208,0,3.8062291785655877,1.6740690973858964e-09,2.4643828384949056,5.878705342962085,0,,0,1
S2_N60,3500822,2.9938642254205172,2.0768188713927107,4.315842427915764,4.188271713397817e-09,-1.7305445637836832,0.4454318997426992,0.00026886362455166705,60,0.001648491607214161,0.004152653027498918,True,0.01953659735787556,0.015882720410128455,True,0.01415591777307898,0.007223166834384521,0.061000614036688536,-0.08333333333333337,0.06583376247113396,-0.08333333333333333,4.188271713397817e-09,2.0768188713927107,4.315842427915764,0,2.8245243407448895,2.003197146033418e-07,1.9096130864014913,4.1777770629411215,0,,0,1
S2_N60,3500823,2.2516152336957043,1.4647954582714944,3.461077880861983,0.00021549812465550445,-1.5333333333333319,0.45333427915489966,0.0013044525192770072,60,0.029596665045679402,0.015051427373415978,True,0.05663321504014066,0.08556009163286116,True,0.458249863763701,0.2952434374048257,0.20223697785367847,0.16666666666666663,0.21780653959086677,0.16666666666666666,0.00021549812465550445,1.4647954582714944,3.461077880861983,0,2.402286412028256,3.8582955521279244e-05,1.58259449852573,3.6465310670494326,0,,0,1
S2_N60,3500824,3.2057246414925045,2.088274943177565,4.9211290451223055,9.973849470089035e-08,-1.1082500777052524,0.40589664952763976,0.008402510634118414,60,0.0003872826227702724,0.0003103224911665933,True,0.1494327082389349,0.2564730212091999,True,0.41544699683169695,0.38475192406779823,0.025569943276609577,0.06666666666666665,0.020312249929417412,0.06666666666666667,9.973849470089035e-08,2.088274943177565,4.9211290451223055,0,3.502690650236986,2.193738907776912e-07,2.180218949095284,5.6273438942216085,0,,0,1
S2_N60,3500825,2.5622648438950653,1.740863050629975,3.771233542974458,1.831449126526627e-06,-1.253865979381441,0.4381442556449176,0.005881729895923291,60,4.232651263561361e-05,0.00012166029657828787,True,0.2020044954361716,0.35446769364539576,True,0.5606351222635043,0.41826394782010945,0.01994878379561949,-0.04999999999999993,0.005349123154234521,-0.05,1.831449126526627e-06,1.740863050629975,3.771233542974458,0,2.8611370178846114,5.305996530133559e-07,1.8971892125780632,4.314859572696846,0,,0,1
S2_N60,3500826,2.3881351016986603,1.6023818644440275,3.5591948402037636,1.9037245894129983e-05,-1.1854779927109615,0.42172291198207396,0.0067581268152847405,60,0.11190763826903485,0.11998160988525848,True,0.04496409413013024,0.05881314390773186,True,0.6905378319803349,0.952549836314816,0.03572326421211998,0.08333333333333326,0.014203806240551543,0.08333333333333333,1.9037245894129983e-05,1.6023818644440275,3.5591948402037636,0,2.4283707672122694,5.02145410775575e-05,1.581458304420887,3.7288271000040796,0,,0,1
S2_N60,3500827,2.4626294777708773,1.6454287610925458,3.6856921965793745,1.1836083279012313e-05,-1.4072509241727504,0.4797449247421558,0.004823152595539898,60,0.0016079784936779051,0.001759744427308676,True,0.10707216098515628,0.14443495293881004,True,0.2737429411086122,0.1923574892132076,0.007393912455874057,-0.033333333333333326,0.013223875138362384,-0.03333333333333333,1.1836083279012313e-05,1.6454287610925458,3.6856921965793745,0,2.7205996213345225,2.5730734827338843e-06,1.7926288483915926,4.12894298016378,0,,0,1
S2_N60,3500828,1.955827427737315,1.3231286226262524,2.891072615069634,0.0007677107153148111,-1.3690177300375304,0.35007453821331475,0.0002474084754320738,60,0.01836132765576649,0.014175189221867208,True,0.05394870280504993,0.04364290630098958,True,0.11231537143695808,0.08231269990793534,0.11389670055766041,-0.1333333333333333,0.07592404814008617,-0.13333333333333333,0.0007677107153148111,1.3231286226262524,2.891072615069634,0,2.114578191450557,0.0021587484398610224,1.3104546846031855,3.4121293779130495,0,,0,1
S2_N60,3500829,3.8979391553844778,2.6688165213007053,5.693133843339058,1.937517275280102e-12,-1.4001778406290852,0.4390327669150085,0.0023186999204633544,60,4.635460810378957e-05,2.199203081588402e-05,True,0.16458270613915238,0.16553187129505165,True,0.05658703719486716,0.04470789824433808,0.031078019532321505,-0.06666666666666665,0.055861640058665306,-0.06666666666666667,1.937517275280102e-12,2.6688165213007053,5.693133843339058,0,4.083828944160283,7.141324866728372e-12,2.7311624753281585,6.106432332685523,0,,0,1
S2_N60,3500830,2.5396942729078185,1.7003877755462027,3.793280034472651,5.2782338328483e-06,-1.6448317672021748,0.4176011189925729,0.00022570607485338694,60,0.0570031443177979,0.07535682999137741,True,0.0006593692915220283,0.0009307210170459506,True,0.31462412625543335,0.4797269021366066,0.014872028261580546,-0.033333333333333326,0.005285535552518433,-0.03333333333333333,5.2782338328483e-06,1.7003877755462027,3.793280034472651,0,2.8097027844750118,1.8227675488917534e-05,1.7517397004555195,4.506622607818834,0,,0,1
S2_N60,3500831,2.7044650912600687,1.7774986444561818,4.1148450113626165,3.3818338937086388e-06,-0.6099304195095573,0.4883006396828642,0.21673832378535962,60,0.0033014501527590906,0.0005906696844878685,True,0.8287033782485309,0.7896871403918897,False,0.4793428814762952,0.3221079128427725,0.0029890147640945866,0.0,0.0008115715540151703,0.0,3.3818338937086388e-06,1.7774986444561818,4.1148450113626165,0,2.9870875659827236,8.073787453647461e-07,1.933953183099789,4.613706373464055,0,,0,1
S2_N60,3500832,2.566624455790288,1.664069869609951,3.958704629755049,2.0132579935033907e-05,-1.608768576666537,0.3912302850419909,0.00012730505527672905,60,0.0012662775377254424,0.0003933945899311438,True,0.8988997423674995,0.9881719157024601,False,0.22398100011539646,0.30588838501467075,0.010480489125526335,0.01666666666666672,0.00270812550347756,0.016666666666666666,2.0132579935033907e-05,1.664069869609951,3.958704629755049,0,3.4831723518125326,1.112056815822852e-07,2.196995987523259,5.52230850731256,0,,0,1
S2_N60,3500833,3.883325803059366,2.3780445307039986,6.341436881437332,5.890511991058985e-08,-1.2139136272096684,0.33396968413093486,0.0005985320294549857,60,0.0017592534925330032,0.0004466079471071535,True,0.03244844471019359,0.0799676840945751,True,0.6896316224373116,0.9054735551088507,0.02527649230749,-0.06666666666666665,0.016730987998137544,-0.06666666666666667,5.890511991058985e-08,2.3780445307039986,6.341436881437332,0,4.014872451224439,1.355676099937658e-08,2.484996505524987,6.48660904100368,0,,0,1
S2_N60,3500834,3.665379069491822,2.3183370107394823,5.7951038441919005,2.7342393647853382e-08,-1.5843870656370687,0.5199600916717478,0.0034975408923587203,60,0.003671924961036356,0.0015665791315010278,True,0.07170037193080037,0.11783817336173816,True,0.0604377954291791,0.09828612360855503,0.005173913865213545,0.016666666666666607,0.00270812550347756,0.016666666666666666,2.7342393647853382e-08,2.3183370107394823,5.7951038441919005,0,3.7425601184955246,1.434178737289572e-08,2.371450413509747,5.906409073855874,0,,0,1
S2_N60,3500835,2.181650763521092,1.4177288938100638,3.3572004314456874,0.000389354849368194,-1.7468752686323383,0.3920680965965965,3.964795585914297e-05,60,0.007950657631101952,0.011276141368490037,True,0.04202282350769393,0.02507517880108839,True,0.7669514565878993,0.6886353116729751,0.006051147501221031,0.01666666666666672,0.01355359591439782,0.016666666666666666,0.000389354849368194,1.4177288938100638,3.3572004314456874,0,2.240765533819261,0.0001984546505601321,1.464976782591411,3.427378670582458,0,,0,1
S2_N60,3500836,2.137029785535698,1.3478312039328348,3.3883295556157256,0.001241120731700814,-1.7398509250632255,0.3990988744938757,5.516844045755658e-05,60,0.007255622276777055,0.00375435760066748,True,0.9137478668477995,0.6833304103648647,True,0.5550057822737148,0.5470292234213505,0.01494521173878257,-0.04999999999999993,0.014962499607782146,-0.05,0.001241120731700814,1.3478312039328348,3.3883295556157256,0,2.4017762181833833,0.0005558079475928376,1.4604765383417124,3.9497580760736555,0,,0,1
S2_N60,3500837,2.8241839984429857,1.8241270055036212,4.37251092330565,3.2366177336331503e-06,-1.4837128227475782,0.3849859762140553,0.00029744806498873674,60,0.16232844510242372,0.15463054981670718,True,0.4888337351029257,0.3139178577440762,True,0.11100569350718438,0.11058554226725932,0.0164193421170617,-0.050000000000000044,0.014962499607782146,-0.05,3.2366177336331503e-06,1.8241270055036212,4.37251092330565,0,3.061998241908649,6.678747867566384e-07,1.9695319615071911,4.760437208785771,0,,0,1
S2_N60,3500838,2.329671788965574,1.5103654106132711,3.5934156106622703,0.00013085432315295653,-2.0678363138392135,0.44058074550532617,1.72888183308386e-05,60,0.2941069828953715,0.3135330536035119,True,0.29918312506149924,0.2794528087508892,True,0.7412324451285137,0.8877029855026597,0.006838131998901667,0.0,0.0026791236098298488,0.0,0.00013085432315295653,1.5103654106132711,3.5934156106622703,0,2.4460041808607293,0.00014978053144555954,1.5404443786735176,3.883902941007255,0,,0,1
S2_N60,3500839,2.75467117125917,1.8416019976121265,4.120441480626901,8.129095570027908e-07,-1.1518609580330628,0.4322478379176769,0.01000143694174965,60,0.022372017876846787,0.009971231157983564,True,0.298764810360967,0.2631757146092555,True,0.8638273361538312,0.8234820545344941,0.0270770381173407,0.050000000000000044,0.024072630704938695,0.05,8.129095570027908e-07,1.8416019976121265,4.120441480626901,0,3.2804157600280175,2.687426557438304e-07,2.0861977573126436,5.158249030284766,0,,0,1
S2_N60,3500840,2.5037283314734053,1.695614443486261,3.6969816941013773,3.921880985914637e-06,-1.4150697556169975,0.48343555068318456,0.004907611167400057,60,0.00012954045533581328,0.0002545359598755264,True,0.7239747276897915,0.9348752306169614,True,0.4833594684647553,0.639734995014605,0.015821732131758796,-0.033333333333333326,0.005285535552518433,-0.03333333333333333,3.921880985914637e-06,1.695614443486261,3.6969816941013773,0,3.0468217564613926,7.877869158580619e-07,1.9580125329175442,4.741094686362469,0,,0,1
S2_N60,3500841,2.164831099925992,1.4664213249790345,3.195871207937994,0.00010180332807546403,-0.8424120692733443,0.4101816060553014,0.04459692303389404,60,0.0012264969507511003,0.0010665559418865011,True,0.00885820901149969,0.03927287584584078,True,0.49984409520611484,0.5217185581911225,0.0034431528915514946,0.0,0.0008115715540151703,0.0,0.00010180332807546403,1.4664213249790345,3.195871207937994,0,2.1279681939833868,0.00018486507267132356,1.4323217325393667,3.1614745009675813,0,,0,1
S2_N60,3500842,3.2587232251467575,2.2476084458420305,4.724700638029745,4.575046152674989e-10,-1.3459710707967667,0.3966799784580928,0.001262680670774204,60,0.19845586520843705,0.10638252158253708,True,0.038102918559890994,0.048061232183002886,True,0.03365145762758117,0.04352820642150921,0.023362248441658937,0.033333333333333326,0.02890630908080253,0.03333333333333333,4.575046152674989e-10,2.2476084458420305,4.724700638029745,0,3.60546850384056,9.215054976616407e-10,2.39145846001618,5.435763718889073,0,,0,1
S2_N60,3500843,2.610426618510339,1.7418665384214291,3.9120833774112356,3.3423029509459982e-06,-1.0000000000000018,0.43043674015733135,0.02375829225028417,60,0.01582346449512791,0.015439544081304055,True,0.18989588823183134,0.1611534862925037,True,0.766361149411035,0.6397115058996163,0.07602746696996014,-0.1166666666666667,0.06460371565539562,-0.11666666666666667,3.3423029509459982e-06,1.7418665384214291,3.9120833774112356,0,2.8755494327211952,5.018277261224115e-06,1.8269587208887283,4.5259832340387085,0,,0,1
S2_N60,3500844,2.3252052421094653,,,,-1.5556803618545059,0.4262448532801223,0.0005710573745502413,60,0.014090385600102184,0.01676253555006928,True,0.10820302978428832,0.04591193725407296,True,0.9042051262653842,0.8006279949455815,0.006685347144557089,0.016666666666666607,0.003772151754745098,0.016666666666666666,0.006746920897836316,1.2744530538720167,4.242274285041085,1,2.3433308199294407,0.012373781105540087,1.2107476028218438,4.535379065655842,1,0.0,0,1
S2_N60,3500845,2.5870332931086466,1.6683290744031007,4.01164336361345,2.1696990637987766e-05,-1.6413233906832574,0.3821259023224647,6.867919168323208e-05,60,0.06956407590245099,0.1045789639414741,True,0.006212025106827866,0.002104747485136415,True,0.3699082765995053,0.2816151005034385,0.07050516067383528,0.09999999999999998,0.049040513709165096,0.1,2.1696990637987766e-05,1.6683290744031007,4.01164336361345,0,2.7705747374851812,3.3781983846549965e-05,1.711467576517423,4.485088985215102,0,,0,1
S2_N60,3500846,2.6029447736065006,1.6360541418454597,4.141257505575502,5.3950039810710104e-05,-1.6006684955696422,0.40451216729642425,0.00021259859429819305,60,1.0147322626668109e-05,2.1485698524864984e-06,True,0.31334793915053705,0.41937016446671715,True,0.7947435088219216,0.7891549144996932,0.003999432880492767,0.0,0.00582739683775218,0.0,5.3950039810710104e-05,1.6360541418454597,4.141257505575502,0,2.91976032557099,3.360506477817922e-05,1.7597178159095224,4.844526935912282,0,,0,1
S2_N60,3500847,2.7307949161035645,1.689704304631987,4.413340756352775,4.1016709778243234e-05,-1.5068556162977922,0.4170797099987362,0.0006411811150219269,60,0.0007193278416836273,0.00035407628495982184,True,0.9568763606582298,0.8069380966408864,False,0.6397855055348451,0.7437913356761819,0.005040072538851686,0.0,0.010093116271481574,0.0,4.1016709778243234e-05,1.689704304631987,4.413340756352775,0,2.969231491455915,3.905248182776726e-06,1.8705704913264958,4.713180118436223,0,,0,1
S2_N60,3500848,2.2499009833234878,1.4613026380252712,3.464069866869326,0.00023075718528070102,-1.5564794289458652,0.45163618641109055,0.0010738011969109547,60,9.351923714639701e-05,2.033398053502478e-05,True,0.9052886248146181,0.7724795923155385,True,0.1030215536246077,0.20676430287257674,0.04095575860660296,-0.08333333333333326,0.02747181859148359,-0.08333333333333333,0.00023075718528070102,1.4613026380252712,3.464069866869326,0,2.544146313152204,1.524414702478056e-05,1.666355957724917,3.8843324157241486,0,,0,1
S2_N60,3500849,2.874343302700746,1.7536263739408282,4.7112940045571,2.8160933612981003e-05,-0.8441236623067798,0.35507501525281904,0.020817795799472665,60,0.0006799854103994575,0.0003771589480292779,True,0.05821958835727376,0.035346680101122435,True,0.7815654629349709,0.8352664135905639,0.011592292011799243,-0.016666666666666607,0.01355359591439782,-0.016666666666666666,2.8160933612981003e-05,1.7536263739408282,4.7112940045571,0,3.3569940520717103,5.207052013530997e-06,1.9938986479828482,5.6519467913003885,0,,0,1
S2_N60,3500850,2.88131765414356,1.866422642759553,4.448076889918482,1.7825862343407056e-06,-1.5496467155199256,0.44822564303656587,0.0010383280289523614,60,0.035883240623475324,0.0305312642193488,True,0.7810435550518463,0.7000066275523287,True,0.16860538300004113,0.2205355485392605,0.035488514150559425,-0.08333333333333326,0.056442885783694885,-0.08333333333333333,1.7825862343407056e-06,1.866422642759553,4.448076889918482,0,3.2857748009135155,3.385404013572766e-07,2.0802456817715216,5.189923544571038,0,,0,1
S2_N60,3500851,3.3932537583609026,2.1164656407857088,5.440282538371807,3.916130027469826e-07,-0.9436920209125187,0.3826470692051547,0.016686245207591988,60,0.0021945542836395797,0.0018538660983321072,True,0.0037675127039158564,0.006388891863855769,True,0.9015308164132176,0.7891520266164027,0.018162503965536987,0.06666666666666665,0.01335827374792207,0.06666666666666667,3.916130027469826e-07,2.1164656407857088,5.440282538371807,0,4.194222114540162,5.435042138476984e-09,2.590849809175418,6.789856781276156,0,,0,1
S2_N60,3500852,2.830028379269812,1.8945793084862985,4.227355694004424,3.7559882214484117e-07,-1.0581840986690807,0.4337532122835055,0.017838261411497705,60,0.0008658151662064005,4.4733099518110556e-05,True,0.2939092256053232,0.25406723842042556,True,0.631700141108112,0.6880969481765573,0.0166624388088072,0.033333333333333326,0.015607878351443505,0.03333333333333333,3.7559882214484117e-07,1.8945793084862985,4.227355694004424,0,3.2061687753113395,3.7239983048661936e-07,2.0458078786927825,5.024674273104157,0,,0,1
S2_N60,3500853,4.353014738113656,2.964480624382264,6.391924829727375,6.182321042745871e-14,-1.6278171652544815,0.4437086115483355,0.0005379589383034123,60,0.014940442604326145,0.018886101417535984,True,0.2641825390536575,0.4497670983364981,True,0.49228929752122197,0.744057949920794,0.06478988369588075,0.1166666666666667,0.057260854798435165,0.11666666666666667,6.182321042745871e-14,2.964480624382264,6.391924829727375,0,4.677188190280759,1.4604026899359383e-12,3.05116026321029,7.169760838548939,0,,0,1
S2_N60,3500854,3.6568777716485235,2.3519366726167217,5.6858482596382105,8.523479654560127e-09,-1.6000000000000005,0.45830248464445883,0.0009358256580695122,60,0.00034667708201923807,0.00017909367028247803,True,0.45190824344631353,0.5429016431372862,True,0.34414068361395833,0.3680925813680973,0.02303709360861076,-0.04999999999999993,0.027308269234333698,-0.05,8.523479654560127e-09,2.3519366726167217,5.6858482596382105,0,3.7992868670513653,3.400065386733362e-09,2.44053745152953,5.914508990264647,0,,0,1
S2_N60,3500855,2.1473803792205697,1.493543066758033,3.0874519762398918,3.7019045050317175e-05,-1.2821703980099481,0.4620484394766274,0.0074528121298465195,60,0.001773030126139846,0.0010013352221116747,True,0.03876743193173331,0.05024588088303756,True,0.8857995616013854,0.8296717093752264,0.011759684378294031,-0.016666666666666607,0.01355359591439782,-0.016666666666666666,3.7019045050317175e-05,1.493543066758033,3.0874519762398918,0,2.105593955500151,0.0002489905038707368,1.413709960817551,3.1360929952526155,0,,0,1
S2_N60,3500856,3.4363018099850695,2.3039157978360376,5.125261149039186,1.4335053856323252e-09,-1.7000000000000013,0.39764170425590106,7.351759797111027e-05,60,0.023009166660067096,0.011075811083870717,True,0.019514363801672385,0.012409058499432761,True,0.30929864964494613,0.6291752357268782,0.029119210164747042,0.06666666666666665,0.04388585412165995,0.06666666666666667,1.4335053856323252e-09,2.3039157978360376,5.125261149039186,0,4.455332952366052,2.3989440010741198e-11,2.8739357870011575,6.906901610752935,0,,0,1
S2_N60,3500857,3.158125392955745,2.1059334217689654,4.7360262649015805,2.6638347482199215e-08,-1.2101273943726518,0.4249302992274343,0.006111442766217081,60,0.07334514609981031,0.10647522826214252,True,0.16455531308105498,0.07773044643007142,True,0.34014590730754046,0.2985800279407912,0.007839573477411621,-0.01666666666666672,0.006438935487666038,-0.016666666666666666,2.6638347482199215e-08,2.1059334217689654,4.7360262649015805,0,3.271344409086772,2.3240528181287306e-08,2.1583544388626295,4.958265449905746,0,,0,1
S2_N60,3500858,4.1380571772391965,2.660123320593064,6.43711405014231,2.9802428537844354e-10,-0.9982632858631505,0.41290634587766367,0.018841357213848338,60,0.002101818670086628,0.0019739939184639723,True,0.12271369536092312,0.1425085164469403,True,0.11573482369953969,0.15375955662525911,0.06256119907621237,0.09999999999999998,0.06658844131424868,0.1,2.9802428537844354e-10,2.660123320593064,6.43711405014231,0,4.690947153057018,8.354505948645985e-11,2.9421764894047926,7.479152006012184,0,,0,1
S2_N60,3500859,2.8629097556445657,1.8130769362370216,4.520631256815756,6.393821384506468e-06,-1.5427870946474933,0.42577706167420315,0.0006202352806612852,60,0.004358506966103236,0.0034013040365683065,True,0.008316174596330717,0.012570110258239401,True,0.15641345510461158,0.09749066167119012,0.02363150144951954,-0.06666666666666665,0.020312249929417412,-0.06666666666666667,6.393821384506468e-06,1.8130769362370216,4.520631256815756,0,3.247597563078809,1.5012593634222406e-06,2.0098270433653305,5.2476604723435845,0,,0,1
S2_N60,3500860,1.886501505433814,1.288068486143748,2.7629648332277226,0.0011132510538610534,-1.766666666666667,0.41649142013652135,8.233320981068082e-05,60,0.0055152862686282805,0.001957974821695724,True,0.8375493034649364,0.5187706761404624,True,0.9712004872939257,0.9348806996210188,0.09060067005698942,-0.11666666666666664,0.09189379302939434,-0.11666666666666667,0.0011132510538610534,1.288068486143748,2.7629648332277226,0,1.954954792169289,0.001545039590239163,1.2909481441396646,2.960497101897682,0,,0,1
S2_N60,3500861,2.7733468391829406,1.7540566645853892,4.384951094053769,1.2768111178945887e-05,-1.7909621993127138,0.4670021938380034,0.0003162113209858283,60,0.002945147821942654,0.004766577342553165,True,0.41727692658266713,0.2961483884716192,True,0.7283327285400112,0.8469307165394403,0.014143326205784477,0.04999999999999993,0.024072630704938695,0.05,1.2768111178945887e-05,1.7540566645853892,4.384951094053769,0,3.295178586716431,4.0185000057488504e-07,2.077787311128721,5.225848603558933,0,,0,1
S2_N60,3500862,3.2072720683328733,,,,-1.6155482757406046,0.5064397690144901,0.002313423149112716,60,0.01181474455605146,0.018070662886244687,True,0.3876348949272278,0.3819949010085365,True,0.02919325516736598,0.11204727921107509,0.43341007868802717,-0.23333333333333328,0.4331130863576098,-0.23333333333333334,3.813725978234227e-05,1.9000202059541866,5.413939329735874,1,4.4025571159552275,0.0006483177444328354,1.9325833969365243,10.029326128938395,1,0.0,0,1
S2_N60,3500863,3.1848929904011873,2.1003307253119363,4.8294981538205715,4.936346530960777e-08,-1.6464343336560203,0.424750678547382,0.0002767090848000834,60,0.37426241878422273,0.3459919573165642,True,0.8610451247787152,0.6299378704599068,True,0.845234056024972,0.8005403410300247,0.006591143252745832,0.01666666666666672,0.011589374014260653,0.016666666666666666,4.936346530960777e-08,2.1003307253119363,4.8294981538205715,0,3.417077167412299,6.547550597607356e-09,2.256243492374842,5.175157915141632,0,,0,1
S2_N60,3500864,1.5557150115690983,1.1074624411772862,2.185400702753041,0.010815633636571306,-0.18865237980576238,0.4486772639999454,0.6757279027092408,60,0.05555723273553991,0.03658791425580975,True,0.008158876048657443,0.015099423322487307,True,0.7786821195033783,0.64489002420782,0.059995941004386905,0.11666666666666659,0.04976395450273029,0.11666666666666667,0.010815633636571306,1.1074624411772862,2.185400702753041,0,1.7877440043192487,0.005867544965342732,1.1825408689788526,2.702679212887801,0,,0,1
S2_N60,3500865,3.449641299029836,2.3403555035871206,5.084708316207855,3.9601562409665187e-10,-1.2592896949088503,0.4039718193001578,0.002859082733815189,60,0.05010799425871218,0.04349880702421735,True,0.05552768659649387,0.020724446207397825,True,0.21644271135706727,0.24839405691811334,0.004817366186494372,0.0,0.00582739683775218,0.0,3.9601562409665187e-10,2.3403555035871206,5.084708316207855,0,4.565311875008089,1.343348136666056e-11,2.9401976533390526,7.088663747629502,0,,0,1
S2_N60,3500866,2.212279345237864,1.3925399570214323,3.5145705347187737,0.0007737549370200745,-1.012259145972662,0.5186271947432912,0.05588065440225244,60,0.20964252483620005,0.1896502810373536,True,0.6816068724923604,0.42307936049012673,True,0.5806566768859756,0.47110129796867684,0.15395754299223646,0.15000000000000002,0.14634916351764646,0.15,0.0007737549370200745,1.3925399570214323,3.5145705347187737,0,2.248461789609062,0.0014434630799623415,1.3658406402089005,3.701442372192669,0,,0,1
S2_N60,3500867,3.041010640121371,1.8700470733124237,4.94519407843077,7.353025353051647e-06,-1.3600809259186268,0.44494893898114724,0.0034030910043108234,60,0.005818381530927906,0.002380272449962379,True,0.16619549982269022,0.1383104394633702,True,0.837695900193606,0.9171153834331862,0.014885650819614201,0.016666666666666607,0.00270812550347756,0.016666666666666666,7.353025353051647e-06,1.8700470733124237,4.94519407843077,0,3.5053167697881435,6.05123331220915e-07,2.141667056643152,5.737234281325225,0,,0,1
S2_N60,3500868,2.8170398411957542,1.7709221497471461,4.4811193241991285,1.2252398622746198e-05,-1.5568615426546768,0.4342638298356364,0.000699453775066416,60,0.0006792477648273568,0.0017238295991384549,True,0.2515472173641753,0.2080793875089687,True,0.7861796892748427,0.8641442611238139,0.01935477978666036,-0.050000000000000044,0.027308269234333656,-0.05,1.2252398622746198e-05,1.7709221497471461,4.4811193241991285,0,3.156361005095094,1.3986609605329683e-06,1.9788833066127962,5.034463003044715,0,,0,1
S2_N60,3500869,4.404251484139656,2.824074050202795,6.86859862408829,6.200642003341695e-11,-1.3605068013284218,0.43689186004051167,0.0028857656001018417,60,0.048767503573354805,0.043032547649272015,True,0.034025244786721406,0.06947648452512523,True,0.6555199333207121,0.5764676919240511,0.34729995263996166,0.21666666666666667,0.36402464473701024,0.21666666666666667,6.200642003341695e-11,2.824074050202795,6.86859862408829,0,4.381095720641658,3.430796253396323e-10,2.7623686782751204,6.9483845021765065,0,,0,1
S2_N60,3500870,4.50606247648444,2.806904733691518,7.233804125328247,4.56109215552371e-10,-1.3570312115999004,0.5053004669069499,0.009466873426592743,60,0.02009490911094293,0.03744960947567614,True,0.000860374672281859,0.00030193941775123273,True,0.07530199808731168,0.16948126166332278,0.007640879159901913,-0.016666666666666607,0.01355359591439782,-0.016666666666666666,4.56109215552371e-10,2.806904733691518,7.233804125328247,0,4.704628726039146,9.298610410027627e-10,2.8653705347437923,7.724491887347404,0,,0,1
S2_N60,3500871,2.781127564047728,1.8640092777886295,4.149480702522087,5.434049823563807e-07,-1.2445907657927284,0.4274546250442395,0.0051237872834392385,60,0.0010084156186493983,0.00044455454266197997,True,0.11295949719039282,0.06702468405674794,True,0.15190994414589598,0.18983494873837903,0.03373817751058897,0.06666666666666671,0.04388585412165995,0.06666666666666667,5.434049823563807e-07,1.8640092777886295,4.149480702522087,0,2.6432401725930794,3.523367178492198e-06,1.752808537268703,3.986013567059001,0,,0,1
S2_N60,3500872,2.853692192637778,1.8986726339282545,4.289080163057499,4.5576087306162884e-07,-1.0476047558582509,0.43322378497592984,0.01881748008403481,60,0.1905578495611171,0.11448261610808458,True,0.003485104062557662,0.002769404381629184,True,0.13200633581836763,0.2520335413949579,0.035733248114530665,0.06666666666666665,0.05586164005866529,0.06666666666666667,4.5576087306162884e-07,1.8986726339282545,4.289080163057499,0,3.1136029855398855,1.338001597095764e-07,2.0414456189166112,4.7488522161603015,0,,0,1
S2_N60,3500873,2.297364658630722,1.6092129446370271,3.2797923931167046,4.670729954001626e-06,-1.7170015009814132,0.43134183008465626,0.00019676948338871646,60,0.0018433310326772068,0.0006584051114219623,True,0.07248006673123707,0.026686901288806165,True,0.3858741793536017,0.6725464071780778,0.1682762911543836,0.16666666666666663,0.19099803315157277,0.16666666666666666,4.670729954001626e-06,1.6092129446370271,3.2797923931167046,0,2.752288942273618,4.403912950933348e-07,1.8580799458327966,4.076839879118577,0,,0,1
S2_N60,3500874,1.6086024282814821,1.0733453263598138,2.4107821674211567,0.02128728144488303,-1.2228888324443339,0.40717050398279103,0.0039607945603837786,60,0.01899346786814096,0.013932384121056194,True,0.46342897354631907,0.4276895364487251,True,0.3207656814052794,0.4293652593387931,0.012982142056874578,0.033333333333333326,0.013223875138362384,0.03333333333333333,0.02128728144488303,1.0733453263598138,2.4107821674211567,0,1.843905238919788,0.003368010119351121,1.224894311657304,2.7757386884388406,0,,0,1
S2_N60,3500875,3.546350731271202,2.3789651973346504,5.2865857488282675,5.149249740594438e-10,-0.6833579645889469,0.4334138789575136,0.1204019801025789,60,0.252904135088742,0.11810489850216968,True,0.00012273590071553816,2.6577725897888453e-05,True,0.3659670339862957,0.37193631887648315,0.07502652198841407,0.09999999999999998,0.049040513709165096,0.1,5.149249740594438e-10,2.3789651973346504,5.2865857488282675,0,4.165467229068487,3.0822432651550073e-09,2.59870078449477,6.6768430363239535,0,,0,1
S2_N60,3500876,2.5689281380943925,1.6560755676756647,3.984958118762359,2.5318168485204477e-05,-1.7275696761761514,0.4032675396377925,7.137164646931534e-05,60,0.005650658215680166,0.000957699581979906,True,0.06863305218742954,0.02725444929779911,True,0.7405452629304711,0.7155770742784329,0.02884578909354535,0.050000000000000044,0.020919425857346574,0.05,2.5318168485204477e-05,1.6560755676756647,3.984958118762359,0,2.913164630788622,9.091016475870381e-06,1.8166624216919778,4.67149430997408,0,,0,1
S2_N60,3500877,2.411701302262838,1.5484715567215146,3.756157577508739,9.848691368062234e-05,-1.4382470119521926,0.44323983133187406,0.0019684783657057613,60,0.00202489142119969,0.0006854914741084725,True,0.08536740173514155,0.052878221081262125,True,0.7633832353629135,0.9762054567165198,0.029463509185078392,0.04999999999999993,0.027308269234333698,0.05,9.848691368062234e-05,1.5484715567215146,3.756157577508739,0,2.7374163568757397,5.0825139131017934e-05,1.6818504756451307,4.455478307616187,0,,0,1
S2_N60,3500878,3.3465883414399817,2.233600190639183,5.0141711009869825,4.756713424751389e-09,-1.384685851762746,0.40618082592821425,0.001203011535918837,60,0.0021858183339841394,0.0019978671454323224,True,0.19428764143076116,0.0884831002162358,True,0.07326771982011579,0.03828923211579753,0.04478043158984384,0.06666666666666665,0.05189871508620118,0.06666666666666667,4.756713424751389e-09,2.233600190639183,5.0141711009869825,0,3.3102979954719642,1.6847358135738593e-07,2.1139123912668447,5.183787589351633,0,,0,1
S2_N60,3500879,2.4219217456001334,1.4718634546014013,3.9852235772776226,0.0004993257687039462,-1.9806128830519083,0.3857781782003476,3.570551572493581e-06,60,0.0012812919514822887,0.00025403021511220884,True,0.03909150234097945,0.01808709366405112,True,0.709153292290054,0.8175032445990578,0.009895418996267271,0.016666666666666607,0.015617236041822826,0.016666666666666666,0.0004993257687039462,1.4718634546014013,3.9852235772776226,0,2.468806459441643,0.0002911449910812498,1.514130394564279,4.025416408033165,0,,0,1
S2_N60,3500880,2.752793188742198,1.789252660250557,4.235215354618657,4.089203798230673e-06,-1.4276585342003618,0.486596882953242,0.00481461893284636,60,0.13535589930345332,0.20787009594457218,True,0.001731490347665645,0.0046335026622058555,True,0.10344049265234784,0.22255936985499014,0.028914799721069428,0.08333333333333337,0.022831792041661234,0.08333333333333333,4.089203798230673e-06,1.789252660250557,4.235215354618657,0,2.7533624177261546,6.85607518996218e-06,1.7709299891813155,4.280804238258704,0,,0,1
S2_N60,3500881,2.5233577519208765,1.6931091764187753,3.760734648929856,5.457008115314906e-06,-1.1759251382390494,0.4228906260784753,0.007338533657162103,60,0.010850496444973922,0.005745188541136948,True,0.0019602338685880075,0.0037490295835214456,True,0.9309861019852242,0.9526057352374935,0.027727738496803746,0.08333333333333337,0.014203806240551542,0.08333333333333333,5.457008115314906e-06,1.6931091764187753,3.760734648929856,0,2.7869579011929093,4.871831349376715e-06,1.7957021810843314,4.3254022993564645,0,,0,1
S2_N60,3500882,5.070510666225164,3.3251719263434394,7.731954613419196,4.6479807967858296e-14,-1.282158859470469,0.3854463757753596,0.0015438232319809444,60,0.001471308475586249,0.0003552243963545722,True,0.19462904256968083,0.19731478800040048,True,0.42603787702682716,0.5122372086607713,0.1291281942152008,0.13333333333333336,0.11629985943292288,0.13333333333333333,4.6479807967858296e-14,3.3251719263434394,7.731954613419196,0,5.720239892747633,1.1093550705689312e-13,3.610270139378078,9.06335070987739,0,,0,1
S2_N60,3500883,3.389386838094366,2.3248191929478987,4.941435090132955,2.2120152201225216e-10,-1.0532728818362138,0.4904393239702834,0.036009759463032115,60,0.003491850896819885,0.005128520196060811,True,0.07087517191313673,0.02886968608521531,True,0.18176686996843572,0.2815273989568773,0.00565196230874234,0.0,0.0019122913616043673,0.0,2.2120152201225216e-10,2.3248191929478987,4.941435090132955,0,3.418940182276737,1.7332286586985588e-08,2.229718707663493,5.2424334647285935,0,,0,1
S2_N60,3500884,3.0495304896839976,1.9715844283695625,4.716833869094222,5.428535246230915e-07,-1.7929539575788926,0.4581457150701302,0.00024511617687107223,60,0.0012223468590508543,0.0003942085511275049,True,0.2987022747658522,0.30316029189769944,True,0.4063343780937563,0.3651237539501767,0.008316228129657101,0.0,0.0035906023090339777,0.0,5.428535246230915e-07,1.9715844283695625,4.716833869094222,0,3.0019249987873016,0.00017734079717226454,1.7327843969745411,5.2006202930257235,1,0.0,0,1
S2_N60,3500885,2.651506821161731,1.766223871376983,3.98051942146274,2.549442802901322e-06,-1.4234273631601728,0.4599930001863929,0.003053709144964199,60,0.0010507056933946692,3.9088228393070626e-05,True,0.011368198986657868,0.013370461942860219,True,0.23417762660297292,0.15810917921648204,0.017756953357582837,-0.04999999999999993,0.005349123154234521,-0.05,2.549442802901322e-06,1.766223871376983,3.98051942146274,0,3.0706963828698304,1.649465716532095e-06,1.9407180631870378,4.858601800348739,0,,0,1
S2_N60,3500886,2.3376142310234087,1.5321992115602903,3.566403279583037,8.155844942063459e-05,-1.2386579701551532,0.37311024622309347,0.0015747093591515417,60,0.038786185835919515,0.05497580464423856,True,0.020600671549922636,0.013122341713973132,True,0.2511116011351858,0.36933548630315005,0.015821732131758796,-0.033333333333333326,0.010976711961823486,-0.03333333333333333,8.155844942063459e-05,1.5321992115602903,3.566403279583037,0,2.4442053005156805,9.89305460913962e-05,1.5586065486801957,3.833000417024912,0,,0,1
S2_N60,3500887,2.2918444726856895,1.533334120240693,3.4255750378498293,5.24488404545241e-05,-1.9900177080698211,0.4734506842029654,9.378152649682212e-05,60,0.0011104191762599507,0.0007521462176785329,True,0.7184694726790865,0.518454652864081,True,0.13421084300227365,0.1711854521301528,0.021882420065013102,-0.06666666666666665,0.031849724081411276,-0.06666666666666667,5.24488404545241e-05,1.533334120240693,3.4255750378498293,0,2.6304502341218736,1.1887662179824462e-05,1.706315501198352,4.055093228264287,0,,0,1
S2_N60,3500888,2.1539671080003657,1.4644053420984464,3.1682309323585893,9.718545979265812e-05,-1.7180682321665923,0.41546806134489506,0.00011781699237145389,60,0.0915456548042133,0.050454820358416544,True,0.012742803960359175,0.011075811083870717,True,0.7269429991295776,0.7835545804327538,0.05076631783178594,-0.08333333333333326,0.056442885783694885,-0.08333333333333333,9.718545979265812e-05,1.4644053420984464,3.1682309323585893,0,2.3488085550059195,9.180397036290348e-05,1.531138111673069,3.603137813636353,0,,0,1
S2_N60,3500889,1.8598425166682588,1.2070002434118097,2.8657941087313943,0.004910611077653577,-2.0598163089257584,0.33644406180069775,9.060991450206035e-08,60,0.004592671967619322,0.002174993547150799,True,0.03583425288114573,0.09400819534501961,True,0.6395891184598254,0.6394339877092798,0.13833425120911155,0.15000000000000002,0.1610698776938587,0.15,0.004910611077653577,1.2070002434118097,2.8657941087313943,0,1.9478197281534233,0.002443477683603867,1.2655201394427629,2.9979781238837186,0,,0,1
S2_N60,3500890,3.2741480689423663,2.223681619696996,4.820854515503782,1.8730485887868507e-09,-1.2445790403931596,0.4328083396560536,0.005661830695652085,60,0.08535931243356776,0.05139561362687976,True,0.007023335542527023,0.0030434558018713684,True,0.9086138413252859,0.8006772495274106,0.0062939495664319205,0.01666666666666672,0.006438935487666038,0.016666666666666666,1.8730485887868507e-09,2.223681619696996,4.820854515503782,0,3.6584068065588946,1.139536775846478e-09,2.4096952018400906,5.55420467785976,0,,0,1
S2_N60,3500891,4.976644614987956,3.1380662619798305,7.892437430005997,9.072943759461176e-12,-1.512045622066183,0.42855859280941344,0.000834644118364013,60,0.014766427874520392,0.022603743508165717,True,0.06273509936536945,0.030412984130069466,True,0.43301455865459926,0.414124615322605,0.05681950827039738,0.09999999999999998,0.05498426106400467,0.1,9.072943759461176e-12,3.1380662619798305,7.892437430005997,0,5.1335803094121,3.1883407180563375e-12,3.2406053006357323,8.13232231275239,0,,0,1
S2_N60,3500892,2.580476292437447,1.6711621330291526,3.9845672446884914,1.89757898876604e-05,-1.1053990909477074,0.48139580471405957,0.025359216503551035,60,0.0056497482584808335,0.011999972776226346,True,0.03391168841652916,0.020288771189033713,True,0.36726577727228105,0.3231284785073155,0.04029872522569537,0.08333333333333337,0.03223701057934687,0.08333333333333333,1.89757898876604e-05,1.6711621330291526,3.9845672446884914,0,2.5792802539943205,4.534455544203516e-05,1.6358537673006266,4.066797877430581,0,,0,1
S2_N60,3500893,2.6238832560121406,1.7292298300317348,3.9814044504740713,5.780746614100657e-06,-2.002799860007,0.4131672482875194,1.0017066483484881e-05,60,0.004231592089585168,0.0019764533596915304,True,0.03682704431782989,0.03210836948226528,True,0.9593569300017619,0.8464368127119917,0.030656981726569683,-0.06666666666666665,0.0597836466823483,-0.06666666666666667,5.780746614100657e-06,1.7292298300317348,3.9814044504740713,0,3.0569690801245177,6.253713237967658e-08,2.0394937203842924,4.582048899408474,0,,0,1
S2_N60,3500894,2.5631236237764083,1.6979334768778889,3.8691755597166884,7.477883868672336e-06,-1.2290290456431554,0.39958076409200055,0.003222007025960858,60,0.0070638098528762695,0.003125864364977368,True,0.29915486518503964,0.30655762355452065,True,0.18188065903167505,0.22338436685824614,0.022148186894644324,0.06666666666666671,0.024052808432163397,0.06666666666666667,7.477883868672336e-06,1.6979334768778889,3.8691755597166884,0,2.990291339400775,2.1211897499511525e-06,1.9013921907869111,4.702786904155005,0,,0,1
S2_N60,3500895,2.8977720134361276,1.8071030512296251,4.646709348501159,1.0056625357050706e-05,-1.1666666666666665,0.4054913065450665,0.005637206812787574,60,0.006240373149748685,0.015092360941014947,True,0.6734572313796341,0.7841201882412827,True,0.5388096794694264,0.587319729683706,0.006794591758277897,-0.016666666666666607,0.006438935487666038,-0.016666666666666666,1.0056625357050706e-05,1.8071030512296251,4.646709348501159,0,3.3717089642009053,1.080193494485686e-06,2.0686818278891406,5.495490503183349,0,,0,1
S2_N60,3500896,1.8950455542568876,1.3137805374037694,2.733483675900351,0.0006260180250006818,-1.5014049679667307,0.43833656904102575,0.0011451571604079106,60,0.0003889807560851324,0.0007552288968724091,True,0.006405329024994918,0.012226478934648401,True,0.8658401573565093,0.829228874993837,0.07621907461286752,-0.11666666666666659,0.042171775592140824,-0.11666666666666667,0.0006260180250006818,1.3137805374037694,2.733483675900351,0,1.9521903911515255,0.0005040951846922216,1.3391539972526931,2.8458618882688635,0,,0,1
S2_N60,3500897,2.5276338120703343,1.689956525072143,3.7805307965827533,6.347270318379219e-06,-1.0885205222534815,0.36753267455698735,0.0044548332120290446,60,0.00010105988548976904,4.9509772641109604e-05,True,0.20703238329183804,0.25083798813289115,True,0.7358073755518084,0.7488268317837043,0.03967708341209927,-0.06666666666666665,0.020312249929417412,-0.06666666666666667,6.347270318379219e-06,1.689956525072143,3.7805307965827533,0,2.8167007442877074,4.529677561129952e-06,1.8092906847845796,4.385035057987684,0,,0,1
S2_N60,3500898,3.0295448622065067,1.933261668968667,4.747490843812201,1.3233175674565643e-06,-2.2508554059921826,0.4743142995989664,1.4386170009550836e-05,60,0.11343929887245617,0.1254123090140713,True,0.014301668677448504,0.02481891494958494,True,0.9223351941999268,1.0,0.022411545121778453,0.050000000000000044,0.030604986088393103,0.05,1.3233175674565643e-06,1.933261668968667,4.747490843812201,0,3.2424246322560792,4.40860300068262e-07,2.0540521028771237,5.1183304849642814,0,,0,1
S2_N60,3500899,3.3105353270216575,2.0501127533734227,5.3458738469015925,9.774987768977092e-07,-0.5886184340931621,0.453929000847635,0.1999527754086868,60,0.041691274228059336,0.037438985060270165,True,0.028900773979783217,0.05677060337617244,True,0.11406958067214298,0.21505629373632362,0.037672506846474094,0.06666666666666671,0.020312249929417412,0.06666666666666667,9.774987768977092e-07,2.0501127533734227,5.3458738469015925,0,3.3640408022911648,2.2006722110119093e-06,2.0357943068062663,5.558896830413786,0,,0,1
S2_N60,3500900,1.7533555358184498,1.2338760733424212,2.4915432768360737,0.0017347243396630325,-1.0193311582381732,0.45130083462295306,0.027748638592201363,60,0.0005459679194286443,8.737226485800408e-06,True,0.25151947946653996,0.1442500690822571,True,0.6818855374128178,0.7328341142732535,0.01983347926016832,0.033333333333333326,0.018107644086190658,0.03333333333333333,0.0017347243396630325,1.2338760733424212,2.4915432768360737,0,2.0920937601133565,0.00017491442397150745,1.4228179677374846,3.0761885218986698,0,,0,1
S2_N60,3500901,2.9115450365972233,1.719321002435066,4.930489703858592,6.99688648507881e-05,-1.9534895463510842,0.4674124650468941,0.0001016188824710109,60,0.044771690888316826,0.05136960800732294,True,0.60694455631999,0.6458016374875415,True,0.44812597204459403,0.4664349324706337,0.13824295376386941,0.14999999999999997,0.16106987769385867,0.15,6.99688648507881e-05,1.719321002435066,4.930489703858592,0,3.2057288742298455,8.306121173451738e-06,1.9206691499704809,5.350581913198792,0,,0,1
S2_N60,3500902,2.7067881596952645,1.7274896302847622,4.241242328186208,1.387848827351636e-05,-0.7083254613010895,0.4636563391113713,0.13211888948796932,60,0.0462525815564996,0.024380304744501254,True,0.39863038133670003,0.45413461088946194,True,0.42952873681210535,0.4440486293083159,0.01287715121942054,0.016666666666666607,0.015617236041822826,0.016666666666666666,1.387848827351636e-05,1.7274896302847622,4.241242328186208,0,2.947002658247458,1.1021951425758434e-05,1.820164312393344,4.771450911647565,0,,0,1
S2_N60,3500903,2.5074661054278975,1.7131816606268044,3.6700055892317764,2.2455570444890516e-06,-1.0333333333333314,0.4657158788794709,0.030497193637353027,60,0.045358332951599946,0.0707321712020585,True,0.8109258565533269,0.7613132758712905,True,0.9359222565912759,0.8409862361509514,0.0893223034387866,-0.11666666666666659,0.07869423055131809,-0.11666666666666667,2.2455570444890516e-06,1.7131816606268044,3.6700055892317764,0,2.7103014679826067,3.3822412044288858e-06,1.779711383543589,4.127486127960006,0,,0,1
S2_N60,3500904,2.841831332560303,1.925468288242738,4.19430710546366,1.4512229134490606e-07,-1.2895802452112566,0.39992594911688956,0.0020901147957212325,60,0.0002172126600755466,0.00016288524341328143,True,0.1033350361166338,0.08539407131396755,True,0.28281249847975454,0.29829542633062767,0.014378377613128901,-0.01666666666666672,0.01355359591439782,-0.016666666666666666,1.4512229134490606e-07,1.925468288242738,4.19430710546366,0,3.3152950956986884,6.868961711980704e-08,2.144890148734595,5.124356404941373,0,,0,1
S2_N60,3500905,2.062725428673688,1.344731079641599,3.1640796130264643,0.0009103269517754933,-1.104295969077857,0.38856886378561245,0.0062106125579155114,60,0.047484945553876175,0.021542837481247842,True,0.0042458150149975475,0.0017258861863695876,True,0.41978756081826296,0.6879681568092091,0.0110502962046045,-0.01666666666666672,0.009738868887544626,-0.016666666666666666,0.0009103269517754933,1.344731079641599,3.1640796130264643,0,2.274791527545001,0.00023702295813557498,1.467649198606776,3.5258265385916374,0,,0,1
S2_N60,3500906,2.19941378753866,1.453876755739873,3.3272565846569337,0.0001900798849620024,-0.9445710141217618,0.4239004389618677,0.029822428074706447,60,0.0008249015564913399,0.0006764920376840423,True,0.1159995749341987,0.19203984580610556,True,0.5776912750369274,0.5668178738166609,0.04517914184820061,0.08333333333333337,0.02747181859148356,0.08333333333333333,0.0001900798849620024,1.453876755739873,3.3272565846569337,0,2.544104327181676,5.361046095727321e-05,1.617185651080758,4.002302903973336,0,,0,1
S2_N60,3500907,3.828533309834324,2.5380005445984786,5.77528138664362,1.5502417471736586e-10,-1.2957601196109914,0.4234797152477574,0.003373233168533609,60,0.0014817785228887744,4.6838526979469144e-05,True,0.3749434697452886,0.5386571967512221,True,0.9091603261623356,0.917125823027122,0.12562203016647952,-0.1333333333333333,0.11629985943292294,-0.13333333333333333,1.5502417471736586e-10,2.5380005445984786,5.77528138664362,0,4.170540002221926,1.6401732864070954e-12,2.8058752945326737,6.198922647782955,0,,0,1
S2_N60,3500908,3.3299120839422285,2.1648958765311286,5.121869650632613,4.355649450075731e-08,-1.0094618355106397,0.43857309565971486,0.02502786168347901,60,0.021248244387927908,0.02521155589211887,True,0.03712415891517663,0.040268952709677494,True,0.8113920954237681,0.7949296954566153,0.11741527806446243,0.13333333333333336,0.10897483949787219,0.13333333333333333,4.355649450075731e-08,2.1648958765311286,5.121869650632613,0,3.380547888241299,1.1374039448314148e-07,2.1551934146933918,5.302588596819058,0,,0,1
S2_N60,3500909,4.499274481129567,2.774932135261692,7.295122860593728,1.0668350700226397e-09,-1.5972849943098681,0.43010904518257886,0.000466458937034347,60,0.11864174667369069,0.12337728051458285,True,0.0008330724766199745,0.0005586931170646306,True,0.5827883940436953,0.671537255820544,0.008062779555410123,0.033333333333333326,0.008888955299185571,0.03333333333333333,1.0668350700226397e-09,2.774932135261692,7.295122860593728,0,4.4635861898310925,1.045015404538796e-09,2.760693683331187,7.216882406892048,0,,0,1
S2_N60,3500910,2.7235632909475678,1.774811238802717,4.179485027828182,4.526895108408988e-06,-1.6466490206458437,0.42483289990562545,0.00027692908804543805,60,0.0036110823916895483,0.003886649608118942,True,0.03135680039624994,0.015085299991336842,True,0.01492930701106819,0.007212599372433275,0.08283118199601464,0.11666666666666659,0.06460371565539562,0.11666666666666667,4.526895108408988e-06,1.774811238802717,4.179485027828182,0,2.680537266670635,5.957184176475734e-06,1.7492836858541827,4.107555621832417,0,,0,1
S2_N60,3500911,2.85736442983004,1.7452910882829915,4.678034248653715,2.9910038178765396e-05,-1.6111848225587535,0.4871548696544693,0.0016346448721883992,60,0.016786530921405814,0.028399629752993746,True,0.20523665695086746,0.2567788056983754,True,0.9050089070554858,0.9407634965210526,0.004408195669466941,0.0,0.018986190470317743,0.0,2.9910038178765396e-05,1.7452910882829915,4.678034248653715,0,3.207873878358184,2.1413655659743203e-05,1.8738939956382703,5.491481825228716,0,,0,1
S2_N60,3500912,2.5373577412427166,1.6523735991976747,3.8963248445572245,2.091492452562818e-05,-1.4781834845568675,0.411497261961674,0.0006840125863022784,60,0.008591119571144683,0.0016919001646357864,True,0.0003959120072194328,0.00022462123812067107,True,0.7948848356286266,0.6563464585850859,0.005556127062635935,0.0,0.00582739683775218,0.0,2.091492452562818e-05,1.6523735991976747,3.8963248445572245,0,2.636990683083685,5.773379950736936e-06,1.734171989967565,4.009821345805625,0,,0,1
S2_N60,3500913,3.304246288208185,1.985845178790463,5.497932895145189,4.20852938951696e-06,-1.8098621994055692,0.4489656053035733,0.00016654858958849614,60,0.0014508127649762814,0.00041054604488016786,True,0.29988917803213,0.36919475519518374,True,0.1901336732102663,0.08914215447286582,0.00820427673474845,-0.016666666666666663,0.008017003245231026,-0.016666666666666666,4.20852938951696e-06,1.985845178790463,5.497932895145189,0,3.540110609325388,9.827528285308592e-07,2.133990859143942,5.872744521167058,0,,0,1
S2_N60,3500914,2.592085669651582,1.7530812040302797,3.8326280056888002,1.8120168367352928e-06,-1.937236805608091,0.485244058683718,0.00018934760246165622,60,0.007950578690190117,0.0034410111998228175,True,0.047328266911356165,0.07648662339521377,True,0.7928687730819354,0.6241721170479456,0.11169656839375208,0.1333333333333333,0.10128713130707304,0.13333333333333333,1.8120168367352928e-06,1.7530812040302797,3.8326280056888002,0,2.8266468256146724,0.00018030190656951098,1.680337202584662,4.754957674249876,1,0.0,0,1
S2_N60,3500915,2.9113956251646007,1.8588632684143795,4.559896701524391,3.038100294580434e-06,-1.3699143148181445,0.40977616004127826,0.0014685085799560082,60,0.0029534874132661564,0.0035881327854683184,True,0.22165487360486813,0.15260280398090287,True,0.9086914444943519,0.8936884497292995,0.04994577480918273,0.08333333333333331,0.02747181859148356,0.08333333333333333,3.038100294580434e-06,1.8588632684143795,4.559896701524391,0,3.463815455541698,5.9578240412262876e-08,2.210267495791019,5.428310162863633,0,,0,1
S2_N60,3500916,3.5781471631382966,2.3054874527162372,5.553331945480976,1.3117571420929538e-08,-1.517729773792542,0.45324455501273847,0.0014443666343105506,60,0.04378737005887429,0.28259803939035766,True,0.13268346440272252,0.13849757691827988,True,0.8944888408170228,0.43120188168227847,0.03339881706184155,0.06666666666666665,0.027910482327302838,0.06666666666666667,1.3117571420929538e-08,2.3054874527162372,5.553331945480976,0,4.003544442109092,2.31723690842634e-08,2.4608347690102326,6.513386555566809,0,,0,1
S2_N60,3500917,3.3756087547118176,2.310535421479034,4.931642405894388,3.178536724032361e-10,-1.8936558228092872,0.4229924458056683,3.683803209654461e-05,60,8.12044686555867e-05,4.873816676121789e-06,True,0.016160160096653067,0.026081109718739167,True,0.870389304958131,0.8177351547147753,0.030393839671372498,0.050000000000000044,0.024072630704938636,0.05,3.178536724032361e-10,2.310535421479034,4.931642405894388,0,3.389401303295134,4.840501187686488e-09,2.252113254321006,5.101005099427073,0,,0,1
S2_N60,3500918,2.4363719646471784,1.7333787756372907,3.42447273126231,2.946498288302611e-07,-1.2863040561461423,0.39770616160333644,0.0020307844837629424,60,0.18346003943314693,0.1548149016902242,True,0.0726054550321191,0.07280002803072814,True,0.1418110788166143,0.2053671263334479,0.023068298913767264,-0.04999999999999993,0.024072630704938636,-0.05,2.946498288302611e-07,1.7333787756372907,3.42447273126231,0,2.6911345109955214,3.8024299192711763e-06,1.7685480359640473,4.095000423510312,0,,0,1
S2_N60,3500919,3.9677274733777717,2.6270254386552168,5.992656588455262,5.718862099989349e-11,-0.978815755069053,0.4333303454617166,0.027737397768026476,60,0.10018862272614416,0.048514360759324644,True,0.005819816954009856,0.0039236098647867845,True,0.744751156881191,0.6240457591969948,0.00872123324478384,-0.01666666666666672,0.006438935487666038,-0.016666666666666666,5.718862099989349e-11,2.6270254386552168,5.992656588455262,0,4.370819222223894,1.3211020254652164e-10,2.7870768387738525,6.854515242488449,0,,0,1
S2_N60,3500920,2.36863621974122,1.6416382882145983,3.417584483590314,4.027299027313161e-06,-1.075037787289345,0.46001513602122673,0.022978218489366344,60,0.0018073402167479,0.001780753001397952,True,0.19822814197503635,0.23844919285065835,True,0.7236908431017797,0.9822136660893706,0.08282254790971941,0.1166666666666667,0.09815082970930407,0.11666666666666667,4.027299027313161e-06,1.6416382882145983,3.417584483590314,0,2.2773922299913996,2.21051326775873e-05,1.5570667448168265,3.3309525018693673,0,,0,1
S2_N60,3500921,3.468093561348493,,,,-1.35388401455168,0.4669235324721468,0.005298130469386663,60,0.0016479727828384084,0.0015608936917135387,True,0.011756114338814511,0.018755143793903962,True,0.06186436678317877,0.20693614026432117,0.02874999114827111,-0.06666666666666665,0.024052808432163397,-0.06666666666666667,0.001550537617448359,1.638726375771034,7.3396468916952395,1,4.420477702436266,0.0008810717678101727,1.8918309320496283,10.328947892064386,1,0.0,0,1
S2_N60,3500922,2.6711953811994067,1.852498625163263,3.8517085344191293,1.4276721866203168e-07,-1.3531401955264368,0.4775397738597394,0.006354997266911396,60,0.013267466981638085,0.011277279539853259,True,0.3620750007743784,0.3941676547620384,True,0.5874949350572375,0.5981395059749451,0.021440742000694537,-0.04999999999999993,0.024072630704938636,-0.05,1.4276721866203168e-07,1.852498625163263,3.8517085344191293,0,3.4002312613759673,4.81605536821548e-10,2.312920165759899,4.998690746872321,0,,0,1
S2_N60,3500923,2.0157745501505873,1.3639457455159547,2.9791119261109,0.000435927845825012,-1.1790692458648753,0.4751300962822672,0.016052834780969076,60,0.020048140195865868,0.04376650415537669,True,0.7033843283842312,0.9114537832700589,True,0.7668337529759779,0.6937652333021512,0.10625676400149942,-0.1499999999999999,0.11078793845304435,-0.15,0.000435927845825012,1.3639457455159547,2.9791119261109,0,2.061084920202821,0.0005202704441212334,1.369902671557481,3.1010020905045166,0,,0,1
S2_N60,3500924,4.283140035816869,2.6598609446042762,6.897085580218809,2.1693794780733727e-09,-2.0333333333333337,0.3950182536105373,3.4012675535838766e-06,60,0.00010076057247981547,2.271152665635829e-05,True,0.13804851584863198,0.16123542750903586,True,0.5292288027188976,0.48510532634783987,0.04673152689901699,0.08333333333333337,0.056442885783694885,0.08333333333333333,2.1693794780733727e-09,2.6598609446042762,6.897085580218809,0,4.471082459969502,7.222531026445299e-09,2.6920156519430822,7.425877464500565,0,,0,1
S2_N60,3500925,2.5912988215508674,1.6806571280471405,3.9953595950729652,1.6312110547025455e-05,-1.3433080070134413,0.42463207734813657,0.0025001164191966766,60,0.0008761615898713789,0.003531014030043411,True,0.31971421415395973,0.32078361799529287,True,0.08374461740310028,0.18811389906035825,0.03373817751058894,0.06666666666666671,0.03584092457190081,0.06666666666666667,1.6312110547025455e-05,1.6806571280471405,3.9953595950729652,0,3.250245804288059,7.377761513335036e-07,2.0383029032225064,5.18279092454343,0,,0,1
S2_N60,3500926,3.765024139348765,2.510924496553836,5.6454930402464125,1.4152462725733636e-10,-1.8094809370693632,0.4283627490952001,8.738074994477435e-05,60,0.03685460913999403,0.08539407131396755,True,0.00016028230734328863,0.00011036966335161292,True,0.8945764101692741,0.9348642884737833,0.014874606204995958,0.050000000000000044,0.012218683801636616,0.05,1.4152462725733636e-10,2.510924496553836,5.6454930402464125,0,4.175172302139535,6.551075955438219e-11,2.718925496356544,6.411379707135308,0,,0,1
S2_N60,3500927,2.4046442635112806,1.6418163636109122,3.521900598749324,6.590467626903961e-06,-0.8666666666666679,0.44765687220994216,0.0578315095383082,60,0.004240689914804392,0.0011446374119370635,True,0.15432645725663977,0.17260943181856248,True,0.4925403654354197,0.6188745141997638,0.10951844248419505,-0.1333333333333333,0.10897483949787219,-0.13333333333333333,6.590467626903961e-06,1.6418163636109122,3.521900598749324,0,3.108353028590078,1.2854944756157714e-08,2.1028790929429433,4.594585862196911,0,,0,1
S2_N60,3500928,3.3626483667976834,2.0467946170079427,5.5244448782343305,1.6864846109930993e-06,-1.3,0.44877247993556246,0.005339326270969313,60,0.0008696297017874717,0.0006042458209143302,True,0.07844907703254435,0.10164420180409632,True,0.35925031573689714,0.5977389139765703,0.01072827890237115,0.050000000000000044,0.009676838605003346,0.05,1.6864846109930993e-06,2.0467946170079427,5.5244448782343305,0,4.138508361665856,1.0335491853970647e-08,2.544901741249292,6.7300246535924995,0,,0,1
S2_N60,3500929,2.231797396668625,1.488264843025178,3.346796534985128,0.00010307519177383853,-1.0666666666666655,0.4263965355207134,0.01525968121573648,60,0.000603615164870658,2.6151854948708174e-05,True,0.7111015826220075,0.8526983218355765,True,0.23508928557107422,0.1065653817156687,0.024990737643917307,0.050000000000000044,0.020919425857346574,0.05,0.00010307519177383853,1.488264843025178,3.346796534985128,0,2.239370878598411,0.00016672995282963402,1.4717909248016756,3.4072651539078915,0,,0,1
S2_N60,3500930,2.7507176115688123,1.7941072517837402,4.217388548578746,3.4727133623941856e-06,-1.5988544338229582,0.43477705486082346,0.0005232867556836168,60,0.016039114049003846,0.014103756559371811,True,0.011623157025913558,0.013052632557411108,True,0.31960135499933895,0.5041063636520797,0.037383089884528035,-0.06666666666666665,0.055861640058665306,-0.06666666666666667,3.4727133623941856e-06,1.7941072517837402,4.217388548578746,0,3.256435718099836,4.584682441056929e-07,2.058078677970754,5.152559860623115,0,,0,1
S2_N60,3500931,3.534176692610707,2.288521156666727,5.457849868770826,1.2418312697889746e-08,-1.7053126670229835,0.4205078639322022,0.00015373309229825365,60,5.5493924655338786e-05,1.075028021027269e-05,True,0.22268567241699622,0.23249068777370718,True,0.6901205456559707,0.8063736144720031,0.05514043128563255,0.09999999999999998,0.03702976749185188,0.1,1.2418312697889746e-08,2.288521156666727,5.457849868770826,0,4.392610214443209,6.70028474429984e-11,2.816623114170026,6.850410478761011,0,,0,1
S2_N60,3500932,3.875976875747466,2.4069224383537593,6.241662174874388,2.500709972993846e-08,-1.6680546075085312,0.42536733359355466,0.00023884567204059806,60,0.0006597943167037973,0.00014979879903258844,True,0.01353488147043858,0.0038400962331504515,True,0.18141104659239005,0.48979196324694396,0.009224645380024817,0.0,0.0035906023090339777,0.0,2.500709972993846e-08,2.4069224383537593,6.241662174874388,0,4.512410671048689,1.1467123223666223e-09,2.777873761505184,7.330012740809741,0,,0,1
S2_N60,3500933,3.623700338494386,2.382978977630538,5.510415436505885,1.7391290493550203e-09,-1.290568878374016,0.4438597391582295,0.005181461916143302,60,0.0011236631261198906,0.0034322997552645516,True,0.010120182642486248,0.007015090369697247,True,0.8785892562187612,0.7951430005176331,0.07970382175962841,-0.1166666666666667,0.09815082970930404,-0.11666666666666667,1.7391290493550203e-09,2.382978977630538,5.510415436505885,0,4.187730703725697,1.9501936335316542e-10,2.6943887115673824,6.50874477451519,0,,0,1
S2_N60,3500934,2.505647477282704,1.6608358442767772,3.780186525988122,1.1981187416948605e-05,-1.913520429924081,0.41964621771041166,2.7610670576839392e-05,60,4.292826544338928e-06,2.5667810850258312e-05,True,0.09186675764563827,0.11292175411698448,True,0.19952194741810758,0.5726153418111963,0.1552121025433204,0.15000000000000002,0.14634916351764646,0.15,1.1981187416948605e-05,1.6608358442767772,3.780186525988122,0,2.6200825374021828,4.093744016785116e-06,1.739136690433468,3.94726449080253,0,,0,1
S2_N60,3500935,2.9316727738310253,,,,-1.4867563141963984,0.4164655452051552,0.000733219913535536,60,0.002176060970645154,0.006679453961079279,True,0.05010799425871218,0.02992495795252256,True,0.2351045403064469,0.23413159629385738,0.011868011406498293,-0.033333333333333326,0.008888955299185534,-0.03333333333333333,3.512601523908733e-05,1.812895865543575,4.740870899523553,1,3.604427950265738,7.690808960079165e-06,2.1363560633274914,6.081336848138167,1,0.0,0,1
S2_N60,3500936,2.691163863720938,1.8225030952468582,3.9738549472347695,6.418227445647039e-07,-1.9237455462137545,0.4299639826926157,3.717163479291004e-05,60,0.06553413145258995,0.029908925876956028,True,0.0010435933734370979,0.010077642472110349,True,0.2043724140077796,0.3497489464625064,0.013317576621726274,0.033333333333333326,0.006984090312687173,0.03333333333333333,6.418227445647039e-07,1.8225030952468582,3.9738549472347695,0,2.74797910127429,2.558520624576267e-06,1.8033149133837645,4.187504403693266,0,,0,1
S2_N60,3500937,3.221152961797247,2.0162803695945577,5.1460236184224675,9.89337750245508e-07,-0.9233662004127474,0.40129048719318167,0.025070367711003596,60,0.0008788821657086013,0.0005421972249942612,True,0.17759758414471172,0.23273874447091358,True,0.9670622281554341,0.9881400667647513,0.20045732531556482,0.16666666666666663,0.1983906783526176,0.16666666666666666,9.89337750245508e-07,2.0162803695945577,5.1460236184224675,0,3.1973768473913777,9.921691454772031e-07,2.007237675444408,5.093177967562299,0,,0,1
S2_N60,3500938,4.04386045304698,2.7422327429261735,5.963318542490897,1.7875710811969003e-12,-1.4374131553444476,0.5444574521966838,0.01067368327142693,60,0.02172077423098888,0.011245431291460248,True,0.31590033075245894,0.11957882611214905,True,0.13651203241695073,0.12808543326788885,0.015829363680095656,0.033333333333333326,0.010976711961823486,0.03333333333333333,1.7875710811969003e-12,2.7422327429261735,5.963318542490897,0,4.486951052562585,1.2051325791573528e-13,3.017540338850731,6.671900782529487,0,,0,1
S2_N60,3500939,2.0832584635252354,1.3955831198187076,3.109786700783043,0.0003298755954701157,-1.5666666666666664,0.446328578852244,0.0008826548379103294,60,0.0010927675308272963,6.0066738299778366e-05,True,0.09485209056406232,0.07522237581896261,True,0.9362860238215637,0.7441097910134621,0.03934331202044347,0.08333333333333337,0.03223701057934687,0.08333333333333333,0.0003298755954701157,1.3955831198187076,3.109786700783043,0,2.180388779126707,0.0003012877429345663,1.4287230459361082,3.3275135035193193,0,,0,1
S2_N60,3500940,2.839981696697591,1.9810949912651523,4.071231350913971,1.3433288642982544e-08,-1.6999999999999982,0.4099235309074544,0.00011323321031931831,60,0.00830482019329593,0.007701939345522441,True,0.07789841147769444,0.022426921134461358,True,0.6894591086085661,0.6186580652199926,0.004285999947498,0.0,0.0019122913616043673,0.0,1.3433288642982544e-08,1.9810949912651523,4.071231350913971,0,3.162174576261532,4.698035486038861e-10,2.2012093339923005,4.542661116477792,0,,0,1
S2_N60,3500941,2.6964384286802447,1.7387308343850132,4.181659435651092,9.3863982197611e-06,-1.6308421528720052,0.4979041541057904,0.0017978809322031016,60,0.0013180514986841695,0.001336977180067794,True,0.07974006044575845,0.048611855206967515,True,0.5774485032674688,0.9821577256438692,0.05628560788082175,0.08333333333333337,0.06583376247113393,0.08333333333333333,9.3863982197611e-06,1.7387308343850132,4.181659435651092,0,2.891865173765357,8.625433191588814e-06,1.8113918296619909,4.6168278151047355,0,,0,1
S2_N60,3500942,2.3800233380781775,1.5186874037808846,3.7298729650977367,0.0001550330501368711,-1.7869180377056568,0.43493200898984885,0.0001288328563524498,60,0.01650257676900956,0.005499671722575501,True,0.5934881471777238,0.6889034513673236,True,0.9091603261623356,0.8644047287730836,0.0766510485655699,-0.10000000000000003,0.0722118480201929,-0.1,0.0001550330501368711,1.5186874037808846,3.7298729650977367,0,2.4813675685655423,3.867361416501186e-05,1.6095808897249502,3.8253343150595107,0,,0,1
S2_N60,3500943,2.717345846071657,1.7407619300278692,4.241802580692164,1.0844696604637958e-05,-2.4032692829275404,0.4040924556921294,1.7542300671646093e-07,60,0.02547727882207204,0.0778963661803889,True,0.021817262471521683,0.018420662118913824,True,0.10352822245330817,0.18101336245922983,0.10947328081642746,0.1333333333333333,0.10128713130707304,0.13333333333333333,1.0844696604637958e-05,1.7407619300278692,4.241802580692164,0,3.152925427664672,7.337561586349472e-07,2.001404844013677,4.9669804598247085,0,,0,1
S2_N60,3500944,3.3963019838264765,2.1470098895808065,5.372526331304319,1.737859730224337e-07,-1.2553804290207449,0.4097292787186699,0.0033335466248483312,60,0.0024950122156168755,0.0007124657270776215,True,0.0016707080629155767,0.0012099765311893408,True,0.3860351811527868,0.3773943039643408,0.038443720948654815,0.08333333333333337,0.0070519430302356115,0.08333333333333333,1.737859730224337e-07,2.1470098895808065,5.372526331304319,0,3.733469993235059,2.960471908377117e-10,2.478271617990056,5.624402946474175,0,,0,1
S2_N60,3500945,2.7008602705736373,1.8250076326407967,3.997049694859471,6.766940200453393e-07,-1.090917131958649,0.42815376211325923,0.013556219137669513,60,0.0033846315970469097,0.0014445048465566257,True,0.00670390410948319,0.008933782464066614,True,0.9394782418627352,0.7949943185873367,0.016929009598298288,0.06666666666666665,0.01335827374792207,0.06666666666666667,6.766940200453393e-07,1.8250076326407967,3.997049694859471,0,2.966758199460954,2.2799579618656487e-06,1.8899662008323737,4.657043184260333,0,,0,1
S2_N60,3500946,2.6150720576696775,1.75277984459555,3.9015749113561453,2.486922274587124e-06,-0.7876024340770802,0.4180110233493487,0.06464586217588433,60,0.00015788292925625238,0.0009021909790405137,True,0.07354825371099992,0.12501198575048772,True,0.8190054502792048,0.6668463662287384,0.01601551590543961,0.050000000000000044,0.014962499607782146,0.05,2.486922274587124e-06,1.75277984459555,3.9015749113561453,0,2.846631503172551,2.9137299629359322e-06,1.8362400422004397,4.412991073402307,0,,0,1
S2_N60,3500947,2.762477265914683,1.7778735766444909,4.292364060609151,6.212816907382206e-06,-1.4560559360730627,0.47501862229354513,0.003320831856103462,60,0.0006599914026967538,0.00025423242520410366,True,0.05697411775513821,0.11638245099510663,True,0.04991086259544112,0.031221183216720298,0.09634644898867803,0.1333333333333333,0.10128713130707302,0.13333333333333333,6.212816907382206e-06,1.7778735766444909,4.292364060609151,0,3.0208782019557265,9.592190869816634e-07,1.9412282793307558,4.700995348263408,0,,0,1
S2_N60,3500948,2.284129192476805,1.4041481442486274,3.7155952449138026,0.0008769882362323002,-1.5999999999999999,0.47634664331457804,0.0014001975440914,60,0.0004484388169036904,0.0007076986506488804,True,0.09783666658652912,0.060356691601319755,True,0.7927499452174367,0.5321175899742775,0.039677083412099266,0.06666666666666665,0.016730987998137544,0.06666666666666667,0.0008769882362323002,1.4041481442486274,3.7155952449138026,0,2.280966924753174,0.0008167004695123218,1.4073859235354669,3.696789931469595,0,,0,1
S2_N60,3500949,2.6303403328599027,1.6412631340088915,4.215466809255744,5.846804734950349e-05,-1.4999999999999987,0.5001166276830502,0.004006820108121477,60,0.00022588410713727752,5.1152370249532436e-05,True,0.7239575474477074,0.9291213827500241,True,0.2903731448868131,0.24589360105519553,0.0220741399925757,-0.050000000000000044,0.020919425857346616,-0.05,5.846804734950349e-05,1.6412631340088915,4.215466809255744,0,2.7485236737418495,5.9355564581755245e-05,1.6779060048220742,4.502267924072696,0,,0,1
S2_N60,3500950,3.328848755164961,2.1787912098628928,5.085954994035721,2.6808878270616994e-08,-1.651980958806552,0.43429784281119027,0.00034968284453122477,60,0.10104504733647142,0.1308165246983911,True,0.03603637256450724,0.010957189394908622,True,0.4286560099788279,0.5680077702407897,0.06334751566243906,0.11666666666666664,0.06460371565539558,0.11666666666666667,2.6808878270616994e-08,2.1787912098628928,5.085954994035721,0,3.615419879616204,2.25339840465202e-08,2.304112998095997,5.673012094773773,0,,0,1
S2_N60,3500951,2.844977091766082,1.8340854801388484,4.413041126120823,3.0429425641701972e-06,-1.0823883096126032,0.46453095016388296,0.023366752277925534,60,0.001066876378201698,0.0006729822665747824,True,0.07964316522468962,0.09232113559044892,True,0.8382824419749682,0.8179461285145053,0.007307214000208282,-0.033333333333333326,0.010976711961823461,-0.03333333333333333,3.0429425641701972e-06,1.8340854801388484,4.413041126120823,0,3.1855490193017215,4.035343532704651e-06,1.9464010053695606,5.213582672008241,0,,0,1
S2_N60,3500952,1.9146245793631864,1.255651718779721,2.9194299860985162,0.002547579948657854,-1.0914207500684392,0.4460442585679305,0.017515902162164095,60,0.8118692726063512,0.6999906884297191,True,0.022265549170870962,0.01776153292745294,True,0.4791568700586659,0.6720408286404083,0.007100687603173741,0.01666666666666672,0.005019462966991282,0.016666666666666666,0.002547579948657854,1.255651718779721,2.9194299860985162,0,1.9676588696238282,0.006832795987614422,1.204906471819616,3.2132630355635956,0,,0,1
S2_N60,3500953,2.752793822939293,1.7560899483634982,4.315196860317181,1.0097723576140751e-05,-1.58836652193442,0.41861217573528453,0.0003604490770568752,60,0.0037502308984780396,0.005007876954631306,True,0.09424987611349883,0.1179612906447143,True,0.10519196589920349,0.10878861344755714,0.05469707955632266,0.08333333333333326,0.06117452778732637,0.08333333333333333,1.0097723576140751e-05,1.7560899483634982,4.315196860317181,0,2.857713232988745,2.2042645868778476e-05,1.759449480887108,4.641522823310308,0,,0,1
S2_N60,3500954,4.284162569473138,2.5256467109696565,7.267069001360098,6.799685177386214e-08,-1.6666666666666665,0.42060226524137295,0.00020877308788922575,60,0.05563703422210957,0.030540547077007346,True,0.34093887549594704,0.32415822699653085,True,0.8788286649351875,0.8758764942774597,0.043252410746209745,0.08333333333333337,0.02747181859148359,0.08333333333333333,6.799685177386214e-08,2.5256467109696565,7.267069001360098,0,4.445027992746132,1.3951614131474963e-07,2.5511463993932804,7.744860844127044,0,,0,1
S2_N60,3500955,2.8382722748501408,1.8692451283103546,4.309648522911905,9.809549970675696e-07,-1.6923774714870743,0.42152543127826125,0.0001757589306158448,60,0.0002131680227635221,0.0006748525805776517,True,0.010697349350208838,0.002635773077248834,True,0.1545924391128234,0.31982261980288473,0.04807123221502976,0.08333333333333337,0.037074759908350734,0.08333333333333333,9.809549970675696e-07,1.8692451283103546,4.309648522911905,0,2.9633427932607486,4.640944455563062e-06,1.861680568803173,4.716921182679451,0,,0,1
S2_N60,3500956,3.1756946404511277,2.1218273960287464,4.752995681112125,1.9502138104752693e-08,-1.4704424282106436,0.4118306671586129,0.000731932638418568,60,0.09187729305368823,0.07777607334314052,True,0.5301898655810233,0.7951514068070948,True,0.140644306680025,0.15119398562026404,0.028382977650401233,0.050000000000000044,0.04745079251427193,0.05,1.9502138104752693e-08,2.1218273960287464,4.752995681112125,0,3.6620166879445772,1.5701851197395286e-09,2.402720578038531,5.5813257460558185,0,,0,1
S2_N60,3500957,2.396400060007643,1.568715413672536,3.6607871622554295,5.28336696790229e-05,-1.6475285991797954,0.511394153419624,0.0021080936965157987,60,0.00013493322932044182,4.260105287313814e-05,True,0.6338440858813729,0.7220042425676769,True,0.15118721764657975,0.1862979769179851,0.02389917266672934,-0.04999999999999993,0.03394444614884941,-0.05,5.28336696790229e-05,1.568715413672536,3.6607871622554295,0,2.5341546342551053,4.629458657771461e-05,1.6200670994737982,3.963996128556952,0,,0,1
S2_N60,3500958,2.716710912932188,1.6049563783892073,4.598578680283012,0.00019787720665582941,-1.5771453783366427,0.4012191454937174,0.00023159632885244583,60,0.042643768941923704,0.011071323759625969,True,0.014471086581776694,0.006832648555019269,True,0.434182362162721,0.3525664604115206,0.009179733810173844,0.01666666666666672,0.011589374014260653,0.016666666666666666,0.00019787720665582941,1.6049563783892073,4.598578680283012,0,3.109732793865926,0.00010008642874636727,1.7558626053058866,5.507514095933779,0,,0,1
S2_N60,3500959,1.6963570713582947,1.111552200005511,2.588836865720767,0.014273430413564624,-1.6777431328878978,0.47470998657681623,0.0008191861520551761,60,0.00023349960415956073,0.00017594597374132054,True,0.510082282766728,0.5336044638573575,True,0.26906938214624543,0.3124292878120014,0.026030794128940632,-0.08333333333333326,0.018382435459380706,-0.08333333333333333,0.014273430413564624,1.111552200005511,2.588836865720767,0,1.7485585372270984,0.010961988207959393,1.1368581751787032,2.689391715575399,0,,0,1
S2_N60,3500960,2.807462313136253,1.8568565517042548,4.244724576298728,9.871724564285886e-07,-1.0231383095983415,0.4223118842652941,0.01860584724353915,60,0.0009233250868789515,6.650883744362198e-05,True,0.2801898097103106,0.20222437149750805,True,0.4627656159429767,0.326630589498921,0.013317576621726276,0.033333333333333326,0.020703871074318144,0.03333333333333333,9.871724564285886e-07,1.8568565517042548,4.244724576298728,0,3.0215315150419544,1.0986080345337482e-06,1.9367762366880374,4.713839690641697,0,,0,1
S2_N60,3500961,2.7488957023700085,1.7884371467746665,4.225156917667386,4.014417039269643e-06,-1.2871460168969158,0.3489515995162075,0.0005050684595234032,60,0.03986920853273182,0.026147982733954182,True,0.0039716411812235185,0.0025185350124109548,True,0.8289498624386228,0.9052275284658717,0.5,0.25,0.5,0.25,4.014417039269643e-06,1.7884371467746665,4.225156917667386,0,2.995994521387612,5.014238075832045e-06,1.8702679351422873,4.799303353025568,0,,0,1
S2_N60,3500962,2.341689993325003,1.5631264539112817,3.508041215166895,3.690749867115361e-05,-1.511323434473856,0.38420874701815233,0.00022954882604175582,60,0.00011819986760497466,0.0005421972249942612,True,0.2686105546555444,0.7221381328425274,True,0.13112484433701402,0.2582318192696492,0.009954029954252281,0.01666666666666672,0.006438935487666038,0.016666666666666666,3.690749867115361e-05,1.5631264539112817,3.508041215166895,0,2.4417441566476343,4.45291739007838e-05,1.5906527211274049,3.74821885841751,0,,0,1
S2_N60,3500963,2.278200642169537,1.4640847243934305,3.5450121700654917,0.00026238199914611915,-0.8985705875426817,0.45715604080225114,0.05422744221050821,60,0.3162144132092224,0.339246288694912,True,0.0020816067956284617,0.0034682780095895522,True,0.15488543784620062,0.1478401368816576,0.1301952128531862,0.1333333333333333,0.08476756566836449,0.13333333333333333,0.00026238199914611915,1.4640847243934305,3.5450121700654917,0,2.3697614750475,0.0001060968436042127,1.5319308983425781,3.6658112025125282,0,,0,1
S2_N60,3500964,2.894295154985588,1.946770749374867,4.3029948168591465,1.501445387583205e-07,-1.1142349616471527,0.4090599616353641,0.008549486607096549,60,0.11928512381794927,0.16137585949332145,True,0.0056147604226403835,0.0016772826731911053,True,0.3270442581504246,0.25871353422558296,0.079190826729696,0.09999999999999998,0.07770142707425619,0.1,1.501445387583205e-07,1.946770749374867,4.3029948168591465,0,3.2094771721364106,3.286647007149988e-08,2.122236077717321,4.853721895795976,0,,0,1
S2_N60,3500965,4.3931302881725065,2.7014481315110586,7.144165939644896,2.436387727283266e-09,-0.765661707126078,0.4871535554509549,0.12155394332689799,60,0.26061761310545484,0.33185853970894996,True,0.1629598137626299,0.3505907598762097,True,0.7976374941698073,0.835430113074736,0.005178809167505918,0.016666666666666607,0.005019462966991282,0.016666666666666666,2.436387727283266e-09,2.7014481315110586,7.144165939644896,0,4.66876368676373,2.3009327172709355e-10,2.8994519364301112,7.5177498509187854,0,,0,1
S2_N60,3500966,3.4379171471996837,2.2826566298627036,5.177859059652135,3.4213456258229664e-09,-1.4749034097619398,0.3928079931313969,0.00040920106359002034,60,0.027671045580226525,0.01640032055473854,True,0.22875731725157522,0.20542300896254373,True,0.36059025831766944,0.5524293821508236,0.08182801127342701,0.09999999999999998,0.049040513709165096,0.1,3.4213456258229664e-09,2.2826566298627036,5.177859059652135,0,3.1061297256854683,1.293411346448695e-07,2.0393762347969693,4.730878838424532,0,,0,1
S2_N60,3500967,4.627323544251283,2.915039388993944,7.345397549009495,8.147949751641851e-11,-1.3676504040706394,0.434080751545284,0.002594962286166399,60,0.0007953934959286108,0.002770540321166186,True,0.016482568261264697,0.009261877703800188,True,0.027052173895923827,0.25606700451263786,0.009190205533631977,0.033333333333333326,0.008888955299185571,0.03333333333333333,8.147949751641851e-11,2.915039388993944,7.345397549009495,0,5.307072208467367,2.149011647510895e-12,3.3312401281940613,8.4548139257543,0,,0,1
S2_N60,3500968,2.7770890230029175,1.8551577102672763,4.157179413372991,6.970305565885442e-07,-1.7521677579189543,0.44984506774701194,0.00026030146528490143,60,0.00043804922414504614,4.357403430742581e-05,True,0.15961386902078445,0.3308310486236258,True,0.3371384579057799,0.19315334730994205,0.03774644727571403,0.06666666666666671,0.027910482327302838,0.06666666666666667,6.970305565885442e-07,1.8551577102672763,4.157179413372991,0,2.670287676898576,2.9827784165305985e-06,1.7685264239049523,4.031851704908205,0,,0,1
S2_N60,3500969,2.9384069090991654,2.0472331678861866,4.217514301195475,5.0383784684185065e-09,-1.6108376359717296,0.4099788825676291,0.000232968496147112,60,0.022506200521261625,0.03290349067906779,True,0.054190708711280594,0.04367526967421287,True,0.08668690748495221,0.09433358333220002,0.2903763590642665,-0.19999999999999996,0.3161499626415783,-0.2,5.0383784684185065e-09,2.0472331678861866,4.217514301195475,0,3.643747405749983,1.5814896922045662e-10,2.4519108246532357,5.414917632164469,0,,0,1
S2_N60,3500970,2.4274891716298233,1.642943058014327,3.586675539140115,8.47811597360451e-06,-1.4333333333333322,0.4896304665500781,0.004903967846847866,60,0.006412999298726762,0.003131295256481773,True,0.06863305218742954,0.0416164350668771,True,0.26720276092612516,0.20834038759106832,0.02753000310461192,0.06666666666666665,0.05189871508620118,0.06666666666666667,8.47811597360451e-06,1.642943058014327,3.586675539140115,0,3.068643164505233,1.7094058310486613e-08,2.078260609829669,4.53098655025582,0,,0,1
S2_N60,3500971,2.3552938929017895,1.5288851326176793,3.6284016395937297,0.00010211443590629165,-1.3258134721944055,0.3395618948868141,0.0002524278404730973,60,0.013436643677642732,0.019612736597493408,True,0.13819855093287003,0.09929578248887876,True,0.33114005031351246,0.36089690768718696,0.007754751694176703,0.033333333333333326,0.008888955299185571,0.03333333333333333,0.00010211443590629165,1.5288851326176793,3.6284016395937297,0,2.7228720599201526,1.3564527258681447e-05,1.7340209785044718,4.275630079797616,0,,0,1
S2_N60,3500972,2.292620223374131,1.52830219726935,3.439180744498863,6.0740330136701117e-05,-2.2230071638577162,0.41169964820982224,1.3516192699044385e-06,60,0.018924791924406076,0.017389911552625415,True,0.01844145417249046,0.006759838151878326,True,0.39279821090503,0.5274904904351907,0.010130001203830086,0.033333333333333326,0.010976711961823486,0.03333333333333333,6.0740330136701117e-05,1.52830219726935,3.439180744498863,0,2.813748416753668,1.599579005381781e-06,1.8440316242660353,4.293408013506809,0,,0,1
S2_N60,3500973,3.1905614389803816,2.199404321136421,4.62838151133975,9.803119499467185e-10,-1.1427865053734008,0.4468138719148889,0.013223227490808292,60,0.2057563016020102,0.21633907840682665,True,0.010029318762133893,0.025754477269248965,True,0.7491391985769924,0.8702539478217819,0.0121780967977353,0.04999999999999993,0.012218683801636616,0.05,9.803119499467185e-10,2.199404321136421,4.62838151133975,0,3.417997910558414,1.6728624091758836e-07,2.1569095307806,5.416411560086915,0,,0,1
S2_N60,3500974,2.4307926783979377,1.622199024806573,3.6424341002532437,1.6739185856559313e-05,-1.8094532699937016,0.4342808758431949,0.00010608961857455523,60,0.0021242274164500006,0.002010377099977437,True,0.006475365654113259,0.004039547458483117,True,0.5530395224048976,0.7547387051324513,0.005758915850749679,0.0,0.0026791236098298488,0.0,1.6739185856559313e-05,1.622199024806573,3.6424341002532437,0,2.45554096824651,1.2882203480271008e-05,1.6400135309503046,3.6766046943790247,0,,0,1
S2_N60,3500975,2.440750222543523,1.6670846394568506,3.573460823673105,4.48595902076072e-06,-1.1065371225002014,0.3863853637789491,0.0058485939021788265,60,0.01139192238006889,0.022107152977143236,True,0.6186973684251276,0.5989728056669809,True,0.9908858318738395,0.7103239356582026,0.03555138610083576,-0.08333333333333326,0.041943380194408623,-0.08333333333333333,4.48595902076072e-06,1.6670846394568506,3.573460823673105,0,2.6637828024536905,4.569191635880019e-06,1.752088885811991,4.049873768453007,0,,0,1
S2_N60,3500976,3.030962919055375,2.1704255409237683,4.232688955907999,7.619939382169064e-11,-1.1046698210244816,0.38852905582509195,0.006189308386445516,60,0.00022522383955381707,7.394813332609511e-05,True,0.004908322055253408,0.0037470932189175537,True,0.775186235387706,0.8526881100857887,0.008499486782143028,-0.016666666666666607,0.009738868887544626,-0.016666666666666666,7.619939382169064e-11,2.1704255409237683,4.232688955907999,0,4.66455970082643,4.47464241648857e-12,3.0159091667279245,7.214447120163164,0,,0,1
S2_N60,3500977,3.0988207014733327,1.8847808362177616,5.0948574791059755,8.257350977173142e-06,-0.739976425023152,0.47811759113366825,0.12723238343655224,60,0.00878891251881221,0.025215630800309318,True,0.6649374431212762,0.9408297925269902,True,0.7694770326916319,0.7436733445715689,0.6511671755563427,0.2833333333333333,0.6564253969506793,0.2833333333333333,8.257350977173142e-06,1.8847808362177616,5.0948574791059755,0,3.264625127127474,2.414409828749498e-06,1.9964103372563196,5.338470264243938,0,,0,1
S2_N60,3500978,2.7670189493025346,1.8905379469722101,4.04984934476528,1.6327153573704401e-07,-1.2155755442575924,0.43406326068320294,0.006955426558002748,60,0.0025791339007662298,0.00034359311581701386,True,0.0011510375902654523,0.0001011889898850356,True,0.17900558976209724,0.31974123250485165,0.2563130129817058,-0.1833333333333333,0.2718561591789232,-0.18333333333333332,1.6327153573704401e-07,1.8905379469722101,4.04984934476528,0,3.0309015669811488,2.9277360413111503e-07,1.9838669696046072,4.630534430723278,0,,0,1
S2_N60,3500979,2.7954917036609994,1.8250575751503944,4.281932784829267,2.2975626019239897e-06,-2.1826864415693707,0.4011717884233865,1.161124848775528e-06,60,0.004902594737996428,0.0079749377342462,True,0.010038058538352336,0.0174024384313401,True,0.3179386324577649,0.2852032512019401,0.09762736462285741,-0.1166666666666667,0.07869423055131813,-0.11666666666666667,2.2975626019239897e-06,1.8250575751503944,4.281932784829267,0,2.7583476785196166,3.8576860574014615e-06,1.7933545513635205,4.242597711539912,0,,0,1
S2_N60,3500980,2.677429214651016,1.6730696130564502,4.284715437734081,4.0384828774657116e-05,-2.0895731682315795,0.3780316261256672,8.4245679860656e-07,60,0.04899536734566157,0.018831353373748486,True,0.003950595240272966,0.03880771602374797,True,0.664835216864704,0.8237984440185158,0.019954107730771928,0.04999999999999993,0.01221868380163662,0.05,4.0384828774657116e-05,1.6730696130564502,4.284715437734081,0,2.735027089797242,0.00014171731228522012,1.6288860055262742,4.592324543612216,0,,0,1
S2_N60,3500981,3.7077322518192566,2.435237617333758,5.645148692402357,9.98111611716304e-10,-0.8524054067147915,0.3972524786112166,0.03616467506542047,60,0.0007405748096563045,0.000299598245920675,True,0.8881826043606195,0.8763208764647011,True,0.29830558934796725,0.49942822483120275,0.02753000310461195,0.06666666666666665,0.007468736386298328,0.06666666666666667,9.98111611716304e-10,2.435237617333758,5.645148692402357,0,3.893706488446243,2.995522955820791e-10,2.5507574824589585,5.9437050846374655,0,,0,1
S2_N60,3500982,2.0997565152295268,1.3894425421429748,3.1731988114087537,0.0004297019758380291,-0.9447763510105929,0.4652580995513038,0.04696492905399303,60,0.008199785871957774,0.00580123470534482,True,0.0029363838572850614,0.008017887833309305,True,0.44782692904085786,0.5175382183403802,0.03549270544029277,0.08333333333333326,0.037074759908350734,0.08333333333333333,0.0004297019758380291,1.3894425421429748,3.1731988114087537,0,2.2609638938992265,0.0003365662293078052,1.44749920423844,3.5315789566913525,0,,0,1
S2_N60,3500983,2.103981902992862,1.4011212069602623,3.159426769169594,0.00033590590913376274,-1.6226758673567188,0.43763699845722653,0.00047522713401723134,60,0.003062071524659473,0.004045711978516835,True,0.004400805173069177,0.006193354773732417,True,0.904174042221832,0.9467293309079321,0.005176158025812789,0.0,0.0008115715540151703,0.0,0.00033590590913376274,1.4011212069602623,3.159426769169594,0,2.1710973555879187,0.0004600110046983529,1.4070353751643248,3.350067674659818,0,,0,1
S2_N60,3500984,2.181862018428772,1.4520107602520715,3.2785720311298796,0.00017338235686220513,-2.284587327169394,0.4378175463083141,2.629309836909139e-06,60,0.0001360030277315423,0.00048348902977903,True,0.006058852772330532,0.01454802386734298,True,0.3020750778786937,0.3492626389253889,0.006387607055850352,0.0,0.004642323723723184,0.0,0.00017338235686220513,1.4520107602520715,3.2785720311298796,0,2.160299425774716,0.0001836594102197946,1.4428909695059466,3.2344048910365957,0,,0,1
S2_N60,3500985,3.144138464288446,2.0693552204889816,4.777143423583976,7.986041023059769e-08,-1.5554996308972537,0.4283344257769023,0.0006047614920159784,60,0.00944208008438369,0.004133275128094305,True,0.002946119908239814,0.002226920211103463,True,0.6330962611325076,0.9112063078094254,0.04579333322908971,0.08333333333333326,0.018382435459380706,0.08333333333333333,7.986041023059769e-08,2.0693552204889816,4.777143423583976,0,3.639611678978544,2.8478250039310507e-08,2.3064271284245774,5.7434171713048325,0,,0,1
S2_N60,3500986,2.7239897575451733,1.7648779587104797,4.204324816109422,6.029526161903379e-06,-1.301550802139038,0.5105342327671071,0.013506423216174087,60,0.013524994037441345,0.0023428068487115713,True,0.49310392444974116,0.8011080348016288,True,0.49322484734281,0.617212253718503,0.009878225736426362,0.016666666666666607,0.006438935487666038,0.016666666666666666,6.029526161903379e-06,1.7648779587104797,4.204324816109422,0,2.8169947502122463,5.62579435087172e-06,1.801392093764851,4.405181664885906,0,,0,1
S2_N60,3500987,3.0516685686948453,1.9789789965286038,4.705800854630467,4.443985635233293e-07,-1.354365663791289,0.4136415789349665,0.001804117027443164,60,0.012881235001029343,0.026200267791138442,True,0.1245798718449848,0.08699231620681988,True,0.781797155874808,0.738246876265826,0.012194869322868993,-0.033333333333333326,0.005285535552518436,-0.03333333333333333,4.443985635233293e-07,1.9789789965286038,4.705800854630467,0,3.424444901040686,1.9909271480508837e-07,2.1532853562216263,5.446014317786766,0,,0,1
S2_N60,3500988,4.045470388708461,,,,-1.2666666666666675,0.42671417992167954,0.004371468430432693,60,0.009093688086615308,0.002341816539597957,True,0.29901351814066357,0.467203083857164,True,0.5314342471547415,0.8238154321471666,0.04697607859514469,-0.09999999999999998,0.03702976749185184,-0.1,5.230592161904961e-07,2.462160967466361,6.646937743781197,1,4.864589393091886,2.8106097390821767e-07,2.8174713548066515,8.399102238612123,1,0.0,0,1
S2_N60,3500989,3.971683935762649,2.6657093668643976,5.917476781855608,1.2050663450561114e-11,-1.6666666666666654,0.38757887617738385,6.753063757068357e-05,60,0.0025509600071771427,0.0036884854729813924,True,0.6984857456043937,0.5188291313124546,True,0.1340931310545205,0.2841284886577692,0.0026607523959300606,0.0,0.0026791236098298488,0.0,1.2050663450561114e-11,2.6657093668643976,5.917476781855608,0,4.435684581110775,1.0393390382330294e-11,2.887441156057989,6.8140947779400305,0,,0,1
S2_N60,3500990,2.617385838898519,1.608131083044862,4.260043663042231,0.00010815878528773099,-1.1676704408576262,0.3948861781117941,0.004514217614166092,60,0.01520377388760265,0.015100835970569285,True,0.06409158425635843,0.09396230091261358,True,0.03956594046209247,0.06444246520507652,0.012293004013236958,0.033333333333333326,0.020703871074318144,0.03333333333333333,0.00010815878528773099,1.608131083044862,4.260043663042231,0,2.7534172379021467,0.0001754675427953036,1.6221425686854758,4.6736375903878145,0,,0,1
S2_N60,3500991,1.837845946189921,1.2130239096366808,2.7845104248096737,0.004092198424788581,-2.2698668305675067,0.40505813761977877,6.346468049581471e-07,60,0.0047628130709268055,0.005786864280254873,True,0.003158128890228611,0.006568403156051676,True,0.3382980428729462,0.43974037706535685,0.012877151219420553,0.016666666666666607,0.011589374014260653,0.016666666666666666,0.004092198424788581,1.2130239096366808,2.7845104248096737,0,2.078832804248924,0.00096068704140422,1.3463563256637594,3.2098083884969353,0,,0,1
S2_N60,3500992,3.6612949134466626,2.496928107047006,5.3686289186291125,3.0180604197310674e-11,-2.1590824164417697,0.46045414305276705,1.7559192298527968e-05,60,0.03133387294541319,0.04456185572833337,True,0.006133997599496236,0.017742467299929964,True,0.391878161678189,0.613066891076906,0.007141094687009335,0.033333333333333326,0.013223875138362384,0.03333333333333333,3.0180604197310674e-11,2.496928107047006,5.3686289186291125,0,3.520170580165791,5.105402204399685e-10,2.36713079635151,5.234861095366636,0,,0,1
S2_N60,3500993,2.598115440060858,1.7065060939181382,3.9555697245616956,8.507342143980367e-06,-1.2065690323129956,0.41968402902597435,0.0056718886043195796,60,0.0027588265935688124,0.0009808895528124124,True,0.08093307710365903,0.10492286765789587,True,0.24141435794672828,0.29449136000484355,0.018204586230097512,-0.06666666666666665,0.020312249929417412,-0.06666666666666667,8.507342143980367e-06,1.7065060939181382,3.9555697245616956,0,2.599762446413125,1.4439158288472024e-05,1.6881899854150961,4.003556967030636,0,,0,1
S2_N60,3500994,2.231882923258265,1.5190821228691107,3.2791521328179467,4.315439160957295e-05,-1.4153098827470707,0.44870039258641115,0.002568206528641803,60,0.08799268457005023,0.020639218838962206,True,0.03908513759626643,0.19170441858645282,True,0.12623752798143126,0.135221258576887,0.006005676801480139,0.01666666666666672,0.005019462966991282,0.016666666666666666,4.315439160957295e-05,1.5190821228691107,3.2791521328179467,0,2.408059075266858,0.00012782659447645113,1.5359739768489868,3.7752908560801695,0,,0,1
S2_N60,3500995,3.5156386288750117,2.1383150898700727,5.780118667913047,7.198147300781761e-07,-0.6477461323547793,0.45605586784217944,0.160960999116014,60,4.767255699167403e-06,3.780814145381226e-07,True,0.7845261546230041,0.5573573777939567,True,0.16234277384784646,0.3563167053085975,0.011889055076485171,-0.033333333333333326,0.013223875138362328,-0.03333333333333333,7.198147300781761e-07,2.1383150898700727,5.780118667913047,0,3.3864796316412984,8.125797224288769e-06,1.98173059423149,5.786984532056811,0,,0,1
S2_N60,3500996,1.9741895705411114,1.2234841496438402,3.185512833629965,0.005332551748598921,-1.0472717617382836,0.43357801594262674,0.018946219186778177,60,0.0024505230910559553,0.0014349829159848325,True,0.00913277161313541,0.001863437052781881,True,0.5391924652449132,0.5122312603397956,0.016968968886627564,0.04999999999999993,0.017873321408533864,0.05,0.005332551748598921,1.2234841496438402,3.185512833629965,0,2.0333093639011075,0.005539168990068806,1.2314979986433376,3.3571690525542643,0,,0,1
S2_N60,3500997,6.407071521182097,3.822340475471125,10.739641259321084,1.8183090135777073e-12,-0.9603230918422853,0.3904038903732413,0.01695695125398554,60,0.007441265885715683,0.0203378293952653,True,0.00010063250102387013,4.860502415383338e-05,True,0.7627314820022889,0.4478594470733156,0.032646167471042715,0.06666666666666665,0.05586164005866529,0.06666666666666667,1.8183090135777073e-12,3.822340475471125,10.739641259321084,0,7.281358187487262,3.771684773258645e-09,4.0992357886941155,12.93367344242905,1,0.0,0,1
S2_N60,3500998,3.197876120329699,2.1043721350563445,4.859602306367318,5.189953654984848e-08,-1.7838920301561658,0.3894816707012327,2.5720853108335156e-05,60,0.00033030920032443156,0.00023902504376760233,True,0.03241092308119383,0.020014712716916846,True,0.5264708507240752,0.25087052107122854,0.07100068624579112,-0.09999999999999998,0.06658844131424868,-0.1,5.189953654984848e-08,2.1043721350563445,4.859602306367318,0,4.095307971899308,4.6418311145274504e-10,2.628355241758166,6.381004788942896,0,,0,1
S2_N60,3500999,3.0043896266403207,2.049065695711461,4.405108653936984,1.760022944400753e-08,-1.2973832170788415,0.4416912402293494,0.0047698679841903175,60,0.00013648066973085416,3.080764766776706e-05,True,0.010014107107752168,0.012272506659228195,True,0.337173509024557,0.2742630630226818,0.04031743648187618,0.08333333333333337,0.03223701057934687,0.08333333333333333,1.760022944400753e-08,2.049065695711461,4.405108653936984,0,3.7616679590892694,3.945978841194701e-09,2.4199165469807444,5.847369345068337,0,,0,1
